No,TIME,Pos_TX@StRq1,Pos_TY@StRq1,Pos_TZ@StRq1
1,0.0000000e+00,1.2500000e+01,-4.3000000e+01,1.1500000e+02
2,1.0000000e-04,1.2499943e+01,-4.2999997e+01,1.1500000e+02
3,2.0000000e-04,1.2499730e+01,-4.2999980e+01,1.1499999e+02
4,3.0000000e-04,1.2499324e+01,-4.2999939e+01,1.1499998e+02
5,4.0000000e-04,1.2498697e+01,-4.2999871e+01,1.1499994e+02
6,5.0000000e-04,1.2497804e+01,-4.2999770e+01,1.1499989e+02
7,6.0000000e-04,1.2496591e+01,-4.2999635e+01,1.1499981e+02
8,7.0000000e-04,1.2495024e+01,-4.2999484e+01,1.1499969e+02
9,8.0000000e-04,1.2493080e+01,-4.2999338e+01,1.1499954e+02
10,9.0000000e-04,1.2490743e+01,-4.2999213e+01,1.1499937e+02
11,1.0000000e-03,1.2488001e+01,-4.2999114e+01,1.1499918e+02
12,1.1000000e-03,1.2484849e+01,-4.2999041e+01,1.1499897e+02
13,1.2000000e-03,1.2481283e+01,-4.2998991e+01,1.1499875e+02
14,1.3000000e-03,1.2477304e+01,-4.2998958e+01,1.1499853e+02
15,1.4000000e-03,1.2472915e+01,-4.2998939e+01,1.1499831e+02
16,1.5000000e-03,1.2468118e+01,-4.2998930e+01,1.1499809e+02
17,1.6000000e-03,1.2462916e+01,-4.2998928e+01,1.1499787e+02
18,1.7000000e-03,1.2457310e+01,-4.2998931e+01,1.1499766e+02
19,1.8000000e-03,1.2451306e+01,-4.2998938e+01,1.1499745e+02
20,1.9000000e-03,1.2444904e+01,-4.2998947e+01,1.1499724e+02
21,2.0000000e-03,1.2438106e+01,-4.2998957e+01,1.1499705e+02
22,2.1000000e-03,1.2430915e+01,-4.2998967e+01,1.1499686e+02
23,2.2000000e-03,1.2423333e+01,-4.2998976e+01,1.1499668e+02
24,2.3000000e-03,1.2415360e+01,-4.2998984e+01,1.1499651e+02
25,2.4000000e-03,1.2406999e+01,-4.2998991e+01,1.1499634e+02
26,2.5000000e-03,1.2398250e+01,-4.2998996e+01,1.1499618e+02
27,2.6000000e-03,1.2389114e+01,-4.2998998e+01,1.1499603e+02
28,2.7000000e-03,1.2379592e+01,-4.2998998e+01,1.1499588e+02
29,2.8000000e-03,1.2369686e+01,-4.2998994e+01,1.1499574e+02
30,2.9000000e-03,1.2359397e+01,-4.2998988e+01,1.1499560e+02
31,3.0000000e-03,1.2348726e+01,-4.2998979e+01,1.1499548e+02
32,3.1000000e-03,1.2337675e+01,-4.2998966e+01,1.1499535e+02
33,3.2000000e-03,1.2326245e+01,-4.2998951e+01,1.1499523e+02
34,3.3000000e-03,1.2314438e+01,-4.2998932e+01,1.1499512e+02
35,3.4000000e-03,1.2302255e+01,-4.2998910e+01,1.1499500e+02
36,3.5000000e-03,1.2289699e+01,-4.2998885e+01,1.1499490e+02
37,3.6000000e-03,1.2276770e+01,-4.2998856e+01,1.1499479e+02
38,3.7000000e-03,1.2263473e+01,-4.2998823e+01,1.1499469e+02
39,3.8000000e-03,1.2249808e+01,-4.2998787e+01,1.1499459e+02
40,3.9000000e-03,1.2235779e+01,-4.2998749e+01,1.1499449e+02
41,4.0000000e-03,1.2221389e+01,-4.2998707e+01,1.1499439e+02
42,4.1000000e-03,1.2206640e+01,-4.2998662e+01,1.1499429e+02
43,4.2000000e-03,1.2191536e+01,-4.2998616e+01,1.1499419e+02
44,4.3000000e-03,1.2176079e+01,-4.2998566e+01,1.1499409e+02
45,4.4000000e-03,1.2160273e+01,-4.2998514e+01,1.1499399e+02
46,4.5000000e-03,1.2144122e+01,-4.2998460e+01,1.1499389e+02
47,4.6000000e-03,1.2127627e+01,-4.2998404e+01,1.1499378e+02
48,4.7000000e-03,1.2110794e+01,-4.2998347e+01,1.1499368e+02
49,4.8000000e-03,1.2093627e+01,-4.2998288e+01,1.1499357e+02
50,4.9000000e-03,1.2076128e+01,-4.2998228e+01,1.1499346e+02
51,5.0000000e-03,1.2058302e+01,-4.2998167e+01,1.1499335e+02
52,5.1000000e-03,1.2040153e+01,-4.2998106e+01,1.1499323e+02
53,5.2000000e-03,1.2021686e+01,-4.2998044e+01,1.1499311e+02
54,5.3000000e-03,1.2002904e+01,-4.2997982e+01,1.1499298e+02
55,5.4000000e-03,1.1983813e+01,-4.2997921e+01,1.1499285e+02
56,5.5000000e-03,1.1964416e+01,-4.2997859e+01,1.1499272e+02
57,5.6000000e-03,1.1944719e+01,-4.2997799e+01,1.1499258e+02
58,5.7000000e-03,1.1924726e+01,-4.2997739e+01,1.1499244e+02
59,5.8000000e-03,1.1904442e+01,-4.2997680e+01,1.1499229e+02
60,5.9000000e-03,1.1883871e+01,-4.2997622e+01,1.1499213e+02
61,6.0000000e-03,1.1863019e+01,-4.2997566e+01,1.1499197e+02
62,6.1000000e-03,1.1841889e+01,-4.2997511e+01,1.1499181e+02
63,6.2000000e-03,1.1820488e+01,-4.2997458e+01,1.1499164e+02
64,6.3000000e-03,1.1798820e+01,-4.2997406e+01,1.1499146e+02
65,6.4000000e-03,1.1776890e+01,-4.2997357e+01,1.1499128e+02
66,6.5000000e-03,1.1754703e+01,-4.2997309e+01,1.1499110e+02
67,6.6000000e-03,1.1732265e+01,-4.2997263e+01,1.1499091e+02
68,6.7000000e-03,1.1709582e+01,-4.2997219e+01,1.1499072e+02
69,6.8000000e-03,1.1686658e+01,-4.2997177e+01,1.1499053e+02
70,6.9000000e-03,1.1663501e+01,-4.2997135e+01,1.1499033e+02
71,7.0000000e-03,1.1640116e+01,-4.2997095e+01,1.1499013e+02
72,7.1000000e-03,1.1616511e+01,-4.2997056e+01,1.1498993e+02
73,7.2000000e-03,1.1592691e+01,-4.2997017e+01,1.1498972e+02
74,7.3000000e-03,1.1568665e+01,-4.2996979e+01,1.1498952e+02
75,7.4000000e-03,1.1544441e+01,-4.2996940e+01,1.1498932e+02
76,7.5000000e-03,1.1520026e+01,-4.2996902e+01,1.1498911e+02
77,7.6000000e-03,1.1495429e+01,-4.2996862e+01,1.1498891e+02
78,7.7000000e-03,1.1470659e+01,-4.2996823e+01,1.1498871e+02
79,7.8000000e-03,1.1445725e+01,-4.2996782e+01,1.1498851e+02
80,7.9000000e-03,1.1420638e+01,-4.2996740e+01,1.1498830e+02
81,8.0000000e-03,1.1395407e+01,-4.2996698e+01,1.1498810e+02
82,8.1000000e-03,1.1370043e+01,-4.2996655e+01,1.1498790e+02
83,8.2000000e-03,1.1344557e+01,-4.2996612e+01,1.1498769e+02
84,8.3000000e-03,1.1318959e+01,-4.2996568e+01,1.1498748e+02
85,8.4000000e-03,1.1293260e+01,-4.2996526e+01,1.1498727e+02
86,8.5000000e-03,1.1267473e+01,-4.2996485e+01,1.1498705e+02
87,8.6000000e-03,1.1241607e+01,-4.2996446e+01,1.1498682e+02
88,8.7000000e-03,1.1215674e+01,-4.2996411e+01,1.1498659e+02
89,8.8000000e-03,1.1189686e+01,-4.2996379e+01,1.1498635e+02
90,8.9000000e-03,1.1163653e+01,-4.2996353e+01,1.1498609e+02
91,9.0000000e-03,1.1137587e+01,-4.2996332e+01,1.1498582e+02
92,9.1000000e-03,1.1111499e+01,-4.2996318e+01,1.1498554e+02
93,9.2000000e-03,1.1085401e+01,-4.2996311e+01,1.1498525e+02
94,9.3000000e-03,1.1059303e+01,-4.2996312e+01,1.1498494e+02
95,9.4000000e-03,1.1033218e+01,-4.2996322e+01,1.1498461e+02
96,9.5000000e-03,1.1007157e+01,-4.2996341e+01,1.1498427e+02
97,9.6000000e-03,1.0981132e+01,-4.2996371e+01,1.1498392e+02
98,9.7000000e-03,1.0955157e+01,-4.2996412e+01,1.1498355e+02
99,9.8000000e-03,1.0929245e+01,-4.2996465e+01,1.1498316e+02
100,9.9000000e-03,1.0903407e+01,-4.2996532e+01,1.1498276e+02
101,1.0000000e-02,1.0877659e+01,-4.2996614e+01,1.1498234e+02
102,1.0100000e-02,1.0852014e+01,-4.2996711e+01,1.1498191e+02
103,1.0200000e-02,1.0826490e+01,-4.2996825e+01,1.1498146e+02
104,1.0300000e-02,1.0801102e+01,-4.2996958e+01,1.1498099e+02
105,1.0400000e-02,1.0775868e+01,-4.2997112e+01,1.1498052e+02
106,1.0500000e-02,1.0750803e+01,-4.2997287e+01,1.1498002e+02
107,1.0600000e-02,1.0725924e+01,-4.2997485e+01,1.1497952e+02
108,1.0700000e-02,1.0701249e+01,-4.2997706e+01,1.1497900e+02
109,1.0800000e-02,1.0676793e+01,-4.2997946e+01,1.1497847e+02
110,1.0900000e-02,1.0652578e+01,-4.2998203e+01,1.1497792e+02
111,1.1000000e-02,1.0628622e+01,-4.2998473e+01,1.1497737e+02
112,1.1100000e-02,1.0604948e+01,-4.2998754e+01,1.1497681e+02
113,1.1200000e-02,1.0581577e+01,-4.2999045e+01,1.1497624e+02
114,1.1300000e-02,1.0558530e+01,-4.2999345e+01,1.1497567e+02
115,1.1400000e-02,1.0535829e+01,-4.2999653e+01,1.1497509e+02
116,1.1500000e-02,1.0513494e+01,-4.2999969e+01,1.1497451e+02
117,1.1600000e-02,1.0491545e+01,-4.3000293e+01,1.1497394e+02
118,1.1700000e-02,1.0470001e+01,-4.3000624e+01,1.1497336e+02
119,1.1800000e-02,1.0448881e+01,-4.3000964e+01,1.1497278e+02
120,1.1900000e-02,1.0428205e+01,-4.3001311e+01,1.1497221e+02
121,1.2000000e-02,1.0407991e+01,-4.3001664e+01,1.1497164e+02
122,1.2100000e-02,1.0388258e+01,-4.3002023e+01,1.1497108e+02
123,1.2200000e-02,1.0369026e+01,-4.3002388e+01,1.1497053e+02
124,1.2300000e-02,1.0350314e+01,-4.3002758e+01,1.1496999e+02
125,1.2400000e-02,1.0332142e+01,-4.3003133e+01,1.1496946e+02
126,1.2500000e-02,1.0314530e+01,-4.3003514e+01,1.1496893e+02
127,1.2600000e-02,1.0297498e+01,-4.3003900e+01,1.1496843e+02
128,1.2700000e-02,1.0281068e+01,-4.3004290e+01,1.1496793e+02
129,1.2800000e-02,1.0265260e+01,-4.3004684e+01,1.1496746e+02
130,1.2900000e-02,1.0250096e+01,-4.3005082e+01,1.1496699e+02
131,1.3000000e-02,1.0235597e+01,-4.3005484e+01,1.1496655e+02
132,1.3100000e-02,1.0221785e+01,-4.3005888e+01,1.1496613e+02
133,1.3200000e-02,1.0208682e+01,-4.3006295e+01,1.1496573e+02
134,1.3300000e-02,1.0196310e+01,-4.3006704e+01,1.1496535e+02
135,1.3400000e-02,1.0184692e+01,-4.3007115e+01,1.1496499e+02
136,1.3500000e-02,1.0173851e+01,-4.3007528e+01,1.1496466e+02
137,1.3600000e-02,1.0163809e+01,-4.3007943e+01,1.1496435e+02
138,1.3700000e-02,1.0154591e+01,-4.3008358e+01,1.1496407e+02
139,1.3800000e-02,1.0146219e+01,-4.3008775e+01,1.1496382e+02
140,1.3900000e-02,1.0138716e+01,-4.3009193e+01,1.1496360e+02
141,1.4000000e-02,1.0132105e+01,-4.3009611e+01,1.1496341e+02
142,1.4100000e-02,1.0126410e+01,-4.3010029e+01,1.1496325e+02
143,1.4200000e-02,1.0121654e+01,-4.3010446e+01,1.1496313e+02
144,1.4300000e-02,1.0117860e+01,-4.3010863e+01,1.1496303e+02
145,1.4400000e-02,1.0115050e+01,-4.3011279e+01,1.1496298e+02
146,1.4500000e-02,1.0113249e+01,-4.3011695e+01,1.1496296e+02
147,1.4600000e-02,1.0112479e+01,-4.3012110e+01,1.1496298e+02
148,1.4700000e-02,1.0112763e+01,-4.3012525e+01,1.1496303e+02
149,1.4800000e-02,1.0114124e+01,-4.3012938e+01,1.1496312e+02
150,1.4900000e-02,1.0116585e+01,-4.3013350e+01,1.1496325e+02
151,1.5000000e-02,1.0120168e+01,-4.3013762e+01,1.1496343e+02
152,1.5100000e-02,1.0124894e+01,-4.3014171e+01,1.1496364e+02
153,1.5200000e-02,1.0130787e+01,-4.3014580e+01,1.1496389e+02
154,1.5300000e-02,1.0137866e+01,-4.3014987e+01,1.1496418e+02
155,1.5400000e-02,1.0146152e+01,-4.3015392e+01,1.1496452e+02
156,1.5500000e-02,1.0155667e+01,-4.3015796e+01,1.1496489e+02
157,1.5600000e-02,1.0166431e+01,-4.3016197e+01,1.1496531e+02
158,1.5700000e-02,1.0178462e+01,-4.3016597e+01,1.1496577e+02
159,1.5800000e-02,1.0191780e+01,-4.3016995e+01,1.1496627e+02
160,1.5900000e-02,1.0206403e+01,-4.3017390e+01,1.1496681e+02
161,1.6000000e-02,1.0222350e+01,-4.3017783e+01,1.1496740e+02
162,1.6100000e-02,1.0239638e+01,-4.3018174e+01,1.1496802e+02
163,1.6200000e-02,1.0258285e+01,-4.3018563e+01,1.1496868e+02
164,1.6300000e-02,1.0278308e+01,-4.3018949e+01,1.1496939e+02
165,1.6400000e-02,1.0299721e+01,-4.3019332e+01,1.1497013e+02
166,1.6500000e-02,1.0322542e+01,-4.3019713e+01,1.1497091e+02
167,1.6600000e-02,1.0346783e+01,-4.3020090e+01,1.1497172e+02
168,1.6700000e-02,1.0372460e+01,-4.3020465e+01,1.1497257e+02
169,1.6800000e-02,1.0399586e+01,-4.3020836e+01,1.1497346e+02
170,1.6900000e-02,1.0428173e+01,-4.3021204e+01,1.1497438e+02
171,1.7000000e-02,1.0458234e+01,-4.3021569e+01,1.1497533e+02
172,1.7100000e-02,1.0489779e+01,-4.3021930e+01,1.1497631e+02
173,1.7200000e-02,1.0522820e+01,-4.3022287e+01,1.1497731e+02
174,1.7300000e-02,1.0557365e+01,-4.3022641e+01,1.1497835e+02
175,1.7400000e-02,1.0593424e+01,-4.3022991e+01,1.1497940e+02
176,1.7500000e-02,1.0631004e+01,-4.3023337e+01,1.1498048e+02
177,1.7600000e-02,1.0670113e+01,-4.3023679e+01,1.1498158e+02
178,1.7700000e-02,1.0710757e+01,-4.3024017e+01,1.1498269e+02
179,1.7800000e-02,1.0752943e+01,-4.3024350e+01,1.1498382e+02
180,1.7900000e-02,1.0796675e+01,-4.3024679e+01,1.1498496e+02
181,1.8000000e-02,1.0841958e+01,-4.3025002e+01,1.1498610e+02
182,1.8100000e-02,1.0888795e+01,-4.3025320e+01,1.1498726e+02
183,1.8200000e-02,1.0937190e+01,-4.3025632e+01,1.1498841e+02
184,1.8300000e-02,1.0987144e+01,-4.3025939e+01,1.1498957e+02
185,1.8400000e-02,1.1038659e+01,-4.3026240e+01,1.1499072e+02
186,1.8500000e-02,1.1091736e+01,-4.3026534e+01,1.1499186e+02
187,1.8600000e-02,1.1146374e+01,-4.3026822e+01,1.1499299e+02
188,1.8700000e-02,1.1202575e+01,-4.3027104e+01,1.1499411e+02
189,1.8800000e-02,1.1260335e+01,-4.3027378e+01,1.1499521e+02
190,1.8900000e-02,1.1319655e+01,-4.3027645e+01,1.1499628e+02
191,1.9000000e-02,1.1380531e+01,-4.3027905e+01,1.1499733e+02
192,1.9100000e-02,1.1442960e+01,-4.3028158e+01,1.1499835e+02
193,1.9200000e-02,1.1506940e+01,-4.3028402e+01,1.1499934e+02
194,1.9300000e-02,1.1572465e+01,-4.3028638e+01,1.1500028e+02
195,1.9400000e-02,1.1639531e+01,-4.3028866e+01,1.1500119e+02
196,1.9500000e-02,1.1708133e+01,-4.3029086e+01,1.1500204e+02
197,1.9600000e-02,1.1778265e+01,-4.3029296e+01,1.1500284e+02
198,1.9700000e-02,1.1849921e+01,-4.3029498e+01,1.1500359e+02
199,1.9800000e-02,1.1923096e+01,-4.3029690e+01,1.1500427e+02
200,1.9900000e-02,1.1997781e+01,-4.3029872e+01,1.1500489e+02
201,2.0000000e-02,1.2073969e+01,-4.3030045e+01,1.1500543e+02
202,2.0100000e-02,1.2151653e+01,-4.3030208e+01,1.1500590e+02
203,2.0200000e-02,1.2230824e+01,-4.3030361e+01,1.1500629e+02
204,2.0300000e-02,1.2311474e+01,-4.3030504e+01,1.1500659e+02
205,2.0400000e-02,1.2393593e+01,-4.3030636e+01,1.1500681e+02
206,2.0500000e-02,1.2477173e+01,-4.3030758e+01,1.1500692e+02
207,2.0600000e-02,1.2562205e+01,-4.3030869e+01,1.1500694e+02
208,2.0700000e-02,1.2648677e+01,-4.3030968e+01,1.1500684e+02
209,2.0800000e-02,1.2736581e+01,-4.3031057e+01,1.1500664e+02
210,2.0900000e-02,1.2825907e+01,-4.3031135e+01,1.1500632e+02
211,2.1000000e-02,1.2916643e+01,-4.3031201e+01,1.1500588e+02
212,2.1100000e-02,1.3008779e+01,-4.3031256e+01,1.1500531e+02
213,2.1200000e-02,1.3102305e+01,-4.3031299e+01,1.1500460e+02
214,2.1300000e-02,1.3197210e+01,-4.3031330e+01,1.1500376e+02
215,2.1400000e-02,1.3293482e+01,-4.3031350e+01,1.1500278e+02
216,2.1500000e-02,1.3391111e+01,-4.3031358e+01,1.1500164e+02
217,2.1600000e-02,1.3490085e+01,-4.3031353e+01,1.1500035e+02
218,2.1700000e-02,1.3590392e+01,-4.3031337e+01,1.1499891e+02
219,2.1800000e-02,1.3692022e+01,-4.3031309e+01,1.1499729e+02
220,2.1900000e-02,1.3794962e+01,-4.3031269e+01,1.1499551e+02
221,2.2000000e-02,1.3899201e+01,-4.3031218e+01,1.1499355e+02
222,2.2100000e-02,1.4004727e+01,-4.3031155e+01,1.1499140e+02
223,2.2200000e-02,1.4111529e+01,-4.3031080e+01,1.1498907e+02
224,2.2300000e-02,1.4219594e+01,-4.3030993e+01,1.1498655e+02
225,2.2400000e-02,1.4328911e+01,-4.3030895e+01,1.1498383e+02
226,2.2500000e-02,1.4439468e+01,-4.3030785e+01,1.1498090e+02
227,2.2600000e-02,1.4551253e+01,-4.3030664e+01,1.1497776e+02
228,2.2700000e-02,1.4664255e+01,-4.3030532e+01,1.1497441e+02
229,2.2800000e-02,1.4778460e+01,-4.3030389e+01,1.1497084e+02
230,2.2900000e-02,1.4893858e+01,-4.3030234e+01,1.1496705e+02
231,2.3000000e-02,1.5010436e+01,-4.3030069e+01,1.1496302e+02
232,2.3100000e-02,1.5128182e+01,-4.3029894e+01,1.1495875e+02
233,2.3200000e-02,1.5247085e+01,-4.3029708e+01,1.1495424e+02
234,2.3300000e-02,1.5367132e+01,-4.3029511e+01,1.1494949e+02
235,2.3400000e-02,1.5488312e+01,-4.3029305e+01,1.1494448e+02
236,2.3500000e-02,1.5610613e+01,-4.3029088e+01,1.1493921e+02
237,2.3600000e-02,1.5734022e+01,-4.3028863e+01,1.1493368e+02
238,2.3700000e-02,1.5858528e+01,-4.3028627e+01,1.1492788e+02
239,2.3800000e-02,1.5984120e+01,-4.3028383e+01,1.1492181e+02
240,2.3900000e-02,1.6110785e+01,-4.3028129e+01,1.1491545e+02
241,2.4000000e-02,1.6238512e+01,-4.3027867e+01,1.1490882e+02
242,2.4100000e-02,1.6367288e+01,-4.3027595e+01,1.1490189e+02
243,2.4200000e-02,1.6497102e+01,-4.3027316e+01,1.1489466e+02
244,2.4300000e-02,1.6627943e+01,-4.3027028e+01,1.1488713e+02
245,2.4400000e-02,1.6759798e+01,-4.3026732e+01,1.1487930e+02
246,2.4500000e-02,1.6892656e+01,-4.3026428e+01,1.1487116e+02
247,2.4600000e-02,1.7026505e+01,-4.3026116e+01,1.1486270e+02
248,2.4700000e-02,1.7161333e+01,-4.3025797e+01,1.1485392e+02
249,2.4800000e-02,1.7297129e+01,-4.3025471e+01,1.1484482e+02
250,2.4900000e-02,1.7433881e+01,-4.3025137e+01,1.1483538e+02
251,2.5000000e-02,1.7571578e+01,-4.3024797e+01,1.1482561e+02
252,2.5100000e-02,1.7710208e+01,-4.3024449e+01,1.1481550e+02
253,2.5200000e-02,1.7849760e+01,-4.3024094e+01,1.1480504e+02
254,2.5300000e-02,1.7990221e+01,-4.3023733e+01,1.1479423e+02
255,2.5400000e-02,1.8131581e+01,-4.3023365e+01,1.1478307e+02
256,2.5500000e-02,1.8273828e+01,-4.3022991e+01,1.1477155e+02
257,2.5600000e-02,1.8416950e+01,-4.3022610e+01,1.1475966e+02
258,2.5700000e-02,1.8560935e+01,-4.3022223e+01,1.1474741e+02
259,2.5800000e-02,1.8705773e+01,-4.3021829e+01,1.1473479e+02
260,2.5900000e-02,1.8851450e+01,-4.3021429e+01,1.1472178e+02
261,2.6000000e-02,1.8997954e+01,-4.3021024e+01,1.1470840e+02
262,2.6100000e-02,1.9145274e+01,-4.3020611e+01,1.1469463e+02
263,2.6200000e-02,1.9293398e+01,-4.3020193e+01,1.1468047e+02
264,2.6300000e-02,1.9442315e+01,-4.3019768e+01,1.1466592e+02
265,2.6400000e-02,1.9592013e+01,-4.3019337e+01,1.1465097e+02
266,2.6500000e-02,1.9742481e+01,-4.3018900e+01,1.1463562e+02
267,2.6600000e-02,1.9893707e+01,-4.3018457e+01,1.1461986e+02
268,2.6700000e-02,2.0045679e+01,-4.3018008e+01,1.1460369e+02
269,2.6800000e-02,2.0198385e+01,-4.3017553e+01,1.1458711e+02
270,2.6900000e-02,2.0351815e+01,-4.3017092e+01,1.1457011e+02
271,2.7000000e-02,2.0505955e+01,-4.3016626e+01,1.1455269e+02
272,2.7100000e-02,2.0660794e+01,-4.3016154e+01,1.1453485e+02
273,2.7200000e-02,2.0816319e+01,-4.3015677e+01,1.1451657e+02
274,2.7300000e-02,2.0972518e+01,-4.3015195e+01,1.1449786e+02
275,2.7400000e-02,2.1129379e+01,-4.3014707e+01,1.1447872e+02
276,2.7500000e-02,2.1286890e+01,-4.3014215e+01,1.1445914e+02
277,2.7600000e-02,2.1445038e+01,-4.3013717e+01,1.1443911e+02
278,2.7700000e-02,2.1603810e+01,-4.3013215e+01,1.1441864e+02
279,2.7800000e-02,2.1763195e+01,-4.3012708e+01,1.1439773e+02
280,2.7900000e-02,2.1923177e+01,-4.3012198e+01,1.1437635e+02
281,2.8000000e-02,2.2083746e+01,-4.3011683e+01,1.1435453e+02
282,2.8100000e-02,2.2244887e+01,-4.3011164e+01,1.1433225e+02
283,2.8200000e-02,2.2406587e+01,-4.3010642e+01,1.1430951e+02
284,2.8300000e-02,2.2568833e+01,-4.3010116e+01,1.1428630e+02
285,2.8400000e-02,2.2731612e+01,-4.3009587e+01,1.1426263e+02
286,2.8500000e-02,2.2894908e+01,-4.3009054e+01,1.1423849e+02
287,2.8600000e-02,2.3058709e+01,-4.3008520e+01,1.1421389e+02
288,2.8700000e-02,2.3223001e+01,-4.3007982e+01,1.1418881e+02
289,2.8800000e-02,2.3387767e+01,-4.3007442e+01,1.1416325e+02
290,2.8900000e-02,2.3552995e+01,-4.3006901e+01,1.1413723e+02
291,2.9000000e-02,2.3718669e+01,-4.3006358e+01,1.1411072e+02
292,2.9100000e-02,2.3884775e+01,-4.3005813e+01,1.1408374e+02
293,2.9200000e-02,2.4051298e+01,-4.3005268e+01,1.1405627e+02
294,2.9300000e-02,2.4218221e+01,-4.3004722e+01,1.1402833e+02
295,2.9400000e-02,2.4385530e+01,-4.3004176e+01,1.1399990e+02
296,2.9500000e-02,2.4553208e+01,-4.3003630e+01,1.1397099e+02
297,2.9600000e-02,2.4721239e+01,-4.3003084e+01,1.1394159e+02
298,2.9700000e-02,2.4889606e+01,-4.3002538e+01,1.1391171e+02
299,2.9800000e-02,2.5058293e+01,-4.3001994e+01,1.1388135e+02
300,2.9900000e-02,2.5227281e+01,-4.3001449e+01,1.1385050e+02
301,3.0000000e-02,2.5396554e+01,-4.3000907e+01,1.1381917e+02
302,3.0100000e-02,2.5566093e+01,-4.3000365e+01,1.1378736e+02
303,3.0200000e-02,2.5735880e+01,-4.2999825e+01,1.1375506e+02
304,3.0300000e-02,2.5905898e+01,-4.2999287e+01,1.1372228e+02
305,3.0400000e-02,2.6076127e+01,-4.2998751e+01,1.1368902e+02
306,3.0500000e-02,2.6246547e+01,-4.2998216e+01,1.1365529e+02
307,3.0600000e-02,2.6417140e+01,-4.2997684e+01,1.1362107e+02
308,3.0700000e-02,2.6587884e+01,-4.2997153e+01,1.1358638e+02
309,3.0800000e-02,2.6758759e+01,-4.2996625e+01,1.1355122e+02
310,3.0900000e-02,2.6929744e+01,-4.2996100e+01,1.1351559e+02
311,3.1000000e-02,2.7100815e+01,-4.2995578e+01,1.1347949e+02
312,3.1100000e-02,2.7271951e+01,-4.2995057e+01,1.1344293e+02
313,3.1200000e-02,2.7443127e+01,-4.2994539e+01,1.1340591e+02
314,3.1300000e-02,2.7614319e+01,-4.2994023e+01,1.1336844e+02
315,3.1400000e-02,2.7785499e+01,-4.2993509e+01,1.1333052e+02
316,3.1500000e-02,2.7956642e+01,-4.2992997e+01,1.1329216e+02
317,3.1600000e-02,2.8127719e+01,-4.2992485e+01,1.1325336e+02
318,3.1700000e-02,2.8298699e+01,-4.2991976e+01,1.1321413e+02
319,3.1800000e-02,2.8469551e+01,-4.2991467e+01,1.1317448e+02
320,3.1900000e-02,2.8640241e+01,-4.2990958e+01,1.1313442e+02
321,3.2000000e-02,2.8810733e+01,-4.2990449e+01,1.1309396e+02
322,3.2100000e-02,2.8980990e+01,-4.2989937e+01,1.1305310e+02
323,3.2200000e-02,2.9150977e+01,-4.2989424e+01,1.1301187e+02
324,3.2300000e-02,2.9320656e+01,-4.2988907e+01,1.1297028e+02
325,3.2400000e-02,2.9489993e+01,-4.2988385e+01,1.1292833e+02
326,3.2500000e-02,2.9658951e+01,-4.2987858e+01,1.1288603e+02
327,3.2600000e-02,2.9827497e+01,-4.2987324e+01,1.1284340e+02
328,3.2700000e-02,2.9995595e+01,-4.2986780e+01,1.1280046e+02
329,3.2800000e-02,3.0163210e+01,-4.2986227e+01,1.1275720e+02
330,3.2900000e-02,3.0330304e+01,-4.2985662e+01,1.1271364e+02
331,3.3000000e-02,3.0496840e+01,-4.2985084e+01,1.1266980e+02
332,3.3100000e-02,3.0662778e+01,-4.2984494e+01,1.1262568e+02
333,3.3200000e-02,3.0828073e+01,-4.2983890e+01,1.1258130e+02
334,3.3300000e-02,3.0992680e+01,-4.2983273e+01,1.1253667e+02
335,3.3400000e-02,3.1156550e+01,-4.2982642e+01,1.1249180e+02
336,3.3500000e-02,3.1319631e+01,-4.2981999e+01,1.1244670e+02
337,3.3600000e-02,3.1481867e+01,-4.2981345e+01,1.1240138e+02
338,3.3700000e-02,3.1643195e+01,-4.2980682e+01,1.1235586e+02
339,3.3800000e-02,3.1803543e+01,-4.2980014e+01,1.1231014e+02
340,3.3900000e-02,3.1962823e+01,-4.2979347e+01,1.1226422e+02
341,3.4000000e-02,3.2120931e+01,-4.2978684e+01,1.1221814e+02
342,3.4100000e-02,3.2277750e+01,-4.2978032e+01,1.1217193e+02
343,3.4200000e-02,3.2433153e+01,-4.2977391e+01,1.1212567e+02
344,3.4300000e-02,3.2587015e+01,-4.2976758e+01,1.1207940e+02
345,3.4400000e-02,3.2739216e+01,-4.2976127e+01,1.1203321e+02
346,3.4500000e-02,3.2889637e+01,-4.2975493e+01,1.1198714e+02
347,3.4600000e-02,3.3038160e+01,-4.2974849e+01,1.1194126e+02
348,3.4700000e-02,3.3184673e+01,-4.2974189e+01,1.1189564e+02
349,3.4800000e-02,3.3329059e+01,-4.2973506e+01,1.1185032e+02
350,3.4900000e-02,3.3471199e+01,-4.2972795e+01,1.1180536e+02
351,3.5000000e-02,3.3610969e+01,-4.2972051e+01,1.1176082e+02
352,3.5100000e-02,3.3748243e+01,-4.2971272e+01,1.1171675e+02
353,3.5200000e-02,3.3882894e+01,-4.2970483e+01,1.1167323e+02
354,3.5300000e-02,3.4014796e+01,-4.2969716e+01,1.1163032e+02
355,3.5400000e-02,3.4143811e+01,-4.2969000e+01,1.1158811e+02
356,3.5500000e-02,3.4269793e+01,-4.2968352e+01,1.1154664e+02
357,3.5600000e-02,3.4392586e+01,-4.2967785e+01,1.1150597e+02
358,3.5700000e-02,3.4512024e+01,-4.2967308e+01,1.1146617e+02
359,3.5800000e-02,3.4627933e+01,-4.2966927e+01,1.1142731e+02
360,3.5900000e-02,3.4740130e+01,-4.2966642e+01,1.1138946e+02
361,3.6000000e-02,3.4848426e+01,-4.2966455e+01,1.1135268e+02
362,3.6100000e-02,3.4952626e+01,-4.2966368e+01,1.1131706e+02
363,3.6200000e-02,3.5052526e+01,-4.2966379e+01,1.1128268e+02
364,3.6300000e-02,3.5147919e+01,-4.2966486e+01,1.1124962e+02
365,3.6400000e-02,3.5238596e+01,-4.2966686e+01,1.1121797e+02
366,3.6500000e-02,3.5324341e+01,-4.2966975e+01,1.1118783e+02
367,3.6600000e-02,3.5404938e+01,-4.2967350e+01,1.1115928e+02
368,3.6700000e-02,3.5480172e+01,-4.2967806e+01,1.1113241e+02
369,3.6800000e-02,3.5549822e+01,-4.2968336e+01,1.1110733e+02
370,3.6900000e-02,3.5613672e+01,-4.2968935e+01,1.1108412e+02
371,3.7000000e-02,3.5671509e+01,-4.2969595e+01,1.1106288e+02
372,3.7100000e-02,3.5723125e+01,-4.2970309e+01,1.1104370e+02
373,3.7200000e-02,3.5768320e+01,-4.2971070e+01,1.1102666e+02
374,3.7300000e-02,3.5806904e+01,-4.2971871e+01,1.1101186e+02
375,3.7400000e-02,3.5838698e+01,-4.2972705e+01,1.1099936e+02
376,3.7500000e-02,3.5863539e+01,-4.2973563e+01,1.1098924e+02
377,3.7600000e-02,3.5881278e+01,-4.2974438e+01,1.1098157e+02
378,3.7700000e-02,3.5891784e+01,-4.2975321e+01,1.1097640e+02
379,3.7800000e-02,3.5894945e+01,-4.2976204e+01,1.1097378e+02
380,3.7900000e-02,3.5890668e+01,-4.2977079e+01,1.1097375e+02
381,3.8000000e-02,3.5878882e+01,-4.2977938e+01,1.1097635e+02
382,3.8100000e-02,3.5859542e+01,-4.2978772e+01,1.1098159e+02
383,3.8200000e-02,3.5832626e+01,-4.2979575e+01,1.1098947e+02
384,3.8300000e-02,3.5798128e+01,-4.2980339e+01,1.1100001e+02
385,3.8400000e-02,3.5756066e+01,-4.2981057e+01,1.1101318e+02
386,3.8500000e-02,3.5706476e+01,-4.2981720e+01,1.1102898e+02
387,3.8600000e-02,3.5649416e+01,-4.2982322e+01,1.1104736e+02
388,3.8700000e-02,3.5584967e+01,-4.2982856e+01,1.1106829e+02
389,3.8800000e-02,3.5513233e+01,-4.2983314e+01,1.1109173e+02
390,3.8900000e-02,3.5434336e+01,-4.2983691e+01,1.1111760e+02
391,3.9000000e-02,3.5348419e+01,-4.2983982e+01,1.1114584e+02
392,3.9100000e-02,3.5255640e+01,-4.2984181e+01,1.1117638e+02
393,3.9200000e-02,3.5156173e+01,-4.2984285e+01,1.1120913e+02
394,3.9300000e-02,3.5050204e+01,-4.2984288e+01,1.1124401e+02
395,3.9400000e-02,3.4937929e+01,-4.2984189e+01,1.1128093e+02
396,3.9500000e-02,3.4819550e+01,-4.2983982e+01,1.1131977e+02
397,3.9600000e-02,3.4695277e+01,-4.2983668e+01,1.1136046e+02
398,3.9700000e-02,3.4565322e+01,-4.2983244e+01,1.1140288e+02
399,3.9800000e-02,3.4429898e+01,-4.2982708e+01,1.1144694e+02
400,3.9900000e-02,3.4289220e+01,-4.2982060e+01,1.1149253e+02
401,4.0000000e-02,3.4143497e+01,-4.2981301e+01,1.1153955e+02
402,4.0100000e-02,3.3992939e+01,-4.2980430e+01,1.1158790e+02
403,4.0200000e-02,3.3837751e+01,-4.2979450e+01,1.1163748e+02
404,4.0300000e-02,3.3678132e+01,-4.2978361e+01,1.1168819e+02
405,4.0400000e-02,3.3514276e+01,-4.2977168e+01,1.1173993e+02
406,4.0500000e-02,3.3346370e+01,-4.2975874e+01,1.1179262e+02
407,4.0600000e-02,3.3174594e+01,-4.2974481e+01,1.1184616e+02
408,4.0700000e-02,3.2999120e+01,-4.2972995e+01,1.1190046e+02
409,4.0800000e-02,3.2820114e+01,-4.2971421e+01,1.1195545e+02
410,4.0900000e-02,3.2637734e+01,-4.2969764e+01,1.1201103e+02
411,4.1000000e-02,3.2452128e+01,-4.2968029e+01,1.1206714e+02
412,4.1100000e-02,3.2263439e+01,-4.2966223e+01,1.1212369e+02
413,4.1200000e-02,3.2071803e+01,-4.2964351e+01,1.1218063e+02
414,4.1300000e-02,3.1877346e+01,-4.2962421e+01,1.1223787e+02
415,4.1400000e-02,3.1680191e+01,-4.2960437e+01,1.1229535e+02
416,4.1500000e-02,3.1480451e+01,-4.2958408e+01,1.1235303e+02
417,4.1600000e-02,3.1278235e+01,-4.2956340e+01,1.1241082e+02
418,4.1700000e-02,3.1073644e+01,-4.2954239e+01,1.1246869e+02
419,4.1800000e-02,3.0866776e+01,-4.2952112e+01,1.1252657e+02
420,4.1900000e-02,3.0657721e+01,-4.2949966e+01,1.1258441e+02
421,4.2000000e-02,3.0446566e+01,-4.2947806e+01,1.1264218e+02
422,4.2100000e-02,3.0233391e+01,-4.2945639e+01,1.1269981e+02
423,4.2200000e-02,3.0018273e+01,-4.2943472e+01,1.1275728e+02
424,4.2300000e-02,2.9801284e+01,-4.2941310e+01,1.1281454e+02
425,4.2400000e-02,2.9582493e+01,-4.2939160e+01,1.1287154e+02
426,4.2500000e-02,2.9361964e+01,-4.2937026e+01,1.1292827e+02
427,4.2600000e-02,2.9139757e+01,-4.2934913e+01,1.1298467e+02
428,4.2700000e-02,2.8915933e+01,-4.2932826e+01,1.1304072e+02
429,4.2800000e-02,2.8690545e+01,-4.2930769e+01,1.1309639e+02
430,4.2900000e-02,2.8463648e+01,-4.2928746e+01,1.1315165e+02
431,4.3000000e-02,2.8235295e+01,-4.2926760e+01,1.1320646e+02
432,4.3100000e-02,2.8005535e+01,-4.2924817e+01,1.1326081e+02
433,4.3200000e-02,2.7774417e+01,-4.2922918e+01,1.1331465e+02
434,4.3300000e-02,2.7541985e+01,-4.2921068e+01,1.1336797e+02
435,4.3400000e-02,2.7308286e+01,-4.2919267e+01,1.1342075e+02
436,4.3500000e-02,2.7073361e+01,-4.2917519e+01,1.1347296e+02
437,4.3600000e-02,2.6837256e+01,-4.2915827e+01,1.1352456e+02
438,4.3700000e-02,2.6600015e+01,-4.2914193e+01,1.1357555e+02
439,4.3800000e-02,2.6361682e+01,-4.2912619e+01,1.1362590e+02
440,4.3900000e-02,2.6122299e+01,-4.2911108e+01,1.1367558e+02
441,4.4000000e-02,2.5881906e+01,-4.2909662e+01,1.1372458e+02
442,4.4100000e-02,2.5640547e+01,-4.2908284e+01,1.1377287e+02
443,4.4200000e-02,2.5398262e+01,-4.2906974e+01,1.1382043e+02
444,4.4300000e-02,2.5155094e+01,-4.2905733e+01,1.1386725e+02
445,4.4400000e-02,2.4911082e+01,-4.2904565e+01,1.1391330e+02
446,4.4500000e-02,2.4666270e+01,-4.2903469e+01,1.1395857e+02
447,4.4600000e-02,2.4420698e+01,-4.2902448e+01,1.1400304e+02
448,4.4700000e-02,2.4174407e+01,-4.2901504e+01,1.1404670e+02
449,4.4800000e-02,2.3927442e+01,-4.2900636e+01,1.1408952e+02
450,4.4900000e-02,2.3679843e+01,-4.2899846e+01,1.1413150e+02
451,4.5000000e-02,2.3431654e+01,-4.2899135e+01,1.1417261e+02
452,4.5100000e-02,2.3182919e+01,-4.2898504e+01,1.1421284e+02
453,4.5200000e-02,2.2933683e+01,-4.2897953e+01,1.1425218e+02
454,4.5300000e-02,2.2683992e+01,-4.2897485e+01,1.1429061e+02
455,4.5400000e-02,2.2433892e+01,-4.2897100e+01,1.1432813e+02
456,4.5500000e-02,2.2183434e+01,-4.2896798e+01,1.1436472e+02
457,4.5600000e-02,2.1932666e+01,-4.2896579e+01,1.1440036e+02
458,4.5700000e-02,2.1681641e+01,-4.2896444e+01,1.1443506e+02
459,4.5800000e-02,2.1430412e+01,-4.2896393e+01,1.1446879e+02
460,4.5900000e-02,2.1179034e+01,-4.2896425e+01,1.1450156e+02
461,4.6000000e-02,2.0927564e+01,-4.2896540e+01,1.1453335e+02
462,4.6100000e-02,2.0676060e+01,-4.2896736e+01,1.1456416e+02
463,4.6200000e-02,2.0424582e+01,-4.2897012e+01,1.1459398e+02
464,4.6300000e-02,2.0173192e+01,-4.2897368e+01,1.1462282e+02
465,4.6400000e-02,1.9921953e+01,-4.2897800e+01,1.1465066e+02
466,4.6500000e-02,1.9670930e+01,-4.2898307e+01,1.1467752e+02
467,4.6600000e-02,1.9420189e+01,-4.2898887e+01,1.1470338e+02
468,4.6700000e-02,1.9169795e+01,-4.2899537e+01,1.1472825e+02
469,4.6800000e-02,1.8919819e+01,-4.2900256e+01,1.1475213e+02
470,4.6900000e-02,1.8670330e+01,-4.2901040e+01,1.1477503e+02
471,4.7000000e-02,1.8421398e+01,-4.2901888e+01,1.1479695e+02
472,4.7100000e-02,1.8173096e+01,-4.2902796e+01,1.1481788e+02
473,4.7200000e-02,1.7925496e+01,-4.2903765e+01,1.1483785e+02
474,4.7300000e-02,1.7678673e+01,-4.2904790e+01,1.1485684e+02
475,4.7400000e-02,1.7432706e+01,-4.2905872e+01,1.1487488e+02
476,4.7500000e-02,1.7187674e+01,-4.2907013e+01,1.1489196e+02
477,4.7600000e-02,1.6943661e+01,-4.2908214e+01,1.1490809e+02
478,4.7700000e-02,1.6700749e+01,-4.2909479e+01,1.1492327e+02
479,4.7800000e-02,1.6459029e+01,-4.2910808e+01,1.1493752e+02
480,4.7900000e-02,1.6218593e+01,-4.2912208e+01,1.1495085e+02
481,4.8000000e-02,1.5979538e+01,-4.2913682e+01,1.1496325e+02
482,4.8100000e-02,1.5741965e+01,-4.2915239e+01,1.1497474e+02
483,4.8200000e-02,1.5505976e+01,-4.2916883e+01,1.1498532e+02
484,4.8300000e-02,1.5271683e+01,-4.2918622e+01,1.1499501e+02
485,4.8400000e-02,1.5039201e+01,-4.2920465e+01,1.1500382e+02
486,4.8500000e-02,1.4808652e+01,-4.2922422e+01,1.1501175e+02
487,4.8600000e-02,1.4580164e+01,-4.2924499e+01,1.1501882e+02
488,4.8700000e-02,1.4353873e+01,-4.2926696e+01,1.1502503e+02
489,4.8800000e-02,1.4129927e+01,-4.2929000e+01,1.1503042e+02
490,4.8900000e-02,1.3908486e+01,-4.2931391e+01,1.1503500e+02
491,4.9000000e-02,1.3689729e+01,-4.2933842e+01,1.1503881e+02
492,4.9100000e-02,1.3473846e+01,-4.2936332e+01,1.1504188e+02
493,4.9200000e-02,1.3261036e+01,-4.2938849e+01,1.1504424e+02
494,4.9300000e-02,1.3051501e+01,-4.2941385e+01,1.1504593e+02
495,4.9400000e-02,1.2845442e+01,-4.2943939e+01,1.1504699e+02
496,4.9500000e-02,1.2643065e+01,-4.2946512e+01,1.1504745e+02
497,4.9600000e-02,1.2444579e+01,-4.2949111e+01,1.1504736e+02
498,4.9700000e-02,1.2250203e+01,-4.2951734e+01,1.1504673e+02
499,4.9800000e-02,1.2060165e+01,-4.2954385e+01,1.1504562e+02
500,4.9900000e-02,1.1874701e+01,-4.2957068e+01,1.1504405e+02
501,5.0000000e-02,1.1694056e+01,-4.2959785e+01,1.1504207e+02
502,5.0100000e-02,1.1518481e+01,-4.2962538e+01,1.1503972e+02
503,5.0200000e-02,1.1348237e+01,-4.2965325e+01,1.1503703e+02
504,5.0300000e-02,1.1183593e+01,-4.2968148e+01,1.1503406e+02
505,5.0400000e-02,1.1024827e+01,-4.2971010e+01,1.1503085e+02
506,5.0500000e-02,1.0872227e+01,-4.2973911e+01,1.1502744e+02
507,5.0600000e-02,1.0726090e+01,-4.2976855e+01,1.1502388e+02
508,5.0700000e-02,1.0586715e+01,-4.2979847e+01,1.1502022e+02
509,5.0800000e-02,1.0454405e+01,-4.2982888e+01,1.1501651e+02
510,5.0900000e-02,1.0329466e+01,-4.2985980e+01,1.1501279e+02
511,5.1000000e-02,1.0212199e+01,-4.2989124e+01,1.1500911e+02
512,5.1100000e-02,1.0102904e+01,-4.2992320e+01,1.1500554e+02
513,5.1200000e-02,1.0001880e+01,-4.2995570e+01,1.1500210e+02
514,5.1300000e-02,9.9094208e+00,-4.2998875e+01,1.1499884e+02
515,5.1400000e-02,9.8258133e+00,-4.3002236e+01,1.1499582e+02
516,5.1500000e-02,9.7513346e+00,-4.3005654e+01,1.1499306e+02
517,5.1600000e-02,9.6862503e+00,-4.3009128e+01,1.1499061e+02
518,5.1700000e-02,9.6308133e+00,-4.3012657e+01,1.1498851e+02
519,5.1800000e-02,9.5852576e+00,-4.3016243e+01,1.1498677e+02
520,5.1900000e-02,9.5497934e+00,-4.3019886e+01,1.1498542e+02
521,5.2000000e-02,9.5246049e+00,-4.3023583e+01,1.1498449e+02
522,5.2100000e-02,9.5098489e+00,-4.3027334e+01,1.1498398e+02
523,5.2200000e-02,9.5056519e+00,-4.3031134e+01,1.1498392e+02
524,5.2300000e-02,9.5121092e+00,-4.3034981e+01,1.1498429e+02
525,5.2400000e-02,9.5292846e+00,-4.3038869e+01,1.1498510e+02
526,5.2500000e-02,9.5572093e+00,-4.3042793e+01,1.1498634e+02
527,5.2600000e-02,9.5958767e+00,-4.3046749e+01,1.1498798e+02
528,5.2700000e-02,9.6452478e+00,-4.3050727e+01,1.1499002e+02
529,5.2800000e-02,9.7052517e+00,-4.3054721e+01,1.1499242e+02
530,5.2900000e-02,9.7757860e+00,-4.3058723e+01,1.1499514e+02
531,5.3000000e-02,9.8567175e+00,-4.3062724e+01,1.1499815e+02
532,5.3100000e-02,9.9478841e+00,-4.3066716e+01,1.1500141e+02
533,5.3200000e-02,1.0049097e+01,-4.3070689e+01,1.1500486e+02
534,5.3300000e-02,1.0160142e+01,-4.3074634e+01,1.1500845e+02
535,5.3400000e-02,1.0280782e+01,-4.3078540e+01,1.1501213e+02
536,5.3500000e-02,1.0410763e+01,-4.3082399e+01,1.1501584e+02
537,5.3600000e-02,1.0549813e+01,-4.3086200e+01,1.1501952e+02
538,5.3700000e-02,1.0697648e+01,-4.3089931e+01,1.1502311e+02
539,5.3800000e-02,1.0853972e+01,-4.3093581e+01,1.1502656e+02
540,5.3900000e-02,1.1018485e+01,-4.3097138e+01,1.1502978e+02
541,5.4000000e-02,1.1190881e+01,-4.3100591e+01,1.1503274e+02
542,5.4100000e-02,1.1370852e+01,-4.3103930e+01,1.1503536e+02
543,5.4200000e-02,1.1558095e+01,-4.3107143e+01,1.1503759e+02
544,5.4300000e-02,1.1752304e+01,-4.3110221e+01,1.1503936e+02
545,5.4400000e-02,1.1953176e+01,-4.3113154e+01,1.1504062e+02
546,5.4500000e-02,1.2160414e+01,-4.3115930e+01,1.1504133e+02
547,5.4600000e-02,1.2373724e+01,-4.3118542e+01,1.1504141e+02
548,5.4700000e-02,1.2592823e+01,-4.3120978e+01,1.1504083e+02
549,5.4800000e-02,1.2817434e+01,-4.3123232e+01,1.1503954e+02
550,5.4900000e-02,1.3047291e+01,-4.3125295e+01,1.1503748e+02
551,5.5000000e-02,1.3282137e+01,-4.3127159e+01,1.1503462e+02
552,5.5100000e-02,1.3521727e+01,-4.3128818e+01,1.1503091e+02
553,5.5200000e-02,1.3765824e+01,-4.3130266e+01,1.1502631e+02
554,5.5300000e-02,1.4014203e+01,-4.3131497e+01,1.1502079e+02
555,5.5400000e-02,1.4266650e+01,-4.3132506e+01,1.1501430e+02
556,5.5500000e-02,1.4522960e+01,-4.3133289e+01,1.1500682e+02
557,5.5600000e-02,1.4782938e+01,-4.3133841e+01,1.1499831e+02
558,5.5700000e-02,1.5046399e+01,-4.3134160e+01,1.1498874e+02
559,5.5800000e-02,1.5313166e+01,-4.3134243e+01,1.1497808e+02
560,5.5900000e-02,1.5583072e+01,-4.3134086e+01,1.1496630e+02
561,5.6000000e-02,1.5855959e+01,-4.3133688e+01,1.1495339e+02
562,5.6100000e-02,1.6131673e+01,-4.3133049e+01,1.1493931e+02
563,5.6200000e-02,1.6410070e+01,-4.3132167e+01,1.1492404e+02
564,5.6300000e-02,1.6691013e+01,-4.3131041e+01,1.1490756e+02
565,5.6400000e-02,1.6974369e+01,-4.3129669e+01,1.1488985e+02
566,5.6500000e-02,1.7260013e+01,-4.3128051e+01,1.1487089e+02
567,5.6600000e-02,1.7547823e+01,-4.3126185e+01,1.1485067e+02
568,5.6700000e-02,1.7837685e+01,-4.3124070e+01,1.1482915e+02
569,5.6800000e-02,1.8129489e+01,-4.3121706e+01,1.1480635e+02
570,5.6900000e-02,1.8423129e+01,-4.3119091e+01,1.1478223e+02
571,5.7000000e-02,1.8718504e+01,-4.3116228e+01,1.1475678e+02
572,5.7100000e-02,1.9015514e+01,-4.3113121e+01,1.1472999e+02
573,5.7200000e-02,1.9314063e+01,-4.3109777e+01,1.1470185e+02
574,5.7300000e-02,1.9614059e+01,-4.3106206e+01,1.1467235e+02
575,5.7400000e-02,1.9915408e+01,-4.3102415e+01,1.1464146e+02
576,5.7500000e-02,2.0218022e+01,-4.3098416e+01,1.1460919e+02
577,5.7600000e-02,2.0521811e+01,-4.3094219e+01,1.1457551e+02
578,5.7700000e-02,2.0826689e+01,-4.3089838e+01,1.1454042e+02
579,5.7800000e-02,2.1132571e+01,-4.3085286e+01,1.1450390e+02
580,5.7900000e-02,2.1439371e+01,-4.3080579e+01,1.1446595e+02
581,5.8000000e-02,2.1747006e+01,-4.3075730e+01,1.1442656e+02
582,5.8100000e-02,2.2055396e+01,-4.3070757e+01,1.1438572e+02
583,5.8200000e-02,2.2364457e+01,-4.3065677e+01,1.1434342e+02
584,5.8300000e-02,2.2674107e+01,-4.3060503e+01,1.1429966e+02
585,5.8400000e-02,2.2984264e+01,-4.3055254e+01,1.1425442e+02
586,5.8500000e-02,2.3294843e+01,-4.3049942e+01,1.1420773e+02
587,5.8600000e-02,2.3605762e+01,-4.3044584e+01,1.1415956e+02
588,5.8700000e-02,2.3916934e+01,-4.3039191e+01,1.1410993e+02
589,5.8800000e-02,2.4228274e+01,-4.3033777e+01,1.1405884e+02
590,5.8900000e-02,2.4539694e+01,-4.3028352e+01,1.1400630e+02
591,5.9000000e-02,2.4851103e+01,-4.3022928e+01,1.1395231e+02
592,5.9100000e-02,2.5162412e+01,-4.3017517e+01,1.1389689e+02
593,5.9200000e-02,2.5473528e+01,-4.3012127e+01,1.1384006e+02
594,5.9300000e-02,2.5784354e+01,-4.3006768e+01,1.1378182e+02
595,5.9400000e-02,2.6094791e+01,-4.3001451e+01,1.1372221e+02
596,5.9500000e-02,2.6404733e+01,-4.2996185e+01,1.1366123e+02
597,5.9600000e-02,2.6714074e+01,-4.2990978e+01,1.1359892e+02
598,5.9700000e-02,2.7022703e+01,-4.2985837e+01,1.1353530e+02
599,5.9800000e-02,2.7330510e+01,-4.2980775e+01,1.1347039e+02
600,5.9900000e-02,2.7637378e+01,-4.2975802e+01,1.1340423e+02
601,6.0000000e-02,2.7943190e+01,-4.2970926e+01,1.1333684e+02
602,6.0100000e-02,2.8247825e+01,-4.2966155e+01,1.1326826e+02
603,6.0200000e-02,2.8551158e+01,-4.2961501e+01,1.1319851e+02
604,6.0300000e-02,2.8853056e+01,-4.2956974e+01,1.1312763e+02
605,6.0400000e-02,2.9153378e+01,-4.2952586e+01,1.1305565e+02
606,6.0500000e-02,2.9451973e+01,-4.2948353e+01,1.1298261e+02
607,6.0600000e-02,2.9748673e+01,-4.2944290e+01,1.1290854e+02
608,6.0700000e-02,3.0043293e+01,-4.2940413e+01,1.1283348e+02
609,6.0800000e-02,3.0335625e+01,-4.2936736e+01,1.1275749e+02
610,6.0900000e-02,3.0625435e+01,-4.2933274e+01,1.1268064e+02
611,6.1000000e-02,3.0912459e+01,-4.2930043e+01,1.1260302e+02
612,6.1100000e-02,3.1196409e+01,-4.2927050e+01,1.1252477e+02
613,6.1200000e-02,3.1476984e+01,-4.2924293e+01,1.1244603e+02
614,6.1300000e-02,3.1753871e+01,-4.2921770e+01,1.1236696e+02
615,6.1400000e-02,3.2026748e+01,-4.2919473e+01,1.1228772e+02
616,6.1500000e-02,3.2295287e+01,-4.2917389e+01,1.1220850e+02
617,6.1600000e-02,3.2559153e+01,-4.2915511e+01,1.1212944e+02
618,6.1700000e-02,3.2817999e+01,-4.2913828e+01,1.1205074e+02
619,6.1800000e-02,3.3071455e+01,-4.2912333e+01,1.1197255e+02
620,6.1900000e-02,3.3319124e+01,-4.2911018e+01,1.1189509e+02
621,6.2000000e-02,3.3560581e+01,-4.2909874e+01,1.1181853e+02
622,6.2100000e-02,3.3795375e+01,-4.2908893e+01,1.1174311e+02
623,6.2200000e-02,3.4023025e+01,-4.2908006e+01,1.1166904e+02
624,6.2300000e-02,3.4243019e+01,-4.2907172e+01,1.1159660e+02
625,6.2400000e-02,3.4454808e+01,-4.2906378e+01,1.1152601e+02
626,6.2500000e-02,3.4657823e+01,-4.2905629e+01,1.1145755e+02
627,6.2600000e-02,3.4851463e+01,-4.2904936e+01,1.1139150e+02
628,6.2700000e-02,3.5035106e+01,-4.2904308e+01,1.1132814e+02
629,6.2800000e-02,3.5208102e+01,-4.2903760e+01,1.1126777e+02
630,6.2900000e-02,3.5369781e+01,-4.2903306e+01,1.1121070e+02
631,6.3000000e-02,3.5519456e+01,-4.2902958e+01,1.1115725e+02
632,6.3100000e-02,3.5656436e+01,-4.2902728e+01,1.1110773e+02
633,6.3200000e-02,3.5780035e+01,-4.2902624e+01,1.1106246e+02
634,6.3300000e-02,3.5889586e+01,-4.2902656e+01,1.1102174e+02
635,6.3400000e-02,3.5984448e+01,-4.2902831e+01,1.1098586e+02
636,6.3500000e-02,3.6064016e+01,-4.2903158e+01,1.1095511e+02
637,6.3600000e-02,3.6127736e+01,-4.2903637e+01,1.1092974e+02
638,6.3700000e-02,3.6175114e+01,-4.2904271e+01,1.1090997e+02
639,6.3800000e-02,3.6205735e+01,-4.2905060e+01,1.1089600e+02
640,6.3900000e-02,3.6219275e+01,-4.2906005e+01,1.1088796e+02
641,6.4000000e-02,3.6215506e+01,-4.2907100e+01,1.1088596e+02
642,6.4100000e-02,3.6194310e+01,-4.2908338e+01,1.1089007e+02
643,6.4200000e-02,3.6155681e+01,-4.2909709e+01,1.1090027e+02
644,6.4300000e-02,3.6099731e+01,-4.2911202e+01,1.1091652e+02
645,6.4400000e-02,3.6026680e+01,-4.2912808e+01,1.1093872e+02
646,6.4500000e-02,3.5936856e+01,-4.2914511e+01,1.1096671e+02
647,6.4600000e-02,3.5830678e+01,-4.2916291e+01,1.1100032e+02
648,6.4700000e-02,3.5708650e+01,-4.2918130e+01,1.1103930e+02
649,6.4800000e-02,3.5571344e+01,-4.2920005e+01,1.1108340e+02
650,6.4900000e-02,3.5419389e+01,-4.2921895e+01,1.1113234e+02
651,6.5000000e-02,3.5253453e+01,-4.2923777e+01,1.1118580e+02
652,6.5100000e-02,3.5074237e+01,-4.2925627e+01,1.1124348e+02
653,6.5200000e-02,3.4882458e+01,-4.2927421e+01,1.1130503e+02
654,6.5300000e-02,3.4678849e+01,-4.2929137e+01,1.1137013e+02
655,6.5400000e-02,3.4464137e+01,-4.2930753e+01,1.1143845e+02
656,6.5500000e-02,3.4239041e+01,-4.2932250e+01,1.1150965e+02
657,6.5600000e-02,3.4004257e+01,-4.2933607e+01,1.1158342e+02
658,6.5700000e-02,3.3760454e+01,-4.2934807e+01,1.1165946e+02
659,6.5800000e-02,3.3508275e+01,-4.2935835e+01,1.1173746e+02
660,6.5900000e-02,3.3248325e+01,-4.2936677e+01,1.1181715e+02
661,6.6000000e-02,3.2981178e+01,-4.2937321e+01,1.1189826e+02
662,6.6100000e-02,3.2707372e+01,-4.2937760e+01,1.1198053e+02
663,6.6200000e-02,3.2427409e+01,-4.2937988e+01,1.1206373e+02
664,6.6300000e-02,3.2141755e+01,-4.2937999e+01,1.1214765e+02
665,6.6400000e-02,3.1850845e+01,-4.2937793e+01,1.1223207e+02
666,6.6500000e-02,3.1555080e+01,-4.2937367e+01,1.1231680e+02
667,6.6600000e-02,3.1254832e+01,-4.2936722e+01,1.1240167e+02
668,6.6700000e-02,3.0950443e+01,-4.2935861e+01,1.1248652e+02
669,6.6800000e-02,3.0642228e+01,-4.2934786e+01,1.1257120e+02
670,6.6900000e-02,3.0330479e+01,-4.2933502e+01,1.1265556e+02
671,6.7000000e-02,3.0015463e+01,-4.2932012e+01,1.1273949e+02
672,6.7100000e-02,2.9697420e+01,-4.2930323e+01,1.1282286e+02
673,6.7200000e-02,2.9376570e+01,-4.2928438e+01,1.1290560e+02
674,6.7300000e-02,2.9053100e+01,-4.2926362e+01,1.1298760e+02
675,6.7400000e-02,2.8727178e+01,-4.2924097e+01,1.1306880e+02
676,6.7500000e-02,2.8398956e+01,-4.2921648e+01,1.1314912e+02
677,6.7600000e-02,2.8068579e+01,-4.2919022e+01,1.1322848e+02
678,6.7700000e-02,2.7736188e+01,-4.2916227e+01,1.1330682e+02
679,6.7800000e-02,2.7401912e+01,-4.2913277e+01,1.1338406e+02
680,6.7900000e-02,2.7065877e+01,-4.2910184e+01,1.1346013e+02
681,6.8000000e-02,2.6728208e+01,-4.2906964e+01,1.1353497e+02
682,6.8100000e-02,2.6389025e+01,-4.2903633e+01,1.1360850e+02
683,6.8200000e-02,2.6048448e+01,-4.2900209e+01,1.1368066e+02
684,6.8300000e-02,2.5706593e+01,-4.2896714e+01,1.1375138e+02
685,6.8400000e-02,2.5363578e+01,-4.2893168e+01,1.1382059e+02
686,6.8500000e-02,2.5019523e+01,-4.2889594e+01,1.1388822e+02
687,6.8600000e-02,2.4674550e+01,-4.2886019e+01,1.1395421e+02
688,6.8700000e-02,2.4328785e+01,-4.2882469e+01,1.1401847e+02
689,6.8800000e-02,2.3982372e+01,-4.2878975e+01,1.1408094e+02
690,6.8900000e-02,2.3635458e+01,-4.2875566e+01,1.1414155e+02
691,6.9000000e-02,2.3288199e+01,-4.2872270e+01,1.1420025e+02
692,6.9100000e-02,2.2940746e+01,-4.2869105e+01,1.1425703e+02
693,6.9200000e-02,2.2593244e+01,-4.2866088e+01,1.1431184e+02
694,6.9300000e-02,2.2245834e+01,-4.2863229e+01,1.1436469e+02
695,6.9400000e-02,2.1898645e+01,-4.2860539e+01,1.1441557e+02
696,6.9500000e-02,2.1551799e+01,-4.2858021e+01,1.1446448e+02
697,6.9600000e-02,2.1205411e+01,-4.2855676e+01,1.1451143e+02
698,6.9700000e-02,2.0859599e+01,-4.2853503e+01,1.1455641e+02
699,6.9800000e-02,2.0514477e+01,-4.2851506e+01,1.1459944e+02
700,6.9900000e-02,2.0170162e+01,-4.2849687e+01,1.1464053e+02
701,7.0000000e-02,1.9826773e+01,-4.2848046e+01,1.1467967e+02
702,7.0100000e-02,1.9484434e+01,-4.2846586e+01,1.1471688e+02
703,7.0200000e-02,1.9143272e+01,-4.2845305e+01,1.1475217e+02
704,7.0300000e-02,1.8803418e+01,-4.2844205e+01,1.1478555e+02
705,7.0400000e-02,1.8465009e+01,-4.2843286e+01,1.1481704e+02
706,7.0500000e-02,1.8128192e+01,-4.2842551e+01,1.1484665e+02
707,7.0600000e-02,1.7793122e+01,-4.2842001e+01,1.1487441e+02
708,7.0700000e-02,1.7459962e+01,-4.2841639e+01,1.1490031e+02
709,7.0800000e-02,1.7128884e+01,-4.2841467e+01,1.1492440e+02
710,7.0900000e-02,1.6800070e+01,-4.2841488e+01,1.1494669e+02
711,7.1000000e-02,1.6473712e+01,-4.2841708e+01,1.1496721e+02
712,7.1100000e-02,1.6150014e+01,-4.2842139e+01,1.1498598e+02
713,7.1200000e-02,1.5829192e+01,-4.2842791e+01,1.1500303e+02
714,7.1300000e-02,1.5511473e+01,-4.2843684e+01,1.1501839e+02
715,7.1400000e-02,1.5197096e+01,-4.2844833e+01,1.1503208e+02
716,7.1500000e-02,1.4886308e+01,-4.2846262e+01,1.1504415e+02
717,7.1600000e-02,1.4579375e+01,-4.2847994e+01,1.1505462e+02
718,7.1700000e-02,1.4276577e+01,-4.2850049e+01,1.1506353e+02
719,7.1800000e-02,1.3978212e+01,-4.2852445e+01,1.1507092e+02
720,7.1900000e-02,1.3684601e+01,-4.2855183e+01,1.1507683e+02
721,7.2000000e-02,1.3396102e+01,-4.2858231e+01,1.1508132e+02
722,7.2100000e-02,1.3113107e+01,-4.2861524e+01,1.1508448e+02
723,7.2200000e-02,1.2836051e+01,-4.2865009e+01,1.1508640e+02
724,7.2300000e-02,1.2565389e+01,-4.2868647e+01,1.1508718e+02
725,7.2400000e-02,1.2301594e+01,-4.2872431e+01,1.1508690e+02
726,7.2500000e-02,1.2045146e+01,-4.2876365e+01,1.1508567e+02
727,7.2600000e-02,1.1796537e+01,-4.2880459e+01,1.1508358e+02
728,7.2700000e-02,1.1556267e+01,-4.2884716e+01,1.1508073e+02
729,7.2800000e-02,1.1324849e+01,-4.2889149e+01,1.1507722e+02
730,7.2900000e-02,1.1102818e+01,-4.2893761e+01,1.1507313e+02
731,7.3000000e-02,1.0890728e+01,-4.2898553e+01,1.1506859e+02
732,7.3100000e-02,1.0689151e+01,-4.2903530e+01,1.1506368e+02
733,7.3200000e-02,1.0498673e+01,-4.2908696e+01,1.1505852e+02
734,7.3300000e-02,1.0319880e+01,-4.2914055e+01,1.1505321e+02
735,7.3400000e-02,1.0153366e+01,-4.2919610e+01,1.1504786e+02
736,7.3500000e-02,9.9997191e+00,-4.2925364e+01,1.1504258e+02
737,7.3600000e-02,9.8595269e+00,-4.2931318e+01,1.1503746e+02
738,7.3700000e-02,9.7333627e+00,-4.2937471e+01,1.1503262e+02
739,7.3800000e-02,9.6217770e+00,-4.2943826e+01,1.1502814e+02
740,7.3900000e-02,9.5252898e+00,-4.2950381e+01,1.1502411e+02
741,7.4000000e-02,9.4443784e+00,-4.2957134e+01,1.1502061e+02
742,7.4100000e-02,9.3794738e+00,-4.2964074e+01,1.1501771e+02
743,7.4200000e-02,9.3309537e+00,-4.2971196e+01,1.1501547e+02
744,7.4300000e-02,9.2991344e+00,-4.2978494e+01,1.1501393e+02
745,7.4400000e-02,9.2842627e+00,-4.2985960e+01,1.1501312e+02
746,7.4500000e-02,9.2865177e+00,-4.2993584e+01,1.1501304e+02
747,7.4600000e-02,9.3060014e+00,-4.3001355e+01,1.1501370e+02
748,7.4700000e-02,9.3427330e+00,-4.3009259e+01,1.1501506e+02
749,7.4800000e-02,9.3966478e+00,-4.3017281e+01,1.1501711e+02
750,7.4900000e-02,9.4676000e+00,-4.3025400e+01,1.1501978e+02
751,7.5000000e-02,9.5553639e+00,-4.3033598e+01,1.1502301e+02
752,7.5100000e-02,9.6596376e+00,-4.3041851e+01,1.1502672e+02
753,7.5200000e-02,9.7800428e+00,-4.3050137e+01,1.1503082e+02
754,7.5300000e-02,9.9161390e+00,-4.3058428e+01,1.1503522e+02
755,7.5400000e-02,1.0067433e+01,-4.3066699e+01,1.1503981e+02
756,7.5500000e-02,1.0233390e+01,-4.3074927e+01,1.1504446e+02
757,7.5600000e-02,1.0413439e+01,-4.3083086e+01,1.1504907e+02
758,7.5700000e-02,1.0606986e+01,-4.3091147e+01,1.1505350e+02
759,7.5800000e-02,1.0813416e+01,-4.3099083e+01,1.1505764e+02
760,7.5900000e-02,1.1032105e+01,-4.3106866e+01,1.1506136e+02
761,7.6000000e-02,1.1262427e+01,-4.3114470e+01,1.1506455e+02
762,7.6100000e-02,1.1503757e+01,-4.3121868e+01,1.1506709e+02
763,7.6200000e-02,1.1755484e+01,-4.3129033e+01,1.1506886e+02
764,7.6300000e-02,1.2017006e+01,-4.3135941e+01,1.1506976e+02
765,7.6400000e-02,1.2287740e+01,-4.3142568e+01,1.1506969e+02
766,7.6500000e-02,1.2567117e+01,-4.3148891e+01,1.1506854e+02
767,7.6600000e-02,1.2854594e+01,-4.3154886e+01,1.1506623e+02
768,7.6700000e-02,1.3149646e+01,-4.3160533e+01,1.1506267e+02
769,7.6800000e-02,1.3451778e+01,-4.3165813e+01,1.1505779e+02
770,7.6900000e-02,1.3760518e+01,-4.3170706e+01,1.1505149e+02
771,7.7000000e-02,1.4075421e+01,-4.3175198e+01,1.1504373e+02
772,7.7100000e-02,1.4396064e+01,-4.3179271e+01,1.1503443e+02
773,7.7200000e-02,1.4722051e+01,-4.3182919e+01,1.1502353e+02
774,7.7300000e-02,1.5053011e+01,-4.3186132e+01,1.1501096e+02
775,7.7400000e-02,1.5388596e+01,-4.3188901e+01,1.1499667e+02
776,7.7500000e-02,1.5728480e+01,-4.3191218e+01,1.1498063e+02
777,7.7600000e-02,1.6072358e+01,-4.3193072e+01,1.1496279e+02
778,7.7700000e-02,1.6419942e+01,-4.3194456e+01,1.1494311e+02
779,7.7800000e-02,1.6770964e+01,-4.3195359e+01,1.1492156e+02
780,7.7900000e-02,1.7125171e+01,-4.3195776e+01,1.1489813e+02
781,7.8000000e-02,1.7482324e+01,-4.3195698e+01,1.1487277e+02
782,7.8100000e-02,1.7842199e+01,-4.3195118e+01,1.1484546e+02
783,7.8200000e-02,1.8204585e+01,-4.3194031e+01,1.1481618e+02
784,7.8300000e-02,1.8569281e+01,-4.3192432e+01,1.1478491e+02
785,7.8400000e-02,1.8936095e+01,-4.3190318e+01,1.1475163e+02
786,7.8500000e-02,1.9304845e+01,-4.3187688e+01,1.1471633e+02
787,7.8600000e-02,1.9675357e+01,-4.3184546e+01,1.1467898e+02
788,7.8700000e-02,2.0047463e+01,-4.3180901e+01,1.1463958e+02
789,7.8800000e-02,2.0420998e+01,-4.3176767e+01,1.1459812e+02
790,7.8900000e-02,2.0795802e+01,-4.3172147e+01,1.1455460e+02
791,7.9000000e-02,2.1171719e+01,-4.3167054e+01,1.1450903e+02
792,7.9100000e-02,2.1548595e+01,-4.3161505e+01,1.1446140e+02
793,7.9200000e-02,2.1926284e+01,-4.3155502e+01,1.1441174e+02
794,7.9300000e-02,2.2304642e+01,-4.3149057e+01,1.1436008e+02
795,7.9400000e-02,2.2683522e+01,-4.3142189e+01,1.1430641e+02
796,7.9500000e-02,2.3062774e+01,-4.3134924e+01,1.1425072e+02
797,7.9600000e-02,2.3442254e+01,-4.3127292e+01,1.1419301e+02
798,7.9700000e-02,2.3821816e+01,-4.3119324e+01,1.1413328e+02
799,7.9800000e-02,2.4201311e+01,-4.3111054e+01,1.1407153e+02
800,7.9900000e-02,2.4580590e+01,-4.3102508e+01,1.1400777e+02
801,8.0000000e-02,2.4959498e+01,-4.3093717e+01,1.1394200e+02
802,8.0100000e-02,2.5337877e+01,-4.3084704e+01,1.1387425e+02
803,8.0200000e-02,2.5715564e+01,-4.3075495e+01,1.1380453e+02
804,8.0300000e-02,2.6092393e+01,-4.3066112e+01,1.1373288e+02
805,8.0400000e-02,2.6468187e+01,-4.3056579e+01,1.1365932e+02
806,8.0500000e-02,2.6842766e+01,-4.3046920e+01,1.1358388e+02
807,8.0600000e-02,2.7215944e+01,-4.3037157e+01,1.1350661e+02
808,8.0700000e-02,2.7587527e+01,-4.3027319e+01,1.1342755e+02
809,8.0800000e-02,2.7957315e+01,-4.3017434e+01,1.1334675e+02
810,8.0900000e-02,2.8325097e+01,-4.3007533e+01,1.1326425e+02
811,8.1000000e-02,2.8690654e+01,-4.2997648e+01,1.1318011e+02
812,8.1100000e-02,2.9053746e+01,-4.2987811e+01,1.1309438e+02
813,8.1200000e-02,2.9414115e+01,-4.2978058e+01,1.1300714e+02
814,8.1300000e-02,2.9771468e+01,-4.2968430e+01,1.1291845e+02
815,8.1400000e-02,3.0125483e+01,-4.2958970e+01,1.1282840e+02
816,8.1500000e-02,3.0475799e+01,-4.2949715e+01,1.1273711e+02
817,8.1600000e-02,3.0822015e+01,-4.2940699e+01,1.1264474e+02
818,8.1700000e-02,3.1163695e+01,-4.2931956e+01,1.1255148e+02
819,8.1800000e-02,3.1500382e+01,-4.2923506e+01,1.1245757e+02
820,8.1900000e-02,3.1831594e+01,-4.2915364e+01,1.1236323e+02
821,8.2000000e-02,3.2156829e+01,-4.2907545e+01,1.1226874e+02
822,8.2100000e-02,3.2475572e+01,-4.2900061e+01,1.1217433e+02
823,8.2200000e-02,3.2787279e+01,-4.2892924e+01,1.1208030e+02
824,8.2300000e-02,3.3091367e+01,-4.2886152e+01,1.1198692e+02
825,8.2400000e-02,3.3387207e+01,-4.2879761e+01,1.1189450e+02
826,8.2500000e-02,3.3674121e+01,-4.2873765e+01,1.1180337e+02
827,8.2600000e-02,3.3951431e+01,-4.2867951e+01,1.1171398e+02
828,8.2700000e-02,3.4218413e+01,-4.2862238e+01,1.1162679e+02
829,8.2800000e-02,3.4474278e+01,-4.2856632e+01,1.1154218e+02
830,8.2900000e-02,3.4718167e+01,-4.2851182e+01,1.1146059e+02
831,8.3000000e-02,3.4949157e+01,-4.2845937e+01,1.1138240e+02
832,8.3100000e-02,3.5166277e+01,-4.2840951e+01,1.1130807e+02
833,8.3200000e-02,3.5368516e+01,-4.2836269e+01,1.1123801e+02
834,8.3300000e-02,3.5554830e+01,-4.2831938e+01,1.1117270e+02
835,8.3400000e-02,3.5724159e+01,-4.2827996e+01,1.1111261e+02
836,8.3500000e-02,3.5875441e+01,-4.2824476e+01,1.1105820e+02
837,8.3600000e-02,3.6007642e+01,-4.2821410e+01,1.1100993e+02
838,8.3700000e-02,3.6119779e+01,-4.2818821e+01,1.1096825e+02
839,8.3800000e-02,3.6210953e+01,-4.2816731e+01,1.1093356e+02
840,8.3900000e-02,3.6280375e+01,-4.2815158e+01,1.1090621e+02
841,8.4000000e-02,3.6327390e+01,-4.2814113e+01,1.1088650e+02
842,8.4100000e-02,3.6351496e+01,-4.2813602e+01,1.1087465e+02
843,8.4200000e-02,3.6352364e+01,-4.2813626e+01,1.1087080e+02
844,8.4300000e-02,3.6329854e+01,-4.2814176e+01,1.1087503e+02
845,8.4400000e-02,3.6284019e+01,-4.2815239e+01,1.1088731e+02
846,8.4500000e-02,3.6215108e+01,-4.2816797e+01,1.1090753e+02
847,8.4600000e-02,3.6123546e+01,-4.2818823e+01,1.1093550e+02
848,8.4700000e-02,3.6009926e+01,-4.2821285e+01,1.1097096e+02
849,8.4800000e-02,3.5874995e+01,-4.2824148e+01,1.1101358e+02
850,8.4900000e-02,3.5719627e+01,-4.2827369e+01,1.1106296e+02
851,8.5000000e-02,3.5544796e+01,-4.2830908e+01,1.1111867e+02
852,8.5100000e-02,3.5351545e+01,-4.2834713e+01,1.1118025e+02
853,8.5200000e-02,3.5140960e+01,-4.2838735e+01,1.1124722e+02
854,8.5300000e-02,3.4914146e+01,-4.2842922e+01,1.1131908e+02
855,8.5400000e-02,3.4672208e+01,-4.2847222e+01,1.1139534e+02
856,8.5500000e-02,3.4416236e+01,-4.2851586e+01,1.1147550e+02
857,8.5600000e-02,3.4147290e+01,-4.2855965e+01,1.1155911e+02
858,8.5700000e-02,3.3866388e+01,-4.2860312e+01,1.1164569e+02
859,8.5800000e-02,3.3574503e+01,-4.2864584e+01,1.1173481e+02
860,8.5900000e-02,3.3272550e+01,-4.2868740e+01,1.1182606e+02
861,8.6000000e-02,3.2961391e+01,-4.2872746e+01,1.1191905e+02
862,8.6100000e-02,3.2641824e+01,-4.2876570e+01,1.1201342e+02
863,8.6200000e-02,3.2314591e+01,-4.2880185e+01,1.1210882e+02
864,8.6300000e-02,3.1980374e+01,-4.2883566e+01,1.1220495e+02
865,8.6400000e-02,3.1639800e+01,-4.2886694e+01,1.1230150e+02
866,8.6500000e-02,3.1293446e+01,-4.2889551e+01,1.1239823e+02
867,8.6600000e-02,3.0941839e+01,-4.2892125e+01,1.1249488e+02
868,8.6700000e-02,3.0585463e+01,-4.2894405e+01,1.1259124e+02
869,8.6800000e-02,3.0224755e+01,-4.2896382e+01,1.1268712e+02
870,8.6900000e-02,2.9860113e+01,-4.2898047e+01,1.1278232e+02
871,8.7000000e-02,2.9491897e+01,-4.2899395e+01,1.1287672e+02
872,8.7100000e-02,2.9120417e+01,-4.2900419e+01,1.1297017e+02
873,8.7200000e-02,2.8745939e+01,-4.2901111e+01,1.1306257e+02
874,8.7300000e-02,2.8368691e+01,-4.2901465e+01,1.1315381e+02
875,8.7400000e-02,2.7988888e+01,-4.2901477e+01,1.1324380e+02
876,8.7500000e-02,2.7606735e+01,-4.2901149e+01,1.1333244e+02
877,8.7600000e-02,2.7222430e+01,-4.2900486e+01,1.1341964e+02
878,8.7700000e-02,2.6836163e+01,-4.2899499e+01,1.1350531e+02
879,8.7800000e-02,2.6448116e+01,-4.2898199e+01,1.1358936e+02
880,8.7900000e-02,2.6058468e+01,-4.2896603e+01,1.1367170e+02
881,8.8000000e-02,2.5667397e+01,-4.2894729e+01,1.1375225e+02
882,8.8100000e-02,2.5275072e+01,-4.2892598e+01,1.1383090e+02
883,8.8200000e-02,2.4881662e+01,-4.2890242e+01,1.1390755e+02
884,8.8300000e-02,2.4487345e+01,-4.2887697e+01,1.1398209e+02
885,8.8400000e-02,2.4092317e+01,-4.2885008e+01,1.1405438e+02
886,8.8500000e-02,2.3696812e+01,-4.2882230e+01,1.1412429e+02
887,8.8600000e-02,2.3301096e+01,-4.2879419e+01,1.1419172e+02
888,8.8700000e-02,2.2905438e+01,-4.2876625e+01,1.1425662e+02
889,8.8800000e-02,2.2510082e+01,-4.2873881e+01,1.1431897e+02
890,8.8900000e-02,2.2115236e+01,-4.2871214e+01,1.1437876e+02
891,8.9000000e-02,2.1721074e+01,-4.2868632e+01,1.1443600e+02
892,8.9100000e-02,2.1327754e+01,-4.2866140e+01,1.1449071e+02
893,8.9200000e-02,2.0935425e+01,-4.2863742e+01,1.1454288e+02
894,8.9300000e-02,2.0544239e+01,-4.2861441e+01,1.1459254e+02
895,8.9400000e-02,2.0154350e+01,-4.2859241e+01,1.1463968e+02
896,8.9500000e-02,1.9765916e+01,-4.2857149e+01,1.1468434e+02
897,8.9600000e-02,1.9379105e+01,-4.2855169e+01,1.1472651e+02
898,8.9700000e-02,1.8994094e+01,-4.2853312e+01,1.1476622e+02
899,8.9800000e-02,1.8611065e+01,-4.2851588e+01,1.1480349e+02
900,8.9900000e-02,1.8230213e+01,-4.2850007e+01,1.1483835e+02
901,9.0000000e-02,1.7851740e+01,-4.2848575e+01,1.1487082e+02
902,9.0100000e-02,1.7475864e+01,-4.2847303e+01,1.1490093e+02
903,9.0200000e-02,1.7102815e+01,-4.2846204e+01,1.1492872e+02
904,9.0300000e-02,1.6732837e+01,-4.2845291e+01,1.1495422e+02
905,9.0400000e-02,1.6366192e+01,-4.2844580e+01,1.1497747e+02
906,9.0500000e-02,1.6003158e+01,-4.2844094e+01,1.1499850e+02
907,9.0600000e-02,1.5644032e+01,-4.2843857e+01,1.1501736e+02
908,9.0700000e-02,1.5289125e+01,-4.2843899e+01,1.1503408e+02
909,9.0800000e-02,1.4938769e+01,-4.2844252e+01,1.1504872e+02
910,9.0900000e-02,1.4593316e+01,-4.2844947e+01,1.1506133e+02
911,9.1000000e-02,1.4253142e+01,-4.2846009e+01,1.1507196e+02
912,9.1100000e-02,1.3918649e+01,-4.2847451e+01,1.1508068e+02
913,9.1200000e-02,1.3590279e+01,-4.2849263e+01,1.1508756e+02
914,9.1300000e-02,1.3268519e+01,-4.2851404e+01,1.1509270e+02
915,9.1400000e-02,1.2953906e+01,-4.2853824e+01,1.1509621e+02
916,9.1500000e-02,1.2647021e+01,-4.2856482e+01,1.1509821e+02
917,9.1600000e-02,1.2348469e+01,-4.2859360e+01,1.1509882e+02
918,9.1700000e-02,1.2058871e+01,-4.2862464e+01,1.1509819e+02
919,9.1800000e-02,1.1778866e+01,-4.2865802e+01,1.1509644e+02
920,9.1900000e-02,1.1509115e+01,-4.2869388e+01,1.1509370e+02
921,9.2000000e-02,1.1250303e+01,-4.2873231e+01,1.1509010e+02
922,9.2100000e-02,1.1003145e+01,-4.2877344e+01,1.1508579e+02
923,9.2200000e-02,1.0768379e+01,-4.2881739e+01,1.1508091e+02
924,9.2300000e-02,1.0546759e+01,-4.2886425e+01,1.1507559e+02
925,9.2400000e-02,1.0339051e+01,-4.2891405e+01,1.1506998e+02
926,9.2500000e-02,1.0146027e+01,-4.2896686e+01,1.1506424e+02
927,9.2600000e-02,9.9684652e+00,-4.2902273e+01,1.1505852e+02
928,9.2700000e-02,9.8071301e+00,-4.2908178e+01,1.1505295e+02
929,9.2800000e-02,9.6627723e+00,-4.2914404e+01,1.1504766e+02
930,9.2900000e-02,9.5361104e+00,-4.2920955e+01,1.1504280e+02
931,9.3000000e-02,9.4278182e+00,-4.2927833e+01,1.1503847e+02
932,9.3100000e-02,9.3385139e+00,-4.2935035e+01,1.1503478e+02
933,9.3200000e-02,9.2687386e+00,-4.2942558e+01,1.1503182e+02
934,9.3300000e-02,9.2189503e+00,-4.2950393e+01,1.1502968e+02
935,9.3400000e-02,9.1895158e+00,-4.2958531e+01,1.1502839e+02
936,9.3500000e-02,9.1806993e+00,-4.2966958e+01,1.1502800e+02
937,9.3600000e-02,9.1926648e+00,-4.2975661e+01,1.1502849e+02
938,9.3700000e-02,9.2254634e+00,-4.2984623e+01,1.1502986e+02
939,9.3800000e-02,9.2790280e+00,-4.2993825e+01,1.1503206e+02
940,9.3900000e-02,9.3531755e+00,-4.3003243e+01,1.1503503e+02
941,9.4000000e-02,9.4476083e+00,-4.3012848e+01,1.1503869e+02
942,9.4100000e-02,9.5619211e+00,-4.3022612e+01,1.1504294e+02
943,9.4200000e-02,9.6956096e+00,-4.3032500e+01,1.1504765e+02
944,9.4300000e-02,9.8480758e+00,-4.3042479e+01,1.1505270e+02
945,9.4400000e-02,1.0018646e+01,-4.3052511e+01,1.1505794e+02
946,9.4500000e-02,1.0206591e+01,-4.3062559e+01,1.1506322e+02
947,9.4600000e-02,1.0411139e+01,-4.3072585e+01,1.1506838e+02
948,9.4700000e-02,1.0631488e+01,-4.3082550e+01,1.1507326e+02
949,9.4800000e-02,1.0866818e+01,-4.3092418e+01,1.1507770e+02
950,9.4900000e-02,1.1116299e+01,-4.3102148e+01,1.1508154e+02
951,9.5000000e-02,1.1379108e+01,-4.3111705e+01,1.1508463e+02
952,9.5100000e-02,1.1654433e+01,-4.3121049e+01,1.1508681e+02
953,9.5200000e-02,1.1941481e+01,-4.3130145e+01,1.1508794e+02
954,9.5300000e-02,1.2239481e+01,-4.3138958e+01,1.1508789e+02
955,9.5400000e-02,1.2547686e+01,-4.3147453e+01,1.1508654e+02
956,9.5500000e-02,1.2865382e+01,-4.3155596e+01,1.1508375e+02
957,9.5600000e-02,1.3191889e+01,-4.3163357e+01,1.1507944e+02
958,9.5700000e-02,1.3526563e+01,-4.3170705e+01,1.1507348e+02
959,9.5800000e-02,1.3868793e+01,-4.3177614e+01,1.1506580e+02
960,9.5900000e-02,1.4218007e+01,-4.3184066e+01,1.1505628e+02
961,9.6000000e-02,1.4573669e+01,-4.3190041e+01,1.1504485e+02
962,9.6100000e-02,1.4935280e+01,-4.3195521e+01,1.1503143e+02
963,9.6200000e-02,1.5302375e+01,-4.3200481e+01,1.1501597e+02
964,9.6300000e-02,1.5674520e+01,-4.3204902e+01,1.1499841e+02
965,9.6400000e-02,1.6051313e+01,-4.3208784e+01,1.1497867e+02
966,9.6500000e-02,1.6432379e+01,-4.3212123e+01,1.1495667e+02
967,9.6600000e-02,1.6817370e+01,-4.3214900e+01,1.1493240e+02
968,9.6700000e-02,1.7205956e+01,-4.3217098e+01,1.1490584e+02
969,9.6800000e-02,1.7597829e+01,-4.3218696e+01,1.1487696e+02
970,9.6900000e-02,1.7992698e+01,-4.3219674e+01,1.1484574e+02
971,9.7000000e-02,1.8390295e+01,-4.3220034e+01,1.1481211e+02
972,9.7100000e-02,1.8790371e+01,-4.3219770e+01,1.1477602e+02
973,9.7200000e-02,1.9192694e+01,-4.3218865e+01,1.1473750e+02
974,9.7300000e-02,1.9597034e+01,-4.3217306e+01,1.1469655e+02
975,9.7400000e-02,2.0003170e+01,-4.3215078e+01,1.1465318e+02
976,9.7500000e-02,2.0410883e+01,-4.3212182e+01,1.1460738e+02
977,9.7600000e-02,2.0819963e+01,-4.3208621e+01,1.1455915e+02
978,9.7700000e-02,2.1230202e+01,-4.3204402e+01,1.1450853e+02
979,9.7800000e-02,2.1641394e+01,-4.3199537e+01,1.1445551e+02
980,9.7900000e-02,2.2053338e+01,-4.3194049e+01,1.1440009e+02
981,9.8000000e-02,2.2465837e+01,-4.3187967e+01,1.1434225e+02
982,9.8100000e-02,2.2878692e+01,-4.3181321e+01,1.1428201e+02
983,9.8200000e-02,2.3291707e+01,-4.3174145e+01,1.1421937e+02
984,9.8300000e-02,2.3704691e+01,-4.3166460e+01,1.1415440e+02
985,9.8400000e-02,2.4117451e+01,-4.3158289e+01,1.1408710e+02
986,9.8500000e-02,2.4529807e+01,-4.3149637e+01,1.1401755e+02
987,9.8600000e-02,2.4941575e+01,-4.3140509e+01,1.1394580e+02
988,9.8700000e-02,2.5352566e+01,-4.3130922e+01,1.1387189e+02
989,9.8800000e-02,2.5762581e+01,-4.3120893e+01,1.1379583e+02
990,9.8900000e-02,2.6171412e+01,-4.3110447e+01,1.1371764e+02
991,9.9000000e-02,2.6578844e+01,-4.3099612e+01,1.1363734e+02
992,9.9100000e-02,2.6984651e+01,-4.3088420e+01,1.1355498e+02
993,9.9200000e-02,2.7388600e+01,-4.3076911e+01,1.1347058e+02
994,9.9300000e-02,2.7790445e+01,-4.3065124e+01,1.1338418e+02
995,9.9400000e-02,2.8189929e+01,-4.3053101e+01,1.1329582e+02
996,9.9500000e-02,2.8586771e+01,-4.3040890e+01,1.1320557e+02
997,9.9600000e-02,2.8980665e+01,-4.3028545e+01,1.1311347e+02
998,9.9700000e-02,2.9371270e+01,-4.3016119e+01,1.1301960e+02
999,9.9800000e-02,2.9758205e+01,-4.3003664e+01,1.1292406e+02
1000,9.9900000e-02,3.0141048e+01,-4.2991236e+01,1.1282699e+02
1001,1.0000000e-01,3.0519337e+01,-4.2978885e+01,1.1272857e+02
1002,1.0010000e-01,3.0892580e+01,-4.2966650e+01,1.1262903e+02
1003,1.0020000e-01,3.1260255e+01,-4.2954568e+01,1.1252859e+02
1004,1.0030000e-01,3.1621816e+01,-4.2942673e+01,1.1242754e+02
1005,1.0040000e-01,3.1976694e+01,-4.2930994e+01,1.1232614e+02
1006,1.0050000e-01,3.2324282e+01,-4.2919562e+01,1.1222469e+02
1007,1.0060000e-01,3.2663952e+01,-4.2908409e+01,1.1212351e+02
1008,1.0070000e-01,3.2995027e+01,-4.2897570e+01,1.1202292e+02
1009,1.0080000e-01,3.3316775e+01,-4.2887074e+01,1.1192328e+02
1010,1.0090000e-01,3.3628392e+01,-4.2876959e+01,1.1182499e+02
1011,1.0100000e-01,3.3929103e+01,-4.2867006e+01,1.1172863e+02
1012,1.0110000e-01,3.4218084e+01,-4.2857173e+01,1.1163479e+02
1013,1.0120000e-01,3.4494422e+01,-4.2847537e+01,1.1154396e+02
1014,1.0130000e-01,3.4757101e+01,-4.2838194e+01,1.1145664e+02
1015,1.0140000e-01,3.5005012e+01,-4.2829242e+01,1.1137330e+02
1016,1.0150000e-01,3.5236975e+01,-4.2820758e+01,1.1129445e+02
1017,1.0160000e-01,3.5451760e+01,-4.2812809e+01,1.1122060e+02
1018,1.0170000e-01,3.5648105e+01,-4.2805454e+01,1.1115230e+02
1019,1.0180000e-01,3.5824729e+01,-4.2798748e+01,1.1109008e+02
1020,1.0190000e-01,3.5980362e+01,-4.2792735e+01,1.1103451e+02
1021,1.0200000e-01,3.6113780e+01,-4.2787455e+01,1.1098611e+02
1022,1.0210000e-01,3.6223850e+01,-4.2782935e+01,1.1094539e+02
1023,1.0220000e-01,3.6309563e+01,-4.2779193e+01,1.1091279e+02
1024,1.0230000e-01,3.6370069e+01,-4.2776244e+01,1.1088869e+02
1025,1.0240000e-01,3.6404716e+01,-4.2774095e+01,1.1087338e+02
1026,1.0250000e-01,3.6413069e+01,-4.2772744e+01,1.1086705e+02
1027,1.0260000e-01,3.6394931e+01,-4.2772174e+01,1.1086981e+02
1028,1.0270000e-01,3.6350351e+01,-4.2772373e+01,1.1088162e+02
1029,1.0280000e-01,3.6279627e+01,-4.2773313e+01,1.1090236e+02
1030,1.0290000e-01,3.6183290e+01,-4.2774962e+01,1.1093180e+02
1031,1.0300000e-01,3.6062082e+01,-4.2777274e+01,1.1096961e+02
1032,1.0310000e-01,3.5916921e+01,-4.2780202e+01,1.1101538e+02
1033,1.0320000e-01,3.5748873e+01,-4.2783692e+01,1.1106866e+02
1034,1.0330000e-01,3.5559121e+01,-4.2787686e+01,1.1112892e+02
1035,1.0340000e-01,3.5348931e+01,-4.2792120e+01,1.1119559e+02
1036,1.0350000e-01,3.5119612e+01,-4.2796924e+01,1.1126812e+02
1037,1.0360000e-01,3.4872487e+01,-4.2802029e+01,1.1134590e+02
1038,1.0370000e-01,3.4608870e+01,-4.2807366e+01,1.1142836e+02
1039,1.0380000e-01,3.4330045e+01,-4.2812867e+01,1.1151493e+02
1040,1.0390000e-01,3.4037249e+01,-4.2818466e+01,1.1160506e+02
1041,1.0400000e-01,3.3731663e+01,-4.2824102e+01,1.1169823e+02
1042,1.0410000e-01,3.3414399e+01,-4.2829718e+01,1.1179393e+02
1043,1.0420000e-01,3.3086501e+01,-4.2835258e+01,1.1189172e+02
1044,1.0430000e-01,3.2748939e+01,-4.2840676e+01,1.1199113e+02
1045,1.0440000e-01,3.2402613e+01,-4.2845929e+01,1.1209178e+02
1046,1.0450000e-01,3.2048347e+01,-4.2850979e+01,1.1219328e+02
1047,1.0460000e-01,3.1686897e+01,-4.2855793e+01,1.1229530e+02
1048,1.0470000e-01,3.1318955e+01,-4.2860343e+01,1.1239752e+02
1049,1.0480000e-01,3.0945152e+01,-4.2864604e+01,1.1249965e+02
1050,1.0490000e-01,3.0566062e+01,-4.2868558e+01,1.1260143e+02
1051,1.0500000e-01,3.0182208e+01,-4.2872187e+01,1.1270263e+02
1052,1.0510000e-01,2.9794063e+01,-4.2875475e+01,1.1280305e+02
1053,1.0520000e-01,2.9402054e+01,-4.2878408e+01,1.1290251e+02
1054,1.0530000e-01,2.9006543e+01,-4.2880974e+01,1.1300087e+02
1055,1.0540000e-01,2.8607834e+01,-4.2883156e+01,1.1309799e+02
1056,1.0550000e-01,2.8206199e+01,-4.2884941e+01,1.1319378e+02
1057,1.0560000e-01,2.7801886e+01,-4.2886320e+01,1.1328812e+02
1058,1.0570000e-01,2.7395139e+01,-4.2887289e+01,1.1338090e+02
1059,1.0580000e-01,2.6986197e+01,-4.2887852e+01,1.1347202e+02
1060,1.0590000e-01,2.6575286e+01,-4.2888014e+01,1.1356138e+02
1061,1.0600000e-01,2.6162625e+01,-4.2887784e+01,1.1364888e+02
1062,1.0610000e-01,2.5748422e+01,-4.2887177e+01,1.1373442e+02
1063,1.0620000e-01,2.5332881e+01,-4.2886212e+01,1.1381790e+02
1064,1.0630000e-01,2.4916197e+01,-4.2884918e+01,1.1389920e+02
1065,1.0640000e-01,2.4498570e+01,-4.2883329e+01,1.1397820e+02
1066,1.0650000e-01,2.4080224e+01,-4.2881493e+01,1.1405473e+02
1067,1.0660000e-01,2.3661443e+01,-4.2879475e+01,1.1412859e+02
1068,1.0670000e-01,2.3242558e+01,-4.2877347e+01,1.1419969e+02
1069,1.0680000e-01,2.2823901e+01,-4.2875178e+01,1.1426794e+02
1070,1.0690000e-01,2.2405756e+01,-4.2873012e+01,1.1433335e+02
1071,1.0700000e-01,2.1988357e+01,-4.2870880e+01,1.1439591e+02
1072,1.0710000e-01,2.1571899e+01,-4.2868792e+01,1.1445562e+02
1073,1.0720000e-01,2.1156558e+01,-4.2866753e+01,1.1451250e+02
1074,1.0730000e-01,2.0742508e+01,-4.2864768e+01,1.1456655e+02
1075,1.0740000e-01,2.0329926e+01,-4.2862835e+01,1.1461780e+02
1076,1.0750000e-01,1.9918999e+01,-4.2860959e+01,1.1466624e+02
1077,1.0760000e-01,1.9509917e+01,-4.2859143e+01,1.1471192e+02
1078,1.0770000e-01,1.9102881e+01,-4.2857397e+01,1.1475484e+02
1079,1.0780000e-01,1.8698101e+01,-4.2855733e+01,1.1479505e+02
1080,1.0790000e-01,1.8295799e+01,-4.2854161e+01,1.1483256e+02
1081,1.0800000e-01,1.7896208e+01,-4.2852698e+01,1.1486740e+02
1082,1.0810000e-01,1.7499576e+01,-4.2851360e+01,1.1489962e+02
1083,1.0820000e-01,1.7106169e+01,-4.2850164e+01,1.1492924e+02
1084,1.0830000e-01,1.6716267e+01,-4.2849130e+01,1.1495632e+02
1085,1.0840000e-01,1.6330166e+01,-4.2848283e+01,1.1498088e+02
1086,1.0850000e-01,1.5948184e+01,-4.2847649e+01,1.1500299e+02
1087,1.0860000e-01,1.5570653e+01,-4.2847257e+01,1.1502269e+02
1088,1.0870000e-01,1.5197931e+01,-4.2847142e+01,1.1504004e+02
1089,1.0880000e-01,1.4830398e+01,-4.2847336e+01,1.1505509e+02
1090,1.0890000e-01,1.4468466e+01,-4.2847868e+01,1.1506792e+02
1091,1.0900000e-01,1.4112578e+01,-4.2848758e+01,1.1507858e+02
1092,1.0910000e-01,1.3763222e+01,-4.2850004e+01,1.1508717e+02
1093,1.0920000e-01,1.3420927e+01,-4.2851584e+01,1.1509378e+02
1094,1.0930000e-01,1.3086273e+01,-4.2853461e+01,1.1509854e+02
1095,1.0940000e-01,1.2759883e+01,-4.2855608e+01,1.1510157e+02
1096,1.0950000e-01,1.2442416e+01,-4.2858006e+01,1.1510301e+02
1097,1.0960000e-01,1.2134554e+01,-4.2860655e+01,1.1510301e+02
1098,1.0970000e-01,1.1837005e+01,-4.2863558e+01,1.1510173e+02
1099,1.0980000e-01,1.1550509e+01,-4.2866731e+01,1.1509930e+02
1100,1.0990000e-01,1.1275841e+01,-4.2870191e+01,1.1509589e+02
1101,1.1000000e-01,1.1013805e+01,-4.2873947e+01,1.1509165e+02
1102,1.1010000e-01,1.0765228e+01,-4.2878019e+01,1.1508675e+02
1103,1.1020000e-01,1.0530959e+01,-4.2882419e+01,1.1508133e+02
1104,1.1030000e-01,1.0311858e+01,-4.2887157e+01,1.1507559e+02
1105,1.1040000e-01,1.0108795e+01,-4.2892240e+01,1.1506969e+02
1106,1.1050000e-01,9.9226435e+00,-4.2897674e+01,1.1506380e+02
1107,1.1060000e-01,9.7542688e+00,-4.2903470e+01,1.1505808e+02
1108,1.1070000e-01,9.6045094e+00,-4.2909642e+01,1.1505269e+02
1109,1.1080000e-01,9.4741613e+00,-4.2916195e+01,1.1504777e+02
1110,1.1090000e-01,9.3639647e+00,-4.2923131e+01,1.1504345e+02
1111,1.1100000e-01,9.2745845e+00,-4.2930449e+01,1.1503985e+02
1112,1.1110000e-01,9.2066002e+00,-4.2938143e+01,1.1503709e+02
1113,1.1120000e-01,9.1604931e+00,-4.2946205e+01,1.1503522e+02
1114,1.1130000e-01,9.1366337e+00,-4.2954625e+01,1.1503431e+02
1115,1.1140000e-01,9.1352680e+00,-4.2963390e+01,1.1503437e+02
1116,1.1150000e-01,9.1565206e+00,-4.2972484e+01,1.1503540e+02
1117,1.1160000e-01,9.2003825e+00,-4.2981888e+01,1.1503736e+02
1118,1.1170000e-01,9.2667065e+00,-4.2991578e+01,1.1504020e+02
1119,1.1180000e-01,9.3552115e+00,-4.3001526e+01,1.1504384e+02
1120,1.1190000e-01,9.4654875e+00,-4.3011700e+01,1.1504816e+02
1121,1.1200000e-01,9.5970048e+00,-4.3022066e+01,1.1505305e+02
1122,1.1210000e-01,9.7491268e+00,-4.3032584e+01,1.1505835e+02
1123,1.1220000e-01,9.9211182e+00,-4.3043215e+01,1.1506392e+02
1124,1.1230000e-01,1.0112167e+01,-4.3053915e+01,1.1506957e+02
1125,1.1240000e-01,1.0321409e+01,-4.3064641e+01,1.1507514e+02
1126,1.1250000e-01,1.0547941e+01,-4.3075350e+01,1.1508044e+02
1127,1.1260000e-01,1.0790838e+01,-4.3085998e+01,1.1508529e+02
1128,1.1270000e-01,1.1049165e+01,-4.3096542e+01,1.1508951e+02
1129,1.1280000e-01,1.1321989e+01,-4.3106937e+01,1.1509293e+02
1130,1.1290000e-01,1.1608395e+01,-4.3117142e+01,1.1509537e+02
1131,1.1300000e-01,1.1907488e+01,-4.3127115e+01,1.1509668e+02
1132,1.1310000e-01,1.2218396e+01,-4.3136815e+01,1.1509669e+02
1133,1.1320000e-01,1.2540280e+01,-4.3146200e+01,1.1509528e+02
1134,1.1330000e-01,1.2872338e+01,-4.3155234e+01,1.1509231e+02
1135,1.1340000e-01,1.3213807e+01,-4.3163879e+01,1.1508766e+02
1136,1.1350000e-01,1.3563963e+01,-4.3172100e+01,1.1508121e+02
1137,1.1360000e-01,1.3922121e+01,-4.3179876e+01,1.1507284e+02
1138,1.1370000e-01,1.4287648e+01,-4.3187181e+01,1.1506246e+02
1139,1.1380000e-01,1.4659952e+01,-4.3193990e+01,1.1504997e+02
1140,1.1390000e-01,1.5038483e+01,-4.3200273e+01,1.1503530e+02
1141,1.1400000e-01,1.5422730e+01,-4.3206005e+01,1.1501840e+02
1142,1.1410000e-01,1.5812218e+01,-4.3211184e+01,1.1499915e+02
1143,1.1420000e-01,1.6206508e+01,-4.3215801e+01,1.1497748e+02
1144,1.1430000e-01,1.6605189e+01,-4.3219832e+01,1.1495338e+02
1145,1.1440000e-01,1.7007877e+01,-4.3223251e+01,1.1492681e+02
1146,1.1450000e-01,1.7414219e+01,-4.3226066e+01,1.1489766e+02
1147,1.1460000e-01,1.7823890e+01,-4.3228265e+01,1.1486591e+02
1148,1.1470000e-01,1.8236585e+01,-4.3229817e+01,1.1483156e+02
1149,1.1480000e-01,1.8652015e+01,-4.3230686e+01,1.1479463e+02
1150,1.1490000e-01,1.9069898e+01,-4.3230839e+01,1.1475512e+02
1151,1.1500000e-01,1.9489962e+01,-4.3230251e+01,1.1471303e+02
1152,1.1510000e-01,1.9911948e+01,-4.3228904e+01,1.1466835e+02
1153,1.1520000e-01,2.0335618e+01,-4.3226788e+01,1.1462110e+02
1154,1.1530000e-01,2.0760767e+01,-4.3223910e+01,1.1457129e+02
1155,1.1540000e-01,2.1187196e+01,-4.3220285e+01,1.1451890e+02
1156,1.1550000e-01,2.1614699e+01,-4.3215927e+01,1.1446393e+02
1157,1.1560000e-01,2.2043062e+01,-4.3210856e+01,1.1440636e+02
1158,1.1570000e-01,2.2472062e+01,-4.3205093e+01,1.1434619e+02
1159,1.1580000e-01,2.2901465e+01,-4.3198662e+01,1.1428340e+02
1160,1.1590000e-01,2.3331025e+01,-4.3191586e+01,1.1421800e+02
1161,1.1600000e-01,2.3760498e+01,-4.3183896e+01,1.1415003e+02
1162,1.1610000e-01,2.4189641e+01,-4.3175624e+01,1.1407953e+02
1163,1.1620000e-01,2.4618210e+01,-4.3166806e+01,1.1400651e+02
1164,1.1630000e-01,2.5045970e+01,-4.3157469e+01,1.1393104e+02
1165,1.1640000e-01,2.5472686e+01,-4.3147622e+01,1.1385320e+02
1166,1.1650000e-01,2.5898135e+01,-4.3137262e+01,1.1377310e+02
1167,1.1660000e-01,2.6322085e+01,-4.3126393e+01,1.1369080e+02
1168,1.1670000e-01,2.6744300e+01,-4.3115027e+01,1.1360635e+02
1169,1.1680000e-01,2.7164533e+01,-4.3103196e+01,1.1351977e+02
1170,1.1690000e-01,2.7582527e+01,-4.3090938e+01,1.1343110e+02
1171,1.1700000e-01,2.7998006e+01,-4.3078298e+01,1.1334036e+02
1172,1.1710000e-01,2.8410666e+01,-4.3065331e+01,1.1324759e+02
1173,1.1720000e-01,2.8820167e+01,-4.3052100e+01,1.1315286e+02
1174,1.1730000e-01,2.9226127e+01,-4.3038668e+01,1.1305623e+02
1175,1.1740000e-01,2.9628131e+01,-4.3025092e+01,1.1295786e+02
1176,1.1750000e-01,3.0025726e+01,-4.3011432e+01,1.1285789e+02
1177,1.1760000e-01,3.0418436e+01,-4.2997738e+01,1.1275653e+02
1178,1.1770000e-01,3.0805760e+01,-4.2984053e+01,1.1265399e+02
1179,1.1780000e-01,3.1187169e+01,-4.2970421e+01,1.1255052e+02
1180,1.1790000e-01,3.1562104e+01,-4.2956884e+01,1.1244637e+02
1181,1.1800000e-01,3.1929969e+01,-4.2943479e+01,1.1234183e+02
1182,1.1810000e-01,3.2290124e+01,-4.2930247e+01,1.1223719e+02
1183,1.1820000e-01,3.2641900e+01,-4.2917231e+01,1.1213280e+02
1184,1.1830000e-01,3.2984569e+01,-4.2904476e+01,1.1202899e+02
1185,1.1840000e-01,3.3317332e+01,-4.2892028e+01,1.1192616e+02
1186,1.1850000e-01,3.3639319e+01,-4.2879929e+01,1.1182473e+02
1187,1.1860000e-01,3.3949693e+01,-4.2867966e+01,1.1172537e+02
1188,1.1870000e-01,3.4247573e+01,-4.2856135e+01,1.1162871e+02
1189,1.1880000e-01,3.4531971e+01,-4.2844538e+01,1.1153533e+02
1190,1.1890000e-01,3.4801781e+01,-4.2833305e+01,1.1144575e+02
1191,1.1900000e-01,3.5055791e+01,-4.2822559e+01,1.1136049e+02
1192,1.1910000e-01,3.5292708e+01,-4.2812388e+01,1.1128009e+02
1193,1.1920000e-01,3.5511188e+01,-4.2802874e+01,1.1120511e+02
1194,1.1930000e-01,3.5709848e+01,-4.2794077e+01,1.1113613e+02
1195,1.1940000e-01,3.5887299e+01,-4.2786060e+01,1.1107373e+02
1196,1.1950000e-01,3.6042171e+01,-4.2778871e+01,1.1101852e+02
1197,1.1960000e-01,3.6173159e+01,-4.2772549e+01,1.1097105e+02
1198,1.1970000e-01,3.6279072e+01,-4.2767127e+01,1.1093184e+02
1199,1.1980000e-01,3.6358874e+01,-4.2762617e+01,1.1090135e+02
1200,1.1990000e-01,3.6411717e+01,-4.2759030e+01,1.1087996e+02
1201,1.2000000e-01,3.6436991e+01,-4.2756367e+01,1.1086794e+02
1202,1.2010000e-01,3.6434341e+01,-4.2754621e+01,1.1086545e+02
1203,1.2020000e-01,3.6403680e+01,-4.2753772e+01,1.1087254e+02
1204,1.2030000e-01,3.6345199e+01,-4.2753802e+01,1.1088911e+02
1205,1.2040000e-01,3.6259354e+01,-4.2754678e+01,1.1091498e+02
1206,1.2050000e-01,3.6146853e+01,-4.2756359e+01,1.1094983e+02
1207,1.2060000e-01,3.6008619e+01,-4.2758792e+01,1.1099325e+02
1208,1.2070000e-01,3.5845756e+01,-4.2761919e+01,1.1104477e+02
1209,1.2080000e-01,3.5659501e+01,-4.2765676e+01,1.1110385e+02
1210,1.2090000e-01,3.5451189e+01,-4.2769993e+01,1.1116989e+02
1211,1.2100000e-01,3.5222225e+01,-4.2774795e+01,1.1124229e+02
1212,1.2110000e-01,3.4974039e+01,-4.2780007e+01,1.1132041e+02
1213,1.2120000e-01,3.4708059e+01,-4.2785550e+01,1.1140362e+02
1214,1.2130000e-01,3.4425683e+01,-4.2791347e+01,1.1149132e+02
1215,1.2140000e-01,3.4128261e+01,-4.2797324e+01,1.1158290e+02
1216,1.2150000e-01,3.3817083e+01,-4.2803409e+01,1.1167779e+02
1217,1.2160000e-01,3.3493367e+01,-4.2809536e+01,1.1177545e+02
1218,1.2170000e-01,3.3158252e+01,-4.2815642e+01,1.1187537e+02
1219,1.2180000e-01,3.2812800e+01,-4.2821670e+01,1.1197708e+02
1220,1.2190000e-01,3.2457991e+01,-4.2827568e+01,1.1208015e+02
1221,1.2200000e-01,3.2094725e+01,-4.2833292e+01,1.1218415e+02
1222,1.2210000e-01,3.1723830e+01,-4.2838801e+01,1.1228872e+02
1223,1.2220000e-01,3.1346059e+01,-4.2844063e+01,1.1239352e+02
1224,1.2230000e-01,3.0962099e+01,-4.2849047e+01,1.1249823e+02
1225,1.2240000e-01,3.0572575e+01,-4.2853727e+01,1.1260259e+02
1226,1.2250000e-01,3.0178053e+01,-4.2858083e+01,1.1270633e+02
1227,1.2260000e-01,2.9779046e+01,-4.2862094e+01,1.1280923e+02
1228,1.2270000e-01,2.9376014e+01,-4.2865744e+01,1.1291112e+02
1229,1.2280000e-01,2.8969348e+01,-4.2869015e+01,1.1301182e+02
1230,1.2290000e-01,2.8559379e+01,-4.2871886e+01,1.1311121e+02
1231,1.2300000e-01,2.8146398e+01,-4.2874341e+01,1.1320918e+02
1232,1.2310000e-01,2.7730675e+01,-4.2876367e+01,1.1330560e+02
1233,1.2320000e-01,2.7312472e+01,-4.2877957e+01,1.1340036e+02
1234,1.2330000e-01,2.6892045e+01,-4.2879113e+01,1.1349336e+02
1235,1.2340000e-01,2.6469638e+01,-4.2879838e+01,1.1358448e+02
1236,1.2350000e-01,2.6045486e+01,-4.2880141e+01,1.1367362e+02
1237,1.2360000e-01,2.5619816e+01,-4.2880035e+01,1.1376068e+02
1238,1.2370000e-01,2.5192843e+01,-4.2879541e+01,1.1384555e+02
1239,1.2380000e-01,2.4764778e+01,-4.2878688e+01,1.1392810e+02
1240,1.2390000e-01,2.4335838e+01,-4.2877515e+01,1.1400819e+02
1241,1.2400000e-01,2.3906282e+01,-4.2876078e+01,1.1408561e+02
1242,1.2410000e-01,2.3476443e+01,-4.2874447e+01,1.1416019e+02
1243,1.2420000e-01,2.3046697e+01,-4.2872703e+01,1.1423182e+02
1244,1.2430000e-01,2.2617391e+01,-4.2870916e+01,1.1430046e+02
1245,1.2440000e-01,2.2188807e+01,-4.2869128e+01,1.1436609e+02
1246,1.2450000e-01,2.1761169e+01,-4.2867363e+01,1.1442874e+02
1247,1.2460000e-01,2.1334668e+01,-4.2865633e+01,1.1448839e+02
1248,1.2470000e-01,2.0909489e+01,-4.2863942e+01,1.1454507e+02
1249,1.2480000e-01,2.0485821e+01,-4.2862286e+01,1.1459879e+02
1250,1.2490000e-01,2.0063859e+01,-4.2860663e+01,1.1464956e+02
1251,1.2500000e-01,1.9643809e+01,-4.2859076e+01,1.1469741e+02
1252,1.2510000e-01,1.9225886e+01,-4.2857528e+01,1.1474236e+02
1253,1.2520000e-01,1.8810315e+01,-4.2856031e+01,1.1478444e+02
1254,1.2530000e-01,1.8397333e+01,-4.2854600e+01,1.1482368e+02
1255,1.2540000e-01,1.7987186e+01,-4.2853253e+01,1.1486012e+02
1256,1.2550000e-01,1.7580138e+01,-4.2852008e+01,1.1489378e+02
1257,1.2560000e-01,1.7176462e+01,-4.2850885e+01,1.1492471e+02
1258,1.2570000e-01,1.6776453e+01,-4.2849906e+01,1.1495296e+02
1259,1.2580000e-01,1.6380419e+01,-4.2849096e+01,1.1497857e+02
1260,1.2590000e-01,1.5988692e+01,-4.2848482e+01,1.1500160e+02
1261,1.2600000e-01,1.5601624e+01,-4.2848096e+01,1.1502210e+02
1262,1.2610000e-01,1.5219592e+01,-4.2847971e+01,1.1504013e+02
1263,1.2620000e-01,1.4843004e+01,-4.2848140e+01,1.1505575e+02
1264,1.2630000e-01,1.4472295e+01,-4.2848633e+01,1.1506903e+02
1265,1.2640000e-01,1.4107940e+01,-4.2849466e+01,1.1508006e+02
1266,1.2650000e-01,1.3750457e+01,-4.2850639e+01,1.1508891e+02
1267,1.2660000e-01,1.3400410e+01,-4.2852132e+01,1.1509571e+02
1268,1.2670000e-01,1.3058410e+01,-4.2853919e+01,1.1510057e+02
1269,1.2680000e-01,1.2725112e+01,-4.2855975e+01,1.1510364e+02
1270,1.2690000e-01,1.2401207e+01,-4.2858290e+01,1.1510506e+02
1271,1.2700000e-01,1.2087415e+01,-4.2860863e+01,1.1510500e+02
1272,1.2710000e-01,1.1784490e+01,-4.2863699e+01,1.1510360e+02
1273,1.2720000e-01,1.1493222e+01,-4.2866818e+01,1.1510103e+02
1274,1.2730000e-01,1.1214437e+01,-4.2870237e+01,1.1509745e+02
1275,1.2740000e-01,1.0948989e+01,-4.2873967e+01,1.1509303e+02
1276,1.2750000e-01,1.0697756e+01,-4.2878029e+01,1.1508794e+02
1277,1.2760000e-01,1.0461634e+01,-4.2882435e+01,1.1508237e+02
1278,1.2770000e-01,1.0241532e+01,-4.2887197e+01,1.1507650e+02
1279,1.2780000e-01,1.0038373e+01,-4.2892321e+01,1.1507050e+02
1280,1.2790000e-01,9.8530747e+00,-4.2897818e+01,1.1506457e+02
1281,1.2800000e-01,9.6865452e+00,-4.2903699e+01,1.1505885e+02
1282,1.2810000e-01,9.5396563e+00,-4.2909979e+01,1.1505353e+02
1283,1.2820000e-01,9.4132282e+00,-4.2916664e+01,1.1504874e+02
1284,1.2830000e-01,9.3080151e+00,-4.2923757e+01,1.1504462e+02
1285,1.2840000e-01,9.2246840e+00,-4.2931255e+01,1.1504131e+02
1286,1.2850000e-01,9.1638032e+00,-4.2939152e+01,1.1503888e+02
1287,1.2860000e-01,9.1258301e+00,-4.2947440e+01,1.1503742e+02
1288,1.2870000e-01,9.1110973e+00,-4.2956106e+01,1.1503697e+02
1289,1.2880000e-01,9.1198002e+00,-4.2965135e+01,1.1503753e+02
1290,1.2890000e-01,9.1520005e+00,-4.2974511e+01,1.1503909e+02
1291,1.2900000e-01,9.2076160e+00,-4.2984210e+01,1.1504159e+02
1292,1.2910000e-01,9.2864194e+00,-4.2994207e+01,1.1504497e+02
1293,1.2920000e-01,9.3880406e+00,-4.3004472e+01,1.1504913e+02
1294,1.2930000e-01,9.5119755e+00,-4.3014968e+01,1.1505393e+02
1295,1.2940000e-01,9.6575989e+00,-4.3025657e+01,1.1505924e+02
1296,1.2950000e-01,9.8241727e+00,-4.3036498e+01,1.1506489e+02
1297,1.2960000e-01,1.0010870e+01,-4.3047446e+01,1.1507072e+02
1298,1.2970000e-01,1.0216797e+01,-4.3058456e+01,1.1507653e+02
1299,1.2980000e-01,1.0441018e+01,-4.3069482e+01,1.1508213e+02
1300,1.2990000e-01,1.0682561e+01,-4.3080479e+01,1.1508734e+02
1301,1.3000000e-01,1.0940440e+01,-4.3091400e+01,1.1509196e+02
1302,1.3010000e-01,1.1213670e+01,-4.3102200e+01,1.1509580e+02
1303,1.3020000e-01,1.1501278e+01,-4.3112833e+01,1.1509869e+02
1304,1.3030000e-01,1.1802310e+01,-4.3123254e+01,1.1510044e+02
1305,1.3040000e-01,1.2115838e+01,-4.3133420e+01,1.1510091e+02
1306,1.3050000e-01,1.2440965e+01,-4.3143286e+01,1.1509993e+02
1307,1.3060000e-01,1.2776832e+01,-4.3152812e+01,1.1509736e+02
1308,1.3070000e-01,1.3122622e+01,-4.3161958e+01,1.1509307e+02
1309,1.3080000e-01,1.3477560e+01,-4.3170686e+01,1.1508694e+02
1310,1.3090000e-01,1.3840919e+01,-4.3178961e+01,1.1507887e+02
1311,1.3100000e-01,1.4212017e+01,-4.3186762e+01,1.1506871e+02
1312,1.3110000e-01,1.4590222e+01,-4.3194065e+01,1.1505638e+02
1313,1.3120000e-01,1.4974946e+01,-4.3200841e+01,1.1504180e+02
1314,1.3130000e-01,1.5365641e+01,-4.3207059e+01,1.1502491e+02
1315,1.3140000e-01,1.5761801e+01,-4.3212720e+01,1.1500557e+02
1316,1.3150000e-01,1.6162962e+01,-4.3217803e+01,1.1498375e+02
1317,1.3160000e-01,1.6568687e+01,-4.3222286e+01,1.1495940e+02
1318,1.3170000e-01,1.6978567e+01,-4.3226143e+01,1.1493249e+02
1319,1.3180000e-01,1.7392227e+01,-4.3229382e+01,1.1490291e+02
1320,1.3190000e-01,1.7809328e+01,-4.3231974e+01,1.1487065e+02
1321,1.3200000e-01,1.8229549e+01,-4.3233889e+01,1.1483573e+02
1322,1.3210000e-01,1.8652580e+01,-4.3235088e+01,1.1479812e+02
1323,1.3220000e-01,1.9078119e+01,-4.3235541e+01,1.1475783e+02
1324,1.3230000e-01,1.9505916e+01,-4.3235231e+01,1.1471482e+02
1325,1.3240000e-01,1.9935759e+01,-4.3234151e+01,1.1466910e+02
1326,1.3250000e-01,2.0367432e+01,-4.3232297e+01,1.1462066e+02
1327,1.3260000e-01,2.0800708e+01,-4.3229670e+01,1.1456952e+02
1328,1.3270000e-01,2.1235345e+01,-4.3226272e+01,1.1451568e+02
1329,1.3280000e-01,2.1671093e+01,-4.3222104e+01,1.1445916e+02
1330,1.3290000e-01,2.2107697e+01,-4.3217172e+01,1.1439996e+02
1331,1.3300000e-01,2.2544892e+01,-4.3211482e+01,1.1433809e+02
1332,1.3310000e-01,2.2982412e+01,-4.3205049e+01,1.1427356e+02
1333,1.3320000e-01,2.3419996e+01,-4.3197897e+01,1.1420640e+02
1334,1.3330000e-01,2.3857387e+01,-4.3190057e+01,1.1413661e+02
1335,1.3340000e-01,2.4294320e+01,-4.3181573e+01,1.1406422e+02
1336,1.3350000e-01,2.4730531e+01,-4.3172489e+01,1.1398924e+02
1337,1.3360000e-01,2.5165762e+01,-4.3162854e+01,1.1391171e+02
1338,1.3370000e-01,2.5599758e+01,-4.3152704e+01,1.1383167e+02
1339,1.3380000e-01,2.6032268e+01,-4.3142062e+01,1.1374921e+02
1340,1.3390000e-01,2.6463058e+01,-4.3130905e+01,1.1366448e+02
1341,1.3400000e-01,2.6891888e+01,-4.3119227e+01,1.1357757e+02
1342,1.3410000e-01,2.7318504e+01,-4.3107042e+01,1.1348851e+02
1343,1.3420000e-01,2.7742624e+01,-4.3094384e+01,1.1339732e+02
1344,1.3430000e-01,2.8163932e+01,-4.3081310e+01,1.1330402e+02
1345,1.3440000e-01,2.8582074e+01,-4.3067883e+01,1.1320869e+02
1346,1.3450000e-01,2.8996659e+01,-4.3054164e+01,1.1311142e+02
1347,1.3460000e-01,2.9407268e+01,-4.3040218e+01,1.1301235e+02
1348,1.3470000e-01,2.9813460e+01,-4.3026101e+01,1.1291163e+02
1349,1.3480000e-01,3.0214776e+01,-4.3011864e+01,1.1280945e+02
1350,1.3490000e-01,3.0610738e+01,-4.2997555e+01,1.1270600e+02
1351,1.3500000e-01,3.1000836e+01,-4.2983226e+01,1.1260152e+02
1352,1.3510000e-01,3.1384528e+01,-4.2968923e+01,1.1249624e+02
1353,1.3520000e-01,3.1761230e+01,-4.2954691e+01,1.1239044e+02
1354,1.3530000e-01,3.2130310e+01,-4.2940575e+01,1.1228440e+02
1355,1.3540000e-01,3.2491099e+01,-4.2926623e+01,1.1217844e+02
1356,1.3550000e-01,3.2842867e+01,-4.2912888e+01,1.1207292e+02
1357,1.3560000e-01,3.3184815e+01,-4.2899419e+01,1.1196821e+02
1358,1.3570000e-01,3.3516062e+01,-4.2886266e+01,1.1186475e+02
1359,1.3580000e-01,3.3835775e+01,-4.2873228e+01,1.1176322e+02
1360,1.3590000e-01,3.4143073e+01,-4.2860320e+01,1.1166428e+02
1361,1.3600000e-01,3.4436964e+01,-4.2847666e+01,1.1156851e+02
1362,1.3610000e-01,3.4716332e+01,-4.2835412e+01,1.1147643e+02
1363,1.3620000e-01,3.4979942e+01,-4.2823692e+01,1.1138859e+02
1364,1.3630000e-01,3.5226463e+01,-4.2812602e+01,1.1130553e+02
1365,1.3640000e-01,3.5454503e+01,-4.2802228e+01,1.1122781e+02
1366,1.3650000e-01,3.5662627e+01,-4.2792633e+01,1.1115604e+02
1367,1.3660000e-01,3.5849382e+01,-4.2783882e+01,1.1109083e+02
1368,1.3670000e-01,3.6013337e+01,-4.2776024e+01,1.1103278e+02
1369,1.3680000e-01,3.6153113e+01,-4.2769098e+01,1.1098251e+02
1370,1.3690000e-01,3.6267435e+01,-4.2763135e+01,1.1094056e+02
1371,1.3700000e-01,3.6355184e+01,-4.2758149e+01,1.1090744e+02
1372,1.3710000e-01,3.6415429e+01,-4.2754151e+01,1.1088354e+02
1373,1.3720000e-01,3.6447473e+01,-4.2751141e+01,1.1086920e+02
1374,1.3730000e-01,3.6450897e+01,-4.2749110e+01,1.1086460e+02
1375,1.3740000e-01,3.6425565e+01,-4.2748037e+01,1.1086980e+02
1376,1.3750000e-01,3.6371631e+01,-4.2747901e+01,1.1088474e+02
1377,1.3760000e-01,3.6289530e+01,-4.2748670e+01,1.1090924e+02
1378,1.3770000e-01,3.6179960e+01,-4.2750298e+01,1.1094299e+02
1379,1.3780000e-01,3.6043851e+01,-4.2752731e+01,1.1098558e+02
1380,1.3790000e-01,3.5882327e+01,-4.2755908e+01,1.1103653e+02
1381,1.3800000e-01,3.5696655e+01,-4.2759760e+01,1.1109529e+02
1382,1.3810000e-01,3.5488212e+01,-4.2764213e+01,1.1116126e+02
1383,1.3820000e-01,3.5258449e+01,-4.2769192e+01,1.1123379e+02
1384,1.3830000e-01,3.5008849e+01,-4.2774613e+01,1.1131224e+02
1385,1.3840000e-01,3.4740893e+01,-4.2780393e+01,1.1139597e+02
1386,1.3850000e-01,3.4456032e+01,-4.2786452e+01,1.1148432e+02
1387,1.3860000e-01,3.4155672e+01,-4.2792709e+01,1.1157669e+02
1388,1.3870000e-01,3.3841152e+01,-4.2799089e+01,1.1167248e+02
1389,1.3880000e-01,3.3513740e+01,-4.2805520e+01,1.1177113e+02
1390,1.3890000e-01,3.3174621e+01,-4.2811938e+01,1.1187211e+02
1391,1.3900000e-01,3.2824895e+01,-4.2818281e+01,1.1197494e+02
1392,1.3910000e-01,3.2465580e+01,-4.2824494e+01,1.1207916e+02
1393,1.3920000e-01,3.2097611e+01,-4.2830529e+01,1.1218434e+02
1394,1.3930000e-01,3.1721843e+01,-4.2836344e+01,1.1229010e+02
1395,1.3940000e-01,3.1339057e+01,-4.2841902e+01,1.1239609e+02
1396,1.3950000e-01,3.0949963e+01,-4.2847174e+01,1.1250199e+02
1397,1.3960000e-01,3.0555207e+01,-4.2852130e+01,1.1260751e+02
1398,1.3970000e-01,3.0155375e+01,-4.2856748e+01,1.1271239e+02
1399,1.3980000e-01,2.9750995e+01,-4.2861009e+01,1.1281640e+02
1400,1.3990000e-01,2.9342539e+01,-4.2864894e+01,1.1291935e+02
1401,1.4000000e-01,2.8930409e+01,-4.2868384e+01,1.1302108e+02
1402,1.4010000e-01,2.8514943e+01,-4.2871458e+01,1.1312146e+02
1403,1.4020000e-01,2.8096440e+01,-4.2874097e+01,1.1322037e+02
1404,1.4030000e-01,2.7675179e+01,-4.2876289e+01,1.1331768e+02
1405,1.4040000e-01,2.7251434e+01,-4.2878025e+01,1.1341329e+02
1406,1.4050000e-01,2.6825471e+01,-4.2879306e+01,1.1350708e+02
1407,1.4060000e-01,2.6397540e+01,-4.2880136e+01,1.1359894e+02
1408,1.4070000e-01,2.5967885e+01,-4.2880522e+01,1.1368877e+02
1409,1.4080000e-01,2.5536736e+01,-4.2880479e+01,1.1377646e+02
1410,1.4090000e-01,2.5104315e+01,-4.2880028e+01,1.1386189e+02
1411,1.4100000e-01,2.4670841e+01,-4.2879200e+01,1.1394494e+02
1412,1.4110000e-01,2.4236542e+01,-4.2878038e+01,1.1402544e+02
1413,1.4120000e-01,2.3801702e+01,-4.2876602e+01,1.1410317e+02
1414,1.4130000e-01,2.3366684e+01,-4.2874970e+01,1.1417796e+02
1415,1.4140000e-01,2.2931880e+01,-4.2873230e+01,1.1424972e+02
1416,1.4150000e-01,2.2497635e+01,-4.2871444e+01,1.1431841e+02
1417,1.4160000e-01,2.2064225e+01,-4.2869660e+01,1.1438404e+02
1418,1.4170000e-01,2.1631871e+01,-4.2867894e+01,1.1444660e+02
1419,1.4180000e-01,2.1200767e+01,-4.2866156e+01,1.1450610e+02
1420,1.4190000e-01,2.0771102e+01,-4.2864452e+01,1.1456256e+02
1421,1.4200000e-01,2.0343069e+01,-4.2862779e+01,1.1461599e+02
1422,1.4210000e-01,1.9916871e+01,-4.2861131e+01,1.1466641e+02
1423,1.4220000e-01,1.9492725e+01,-4.2859511e+01,1.1471385e+02
1424,1.4230000e-01,1.9070856e+01,-4.2857928e+01,1.1475833e+02
1425,1.4240000e-01,1.8651502e+01,-4.2856393e+01,1.1479988e+02
1426,1.4250000e-01,1.8234913e+01,-4.2854925e+01,1.1483854e+02
1427,1.4260000e-01,1.7821351e+01,-4.2853541e+01,1.1487433e+02
1428,1.4270000e-01,1.7411090e+01,-4.2852263e+01,1.1490730e+02
1429,1.4280000e-01,1.7004421e+01,-4.2851111e+01,1.1493750e+02
1430,1.4290000e-01,1.6601652e+01,-4.2850108e+01,1.1496498e+02
1431,1.4300000e-01,1.6203110e+01,-4.2849282e+01,1.1498978e+02
1432,1.4310000e-01,1.5809147e+01,-4.2848664e+01,1.1501197e+02
1433,1.4320000e-01,1.5420136e+01,-4.2848287e+01,1.1503160e+02
1434,1.4330000e-01,1.5036480e+01,-4.2848186e+01,1.1504873e+02
1435,1.4340000e-01,1.4658610e+01,-4.2848395e+01,1.1506344e+02
1436,1.4350000e-01,1.4286996e+01,-4.2848936e+01,1.1507579e+02
1437,1.4360000e-01,1.3922147e+01,-4.2849818e+01,1.1508588e+02
1438,1.4370000e-01,1.3564617e+01,-4.2851032e+01,1.1509381e+02
1439,1.4380000e-01,1.3215010e+01,-4.2852558e+01,1.1509970e+02
1440,1.4390000e-01,1.2873975e+01,-4.2854367e+01,1.1510369e+02
1441,1.4400000e-01,1.2542202e+01,-4.2856445e+01,1.1510593e+02
1442,1.4410000e-01,1.2220417e+01,-4.2858787e+01,1.1510658e+02
1443,1.4420000e-01,1.1909376e+01,-4.2861403e+01,1.1510579e+02
1444,1.4430000e-01,1.1609873e+01,-4.2864301e+01,1.1510373e+02
1445,1.4440000e-01,1.1322741e+01,-4.2867502e+01,1.1510056e+02
1446,1.4450000e-01,1.1048845e+01,-4.2871018e+01,1.1509646e+02
1447,1.4460000e-01,1.0789080e+01,-4.2874865e+01,1.1509161e+02
1448,1.4470000e-01,1.0544356e+01,-4.2879063e+01,1.1508619e+02
1449,1.4480000e-01,1.0315602e+01,-4.2883625e+01,1.1508038e+02
1450,1.4490000e-01,1.0103761e+01,-4.2888558e+01,1.1507438e+02
1451,1.4500000e-01,9.9097794e+00,-4.2893873e+01,1.1506836e+02
1452,1.4510000e-01,9.7345943e+00,-4.2899583e+01,1.1506251e+02
1453,1.4520000e-01,9.5791121e+00,-4.2905703e+01,1.1505700e+02
1454,1.4530000e-01,9.4441917e+00,-4.2912241e+01,1.1505198e+02
1455,1.4540000e-01,9.3306291e+00,-4.2919201e+01,1.1504760e+02
1456,1.4550000e-01,9.2391358e+00,-4.2926582e+01,1.1504400e+02
1457,1.4560000e-01,9.1703268e+00,-4.2934379e+01,1.1504128e+02
1458,1.4570000e-01,9.1247065e+00,-4.2942584e+01,1.1503952e+02
1459,1.4580000e-01,9.1026543e+00,-4.2951186e+01,1.1503877e+02
1460,1.4590000e-01,9.1044103e+00,-4.2960173e+01,1.1503906e+02
1461,1.4600000e-01,9.1300783e+00,-4.2969525e+01,1.1504037e+02
1462,1.4610000e-01,9.1796135e+00,-4.2979224e+01,1.1504266e+02
1463,1.4620000e-01,9.2528185e+00,-4.2989243e+01,1.1504587e+02
1464,1.4630000e-01,9.3493491e+00,-4.2999552e+01,1.1504989e+02
1465,1.4640000e-01,9.4687212e+00,-4.3010115e+01,1.1505461e+02
1466,1.4650000e-01,9.6103222e+00,-4.3020893e+01,1.1505988e+02
1467,1.4660000e-01,9.7734184e+00,-4.3031845e+01,1.1506554e+02
1468,1.4670000e-01,9.9571798e+00,-4.3042925e+01,1.1507142e+02
1469,1.4680000e-01,1.0160705e+01,-4.3054088e+01,1.1507733e+02
1470,1.4690000e-01,1.0383041e+01,-4.3065286e+01,1.1508308e+02
1471,1.4700000e-01,1.0623198e+01,-4.3076473e+01,1.1508845e+02
1472,1.4710000e-01,1.0880167e+01,-4.3087601e+01,1.1509327e+02
1473,1.4720000e-01,1.1152936e+01,-4.3098624e+01,1.1509734e+02
1474,1.4730000e-01,1.1440499e+01,-4.3109493e+01,1.1510047e+02
1475,1.4740000e-01,1.1741873e+01,-4.3120162e+01,1.1510248e+02
1476,1.4750000e-01,1.2056105e+01,-4.3130586e+01,1.1510320e+02
1477,1.4760000e-01,1.2382269e+01,-4.3140722e+01,1.1510247e+02
1478,1.4770000e-01,1.2719481e+01,-4.3150525e+01,1.1510015e+02
1479,1.4780000e-01,1.3066896e+01,-4.3159954e+01,1.1509609e+02
1480,1.4790000e-01,1.3423714e+01,-4.3168971e+01,1.1509019e+02
1481,1.4800000e-01,1.3789180e+01,-4.3177538e+01,1.1508230e+02
1482,1.4810000e-01,1.4162592e+01,-4.3185634e+01,1.1507232e+02
1483,1.4820000e-01,1.4543295e+01,-4.3193233e+01,1.1506014e+02
1484,1.4830000e-01,1.4930680e+01,-4.3200304e+01,1.1504567e+02
1485,1.4840000e-01,1.5324181e+01,-4.3206816e+01,1.1502885e+02
1486,1.4850000e-01,1.5723275e+01,-4.3212770e+01,1.1500955e+02
1487,1.4860000e-01,1.6127482e+01,-4.3218143e+01,1.1498773e+02
1488,1.4870000e-01,1.6536353e+01,-4.3222910e+01,1.1496333e+02
1489,1.4880000e-01,1.6949465e+01,-4.3227046e+01,1.1493634e+02
1490,1.4890000e-01,1.7366430e+01,-4.3230559e+01,1.1490662e+02
1491,1.4900000e-01,1.7786900e+01,-4.3233417e+01,1.1487419e+02
1492,1.4910000e-01,1.8210546e+01,-4.3235588e+01,1.1483904e+02
1493,1.4920000e-01,1.8637047e+01,-4.3237033e+01,1.1480117e+02
1494,1.4930000e-01,1.9066093e+01,-4.3237717e+01,1.1476057e+02
1495,1.4940000e-01,1.9497429e+01,-4.3237624e+01,1.1471721e+02
1496,1.4950000e-01,1.9930838e+01,-4.3236744e+01,1.1467109e+02
1497,1.4960000e-01,2.0366099e+01,-4.3235075e+01,1.1462221e+02
1498,1.4970000e-01,2.0802978e+01,-4.3232615e+01,1.1457058e+02
1499,1.4980000e-01,2.1241227e+01,-4.3229365e+01,1.1451623e+02
1500,1.4990000e-01,2.1680588e+01,-4.3225325e+01,1.1445915e+02
1501,1.5000000e-01,2.2120801e+01,-4.3220499e+01,1.1439935e+02
1502,1.5010000e-01,2.2561601e+01,-4.3214899e+01,1.1433683e+02
1503,1.5020000e-01,2.3002722e+01,-4.3208537e+01,1.1427162e+02
1504,1.5030000e-01,2.3443894e+01,-4.3201434e+01,1.1420372e+02
1505,1.5040000e-01,2.3884851e+01,-4.3193624e+01,1.1413317e+02
1506,1.5050000e-01,2.4325327e+01,-4.3185147e+01,1.1405998e+02
1507,1.5060000e-01,2.4765055e+01,-4.3176047e+01,1.1398416e+02
1508,1.5070000e-01,2.5203767e+01,-4.3166374e+01,1.1390574e+02
1509,1.5080000e-01,2.5641196e+01,-4.3156163e+01,1.1382478e+02
1510,1.5090000e-01,2.6077081e+01,-4.3145435e+01,1.1374137e+02
1511,1.5100000e-01,2.6511177e+01,-4.3134168e+01,1.1365568e+02
1512,1.5110000e-01,2.6943235e+01,-4.3122355e+01,1.1356779e+02
1513,1.5120000e-01,2.7372991e+01,-4.3110009e+01,1.1347772e+02
1514,1.5130000e-01,2.7800153e+01,-4.3097169e+01,1.1338548e+02
1515,1.5140000e-01,2.8224390e+01,-4.3083898e+01,1.1329110e+02
1516,1.5150000e-01,2.8645315e+01,-4.3070261e+01,1.1319466e+02
1517,1.5160000e-01,2.9062511e+01,-4.3056322e+01,1.1309629e+02
1518,1.5170000e-01,2.9475541e+01,-4.3042141e+01,1.1299613e+02
1519,1.5180000e-01,2.9883956e+01,-4.3027773e+01,1.1289437e+02
1520,1.5190000e-01,3.0287296e+01,-4.3013265e+01,1.1279119e+02
1521,1.5200000e-01,3.0685078e+01,-4.2998670e+01,1.1268680e+02
1522,1.5210000e-01,3.1076786e+01,-4.2984035e+01,1.1258142e+02
1523,1.5220000e-01,3.1461866e+01,-4.2969410e+01,1.1247529e+02
1524,1.5230000e-01,3.1839716e+01,-4.2954839e+01,1.1236870e+02
1525,1.5240000e-01,3.2209686e+01,-4.2940372e+01,1.1226194e+02
1526,1.5250000e-01,3.2571087e+01,-4.2926063e+01,1.1215534e+02
1527,1.5260000e-01,3.2923163e+01,-4.2911962e+01,1.1204926e+02
1528,1.5270000e-01,3.3265084e+01,-4.2898121e+01,1.1194411e+02
1529,1.5280000e-01,3.3595937e+01,-4.2884590e+01,1.1184032e+02
1530,1.5290000e-01,3.3914858e+01,-4.2871173e+01,1.1173861e+02
1531,1.5300000e-01,3.4220931e+01,-4.2857889e+01,1.1163965e+02
1532,1.5310000e-01,3.4513130e+01,-4.2844868e+01,1.1154405e+02
1533,1.5320000e-01,3.4790297e+01,-4.2832264e+01,1.1145236e+02
1534,1.5330000e-01,3.5051153e+01,-4.2820213e+01,1.1136512e+02
1535,1.5340000e-01,3.5294334e+01,-4.2808816e+01,1.1128290e+02
1536,1.5350000e-01,3.5518414e+01,-4.2798159e+01,1.1120629e+02
1537,1.5360000e-01,3.5721927e+01,-4.2788308e+01,1.1113589e+02
1538,1.5370000e-01,3.5903401e+01,-4.2779332e+01,1.1107232e+02
1539,1.5380000e-01,3.6061396e+01,-4.2771278e+01,1.1101619e+02
1540,1.5390000e-01,3.6194536e+01,-4.2764188e+01,1.1096811e+02
1541,1.5400000e-01,3.6301566e+01,-4.2758092e+01,1.1092862e+02
1542,1.5410000e-01,3.6381400e+01,-4.2752998e+01,1.1089819e+02
1543,1.5420000e-01,3.6433162e+01,-4.2748918e+01,1.1087723e+02
1544,1.5430000e-01,3.6456228e+01,-4.2745850e+01,1.1086600e+02
1545,1.5440000e-01,3.6450264e+01,-4.2743785e+01,1.1086466e+02
1546,1.5450000e-01,3.6415232e+01,-4.2742699e+01,1.1087323e+02
1547,1.5460000e-01,3.6351386e+01,-4.2742573e+01,1.1089160e+02
1548,1.5470000e-01,3.6259262e+01,-4.2743368e+01,1.1091954e+02
1549,1.5480000e-01,3.6139655e+01,-4.2745038e+01,1.1095670e+02
1550,1.5490000e-01,3.5993589e+01,-4.2747524e+01,1.1100263e+02
1551,1.5500000e-01,3.5822269e+01,-4.2750762e+01,1.1105682e+02
1552,1.5510000e-01,3.5627032e+01,-4.2754682e+01,1.1111867e+02
1553,1.5520000e-01,3.5409308e+01,-4.2759211e+01,1.1118757e+02
1554,1.5530000e-01,3.5170585e+01,-4.2764268e+01,1.1126285e+02
1555,1.5540000e-01,3.4912378e+01,-4.2769765e+01,1.1134385e+02
1556,1.5550000e-01,3.4636186e+01,-4.2775617e+01,1.1142993e+02
1557,1.5560000e-01,3.4343467e+01,-4.2781742e+01,1.1152044e+02
1558,1.5570000e-01,3.4035624e+01,-4.2788059e+01,1.1161476e+02
1559,1.5580000e-01,3.3713987e+01,-4.2794493e+01,1.1171230e+02
1560,1.5590000e-01,3.3379809e+01,-4.2800973e+01,1.1181252e+02
1561,1.5600000e-01,3.3034259e+01,-4.2807433e+01,1.1191488e+02
1562,1.5610000e-01,3.2678419e+01,-4.2813814e+01,1.1201891e+02
1563,1.5620000e-01,3.2313288e+01,-4.2820061e+01,1.1212416e+02
1564,1.5630000e-01,3.1939781e+01,-4.2826127e+01,1.1223021e+02
1565,1.5640000e-01,3.1558734e+01,-4.2831970e+01,1.1233669e+02
1566,1.5650000e-01,3.1170910e+01,-4.2837556e+01,1.1244326e+02
1567,1.5660000e-01,3.0777000e+01,-4.2842853e+01,1.1254959e+02
1568,1.5670000e-01,3.0377636e+01,-4.2847834e+01,1.1265543e+02
1569,1.5680000e-01,2.9973387e+01,-4.2852476e+01,1.1276051e+02
1570,1.5690000e-01,2.9564765e+01,-4.2856759e+01,1.1286461e+02
1571,1.5700000e-01,2.9152215e+01,-4.2860663e+01,1.1296757e+02
1572,1.5710000e-01,2.8736117e+01,-4.2864165e+01,1.1306922e+02
1573,1.5720000e-01,2.8316795e+01,-4.2867247e+01,1.1316945e+02
1574,1.5730000e-01,2.7894544e+01,-4.2869889e+01,1.1326812e+02
1575,1.5740000e-01,2.7469648e+01,-4.2872080e+01,1.1336513e+02
1576,1.5750000e-01,2.7042380e+01,-4.2873816e+01,1.1346035e+02
1577,1.5760000e-01,2.6613003e+01,-4.2875097e+01,1.1355367e+02
1578,1.5770000e-01,2.6181766e+01,-4.2875930e+01,1.1364499e+02
1579,1.5780000e-01,2.5748912e+01,-4.2876322e+01,1.1373420e+02
1580,1.5790000e-01,2.5314673e+01,-4.2876291e+01,1.1382119e+02
1581,1.5800000e-01,2.4879273e+01,-4.2875861e+01,1.1390584e+02
1582,1.5810000e-01,2.4442934e+01,-4.2875067e+01,1.1398800e+02
1583,1.5820000e-01,2.4005910e+01,-4.2873960e+01,1.1406748e+02
1584,1.5830000e-01,2.3568529e+01,-4.2872610e+01,1.1414406e+02
1585,1.5840000e-01,2.3131186e+01,-4.2871102e+01,1.1421761e+02
1586,1.5850000e-01,2.2694262e+01,-4.2869518e+01,1.1428807e+02
1587,1.5860000e-01,2.2258074e+01,-4.2867914e+01,1.1435542e+02
1588,1.5870000e-01,2.1822868e+01,-4.2866319e+01,1.1441967e+02
1589,1.5880000e-01,2.1388845e+01,-4.2864751e+01,1.1448083e+02
1590,1.5890000e-01,2.0956197e+01,-4.2863213e+01,1.1453890e+02
1591,1.5900000e-01,2.0525119e+01,-4.2861701e+01,1.1459391e+02
1592,1.5910000e-01,2.0095812e+01,-4.2860209e+01,1.1464586e+02
1593,1.5920000e-01,1.9668493e+01,-4.2858740e+01,1.1469479e+02
1594,1.5930000e-01,1.9243387e+01,-4.2857296e+01,1.1474072e+02
1595,1.5940000e-01,1.8820735e+01,-4.2855889e+01,1.1478368e+02
1596,1.5950000e-01,1.8400785e+01,-4.2854534e+01,1.1482369e+02
1597,1.5960000e-01,1.7983797e+01,-4.2853250e+01,1.1486080e+02
1598,1.5970000e-01,1.7570044e+01,-4.2852055e+01,1.1489504e+02
1599,1.5980000e-01,1.7159815e+01,-4.2850972e+01,1.1492647e+02
1600,1.5990000e-01,1.6753414e+01,-4.2850024e+01,1.1495512e+02
1601,1.6000000e-01,1.6351164e+01,-4.2849237e+01,1.1498105e+02
1602,1.6010000e-01,1.5953412e+01,-4.2848640e+01,1.1500432e+02
1603,1.6020000e-01,1.5560529e+01,-4.2848268e+01,1.1502498e+02
1604,1.6030000e-01,1.5172912e+01,-4.2848154e+01,1.1504309e+02
1605,1.6040000e-01,1.4790987e+01,-4.2848332e+01,1.1505873e+02
1606,1.6050000e-01,1.4415216e+01,-4.2848827e+01,1.1507197e+02
1607,1.6060000e-01,1.4046103e+01,-4.2849653e+01,1.1508289e+02
1608,1.6070000e-01,1.3684193e+01,-4.2850808e+01,1.1509159e+02
1609,1.6080000e-01,1.3330079e+01,-4.2852272e+01,1.1509819e+02
1610,1.6090000e-01,1.2984402e+01,-4.2854026e+01,1.1510283e+02
1611,1.6100000e-01,1.2647847e+01,-4.2856051e+01,1.1510565e+02
1612,1.6110000e-01,1.2321132e+01,-4.2858341e+01,1.1510682e+02
1613,1.6120000e-01,1.2005014e+01,-4.2860897e+01,1.1510648e+02
1614,1.6130000e-01,1.1700285e+01,-4.2863728e+01,1.1510480e+02
1615,1.6140000e-01,1.1407776e+01,-4.2866854e+01,1.1510196e+02
1616,1.6150000e-01,1.1128354e+01,-4.2870292e+01,1.1509811e+02
1617,1.6160000e-01,1.0862915e+01,-4.2874056e+01,1.1509345e+02
1618,1.6170000e-01,1.0612379e+01,-4.2878165e+01,1.1508816e+02
1619,1.6180000e-01,1.0377680e+01,-4.2882635e+01,1.1508242e+02
1620,1.6190000e-01,1.0159767e+01,-4.2887477e+01,1.1507643e+02
1621,1.6200000e-01,9.9595955e+00,-4.2892699e+01,1.1507038e+02
1622,1.6210000e-01,9.7781183e+00,-4.2898311e+01,1.1506444e+02
1623,1.6220000e-01,9.6162616e+00,-4.2904327e+01,1.1505880e+02
1624,1.6230000e-01,9.4749076e+00,-4.2910762e+01,1.1505361e+02
1625,1.6240000e-01,9.3548797e+00,-4.2917619e+01,1.1504903e+02
1626,1.6250000e-01,9.2569254e+00,-4.2924901e+01,1.1504520e+02
1627,1.6260000e-01,9.1816934e+00,-4.2932605e+01,1.1504223e+02
1628,1.6270000e-01,9.1297221e+00,-4.2940722e+01,1.1504021e+02
1629,1.6280000e-01,9.1014269e+00,-4.2949244e+01,1.1503921e+02
1630,1.6290000e-01,9.0970849e+00,-4.2958155e+01,1.1503925e+02
1631,1.6300000e-01,9.1168370e+00,-4.2967440e+01,1.1504033e+02
1632,1.6310000e-01,9.1606740e+00,-4.2977080e+01,1.1504241e+02
1633,1.6320000e-01,9.2284316e+00,-4.2987049e+01,1.1504544e+02
1634,1.6330000e-01,9.3197957e+00,-4.2997319e+01,1.1504932e+02
1635,1.6340000e-01,9.4343078e+00,-4.3007854e+01,1.1505393e+02
1636,1.6350000e-01,9.5713761e+00,-4.3018617e+01,1.1505913e+02
1637,1.6360000e-01,9.7302907e+00,-4.3029567e+01,1.1506477e+02
1638,1.6370000e-01,9.9102314e+00,-4.3040658e+01,1.1507067e+02
1639,1.6380000e-01,1.0110298e+01,-4.3051845e+01,1.1507664e+02
1640,1.6390000e-01,1.0329532e+01,-4.3063080e+01,1.1508248e+02
1641,1.6400000e-01,1.0566939e+01,-4.3074315e+01,1.1508801e+02
1642,1.6410000e-01,1.0821501e+01,-4.3085503e+01,1.1509301e+02
1643,1.6420000e-01,1.1092192e+01,-4.3096597e+01,1.1509729e+02
1644,1.6430000e-01,1.1377992e+01,-4.3107548e+01,1.1510066e+02
1645,1.6440000e-01,1.1677904e+01,-4.3118309e+01,1.1510295e+02
1646,1.6450000e-01,1.1990956e+01,-4.3128835e+01,1.1510396e+02
1647,1.6460000e-01,1.2316206e+01,-4.3139081e+01,1.1510355e+02
1648,1.6470000e-01,1.2652751e+01,-4.3149003e+01,1.1510155e+02
1649,1.6480000e-01,1.2999730e+01,-4.3158559e+01,1.1509784e+02
1650,1.6490000e-01,1.3356322e+01,-4.3167710e+01,1.1509228e+02
1651,1.6500000e-01,1.3721756e+01,-4.3176416e+01,1.1508475e+02
1652,1.6510000e-01,1.4095314e+01,-4.3184657e+01,1.1507511e+02
1653,1.6520000e-01,1.4476325e+01,-4.3192406e+01,1.1506327e+02
1654,1.6530000e-01,1.4864164e+01,-4.3199632e+01,1.1504914e+02
1655,1.6540000e-01,1.5258254e+01,-4.3206303e+01,1.1503265e+02
1656,1.6550000e-01,1.5658059e+01,-4.3212418e+01,1.1501367e+02
1657,1.6560000e-01,1.6063088e+01,-4.3217956e+01,1.1499216e+02
1658,1.6570000e-01,1.6472880e+01,-4.3222889e+01,1.1496806e+02
1659,1.6580000e-01,1.6887003e+01,-4.3227191e+01,1.1494134e+02
1660,1.6590000e-01,1.7305061e+01,-4.3230872e+01,1.1491189e+02
1661,1.6600000e-01,1.7726699e+01,-4.3233901e+01,1.1487970e+02
1662,1.6610000e-01,1.8151579e+01,-4.3236243e+01,1.1484477e+02
1663,1.6620000e-01,1.8579374e+01,-4.3237858e+01,1.1480711e+02
1664,1.6630000e-01,1.9009769e+01,-4.3238711e+01,1.1476669e+02
1665,1.6640000e-01,1.9442501e+01,-4.3238782e+01,1.1472349e+02
1666,1.6650000e-01,1.9877351e+01,-4.3238067e+01,1.1467751e+02
1667,1.6660000e-01,2.0314095e+01,-4.3236557e+01,1.1462875e+02
1668,1.6670000e-01,2.0752492e+01,-4.3234249e+01,1.1457723e+02
1669,1.6680000e-01,2.1192292e+01,-4.3231143e+01,1.1452297e+02
1670,1.6690000e-01,2.1633259e+01,-4.3227235e+01,1.1446599e+02
1671,1.6700000e-01,2.2075156e+01,-4.3222529e+01,1.1440632e+02
1672,1.6710000e-01,2.2517733e+01,-4.3217030e+01,1.1434395e+02
1673,1.6720000e-01,2.2960733e+01,-4.3210751e+01,1.1427886e+02
1674,1.6730000e-01,2.3403866e+01,-4.3203704e+01,1.1421106e+02
1675,1.6740000e-01,2.3846832e+01,-4.3195912e+01,1.1414056e+02
1676,1.6750000e-01,2.4289338e+01,-4.3187409e+01,1.1406737e+02
1677,1.6760000e-01,2.4731099e+01,-4.3178243e+01,1.1399152e+02
1678,1.6770000e-01,2.5171833e+01,-4.3168473e+01,1.1391303e+02
1679,1.6780000e-01,2.5611264e+01,-4.3158150e+01,1.1383196e+02
1680,1.6790000e-01,2.6049118e+01,-4.3147305e+01,1.1374841e+02
1681,1.6800000e-01,2.6485144e+01,-4.3135930e+01,1.1366250e+02
1682,1.6810000e-01,2.6919091e+01,-4.3124016e+01,1.1357435e+02
1683,1.6820000e-01,2.7350700e+01,-4.3111576e+01,1.1348398e+02
1684,1.6830000e-01,2.7779671e+01,-4.3098644e+01,1.1339140e+02
1685,1.6840000e-01,2.8205655e+01,-4.3085283e+01,1.1329663e+02
1686,1.6850000e-01,2.8628250e+01,-4.3071556e+01,1.1319979e+02
1687,1.6860000e-01,2.9047032e+01,-4.3057526e+01,1.1310101e+02
1688,1.6870000e-01,2.9461567e+01,-4.3043247e+01,1.1300048e+02
1689,1.6880000e-01,2.9871418e+01,-4.3028764e+01,1.1289837e+02
1690,1.6890000e-01,3.0276136e+01,-4.3014125e+01,1.1279486e+02
1691,1.6900000e-01,3.0675248e+01,-4.2999382e+01,1.1269015e+02
1692,1.6910000e-01,3.1068246e+01,-4.2984585e+01,1.1258447e+02
1693,1.6920000e-01,3.1454583e+01,-4.2969779e+01,1.1247804e+02
1694,1.6930000e-01,3.1833660e+01,-4.2955015e+01,1.1237115e+02
1695,1.6940000e-01,3.2204827e+01,-4.2940345e+01,1.1226410e+02
1696,1.6950000e-01,3.2567374e+01,-4.2925825e+01,1.1215720e+02
1697,1.6960000e-01,3.2920542e+01,-4.2911507e+01,1.1205083e+02
1698,1.6970000e-01,3.3263506e+01,-4.2897445e+01,1.1194538e+02
1699,1.6980000e-01,3.3595357e+01,-4.2883691e+01,1.1184129e+02
1700,1.6990000e-01,3.3915230e+01,-4.2870048e+01,1.1173928e+02
1701,1.7000000e-01,3.4222211e+01,-4.2856539e+01,1.1164004e+02
1702,1.7010000e-01,3.4515266e+01,-4.2843298e+01,1.1154417e+02
1703,1.7020000e-01,3.4793230e+01,-4.2830481e+01,1.1145224e+02
1704,1.7030000e-01,3.5054813e+01,-4.2818227e+01,1.1136478e+02
1705,1.7040000e-01,3.5298630e+01,-4.2806639e+01,1.1128236e+02
1706,1.7050000e-01,3.5523236e+01,-4.2795806e+01,1.1120559e+02
1707,1.7060000e-01,3.5727150e+01,-4.2785792e+01,1.1113506e+02
1708,1.7070000e-01,3.5908886e+01,-4.2776668e+01,1.1107142e+02
1709,1.7080000e-01,3.6066987e+01,-4.2768487e+01,1.1101527e+02
1710,1.7090000e-01,3.6200067e+01,-4.2761286e+01,1.1096722e+02
1711,1.7100000e-01,3.6306863e+01,-4.2755093e+01,1.1092781e+02
1712,1.7110000e-01,3.6386288e+01,-4.2749919e+01,1.1089753e+02
1713,1.7120000e-01,3.6437467e+01,-4.2745774e+01,1.1087676e+02
1714,1.7130000e-01,3.6459781e+01,-4.2742658e+01,1.1086579e+02
1715,1.7140000e-01,3.6452900e+01,-4.2740559e+01,1.1086476e+02
1716,1.7150000e-01,3.6416790e+01,-4.2739457e+01,1.1087370e+02
1717,1.7160000e-01,3.6351714e+01,-4.2739327e+01,1.1089248e+02
1718,1.7170000e-01,3.6258221e+01,-4.2740134e+01,1.1092086e+02
1719,1.7180000e-01,3.6137122e+01,-4.2741829e+01,1.1095851e+02
1720,1.7190000e-01,3.5989454e+01,-4.2744353e+01,1.1100495e+02
1721,1.7200000e-01,3.5816442e+01,-4.2747646e+01,1.1105966e+02
1722,1.7210000e-01,3.5619443e+01,-4.2751637e+01,1.1112204e+02
1723,1.7220000e-01,3.5399910e+01,-4.2756248e+01,1.1119145e+02
1724,1.7230000e-01,3.5159354e+01,-4.2761394e+01,1.1126725e+02
1725,1.7240000e-01,3.4899302e+01,-4.2766989e+01,1.1134876e+02
1726,1.7250000e-01,3.4621268e+01,-4.2772948e+01,1.1143532e+02
1727,1.7260000e-01,3.4326722e+01,-4.2779184e+01,1.1152629e+02
1728,1.7270000e-01,3.4017075e+01,-4.2785613e+01,1.1162105e+02
1729,1.7280000e-01,3.3693662e+01,-4.2792160e+01,1.1171901e+02
1730,1.7290000e-01,3.3357737e+01,-4.2798753e+01,1.1181962e+02
1731,1.7300000e-01,3.3010467e+01,-4.2805326e+01,1.1192235e+02
1732,1.7310000e-01,3.2652935e+01,-4.2811818e+01,1.1202672e+02
1733,1.7320000e-01,3.2286138e+01,-4.2818175e+01,1.1213229e+02
1734,1.7330000e-01,3.1910991e+01,-4.2824349e+01,1.1223863e+02
1735,1.7340000e-01,3.1528328e+01,-4.2830300e+01,1.1234538e+02
1736,1.7350000e-01,3.1138911e+01,-4.2835990e+01,1.1245219e+02
1737,1.7360000e-01,3.0743433e+01,-4.2841389e+01,1.1255875e+02
1738,1.7370000e-01,3.0342523e+01,-4.2846471e+01,1.1266478e+02
1739,1.7380000e-01,2.9936750e+01,-4.2851210e+01,1.1277003e+02
1740,1.7390000e-01,2.9526627e+01,-4.2855587e+01,1.1287428e+02
1741,1.7400000e-01,2.9112597e+01,-4.2859581e+01,1.1297736e+02
1742,1.7410000e-01,2.8695032e+01,-4.2863172e+01,1.1307912e+02
1743,1.7420000e-01,2.8274260e+01,-4.2866336e+01,1.1317943e+02
1744,1.7430000e-01,2.7850575e+01,-4.2869057e+01,1.1327817e+02
1745,1.7440000e-01,2.7424262e+01,-4.2871323e+01,1.1337522e+02
1746,1.7450000e-01,2.6995597e+01,-4.2873129e+01,1.1347047e+02
1747,1.7460000e-01,2.6564843e+01,-4.2874476e+01,1.1356380e+02
1748,1.7470000e-01,2.6132250e+01,-4.2875370e+01,1.1365510e+02
1749,1.7480000e-01,2.5698061e+01,-4.2875820e+01,1.1374427e+02
1750,1.7490000e-01,2.5262511e+01,-4.2875842e+01,1.1383120e+02
1751,1.7500000e-01,2.4825825e+01,-4.2875463e+01,1.1391577e+02
1752,1.7510000e-01,2.4388228e+01,-4.2874718e+01,1.1399782e+02
1753,1.7520000e-01,2.3949983e+01,-4.2873661e+01,1.1407714e+02
1754,1.7530000e-01,2.3511429e+01,-4.2872364e+01,1.1415354e+02
1755,1.7540000e-01,2.3072967e+01,-4.2870913e+01,1.1422688e+02
1756,1.7550000e-01,2.2634975e+01,-4.2869389e+01,1.1429712e+02
1757,1.7560000e-01,2.2197765e+01,-4.2867845e+01,1.1436423e+02
1758,1.7570000e-01,2.1761579e+01,-4.2866308e+01,1.1442822e+02
1759,1.7580000e-01,2.1326621e+01,-4.2864796e+01,1.1448911e+02
1760,1.7590000e-01,2.0893081e+01,-4.2863314e+01,1.1454690e+02
1761,1.7600000e-01,2.0461153e+01,-4.2861857e+01,1.1460160e+02
1762,1.7610000e-01,2.0031043e+01,-4.2860418e+01,1.1465324e+02
1763,1.7620000e-01,1.9602969e+01,-4.2858995e+01,1.1470184e+02
1764,1.7630000e-01,1.9177162e+01,-4.2857596e+01,1.1474743e+02
1765,1.7640000e-01,1.8753864e+01,-4.2856230e+01,1.1479004e+02
1766,1.7650000e-01,1.8333328e+01,-4.2854913e+01,1.1482969e+02
1767,1.7660000e-01,1.7915817e+01,-4.2853667e+01,1.1486643e+02
1768,1.7670000e-01,1.7501609e+01,-4.2852510e+01,1.1490031e+02
1769,1.7680000e-01,1.7090997e+01,-4.2851465e+01,1.1493135e+02
1770,1.7690000e-01,1.6684289e+01,-4.2850556e+01,1.1495962e+02
1771,1.7700000e-01,1.6281816e+01,-4.2849809e+01,1.1498516e+02
1772,1.7710000e-01,1.5883929e+01,-4.2849254e+01,1.1500803e+02
1773,1.7720000e-01,1.5491006e+01,-4.2848927e+01,1.1502830e+02
1774,1.7730000e-01,1.5103452e+01,-4.2848861e+01,1.1504602e+02
1775,1.7740000e-01,1.4721700e+01,-4.2849090e+01,1.1506127e+02
1776,1.7750000e-01,1.4346224e+01,-4.2849636e+01,1.1507412e+02
1777,1.7760000e-01,1.3977538e+01,-4.2850511e+01,1.1508466e+02
1778,1.7770000e-01,1.3616200e+01,-4.2851708e+01,1.1509299e+02
1779,1.7780000e-01,1.3262815e+01,-4.2853208e+01,1.1509924e+02
1780,1.7790000e-01,1.2918038e+01,-4.2854988e+01,1.1510355e+02
1781,1.7800000e-01,1.2582562e+01,-4.2857033e+01,1.1510606e+02
1782,1.7810000e-01,1.2257119e+01,-4.2859340e+01,1.1510693e+02
1783,1.7820000e-01,1.1942474e+01,-4.2861919e+01,1.1510633e+02
1784,1.7830000e-01,1.1639429e+01,-4.2864778e+01,1.1510442e+02
1785,1.7840000e-01,1.1348828e+01,-4.2867936e+01,1.1510137e+02
1786,1.7850000e-01,1.1071549e+01,-4.2871408e+01,1.1509735e+02
1787,1.7860000e-01,1.0808497e+01,-4.2875210e+01,1.1509255e+02
1788,1.7870000e-01,1.0560598e+01,-4.2879362e+01,1.1508716e+02
1789,1.7880000e-01,1.0328794e+01,-4.2883878e+01,1.1508136e+02
1790,1.7890000e-01,1.0114047e+01,-4.2888765e+01,1.1507534e+02
1791,1.7900000e-01,9.9173163e+00,-4.2894036e+01,1.1506930e+02
1792,1.7910000e-01,9.7395592e+00,-4.2899703e+01,1.1506342e+02
1793,1.7920000e-01,9.5816989e+00,-4.2905784e+01,1.1505786e+02
1794,1.7930000e-01,9.4446106e+00,-4.2912287e+01,1.1505280e+02
1795,1.7940000e-01,9.3291063e+00,-4.2919216e+01,1.1504838e+02
1796,1.7950000e-01,9.2359124e+00,-4.2926570e+01,1.1504474e+02
1797,1.7960000e-01,9.1656576e+00,-4.2934345e+01,1.1504199e+02
1798,1.7970000e-01,9.1188581e+00,-4.2942535e+01,1.1504022e+02
1799,1.7980000e-01,9.0959026e+00,-4.2951128e+01,1.1503946e+02
1800,1.7990000e-01,9.0970377e+00,-4.2960111e+01,1.1503976e+02
1801,1.8000000e-01,9.1223703e+00,-4.2969467e+01,1.1504110e+02
1802,1.8010000e-01,9.1718558e+00,-4.2979175e+01,1.1504343e+02
1803,1.8020000e-01,9.2452933e+00,-4.2989210e+01,1.1504669e+02
1804,1.8030000e-01,9.3423320e+00,-4.2999541e+01,1.1505078e+02
1805,1.8040000e-01,9.4624782e+00,-4.3010132e+01,1.1505557e+02
1806,1.8050000e-01,9.6051070e+00,-4.3020944e+01,1.1506092e+02
1807,1.8060000e-01,9.7694699e+00,-4.3031935e+01,1.1506667e+02
1808,1.8070000e-01,9.9547207e+00,-4.3043059e+01,1.1507263e+02
1809,1.8080000e-01,1.0159941e+01,-4.3054269e+01,1.1507862e+02
1810,1.8090000e-01,1.0384158e+01,-4.3065518e+01,1.1508443e+02
1811,1.8100000e-01,1.0626365e+01,-4.3076759e+01,1.1508987e+02
1812,1.8110000e-01,1.0885536e+01,-4.3087944e+01,1.1509474e+02
1813,1.8120000e-01,1.1160639e+01,-4.3099025e+01,1.1509883e+02
1814,1.8130000e-01,1.1450652e+01,-4.3109953e+01,1.1510197e+02
1815,1.8140000e-01,1.1754578e+01,-4.3120681e+01,1.1510396e+02
1816,1.8150000e-01,1.2071446e+01,-4.3131165e+01,1.1510464e+02
1817,1.8160000e-01,1.2400321e+01,-4.3141358e+01,1.1510385e+02
1818,1.8170000e-01,1.2740303e+01,-4.3151218e+01,1.1510142e+02
1819,1.8180000e-01,1.3090538e+01,-4.3160703e+01,1.1509724e+02
1820,1.8190000e-01,1.3450214e+01,-4.3169774e+01,1.1509117e+02
1821,1.8200000e-01,1.3818569e+01,-4.3178392e+01,1.1508309e+02
1822,1.8210000e-01,1.4194892e+01,-4.3186537e+01,1.1507287e+02
1823,1.8220000e-01,1.4578522e+01,-4.3194180e+01,1.1506041e+02
1824,1.8230000e-01,1.4968844e+01,-4.3201290e+01,1.1504564e+02
1825,1.8240000e-01,1.5365286e+01,-4.3207839e+01,1.1502847e+02
1826,1.8250000e-01,1.5767320e+01,-4.3213827e+01,1.1500879e+02
1827,1.8260000e-01,1.6174461e+01,-4.3219232e+01,1.1498654e+02
1828,1.8270000e-01,1.6586257e+01,-4.3224029e+01,1.1496168e+02
1829,1.8280000e-01,1.7002279e+01,-4.3228190e+01,1.1493417e+02
1830,1.8290000e-01,1.7422139e+01,-4.3231723e+01,1.1490390e+02
1831,1.8300000e-01,1.7845486e+01,-4.3234595e+01,1.1487088e+02
1832,1.8310000e-01,1.8271985e+01,-4.3236772e+01,1.1483510e+02
1833,1.8320000e-01,1.8701316e+01,-4.3238212e+01,1.1479657e+02
1834,1.8330000e-01,1.9133210e+01,-4.3238894e+01,1.1475525e+02
1835,1.8340000e-01,1.9567440e+01,-4.3238802e+01,1.1471113e+02
1836,1.8350000e-01,2.0003769e+01,-4.3237920e+01,1.1466421e+02
1837,1.8360000e-01,2.0441949e+01,-4.3236236e+01,1.1461452e+02
1838,1.8370000e-01,2.0881718e+01,-4.3233744e+01,1.1456207e+02
1839,1.8380000e-01,2.1322831e+01,-4.3230441e+01,1.1450690e+02
1840,1.8390000e-01,2.1765045e+01,-4.3226320e+01,1.1444904e+02
1841,1.8400000e-01,2.2208109e+01,-4.3221386e+01,1.1438846e+02
1842,1.8410000e-01,2.2651762e+01,-4.3215647e+01,1.1432517e+02
1843,1.8420000e-01,2.3095735e+01,-4.3209115e+01,1.1425915e+02
1844,1.8430000e-01,2.3539729e+01,-4.3201808e+01,1.1419041e+02
1845,1.8440000e-01,2.3983444e+01,-4.3193758e+01,1.1411895e+02
1846,1.8450000e-01,2.4426588e+01,-4.3185008e+01,1.1404480e+02
1847,1.8460000e-01,2.4868878e+01,-4.3175613e+01,1.1396798e+02
1848,1.8470000e-01,2.5310033e+01,-4.3165634e+01,1.1388851e+02
1849,1.8480000e-01,2.5749780e+01,-4.3155119e+01,1.1380647e+02
1850,1.8490000e-01,2.6187850e+01,-4.3144099e+01,1.1372193e+02
1851,1.8500000e-01,2.6623990e+01,-4.3132571e+01,1.1363503e+02
1852,1.8510000e-01,2.7057952e+01,-4.3120517e+01,1.1354589e+02
1853,1.8520000e-01,2.7489464e+01,-4.3107943e+01,1.1345453e+02
1854,1.8530000e-01,2.7918206e+01,-4.3094892e+01,1.1336096e+02
1855,1.8540000e-01,2.8343806e+01,-4.3081427e+01,1.1326524e+02
1856,1.8550000e-01,2.8765850e+01,-4.3067610e+01,1.1316749e+02
1857,1.8560000e-01,2.9183908e+01,-4.3053501e+01,1.1306789e+02
1858,1.8570000e-01,2.9597551e+01,-4.3039144e+01,1.1296661e+02
1859,1.8580000e-01,3.0006341e+01,-4.3024588e+01,1.1286383e+02
1860,1.8590000e-01,3.0409824e+01,-4.3009883e+01,1.1275973e+02
1861,1.8600000e-01,3.0807516e+01,-4.2995081e+01,1.1265450e+02
1862,1.8610000e-01,3.1198898e+01,-4.2980227e+01,1.1254839e+02
1863,1.8620000e-01,3.1583405e+01,-4.2965374e+01,1.1244163e+02
1864,1.8630000e-01,3.1960418e+01,-4.2950574e+01,1.1233451e+02
1865,1.8640000e-01,3.2329265e+01,-4.2935883e+01,1.1222732e+02
1866,1.8650000e-01,3.2689211e+01,-4.2921355e+01,1.1212043e+02
1867,1.8660000e-01,3.3039471e+01,-4.2907044e+01,1.1201420e+02
1868,1.8670000e-01,3.3379194e+01,-4.2893004e+01,1.1190904e+02
1869,1.8680000e-01,3.3707576e+01,-4.2879054e+01,1.1180564e+02
1870,1.8690000e-01,3.4023755e+01,-4.2865234e+01,1.1170468e+02
1871,1.8700000e-01,3.4326752e+01,-4.2851686e+01,1.1160672e+02
1872,1.8710000e-01,3.4615452e+01,-4.2838577e+01,1.1151231e+02
1873,1.8720000e-01,3.4888608e+01,-4.2826045e+01,1.1142196e+02
1874,1.8730000e-01,3.5144866e+01,-4.2814193e+01,1.1133624e+02
1875,1.8740000e-01,3.5382792e+01,-4.2803110e+01,1.1125572e+02
1876,1.8750000e-01,3.5600906e+01,-4.2792861e+01,1.1118101e+02
1877,1.8760000e-01,3.5797709e+01,-4.2783506e+01,1.1111275e+02
1878,1.8770000e-01,3.5971711e+01,-4.2775097e+01,1.1105157e+02
1879,1.8780000e-01,3.6121473e+01,-4.2767677e+01,1.1099808e+02
1880,1.8790000e-01,3.6245641e+01,-4.2761278e+01,1.1095289e+02
1881,1.8800000e-01,3.6343008e+01,-4.2755911e+01,1.1091653e+02
1882,1.8810000e-01,3.6412556e+01,-4.2751582e+01,1.1088946e+02
1883,1.8820000e-01,3.6453499e+01,-4.2748295e+01,1.1087202e+02
1884,1.8830000e-01,3.6465314e+01,-4.2746039e+01,1.1086446e+02
1885,1.8840000e-01,3.6447780e+01,-4.2744792e+01,1.1086688e+02
1886,1.8850000e-01,3.6400973e+01,-4.2744532e+01,1.1087926e+02
1887,1.8860000e-01,3.6325268e+01,-4.2745225e+01,1.1090144e+02
1888,1.8870000e-01,3.6221318e+01,-4.2746827e+01,1.1093314e+02
1889,1.8880000e-01,3.6090029e+01,-4.2749278e+01,1.1097395e+02
1890,1.8890000e-01,3.5932521e+01,-4.2752516e+01,1.1102341e+02
1891,1.8900000e-01,3.5750085e+01,-4.2756472e+01,1.1108094e+02
1892,1.8910000e-01,3.5544131e+01,-4.2761070e+01,1.1114594e+02
1893,1.8920000e-01,3.5316145e+01,-4.2766229e+01,1.1121776e+02
1894,1.8930000e-01,3.5067654e+01,-4.2771863e+01,1.1129573e+02
1895,1.8940000e-01,3.4800191e+01,-4.2777885e+01,1.1137919e+02
1896,1.8950000e-01,3.4515264e+01,-4.2784210e+01,1.1146748e+02
1897,1.8960000e-01,3.4214327e+01,-4.2790753e+01,1.1155996e+02
1898,1.8970000e-01,3.3898768e+01,-4.2797433e+01,1.1165602e+02
1899,1.8980000e-01,3.3569900e+01,-4.2804175e+01,1.1175508e+02
1900,1.8990000e-01,3.3228949e+01,-4.2810908e+01,1.1185659e+02
1901,1.9000000e-01,3.2877055e+01,-4.2817567e+01,1.1196005e+02
1902,1.9010000e-01,3.2515271e+01,-4.2824093e+01,1.1206499e+02
1903,1.9020000e-01,3.2144567e+01,-4.2830436e+01,1.1217098e+02
1904,1.9030000e-01,3.1765829e+01,-4.2836551e+01,1.1227760e+02
1905,1.9040000e-01,3.1379868e+01,-4.2842399e+01,1.1238450e+02
1906,1.9050000e-01,3.0987420e+01,-4.2847948e+01,1.1249134e+02
1907,1.9060000e-01,3.0589155e+01,-4.2853169e+01,1.1259782e+02
1908,1.9070000e-01,3.0185680e+01,-4.2858038e+01,1.1270368e+02
1909,1.9080000e-01,2.9777544e+01,-4.2862535e+01,1.1280867e+02
1910,1.9090000e-01,2.9365238e+01,-4.2866640e+01,1.1291260e+02
1911,1.9100000e-01,2.8949178e+01,-4.2870334e+01,1.1301529e+02
1912,1.9110000e-01,2.8529714e+01,-4.2873596e+01,1.1311661e+02
1913,1.9120000e-01,2.8107157e+01,-4.2876406e+01,1.1321645e+02
1914,1.9130000e-01,2.7681793e+01,-4.2878749e+01,1.1331467e+02
1915,1.9140000e-01,2.7253905e+01,-4.2880618e+01,1.1341116e+02
1916,1.9150000e-01,2.6823769e+01,-4.2882010e+01,1.1350582e+02
1917,1.9160000e-01,2.6391647e+01,-4.2882929e+01,1.1359852e+02
1918,1.9170000e-01,2.5957790e+01,-4.2883382e+01,1.1368916e+02
1919,1.9180000e-01,2.5522437e+01,-4.2883382e+01,1.1377763e+02
1920,1.9190000e-01,2.5085819e+01,-4.2882950e+01,1.1386382e+02
1921,1.9200000e-01,2.4648157e+01,-4.2882117e+01,1.1394758e+02
1922,1.9210000e-01,2.4209687e+01,-4.2880928e+01,1.1402875e+02
1923,1.9220000e-01,2.3770705e+01,-4.2879447e+01,1.1410710e+02
1924,1.9230000e-01,2.3331591e+01,-4.2877757e+01,1.1418244e+02
1925,1.9240000e-01,2.2892750e+01,-4.2875951e+01,1.1425469e+02
1926,1.9250000e-01,2.2454533e+01,-4.2874096e+01,1.1432382e+02
1927,1.9260000e-01,2.2017217e+01,-4.2872237e+01,1.1438983e+02
1928,1.9270000e-01,2.1581018e+01,-4.2870396e+01,1.1445272e+02
1929,1.9280000e-01,2.1146132e+01,-4.2868580e+01,1.1451249e+02
1930,1.9290000e-01,2.0712750e+01,-4.2866788e+01,1.1456916e+02
1931,1.9300000e-01,2.0281071e+01,-4.2865016e+01,1.1462275e+02
1932,1.9310000e-01,1.9851307e+01,-4.2863264e+01,1.1467327e+02
1933,1.9320000e-01,1.9423682e+01,-4.2861533e+01,1.1472076e+02
1934,1.9330000e-01,1.8998436e+01,-4.2859834e+01,1.1476524e+02
1935,1.9340000e-01,1.8575815e+01,-4.2858180e+01,1.1480674e+02
1936,1.9350000e-01,1.8156077e+01,-4.2856590e+01,1.1484529e+02
1937,1.9360000e-01,1.7739492e+01,-4.2855084e+01,1.1488094e+02
1938,1.9370000e-01,1.7326343e+01,-4.2853683e+01,1.1491373e+02
1939,1.9380000e-01,1.6916929e+01,-4.2852410e+01,1.1494370e+02
1940,1.9390000e-01,1.6511567e+01,-4.2851289e+01,1.1497091e+02
1941,1.9400000e-01,1.6110596e+01,-4.2850350e+01,1.1499542e+02
1942,1.9410000e-01,1.5714383e+01,-4.2849624e+01,1.1501727e+02
1943,1.9420000e-01,1.5323317e+01,-4.2849146e+01,1.1503653e+02
1944,1.9430000e-01,1.4937815e+01,-4.2848953e+01,1.1505327e+02
1945,1.9440000e-01,1.4558331e+01,-4.2849076e+01,1.1506756e+02
1946,1.9450000e-01,1.4185354e+01,-4.2849536e+01,1.1507947e+02
1947,1.9460000e-01,1.3819416e+01,-4.2850341e+01,1.1508911e+02
1948,1.9470000e-01,1.3461095e+01,-4.2851479e+01,1.1509659e+02
1949,1.9480000e-01,1.3111017e+01,-4.2852927e+01,1.1510203e+02
1950,1.9490000e-01,1.2769855e+01,-4.2854662e+01,1.1510558e+02
1951,1.9500000e-01,1.2438322e+01,-4.2856673e+01,1.1510740e+02
1952,1.9510000e-01,1.2117171e+01,-4.2858957e+01,1.1510764e+02
1953,1.9520000e-01,1.1807187e+01,-4.2861527e+01,1.1510648e+02
1954,1.9530000e-01,1.1509198e+01,-4.2864393e+01,1.1510406e+02
1955,1.9540000e-01,1.1224063e+01,-4.2867578e+01,1.1510058e+02
1956,1.9550000e-01,1.0952677e+01,-4.2871093e+01,1.1509621e+02
1957,1.9560000e-01,1.0695958e+01,-4.2874955e+01,1.1509113e+02
1958,1.9570000e-01,1.0454842e+01,-4.2879183e+01,1.1508554e+02
1959,1.9580000e-01,1.0230279e+01,-4.2883791e+01,1.1507963e+02
1960,1.9590000e-01,1.0023234e+01,-4.2888785e+01,1.1507358e+02
1961,1.9600000e-01,9.8346661e+00,-4.2894178e+01,1.1506760e+02
1962,1.9610000e-01,9.6655218e+00,-4.2899980e+01,1.1506184e+02
1963,1.9620000e-01,9.5167095e+00,-4.2906208e+01,1.1505649e+02
1964,1.9630000e-01,9.3890815e+00,-4.2912870e+01,1.1505170e+02
1965,1.9640000e-01,9.2834187e+00,-4.2919966e+01,1.1504762e+02
1966,1.9650000e-01,9.2004076e+00,-4.2927496e+01,1.1504437e+02
1967,1.9660000e-01,9.1406285e+00,-4.2935454e+01,1.1504205e+02
1968,1.9670000e-01,9.1045419e+00,-4.2943829e+01,1.1504073e+02
1969,1.9680000e-01,9.0924760e+00,-4.2952609e+01,1.1504045e+02
1970,1.9690000e-01,9.1046103e+00,-4.2961780e+01,1.1504123e+02
1971,1.9700000e-01,9.1409817e+00,-4.2971320e+01,1.1504302e+02
1972,1.9710000e-01,9.2014740e+00,-4.2981207e+01,1.1504579e+02
1973,1.9720000e-01,9.2858185e+00,-4.2991414e+01,1.1504944e+02
1974,1.9730000e-01,9.3935971e+00,-4.3001908e+01,1.1505387e+02
1975,1.9740000e-01,9.5242529e+00,-4.3012650e+01,1.1505894e+02
1976,1.9750000e-01,9.6771039e+00,-4.3023600e+01,1.1506449e+02
1977,1.9760000e-01,9.8513533e+00,-4.3034713e+01,1.1507036e+02
1978,1.9770000e-01,1.0046115e+01,-4.3045943e+01,1.1507636e+02
1979,1.9780000e-01,1.0260438e+01,-4.3057242e+01,1.1508229e+02
1980,1.9790000e-01,1.0493329e+01,-4.3068561e+01,1.1508796e+02
1981,1.9800000e-01,1.0743766e+01,-4.3079854e+01,1.1509315e+02
1982,1.9810000e-01,1.1010714e+01,-4.3091071e+01,1.1509768e+02
1983,1.9820000e-01,1.1293143e+01,-4.3102164e+01,1.1510134e+02
1984,1.9830000e-01,1.1590042e+01,-4.3113085e+01,1.1510396e+02
1985,1.9840000e-01,1.1900423e+01,-4.3123787e+01,1.1510535e+02
1986,1.9850000e-01,1.2223325e+01,-4.3134226e+01,1.1510534e+02
1987,1.9860000e-01,1.2557828e+01,-4.3144355e+01,1.1510379e+02
1988,1.9870000e-01,1.2903049e+01,-4.3154131e+01,1.1510054e+02
1989,1.9880000e-01,1.3258149e+01,-4.3163514e+01,1.1509547e+02
1990,1.9890000e-01,1.3622337e+01,-4.3172464e+01,1.1508844e+02
1991,1.9900000e-01,1.3994874e+01,-4.3180959e+01,1.1507933e+02
1992,1.9910000e-01,1.4375073e+01,-4.3188972e+01,1.1506802e+02
1993,1.9920000e-01,1.4762294e+01,-4.3196471e+01,1.1505443e+02
1994,1.9930000e-01,1.5155940e+01,-4.3203425e+01,1.1503848e+02
1995,1.9940000e-01,1.5555463e+01,-4.3209831e+01,1.1502004e+02
1996,1.9950000e-01,1.5960358e+01,-4.3215665e+01,1.1499906e+02
1997,1.9960000e-01,1.6370151e+01,-4.3220900e+01,1.1497549e+02
1998,1.9970000e-01,1.6784400e+01,-4.3225508e+01,1.1494930e+02
1999,1.9980000e-01,1.7202699e+01,-4.3229499e+01,1.1492037e+02
2000,1.9990000e-01,1.7624682e+01,-4.3232844e+01,1.1488869e+02
2001,2.0000000e-01,1.8050004e+01,-4.3235502e+01,1.1485426e+02
2002,2.0010000e-01,1.8478330e+01,-4.3237434e+01,1.1481709e+02
2003,2.0020000e-01,1.8909338e+01,-4.3238603e+01,1.1477715e+02
2004,2.0030000e-01,1.9342758e+01,-4.3238990e+01,1.1473442e+02
2005,2.0040000e-01,1.9778367e+01,-4.3238587e+01,1.1468890e+02
2006,2.0050000e-01,2.0215941e+01,-4.3237385e+01,1.1464058e+02
2007,2.0060000e-01,2.0655238e+01,-4.3235379e+01,1.1458949e+02
2008,2.0070000e-01,2.1095998e+01,-4.3232565e+01,1.1453564e+02
2009,2.0080000e-01,2.1537980e+01,-4.3228937e+01,1.1447908e+02
2010,2.0090000e-01,2.1980941e+01,-4.3224494e+01,1.1441981e+02
2011,2.0100000e-01,2.2424628e+01,-4.3219242e+01,1.1435782e+02
2012,2.0110000e-01,2.2868780e+01,-4.3213192e+01,1.1429311e+02
2013,2.0120000e-01,2.3313120e+01,-4.3206355e+01,1.1422570e+02
2014,2.0130000e-01,2.3757349e+01,-4.3198750e+01,1.1415557e+02
2015,2.0140000e-01,2.4201173e+01,-4.3190414e+01,1.1408273e+02
2016,2.0150000e-01,2.4644302e+01,-4.3181396e+01,1.1400720e+02
2017,2.0160000e-01,2.5086445e+01,-4.3171752e+01,1.1392901e+02
2018,2.0170000e-01,2.5527321e+01,-4.3161541e+01,1.1384819e+02
2019,2.0180000e-01,2.5966656e+01,-4.3150814e+01,1.1376480e+02
2020,2.0190000e-01,2.6404182e+01,-4.3139595e+01,1.1367894e+02
2021,2.0200000e-01,2.6839655e+01,-4.3127860e+01,1.1359077e+02
2022,2.0210000e-01,2.7272817e+01,-4.3115599e+01,1.1350037e+02
2023,2.0220000e-01,2.7703387e+01,-4.3102829e+01,1.1340777e+02
2024,2.0230000e-01,2.8131035e+01,-4.3089603e+01,1.1331299e+02
2025,2.0240000e-01,2.8555361e+01,-4.3075980e+01,1.1321610e+02
2026,2.0250000e-01,2.8975923e+01,-4.3062023e+01,1.1311725e+02
2027,2.0260000e-01,2.9392271e+01,-4.3047795e+01,1.1301660e+02
2028,2.0270000e-01,2.9803965e+01,-4.3033345e+01,1.1291437e+02
2029,2.0280000e-01,3.0210555e+01,-4.3018717e+01,1.1281073e+02
2030,2.0290000e-01,3.0611570e+01,-4.3003957e+01,1.1270589e+02
2031,2.0300000e-01,3.1006510e+01,-4.2989114e+01,1.1260006e+02
2032,2.0310000e-01,3.1394835e+01,-4.2974233e+01,1.1249348e+02
2033,2.0320000e-01,3.1775956e+01,-4.2959366e+01,1.1238641e+02
2034,2.0330000e-01,3.2149231e+01,-4.2944568e+01,1.1227914e+02
2035,2.0340000e-01,3.2513952e+01,-4.2929894e+01,1.1217200e+02
2036,2.0350000e-01,3.2869350e+01,-4.2915401e+01,1.1206533e+02
2037,2.0360000e-01,3.3214606e+01,-4.2901142e+01,1.1195955e+02
2038,2.0370000e-01,3.3548828e+01,-4.2887172e+01,1.1185507e+02
2039,2.0380000e-01,3.3871169e+01,-4.2873302e+01,1.1175261e+02
2040,2.0390000e-01,3.4180733e+01,-4.2859563e+01,1.1165286e+02
2041,2.0400000e-01,3.4476498e+01,-4.2846096e+01,1.1155641e+02
2042,2.0410000e-01,3.4757301e+01,-4.2833060e+01,1.1146381e+02
2043,2.0420000e-01,3.5021855e+01,-4.2820598e+01,1.1137562e+02
2044,2.0430000e-01,3.5268774e+01,-4.2808814e+01,1.1129240e+02
2045,2.0440000e-01,3.5496606e+01,-4.2797797e+01,1.1121474e+02
2046,2.0450000e-01,3.5703862e+01,-4.2787613e+01,1.1114327e+02
2047,2.0460000e-01,3.5889041e+01,-4.2778328e+01,1.1107859e+02
2048,2.0470000e-01,3.6050671e+01,-4.2769992e+01,1.1102136e+02
2049,2.0480000e-01,3.6187346e+01,-4.2762652e+01,1.1097217e+02
2050,2.0490000e-01,3.6297778e+01,-4.2756334e+01,1.1093158e+02
2051,2.0500000e-01,3.6380848e+01,-4.2751048e+01,1.1090009e+02
2052,2.0510000e-01,3.6435649e+01,-4.2746804e+01,1.1087810e+02
2053,2.0520000e-01,3.6461527e+01,-4.2743601e+01,1.1086591e+02
2054,2.0530000e-01,3.6458118e+01,-4.2741428e+01,1.1086368e+02
2055,2.0540000e-01,3.6425357e+01,-4.2740262e+01,1.1087144e+02
2056,2.0550000e-01,3.6363471e+01,-4.2740082e+01,1.1088910e+02
2057,2.0560000e-01,3.6272975e+01,-4.2740849e+01,1.1091644e+02
2058,2.0570000e-01,3.6154652e+01,-4.2742517e+01,1.1095311e+02
2059,2.0580000e-01,3.6009523e+01,-4.2745024e+01,1.1099867e+02
2060,2.0590000e-01,3.5838800e+01,-4.2748306e+01,1.1105259e+02
2061,2.0600000e-01,3.5643837e+01,-4.2752297e+01,1.1111428e+02
2062,2.0610000e-01,3.5426090e+01,-4.2756919e+01,1.1118310e+02
2063,2.0620000e-01,3.5187079e+01,-4.2762087e+01,1.1125839e+02
2064,2.0630000e-01,3.4928346e+01,-4.2767716e+01,1.1133948e+02
2065,2.0640000e-01,3.4651420e+01,-4.2773714e+01,1.1142570e+02
2066,2.0650000e-01,3.4357790e+01,-4.2779997e+01,1.1151641e+02
2067,2.0660000e-01,3.4048881e+01,-4.2786481e+01,1.1161099e+02
2068,2.0670000e-01,3.3726042e+01,-4.2793089e+01,1.1170882e+02
2069,2.0680000e-01,3.3390541e+01,-4.2799747e+01,1.1180937e+02
2070,2.0690000e-01,3.3043557e+01,-4.2806386e+01,1.1191209e+02
2071,2.0700000e-01,3.2686187e+01,-4.2812946e+01,1.1201650e+02
2072,2.0710000e-01,3.2319438e+01,-4.2819370e+01,1.1212215e+02
2073,2.0720000e-01,3.1944235e+01,-4.2825610e+01,1.1222861e+02
2074,2.0730000e-01,3.1561424e+01,-4.2831623e+01,1.1233552e+02
2075,2.0740000e-01,3.1171775e+01,-4.2837374e+01,1.1244252e+02
2076,2.0750000e-01,3.0775989e+01,-4.2842829e+01,1.1254929e+02
2077,2.0760000e-01,3.0374703e+01,-4.2847963e+01,1.1265555e+02
2078,2.0770000e-01,2.9968493e+01,-4.2852751e+01,1.1276106e+02
2079,2.0780000e-01,2.9557877e+01,-4.2857172e+01,1.1286558e+02
2080,2.0790000e-01,2.9143309e+01,-4.2861206e+01,1.1296894e+02
2081,2.0800000e-01,2.8725171e+01,-4.2864833e+01,1.1307099e+02
2082,2.0810000e-01,2.8303793e+01,-4.2868029e+01,1.1317159e+02
2083,2.0820000e-01,2.7879472e+01,-4.2870777e+01,1.1327063e+02
2084,2.0830000e-01,2.7452496e+01,-4.2873064e+01,1.1336799e+02
2085,2.0840000e-01,2.7023145e+01,-4.2874887e+01,1.1346354e+02
2086,2.0850000e-01,2.6591684e+01,-4.2876244e+01,1.1355718e+02
2087,2.0860000e-01,2.6158367e+01,-4.2877141e+01,1.1364880e+02
2088,2.0870000e-01,2.5723440e+01,-4.2877588e+01,1.1373829e+02
2089,2.0880000e-01,2.5287139e+01,-4.2877599e+01,1.1382554e+02
2090,2.0890000e-01,2.4849691e+01,-4.2877201e+01,1.1391043e+02
2091,2.0900000e-01,2.4411321e+01,-4.2876428e+01,1.1399280e+02
2092,2.0910000e-01,2.3972291e+01,-4.2875334e+01,1.1407246e+02
2093,2.0920000e-01,2.3532937e+01,-4.2873991e+01,1.1414919e+02
2094,2.0930000e-01,2.3093664e+01,-4.2872487e+01,1.1422285e+02
2095,2.0940000e-01,2.2654853e+01,-4.2870905e+01,1.1429340e+02
2096,2.0950000e-01,2.2216819e+01,-4.2869299e+01,1.1436081e+02
2097,2.0960000e-01,2.1779809e+01,-4.2867698e+01,1.1442510e+02
2098,2.0970000e-01,2.1344025e+01,-4.2866122e+01,1.1448626e+02
2099,2.0980000e-01,2.0909657e+01,-4.2864575e+01,1.1454431e+02
2100,2.0990000e-01,2.0476901e+01,-4.2863052e+01,1.1459927e+02
2101,2.1000000e-01,2.0045962e+01,-4.2861546e+01,1.1465115e+02
2102,2.1010000e-01,1.9617062e+01,-4.2860055e+01,1.1469998e+02
2103,2.1020000e-01,1.9190432e+01,-4.2858586e+01,1.1474578e+02
2104,2.1030000e-01,1.8766316e+01,-4.2857149e+01,1.1478859e+02
2105,2.1040000e-01,1.8344968e+01,-4.2855762e+01,1.1482844e+02
2106,2.1050000e-01,1.7926653e+01,-4.2854444e+01,1.1486536e+02
2107,2.1060000e-01,1.7511649e+01,-4.2853214e+01,1.1489939e+02
2108,2.1070000e-01,1.7100250e+01,-4.2852096e+01,1.1493059e+02
2109,2.1080000e-01,1.6692766e+01,-4.2851113e+01,1.1495900e+02
2110,2.1090000e-01,1.6289527e+01,-4.2850291e+01,1.1498468e+02
2111,2.1100000e-01,1.5890886e+01,-4.2849663e+01,1.1500767e+02
2112,2.1110000e-01,1.5497222e+01,-4.2849261e+01,1.1502805e+02
2113,2.1120000e-01,1.5108938e+01,-4.2849122e+01,1.1504587e+02
2114,2.1130000e-01,1.4726472e+01,-4.2849277e+01,1.1506121e+02
2115,2.1140000e-01,1.4350298e+01,-4.2849751e+01,1.1507414e+02
2116,2.1150000e-01,1.3980931e+01,-4.2850556e+01,1.1508475e+02
2117,2.1160000e-01,1.3618932e+01,-4.2851684e+01,1.1509314e+02
2118,2.1170000e-01,1.3264907e+01,-4.2853120e+01,1.1509944e+02
2119,2.1180000e-01,1.2919513e+01,-4.2854839e+01,1.1510379e+02
2120,2.1190000e-01,1.2583445e+01,-4.2856827e+01,1.1510634e+02
2121,2.1200000e-01,1.2257437e+01,-4.2859084e+01,1.1510725e+02
2122,2.1210000e-01,1.1942258e+01,-4.2861614e+01,1.1510667e+02
2123,2.1220000e-01,1.1638712e+01,-4.2864426e+01,1.1510477e+02
2124,2.1230000e-01,1.1347649e+01,-4.2867540e+01,1.1510173e+02
2125,2.1240000e-01,1.1069948e+01,-4.2870969e+01,1.1509772e+02
2126,2.1250000e-01,1.0806521e+01,-4.2874732e+01,1.1509293e+02
2127,2.1260000e-01,1.0558295e+01,-4.2878847e+01,1.1508754e+02
2128,2.1270000e-01,1.0326218e+01,-4.2883329e+01,1.1508174e+02
2129,2.1280000e-01,1.0111252e+01,-4.2888191e+01,1.1507573e+02
2130,2.1290000e-01,9.9143627e+00,-4.2893439e+01,1.1506969e+02
2131,2.1300000e-01,9.7365087e+00,-4.2899085e+01,1.1506381e+02
2132,2.1310000e-01,9.5786168e+00,-4.2905148e+01,1.1505827e+02
2133,2.1320000e-01,9.4415656e+00,-4.2911635e+01,1.1505321e+02
2134,2.1330000e-01,9.3261697e+00,-4.2918551e+01,1.1504881e+02
2135,2.1340000e-01,9.2331570e+00,-4.2925896e+01,1.1504519e+02
2136,2.1350000e-01,9.1631567e+00,-4.2933665e+01,1.1504246e+02
2137,2.1360000e-01,9.1166847e+00,-4.2941851e+01,1.1504072e+02
2138,2.1370000e-01,9.0941281e+00,-4.2950443e+01,1.1504000e+02
2139,2.1380000e-01,9.0957312e+00,-4.2959429e+01,1.1504033e+02
2140,2.1390000e-01,9.1215979e+00,-4.2968790e+01,1.1504171e+02
2141,2.1400000e-01,9.1716795e+00,-4.2978505e+01,1.1504408e+02
2142,2.1410000e-01,9.2457705e+00,-4.2988550e+01,1.1504738e+02
2143,2.1420000e-01,9.3435147e+00,-4.2998892e+01,1.1505151e+02
2144,2.1430000e-01,9.4644129e+00,-4.3009496e+01,1.1505634e+02
2145,2.1440000e-01,9.6078342e+00,-4.3020323e+01,1.1506173e+02
2146,2.1450000e-01,9.7730251e+00,-4.3031330e+01,1.1506751e+02
2147,2.1460000e-01,9.9591334e+00,-4.3042471e+01,1.1507350e+02
2148,2.1470000e-01,1.0165234e+01,-4.3053698e+01,1.1507951e+02
2149,2.1480000e-01,1.0390349e+01,-4.3064966e+01,1.1508534e+02
2150,2.1490000e-01,1.0633466e+01,-4.3076225e+01,1.1509079e+02
2151,2.1500000e-01,1.0893555e+01,-4.3087429e+01,1.1509565e+02
2152,2.1510000e-01,1.1169579e+01,-4.3098528e+01,1.1509974e+02
2153,2.1520000e-01,1.1460514e+01,-4.3109474e+01,1.1510285e+02
2154,2.1530000e-01,1.1765360e+01,-4.3120221e+01,1.1510482e+02
2155,2.1540000e-01,1.2083143e+01,-4.3130723e+01,1.1510545e+02
2156,2.1550000e-01,1.2412925e+01,-4.3140933e+01,1.1510460e+02
2157,2.1560000e-01,1.2753806e+01,-4.3150810e+01,1.1510212e+02
2158,2.1570000e-01,1.3104930e+01,-4.3160312e+01,1.1509786e+02
2159,2.1580000e-01,1.3465485e+01,-4.3169398e+01,1.1509170e+02
2160,2.1590000e-01,1.3834706e+01,-4.3178031e+01,1.1508352e+02
2161,2.1600000e-01,1.4211884e+01,-4.3186192e+01,1.1507318e+02
2162,2.1610000e-01,1.4596356e+01,-4.3193851e+01,1.1506060e+02
2163,2.1620000e-01,1.4987507e+01,-4.3200978e+01,1.1504569e+02
2164,2.1630000e-01,1.5384764e+01,-4.3207544e+01,1.1502837e+02
2165,2.1640000e-01,1.5787601e+01,-4.3213549e+01,1.1500852e+02
2166,2.1650000e-01,1.6195532e+01,-4.3218973e+01,1.1498608e+02
2167,2.1660000e-01,1.6608103e+01,-4.3223788e+01,1.1496103e+02
2168,2.1670000e-01,1.7024888e+01,-4.3227969e+01,1.1493331e+02
2169,2.1680000e-01,1.7445508e+01,-4.3231503e+01,1.1490289e+02
2170,2.1690000e-01,1.7869614e+01,-4.3234363e+01,1.1486971e+02
2171,2.1700000e-01,1.8296870e+01,-4.3236518e+01,1.1483376e+02
2172,2.1710000e-01,1.8726948e+01,-4.3237931e+01,1.1479503e+02
2173,2.1720000e-01,1.9159576e+01,-4.3238579e+01,1.1475348e+02
2174,2.1730000e-01,1.9594522e+01,-4.3238452e+01,1.1470912e+02
2175,2.1740000e-01,2.0031557e+01,-4.3237537e+01,1.1466194e+02
2176,2.1750000e-01,2.0470433e+01,-4.3235824e+01,1.1461198e+02
2177,2.1760000e-01,2.0910884e+01,-4.3233304e+01,1.1455925e+02
2178,2.1770000e-01,2.1352663e+01,-4.3229973e+01,1.1450379e+02
2179,2.1780000e-01,2.1795525e+01,-4.3225828e+01,1.1444563e+02
2180,2.1790000e-01,2.2239214e+01,-4.3220869e+01,1.1438475e+02
2181,2.1800000e-01,2.2683468e+01,-4.3215107e+01,1.1432114e+02
2182,2.1810000e-01,2.3128006e+01,-4.3208548e+01,1.1425482e+02
2183,2.1820000e-01,2.3572543e+01,-4.3201213e+01,1.1418580e+02
2184,2.1830000e-01,2.4016784e+01,-4.3193133e+01,1.1411406e+02
2185,2.1840000e-01,2.4460437e+01,-4.3184355e+01,1.1403962e+02
2186,2.1850000e-01,2.4903213e+01,-4.3174932e+01,1.1396249e+02
2187,2.1860000e-01,2.5344829e+01,-4.3164925e+01,1.1388271e+02
2188,2.1870000e-01,2.5785010e+01,-4.3154380e+01,1.1380035e+02
2189,2.1880000e-01,2.6223483e+01,-4.3143329e+01,1.1371549e+02
2190,2.1890000e-01,2.6659993e+01,-4.3131775e+01,1.1362825e+02
2191,2.1900000e-01,2.7094292e+01,-4.3119698e+01,1.1353876e+02
2192,2.1910000e-01,2.7526109e+01,-4.3107103e+01,1.1344704e+02
2193,2.1920000e-01,2.7955119e+01,-4.3094033e+01,1.1335311e+02
2194,2.1930000e-01,2.8380946e+01,-4.3080552e+01,1.1325704e+02
2195,2.1940000e-01,2.8803168e+01,-4.3066719e+01,1.1315896e+02
2196,2.1950000e-01,2.9221350e+01,-4.3052590e+01,1.1305905e+02
2197,2.1960000e-01,2.9635057e+01,-4.3038208e+01,1.1295749e+02
2198,2.1970000e-01,3.0043852e+01,-4.3023624e+01,1.1285444e+02
2199,2.1980000e-01,3.0447279e+01,-4.3008889e+01,1.1275010e+02
2200,2.1990000e-01,3.0844849e+01,-4.2994056e+01,1.1264466e+02
2201,2.2000000e-01,3.1236041e+01,-4.2979172e+01,1.1253835e+02
2202,2.2010000e-01,3.1620283e+01,-4.2964289e+01,1.1243142e+02
2203,2.2020000e-01,3.1996952e+01,-4.2949459e+01,1.1232416e+02
2204,2.2030000e-01,3.2365368e+01,-4.2934741e+01,1.1221688e+02
2205,2.2040000e-01,3.2724786e+01,-4.2920187e+01,1.1210991e+02
2206,2.2050000e-01,3.3074394e+01,-4.2905852e+01,1.1200366e+02
2207,2.2060000e-01,3.3413330e+01,-4.2891791e+01,1.1189853e+02
2208,2.2070000e-01,3.3740791e+01,-4.2877822e+01,1.1179522e+02
2209,2.2080000e-01,3.4055919e+01,-4.2863981e+01,1.1169439e+02
2210,2.2090000e-01,3.4357729e+01,-4.2850414e+01,1.1159664e+02
2211,2.2100000e-01,3.4645100e+01,-4.2837287e+01,1.1150249e+02
2212,2.2110000e-01,3.4916774e+01,-4.2824738e+01,1.1141249e+02
2213,2.2120000e-01,3.5171387e+01,-4.2812871e+01,1.1132717e+02
2214,2.2130000e-01,3.5407492e+01,-4.2801776e+01,1.1124714e+02
2215,2.2140000e-01,3.5623598e+01,-4.2791518e+01,1.1117300e+02
2216,2.2150000e-01,3.5818200e+01,-4.2782156e+01,1.1110540e+02
2217,2.2160000e-01,3.5989803e+01,-4.2773749e+01,1.1104496e+02
2218,2.2170000e-01,3.6136973e+01,-4.2766335e+01,1.1099230e+02
2219,2.2180000e-01,3.6258367e+01,-4.2759942e+01,1.1094802e+02
2220,2.2190000e-01,3.6352792e+01,-4.2754586e+01,1.1091264e+02
2221,2.2200000e-01,3.6419251e+01,-4.2750270e+01,1.1088660e+02
2222,2.2210000e-01,3.6456982e+01,-4.2746999e+01,1.1087026e+02
2223,2.2220000e-01,3.6465495e+01,-4.2744763e+01,1.1086383e+02
2224,2.2230000e-01,3.6444601e+01,-4.2743539e+01,1.1086741e+02
2225,2.2240000e-01,3.6394417e+01,-4.2743304e+01,1.1088095e+02
2226,2.2250000e-01,3.6315347e+01,-4.2744025e+01,1.1090427e+02
2227,2.2260000e-01,3.6208072e+01,-4.2745656e+01,1.1093709e+02
2228,2.2270000e-01,3.6073520e+01,-4.2748137e+01,1.1097900e+02
2229,2.2280000e-01,3.5912835e+01,-4.2751406e+01,1.1102950e+02
2230,2.2290000e-01,3.5727330e+01,-4.2755391e+01,1.1108802e+02
2231,2.2300000e-01,3.5518433e+01,-4.2760017e+01,1.1115394e+02
2232,2.2310000e-01,3.5287636e+01,-4.2765204e+01,1.1122662e+02
2233,2.2320000e-01,3.5036474e+01,-4.2770863e+01,1.1130538e+02
2234,2.2330000e-01,3.4766484e+01,-4.2776908e+01,1.1138956e+02
2235,2.2340000e-01,3.4479182e+01,-4.2783255e+01,1.1147849e+02
2236,2.2350000e-01,3.4176027e+01,-4.2789818e+01,1.1157154e+02
2237,2.2360000e-01,3.3858413e+01,-4.2796519e+01,1.1166809e+02
2238,2.2370000e-01,3.3527644e+01,-4.2803280e+01,1.1176758e+02
2239,2.2380000e-01,3.3184940e+01,-4.2810031e+01,1.1186945e+02
2240,2.2390000e-01,3.2831430e+01,-4.2816706e+01,1.1197321e+02
2241,2.2400000e-01,3.2468153e+01,-4.2823247e+01,1.1207838e+02
2242,2.2410000e-01,3.2096067e+01,-4.2829602e+01,1.1218455e+02
2243,2.2420000e-01,3.1716045e+01,-4.2835727e+01,1.1229131e+02
2244,2.2430000e-01,3.1328887e+01,-4.2841585e+01,1.1239830e+02
2245,2.2440000e-01,3.0935320e+01,-4.2847142e+01,1.1250520e+02
2246,2.2450000e-01,3.0536008e+01,-4.2852371e+01,1.1261170e+02
2247,2.2460000e-01,3.0131549e+01,-4.2857247e+01,1.1271754e+02
2248,2.2470000e-01,2.9722487e+01,-4.2861750e+01,1.1282249e+02
2249,2.2480000e-01,2.9309304e+01,-4.2865860e+01,1.1292634e+02
2250,2.2490000e-01,2.8892412e+01,-4.2869558e+01,1.1302895e+02
2251,2.2500000e-01,2.8472157e+01,-4.2872822e+01,1.1313016e+02
2252,2.2510000e-01,2.8048846e+01,-4.2875633e+01,1.1322986e+02
2253,2.2520000e-01,2.7622764e+01,-4.2877976e+01,1.1332793e+02
2254,2.2530000e-01,2.7194191e+01,-4.2879845e+01,1.1342426e+02
2255,2.2540000e-01,2.6763400e+01,-4.2881237e+01,1.1351873e+02
2256,2.2550000e-01,2.6330651e+01,-4.2882156e+01,1.1361122e+02
2257,2.2560000e-01,2.5896195e+01,-4.2882611e+01,1.1370164e+02
2258,2.2570000e-01,2.5460271e+01,-4.2882614e+01,1.1378987e+02
2259,2.2580000e-01,2.5023110e+01,-4.2882189e+01,1.1387578e+02
2260,2.2590000e-01,2.4584937e+01,-4.2881368e+01,1.1395926e+02
2261,2.2600000e-01,2.4145993e+01,-4.2880196e+01,1.1404011e+02
2262,2.2610000e-01,2.3706584e+01,-4.2878740e+01,1.1411810e+02
2263,2.2620000e-01,2.3267103e+01,-4.2877084e+01,1.1419307e+02
2264,2.2630000e-01,2.2827950e+01,-4.2875324e+01,1.1426491e+02
2265,2.2640000e-01,2.2389465e+01,-4.2873529e+01,1.1433359e+02
2266,2.2650000e-01,2.1951917e+01,-4.2871743e+01,1.1439913e+02
2267,2.2660000e-01,2.1515523e+01,-4.2869985e+01,1.1446155e+02
2268,2.2670000e-01,2.1080478e+01,-4.2868253e+01,1.1452086e+02
2269,2.2680000e-01,2.0646974e+01,-4.2866543e+01,1.1457708e+02
2270,2.2690000e-01,2.0215211e+01,-4.2864850e+01,1.1463022e+02
2271,2.2700000e-01,1.9785401e+01,-4.2863174e+01,1.1468030e+02
2272,2.2710000e-01,1.9357773e+01,-4.2861518e+01,1.1472735e+02
2273,2.2720000e-01,1.8932568e+01,-4.2859890e+01,1.1477139e+02
2274,2.2730000e-01,1.8510035e+01,-4.2858305e+01,1.1481245e+02
2275,2.2740000e-01,1.8090433e+01,-4.2856783e+01,1.1485058e+02
2276,2.2750000e-01,1.7674035e+01,-4.2855344e+01,1.1488580e+02
2277,2.2760000e-01,1.7261126e+01,-4.2854009e+01,1.1491817e+02
2278,2.2770000e-01,1.6852006e+01,-4.2852801e+01,1.1494773e+02
2279,2.2780000e-01,1.6446999e+01,-4.2851746e+01,1.1497453e+02
2280,2.2790000e-01,1.6046449e+01,-4.2850875e+01,1.1499864e+02
2281,2.2800000e-01,1.5650726e+01,-4.2850220e+01,1.1502009e+02
2282,2.2810000e-01,1.5260226e+01,-4.2849816e+01,1.1503897e+02
2283,2.2820000e-01,1.4875376e+01,-4.2849698e+01,1.1505532e+02
2284,2.2830000e-01,1.4496635e+01,-4.2849896e+01,1.1506924e+02
2285,2.2840000e-01,1.4124498e+01,-4.2850429e+01,1.1508079e+02
2286,2.2850000e-01,1.3759505e+01,-4.2851301e+01,1.1509008e+02
2287,2.2860000e-01,1.3402242e+01,-4.2852497e+01,1.1509723e+02
2288,2.2870000e-01,1.3053345e+01,-4.2853993e+01,1.1510237e+02
2289,2.2880000e-01,1.2713496e+01,-4.2855775e+01,1.1510564e+02
2290,2.2890000e-01,1.2383414e+01,-4.2857832e+01,1.1510720e+02
2291,2.2900000e-01,1.2063857e+01,-4.2860160e+01,1.1510721e+02
2292,2.2910000e-01,1.1755618e+01,-4.2862774e+01,1.1510584e+02
2293,2.2920000e-01,1.1459532e+01,-4.2865684e+01,1.1510325e+02
2294,2.2930000e-01,1.1176467e+01,-4.2868912e+01,1.1509962e+02
2295,2.2940000e-01,1.0907323e+01,-4.2872472e+01,1.1509513e+02
2296,2.2950000e-01,1.0653026e+01,-4.2876380e+01,1.1508997e+02
2297,2.2960000e-01,1.0414515e+01,-4.2880656e+01,1.1508432e+02
2298,2.2970000e-01,1.0192746e+01,-4.2885312e+01,1.1507838e+02
2299,2.2980000e-01,9.9886835e+00,-4.2890355e+01,1.1507235e+02
2300,2.2990000e-01,9.8032935e+00,-4.2895797e+01,1.1506640e+02
2301,2.3000000e-01,9.6375192e+00,-4.2901652e+01,1.1506072e+02
2302,2.3010000e-01,9.4922591e+00,-4.2907933e+01,1.1505547e+02
2303,2.3020000e-01,9.3683537e+00,-4.2914647e+01,1.1505081e+02
2304,2.3030000e-01,9.2665692e+00,-4.2921795e+01,1.1504688e+02
2305,2.3040000e-01,9.1875749e+00,-4.2929374e+01,1.1504380e+02
2306,2.3050000e-01,9.1319310e+00,-4.2937378e+01,1.1504168e+02
2307,2.3060000e-01,9.1000753e+00,-4.2945797e+01,1.1504056e+02
2308,2.3070000e-01,9.0923074e+00,-4.2954618e+01,1.1504050e+02
2309,2.3080000e-01,9.1087895e+00,-4.2963824e+01,1.1504148e+02
2310,2.3090000e-01,9.1495326e+00,-4.2973398e+01,1.1504348e+02
2311,2.3100000e-01,9.2143905e+00,-4.2983314e+01,1.1504643e+02
2312,2.3110000e-01,9.3030642e+00,-4.2993543e+01,1.1505026e+02
2313,2.3120000e-01,9.4151077e+00,-4.3004051e+01,1.1505485e+02
2314,2.3130000e-01,9.5499383e+00,-4.3014800e+01,1.1506005e+02
2315,2.3140000e-01,9.7068517e+00,-4.3025748e+01,1.1506570e+02
2316,2.3150000e-01,9.8850318e+00,-4.3036851e+01,1.1507164e+02
2317,2.3160000e-01,1.0083577e+01,-4.3048061e+01,1.1507767e+02
2318,2.3170000e-01,1.0301525e+01,-4.3059332e+01,1.1508360e+02
2319,2.3180000e-01,1.0537874e+01,-4.3070614e+01,1.1508923e+02
2320,2.3190000e-01,1.0791597e+01,-4.3081861e+01,1.1509434e+02
2321,2.3200000e-01,1.1061658e+01,-4.3093024e+01,1.1509876e+02
2322,2.3210000e-01,1.1347027e+01,-4.3104055e+01,1.1510227e+02
2323,2.3220000e-01,1.1646693e+01,-4.3114905e+01,1.1510470e+02
2324,2.3230000e-01,1.1959671e+01,-4.3125530e+01,1.1510587e+02
2325,2.3240000e-01,1.2285009e+01,-4.3135882e+01,1.1510561e+02
2326,2.3250000e-01,1.2621790e+01,-4.3145919e+01,1.1510377e+02
2327,2.3260000e-01,1.2969139e+01,-4.3155596e+01,1.1510020e+02
2328,2.3270000e-01,1.3326227e+01,-4.3164874e+01,1.1509479e+02
2329,2.3280000e-01,1.3692269e+01,-4.3173715e+01,1.1508739e+02
2330,2.3290000e-01,1.4066536e+01,-4.3182097e+01,1.1507788e+02
2331,2.3300000e-01,1.4448347e+01,-4.3189994e+01,1.1506615e+02
2332,2.3310000e-01,1.4837071e+01,-4.3197374e+01,1.1505211e+02
2333,2.3320000e-01,1.5232118e+01,-4.3204206e+01,1.1503570e+02
2334,2.3330000e-01,1.5632947e+01,-4.3210488e+01,1.1501677e+02
2335,2.3340000e-01,1.6039058e+01,-4.3216199e+01,1.1499528e+02
2336,2.3350000e-01,1.6449984e+01,-4.3221310e+01,1.1497119e+02
2337,2.3360000e-01,1.6865288e+01,-4.3225795e+01,1.1494446e+02
2338,2.3370000e-01,1.7284567e+01,-4.3229661e+01,1.1491497e+02
2339,2.3380000e-01,1.7707462e+01,-4.3232878e+01,1.1488272e+02
2340,2.3390000e-01,1.8133630e+01,-4.3235411e+01,1.1484772e+02
2341,2.3400000e-01,1.8562740e+01,-4.3237215e+01,1.1480995e+02
2342,2.3410000e-01,1.8994473e+01,-4.3238254e+01,1.1476942e+02
2343,2.3420000e-01,1.9428563e+01,-4.3238508e+01,1.1472609e+02
2344,2.3430000e-01,1.9864789e+01,-4.3237971e+01,1.1467996e+02
2345,2.3440000e-01,2.0302929e+01,-4.3236635e+01,1.1463103e+02
2346,2.3450000e-01,2.0742743e+01,-4.3234498e+01,1.1457932e+02
2347,2.3460000e-01,2.1184001e+01,-4.3231557e+01,1.1452489e+02
2348,2.3470000e-01,2.1626468e+01,-4.3227805e+01,1.1446775e+02
2349,2.3480000e-01,2.2069889e+01,-4.3223239e+01,1.1440790e+02
2350,2.3490000e-01,2.2514001e+01,-4.3217863e+01,1.1434533e+02
2351,2.3500000e-01,2.2958534e+01,-4.3211686e+01,1.1428003e+02
2352,2.3510000e-01,2.3403206e+01,-4.3204722e+01,1.1421201e+02
2353,2.3520000e-01,2.3847712e+01,-4.3196992e+01,1.1414128e+02
2354,2.3530000e-01,2.4291752e+01,-4.3188530e+01,1.1406784e+02
2355,2.3540000e-01,2.4735031e+01,-4.3179388e+01,1.1399171e+02
2356,2.3550000e-01,2.5177261e+01,-4.3169626e+01,1.1391292e+02
2357,2.3560000e-01,2.5618156e+01,-4.3159302e+01,1.1383152e+02
2358,2.3570000e-01,2.6057442e+01,-4.3148453e+01,1.1374762e+02
2359,2.3580000e-01,2.6494861e+01,-4.3137074e+01,1.1366134e+02
2360,2.3590000e-01,2.6930166e+01,-4.3125153e+01,1.1357279e+02
2361,2.3600000e-01,2.7363095e+01,-4.3112698e+01,1.1348201e+02
2362,2.3610000e-01,2.7793346e+01,-4.3099744e+01,1.1338900e+02
2363,2.3620000e-01,2.8220562e+01,-4.3086356e+01,1.1329379e+02
2364,2.3630000e-01,2.8644331e+01,-4.3072597e+01,1.1319649e+02
2365,2.3640000e-01,2.9064217e+01,-4.3058528e+01,1.1309727e+02
2366,2.3650000e-01,2.9479783e+01,-4.3044199e+01,1.1299631e+02
2367,2.3660000e-01,2.9890593e+01,-4.3029652e+01,1.1289380e+02
2368,2.3670000e-01,3.0296197e+01,-4.3014937e+01,1.1278991e+02
2369,2.3680000e-01,3.0696122e+01,-4.3000102e+01,1.1268484e+02
2370,2.3690000e-01,3.1089862e+01,-4.2985196e+01,1.1257881e+02
2371,2.3700000e-01,3.1476868e+01,-4.2970268e+01,1.1247206e+02
2372,2.3710000e-01,3.1856536e+01,-4.2955372e+01,1.1236487e+02
2373,2.3720000e-01,3.2228208e+01,-4.2940563e+01,1.1225753e+02
2374,2.3730000e-01,3.2591165e+01,-4.2925895e+01,1.1215038e+02
2375,2.3740000e-01,3.2944623e+01,-4.2911422e+01,1.1204378e+02
2376,2.3750000e-01,3.3287726e+01,-4.2897198e+01,1.1193815e+02
2377,2.3760000e-01,3.3619563e+01,-4.2883277e+01,1.1183392e+02
2378,2.3770000e-01,3.3939282e+01,-4.2869463e+01,1.1173183e+02
2379,2.3780000e-01,3.4245976e+01,-4.2855783e+01,1.1163255e+02
2380,2.3790000e-01,3.4538610e+01,-4.2842375e+01,1.1153670e+02
2381,2.3800000e-01,3.4816010e+01,-4.2829398e+01,1.1144485e+02
2382,2.3810000e-01,3.5076872e+01,-4.2816994e+01,1.1135753e+02
2383,2.3820000e-01,3.5319794e+01,-4.2805266e+01,1.1127534e+02
2384,2.3830000e-01,3.5543311e+01,-4.2794305e+01,1.1119886e+02
2385,2.3840000e-01,3.5745924e+01,-4.2784182e+01,1.1112872e+02
2386,2.3850000e-01,3.5926131e+01,-4.2774964e+01,1.1106554e+02
2387,2.3860000e-01,3.6082467e+01,-4.2766699e+01,1.1100995e+02
2388,2.3870000e-01,3.6213545e+01,-4.2759429e+01,1.1096255e+02
2389,2.3880000e-01,3.6318105e+01,-4.2753180e+01,1.1092388e+02
2390,2.3890000e-01,3.6395071e+01,-4.2747963e+01,1.1089443e+02
2391,2.3900000e-01,3.6443587e+01,-4.2743789e+01,1.1087456e+02
2392,2.3910000e-01,3.6463057e+01,-4.2740657e+01,1.1086455e+02
2393,2.3920000e-01,3.6453178e+01,-4.2738556e+01,1.1086454e+02
2394,2.3930000e-01,3.6413948e+01,-4.2737464e+01,1.1087452e+02
2395,2.3940000e-01,3.6345663e+01,-4.2737358e+01,1.1089437e+02
2396,2.3950000e-01,3.6248901e+01,-4.2738198e+01,1.1092384e+02
2397,2.3960000e-01,3.6124494e+01,-4.2739936e+01,1.1096256e+02
2398,2.3970000e-01,3.5973505e+01,-4.2742516e+01,1.1101006e+02
2399,2.3980000e-01,3.5797181e+01,-4.2745873e+01,1.1106580e+02
2400,2.3990000e-01,3.5596909e+01,-4.2749934e+01,1.1112918e+02
2401,2.4000000e-01,3.5374165e+01,-4.2754616e+01,1.1119955e+02
2402,2.4010000e-01,3.5130483e+01,-4.2759837e+01,1.1127624e+02
2403,2.4020000e-01,3.4867410e+01,-4.2765510e+01,1.1135859e+02
2404,2.4030000e-01,3.4586467e+01,-4.2771548e+01,1.1144592e+02
2405,2.4040000e-01,3.4289132e+01,-4.2777867e+01,1.1153759e+02
2406,2.4050000e-01,3.3976822e+01,-4.2784382e+01,1.1163299e+02
2407,2.4060000e-01,3.3650878e+01,-4.2791014e+01,1.1173153e+02
2408,2.4070000e-01,3.3312554e+01,-4.2797693e+01,1.1183264e+02
2409,2.4080000e-01,3.2963011e+01,-4.2804350e+01,1.1193582e+02
2410,2.4090000e-01,3.2603324e+01,-4.2810922e+01,1.1204058e+02
2411,2.4100000e-01,3.2234478e+01,-4.2817356e+01,1.1214648e+02
2412,2.4110000e-01,3.1857376e+01,-4.2823604e+01,1.1225311e+02
2413,2.4120000e-01,3.1472843e+01,-4.2829624e+01,1.1236010e+02
2414,2.4130000e-01,3.1081632e+01,-4.2835380e+01,1.1246710e+02
2415,2.4140000e-01,3.0684429e+01,-4.2840841e+01,1.1257381e+02
2416,2.4150000e-01,3.0281855e+01,-4.2845981e+01,1.1267996e+02
2417,2.4160000e-01,2.9874474e+01,-4.2850775e+01,1.1278529e+02
2418,2.4170000e-01,2.9462793e+01,-4.2855203e+01,1.1288959e+02
2419,2.4180000e-01,2.9047248e+01,-4.2859245e+01,1.1299269e+02
2420,2.4190000e-01,2.8628211e+01,-4.2862877e+01,1.1309444e+02
2421,2.4200000e-01,2.8206004e+01,-4.2866079e+01,1.1319472e+02
2422,2.4210000e-01,2.7780921e+01,-4.2868832e+01,1.1329341e+02
2423,2.4220000e-01,2.7353246e+01,-4.2871127e+01,1.1339038e+02
2424,2.4230000e-01,2.6923253e+01,-4.2872958e+01,1.1348552e+02
2425,2.4240000e-01,2.6491206e+01,-4.2874326e+01,1.1357872e+02
2426,2.4250000e-01,2.6057353e+01,-4.2875238e+01,1.1366987e+02
2427,2.4260000e-01,2.5621938e+01,-4.2875705e+01,1.1375886e+02
2428,2.4270000e-01,2.5185195e+01,-4.2875744e+01,1.1384558e+02
2429,2.4280000e-01,2.4747351e+01,-4.2875381e+01,1.1392991e+02
2430,2.4290000e-01,2.4308638e+01,-4.2874656e+01,1.1401167e+02
2431,2.4300000e-01,2.3869329e+01,-4.2873627e+01,1.1409066e+02
2432,2.4310000e-01,2.3429781e+01,-4.2872368e+01,1.1416668e+02
2433,2.4320000e-01,2.2990403e+01,-4.2870967e+01,1.1423962e+02
2434,2.4330000e-01,2.2551568e+01,-4.2869502e+01,1.1430943e+02
2435,2.4340000e-01,2.2113575e+01,-4.2868023e+01,1.1437611e+02
2436,2.4350000e-01,2.1676660e+01,-4.2866551e+01,1.1443967e+02
2437,2.4360000e-01,2.1241024e+01,-4.2865098e+01,1.1450010e+02
2438,2.4370000e-01,2.0806856e+01,-4.2863667e+01,1.1455743e+02
2439,2.4380000e-01,2.0374350e+01,-4.2862257e+01,1.1461166e+02
2440,2.4390000e-01,1.9943714e+01,-4.2860863e+01,1.1466283e+02
2441,2.4400000e-01,1.9515174e+01,-4.2859482e+01,1.1471094e+02
2442,2.4410000e-01,1.9088965e+01,-4.2858122e+01,1.1475604e+02
2443,2.4420000e-01,1.8665335e+01,-4.2856794e+01,1.1479814e+02
2444,2.4430000e-01,1.8244540e+01,-4.2855516e+01,1.1483729e+02
2445,2.4440000e-01,1.7826849e+01,-4.2854307e+01,1.1487352e+02
2446,2.4450000e-01,1.7412543e+01,-4.2853187e+01,1.1490687e+02
2447,2.4460000e-01,1.7001918e+01,-4.2852180e+01,1.1493740e+02
2448,2.4470000e-01,1.6595287e+01,-4.2851309e+01,1.1496515e+02
2449,2.4480000e-01,1.6192987e+01,-4.2850604e+01,1.1499018e+02
2450,2.4490000e-01,1.5795379e+01,-4.2850095e+01,1.1501255e+02
2451,2.4500000e-01,1.5402847e+01,-4.2849817e+01,1.1503230e+02
2452,2.4510000e-01,1.5015804e+01,-4.2849804e+01,1.1504952e+02
2453,2.4520000e-01,1.4634697e+01,-4.2850086e+01,1.1506427e+02
2454,2.4530000e-01,1.4260010e+01,-4.2850687e+01,1.1507663e+02
2455,2.4540000e-01,1.3892270e+01,-4.2851611e+01,1.1508669e+02
2456,2.4550000e-01,1.3532047e+01,-4.2852852e+01,1.1509456e+02
2457,2.4560000e-01,1.3179961e+01,-4.2854385e+01,1.1510038e+02
2458,2.4570000e-01,1.2836674e+01,-4.2856194e+01,1.1510429e+02
2459,2.4580000e-01,1.2502894e+01,-4.2858265e+01,1.1510643e+02
2460,2.4590000e-01,1.2179363e+01,-4.2860597e+01,1.1510696e+02
2461,2.4600000e-01,1.1866860e+01,-4.2863203e+01,1.1510606e+02
2462,2.4610000e-01,1.1566206e+01,-4.2866093e+01,1.1510387e+02
2463,2.4620000e-01,1.1278256e+01,-4.2869288e+01,1.1510059e+02
2464,2.4630000e-01,1.1003899e+01,-4.2872801e+01,1.1509637e+02
2465,2.4640000e-01,1.0744049e+01,-4.2876648e+01,1.1509142e+02
2466,2.4650000e-01,1.0499640e+01,-4.2880848e+01,1.1508592e+02
2467,2.4660000e-01,1.0271622e+01,-4.2885416e+01,1.1508006e+02
2468,2.4670000e-01,1.0060962e+01,-4.2890359e+01,1.1507403e+02
2469,2.4680000e-01,9.8686217e+00,-4.2895688e+01,1.1506803e+02
2470,2.4690000e-01,9.6955556e+00,-4.2901417e+01,1.1506223e+02
2471,2.4700000e-01,9.5426813e+00,-4.2907561e+01,1.1505680e+02
2472,2.4710000e-01,9.4108640e+00,-4.2914130e+01,1.1505191e+02
2473,2.4720000e-01,9.3009006e+00,-4.2921125e+01,1.1504770e+02
2474,2.4730000e-01,9.2134970e+00,-4.2928547e+01,1.1504431e+02
2475,2.4740000e-01,9.1492556e+00,-4.2936390e+01,1.1504184e+02
2476,2.4750000e-01,9.1086618e+00,-4.2944645e+01,1.1504036e+02
2477,2.4760000e-01,9.0920690e+00,-4.2953302e+01,1.1503992e+02
2478,2.4770000e-01,9.0996848e+00,-4.2962346e+01,1.1504053e+02
2479,2.4780000e-01,9.1315755e+00,-4.2971758e+01,1.1504218e+02
2480,2.4790000e-01,9.1876536e+00,-4.2981517e+01,1.1504482e+02
2481,2.4800000e-01,9.2676758e+00,-4.2991597e+01,1.1504836e+02
2482,2.4810000e-01,9.3712498e+00,-4.3001964e+01,1.1505270e+02
2483,2.4820000e-01,9.4978423e+00,-4.3012583e+01,1.1505771e+02
2484,2.4830000e-01,9.6467924e+00,-4.3023413e+01,1.1506324e+02
2485,2.4840000e-01,9.8173196e+00,-4.3034412e+01,1.1506912e+02
2486,2.4850000e-01,1.0008550e+01,-4.3045533e+01,1.1507516e+02
2487,2.4860000e-01,1.0219544e+01,-4.3056728e+01,1.1508118e+02
2488,2.4870000e-01,1.0449310e+01,-4.3067951e+01,1.1508696e+02
2489,2.4880000e-01,1.0696831e+01,-4.3079154e+01,1.1509230e+02
2490,2.4890000e-01,1.0961070e+01,-4.3090289e+01,1.1509702e+02
2491,2.4900000e-01,1.1240993e+01,-4.3101308e+01,1.1510090e+02
2492,2.4910000e-01,1.1535585e+01,-4.3112163e+01,1.1510377e+02
2493,2.4920000e-01,1.1843850e+01,-4.3122808e+01,1.1510544e+02
2494,2.4930000e-01,1.2164821e+01,-4.3133198e+01,1.1510573e+02
2495,2.4940000e-01,1.2497567e+01,-4.3143286e+01,1.1510451e+02
2496,2.4950000e-01,1.2841195e+01,-4.3153031e+01,1.1510161e+02
2497,2.4960000e-01,1.3194857e+01,-4.3162390e+01,1.1509690e+02
2498,2.4970000e-01,1.3557751e+01,-4.3171325e+01,1.1509025e+02
2499,2.4980000e-01,1.3929129e+01,-4.3179801e+01,1.1508156e+02
2500,2.4990000e-01,1.4308292e+01,-4.3187799e+01,1.1507069e+02
2501,2.5000000e-01,1.4694593e+01,-4.3195291e+01,1.1505753e+02
2502,2.5010000e-01,1.5087427e+01,-4.3202249e+01,1.1504202e+02
2503,2.5020000e-01,1.5486232e+01,-4.3208642e+01,1.1502408e+02
2504,2.5030000e-01,1.5890494e+01,-4.3214460e+01,1.1500361e+02
2505,2.5040000e-01,1.6299738e+01,-4.3219690e+01,1.1498055e+02
2506,2.5050000e-01,1.6713515e+01,-4.3224309e+01,1.1495484e+02
2507,2.5060000e-01,1.7131405e+01,-4.3228291e+01,1.1492646e+02
2508,2.5070000e-01,1.7553033e+01,-4.3231625e+01,1.1489534e+02
2509,2.5080000e-01,1.7978057e+01,-4.3234282e+01,1.1486145e+02
2510,2.5090000e-01,1.8406146e+01,-4.3236228e+01,1.1482478e+02
2511,2.5100000e-01,1.8836978e+01,-4.3237430e+01,1.1478531e+02
2512,2.5110000e-01,1.9270261e+01,-4.3237854e+01,1.1474311e+02
2513,2.5120000e-01,1.9705770e+01,-4.3237493e+01,1.1469809e+02
2514,2.5130000e-01,2.0143290e+01,-4.3236347e+01,1.1465025e+02
2515,2.5140000e-01,2.0582584e+01,-4.3234414e+01,1.1459958e+02
2516,2.5150000e-01,2.1023392e+01,-4.3231688e+01,1.1454613e+02
2517,2.5160000e-01,2.1465470e+01,-4.3228161e+01,1.1448994e+02
2518,2.5170000e-01,2.1908573e+01,-4.3223831e+01,1.1443102e+02
2519,2.5180000e-01,2.2352446e+01,-4.3218699e+01,1.1436939e+02
2520,2.5190000e-01,2.2796827e+01,-4.3212776e+01,1.1430503e+02
2521,2.5200000e-01,2.3241437e+01,-4.3206070e+01,1.1423795e+02
2522,2.5210000e-01,2.3685976e+01,-4.3198599e+01,1.1416816e+02
2523,2.5220000e-01,2.4130143e+01,-4.3190394e+01,1.1409566e+02
2524,2.5230000e-01,2.4573646e+01,-4.3181506e+01,1.1402047e+02
2525,2.5240000e-01,2.5016197e+01,-4.3171990e+01,1.1394260e+02
2526,2.5250000e-01,2.5457517e+01,-4.3161907e+01,1.1386210e+02
2527,2.5260000e-01,2.5897331e+01,-4.3151307e+01,1.1377902e+02
2528,2.5270000e-01,2.6335375e+01,-4.3140215e+01,1.1369345e+02
2529,2.5280000e-01,2.6771392e+01,-4.3128628e+01,1.1360553e+02
2530,2.5290000e-01,2.7205131e+01,-4.3116522e+01,1.1351536e+02
2531,2.5300000e-01,2.7636319e+01,-4.3103909e+01,1.1342299e+02
2532,2.5310000e-01,2.8064632e+01,-4.3090832e+01,1.1332843e+02
2533,2.5320000e-01,2.8489682e+01,-4.3077352e+01,1.1323176e+02
2534,2.5330000e-01,2.8911038e+01,-4.3063527e+01,1.1313314e+02
2535,2.5340000e-01,2.9328260e+01,-4.3049410e+01,1.1303274e+02
2536,2.5350000e-01,2.9740905e+01,-4.3035049e+01,1.1293072e+02
2537,2.5360000e-01,3.0148527e+01,-4.3020494e+01,1.1282726e+02
2538,2.5370000e-01,3.0550655e+01,-4.3005798e+01,1.1272256e+02
2539,2.5380000e-01,3.0946792e+01,-4.2991014e+01,1.1261682e+02
2540,2.5390000e-01,3.1336402e+01,-4.2976190e+01,1.1251027e+02
2541,2.5400000e-01,3.1718900e+01,-4.2961377e+01,1.1240317e+02
2542,2.5410000e-01,3.2093648e+01,-4.2946629e+01,1.1229583e+02
2543,2.5420000e-01,3.2459947e+01,-4.2932002e+01,1.1218854e+02
2544,2.5430000e-01,3.2817036e+01,-4.2917548e+01,1.1208169e+02
2545,2.5440000e-01,3.3164083e+01,-4.2903324e+01,1.1197564e+02
2546,2.5450000e-01,3.3500186e+01,-4.2889382e+01,1.1187085e+02
2547,2.5460000e-01,3.3824511e+01,-4.2875536e+01,1.1176801e+02
2548,2.5470000e-01,3.4136184e+01,-4.2861818e+01,1.1166781e+02
2549,2.5480000e-01,3.4434213e+01,-4.2848369e+01,1.1157083e+02
2550,2.5490000e-01,3.4717464e+01,-4.2835355e+01,1.1147761e+02
2551,2.5500000e-01,3.4984668e+01,-4.2822911e+01,1.1138870e+02
2552,2.5510000e-01,3.5234455e+01,-4.2811143e+01,1.1130466e+02
2553,2.5520000e-01,3.5465371e+01,-4.2800141e+01,1.1122608e+02
2554,2.5530000e-01,3.5675922e+01,-4.2789968e+01,1.1115357e+02
2555,2.5540000e-01,3.5864598e+01,-4.2780693e+01,1.1108777e+02
2556,2.5550000e-01,3.6029910e+01,-4.2772366e+01,1.1102932e+02
2557,2.5560000e-01,3.6170432e+01,-4.2765026e+01,1.1097882e+02
2558,2.5570000e-01,3.6284847e+01,-4.2758708e+01,1.1093685e+02
2559,2.5580000e-01,3.6372008e+01,-4.2753421e+01,1.1090392e+02
2560,2.5590000e-01,3.6430978e+01,-4.2749174e+01,1.1088045e+02
2561,2.5600000e-01,3.6461067e+01,-4.2745967e+01,1.1086675e+02
2562,2.5610000e-01,3.6461868e+01,-4.2743789e+01,1.1086300e+02
2563,2.5620000e-01,3.6433268e+01,-4.2742617e+01,1.1086926e+02
2564,2.5630000e-01,3.6375456e+01,-4.2742431e+01,1.1088544e+02
2565,2.5640000e-01,3.6288910e+01,-4.2743193e+01,1.1091136e+02
2566,2.5650000e-01,3.6174379e+01,-4.2744858e+01,1.1094667e+02
2567,2.5660000e-01,3.6032846e+01,-4.2747365e+01,1.1099095e+02
2568,2.5670000e-01,3.5865493e+01,-4.2750649e+01,1.1104368e+02
2569,2.5680000e-01,3.5673663e+01,-4.2754639e+01,1.1110428e+02
2570,2.5690000e-01,3.5458804e+01,-4.2759259e+01,1.1117213e+02
2571,2.5700000e-01,3.5222434e+01,-4.2764425e+01,1.1124655e+02
2572,2.5710000e-01,3.4966099e+01,-4.2770055e+01,1.1132688e+02
2573,2.5720000e-01,3.4691335e+01,-4.2776060e+01,1.1141245e+02
2574,2.5730000e-01,3.4399644e+01,-4.2782358e+01,1.1150259e+02
2575,2.5740000e-01,3.4092472e+01,-4.2788864e+01,1.1159669e+02
2576,2.5750000e-01,3.3771195e+01,-4.2795500e+01,1.1169413e+02
2577,2.5760000e-01,3.3437103e+01,-4.2802192e+01,1.1179434e+02
2578,2.5770000e-01,3.3091394e+01,-4.2808869e+01,1.1189681e+02
2579,2.5780000e-01,3.2735173e+01,-4.2815468e+01,1.1200102e+02
2580,2.5790000e-01,3.2369462e+01,-4.2821931e+01,1.1210654e+02
2581,2.5800000e-01,3.1995193e+01,-4.2828208e+01,1.1221293e+02
2582,2.5810000e-01,3.1613217e+01,-4.2834256e+01,1.1231981e+02
2583,2.5820000e-01,3.1224308e+01,-4.2840037e+01,1.1242684e+02
2584,2.5830000e-01,3.0829175e+01,-4.2845519e+01,1.1253368e+02
2585,2.5840000e-01,3.0428457e+01,-4.2850673e+01,1.1264006e+02
2586,2.5850000e-01,3.0022739e+01,-4.2855477e+01,1.1274571e+02
2587,2.5860000e-01,2.9612545e+01,-4.2859909e+01,1.1285042e+02
2588,2.5870000e-01,2.9198336e+01,-4.2863950e+01,1.1295398e+02
2589,2.5880000e-01,2.8780506e+01,-4.2867580e+01,1.1305626e+02
2590,2.5890000e-01,2.8359391e+01,-4.2870777e+01,1.1315712e+02
2591,2.5900000e-01,2.7935294e+01,-4.2873522e+01,1.1325643e+02
2592,2.5910000e-01,2.7508500e+01,-4.2875801e+01,1.1335407e+02
2593,2.5920000e-01,2.7079288e+01,-4.2877610e+01,1.1344994e+02
2594,2.5930000e-01,2.6647928e+01,-4.2878948e+01,1.1354391e+02
2595,2.5940000e-01,2.6214679e+01,-4.2879820e+01,1.1363587e+02
2596,2.5950000e-01,2.5779786e+01,-4.2880236e+01,1.1372572e+02
2597,2.5960000e-01,2.5343488e+01,-4.2880210e+01,1.1381335e+02
2598,2.5970000e-01,2.4906013e+01,-4.2879767e+01,1.1389863e+02
2599,2.5980000e-01,2.4467588e+01,-4.2878942e+01,1.1398142e+02
2600,2.5990000e-01,2.4028467e+01,-4.2877788e+01,1.1406152e+02
2601,2.6000000e-01,2.3588974e+01,-4.2876374e+01,1.1413870e+02
2602,2.6010000e-01,2.3149510e+01,-4.2874788e+01,1.1421283e+02
2603,2.6020000e-01,2.2710466e+01,-4.2873116e+01,1.1428383e+02
2604,2.6030000e-01,2.2272171e+01,-4.2871415e+01,1.1435171e+02
2605,2.6040000e-01,2.1834877e+01,-4.2869718e+01,1.1441645e+02
2606,2.6050000e-01,2.1398793e+01,-4.2868044e+01,1.1447807e+02
2607,2.6060000e-01,2.0964108e+01,-4.2866399e+01,1.1453658e+02
2608,2.6070000e-01,2.0531014e+01,-4.2864779e+01,1.1459198e+02
2609,2.6080000e-01,2.0099715e+01,-4.2863175e+01,1.1464430e+02
2610,2.6090000e-01,1.9670430e+01,-4.2861587e+01,1.1469357e+02
2611,2.6100000e-01,1.9243388e+01,-4.2860020e+01,1.1473981e+02
2612,2.6110000e-01,1.8818834e+01,-4.2858484e+01,1.1478304e+02
2613,2.6120000e-01,1.8397021e+01,-4.2856998e+01,1.1482330e+02
2614,2.6130000e-01,1.7978212e+01,-4.2855579e+01,1.1486064e+02
2615,2.6140000e-01,1.7562683e+01,-4.2854248e+01,1.1489508e+02
2616,2.6150000e-01,1.7150725e+01,-4.2853027e+01,1.1492667e+02
2617,2.6160000e-01,1.6742645e+01,-4.2851940e+01,1.1495546e+02
2618,2.6170000e-01,1.6338771e+01,-4.2851012e+01,1.1498152e+02
2619,2.6180000e-01,1.5939453e+01,-4.2850276e+01,1.1500488e+02
2620,2.6190000e-01,1.5545066e+01,-4.2849765e+01,1.1502561e+02
2621,2.6200000e-01,1.5156013e+01,-4.2849513e+01,1.1504378e+02
2622,2.6210000e-01,1.4772726e+01,-4.2849553e+01,1.1505946e+02
2623,2.6220000e-01,1.4395675e+01,-4.2849911e+01,1.1507271e+02
2624,2.6230000e-01,1.4025371e+01,-4.2850601e+01,1.1508362e+02
2625,2.6240000e-01,1.3662367e+01,-4.2851622e+01,1.1509231e+02
2626,2.6250000e-01,1.3307263e+01,-4.2852955e+01,1.1509889e+02
2627,2.6260000e-01,1.2960710e+01,-4.2854581e+01,1.1510350e+02
2628,2.6270000e-01,1.2623400e+01,-4.2856481e+01,1.1510628e+02
2629,2.6280000e-01,1.2296061e+01,-4.2858651e+01,1.1510739e+02
2630,2.6290000e-01,1.1979461e+01,-4.2861095e+01,1.1510700e+02
2631,2.6300000e-01,1.1674400e+01,-4.2863820e+01,1.1510528e+02
2632,2.6310000e-01,1.1381724e+01,-4.2866846e+01,1.1510238e+02
2633,2.6320000e-01,1.1102311e+01,-4.2870192e+01,1.1509850e+02
2634,2.6330000e-01,1.0837066e+01,-4.2873871e+01,1.1509380e+02
2635,2.6340000e-01,1.0586917e+01,-4.2877903e+01,1.1508849e+02
2636,2.6350000e-01,1.0352810e+01,-4.2882301e+01,1.1508274e+02
2637,2.6360000e-01,1.0135707e+01,-4.2887078e+01,1.1507676e+02
2638,2.6370000e-01,9.9365745e+00,-4.2892242e+01,1.1507073e+02
2639,2.6380000e-01,9.7563748e+00,-4.2897805e+01,1.1506484e+02
2640,2.6390000e-01,9.5960398e+00,-4.2903780e+01,1.1505926e+02
2641,2.6400000e-01,9.4564549e+00,-4.2910181e+01,1.1505416e+02
2642,2.6410000e-01,9.3384433e+00,-4.2917012e+01,1.1504969e+02
2643,2.6420000e-01,9.2427436e+00,-4.2924275e+01,1.1504599e+02
2644,2.6430000e-01,9.1699976e+00,-4.2931965e+01,1.1504318e+02
2645,2.6440000e-01,9.1207356e+00,-4.2940074e+01,1.1504133e+02
2646,2.6450000e-01,9.0953609e+00,-4.2948592e+01,1.1504051e+02
2647,2.6460000e-01,9.0941351e+00,-4.2957506e+01,1.1504074e+02
2648,2.6470000e-01,9.1171798e+00,-4.2966799e+01,1.1504202e+02
2649,2.6480000e-01,9.1644645e+00,-4.2976451e+01,1.1504430e+02
2650,2.6490000e-01,9.2358012e+00,-4.2986436e+01,1.1504751e+02
2651,2.6500000e-01,9.3308506e+00,-4.2996724e+01,1.1505157e+02
2652,2.6510000e-01,9.4491289e+00,-4.3007279e+01,1.1505635e+02
2653,2.6520000e-01,9.5900190e+00,-4.3018062e+01,1.1506171e+02
2654,2.6530000e-01,9.7527792e+00,-4.3029031e+01,1.1506748e+02
2655,2.6540000e-01,9.9365665e+00,-4.3040139e+01,1.1507348e+02
2656,2.6550000e-01,1.0140463e+01,-4.3051341e+01,1.1507952e+02
2657,2.6560000e-01,1.0363497e+01,-4.3062590e+01,1.1508541e+02
2658,2.6570000e-01,1.0604657e+01,-4.3073837e+01,1.1509093e+02
2659,2.6580000e-01,1.0862915e+01,-4.3085035e+01,1.1509590e+02
2660,2.6590000e-01,1.1137233e+01,-4.3096135e+01,1.1510010e+02
2661,2.6600000e-01,1.1426586e+01,-4.3107089e+01,1.1510336e+02
2662,2.6610000e-01,1.1729968e+01,-4.3117851e+01,1.1510548e+02
2663,2.6620000e-01,1.2046402e+01,-4.3128374e+01,1.1510629e+02
2664,2.6630000e-01,1.2374946e+01,-4.3138612e+01,1.1510563e+02
2665,2.6640000e-01,1.2714694e+01,-4.3148524e+01,1.1510335e+02
2666,2.6650000e-01,1.3064782e+01,-4.3158066e+01,1.1509931e+02
2667,2.6660000e-01,1.3424394e+01,-4.3167199e+01,1.1509337e+02
2668,2.6670000e-01,1.3792759e+01,-4.3175887e+01,1.1508543e+02
2669,2.6680000e-01,1.4169161e+01,-4.3184108e+01,1.1507534e+02
2670,2.6690000e-01,1.4552933e+01,-4.3191834e+01,1.1506300e+02
2671,2.6700000e-01,1.4943453e+01,-4.3199037e+01,1.1504834e+02
2672,2.6710000e-01,1.5340145e+01,-4.3205685e+01,1.1503127e+02
2673,2.6720000e-01,1.5742476e+01,-4.3211780e+01,1.1501167e+02
2674,2.6730000e-01,1.6149956e+01,-4.3217299e+01,1.1498949e+02
2675,2.6740000e-01,1.6562129e+01,-4.3222218e+01,1.1496468e+02
2676,2.6750000e-01,1.6978563e+01,-4.3226507e+01,1.1493722e+02
2677,2.6760000e-01,1.7398876e+01,-4.3230155e+01,1.1490704e+02
2678,2.6770000e-01,1.7822717e+01,-4.3233137e+01,1.1487411e+02
2679,2.6780000e-01,1.8249747e+01,-4.3235418e+01,1.1483841e+02
2680,2.6790000e-01,1.8679636e+01,-4.3236962e+01,1.1479993e+02
2681,2.6800000e-01,1.9112085e+01,-4.3237732e+01,1.1475871e+02
2682,2.6810000e-01,1.9546865e+01,-4.3237718e+01,1.1471469e+02
2683,2.6820000e-01,1.9983756e+01,-4.3236916e+01,1.1466784e+02
2684,2.6830000e-01,2.0422518e+01,-4.3235318e+01,1.1461817e+02
2685,2.6840000e-01,2.0862886e+01,-4.3232918e+01,1.1456572e+02
2686,2.6850000e-01,2.1304615e+01,-4.3229709e+01,1.1451052e+02
2687,2.6860000e-01,2.1747458e+01,-4.3225687e+01,1.1445261e+02
2688,2.6870000e-01,2.2191159e+01,-4.3220852e+01,1.1439198e+02
2689,2.6880000e-01,2.2635453e+01,-4.3215211e+01,1.1432862e+02
2690,2.6890000e-01,2.3080060e+01,-4.3208773e+01,1.1426255e+02
2691,2.6900000e-01,2.3524693e+01,-4.3201554e+01,1.1419377e+02
2692,2.6910000e-01,2.3969057e+01,-4.3193588e+01,1.1412228e+02
2693,2.6920000e-01,2.4412858e+01,-4.3184919e+01,1.1404808e+02
2694,2.6930000e-01,2.4855811e+01,-4.3175602e+01,1.1397119e+02
2695,2.6940000e-01,2.5297631e+01,-4.3165699e+01,1.1389165e+02
2696,2.6950000e-01,2.5738042e+01,-4.3155256e+01,1.1380952e+02
2697,2.6960000e-01,2.6176774e+01,-4.3144303e+01,1.1372488e+02
2698,2.6970000e-01,2.6613570e+01,-4.3132842e+01,1.1363787e+02
2699,2.6980000e-01,2.7048183e+01,-4.3120853e+01,1.1354861e+02
2700,2.6990000e-01,2.7480343e+01,-4.3108339e+01,1.1345712e+02
2701,2.7000000e-01,2.7909744e+01,-4.3095345e+01,1.1336342e+02
2702,2.7010000e-01,2.8336015e+01,-4.3081929e+01,1.1326756e+02
2703,2.7020000e-01,2.8758734e+01,-4.3068153e+01,1.1316967e+02
2704,2.7030000e-01,2.9177465e+01,-4.3054076e+01,1.1306991e+02
2705,2.7040000e-01,2.9591768e+01,-4.3039746e+01,1.1296847e+02
2706,2.7050000e-01,3.0001207e+01,-4.3025210e+01,1.1286553e+02
2707,2.7060000e-01,3.0405325e+01,-4.3010520e+01,1.1276126e+02
2708,2.7070000e-01,3.0803638e+01,-4.2995724e+01,1.1265587e+02
2709,2.7080000e-01,3.1195626e+01,-4.2980871e+01,1.1254959e+02
2710,2.7090000e-01,3.1580723e+01,-4.2966011e+01,1.1244267e+02
2711,2.7100000e-01,3.1958310e+01,-4.2951196e+01,1.1233538e+02
2712,2.7110000e-01,3.2327711e+01,-4.2936485e+01,1.1222803e+02
2713,2.7120000e-01,3.2688190e+01,-4.2921930e+01,1.1212097e+02
2714,2.7130000e-01,3.3038941e+01,-4.2907586e+01,1.1201458e+02
2715,2.7140000e-01,3.3379090e+01,-4.2893508e+01,1.1190928e+02
2716,2.7150000e-01,3.3707819e+01,-4.2879517e+01,1.1180575e+02
2717,2.7160000e-01,3.4024278e+01,-4.2865654e+01,1.1170468e+02
2718,2.7170000e-01,3.4327510e+01,-4.2852062e+01,1.1160663e+02
2719,2.7180000e-01,3.4616419e+01,-4.2838910e+01,1.1151213e+02
2720,2.7190000e-01,3.4889775e+01,-4.2826336e+01,1.1142170e+02
2721,2.7200000e-01,3.5146233e+01,-4.2814443e+01,1.1133589e+02
2722,2.7210000e-01,3.5384360e+01,-4.2803323e+01,1.1125528e+02
2723,2.7220000e-01,3.5602671e+01,-4.2793040e+01,1.1118049e+02
2724,2.7230000e-01,3.5799655e+01,-4.2783655e+01,1.1111215e+02
2725,2.7240000e-01,3.5973806e+01,-4.2775220e+01,1.1105090e+02
2726,2.7250000e-01,3.6123674e+01,-4.2767780e+01,1.1099736e+02
2727,2.7260000e-01,3.6247895e+01,-4.2761364e+01,1.1095212e+02
2728,2.7270000e-01,3.6345249e+01,-4.2755986e+01,1.1091574e+02
2729,2.7280000e-01,3.6414710e+01,-4.2751652e+01,1.1088866e+02
2730,2.7290000e-01,3.6455491e+01,-4.2748363e+01,1.1087124e+02
2731,2.7300000e-01,3.6467073e+01,-4.2746111e+01,1.1086372e+02
2732,2.7310000e-01,3.6449236e+01,-4.2744873e+01,1.1086620e+02
2733,2.7320000e-01,3.6402062e+01,-4.2744627e+01,1.1087866e+02
2734,2.7330000e-01,3.6325926e+01,-4.2745341e+01,1.1090094e+02
2735,2.7340000e-01,3.6221482e+01,-4.2746968e+01,1.1093274e+02
2736,2.7350000e-01,3.6089635e+01,-4.2749450e+01,1.1097369e+02
2737,2.7360000e-01,3.5931508e+01,-4.2752725e+01,1.1102329e+02
2738,2.7370000e-01,3.5748391e+01,-4.2756720e+01,1.1108097e+02
2739,2.7380000e-01,3.5541694e+01,-4.2761362e+01,1.1114614e+02
2740,2.7390000e-01,3.5312913e+01,-4.2766568e+01,1.1121814e+02
2741,2.7400000e-01,3.5063591e+01,-4.2772253e+01,1.1129630e+02
2742,2.7410000e-01,3.4795272e+01,-4.2778329e+01,1.1137994e+02
2743,2.7420000e-01,3.4509477e+01,-4.2784712e+01,1.1146841e+02
2744,2.7430000e-01,3.4207679e+01,-4.2791315e+01,1.1156106e+02
2745,2.7440000e-01,3.3891285e+01,-4.2798060e+01,1.1165727e+02
2746,2.7450000e-01,3.3561615e+01,-4.2804868e+01,1.1175647e+02
2747,2.7460000e-01,3.3219903e+01,-4.2811670e+01,1.1185812e+02
2748,2.7470000e-01,3.2867292e+01,-4.2818398e+01,1.1196170e+02
2749,2.7480000e-01,3.2504838e+01,-4.2824993e+01,1.1206674e+02
2750,2.7490000e-01,3.2133509e+01,-4.2831403e+01,1.1217281e+02
2751,2.7500000e-01,3.1754184e+01,-4.2837583e+01,1.1227952e+02
2752,2.7510000e-01,3.1367663e+01,-4.2843493e+01,1.1238649e+02
2753,2.7520000e-01,3.0974675e+01,-4.2849098e+01,1.1249340e+02
2754,2.7530000e-01,3.0575881e+01,-4.2854370e+01,1.1259995e+02
2755,2.7540000e-01,3.0171884e+01,-4.2859286e+01,1.1270587e+02
2756,2.7550000e-01,2.9763229e+01,-4.2863824e+01,1.1281093e+02
2757,2.7560000e-01,2.9350406e+01,-4.2867966e+01,1.1291491e+02
2758,2.7570000e-01,2.8933831e+01,-4.2871692e+01,1.1301765e+02
2759,2.7580000e-01,2.8513856e+01,-4.2874982e+01,1.1311903e+02
2760,2.7590000e-01,2.8090793e+01,-4.2877815e+01,1.1321891e+02
2761,2.7600000e-01,2.7664931e+01,-4.2880177e+01,1.1331717e+02
2762,2.7610000e-01,2.7236554e+01,-4.2882060e+01,1.1341370e+02
2763,2.7620000e-01,2.6805937e+01,-4.2883462e+01,1.1350839e+02
2764,2.7630000e-01,2.6373339e+01,-4.2884386e+01,1.1360111e+02
2765,2.7640000e-01,2.5939012e+01,-4.2884840e+01,1.1369178e+02
2766,2.7650000e-01,2.5503194e+01,-4.2884838e+01,1.1378026e+02
2767,2.7660000e-01,2.5066114e+01,-4.2884400e+01,1.1386646e+02
2768,2.7670000e-01,2.4627997e+01,-4.2883558e+01,1.1395023e+02
2769,2.7680000e-01,2.4189078e+01,-4.2882357e+01,1.1403139e+02
2770,2.7690000e-01,2.3749657e+01,-4.2880862e+01,1.1410972e+02
2771,2.7700000e-01,2.3310114e+01,-4.2879158e+01,1.1418504e+02
2772,2.7710000e-01,2.2870858e+01,-4.2877338e+01,1.1425725e+02
2773,2.7720000e-01,2.2432240e+01,-4.2875468e+01,1.1432634e+02
2774,2.7730000e-01,2.1994541e+01,-4.2873593e+01,1.1439230e+02
2775,2.7740000e-01,2.1557984e+01,-4.2871736e+01,1.1445513e+02
2776,2.7750000e-01,2.1122765e+01,-4.2869904e+01,1.1451484e+02
2777,2.7760000e-01,2.0689074e+01,-4.2868094e+01,1.1457143e+02
2778,2.7770000e-01,2.0257108e+01,-4.2866304e+01,1.1462494e+02
2779,2.7780000e-01,1.9827077e+01,-4.2864532e+01,1.1467538e+02
2780,2.7790000e-01,1.9399206e+01,-4.2862781e+01,1.1472278e+02
2781,2.7800000e-01,1.8973735e+01,-4.2861059e+01,1.1476717e+02
2782,2.7810000e-01,1.8550914e+01,-4.2859379e+01,1.1480857e+02
2783,2.7820000e-01,1.8131001e+01,-4.2857764e+01,1.1484702e+02
2784,2.7830000e-01,1.7714266e+01,-4.2856231e+01,1.1488256e+02
2785,2.7840000e-01,1.7300995e+01,-4.2854803e+01,1.1491524e+02
2786,2.7850000e-01,1.6891487e+01,-4.2853503e+01,1.1494510e+02
2787,2.7860000e-01,1.6486062e+01,-4.2852355e+01,1.1497219e+02
2788,2.7870000e-01,1.6085062e+01,-4.2851389e+01,1.1499658e+02
2789,2.7880000e-01,1.5688852e+01,-4.2850638e+01,1.1501832e+02
2790,2.7890000e-01,1.5297827e+01,-4.2850135e+01,1.1503746e+02
2791,2.7900000e-01,1.4912405e+01,-4.2849917e+01,1.1505408e+02
2792,2.7910000e-01,1.4533044e+01,-4.2850013e+01,1.1506825e+02
2793,2.7920000e-01,1.4160235e+01,-4.2850446e+01,1.1508005e+02
2794,2.7930000e-01,1.3794515e+01,-4.2851218e+01,1.1508958e+02
2795,2.7940000e-01,1.3436466e+01,-4.2852321e+01,1.1509695e+02
2796,2.7950000e-01,1.3086721e+01,-4.2853730e+01,1.1510229e+02
2797,2.7960000e-01,1.2745955e+01,-4.2855427e+01,1.1510575e+02
2798,2.7970000e-01,1.2414885e+01,-4.2857400e+01,1.1510749e+02
2799,2.7980000e-01,1.2094268e+01,-4.2859648e+01,1.1510766e+02
2800,2.7990000e-01,1.1784891e+01,-4.2862183e+01,1.1510642e+02
2801,2.8000000e-01,1.1487585e+01,-4.2865017e+01,1.1510395e+02
2802,2.8010000e-01,1.1203217e+01,-4.2868170e+01,1.1510042e+02
2803,2.8020000e-01,1.0932683e+01,-4.2871655e+01,1.1509602e+02
2804,2.8030000e-01,1.0676906e+01,-4.2875489e+01,1.1509092e+02
2805,2.8040000e-01,1.0436825e+01,-4.2879690e+01,1.1508532e+02
2806,2.8050000e-01,1.0213392e+01,-4.2884272e+01,1.1507941e+02
2807,2.8060000e-01,1.0007575e+01,-4.2889241e+01,1.1507339e+02
2808,2.8070000e-01,9.8203331e+00,-4.2894610e+01,1.1506743e+02
2809,2.8080000e-01,9.6526127e+00,-4.2900389e+01,1.1506173e+02
2810,2.8090000e-01,9.5053203e+00,-4.2906595e+01,1.1505644e+02
2811,2.8100000e-01,9.3793048e+00,-4.2913234e+01,1.1505173e+02
2812,2.8110000e-01,9.2753422e+00,-4.2920310e+01,1.1504774e+02
2813,2.8120000e-01,9.1941122e+00,-4.2927818e+01,1.1504459e+02
2814,2.8130000e-01,9.1361868e+00,-4.2935754e+01,1.1504238e+02
2815,2.8140000e-01,9.1020169e+00,-4.2944107e+01,1.1504118e+02
2816,2.8150000e-01,9.0919156e+00,-4.2952864e+01,1.1504103e+02
2817,2.8160000e-01,9.1060598e+00,-4.2962011e+01,1.1504193e+02
2818,2.8170000e-01,9.1444752e+00,-4.2971528e+01,1.1504384e+02
2819,2.8180000e-01,9.2070301e+00,-4.2981391e+01,1.1504673e+02
2820,2.8190000e-01,9.2934397e+00,-4.2991571e+01,1.1505049e+02
2821,2.8200000e-01,9.4032712e+00,-4.3002034e+01,1.1505502e+02
2822,2.8210000e-01,9.5359539e+00,-4.3012742e+01,1.1506019e+02
2823,2.8220000e-01,9.6907941e+00,-4.3023654e+01,1.1506582e+02
2824,2.8230000e-01,9.8669844e+00,-4.3034727e+01,1.1507176e+02
2825,2.8240000e-01,1.0063630e+01,-4.3045912e+01,1.1507781e+02
2826,2.8250000e-01,1.0279774e+01,-4.3057163e+01,1.1508377e+02
2827,2.8260000e-01,1.0514417e+01,-4.3068432e+01,1.1508945e+02
2828,2.8270000e-01,1.0766533e+01,-4.3079670e+01,1.1509464e+02
2829,2.8280000e-01,1.1035089e+01,-4.3090830e+01,1.1509915e+02
2830,2.8290000e-01,1.1319051e+01,-4.3101864e+01,1.1510277e+02
2831,2.8300000e-01,1.1617408e+01,-4.3112723e+01,1.1510532e+02
2832,2.8310000e-01,1.1929173e+01,-4.3123362e+01,1.1510663e+02
2833,2.8320000e-01,1.2253387e+01,-4.3133735e+01,1.1510653e+02
2834,2.8330000e-01,1.2589131e+01,-4.3143797e+01,1.1510485e+02
2835,2.8340000e-01,1.2935527e+01,-4.3153506e+01,1.1510147e+02
2836,2.8350000e-01,1.3291737e+01,-4.3162821e+01,1.1509624e+02
2837,2.8360000e-01,1.3656974e+01,-4.3171704e+01,1.1508904e+02
2838,2.8370000e-01,1.4030503e+01,-4.3180120e+01,1.1507976e+02
2839,2.8380000e-01,1.4411636e+01,-4.3188048e+01,1.1506828e+02
2840,2.8390000e-01,1.4799736e+01,-4.3195462e+01,1.1505450e+02
2841,2.8400000e-01,1.5194214e+01,-4.3202334e+01,1.1503833e+02
2842,2.8410000e-01,1.5594520e+01,-4.3208637e+01,1.1501971e+02
2843,2.8420000e-01,1.6000149e+01,-4.3214362e+01,1.1499854e+02
2844,2.8430000e-01,1.6410635e+01,-4.3219496e+01,1.1497475e+02
2845,2.8440000e-01,1.6825540e+01,-4.3224016e+01,1.1494831e+02
2846,2.8450000e-01,1.7244450e+01,-4.3227895e+01,1.1491918e+02
2847,2.8460000e-01,1.7666998e+01,-4.3231120e+01,1.1488729e+02
2848,2.8470000e-01,1.8092852e+01,-4.3233666e+01,1.1485263e+02
2849,2.8480000e-01,1.8521689e+01,-4.3235499e+01,1.1481516e+02
2850,2.8490000e-01,1.8953212e+01,-4.3236580e+01,1.1477495e+02
2851,2.8500000e-01,1.9387149e+01,-4.3236875e+01,1.1473200e+02
2852,2.8510000e-01,1.9823265e+01,-4.3236377e+01,1.1468624e+02
2853,2.8520000e-01,2.0261333e+01,-4.3235084e+01,1.1463764e+02
2854,2.8530000e-01,2.0701103e+01,-4.3232994e+01,1.1458622e+02
2855,2.8540000e-01,2.1142339e+01,-4.3230102e+01,1.1453204e+02
2856,2.8550000e-01,2.1584798e+01,-4.3226401e+01,1.1447513e+02
2857,2.8560000e-01,2.2028223e+01,-4.3221887e+01,1.1441548e+02
2858,2.8570000e-01,2.2472348e+01,-4.3216564e+01,1.1435311e+02
2859,2.8580000e-01,2.2916889e+01,-4.3210436e+01,1.1428801e+02
2860,2.8590000e-01,2.3361556e+01,-4.3203519e+01,1.1422021e+02
2861,2.8600000e-01,2.3806052e+01,-4.3195839e+01,1.1414967e+02
2862,2.8610000e-01,2.4250083e+01,-4.3187439e+01,1.1407643e+02
2863,2.8620000e-01,2.4693359e+01,-4.3178372e+01,1.1400048e+02
2864,2.8630000e-01,2.5135598e+01,-4.3168701e+01,1.1392187e+02
2865,2.8640000e-01,2.5576520e+01,-4.3158481e+01,1.1384065e+02
2866,2.8650000e-01,2.6015854e+01,-4.3147740e+01,1.1375692e+02
2867,2.8660000e-01,2.6453345e+01,-4.3136479e+01,1.1367081e+02
2868,2.8670000e-01,2.6888746e+01,-4.3124679e+01,1.1358242e+02
2869,2.8680000e-01,2.7321802e+01,-4.3112345e+01,1.1349181e+02
2870,2.8690000e-01,2.7752217e+01,-4.3099511e+01,1.1339897e+02
2871,2.8700000e-01,2.8179641e+01,-4.3086236e+01,1.1330394e+02
2872,2.8710000e-01,2.8603675e+01,-4.3072581e+01,1.1320681e+02
2873,2.8720000e-01,2.9023891e+01,-4.3058611e+01,1.1310776e+02
2874,2.8730000e-01,2.9439854e+01,-4.3044375e+01,1.1300694e+02
2875,2.8740000e-01,2.9851129e+01,-4.3029919e+01,1.1290453e+02
2876,2.8750000e-01,3.0257266e+01,-4.3015294e+01,1.1280071e+02
2877,2.8760000e-01,3.0657789e+01,-4.3000549e+01,1.1269569e+02
2878,2.8770000e-01,3.1052190e+01,-4.2985730e+01,1.1258968e+02
2879,2.8780000e-01,3.1439920e+01,-4.2970888e+01,1.1248292e+02
2880,2.8790000e-01,3.1820377e+01,-4.2956076e+01,1.1237568e+02
2881,2.8800000e-01,3.2192908e+01,-4.2941348e+01,1.1226827e+02
2882,2.8810000e-01,3.2556797e+01,-4.2926758e+01,1.1216100e+02
2883,2.8820000e-01,3.2911264e+01,-4.2912360e+01,1.1205426e+02
2884,2.8830000e-01,3.3255457e+01,-4.2898207e+01,1.1194845e+02
2885,2.8840000e-01,3.3588453e+01,-4.2884352e+01,1.1184401e+02
2886,2.8850000e-01,3.3909380e+01,-4.2870602e+01,1.1174166e+02
2887,2.8860000e-01,3.4217339e+01,-4.2856983e+01,1.1164210e+02
2888,2.8870000e-01,3.4511311e+01,-4.2843630e+01,1.1154593e+02
2889,2.8880000e-01,3.4790144e+01,-4.2830702e+01,1.1145370e+02
2890,2.8890000e-01,3.5052562e+01,-4.2818339e+01,1.1136595e+02
2891,2.8900000e-01,3.5297186e+01,-4.2806646e+01,1.1128326e+02
2892,2.8910000e-01,3.5522577e+01,-4.2795713e+01,1.1120622e+02
2893,2.8920000e-01,3.5727246e+01,-4.2785606e+01,1.1113543e+02
2894,2.8930000e-01,3.5909692e+01,-4.2776397e+01,1.1107153e+02
2895,2.8940000e-01,3.6068442e+01,-4.2768138e+01,1.1101515e+02
2896,2.8950000e-01,3.6202088e+01,-4.2760869e+01,1.1096688e+02
2897,2.8960000e-01,3.6309345e+01,-4.2754619e+01,1.1092729e+02
2898,2.8970000e-01,3.6389106e+01,-4.2749397e+01,1.1089686e+02
2899,2.8980000e-01,3.6440483e+01,-4.2745216e+01,1.1087599e+02
2900,2.8990000e-01,3.6462849e+01,-4.2742073e+01,1.1086496e+02
2901,2.9000000e-01,3.6455873e+01,-4.2739960e+01,1.1086391e+02
2902,2.9010000e-01,3.6419522e+01,-4.2738854e+01,1.1087286e+02
2903,2.9020000e-01,3.6354059e+01,-4.2738734e+01,1.1089171e+02
2904,2.9030000e-01,3.6260032e+01,-4.2739563e+01,1.1092020e+02
2905,2.9040000e-01,3.6138252e+01,-4.2741292e+01,1.1095799e+02
2906,2.9050000e-01,3.5989763e+01,-4.2743859e+01,1.1100462e+02
2907,2.9060000e-01,3.5815794e+01,-4.2747207e+01,1.1105955e+02
2908,2.9070000e-01,3.5617721e+01,-4.2751261e+01,1.1112217e+02
2909,2.9080000e-01,3.5397013e+01,-4.2755945e+01,1.1119185e+02
2910,2.9090000e-01,3.5155190e+01,-4.2761171e+01,1.1126793e+02
2911,2.9100000e-01,3.4893797e+01,-4.2766854e+01,1.1134973e+02
2912,2.9110000e-01,3.4614366e+01,-4.2772908e+01,1.1143659e+02
2913,2.9120000e-01,3.4318388e+01,-4.2779244e+01,1.1152786e+02
2914,2.9130000e-01,3.4007293e+01,-4.2785779e+01,1.1162292e+02
2915,2.9140000e-01,3.3682439e+01,-4.2792436e+01,1.1172117e+02
2916,2.9150000e-01,3.3345099e+01,-4.2799142e+01,1.1182205e+02
2917,2.9160000e-01,3.2996451e+01,-4.2805830e+01,1.1192504e+02
2918,2.9170000e-01,3.2637581e+01,-4.2812436e+01,1.1202965e+02
2919,2.9180000e-01,3.2269489e+01,-4.2818905e+01,1.1213544e+02
2920,2.9190000e-01,3.1893092e+01,-4.2825189e+01,1.1224200e+02
2921,2.9200000e-01,3.1509224e+01,-4.2831244e+01,1.1234894e+02
2922,2.9210000e-01,3.1118640e+01,-4.2837033e+01,1.1245594e+02
2923,2.9220000e-01,3.0722022e+01,-4.2842526e+01,1.1256267e+02
2924,2.9230000e-01,3.0319986e+01,-4.2847695e+01,1.1266886e+02
2925,2.9240000e-01,2.9913090e+01,-4.2852514e+01,1.1277426e+02
2926,2.9250000e-01,2.9501841e+01,-4.2856964e+01,1.1287867e+02
2927,2.9260000e-01,2.9086683e+01,-4.2861024e+01,1.1298189e+02
2928,2.9270000e-01,2.8667996e+01,-4.2864673e+01,1.1308378e+02
2929,2.9280000e-01,2.8246111e+01,-4.2867888e+01,1.1318422e+02
2930,2.9290000e-01,2.7821326e+01,-4.2870652e+01,1.1328308e+02
2931,2.9300000e-01,2.7393927e+01,-4.2872953e+01,1.1338023e+02
2932,2.9310000e-01,2.6964191e+01,-4.2874787e+01,1.1347557e+02
2933,2.9320000e-01,2.6532380e+01,-4.2876155e+01,1.1356898e+02
2934,2.9330000e-01,2.6098745e+01,-4.2877062e+01,1.1366036e+02
2935,2.9340000e-01,2.5663527e+01,-4.2877518e+01,1.1374959e+02
2936,2.9350000e-01,2.5226959e+01,-4.2877541e+01,1.1383656e+02
2937,2.9360000e-01,2.4789266e+01,-4.2877156e+01,1.1392115e+02
2938,2.9370000e-01,2.4350677e+01,-4.2876403e+01,1.1400321e+02
2939,2.9380000e-01,2.3911460e+01,-4.2875336e+01,1.1408251e+02
2940,2.9390000e-01,2.3471963e+01,-4.2874031e+01,1.1415885e+02
2941,2.9400000e-01,2.3032589e+01,-4.2872575e+01,1.1423213e+02
2942,2.9410000e-01,2.2593711e+01,-4.2871048e+01,1.1430228e+02
2943,2.9420000e-01,2.2155634e+01,-4.2869500e+01,1.1436930e+02
2944,2.9430000e-01,2.1718602e+01,-4.2867957e+01,1.1443319e+02
2945,2.9440000e-01,2.1282825e+01,-4.2866433e+01,1.1449397e+02
2946,2.9450000e-01,2.0848498e+01,-4.2864935e+01,1.1455163e+02
2947,2.9460000e-01,2.0415821e+01,-4.2863460e+01,1.1460619e+02
2948,2.9470000e-01,1.9985001e+01,-4.2862003e+01,1.1465768e+02
2949,2.9480000e-01,1.9556265e+01,-4.2860559e+01,1.1470612e+02
2950,2.9490000e-01,1.9129845e+01,-4.2859136e+01,1.1475153e+02
2951,2.9500000e-01,1.8705988e+01,-4.2857744e+01,1.1479395e+02
2952,2.9510000e-01,1.8284948e+01,-4.2856401e+01,1.1483341e+02
2953,2.9520000e-01,1.7866990e+01,-4.2855125e+01,1.1486994e+02
2954,2.9530000e-01,1.7452392e+01,-4.2853938e+01,1.1490360e+02
2955,2.9540000e-01,1.7041447e+01,-4.2852864e+01,1.1493443e+02
2956,2.9550000e-01,1.6634467e+01,-4.2851924e+01,1.1496247e+02
2957,2.9560000e-01,1.6231783e+01,-4.2851148e+01,1.1498778e+02
2958,2.9570000e-01,1.5833755e+01,-4.2850565e+01,1.1501043e+02
2959,2.9580000e-01,1.5440763e+01,-4.2850212e+01,1.1503046e+02
2960,2.9590000e-01,1.5053217e+01,-4.2850122e+01,1.1504794e+02
2961,2.9600000e-01,1.4671563e+01,-4.2850326e+01,1.1506294e+02
2962,2.9610000e-01,1.4296279e+01,-4.2850848e+01,1.1507555e+02
2963,2.9620000e-01,1.3927888e+01,-4.2851694e+01,1.1508585e+02
2964,2.9630000e-01,1.3566953e+01,-4.2852859e+01,1.1509395e+02
2965,2.9640000e-01,1.3214089e+01,-4.2854324e+01,1.1509998e+02
2966,2.9650000e-01,1.2869957e+01,-4.2856066e+01,1.1510408e+02
2967,2.9660000e-01,1.2535257e+01,-4.2858072e+01,1.1510641e+02
2968,2.9670000e-01,1.2210729e+01,-4.2860340e+01,1.1510711e+02
2969,2.9680000e-01,1.1897147e+01,-4.2862881e+01,1.1510635e+02
2970,2.9690000e-01,1.1595330e+01,-4.2865706e+01,1.1510430e+02
2971,2.9700000e-01,1.1306128e+01,-4.2868836e+01,1.1510113e+02
2972,2.9710000e-01,1.1030427e+01,-4.2872283e+01,1.1509702e+02
2973,2.9720000e-01,1.0769138e+01,-4.2876064e+01,1.1509214e+02
2974,2.9730000e-01,1.0523193e+01,-4.2880198e+01,1.1508670e+02
2975,2.9740000e-01,1.0293541e+01,-4.2884698e+01,1.1508088e+02
2976,2.9750000e-01,1.0081147e+01,-4.2889573e+01,1.1507487e+02
2977,2.9760000e-01,9.8869743e+00,-4.2894834e+01,1.1506887e+02
2978,2.9770000e-01,9.7119796e+00,-4.2900494e+01,1.1506306e+02
2979,2.9780000e-01,9.5570842e+00,-4.2906570e+01,1.1505760e+02
2980,2.9790000e-01,9.4231588e+00,-4.2913070e+01,1.1505266e+02
2981,2.9800000e-01,9.3110077e+00,-4.2919996e+01,1.1504840e+02
2982,2.9810000e-01,9.2213459e+00,-4.2927349e+01,1.1504493e+02
2983,2.9820000e-01,9.1547869e+00,-4.2935124e+01,1.1504238e+02
2984,2.9830000e-01,9.1118283e+00,-4.2943312e+01,1.1504082e+02
2985,2.9840000e-01,9.0928375e+00,-4.2951904e+01,1.1504029e+02
2986,2.9850000e-01,9.0980370e+00,-4.2960883e+01,1.1504082e+02
2987,2.9860000e-01,9.1275083e+00,-4.2970233e+01,1.1504238e+02
2988,2.9870000e-01,9.1811796e+00,-4.2979933e+01,1.1504494e+02
2989,2.9880000e-01,9.2588249e+00,-4.2989955e+01,1.1504841e+02
2990,2.9890000e-01,9.3600662e+00,-4.3000269e+01,1.1505270e+02
2991,2.9900000e-01,9.4843827e+00,-4.3010838e+01,1.1505767e+02
2992,2.9910000e-01,9.6311243e+00,-4.3021623e+01,1.1506318e+02
2993,2.9920000e-01,9.7995204e+00,-4.3032580e+01,1.1506905e+02
2994,2.9930000e-01,9.9887058e+00,-4.3043663e+01,1.1507510e+02
2995,2.9940000e-01,1.0197746e+01,-4.3054827e+01,1.1508115e+02
2996,2.9950000e-01,1.0425657e+01,-4.3066023e+01,1.1508698e+02
2997,2.9960000e-01,1.0671422e+01,-4.3077205e+01,1.1509240e+02
2998,2.9970000e-01,1.0934007e+01,-4.3088323e+01,1.1509720e+02
2999,2.9980000e-01,1.1212378e+01,-4.3099331e+01,1.1510120e+02
3000,2.9990000e-01,1.1505512e+01,-4.3110181e+01,1.1510420e+02
3001,3.0000000e-01,1.1812410e+01,-4.3120825e+01,1.1510601e+02
3002,3.0010000e-01,1.2132107e+01,-4.3131219e+01,1.1510647e+02
3003,3.0020000e-01,1.2463668e+01,-4.3141318e+01,1.1510542e+02
3004,3.0030000e-01,1.2806199e+01,-4.3151080e+01,1.1510271e+02
3005,3.0040000e-01,1.3158848e+01,-4.3160462e+01,1.1509820e+02
3006,3.0050000e-01,1.3520808e+01,-4.3169426e+01,1.1509177e+02
3007,3.0060000e-01,1.3891326e+01,-4.3177938e+01,1.1508329e+02
3008,3.0070000e-01,1.4269700e+01,-4.3185977e+01,1.1507264e+02
3009,3.0080000e-01,1.4655275e+01,-4.3193517e+01,1.1505972e+02
3010,3.0090000e-01,1.5047445e+01,-4.3200530e+01,1.1504444e+02
3011,3.0100000e-01,1.5445642e+01,-4.3206984e+01,1.1502673e+02
3012,3.0110000e-01,1.5849347e+01,-4.3212871e+01,1.1500650e+02
3013,3.0120000e-01,1.6258082e+01,-4.3218176e+01,1.1498367e+02
3014,3.0130000e-01,1.6671396e+01,-4.3222875e+01,1.1495820e+02
3015,3.0140000e-01,1.7088863e+01,-4.3226944e+01,1.1493006e+02
3016,3.0150000e-01,1.7510108e+01,-4.3230371e+01,1.1489918e+02
3017,3.0160000e-01,1.7934785e+01,-4.3233127e+01,1.1486554e+02
3018,3.0170000e-01,1.8362563e+01,-4.3235180e+01,1.1482910e+02
3019,3.0180000e-01,1.8793122e+01,-4.3236494e+01,1.1478987e+02
3020,3.0190000e-01,1.9226167e+01,-4.3237033e+01,1.1474790e+02
3021,3.0200000e-01,1.9661468e+01,-4.3236790e+01,1.1470312e+02
3022,3.0210000e-01,2.0098807e+01,-4.3235762e+01,1.1465552e+02
3023,3.0220000e-01,2.0537945e+01,-4.3233948e+01,1.1460510e+02
3024,3.0230000e-01,2.0978619e+01,-4.3231339e+01,1.1455189e+02
3025,3.0240000e-01,2.1420585e+01,-4.3227928e+01,1.1449594e+02
3026,3.0250000e-01,2.1863598e+01,-4.3223712e+01,1.1443728e+02
3027,3.0260000e-01,2.2307403e+01,-4.3218693e+01,1.1437590e+02
3028,3.0270000e-01,2.2751736e+01,-4.3212879e+01,1.1431179e+02
3029,3.0280000e-01,2.3196319e+01,-4.3206280e+01,1.1424498e+02
3030,3.0290000e-01,2.3640852e+01,-4.3198911e+01,1.1417545e+02
3031,3.0300000e-01,2.4085036e+01,-4.3190804e+01,1.1410321e+02
3032,3.0310000e-01,2.4528578e+01,-4.3182009e+01,1.1402828e+02
3033,3.0320000e-01,2.4971195e+01,-4.3172583e+01,1.1395069e+02
3034,3.0330000e-01,2.5412610e+01,-4.3162585e+01,1.1387045e+02
3035,3.0340000e-01,2.5852548e+01,-4.3152064e+01,1.1378764e+02
3036,3.0350000e-01,2.6290742e+01,-4.3141045e+01,1.1370235e+02
3037,3.0360000e-01,2.6726937e+01,-4.3129528e+01,1.1361469e+02
3038,3.0370000e-01,2.7160882e+01,-4.3117488e+01,1.1352478e+02
3039,3.0380000e-01,2.7592304e+01,-4.3104935e+01,1.1343266e+02
3040,3.0390000e-01,2.8020885e+01,-4.3091915e+01,1.1333835e+02
3041,3.0400000e-01,2.8446249e+01,-4.3078486e+01,1.1324191e+02
3042,3.0410000e-01,2.8867969e+01,-4.3064710e+01,1.1314350e+02
3043,3.0420000e-01,2.9285603e+01,-4.3050640e+01,1.1304328e+02
3044,3.0430000e-01,2.9698710e+01,-4.3036322e+01,1.1294142e+02
3045,3.0440000e-01,3.0106842e+01,-4.3021805e+01,1.1283811e+02
3046,3.0450000e-01,3.0509532e+01,-4.3007143e+01,1.1273352e+02
3047,3.0460000e-01,3.0906285e+01,-4.2992388e+01,1.1262787e+02
3048,3.0470000e-01,3.1296568e+01,-4.2977587e+01,1.1252140e+02
3049,3.0480000e-01,3.1679802e+01,-4.2962792e+01,1.1241434e+02
3050,3.0490000e-01,3.2055356e+01,-4.2948057e+01,1.1230700e+02
3051,3.0500000e-01,3.2422540e+01,-4.2933437e+01,1.1219969e+02
3052,3.0510000e-01,3.2780596e+01,-4.2918985e+01,1.1209276e+02
3053,3.0520000e-01,3.3128703e+01,-4.2904756e+01,1.1198661e+02
3054,3.0530000e-01,3.3465966e+01,-4.2890801e+01,1.1188166e+02
3055,3.0540000e-01,3.3791544e+01,-4.2876940e+01,1.1177862e+02
3056,3.0550000e-01,3.4104549e+01,-4.2863208e+01,1.1167816e+02
3057,3.0560000e-01,3.4403989e+01,-4.2849746e+01,1.1158089e+02
3058,3.0570000e-01,3.4688748e+01,-4.2836717e+01,1.1148732e+02
3059,3.0580000e-01,3.4957582e+01,-4.2824259e+01,1.1139800e+02
3060,3.0590000e-01,3.5209142e+01,-4.2812473e+01,1.1131348e+02
3061,3.0600000e-01,3.5441998e+01,-4.2801450e+01,1.1123434e+02
3062,3.0610000e-01,3.5654668e+01,-4.2791254e+01,1.1116120e+02
3063,3.0620000e-01,3.5845654e+01,-4.2781946e+01,1.1109469e+02
3064,3.0630000e-01,3.6013471e+01,-4.2773583e+01,1.1103544e+02
3065,3.0640000e-01,3.6156686e+01,-4.2766208e+01,1.1098406e+02
3066,3.0650000e-01,3.6273967e+01,-4.2759850e+01,1.1094114e+02
3067,3.0660000e-01,3.6364139e+01,-4.2754524e+01,1.1090719e+02
3068,3.0670000e-01,3.6426228e+01,-4.2750236e+01,1.1088265e+02
3069,3.0680000e-01,3.6459503e+01,-4.2746990e+01,1.1086784e+02
3070,3.0690000e-01,3.6463521e+01,-4.2744776e+01,1.1086296e+02
3071,3.0700000e-01,3.6438136e+01,-4.2743572e+01,1.1086809e+02
3072,3.0710000e-01,3.6383497e+01,-4.2743357e+01,1.1088316e+02
3073,3.0720000e-01,3.6300045e+01,-4.2744095e+01,1.1090798e+02
3074,3.0730000e-01,3.6188497e+01,-4.2745741e+01,1.1094225e+02
3075,3.0740000e-01,3.6049811e+01,-4.2748234e+01,1.1098554e+02
3076,3.0750000e-01,3.5885156e+01,-4.2751511e+01,1.1103734e+02
3077,3.0760000e-01,3.5695859e+01,-4.2755502e+01,1.1109707e+02
3078,3.0770000e-01,3.5483355e+01,-4.2760128e+01,1.1116412e+02
3079,3.0780000e-01,3.5249154e+01,-4.2765311e+01,1.1123783e+02
3080,3.0790000e-01,3.4994802e+01,-4.2770961e+01,1.1131751e+02
3081,3.0800000e-01,3.4721841e+01,-4.2776994e+01,1.1140251e+02
3082,3.0810000e-01,3.4431779e+01,-4.2783323e+01,1.1149217e+02
3083,3.0820000e-01,3.4126072e+01,-4.2789866e+01,1.1158584e+02
3084,3.0830000e-01,3.3806108e+01,-4.2796543e+01,1.1168293e+02
3085,3.0840000e-01,3.3473185e+01,-4.2803278e+01,1.1178286e+02
3086,3.0850000e-01,3.3128515e+01,-4.2810003e+01,1.1188509e+02
3087,3.0860000e-01,3.2773227e+01,-4.2816652e+01,1.1198913e+02
3088,3.0870000e-01,3.2408355e+01,-4.2823167e+01,1.1209451e+02
3089,3.0880000e-01,3.2034845e+01,-4.2829496e+01,1.1220081e+02
3090,3.0890000e-01,3.1653564e+01,-4.2835595e+01,1.1230765e+02
3091,3.0900000e-01,3.1265298e+01,-4.2841427e+01,1.1241465e+02
3092,3.0910000e-01,3.0870762e+01,-4.2846957e+01,1.1252151e+02
3093,3.0920000e-01,3.0470606e+01,-4.2852160e+01,1.1262793e+02
3094,3.0930000e-01,3.0065417e+01,-4.2857010e+01,1.1273365e+02
3095,3.0940000e-01,2.9655720e+01,-4.2861486e+01,1.1283844e+02
3096,3.0950000e-01,2.9241978e+01,-4.2865568e+01,1.1294212e+02
3097,3.0960000e-01,2.8824586e+01,-4.2869236e+01,1.1304453e+02
3098,3.0970000e-01,2.8403883e+01,-4.2872468e+01,1.1314553e+02
3099,3.0980000e-01,2.7980174e+01,-4.2875245e+01,1.1324500e+02
3100,3.0990000e-01,2.7553745e+01,-4.2877553e+01,1.1334282e+02
3101,3.1000000e-01,2.7124872e+01,-4.2879385e+01,1.1343888e+02
3102,3.1010000e-01,2.6693822e+01,-4.2880743e+01,1.1353305e+02
3103,3.1020000e-01,2.6260854e+01,-4.2881630e+01,1.1362524e+02
3104,3.1030000e-01,2.5826212e+01,-4.2882056e+01,1.1371534e+02
3105,3.1040000e-01,2.5390131e+01,-4.2882035e+01,1.1380322e+02
3106,3.1050000e-01,2.4952838e+01,-4.2881591e+01,1.1388878e+02
3107,3.1060000e-01,2.4514557e+01,-4.2880758e+01,1.1397187e+02
3108,3.1070000e-01,2.4075535e+01,-4.2879587e+01,1.1405229e+02
3109,3.1080000e-01,2.3636094e+01,-4.2878145e+01,1.1412982e+02
3110,3.1090000e-01,2.3196632e+01,-4.2876518e+01,1.1420432e+02
3111,3.1100000e-01,2.2757543e+01,-4.2874796e+01,1.1427570e+02
3112,3.1110000e-01,2.2319159e+01,-4.2873039e+01,1.1434395e+02
3113,3.1120000e-01,2.1881737e+01,-4.2871286e+01,1.1440907e+02
3114,3.1130000e-01,2.1445494e+01,-4.2869554e+01,1.1447106e+02
3115,3.1140000e-01,2.1010627e+01,-4.2867849e+01,1.1452993e+02
3116,3.1150000e-01,2.0577337e+01,-4.2866166e+01,1.1458570e+02
3117,3.1160000e-01,2.0145830e+01,-4.2864499e+01,1.1463839e+02
3118,3.1170000e-01,1.9716327e+01,-4.2862848e+01,1.1468802e+02
3119,3.1180000e-01,1.9289055e+01,-4.2861219e+01,1.1473461e+02
3120,3.1190000e-01,1.8864255e+01,-4.2859620e+01,1.1477819e+02
3121,3.1200000e-01,1.8442177e+01,-4.2858069e+01,1.1481880e+02
3122,3.1210000e-01,1.8023079e+01,-4.2856585e+01,1.1485648e+02
3123,3.1220000e-01,1.7607235e+01,-4.2855186e+01,1.1489125e+02
3124,3.1230000e-01,1.7194933e+01,-4.2853896e+01,1.1492317e+02
3125,3.1240000e-01,1.6786475e+01,-4.2852739e+01,1.1495229e+02
3126,3.1250000e-01,1.6382186e+01,-4.2851739e+01,1.1497866e+02
3127,3.1260000e-01,1.5982414e+01,-4.2850927e+01,1.1500234e+02
3128,3.1270000e-01,1.5587530e+01,-4.2850337e+01,1.1502338e+02
3129,3.1280000e-01,1.5197933e+01,-4.2850003e+01,1.1504184e+02
3130,3.1290000e-01,1.4814052e+01,-4.2849958e+01,1.1505780e+02
3131,3.1300000e-01,1.4436353e+01,-4.2850229e+01,1.1507134e+02
3132,3.1310000e-01,1.4065342e+01,-4.2850831e+01,1.1508252e+02
3133,3.1320000e-01,1.3701565e+01,-4.2851767e+01,1.1509147e+02
3134,3.1330000e-01,1.3345618e+01,-4.2853017e+01,1.1509830e+02
3135,3.1340000e-01,1.2998147e+01,-4.2854565e+01,1.1510313e+02
3136,3.1350000e-01,1.2659837e+01,-4.2856393e+01,1.1510612e+02
3137,3.1360000e-01,1.2331414e+01,-4.2858493e+01,1.1510743e+02
3138,3.1370000e-01,1.2013640e+01,-4.2860868e+01,1.1510721e+02
3139,3.1380000e-01,1.1707315e+01,-4.2863524e+01,1.1510564e+02
3140,3.1390000e-01,1.1413279e+01,-4.2866480e+01,1.1510288e+02
3141,3.1400000e-01,1.1132405e+01,-4.2869756e+01,1.1509911e+02
3142,3.1410000e-01,1.0865596e+01,-4.2873363e+01,1.1509451e+02
3143,3.1420000e-01,1.0613781e+01,-4.2877322e+01,1.1508927e+02
3144,3.1430000e-01,1.0377903e+01,-4.2881648e+01,1.1508357e+02
3145,3.1440000e-01,1.0158922e+01,-4.2886354e+01,1.1507762e+02
3146,3.1450000e-01,9.9578029e+00,-4.2891446e+01,1.1507160e+02
3147,3.1460000e-01,9.7755077e+00,-4.2896936e+01,1.1506569e+02
3148,3.1470000e-01,9.6129716e+00,-4.2902837e+01,1.1506008e+02
3149,3.1480000e-01,9.4710852e+00,-4.2909163e+01,1.1505493e+02
3150,3.1490000e-01,9.3506790e+00,-4.2915920e+01,1.1505040e+02
3151,3.1500000e-01,9.2525010e+00,-4.2923108e+01,1.1504662e+02
3152,3.1510000e-01,9.1772047e+00,-4.2930723e+01,1.1504372e+02
3153,3.1520000e-01,9.1253338e+00,-4.2938758e+01,1.1504178e+02
3154,3.1530000e-01,9.0973066e+00,-4.2947204e+01,1.1504086e+02
3155,3.1540000e-01,9.0934008e+00,-4.2956047e+01,1.1504099e+02
3156,3.1550000e-01,9.1137553e+00,-4.2965272e+01,1.1504217e+02
3157,3.1560000e-01,9.1583569e+00,-4.2974857e+01,1.1504436e+02
3158,3.1570000e-01,9.2270350e+00,-4.2984779e+01,1.1504750e+02
3159,3.1580000e-01,9.3194669e+00,-4.2995007e+01,1.1505149e+02
3160,3.1590000e-01,9.4351844e+00,-4.3005507e+01,1.1505621e+02
3161,3.1600000e-01,9.5735845e+00,-4.3016239e+01,1.1506153e+02
3162,3.1610000e-01,9.7339453e+00,-4.3027162e+01,1.1506728e+02
3163,3.1620000e-01,9.9154339e+00,-4.3038232e+01,1.1507328e+02
3164,3.1630000e-01,1.0117137e+01,-4.3049400e+01,1.1507935e+02
3165,3.1640000e-01,1.0338085e+01,-4.3060620e+01,1.1508528e+02
3166,3.1650000e-01,1.0577271e+01,-4.3071844e+01,1.1509087e+02
3167,3.1660000e-01,1.0833665e+01,-4.3083024e+01,1.1509593e+02
3168,3.1670000e-01,1.1106231e+01,-4.3094111e+01,1.1510024e+02
3169,3.1680000e-01,1.1393940e+01,-4.3105059e+01,1.1510363e+02
3170,3.1690000e-01,1.1695786e+01,-4.3115820e+01,1.1510590e+02
3171,3.1700000e-01,1.2010789e+01,-4.3126347e+01,1.1510688e+02
3172,3.1710000e-01,1.2338002e+01,-4.3136597e+01,1.1510641e+02
3173,3.1720000e-01,1.2676514e+01,-4.3146525e+01,1.1510433e+02
3174,3.1730000e-01,1.3025459e+01,-4.3156089e+01,1.1510051e+02
3175,3.1740000e-01,1.3384014e+01,-4.3165250e+01,1.1509480e+02
3176,3.1750000e-01,1.3751403e+01,-4.3173971e+01,1.1508710e+02
3177,3.1760000e-01,1.4126905e+01,-4.3182219e+01,1.1507728e+02
3178,3.1770000e-01,1.4509846e+01,-4.3189971e+01,1.1506524e+02
3179,3.1780000e-01,1.4899602e+01,-4.3197206e+01,1.1505087e+02
3180,3.1790000e-01,1.5295593e+01,-4.3203894e+01,1.1503409e+02
3181,3.1800000e-01,1.5697276e+01,-4.3210008e+01,1.1501484e+02
3182,3.1810000e-01,1.6104157e+01,-4.3215541e+01,1.1499303e+02
3183,3.1820000e-01,1.6515777e+01,-4.3220478e+01,1.1496858e+02
3184,3.1830000e-01,1.6931705e+01,-4.3224798e+01,1.1494146e+02
3185,3.1840000e-01,1.7351547e+01,-4.3228461e+01,1.1491168e+02
3186,3.1850000e-01,1.7774949e+01,-4.3231458e+01,1.1487915e+02
3187,3.1860000e-01,1.8201578e+01,-4.3233766e+01,1.1484382e+02
3188,3.1870000e-01,1.8631111e+01,-4.3235352e+01,1.1480568e+02
3189,3.1880000e-01,1.9063251e+01,-4.3236180e+01,1.1476477e+02
3190,3.1890000e-01,1.9497724e+01,-4.3236219e+01,1.1472110e+02
3191,3.1900000e-01,1.9934298e+01,-4.3235463e+01,1.1467463e+02
3192,3.1910000e-01,2.0372750e+01,-4.3233917e+01,1.1462531e+02
3193,3.1920000e-01,2.0812834e+01,-4.3231580e+01,1.1457317e+02
3194,3.1930000e-01,2.1254313e+01,-4.3228452e+01,1.1451828e+02
3195,3.1940000e-01,2.1696946e+01,-4.3224527e+01,1.1446064e+02
3196,3.1950000e-01,2.2140480e+01,-4.3219803e+01,1.1440028e+02
3197,3.1960000e-01,2.2584648e+01,-4.3214285e+01,1.1433719e+02
3198,3.1970000e-01,2.3029169e+01,-4.3207977e+01,1.1427138e+02
3199,3.1980000e-01,2.3473753e+01,-4.3200895e+01,1.1420286e+02
3200,3.1990000e-01,2.3918106e+01,-4.3193070e+01,1.1413162e+02
3201,3.2000000e-01,2.4361932e+01,-4.3184545e+01,1.1405767e+02
3202,3.2010000e-01,2.4804944e+01,-4.3175369e+01,1.1398103e+02
3203,3.2020000e-01,2.5246856e+01,-4.3165602e+01,1.1390174e+02
3204,3.2030000e-01,2.5687391e+01,-4.3155290e+01,1.1381986e+02
3205,3.2040000e-01,2.6126278e+01,-4.3144464e+01,1.1373548e+02
3206,3.2050000e-01,2.6563261e+01,-4.3133124e+01,1.1364872e+02
3207,3.2060000e-01,2.6998092e+01,-4.3121255e+01,1.1355969e+02
3208,3.2070000e-01,2.7430504e+01,-4.3108858e+01,1.1346844e+02
3209,3.2080000e-01,2.7860195e+01,-4.3095976e+01,1.1337499e+02
3210,3.2090000e-01,2.8286816e+01,-4.3082669e+01,1.1327936e+02
3211,3.2100000e-01,2.8709951e+01,-4.3068996e+01,1.1318168e+02
3212,3.2110000e-01,2.9129162e+01,-4.3055016e+01,1.1308212e+02
3213,3.2120000e-01,2.9544011e+01,-4.3040778e+01,1.1298085e+02
3214,3.2130000e-01,2.9954055e+01,-4.3026329e+01,1.1287804e+02
3215,3.2140000e-01,3.0358838e+01,-4.3011722e+01,1.1277388e+02
3216,3.2150000e-01,3.0757876e+01,-4.2997005e+01,1.1266858e+02
3217,3.2160000e-01,3.1150652e+01,-4.2982227e+01,1.1256235e+02
3218,3.2170000e-01,3.1536608e+01,-4.2967437e+01,1.1245544e+02
3219,3.2180000e-01,3.1915130e+01,-4.2952688e+01,1.1234814e+02
3220,3.2190000e-01,3.2285549e+01,-4.2938036e+01,1.1224074e+02
3221,3.2200000e-01,3.2647133e+01,-4.2923532e+01,1.1213359e+02
3222,3.2210000e-01,3.2999083e+01,-4.2909232e+01,1.1202706e+02
3223,3.2220000e-01,3.3340533e+01,-4.2895190e+01,1.1192156e+02
3224,3.2230000e-01,3.3670536e+01,-4.2881457e+01,1.1181756e+02
3225,3.2240000e-01,3.3988202e+01,-4.2867836e+01,1.1171578e+02
3226,3.2250000e-01,3.4292592e+01,-4.2854348e+01,1.1161694e+02
3227,3.2260000e-01,3.4582664e+01,-4.2841126e+01,1.1152162e+02
3228,3.2270000e-01,3.4857250e+01,-4.2828324e+01,1.1143042e+02
3229,3.2280000e-01,3.5115054e+01,-4.2816081e+01,1.1134386e+02
3230,3.2290000e-01,3.5354690e+01,-4.2804499e+01,1.1126254e+02
3231,3.2300000e-01,3.5574720e+01,-4.2793668e+01,1.1118704e+02
3232,3.2310000e-01,3.5773668e+01,-4.2783659e+01,1.1111797e+02
3233,3.2320000e-01,3.5950056e+01,-4.2774539e+01,1.1105596e+02
3234,3.2330000e-01,3.6102434e+01,-4.2766358e+01,1.1100162e+02
3235,3.2340000e-01,3.6229430e+01,-4.2759157e+01,1.1095555e+02
3236,3.2350000e-01,3.6329806e+01,-4.2752966e+01,1.1091828e+02
3237,3.2360000e-01,3.6402501e+01,-4.2747798e+01,1.1089028e+02
3238,3.2370000e-01,3.6446683e+01,-4.2743664e+01,1.1087190e+02
3239,3.2380000e-01,3.6461782e+01,-4.2740564e+01,1.1086341e+02
3240,3.2390000e-01,3.6447524e+01,-4.2738490e+01,1.1086492e+02
3241,3.2400000e-01,3.6403941e+01,-4.2737419e+01,1.1087641e+02
3242,3.2410000e-01,3.6331367e+01,-4.2737328e+01,1.1089775e+02
3243,3.2420000e-01,3.6230412e+01,-4.2738180e+01,1.1092865e+02
3244,3.2430000e-01,3.6101944e+01,-4.2739925e+01,1.1096875e+02
3245,3.2440000e-01,3.5947048e+01,-4.2742509e+01,1.1101755e+02
3246,3.2450000e-01,3.5766993e+01,-4.2745864e+01,1.1107451e+02
3247,3.2460000e-01,3.5563176e+01,-4.2749918e+01,1.1113901e+02
3248,3.2470000e-01,3.5337082e+01,-4.2754591e+01,1.1121040e+02
3249,3.2480000e-01,3.5090246e+01,-4.2759797e+01,1.1128803e+02
3250,3.2490000e-01,3.4824217e+01,-4.2765450e+01,1.1137121e+02
3251,3.2500000e-01,3.4540521e+01,-4.2771463e+01,1.1145928e+02
3252,3.2510000e-01,3.4240640e+01,-4.2777752e+01,1.1155160e+02
3253,3.2520000e-01,3.3925986e+01,-4.2784234e+01,1.1164754e+02
3254,3.2530000e-01,3.3597889e+01,-4.2790832e+01,1.1174654e+02
3255,3.2540000e-01,3.3257600e+01,-4.2797473e+01,1.1184803e+02
3256,3.2550000e-01,3.2906280e+01,-4.2804092e+01,1.1195150e+02
3257,3.2560000e-01,3.2544992e+01,-4.2810627e+01,1.1205648e+02
3258,3.2570000e-01,3.2174716e+01,-4.2817025e+01,1.1216253e+02
3259,3.2580000e-01,3.1796350e+01,-4.2823236e+01,1.1226924e+02
3260,3.2590000e-01,3.1410706e+01,-4.2829221e+01,1.1237625e+02
3261,3.2600000e-01,3.1018526e+01,-4.2834941e+01,1.1248323e+02
3262,3.2610000e-01,3.0620486e+01,-4.2840367e+01,1.1258986e+02
3263,3.2620000e-01,3.0217200e+01,-4.2845472e+01,1.1269589e+02
3264,3.2630000e-01,2.9809217e+01,-4.2850233e+01,1.1280106e+02
3265,3.2640000e-01,2.9397031e+01,-4.2854628e+01,1.1290518e+02
3266,3.2650000e-01,2.8981063e+01,-4.2858635e+01,1.1300808e+02
3267,3.2660000e-01,2.8561668e+01,-4.2862231e+01,1.1310961e+02
3268,3.2670000e-01,2.8139159e+01,-4.2865394e+01,1.1320965e+02
3269,3.2680000e-01,2.7713821e+01,-4.2868108e+01,1.1330808e+02
3270,3.2690000e-01,2.7285932e+01,-4.2870363e+01,1.1340477e+02
3271,3.2700000e-01,2.6855765e+01,-4.2872156e+01,1.1349963e+02
3272,3.2710000e-01,2.6423576e+01,-4.2873489e+01,1.1359252e+02
3273,3.2720000e-01,2.5989615e+01,-4.2874370e+01,1.1368335e+02
3274,3.2730000e-01,2.5554122e+01,-4.2874809e+01,1.1377200e+02
3275,3.2740000e-01,2.5117326e+01,-4.2874827e+01,1.1385835e+02
3276,3.2750000e-01,2.4679454e+01,-4.2874453e+01,1.1394229e+02
3277,3.2760000e-01,2.4240739e+01,-4.2873727e+01,1.1402364e+02
3278,3.2770000e-01,2.3801461e+01,-4.2872707e+01,1.1410220e+02
3279,3.2780000e-01,2.3361985e+01,-4.2871469e+01,1.1417776e+02
3280,3.2790000e-01,2.2922709e+01,-4.2870101e+01,1.1425024e+02
3281,3.2800000e-01,2.2483992e+01,-4.2868674e+01,1.1431959e+02
3282,3.2810000e-01,2.2046124e+01,-4.2867236e+01,1.1438581e+02
3283,3.2820000e-01,2.1609342e+01,-4.2865807e+01,1.1444891e+02
3284,3.2830000e-01,2.1173858e+01,-4.2864399e+01,1.1450889e+02
3285,3.2840000e-01,2.0739877e+01,-4.2863014e+01,1.1456576e+02
3286,3.2850000e-01,2.0307605e+01,-4.2861652e+01,1.1461953e+02
3287,3.2860000e-01,1.9877257e+01,-4.2860309e+01,1.1467024e+02
3288,3.2870000e-01,1.9449060e+01,-4.2858982e+01,1.1471790e+02
3289,3.2880000e-01,1.9023250e+01,-4.2857678e+01,1.1476254e+02
3290,3.2890000e-01,1.8600073e+01,-4.2856408e+01,1.1480419e+02
3291,3.2900000e-01,1.8179784e+01,-4.2855191e+01,1.1484289e+02
3292,3.2910000e-01,1.7762647e+01,-4.2854045e+01,1.1487868e+02
3293,3.2920000e-01,1.7348945e+01,-4.2852991e+01,1.1491160e+02
3294,3.2930000e-01,1.6938972e+01,-4.2852053e+01,1.1494170e+02
3295,3.2940000e-01,1.6533046e+01,-4.2851254e+01,1.1496903e+02
3296,3.2950000e-01,1.6131504e+01,-4.2850625e+01,1.1499365e+02
3297,3.2960000e-01,1.5734709e+01,-4.2850197e+01,1.1501561e+02
3298,3.2970000e-01,1.5343051e+01,-4.2850002e+01,1.1503497e+02
3299,3.2980000e-01,1.4956947e+01,-4.2850076e+01,1.1505181e+02
3300,3.2990000e-01,1.4576849e+01,-4.2850446e+01,1.1506619e+02
3301,3.3000000e-01,1.4203248e+01,-4.2851129e+01,1.1507819e+02
3302,3.3010000e-01,1.3836676e+01,-4.2852132e+01,1.1508792e+02
3303,3.3020000e-01,1.3477712e+01,-4.2853441e+01,1.1509548e+02
3304,3.3030000e-01,1.3126984e+01,-4.2855035e+01,1.1510100e+02
3305,3.3040000e-01,1.2785161e+01,-4.2856902e+01,1.1510464e+02
3306,3.3050000e-01,1.2452954e+01,-4.2859032e+01,1.1510653e+02
3307,3.3060000e-01,1.2131108e+01,-4.2861421e+01,1.1510685e+02
3308,3.3070000e-01,1.1820411e+01,-4.2864082e+01,1.1510575e+02
3309,3.3080000e-01,1.1521687e+01,-4.2867026e+01,1.1510340e+02
3310,3.3090000e-01,1.1235797e+01,-4.2870274e+01,1.1509997e+02
3311,3.3100000e-01,1.0963630e+01,-4.2873840e+01,1.1509565e+02
3312,3.3110000e-01,1.0706107e+01,-4.2877740e+01,1.1509061e+02
3313,3.3120000e-01,1.0464164e+01,-4.2881993e+01,1.1508506e+02
3314,3.3130000e-01,1.0238756e+01,-4.2886613e+01,1.1507918e+02
3315,3.3140000e-01,1.0030847e+01,-4.2891607e+01,1.1507316e+02
3316,3.3150000e-01,9.8414003e+00,-4.2896987e+01,1.1506719e+02
3317,3.3160000e-01,9.6713609e+00,-4.2902764e+01,1.1506145e+02
3318,3.3170000e-01,9.5216397e+00,-4.2908955e+01,1.1505612e+02
3319,3.3180000e-01,9.3930937e+00,-4.2915568e+01,1.1505134e+02
3320,3.3190000e-01,9.2865111e+00,-4.2922605e+01,1.1504727e+02
3321,3.3200000e-01,9.2025834e+00,-4.2930065e+01,1.1504404e+02
3322,3.3210000e-01,9.1418949e+00,-4.2937942e+01,1.1504173e+02
3323,3.3220000e-01,9.1049103e+00,-4.2946227e+01,1.1504043e+02
3324,3.3230000e-01,9.0919590e+00,-4.2954908e+01,1.1504018e+02
3325,3.3240000e-01,9.1032350e+00,-4.2963971e+01,1.1504098e+02
3326,3.3250000e-01,9.1387823e+00,-4.2973397e+01,1.1504281e+02
3327,3.3260000e-01,9.1984876e+00,-4.2983165e+01,1.1504561e+02
3328,3.3270000e-01,9.2820843e+00,-4.2993244e+01,1.1504931e+02
3329,3.3280000e-01,9.3891564e+00,-4.3003603e+01,1.1505380e+02
3330,3.3290000e-01,9.5191489e+00,-4.3014204e+01,1.1505893e+02
3331,3.3300000e-01,9.6713819e+00,-4.3025007e+01,1.1506456e+02
3332,3.3310000e-01,9.8450597e+00,-4.3035970e+01,1.1507051e+02
3333,3.3320000e-01,1.0039297e+01,-4.3047045e+01,1.1507660e+02
3334,3.3330000e-01,1.0253144e+01,-4.3058185e+01,1.1508262e+02
3335,3.3340000e-01,1.0485607e+01,-4.3069345e+01,1.1508839e+02
3336,3.3350000e-01,1.0735664e+01,-4.3080476e+01,1.1509369e+02
3337,3.3360000e-01,1.1002281e+01,-4.3091531e+01,1.1509833e+02
3338,3.3370000e-01,1.1284424e+01,-4.3102462e+01,1.1510211e+02
3339,3.3380000e-01,1.1581073e+01,-4.3113221e+01,1.1510485e+02
3340,3.3390000e-01,1.1891238e+01,-4.3123763e+01,1.1510636e+02
3341,3.3400000e-01,1.2213961e+01,-4.3134042e+01,1.1510648e+02
3342,3.3410000e-01,1.2548319e+01,-4.3144015e+01,1.1510504e+02
3343,3.3420000e-01,1.2893431e+01,-4.3153641e+01,1.1510191e+02
3344,3.3430000e-01,1.3248454e+01,-4.3162877e+01,1.1509695e+02
3345,3.3440000e-01,1.3612596e+01,-4.3171688e+01,1.1509003e+02
3346,3.3450000e-01,1.3985116e+01,-4.3180038e+01,1.1508104e+02
3347,3.3460000e-01,1.4365324e+01,-4.3187906e+01,1.1506986e+02
3348,3.3470000e-01,1.4752579e+01,-4.3195269e+01,1.1505637e+02
3349,3.3480000e-01,1.5146282e+01,-4.3202098e+01,1.1504052e+02
3350,3.3490000e-01,1.5545877e+01,-4.3208365e+01,1.1502221e+02
3351,3.3500000e-01,1.5950856e+01,-4.3214061e+01,1.1500136e+02
3352,3.3510000e-01,1.6360746e+01,-4.3219173e+01,1.1497789e+02
3353,3.3520000e-01,1.6775106e+01,-4.3223678e+01,1.1495177e+02
3354,3.3530000e-01,1.7193521e+01,-4.3227550e+01,1.1492296e+02
3355,3.3540000e-01,1.7615623e+01,-4.3230776e+01,1.1489139e+02
3356,3.3550000e-01,1.8041075e+01,-4.3233333e+01,1.1485705e+02
3357,3.3560000e-01,1.8469550e+01,-4.3235185e+01,1.1481990e+02
3358,3.3570000e-01,1.8900745e+01,-4.3236290e+01,1.1478001e+02
3359,3.3580000e-01,1.9334384e+01,-4.3236614e+01,1.1473738e+02
3360,3.3590000e-01,1.9770234e+01,-4.3236151e+01,1.1469194e+02
3361,3.3600000e-01,2.0208066e+01,-4.3234897e+01,1.1464366e+02
3362,3.3610000e-01,2.0647630e+01,-4.3232851e+01,1.1459257e+02
3363,3.3620000e-01,2.1088689e+01,-4.3230006e+01,1.1453872e+02
3364,3.3630000e-01,2.1531000e+01,-4.3226356e+01,1.1448214e+02
3365,3.3640000e-01,2.1974306e+01,-4.3221896e+01,1.1442283e+02
3366,3.3650000e-01,2.2418339e+01,-4.3216631e+01,1.1436080e+02
3367,3.3660000e-01,2.2862817e+01,-4.3210564e+01,1.1429604e+02
3368,3.3670000e-01,2.3307448e+01,-4.3203708e+01,1.1422858e+02
3369,3.3680000e-01,2.3751935e+01,-4.3196091e+01,1.1415839e+02
3370,3.3690000e-01,2.4195986e+01,-4.3187752e+01,1.1408548e+02
3371,3.3700000e-01,2.4639311e+01,-4.3178746e+01,1.1400987e+02
3372,3.3710000e-01,2.5081630e+01,-4.3169135e+01,1.1393160e+02
3373,3.3720000e-01,2.5522661e+01,-4.3158973e+01,1.1385071e+02
3374,3.3730000e-01,2.5962136e+01,-4.3148291e+01,1.1376730e+02
3375,3.3740000e-01,2.6399799e+01,-4.3137087e+01,1.1368151e+02
3376,3.3750000e-01,2.6835403e+01,-4.3125345e+01,1.1359345e+02
3377,3.3760000e-01,2.7268695e+01,-4.3113068e+01,1.1350315e+02
3378,3.3770000e-01,2.7699381e+01,-4.3100292e+01,1.1341062e+02
3379,3.3780000e-01,2.8127120e+01,-4.3087072e+01,1.1331590e+02
3380,3.3790000e-01,2.8551524e+01,-4.3073471e+01,1.1321906e+02
3381,3.3800000e-01,2.8972173e+01,-4.3059555e+01,1.1312026e+02
3382,3.3810000e-01,2.9388632e+01,-4.3045374e+01,1.1301967e+02
3383,3.3820000e-01,2.9800466e+01,-4.3030972e+01,1.1291747e+02
3384,3.3830000e-01,3.0207223e+01,-4.3016400e+01,1.1281383e+02
3385,3.3840000e-01,3.0608434e+01,-4.3001707e+01,1.1270895e+02
3386,3.3850000e-01,3.1003592e+01,-4.2986942e+01,1.1260305e+02
3387,3.3860000e-01,3.1392153e+01,-4.2972152e+01,1.1249637e+02
3388,3.3870000e-01,3.1773524e+01,-4.2957388e+01,1.1238917e+02
3389,3.3880000e-01,3.2147055e+01,-4.2942705e+01,1.1228176e+02
3390,3.3890000e-01,3.2512038e+01,-4.2928157e+01,1.1217445e+02
3391,3.3900000e-01,3.2867701e+01,-4.2913797e+01,1.1206762e+02
3392,3.3910000e-01,3.3213204e+01,-4.2899677e+01,1.1196166e+02
3393,3.3920000e-01,3.3547632e+01,-4.2885851e+01,1.1185701e+02
3394,3.3930000e-01,3.3870124e+01,-4.2872128e+01,1.1175439e+02
3395,3.3940000e-01,3.4179770e+01,-4.2858537e+01,1.1165450e+02
3396,3.3950000e-01,3.4475557e+01,-4.2845213e+01,1.1155792e+02
3397,3.3960000e-01,3.4756348e+01,-4.2832313e+01,1.1146521e+02
3398,3.3970000e-01,3.5020881e+01,-4.2819978e+01,1.1137691e+02
3399,3.3980000e-01,3.5267793e+01,-4.2808310e+01,1.1129358e+02
3400,3.3990000e-01,3.5495644e+01,-4.2797400e+01,1.1121580e+02
3401,3.4000000e-01,3.5702959e+01,-4.2787312e+01,1.1114420e+02
3402,3.4010000e-01,3.5888244e+01,-4.2778115e+01,1.1107939e+02
3403,3.4020000e-01,3.6050023e+01,-4.2769860e+01,1.1102201e+02
3404,3.4030000e-01,3.6186880e+01,-4.2762592e+01,1.1097267e+02
3405,3.4040000e-01,3.6297510e+01,-4.2756343e+01,1.1093192e+02
3406,3.4050000e-01,3.6380782e+01,-4.2751120e+01,1.1090027e+02
3407,3.4060000e-01,3.6435778e+01,-4.2746935e+01,1.1087813e+02
3408,3.4070000e-01,3.6461829e+01,-4.2743789e+01,1.1086579e+02
3409,3.4080000e-01,3.6458565e+01,-4.2741671e+01,1.1086342e+02
3410,3.4090000e-01,3.6425915e+01,-4.2740559e+01,1.1087105e+02
3411,3.4100000e-01,3.6364103e+01,-4.2740432e+01,1.1088859e+02
3412,3.4110000e-01,3.6273640e+01,-4.2741254e+01,1.1091582e+02
3413,3.4120000e-01,3.6155306e+01,-4.2742978e+01,1.1095239e+02
3414,3.4130000e-01,3.6010114e+01,-4.2745543e+01,1.1099787e+02
3415,3.4140000e-01,3.5839277e+01,-4.2748884e+01,1.1105172e+02
3416,3.4150000e-01,3.5644155e+01,-4.2752930e+01,1.1111335e+02
3417,3.4160000e-01,3.5426204e+01,-4.2757607e+01,1.1118213e+02
3418,3.4170000e-01,3.5186945e+01,-4.2762832e+01,1.1125738e+02
3419,3.4180000e-01,3.4927924e+01,-4.2768516e+01,1.1133846e+02
3420,3.4190000e-01,3.4650677e+01,-4.2774572e+01,1.1142467e+02
3421,3.4200000e-01,3.4356702e+01,-4.2780915e+01,1.1151538e+02
3422,3.4210000e-01,3.4047440e+01,-4.2787462e+01,1.1160995e+02
3423,3.4220000e-01,3.3724248e+01,-4.2794137e+01,1.1170779e+02
3424,3.4230000e-01,3.3388403e+01,-4.2800863e+01,1.1180834e+02
3425,3.4240000e-01,3.3041100e+01,-4.2807574e+01,1.1191106e+02
3426,3.4250000e-01,3.2683444e+01,-4.2814205e+01,1.1201547e+02
3427,3.4260000e-01,3.2316448e+01,-4.2820700e+01,1.1212111e+02
3428,3.4270000e-01,3.1941037e+01,-4.2827008e+01,1.1222757e+02
3429,3.4280000e-01,3.1558058e+01,-4.2833087e+01,1.1233447e+02
3430,3.4290000e-01,3.1168280e+01,-4.2838899e+01,1.1244146e+02
3431,3.4300000e-01,3.0772399e+01,-4.2844411e+01,1.1254823e+02
3432,3.4310000e-01,3.0371041e+01,-4.2849597e+01,1.1265448e+02
3433,3.4320000e-01,2.9964768e+01,-4.2854432e+01,1.1275999e+02
3434,3.4330000e-01,2.9554090e+01,-4.2858894e+01,1.1286452e+02
3435,3.4340000e-01,2.9139453e+01,-4.2862965e+01,1.1296789e+02
3436,3.4350000e-01,2.8721242e+01,-4.2866622e+01,1.1306996e+02
3437,3.4360000e-01,2.8299793e+01,-4.2869844e+01,1.1317058e+02
3438,3.4370000e-01,2.7875408e+01,-4.2872613e+01,1.1326965e+02
3439,3.4380000e-01,2.7448373e+01,-4.2874917e+01,1.1336703e+02
3440,3.4390000e-01,2.7018965e+01,-4.2876751e+01,1.1346262e+02
3441,3.4400000e-01,2.6587449e+01,-4.2878114e+01,1.1355629e+02
3442,3.4410000e-01,2.6154076e+01,-4.2879013e+01,1.1364795e+02
3443,3.4420000e-01,2.5719089e+01,-4.2879457e+01,1.1373748e+02
3444,3.4430000e-01,2.5282721e+01,-4.2879462e+01,1.1382477e+02
3445,3.4440000e-01,2.4845198e+01,-4.2879053e+01,1.1390970e+02
3446,3.4450000e-01,2.4406747e+01,-4.2878266e+01,1.1399212e+02
3447,3.4460000e-01,2.3967629e+01,-4.2877153e+01,1.1407183e+02
3448,3.4470000e-01,2.3528180e+01,-4.2875786e+01,1.1414861e+02
3449,3.4480000e-01,2.3088803e+01,-4.2874256e+01,1.1422232e+02
3450,3.4490000e-01,2.2649878e+01,-4.2872645e+01,1.1429291e+02
3451,3.4500000e-01,2.2211725e+01,-4.2871007e+01,1.1436037e+02
3452,3.4510000e-01,2.1774596e+01,-4.2869372e+01,1.1442470e+02
3453,3.4520000e-01,2.1338700e+01,-4.2867761e+01,1.1448591e+02
3454,3.4530000e-01,2.0904233e+01,-4.2866178e+01,1.1454400e+02
3455,3.4540000e-01,2.0471390e+01,-4.2864618e+01,1.1459899e+02
3456,3.4550000e-01,2.0040377e+01,-4.2863076e+01,1.1465090e+02
3457,3.4560000e-01,1.9611414e+01,-4.2861549e+01,1.1469975e+02
3458,3.4570000e-01,1.9184733e+01,-4.2860043e+01,1.1474558e+02
3459,3.4580000e-01,1.8760577e+01,-4.2858567e+01,1.1478842e+02
3460,3.4590000e-01,1.8339201e+01,-4.2857141e+01,1.1482828e+02
3461,3.4600000e-01,1.7920868e+01,-4.2855781e+01,1.1486522e+02
3462,3.4610000e-01,1.7505856e+01,-4.2854510e+01,1.1489928e+02
3463,3.4620000e-01,1.7094456e+01,-4.2853348e+01,1.1493049e+02
3464,3.4630000e-01,1.6686977e+01,-4.2852320e+01,1.1495892e+02
3465,3.4640000e-01,1.6283751e+01,-4.2851453e+01,1.1498461e+02
3466,3.4650000e-01,1.5885132e+01,-4.2850778e+01,1.1500762e+02
3467,3.4660000e-01,1.5491498e+01,-4.2850330e+01,1.1502801e+02
3468,3.4670000e-01,1.5103256e+01,-4.2850143e+01,1.1504584e+02
3469,3.4680000e-01,1.4720844e+01,-4.2850249e+01,1.1506118e+02
3470,3.4690000e-01,1.4344737e+01,-4.2850673e+01,1.1507411e+02
3471,3.4700000e-01,1.3975452e+01,-4.2851425e+01,1.1508473e+02
3472,3.4710000e-01,1.3613547e+01,-4.2852501e+01,1.1509313e+02
3473,3.4720000e-01,1.3259629e+01,-4.2853882e+01,1.1509944e+02
3474,3.4730000e-01,1.2914354e+01,-4.2855546e+01,1.1510380e+02
3475,3.4740000e-01,1.2578419e+01,-4.2857479e+01,1.1510635e+02
3476,3.4750000e-01,1.2252555e+01,-4.2859681e+01,1.1510727e+02
3477,3.4760000e-01,1.1937533e+01,-4.2862157e+01,1.1510670e+02
3478,3.4770000e-01,1.1634161e+01,-4.2864915e+01,1.1510482e+02
3479,3.4780000e-01,1.1343285e+01,-4.2867975e+01,1.1510180e+02
3480,3.4790000e-01,1.1065789e+01,-4.2871350e+01,1.1509781e+02
3481,3.4800000e-01,1.0802581e+01,-4.2875058e+01,1.1509304e+02
3482,3.4810000e-01,1.0554591e+01,-4.2879119e+01,1.1508767e+02
3483,3.4820000e-01,1.0322766e+01,-4.2883546e+01,1.1508190e+02
3484,3.4830000e-01,1.0108069e+01,-4.2888352e+01,1.1507592e+02
3485,3.4840000e-01,9.9114666e+00,-4.2893544e+01,1.1506992e+02
3486,3.4850000e-01,9.7339165e+00,-4.2899134e+01,1.1506408e+02
3487,3.4860000e-01,9.5763461e+00,-4.2905134e+01,1.1505858e+02
3488,3.4870000e-01,9.4396337e+00,-4.2911558e+01,1.1505358e+02
3489,3.4880000e-01,9.3245927e+00,-4.2918411e+01,1.1504923e+02
3490,3.4890000e-01,9.2319495e+00,-4.2925692e+01,1.1504567e+02
3491,3.4900000e-01,9.1623316e+00,-4.2933397e+01,1.1504301e+02
3492,3.4910000e-01,9.1162528e+00,-4.2941518e+01,1.1504132e+02
3493,3.4920000e-01,9.0940981e+00,-4.2950044e+01,1.1504067e+02
3494,3.4930000e-01,9.0961095e+00,-4.2958961e+01,1.1504107e+02
3495,3.4940000e-01,9.1223883e+00,-4.2968253e+01,1.1504252e+02
3496,3.4950000e-01,9.1728833e+00,-4.2977897e+01,1.1504496e+02
3497,3.4960000e-01,9.2473864e+00,-4.2987869e+01,1.1504833e+02
3498,3.4970000e-01,9.3455390e+00,-4.2998137e+01,1.1505253e+02
3499,3.4980000e-01,9.4668392e+00,-4.3008666e+01,1.1505743e+02
3500,3.4990000e-01,9.6106541e+00,-4.3019416e+01,1.1506289e+02
3501,3.5000000e-01,9.7762273e+00,-4.3030345e+01,1.1506873e+02
3502,3.5010000e-01,9.9627050e+00,-4.3041407e+01,1.1507479e+02
3503,3.5020000e-01,1.0169161e+01,-4.3052554e+01,1.1508086e+02
3504,3.5030000e-01,1.0394618e+01,-4.3063742e+01,1.1508675e+02
3505,3.5040000e-01,1.0638062e+01,-4.3074921e+01,1.1509224e+02
3506,3.5050000e-01,1.0898462e+01,-4.3086045e+01,1.1509715e+02
3507,3.5060000e-01,1.1174783e+01,-4.3097065e+01,1.1510128e+02
3508,3.5070000e-01,1.1466000e+01,-4.3107933e+01,1.1510443e+02
3509,3.5080000e-01,1.1771111e+01,-4.3118603e+01,1.1510642e+02
3510,3.5090000e-01,1.2089145e+01,-4.3129029e+01,1.1510707e+02
3511,3.5100000e-01,1.2419164e+01,-4.3139167e+01,1.1510624e+02
3512,3.5110000e-01,1.2760268e+01,-4.3148973e+01,1.1510376e+02
3513,3.5120000e-01,1.3111597e+01,-4.3158406e+01,1.1509951e+02
3514,3.5130000e-01,1.3472340e+01,-4.3167427e+01,1.1509334e+02
3515,3.5140000e-01,1.3841737e+01,-4.3176001e+01,1.1508515e+02
3516,3.5150000e-01,1.4219078e+01,-4.3184109e+01,1.1507479e+02
3517,3.5160000e-01,1.4603705e+01,-4.3191725e+01,1.1506216e+02
3518,3.5170000e-01,1.4995004e+01,-4.3198819e+01,1.1504719e+02
3519,3.5180000e-01,1.5392401e+01,-4.3205361e+01,1.1502980e+02
3520,3.5190000e-01,1.5795375e+01,-4.3211342e+01,1.1500989e+02
3521,3.5200000e-01,1.6203442e+01,-4.3216745e+01,1.1498738e+02
3522,3.5210000e-01,1.6616147e+01,-4.3221549e+01,1.1496224e+02
3523,3.5220000e-01,1.7033060e+01,-4.3225728e+01,1.1493443e+02
3524,3.5230000e-01,1.7453791e+01,-4.3229241e+01,1.1490396e+02
3525,3.5240000e-01,1.7877990e+01,-4.3232076e+01,1.1487074e+02
3526,3.5250000e-01,1.8305330e+01,-4.3234211e+01,1.1483471e+02
3527,3.5260000e-01,1.8735495e+01,-4.3235614e+01,1.1479587e+02
3528,3.5270000e-01,1.9168199e+01,-4.3236257e+01,1.1475426e+02
3529,3.5280000e-01,1.9603172e+01,-4.3236111e+01,1.1470990e+02
3530,3.5290000e-01,2.0040181e+01,-4.3235170e+01,1.1466273e+02
3531,3.5300000e-01,2.0478999e+01,-4.3233438e+01,1.1461273e+02
3532,3.5310000e-01,2.0919383e+01,-4.3230916e+01,1.1455992e+02
3533,3.5320000e-01,2.1361096e+01,-4.3227602e+01,1.1450435e+02
3534,3.5330000e-01,2.1803900e+01,-4.3223492e+01,1.1444605e+02
3535,3.5340000e-01,2.2247539e+01,-4.3218588e+01,1.1438503e+02
3536,3.5350000e-01,2.2691738e+01,-4.3212889e+01,1.1432130e+02
3537,3.5360000e-01,2.3136211e+01,-4.3206401e+01,1.1425487e+02
3538,3.5370000e-01,2.3580675e+01,-4.3199144e+01,1.1418573e+02
3539,3.5380000e-01,2.4024838e+01,-4.3191152e+01,1.1411387e+02
3540,3.5390000e-01,2.4468410e+01,-4.3182471e+01,1.1403931e+02
3541,3.5400000e-01,2.4911104e+01,-4.3173156e+01,1.1396208e+02
3542,3.5410000e-01,2.5352639e+01,-4.3163266e+01,1.1388219e+02
3543,3.5420000e-01,2.5792741e+01,-4.3152849e+01,1.1379971e+02
3544,3.5430000e-01,2.6231138e+01,-4.3141930e+01,1.1371473e+02
3545,3.5440000e-01,2.6667575e+01,-4.3130511e+01,1.1362738e+02
3546,3.5450000e-01,2.7101797e+01,-4.3118569e+01,1.1353777e+02
3547,3.5460000e-01,2.7533537e+01,-4.3106113e+01,1.1344594e+02
3548,3.5470000e-01,2.7962479e+01,-4.3093182e+01,1.1335193e+02
3549,3.5480000e-01,2.8388259e+01,-4.3079835e+01,1.1325578e+02
3550,3.5490000e-01,2.8810457e+01,-4.3066132e+01,1.1315763e+02
3551,3.5500000e-01,2.9228636e+01,-4.3052129e+01,1.1305765e+02
3552,3.5510000e-01,2.9642362e+01,-4.3037875e+01,1.1295600e+02
3553,3.5520000e-01,3.0051187e+01,-4.3023418e+01,1.1285285e+02
3554,3.5530000e-01,3.0454648e+01,-4.3008814e+01,1.1274840e+02
3555,3.5540000e-01,3.0852252e+01,-4.2994112e+01,1.1264285e+02
3556,3.5550000e-01,3.1243469e+01,-4.2979359e+01,1.1253643e+02
3557,3.5560000e-01,3.1627724e+01,-4.2964606e+01,1.1242940e+02
3558,3.5570000e-01,3.2004389e+01,-4.2949905e+01,1.1232203e+02
3559,3.5580000e-01,3.2372780e+01,-4.2935313e+01,1.1221466e+02
3560,3.5590000e-01,3.2732150e+01,-4.2920883e+01,1.1210761e+02
3561,3.5600000e-01,3.3081686e+01,-4.2906667e+01,1.1200129e+02
3562,3.5610000e-01,3.3420503e+01,-4.2892720e+01,1.1189610e+02
3563,3.5620000e-01,3.3747771e+01,-4.2878862e+01,1.1179277e+02
3564,3.5630000e-01,3.4062612e+01,-4.2865132e+01,1.1169194e+02
3565,3.5640000e-01,3.4364039e+01,-4.2851673e+01,1.1159423e+02
3566,3.5650000e-01,3.4650937e+01,-4.2838649e+01,1.1150015e+02
3567,3.5660000e-01,3.4922070e+01,-4.2826195e+01,1.1141023e+02
3568,3.5670000e-01,3.5176099e+01,-4.2814414e+01,1.1132503e+02
3569,3.5680000e-01,3.5411597e+01,-4.2803395e+01,1.1124513e+02
3570,3.5690000e-01,3.5627095e+01,-4.2793201e+01,1.1117113e+02
3571,3.5700000e-01,3.5821101e+01,-4.2783893e+01,1.1110367e+02
3572,3.5710000e-01,3.5992141e+01,-4.2775523e+01,1.1104337e+02
3573,3.5720000e-01,3.6138787e+01,-4.2768139e+01,1.1099085e+02
3574,3.5730000e-01,3.6259701e+01,-4.2761770e+01,1.1094669e+02
3575,3.5740000e-01,3.6353678e+01,-4.2756432e+01,1.1091143e+02
3576,3.5750000e-01,3.6419712e+01,-4.2752130e+01,1.1088552e+02
3577,3.5760000e-01,3.6457030e+01,-4.2748869e+01,1.1086929e+02
3578,3.5770000e-01,3.6465138e+01,-4.2746640e+01,1.1086296e+02
3579,3.5780000e-01,3.6443843e+01,-4.2745420e+01,1.1086664e+02
3580,3.5790000e-01,3.6393250e+01,-4.2745190e+01,1.1088027e+02
3581,3.5800000e-01,3.6313759e+01,-4.2745914e+01,1.1090370e+02
3582,3.5810000e-01,3.6206044e+01,-4.2747547e+01,1.1093661e+02
3583,3.5820000e-01,3.6071033e+01,-4.2750032e+01,1.1097862e+02
3584,3.5830000e-01,3.5909870e+01,-4.2753303e+01,1.1102922e+02
3585,3.5840000e-01,3.5723863e+01,-4.2757293e+01,1.1108784e+02
3586,3.5850000e-01,3.5514439e+01,-4.2761924e+01,1.1115386e+02
3587,3.5860000e-01,3.5283098e+01,-4.2767115e+01,1.1122664e+02
3588,3.5870000e-01,3.5031383e+01,-4.2772779e+01,1.1130549e+02
3589,3.5880000e-01,3.4760846e+01,-4.2778829e+01,1.1138975e+02
3590,3.5890000e-01,3.4473004e+01,-4.2785180e+01,1.1147876e+02
3591,3.5900000e-01,3.4169319e+01,-4.2791748e+01,1.1157188e+02
3592,3.5910000e-01,3.3851190e+01,-4.2798453e+01,1.1166849e+02
3593,3.5920000e-01,3.3519931e+01,-4.2805218e+01,1.1176803e+02
3594,3.5930000e-01,3.3176769e+01,-4.2811975e+01,1.1186994e+02
3595,3.5940000e-01,3.2822839e+01,-4.2818655e+01,1.1197373e+02
3596,3.5950000e-01,3.2459190e+01,-4.2825201e+01,1.1207894e+02
3597,3.5960000e-01,3.2086783e+01,-4.2831561e+01,1.1218512e+02
3598,3.5970000e-01,3.1706495e+01,-4.2837690e+01,1.1229188e+02
3599,3.5980000e-01,3.1319126e+01,-4.2843548e+01,1.1239887e+02
3600,3.5990000e-01,3.0925401e+01,-4.2849103e+01,1.1250576e+02
3601,3.6000000e-01,3.0525979e+01,-4.2854325e+01,1.1261224e+02
3602,3.6010000e-01,3.0121455e+01,-4.2859193e+01,1.1271807e+02
3603,3.6020000e-01,2.9712370e+01,-4.2863684e+01,1.1282299e+02
3604,3.6030000e-01,2.9299199e+01,-4.2867779e+01,1.1292682e+02
3605,3.6040000e-01,2.8882342e+01,-4.2871458e+01,1.1302940e+02
3606,3.6050000e-01,2.8462138e+01,-4.2874698e+01,1.1313060e+02
3607,3.6060000e-01,2.8038892e+01,-4.2877481e+01,1.1323028e+02
3608,3.6070000e-01,2.7612888e+01,-4.2879793e+01,1.1332834e+02
3609,3.6080000e-01,2.7184399e+01,-4.2881625e+01,1.1342466e+02
3610,3.6090000e-01,2.6753697e+01,-4.2882978e+01,1.1351912e+02
3611,3.6100000e-01,2.6321037e+01,-4.2883856e+01,1.1361160e+02
3612,3.6110000e-01,2.5886665e+01,-4.2884267e+01,1.1370202e+02
3613,3.6120000e-01,2.5450817e+01,-4.2884225e+01,1.1379024e+02
3614,3.6130000e-01,2.5013722e+01,-4.2883754e+01,1.1387616e+02
3615,3.6140000e-01,2.4575604e+01,-4.2882885e+01,1.1395964e+02
3616,3.6150000e-01,2.4136703e+01,-4.2881665e+01,1.1404049e+02
3617,3.6160000e-01,2.3697326e+01,-4.2880161e+01,1.1411849e+02
3618,3.6170000e-01,2.3257866e+01,-4.2878458e+01,1.1419345e+02
3619,3.6180000e-01,2.2818721e+01,-4.2876650e+01,1.1426530e+02
3620,3.6190000e-01,2.2380232e+01,-4.2874806e+01,1.1433399e+02
3621,3.6200000e-01,2.1942672e+01,-4.2872971e+01,1.1439953e+02
3622,3.6210000e-01,2.1506267e+01,-4.2871163e+01,1.1446195e+02
3623,3.6220000e-01,2.1071220e+01,-4.2869382e+01,1.1452126e+02
3624,3.6230000e-01,2.0637731e+01,-4.2867623e+01,1.1457747e+02
3625,3.6240000e-01,2.0206003e+01,-4.2865882e+01,1.1463061e+02
3626,3.6250000e-01,1.9776251e+01,-4.2864160e+01,1.1468068e+02
3627,3.6260000e-01,1.9348700e+01,-4.2862457e+01,1.1472771e+02
3628,3.6270000e-01,1.8923588e+01,-4.2860784e+01,1.1477174e+02
3629,3.6280000e-01,1.8501162e+01,-4.2859155e+01,1.1481279e+02
3630,3.6290000e-01,1.8081678e+01,-4.2857592e+01,1.1485089e+02
3631,3.6300000e-01,1.7665407e+01,-4.2856111e+01,1.1488610e+02
3632,3.6310000e-01,1.7252632e+01,-4.2854737e+01,1.1491845e+02
3633,3.6320000e-01,1.6843654e+01,-4.2853490e+01,1.1494800e+02
3634,3.6330000e-01,1.6438796e+01,-4.2852398e+01,1.1497478e+02
3635,3.6340000e-01,1.6038402e+01,-4.2851490e+01,1.1499887e+02
3636,3.6350000e-01,1.5642843e+01,-4.2850800e+01,1.1502031e+02
3637,3.6360000e-01,1.5252514e+01,-4.2850361e+01,1.1503917e+02
3638,3.6370000e-01,1.4867841e+01,-4.2850209e+01,1.1505551e+02
3639,3.6380000e-01,1.4489284e+01,-4.2850373e+01,1.1506940e+02
3640,3.6390000e-01,1.4117342e+01,-4.2850871e+01,1.1508094e+02
3641,3.6400000e-01,1.3752553e+01,-4.2851706e+01,1.1509022e+02
3642,3.6410000e-01,1.3395506e+01,-4.2852864e+01,1.1509736e+02
3643,3.6420000e-01,1.3046836e+01,-4.2854323e+01,1.1510249e+02
3644,3.6430000e-01,1.2707226e+01,-4.2856068e+01,1.1510576e+02
3645,3.6440000e-01,1.2377393e+01,-4.2858089e+01,1.1510732e+02
3646,3.6450000e-01,1.2058096e+01,-4.2860383e+01,1.1510733e+02
3647,3.6460000e-01,1.1750128e+01,-4.2862962e+01,1.1510596e+02
3648,3.6470000e-01,1.1454325e+01,-4.2865838e+01,1.1510338e+02
3649,3.6480000e-01,1.1171556e+01,-4.2869032e+01,1.1509976e+02
3650,3.6490000e-01,1.0902720e+01,-4.2872558e+01,1.1509528e+02
3651,3.6500000e-01,1.0648741e+01,-4.2876436e+01,1.1509013e+02
3652,3.6510000e-01,1.0410561e+01,-4.2880681e+01,1.1508451e+02
3653,3.6520000e-01,1.0189138e+01,-4.2885304e+01,1.1507859e+02
3654,3.6530000e-01,9.9854355e+00,-4.2890313e+01,1.1507259e+02
3655,3.6540000e-01,9.8004193e+00,-4.2895720e+01,1.1506667e+02
3656,3.6550000e-01,9.6350283e+00,-4.2901537e+01,1.1506102e+02
3657,3.6560000e-01,9.4901599e+00,-4.2907780e+01,1.1505581e+02
3658,3.6570000e-01,9.3666538e+00,-4.2914455e+01,1.1505120e+02
3659,3.6580000e-01,9.2652780e+00,-4.2921562e+01,1.1504732e+02
3660,3.6590000e-01,9.1867003e+00,-4.2929099e+01,1.1504430e+02
3661,3.6600000e-01,9.1314776e+00,-4.2937059e+01,1.1504222e+02
3662,3.6610000e-01,9.1000443e+00,-4.2945431e+01,1.1504117e+02
3663,3.6620000e-01,9.0926968e+00,-4.2954204e+01,1.1504116e+02
3664,3.6630000e-01,9.1095945e+00,-4.2963360e+01,1.1504220e+02
3665,3.6640000e-01,9.1507458e+00,-4.2972881e+01,1.1504426e+02
3666,3.6650000e-01,9.2160021e+00,-4.2982742e+01,1.1504728e+02
3667,3.6660000e-01,9.3050621e+00,-4.2992914e+01,1.1505117e+02
3668,3.6670000e-01,9.4174778e+00,-4.3003362e+01,1.1505582e+02
3669,3.6680000e-01,9.5526646e+00,-4.3014049e+01,1.1506108e+02
3670,3.6690000e-01,9.7099168e+00,-4.3024934e+01,1.1506679e+02
3671,3.6700000e-01,9.8884153e+00,-4.3035971e+01,1.1507278e+02
3672,3.6710000e-01,1.0087258e+01,-4.3047115e+01,1.1507886e+02
3673,3.6720000e-01,1.0305483e+01,-4.3058317e+01,1.1508484e+02
3674,3.6730000e-01,1.0542088e+01,-4.3069531e+01,1.1509051e+02
3675,3.6740000e-01,1.0796047e+01,-4.3080708e+01,1.1509567e+02
3676,3.6750000e-01,1.1066326e+01,-4.3091801e+01,1.1510011e+02
3677,3.6760000e-01,1.1351893e+01,-4.3102761e+01,1.1510366e+02
3678,3.6770000e-01,1.1651733e+01,-4.3113541e+01,1.1510612e+02
3679,3.6780000e-01,1.1964864e+01,-4.3124096e+01,1.1510731e+02
3680,3.6790000e-01,1.2290335e+01,-4.3134379e+01,1.1510707e+02
3681,3.6800000e-01,1.2627233e+01,-4.3144348e+01,1.1510524e+02
3682,3.6810000e-01,1.2974687e+01,-4.3153961e+01,1.1510168e+02
3683,3.6820000e-01,1.3331866e+01,-4.3163178e+01,1.1509626e+02
3684,3.6830000e-01,1.3697991e+01,-4.3171962e+01,1.1508886e+02
3685,3.6840000e-01,1.4072329e+01,-4.3180279e+01,1.1507936e+02
3686,3.6850000e-01,1.4454203e+01,-4.3188108e+01,1.1506764e+02
3687,3.6860000e-01,1.4842980e+01,-4.3195425e+01,1.1505360e+02
3688,3.6870000e-01,1.5238074e+01,-4.3202202e+01,1.1503717e+02
3689,3.6880000e-01,1.5638938e+01,-4.3208411e+01,1.1501827e+02
3690,3.6890000e-01,1.6045071e+01,-4.3214045e+01,1.1499681e+02
3691,3.6900000e-01,1.6456012e+01,-4.3219091e+01,1.1497272e+02
3692,3.6910000e-01,1.6871328e+01,-4.3223527e+01,1.1494595e+02
3693,3.6920000e-01,1.7290620e+01,-4.3227314e+01,1.1491653e+02
3694,3.6930000e-01,1.7713525e+01,-4.3230442e+01,1.1488436e+02
3695,3.6940000e-01,1.8139707e+01,-4.3232888e+01,1.1484939e+02
3696,3.6950000e-01,1.8568838e+01,-4.3234616e+01,1.1481161e+02
3697,3.6960000e-01,1.9000616e+01,-4.3235589e+01,1.1477107e+02
3698,3.6970000e-01,1.9434768e+01,-4.3235775e+01,1.1472778e+02
3699,3.6980000e-01,1.9871060e+01,-4.3235166e+01,1.1468168e+02
3700,3.6990000e-01,2.0309265e+01,-4.3233765e+01,1.1463274e+02
3701,3.7000000e-01,2.0749136e+01,-4.3231573e+01,1.1458099e+02
3702,3.7010000e-01,2.1190438e+01,-4.3228586e+01,1.1452647e+02
3703,3.7020000e-01,2.1632928e+01,-4.3224799e+01,1.1446923e+02
3704,3.7030000e-01,2.2076352e+01,-4.3220209e+01,1.1440926e+02
3705,3.7040000e-01,2.2520445e+01,-4.3214822e+01,1.1434656e+02
3706,3.7050000e-01,2.2964925e+01,-4.3208639e+01,1.1428114e+02
3707,3.7060000e-01,2.3409501e+01,-4.3201678e+01,1.1421301e+02
3708,3.7070000e-01,2.3853879e+01,-4.3193966e+01,1.1414216e+02
3709,3.7080000e-01,2.4297764e+01,-4.3185547e+01,1.1406859e+02
3710,3.7090000e-01,2.4740871e+01,-4.3176474e+01,1.1399234e+02
3711,3.7100000e-01,2.5182917e+01,-4.3166802e+01,1.1391341e+02
3712,3.7110000e-01,2.5623624e+01,-4.3156584e+01,1.1383189e+02
3713,3.7120000e-01,2.6062721e+01,-4.3145848e+01,1.1374787e+02
3714,3.7130000e-01,2.6499950e+01,-4.3134595e+01,1.1366146e+02
3715,3.7140000e-01,2.6935065e+01,-4.3122806e+01,1.1357280e+02
3716,3.7150000e-01,2.7367810e+01,-4.3110484e+01,1.1348191e+02
3717,3.7160000e-01,2.7797886e+01,-4.3097666e+01,1.1338882e+02
3718,3.7170000e-01,2.8224945e+01,-4.3084411e+01,1.1329354e+02
3719,3.7180000e-01,2.8648579e+01,-4.3070780e+01,1.1319618e+02
3720,3.7190000e-01,2.9068355e+01,-4.3056837e+01,1.1309691e+02
3721,3.7200000e-01,2.9483837e+01,-4.3042632e+01,1.1299589e+02
3722,3.7210000e-01,2.9894582e+01,-4.3028209e+01,1.1289331e+02
3723,3.7220000e-01,3.0300135e+01,-4.3013623e+01,1.1278935e+02
3724,3.7230000e-01,3.0700019e+01,-4.2998921e+01,1.1268421e+02
3725,3.7240000e-01,3.1093721e+01,-4.2984150e+01,1.1257811e+02
3726,3.7250000e-01,3.1480689e+01,-4.2969361e+01,1.1247129e+02
3727,3.7260000e-01,3.1860320e+01,-4.2954606e+01,1.1236403e+02
3728,3.7270000e-01,3.2231951e+01,-4.2939941e+01,1.1225662e+02
3729,3.7280000e-01,3.2594862e+01,-4.2925418e+01,1.1214941e+02
3730,3.7290000e-01,3.2948264e+01,-4.2911090e+01,1.1204276e+02
3731,3.7300000e-01,3.3291300e+01,-4.2897013e+01,1.1193708e+02
3732,3.7310000e-01,3.3623040e+01,-4.2883238e+01,1.1183282e+02
3733,3.7320000e-01,3.3942603e+01,-4.2869570e+01,1.1173070e+02
3734,3.7330000e-01,3.4249065e+01,-4.2856035e+01,1.1163144e+02
3735,3.7340000e-01,3.4541385e+01,-4.2842769e+01,1.1153562e+02
3736,3.7350000e-01,3.4818395e+01,-4.2829925e+01,1.1144382e+02
3737,3.7360000e-01,3.5078807e+01,-4.2817644e+01,1.1135658e+02
3738,3.7370000e-01,3.5321242e+01,-4.2806026e+01,1.1127448e+02
3739,3.7380000e-01,3.5544266e+01,-4.2795162e+01,1.1119810e+02
3740,3.7390000e-01,3.5746414e+01,-4.2785115e+01,1.1112806e+02
3741,3.7400000e-01,3.5926200e+01,-4.2775958e+01,1.1106497e+02
3742,3.7410000e-01,3.6082176e+01,-4.2767741e+01,1.1100946e+02
3743,3.7420000e-01,3.6212961e+01,-4.2760504e+01,1.1096213e+02
3744,3.7430000e-01,3.6317300e+01,-4.2754278e+01,1.1092351e+02
3745,3.7440000e-01,3.6394116e+01,-4.2749074e+01,1.1089409e+02
3746,3.7450000e-01,3.6442546e+01,-4.2744904e+01,1.1087424e+02
3747,3.7460000e-01,3.6461978e+01,-4.2741770e+01,1.1086422e+02
3748,3.7470000e-01,3.6452093e+01,-4.2739662e+01,1.1086419e+02
3749,3.7480000e-01,3.6412870e+01,-4.2738560e+01,1.1087415e+02
3750,3.7490000e-01,3.6344586e+01,-4.2738442e+01,1.1089398e+02
3751,3.7500000e-01,3.6247808e+01,-4.2739271e+01,1.1092343e+02
3752,3.7510000e-01,3.6123361e+01,-4.2740998e+01,1.1096213e+02
3753,3.7520000e-01,3.5972304e+01,-4.2743564e+01,1.1100962e+02
3754,3.7530000e-01,3.5795877e+01,-4.2746903e+01,1.1106535e+02
3755,3.7540000e-01,3.5595459e+01,-4.2750948e+01,1.1112873e+02
3756,3.7550000e-01,3.5372520e+01,-4.2755623e+01,1.1119911e+02
3757,3.7560000e-01,3.5128593e+01,-4.2760840e+01,1.1127582e+02
3758,3.7570000e-01,3.4865234e+01,-4.2766512e+01,1.1135819e+02
3759,3.7580000e-01,3.4583978e+01,-4.2772553e+01,1.1144554e+02
3760,3.7590000e-01,3.4286321e+01,-4.2778873e+01,1.1153724e+02
3761,3.7600000e-01,3.3973694e+01,-4.2785392e+01,1.1163266e+02
3762,3.7610000e-01,3.3647444e+01,-4.2792031e+01,1.1173120e+02
3763,3.7620000e-01,3.3308831e+01,-4.2798718e+01,1.1183232e+02
3764,3.7630000e-01,3.2959026e+01,-4.2805386e+01,1.1193550e+02
3765,3.7640000e-01,3.2599104e+01,-4.2811971e+01,1.1204025e+02
3766,3.7650000e-01,3.2230054e+01,-4.2818420e+01,1.1214614e+02
3767,3.7660000e-01,3.1852784e+01,-4.2824683e+01,1.1225276e+02
3768,3.7670000e-01,3.1468121e+01,-4.2830718e+01,1.1235973e+02
3769,3.7680000e-01,3.1076820e+01,-4.2836488e+01,1.1246671e+02
3770,3.7690000e-01,3.0679564e+01,-4.2841962e+01,1.1257340e+02
3771,3.7700000e-01,3.0276976e+01,-4.2847112e+01,1.1267952e+02
3772,3.7710000e-01,2.9869619e+01,-4.2851913e+01,1.1278482e+02
3773,3.7720000e-01,2.9458003e+01,-4.2856347e+01,1.1288910e+02
3774,3.7730000e-01,2.9042566e+01,-4.2860392e+01,1.1299217e+02
3775,3.7740000e-01,2.8623676e+01,-4.2864025e+01,1.1309390e+02
3776,3.7750000e-01,2.8201647e+01,-4.2867223e+01,1.1319416e+02
3777,3.7760000e-01,2.7776761e+01,-4.2869970e+01,1.1329282e+02
3778,3.7770000e-01,2.7349290e+01,-4.2872255e+01,1.1338977e+02
3779,3.7780000e-01,2.6919498e+01,-4.2874072e+01,1.1348490e+02
3780,3.7790000e-01,2.6487639e+01,-4.2875425e+01,1.1357810e+02
3781,3.7800000e-01,2.6053959e+01,-4.2876320e+01,1.1366925e+02
3782,3.7810000e-01,2.5618698e+01,-4.2876769e+01,1.1375825e+02
3783,3.7820000e-01,2.5182091e+01,-4.2876788e+01,1.1384498e+02
3784,3.7830000e-01,2.4744367e+01,-4.2876404e+01,1.1392932e+02
3785,3.7840000e-01,2.4305762e+01,-4.2875659e+01,1.1401109e+02
3786,3.7850000e-01,2.3866550e+01,-4.2874608e+01,1.1409011e+02
3787,3.7860000e-01,2.3427082e+01,-4.2873326e+01,1.1416615e+02
3788,3.7870000e-01,2.2987758e+01,-4.2871899e+01,1.1423912e+02
3789,3.7880000e-01,2.2548939e+01,-4.2870408e+01,1.1430895e+02
3790,3.7890000e-01,2.2110922e+01,-4.2868907e+01,1.1437563e+02
3791,3.7900000e-01,2.1673954e+01,-4.2867419e+01,1.1443919e+02
3792,3.7910000e-01,2.1238251e+01,-4.2865951e+01,1.1449963e+02
3793,3.7920000e-01,2.0804022e+01,-4.2864508e+01,1.1455697e+02
3794,3.7930000e-01,2.0371474e+01,-4.2863087e+01,1.1461121e+02
3795,3.7940000e-01,1.9940826e+01,-4.2861680e+01,1.1466239e+02
3796,3.7950000e-01,1.9512303e+01,-4.2860288e+01,1.1471052e+02
3797,3.7960000e-01,1.9086139e+01,-4.2858917e+01,1.1475562e+02
3798,3.7970000e-01,1.8662575e+01,-4.2857578e+01,1.1479774e+02
3799,3.7980000e-01,1.8241863e+01,-4.2856290e+01,1.1483690e+02
3800,3.7990000e-01,1.7824266e+01,-4.2855068e+01,1.1487314e+02
3801,3.8000000e-01,1.7410058e+01,-4.2853936e+01,1.1490652e+02
3802,3.8010000e-01,1.6999534e+01,-4.2852915e+01,1.1493706e+02
3803,3.8020000e-01,1.6593006e+01,-4.2852031e+01,1.1496483e+02
3804,3.8030000e-01,1.6190810e+01,-4.2851311e+01,1.1498988e+02
3805,3.8040000e-01,1.5793306e+01,-4.2850787e+01,1.1501226e+02
3806,3.8050000e-01,1.5400878e+01,-4.2850494e+01,1.1503204e+02
3807,3.8060000e-01,1.5013940e+01,-4.2850465e+01,1.1504928e+02
3808,3.8070000e-01,1.4632939e+01,-4.2850730e+01,1.1506404e+02
3809,3.8080000e-01,1.4258360e+01,-4.2851311e+01,1.1507642e+02
3810,3.8090000e-01,1.3890728e+01,-4.2852213e+01,1.1508650e+02
3811,3.8100000e-01,1.3530613e+01,-4.2853428e+01,1.1509440e+02
3812,3.8110000e-01,1.3178636e+01,-4.2854935e+01,1.1510024e+02
3813,3.8120000e-01,1.2835460e+01,-4.2856715e+01,1.1510417e+02
3814,3.8130000e-01,1.2501790e+01,-4.2858758e+01,1.1510634e+02
3815,3.8140000e-01,1.2178368e+01,-4.2861062e+01,1.1510690e+02
3816,3.8150000e-01,1.1865974e+01,-4.2863640e+01,1.1510602e+02
3817,3.8160000e-01,1.1565427e+01,-4.2866502e+01,1.1510387e+02
3818,3.8170000e-01,1.1277583e+01,-4.2869667e+01,1.1510060e+02
3819,3.8180000e-01,1.1003326e+01,-4.2873150e+01,1.1509642e+02
3820,3.8190000e-01,1.0743573e+01,-4.2876966e+01,1.1509149e+02
3821,3.8200000e-01,1.0499257e+01,-4.2881135e+01,1.1508602e+02
3822,3.8210000e-01,1.0271330e+01,-4.2885669e+01,1.1508019e+02
3823,3.8220000e-01,1.0060758e+01,-4.2890577e+01,1.1507419e+02
3824,3.8230000e-01,9.8685052e+00,-4.2895870e+01,1.1506822e+02
3825,3.8240000e-01,9.6955196e+00,-4.2901560e+01,1.1506245e+02
3826,3.8250000e-01,9.5427181e+00,-4.2907665e+01,1.1505706e+02
3827,3.8260000e-01,9.4109663e+00,-4.2914191e+01,1.1505220e+02
3828,3.8270000e-01,9.3010617e+00,-4.2921142e+01,1.1504803e+02
3829,3.8280000e-01,9.2137103e+00,-4.2928518e+01,1.1504468e+02
3830,3.8290000e-01,9.1495146e+00,-4.2936312e+01,1.1504224e+02
3831,3.8300000e-01,9.1089598e+00,-4.2944516e+01,1.1504080e+02
3832,3.8310000e-01,9.0923965e+00,-4.2953120e+01,1.1504040e+02
3833,3.8320000e-01,9.1000331e+00,-4.2962108e+01,1.1504106e+02
3834,3.8330000e-01,9.1319366e+00,-4.2971462e+01,1.1504276e+02
3835,3.8340000e-01,9.1880208e+00,-4.2981160e+01,1.1504543e+02
3836,3.8350000e-01,9.2680450e+00,-4.2991177e+01,1.1504902e+02
3837,3.8360000e-01,9.3716166e+00,-4.3001480e+01,1.1505341e+02
3838,3.8370000e-01,9.4982015e+00,-4.3012032e+01,1.1505847e+02
3839,3.8380000e-01,9.6471377e+00,-4.3022793e+01,1.1506405e+02
3840,3.8390000e-01,9.8176444e+00,-4.3033722e+01,1.1506997e+02
3841,3.8400000e-01,1.0008848e+01,-4.3044770e+01,1.1507606e+02
3842,3.8410000e-01,1.0219809e+01,-4.3055893e+01,1.1508213e+02
3843,3.8420000e-01,1.0449537e+01,-4.3067042e+01,1.1508796e+02
3844,3.8430000e-01,1.0697014e+01,-4.3078172e+01,1.1509335e+02
3845,3.8440000e-01,1.0961206e+01,-4.3089233e+01,1.1509811e+02
3846,3.8450000e-01,1.1241078e+01,-4.3100178e+01,1.1510204e+02
3847,3.8460000e-01,1.1535610e+01,-4.3110959e+01,1.1510495e+02
3848,3.8470000e-01,1.1843806e+01,-4.3121531e+01,1.1510667e+02
3849,3.8480000e-01,1.2164703e+01,-4.3131849e+01,1.1510701e+02
3850,3.8490000e-01,1.2497372e+01,-4.3141867e+01,1.1510582e+02
3851,3.8500000e-01,1.2840924e+01,-4.3151545e+01,1.1510296e+02
3852,3.8510000e-01,1.3194510e+01,-4.3160842e+01,1.1509828e+02
3853,3.8520000e-01,1.3557331e+01,-4.3169718e+01,1.1509166e+02
3854,3.8530000e-01,1.3928636e+01,-4.3178141e+01,1.1508299e+02
3855,3.8540000e-01,1.4307727e+01,-4.3186087e+01,1.1507214e+02
3856,3.8550000e-01,1.4693953e+01,-4.3193534e+01,1.1505900e+02
3857,3.8560000e-01,1.5086714e+01,-4.3200453e+01,1.1504350e+02
3858,3.8570000e-01,1.5485448e+01,-4.3206816e+01,1.1502555e+02
3859,3.8580000e-01,1.5889641e+01,-4.3212614e+01,1.1500507e+02
3860,3.8590000e-01,1.6298817e+01,-4.3217833e+01,1.1498198e+02
3861,3.8600000e-01,1.6712530e+01,-4.3222451e+01,1.1495623e+02
3862,3.8610000e-01,1.7130362e+01,-4.3226441e+01,1.1492780e+02
3863,3.8620000e-01,1.7551940e+01,-4.3229792e+01,1.1489662e+02
3864,3.8630000e-01,1.7976922e+01,-4.3232481e+01,1.1486266e+02
3865,3.8640000e-01,1.8404977e+01,-4.3234469e+01,1.1482590e+02
3866,3.8650000e-01,1.8835780e+01,-4.3235719e+01,1.1478635e+02
3867,3.8660000e-01,1.9269039e+01,-4.3236194e+01,1.1474405e+02
3868,3.8670000e-01,1.9704523e+01,-4.3235887e+01,1.1469894e+02
3869,3.8680000e-01,2.0142013e+01,-4.3234797e+01,1.1465101e+02
3870,3.8690000e-01,2.0581271e+01,-4.3232920e+01,1.1460028e+02
3871,3.8700000e-01,2.1022065e+01,-4.3230252e+01,1.1454680e+02
3872,3.8710000e-01,2.1464158e+01,-4.3226782e+01,1.1449061e+02
3873,3.8720000e-01,2.1907295e+01,-4.3222506e+01,1.1443169e+02
3874,3.8730000e-01,2.2351208e+01,-4.3217423e+01,1.1437006e+02
3875,3.8740000e-01,2.2795614e+01,-4.3211534e+01,1.1430571e+02
3876,3.8750000e-01,2.3240220e+01,-4.3204850e+01,1.1423865e+02
3877,3.8760000e-01,2.3684731e+01,-4.3197393e+01,1.1416887e+02
3878,3.8770000e-01,2.4128852e+01,-4.3189201e+01,1.1409638e+02
3879,3.8780000e-01,2.4572295e+01,-4.3180327e+01,1.1402119e+02
3880,3.8790000e-01,2.5014780e+01,-4.3170832e+01,1.1394333e+02
3881,3.8800000e-01,2.5456025e+01,-4.3160775e+01,1.1386285e+02
3882,3.8810000e-01,2.5895754e+01,-4.3150204e+01,1.1377981e+02
3883,3.8820000e-01,2.6333703e+01,-4.3139149e+01,1.1369427e+02
3884,3.8830000e-01,2.6769632e+01,-4.3127579e+01,1.1360642e+02
3885,3.8840000e-01,2.7203290e+01,-4.3115482e+01,1.1351633e+02
3886,3.8850000e-01,2.7634403e+01,-4.3102875e+01,1.1342404e+02
3887,3.8860000e-01,2.8062648e+01,-4.3089808e+01,1.1332956e+02
3888,3.8870000e-01,2.8487637e+01,-4.3076338e+01,1.1323297e+02
3889,3.8880000e-01,2.8908942e+01,-4.3062528e+01,1.1313441e+02
3890,3.8890000e-01,2.9326122e+01,-4.3048435e+01,1.1303404e+02
3891,3.8900000e-01,2.9738736e+01,-4.3034103e+01,1.1293205e+02
3892,3.8910000e-01,3.0146336e+01,-4.3019583e+01,1.1282861e+02
3893,3.8920000e-01,3.0548454e+01,-4.3004927e+01,1.1272391e+02
3894,3.8930000e-01,3.0944588e+01,-4.2990187e+01,1.1261816e+02
3895,3.8940000e-01,3.1334204e+01,-4.2975409e+01,1.1251160e+02
3896,3.8950000e-01,3.1716714e+01,-4.2960645e+01,1.1240449e+02
3897,3.8960000e-01,3.2091484e+01,-4.2945947e+01,1.1229712e+02
3898,3.8970000e-01,3.2457815e+01,-4.2931372e+01,1.1218980e+02
3899,3.8980000e-01,3.2814946e+01,-4.2916972e+01,1.1208291e+02
3900,3.8990000e-01,3.3162045e+01,-4.2902802e+01,1.1197682e+02
3901,3.9000000e-01,3.3498212e+01,-4.2888912e+01,1.1187198e+02
3902,3.9010000e-01,3.3822597e+01,-4.2875120e+01,1.1176909e+02
3903,3.9020000e-01,3.4134302e+01,-4.2861459e+01,1.1166884e+02
3904,3.9030000e-01,3.4432317e+01,-4.2848069e+01,1.1157183e+02
3905,3.9040000e-01,3.4715501e+01,-4.2835114e+01,1.1147859e+02
3906,3.9050000e-01,3.4982590e+01,-4.2822728e+01,1.1138968e+02
3907,3.9060000e-01,3.5232224e+01,-4.2811011e+01,1.1130564e+02
3908,3.9070000e-01,3.5462975e+01,-4.2800052e+01,1.1122706e+02
3909,3.9080000e-01,3.5673370e+01,-4.2789914e+01,1.1115456e+02
3910,3.9090000e-01,3.5861927e+01,-4.2780663e+01,1.1108876e+02
3911,3.9100000e-01,3.6027184e+01,-4.2772349e+01,1.1103029e+02
3912,3.9110000e-01,3.6167736e+01,-4.2765014e+01,1.1097975e+02
3913,3.9120000e-01,3.6282287e+01,-4.2758685e+01,1.1093771e+02
3914,3.9130000e-01,3.6369694e+01,-4.2753381e+01,1.1090468e+02
3915,3.9140000e-01,3.6429011e+01,-4.2749113e+01,1.1088108e+02
3916,3.9150000e-01,3.6459528e+01,-4.2745880e+01,1.1086722e+02
3917,3.9160000e-01,3.6460818e+01,-4.2743675e+01,1.1086329e+02
3918,3.9170000e-01,3.6432748e+01,-4.2742478e+01,1.1086935e+02
3919,3.9180000e-01,3.6375479e+01,-4.2742268e+01,1.1088534e+02
3920,3.9190000e-01,3.6289463e+01,-4.2743011e+01,1.1091105e+02
3921,3.9200000e-01,3.6175427e+01,-4.2744662e+01,1.1094617e+02
3922,3.9210000e-01,3.6034340e+01,-4.2747160e+01,1.1099026e+02
3923,3.9220000e-01,3.5867374e+01,-4.2750443e+01,1.1104283e+02
3924,3.9230000e-01,3.5675868e+01,-4.2754440e+01,1.1110327e+02
3925,3.9240000e-01,3.5461267e+01,-4.2759074e+01,1.1117097e+02
3926,3.9250000e-01,3.5225084e+01,-4.2764264e+01,1.1124527e+02
3927,3.9260000e-01,3.4968864e+01,-4.2769923e+01,1.1132550e+02
3928,3.9270000e-01,3.4694149e+01,-4.2775963e+01,1.1141097e+02
3929,3.9280000e-01,3.4402448e+01,-4.2782301e+01,1.1150105e+02
3930,3.9290000e-01,3.4095223e+01,-4.2788850e+01,1.1159508e+02
3931,3.9300000e-01,3.3773859e+01,-4.2795533e+01,1.1169247e+02
3932,3.9310000e-01,3.3439658e+01,-4.2802273e+01,1.1179264e+02
3933,3.9320000e-01,3.3093832e+01,-4.2809001e+01,1.1189507e+02
3934,3.9330000e-01,3.2737501e+01,-4.2815652e+01,1.1199925e+02
3935,3.9340000e-01,3.2371691e+01,-4.2822169e+01,1.1210473e+02
3936,3.9350000e-01,3.1997339e+01,-4.2828500e+01,1.1221109e+02
3937,3.9360000e-01,3.1615300e+01,-4.2834602e+01,1.1231794e+02
3938,3.9370000e-01,3.1226351e+01,-4.2840436e+01,1.1242494e+02
3939,3.9380000e-01,3.0831201e+01,-4.2845970e+01,1.1253176e+02
3940,3.9390000e-01,3.0430489e+01,-4.2851175e+01,1.1263811e+02
3941,3.9400000e-01,3.0024802e+01,-4.2856028e+01,1.1274375e+02
3942,3.9410000e-01,2.9614676e+01,-4.2860509e+01,1.1284843e+02
3943,3.9420000e-01,2.9200579e+01,-4.2864595e+01,1.1295198e+02
3944,3.9430000e-01,2.8782904e+01,-4.2868269e+01,1.1305424e+02
3945,3.9440000e-01,2.8361987e+01,-4.2871506e+01,1.1315507e+02
3946,3.9450000e-01,2.7938124e+01,-4.2874287e+01,1.1325437e+02
3947,3.9460000e-01,2.7511587e+01,-4.2876600e+01,1.1335200e+02
3948,3.9470000e-01,2.7082640e+01,-4.2878438e+01,1.1344786e+02
3949,3.9480000e-01,2.6651536e+01,-4.2879801e+01,1.1354184e+02
3950,3.9490000e-01,2.6218521e+01,-4.2880695e+01,1.1363382e+02
3951,3.9500000e-01,2.5783836e+01,-4.2881130e+01,1.1372369e+02
3952,3.9510000e-01,2.5347715e+01,-4.2881121e+01,1.1381135e+02
3953,3.9520000e-01,2.4910386e+01,-4.2880693e+01,1.1389668e+02
3954,3.9530000e-01,2.4472074e+01,-4.2879880e+01,1.1397952e+02
3955,3.9540000e-01,2.4033034e+01,-4.2878734e+01,1.1405967e+02
3956,3.9550000e-01,2.3593593e+01,-4.2877325e+01,1.1413693e+02
3957,3.9560000e-01,2.3154143e+01,-4.2875740e+01,1.1421113e+02
3958,3.9570000e-01,2.2715072e+01,-4.2874063e+01,1.1428223e+02
3959,3.9580000e-01,2.2276706e+01,-4.2872353e+01,1.1435019e+02
3960,3.9590000e-01,2.1839308e+01,-4.2870643e+01,1.1441503e+02
3961,3.9600000e-01,2.1403100e+01,-4.2868953e+01,1.1447674e+02
3962,3.9610000e-01,2.0968295e+01,-4.2867289e+01,1.1453533e+02
3963,3.9620000e-01,2.0535105e+01,-4.2865646e+01,1.1459082e+02
3964,3.9630000e-01,2.0103743e+01,-4.2864022e+01,1.1464322e+02
3965,3.9640000e-01,1.9674429e+01,-4.2862416e+01,1.1469256e+02
3966,3.9650000e-01,1.9247387e+01,-4.2860832e+01,1.1473886e+02
3967,3.9660000e-01,1.8822853e+01,-4.2859280e+01,1.1478216e+02
3968,3.9670000e-01,1.8401072e+01,-4.2857776e+01,1.1482249e+02
3969,3.9680000e-01,1.7982299e+01,-4.2856339e+01,1.1485988e+02
3970,3.9690000e-01,1.7566808e+01,-4.2854990e+01,1.1489438e+02
3971,3.9700000e-01,1.7154884e+01,-4.2853751e+01,1.1492603e+02
3972,3.9710000e-01,1.6746835e+01,-4.2852645e+01,1.1495488e+02
3973,3.9720000e-01,1.6342986e+01,-4.2851698e+01,1.1498099e+02
3974,3.9730000e-01,1.5943687e+01,-4.2850941e+01,1.1500440e+02
3975,3.9740000e-01,1.5549312e+01,-4.2850409e+01,1.1502519e+02
3976,3.9750000e-01,1.5160263e+01,-4.2850134e+01,1.1504341e+02
3977,3.9760000e-01,1.4776974e+01,-4.2850151e+01,1.1505914e+02
3978,3.9770000e-01,1.4399913e+01,-4.2850484e+01,1.1507244e+02
3979,3.9780000e-01,1.4029591e+01,-4.2851148e+01,1.1508341e+02
3980,3.9790000e-01,1.3666559e+01,-4.2852139e+01,1.1509215e+02
3981,3.9800000e-01,1.3311420e+01,-4.2853442e+01,1.1509878e+02
3982,3.9810000e-01,1.2964823e+01,-4.2855038e+01,1.1510343e+02
3983,3.9820000e-01,1.2627456e+01,-4.2856910e+01,1.1510625e+02
3984,3.9830000e-01,1.2300049e+01,-4.2859051e+01,1.1510741e+02
3985,3.9840000e-01,1.1983366e+01,-4.2861466e+01,1.1510706e+02
3986,3.9850000e-01,1.1678211e+01,-4.2864161e+01,1.1510538e+02
3987,3.9860000e-01,1.1385427e+01,-4.2867157e+01,1.1510252e+02
3988,3.9870000e-01,1.1105890e+01,-4.2870472e+01,1.1509867e+02
3989,3.9880000e-01,1.0840505e+01,-4.2874119e+01,1.1509401e+02
3990,3.9890000e-01,1.0590198e+01,-4.2878116e+01,1.1508872e+02
3991,3.9900000e-01,1.0355917e+01,-4.2882479e+01,1.1508300e+02
3992,3.9910000e-01,1.0138625e+01,-4.2887220e+01,1.1507705e+02
3993,3.9920000e-01,9.9392882e+00,-4.2892347e+01,1.1507105e+02
3994,3.9930000e-01,9.7588662e+00,-4.2897870e+01,1.1506518e+02
3995,3.9940000e-01,9.5982913e+00,-4.2903804e+01,1.1505962e+02
3996,3.9950000e-01,9.4584492e+00,-4.2910162e+01,1.1505454e+02
3997,3.9960000e-01,9.3401639e+00,-4.2916950e+01,1.1505008e+02
3998,3.9970000e-01,9.2441750e+00,-4.2924167e+01,1.1504640e+02
3999,3.9980000e-01,9.1711258e+00,-4.2931809e+01,1.1504360e+02
4000,3.9990000e-01,9.1215481e+00,-4.2939868e+01,1.1504177e+02
4001,4.0000000e-01,9.0958472e+00,-4.2948335e+01,1.1504097e+02
4002,4.0010000e-01,9.0942866e+00,-4.2957197e+01,1.1504122e+02
4003,4.0020000e-01,9.1169903e+00,-4.2966435e+01,1.1504252e+02
4004,4.0030000e-01,9.1639298e+00,-4.2976031e+01,1.1504482e+02
4005,4.0040000e-01,9.2349219e+00,-4.2985958e+01,1.1504806e+02
4006,4.0050000e-01,9.3296293e+00,-4.2996186e+01,1.1505215e+02
4007,4.0060000e-01,9.4475691e+00,-4.3006681e+01,1.1505696e+02
4008,4.0070000e-01,9.5881251e+00,-4.3017403e+01,1.1506235e+02
4009,4.0080000e-01,9.7505559e+00,-4.3028309e+01,1.1506816e+02
4010,4.0090000e-01,9.9340203e+00,-4.3039355e+01,1.1507420e+02
4011,4.0100000e-01,1.0137602e+01,-4.3050493e+01,1.1508028e+02
4012,4.0110000e-01,1.0360332e+01,-4.3061678e+01,1.1508621e+02
4013,4.0120000e-01,1.0601199e+01,-4.3072862e+01,1.1509178e+02
4014,4.0130000e-01,1.0859176e+01,-4.3083997e+01,1.1509680e+02
4015,4.0140000e-01,1.1133227e+01,-4.3095036e+01,1.1510105e+02
4016,4.0150000e-01,1.1422324e+01,-4.3105930e+01,1.1510436e+02
4017,4.0160000e-01,1.1725463e+01,-4.3116632e+01,1.1510653e+02
4018,4.0170000e-01,1.2041668e+01,-4.3127098e+01,1.1510740e+02
4019,4.0180000e-01,1.2369993e+01,-4.3137281e+01,1.1510680e+02
4020,4.0190000e-01,1.2709535e+01,-4.3147139e+01,1.1510457e+02
4021,4.0200000e-01,1.3059425e+01,-4.3156630e+01,1.1510059e+02
4022,4.0210000e-01,1.3418845e+01,-4.3165714e+01,1.1509471e+02
4023,4.0220000e-01,1.3787027e+01,-4.3174356e+01,1.1508682e+02
4024,4.0230000e-01,1.4163254e+01,-4.3182523e+01,1.1507681e+02
4025,4.0240000e-01,1.4546859e+01,-4.3190196e+01,1.1506455e+02
4026,4.0250000e-01,1.4937223e+01,-4.3197350e+01,1.1504995e+02
4027,4.0260000e-01,1.5333768e+01,-4.3203958e+01,1.1503294e+02
4028,4.0270000e-01,1.5735960e+01,-4.3209985e+01,1.1501347e+02
4029,4.0280000e-01,1.6143309e+01,-4.3215428e+01,1.1499142e+02
4030,4.0290000e-01,1.6555363e+01,-4.3220276e+01,1.1496672e+02
4031,4.0300000e-01,1.6971692e+01,-4.3224512e+01,1.1493934e+02
4032,4.0310000e-01,1.7391902e+01,-4.3228095e+01,1.1490928e+02
4033,4.0320000e-01,1.7815635e+01,-4.3231014e+01,1.1487646e+02
4034,4.0330000e-01,1.8242559e+01,-4.3233243e+01,1.1484084e+02
4035,4.0340000e-01,1.8672351e+01,-4.3234750e+01,1.1480240e+02
4036,4.0350000e-01,1.9104717e+01,-4.3235499e+01,1.1476119e+02
4037,4.0360000e-01,1.9539384e+01,-4.3235459e+01,1.1471722e+02
4038,4.0370000e-01,1.9976125e+01,-4.3234628e+01,1.1467045e+02
4039,4.0380000e-01,2.0414714e+01,-4.3233007e+01,1.1462084e+02
4040,4.0390000e-01,2.0854908e+01,-4.3230600e+01,1.1456840e+02
4041,4.0400000e-01,2.1296473e+01,-4.3227404e+01,1.1451321e+02
4042,4.0410000e-01,2.1739167e+01,-4.3223414e+01,1.1445529e+02
4043,4.0420000e-01,2.2182735e+01,-4.3218630e+01,1.1439464e+02
4044,4.0430000e-01,2.2626897e+01,-4.3213050e+01,1.1433129e+02
4045,4.0440000e-01,2.3071365e+01,-4.3206677e+01,1.1426523e+02
4046,4.0450000e-01,2.3515858e+01,-4.3199533e+01,1.1419646e+02
4047,4.0460000e-01,2.3960084e+01,-4.3191650e+01,1.1412498e+02
4048,4.0470000e-01,2.4403752e+01,-4.3183074e+01,1.1405079e+02
4049,4.0480000e-01,2.4846579e+01,-4.3173860e+01,1.1397392e+02
4050,4.0490000e-01,2.5288282e+01,-4.3164066e+01,1.1389439e+02
4051,4.0500000e-01,2.5728589e+01,-4.3153738e+01,1.1381227e+02
4052,4.0510000e-01,2.6167229e+01,-4.3142904e+01,1.1372764e+02
4053,4.0520000e-01,2.6603944e+01,-4.3131564e+01,1.1364064e+02
4054,4.0530000e-01,2.7038491e+01,-4.3119699e+01,1.1355139e+02
4055,4.0540000e-01,2.7470602e+01,-4.3107311e+01,1.1345992e+02
4056,4.0550000e-01,2.7899964e+01,-4.3094439e+01,1.1336625e+02
4057,4.0560000e-01,2.8326212e+01,-4.3081143e+01,1.1327044e+02
4058,4.0570000e-01,2.8748942e+01,-4.3067485e+01,1.1317260e+02
4059,4.0580000e-01,2.9167725e+01,-4.3053525e+01,1.1307288e+02
4060,4.0590000e-01,2.9582128e+01,-4.3039311e+01,1.1297147e+02
4061,4.0600000e-01,2.9991706e+01,-4.3024892e+01,1.1286852e+02
4062,4.0610000e-01,3.0395996e+01,-4.3010320e+01,1.1276424e+02
4063,4.0620000e-01,3.0794507e+01,-4.2995647e+01,1.1265882e+02
4064,4.0630000e-01,3.1186714e+01,-4.2980918e+01,1.1255249e+02
4065,4.0640000e-01,3.1572051e+01,-4.2966185e+01,1.1244551e+02
4066,4.0650000e-01,3.1949896e+01,-4.2951499e+01,1.1233814e+02
4067,4.0660000e-01,3.2319573e+01,-4.2936915e+01,1.1223072e+02
4068,4.0670000e-01,3.2680341e+01,-4.2922486e+01,1.1212357e+02
4069,4.0680000e-01,3.3031394e+01,-4.2908265e+01,1.1201708e+02
4070,4.0690000e-01,3.3371858e+01,-4.2894306e+01,1.1191168e+02
4071,4.0700000e-01,3.3700916e+01,-4.2880433e+01,1.1180804e+02
4072,4.0710000e-01,3.4017704e+01,-4.2866688e+01,1.1170685e+02
4073,4.0720000e-01,3.4321245e+01,-4.2853214e+01,1.1160869e+02
4074,4.0730000e-01,3.4610427e+01,-4.2840178e+01,1.1151407e+02
4075,4.0740000e-01,3.4884008e+01,-4.2827717e+01,1.1142354e+02
4076,4.0750000e-01,3.5140645e+01,-4.2815932e+01,1.1133763e+02
4077,4.0760000e-01,3.5378922e+01,-4.2804909e+01,1.1125694e+02
4078,4.0770000e-01,3.5597371e+01,-4.2794710e+01,1.1118205e+02
4079,4.0780000e-01,3.5794504e+01,-4.2785397e+01,1.1111361e+02
4080,4.0790000e-01,3.5968851e+01,-4.2777018e+01,1.1105225e+02
4081,4.0800000e-01,3.6118988e+01,-4.2769617e+01,1.1099858e+02
4082,4.0810000e-01,3.6243577e+01,-4.2763225e+01,1.1095318e+02
4083,4.0820000e-01,3.6341410e+01,-4.2757854e+01,1.1091661e+02
4084,4.0830000e-01,3.6411462e+01,-4.2753511e+01,1.1088930e+02
4085,4.0840000e-01,3.6452939e+01,-4.2750200e+01,1.1087163e+02
4086,4.0850000e-01,3.6465311e+01,-4.2747917e+01,1.1086383e+02
4087,4.0860000e-01,3.6448335e+01,-4.2746640e+01,1.1086601e+02
4088,4.0870000e-01,3.6402066e+01,-4.2746352e+01,1.1087815e+02
4089,4.0880000e-01,3.6326846e+01,-4.2747019e+01,1.1090010e+02
4090,4.0890000e-01,3.6223295e+01,-4.2748598e+01,1.1093159e+02
4091,4.0900000e-01,3.6092294e+01,-4.2751033e+01,1.1097224e+02
4092,4.0910000e-01,3.5934943e+01,-4.2754262e+01,1.1102156e+02
4093,4.0920000e-01,3.5752519e+01,-4.2758217e+01,1.1107899e+02
4094,4.0930000e-01,3.5546427e+01,-4.2762820e+01,1.1114393e+02
4095,4.0940000e-01,3.5318157e+01,-4.2767994e+01,1.1121573e+02
4096,4.0950000e-01,3.5069248e+01,-4.2773649e+01,1.1129371e+02
4097,4.0960000e-01,3.4801254e+01,-4.2779700e+01,1.1137721e+02
4098,4.0970000e-01,3.4515702e+01,-4.2786059e+01,1.1146556e+02
4099,4.0980000e-01,3.4214075e+01,-4.2792643e+01,1.1155811e+02
4100,4.0990000e-01,3.3897795e+01,-4.2799369e+01,1.1165425e+02
4101,4.1000000e-01,3.3568197e+01,-4.2806161e+01,1.1175339e+02
4102,4.1010000e-01,3.3226530e+01,-4.2812947e+01,1.1185498e+02
4103,4.1020000e-01,3.2873951e+01,-4.2819660e+01,1.1195851e+02
4104,4.1030000e-01,3.2511520e+01,-4.2826239e+01,1.1206352e+02
4105,4.1040000e-01,3.2140210e+01,-4.2832633e+01,1.1216957e+02
4106,4.1050000e-01,3.1760910e+01,-4.2838795e+01,1.1227625e+02
4107,4.1060000e-01,3.1374427e+01,-4.2844686e+01,1.1238321e+02
4108,4.1070000e-01,3.0981490e+01,-4.2850273e+01,1.1249012e+02
4109,4.1080000e-01,3.0582766e+01,-4.2855527e+01,1.1259667e+02
4110,4.1090000e-01,3.0178857e+01,-4.2860422e+01,1.1270259e+02
4111,4.1100000e-01,2.9770313e+01,-4.2864939e+01,1.1280765e+02
4112,4.1110000e-01,2.9357629e+01,-4.2869059e+01,1.1291164e+02
4113,4.1120000e-01,2.8941231e+01,-4.2872761e+01,1.1301440e+02
4114,4.1130000e-01,2.8521475e+01,-4.2876025e+01,1.1311579e+02
4115,4.1140000e-01,2.8098670e+01,-4.2878832e+01,1.1321568e+02
4116,4.1150000e-01,2.7673100e+01,-4.2881166e+01,1.1331397e+02
4117,4.1160000e-01,2.7245032e+01,-4.2883018e+01,1.1341053e+02
4118,4.1170000e-01,2.6814721e+01,-4.2884387e+01,1.1350525e+02
4119,4.1180000e-01,2.6382416e+01,-4.2885276e+01,1.1359803e+02
4120,4.1190000e-01,2.5948354e+01,-4.2885693e+01,1.1368876e+02
4121,4.1200000e-01,2.5512769e+01,-4.2885652e+01,1.1377732e+02
4122,4.1210000e-01,2.5075888e+01,-4.2885175e+01,1.1386359e+02
4123,4.1220000e-01,2.4637934e+01,-4.2884293e+01,1.1394746e+02
4124,4.1230000e-01,2.4199148e+01,-4.2883052e+01,1.1402872e+02
4125,4.1240000e-01,2.3759825e+01,-4.2881517e+01,1.1410716e+02
4126,4.1250000e-01,2.3320343e+01,-4.2879770e+01,1.1418259e+02
4127,4.1260000e-01,2.2881096e+01,-4.2877904e+01,1.1425494e+02
4128,4.1270000e-01,2.2442433e+01,-4.2875984e+01,1.1432416e+02
4129,4.1280000e-01,2.2004636e+01,-4.2874058e+01,1.1439026e+02
4130,4.1290000e-01,2.1567943e+01,-4.2872143e+01,1.1445323e+02
4131,4.1300000e-01,2.1132574e+01,-4.2870251e+01,1.1451307e+02
4132,4.1310000e-01,2.0698745e+01,-4.2868384e+01,1.1456980e+02
4133,4.1320000e-01,2.0266672e+01,-4.2866540e+01,1.1462344e+02
4134,4.1330000e-01,1.9836573e+01,-4.2864720e+01,1.1467400e+02
4135,4.1340000e-01,1.9408670e+01,-4.2862923e+01,1.1472151e+02
4136,4.1350000e-01,1.8983192e+01,-4.2861159e+01,1.1476600e+02
4137,4.1360000e-01,1.8560376e+01,-4.2859442e+01,1.1480750e+02
4138,4.1370000e-01,1.8140471e+01,-4.2857791e+01,1.1484604e+02
4139,4.1380000e-01,1.7723742e+01,-4.2856225e+01,1.1488168e+02
4140,4.1390000e-01,1.7310470e+01,-4.2854765e+01,1.1491445e+02
4141,4.1400000e-01,1.6900952e+01,-4.2853435e+01,1.1494440e+02
4142,4.1410000e-01,1.6495506e+01,-4.2852258e+01,1.1497159e+02
4143,4.1420000e-01,1.6094473e+01,-4.2851265e+01,1.1499606e+02
4144,4.1430000e-01,1.5698219e+01,-4.2850487e+01,1.1501788e+02
4145,4.1440000e-01,1.5307136e+01,-4.2849960e+01,1.1503711e+02
4146,4.1450000e-01,1.4921643e+01,-4.2849718e+01,1.1505381e+02
4147,4.1460000e-01,1.4542197e+01,-4.2849791e+01,1.1506806e+02
4148,4.1470000e-01,1.4169288e+01,-4.2850202e+01,1.1507994e+02
4149,4.1480000e-01,1.3803452e+01,-4.2850955e+01,1.1508954e+02
4150,4.1490000e-01,1.3445269e+01,-4.2852040e+01,1.1509698e+02
4151,4.1500000e-01,1.3095372e+01,-4.2853434e+01,1.1510238e+02
4152,4.1510000e-01,1.2754433e+01,-4.2855116e+01,1.1510590e+02
4153,4.1520000e-01,1.2423167e+01,-4.2857075e+01,1.1510769e+02
4154,4.1530000e-01,1.2102329e+01,-4.2859308e+01,1.1510791e+02
4155,4.1540000e-01,1.1792709e+01,-4.2861830e+01,1.1510673e+02
4156,4.1550000e-01,1.1495138e+01,-4.2864650e+01,1.1510430e+02
4157,4.1560000e-01,1.1210477e+01,-4.2867789e+01,1.1510081e+02
4158,4.1570000e-01,1.0939621e+01,-4.2871260e+01,1.1509644e+02
4159,4.1580000e-01,1.0683492e+01,-4.2875079e+01,1.1509137e+02
4160,4.1590000e-01,1.0443030e+01,-4.2879265e+01,1.1508580e+02
4161,4.1600000e-01,1.0219192e+01,-4.2883832e+01,1.1507991e+02
4162,4.1610000e-01,1.0012943e+01,-4.2888785e+01,1.1507390e+02
4163,4.1620000e-01,9.8252409e+00,-4.2894136e+01,1.1506796e+02
4164,4.1630000e-01,9.6570289e+00,-4.2899897e+01,1.1506226e+02
4165,4.1640000e-01,9.5092140e+00,-4.2906083e+01,1.1505698e+02
4166,4.1650000e-01,9.3826474e+00,-4.2912702e+01,1.1505227e+02
4167,4.1660000e-01,9.2781103e+00,-4.2919755e+01,1.1504827e+02
4168,4.1670000e-01,9.1962855e+00,-4.2927240e+01,1.1504512e+02
4169,4.1680000e-01,9.1377469e+00,-4.2935151e+01,1.1504290e+02
4170,4.1690000e-01,9.1029475e+00,-4.2943477e+01,1.1504170e+02
4171,4.1700000e-01,9.0922039e+00,-4.2952207e+01,1.1504154e+02
4172,4.1710000e-01,9.1056965e+00,-4.2961324e+01,1.1504242e+02
4173,4.1720000e-01,9.1434554e+00,-4.2970810e+01,1.1504434e+02
4174,4.1730000e-01,9.2053533e+00,-4.2980642e+01,1.1504722e+02
4175,4.1740000e-01,9.2911097e+00,-4.2990789e+01,1.1505099e+02
4176,4.1750000e-01,9.4002960e+00,-4.3001218e+01,1.1505553e+02
4177,4.1760000e-01,9.5323453e+00,-4.3011891e+01,1.1506070e+02
4178,4.1770000e-01,9.6865672e+00,-4.3022768e+01,1.1506635e+02
4179,4.1780000e-01,9.8621557e+00,-4.3033804e+01,1.1507231e+02
4180,4.1790000e-01,1.0058218e+01,-4.3044953e+01,1.1507839e+02
4181,4.1800000e-01,1.0273802e+01,-4.3056168e+01,1.1508439e+02
4182,4.1810000e-01,1.0507909e+01,-4.3067400e+01,1.1509010e+02
4183,4.1820000e-01,1.0759515e+01,-4.3078603e+01,1.1509534e+02
4184,4.1830000e-01,1.1027586e+01,-4.3089727e+01,1.1509989e+02
4185,4.1840000e-01,1.1311091e+01,-4.3100726e+01,1.1510357e+02
4186,4.1850000e-01,1.1609011e+01,-4.3111552e+01,1.1510618e+02
4187,4.1860000e-01,1.1920357e+01,-4.3122157e+01,1.1510755e+02
4188,4.1870000e-01,1.2244176e+01,-4.3132497e+01,1.1510752e+02
4189,4.1880000e-01,1.2579548e+01,-4.3142529e+01,1.1510591e+02
4190,4.1890000e-01,1.2925595e+01,-4.3152210e+01,1.1510260e+02
4191,4.1900000e-01,1.3281480e+01,-4.3161500e+01,1.1509744e+02
4192,4.1910000e-01,1.3646415e+01,-4.3170362e+01,1.1509031e+02
4193,4.1920000e-01,1.4019663e+01,-4.3178760e+01,1.1508111e+02
4194,4.1930000e-01,1.4400538e+01,-4.3186675e+01,1.1506969e+02
4195,4.1940000e-01,1.4788403e+01,-4.3194082e+01,1.1505597e+02
4196,4.1950000e-01,1.5182665e+01,-4.3200953e+01,1.1503986e+02
4197,4.1960000e-01,1.5582770e+01,-4.3207259e+01,1.1502130e+02
4198,4.1970000e-01,1.5988213e+01,-4.3212993e+01,1.1500018e+02
4199,4.1980000e-01,1.6398528e+01,-4.3218142e+01,1.1497644e+02
4200,4.1990000e-01,1.6813279e+01,-4.3222685e+01,1.1495003e+02
4201,4.2000000e-01,1.7232060e+01,-4.3226580e+01,1.1492096e+02
4202,4.2010000e-01,1.7654507e+01,-4.3229821e+01,1.1488915e+02
4203,4.2020000e-01,1.8080278e+01,-4.3232385e+01,1.1485455e+02
4204,4.2030000e-01,1.8509044e+01,-4.3234235e+01,1.1481714e+02
4205,4.2040000e-01,1.8940501e+01,-4.3235333e+01,1.1477697e+02
4206,4.2050000e-01,1.9374371e+01,-4.3235645e+01,1.1473405e+02
4207,4.2060000e-01,1.9810421e+01,-4.3235167e+01,1.1468833e+02
4208,4.2070000e-01,2.0248420e+01,-4.3233897e+01,1.1463976e+02
4209,4.2080000e-01,2.0688121e+01,-4.3231835e+01,1.1458837e+02
4210,4.2090000e-01,2.1129288e+01,-4.3228976e+01,1.1453421e+02
4211,4.2100000e-01,2.1571677e+01,-4.3225313e+01,1.1447733e+02
4212,4.2110000e-01,2.2015032e+01,-4.3220843e+01,1.1441772e+02
4213,4.2120000e-01,2.2459087e+01,-4.3215568e+01,1.1435538e+02
4214,4.2130000e-01,2.2903561e+01,-4.3209493e+01,1.1429034e+02
4215,4.2140000e-01,2.3348162e+01,-4.3202632e+01,1.1422258e+02
4216,4.2150000e-01,2.3792597e+01,-4.3195013e+01,1.1415210e+02
4217,4.2160000e-01,2.4236571e+01,-4.3186675e+01,1.1407891e+02
4218,4.2170000e-01,2.4679799e+01,-4.3177673e+01,1.1400303e+02
4219,4.2180000e-01,2.5121997e+01,-4.3168068e+01,1.1392448e+02
4220,4.2190000e-01,2.5562888e+01,-4.3157912e+01,1.1384332e+02
4221,4.2200000e-01,2.6002200e+01,-4.3147235e+01,1.1375966e+02
4222,4.2210000e-01,2.6439677e+01,-4.3136037e+01,1.1367361e+02
4223,4.2220000e-01,2.6875073e+01,-4.3124299e+01,1.1358529e+02
4224,4.2230000e-01,2.7308135e+01,-4.3112026e+01,1.1349475e+02
4225,4.2240000e-01,2.7738569e+01,-4.3099250e+01,1.1340199e+02
4226,4.2250000e-01,2.8166028e+01,-4.3086031e+01,1.1330703e+02
4227,4.2260000e-01,2.8590115e+01,-4.3072430e+01,1.1320999e+02
4228,4.2270000e-01,2.9010406e+01,-4.3058511e+01,1.1311101e+02
4229,4.2280000e-01,2.9426465e+01,-4.3044324e+01,1.1301026e+02
4230,4.2290000e-01,2.9837858e+01,-4.3029915e+01,1.1290792e+02
4231,4.2300000e-01,3.0244134e+01,-4.3015335e+01,1.1280416e+02
4232,4.2310000e-01,3.0644818e+01,-4.3000636e+01,1.1269918e+02
4233,4.2320000e-01,3.1039403e+01,-4.2985864e+01,1.1259320e+02
4234,4.2330000e-01,3.1427340e+01,-4.2971071e+01,1.1248646e+02
4235,4.2340000e-01,3.1808030e+01,-4.2956306e+01,1.1237923e+02
4236,4.2350000e-01,3.2180821e+01,-4.2941627e+01,1.1227180e+02
4237,4.2360000e-01,3.2544999e+01,-4.2927086e+01,1.1216452e+02
4238,4.2370000e-01,3.2899784e+01,-4.2912735e+01,1.1205775e+02
4239,4.2380000e-01,3.3244327e+01,-4.2898628e+01,1.1195188e+02
4240,4.2390000e-01,3.3577707e+01,-4.2884818e+01,1.1184737e+02
4241,4.2400000e-01,3.3899057e+01,-4.2871112e+01,1.1174494e+02
4242,4.2410000e-01,3.4207464e+01,-4.2857538e+01,1.1164528e+02
4243,4.2420000e-01,3.4501896e+01,-4.2844234e+01,1.1154899e+02
4244,4.2430000e-01,3.4781191e+01,-4.2831355e+01,1.1145663e+02
4245,4.2440000e-01,3.5044061e+01,-4.2819044e+01,1.1136875e+02
4246,4.2450000e-01,3.5289119e+01,-4.2807400e+01,1.1128593e+02
4247,4.2460000e-01,3.5514926e+01,-4.2796511e+01,1.1120874e+02
4248,4.2470000e-01,3.5719998e+01,-4.2786440e+01,1.1113780e+02
4249,4.2480000e-01,3.5902850e+01,-4.2777258e+01,1.1107375e+02
4250,4.2490000e-01,3.6062040e+01,-4.2769009e+01,1.1101720e+02
4251,4.2500000e-01,3.6196196e+01,-4.2761737e+01,1.1096875e+02
4252,4.2510000e-01,3.6304056e+01,-4.2755468e+01,1.1092894e+02
4253,4.2520000e-01,3.6384529e+01,-4.2750214e+01,1.1089826e+02
4254,4.2530000e-01,3.6436739e+01,-4.2745985e+01,1.1087711e+02
4255,4.2540000e-01,3.6460061e+01,-4.2742783e+01,1.1086575e+02
4256,4.2550000e-01,3.6454153e+01,-4.2740601e+01,1.1086435e+02
4257,4.2560000e-01,3.6418962e+01,-4.2739419e+01,1.1087292e+02
4258,4.2570000e-01,3.6354722e+01,-4.2739216e+01,1.1089137e+02
4259,4.2580000e-01,3.6261946e+01,-4.2739962e+01,1.1091946e+02
4260,4.2590000e-01,3.6141412e+01,-4.2741608e+01,1.1095685e+02
4261,4.2600000e-01,3.5994123e+01,-4.2744098e+01,1.1100310e+02
4262,4.2610000e-01,3.5821279e+01,-4.2747367e+01,1.1105767e+02
4263,4.2620000e-01,3.5624224e+01,-4.2751344e+01,1.1111997e+02
4264,4.2630000e-01,3.5404410e+01,-4.2755955e+01,1.1118939e+02
4265,4.2640000e-01,3.5163353e+01,-4.2761115e+01,1.1126524e+02
4266,4.2650000e-01,3.4902601e+01,-4.2766738e+01,1.1134685e+02
4267,4.2660000e-01,3.4623695e+01,-4.2772740e+01,1.1143356e+02
4268,4.2670000e-01,3.4328138e+01,-4.2779035e+01,1.1152470e+02
4269,4.2680000e-01,3.4017373e+01,-4.2785541e+01,1.1161965e+02
4270,4.2690000e-01,3.3692768e+01,-4.2792178e+01,1.1171782e+02
4271,4.2700000e-01,3.3355606e+01,-4.2798872e+01,1.1181863e+02
4272,4.2710000e-01,3.3007081e+01,-4.2805554e+01,1.1192157e+02
4273,4.2720000e-01,3.2648292e+01,-4.2812160e+01,1.1202615e+02
4274,4.2730000e-01,3.2280252e+01,-4.2818632e+01,1.1213191e+02
4275,4.2740000e-01,3.1903886e+01,-4.2824922e+01,1.1223845e+02
4276,4.2750000e-01,3.1520037e+01,-4.2830985e+01,1.1234539e+02
4277,4.2760000e-01,3.1129466e+01,-4.2836784e+01,1.1245237e+02
4278,4.2770000e-01,3.0732865e+01,-4.2842287e+01,1.1255911e+02
4279,4.2780000e-01,3.0330862e+01,-4.2847466e+01,1.1266530e+02
4280,4.2790000e-01,2.9924024e+01,-4.2852298e+01,1.1277072e+02
4281,4.2800000e-01,2.9512866e+01,-4.2856760e+01,1.1287513e+02
4282,4.2810000e-01,2.9097835e+01,-4.2860833e+01,1.1297836e+02
4283,4.2820000e-01,2.8679308e+01,-4.2864494e+01,1.1308027e+02
4284,4.2830000e-01,2.8257612e+01,-4.2867721e+01,1.1318072e+02
4285,4.2840000e-01,2.7833043e+01,-4.2870497e+01,1.1327960e+02
4286,4.2850000e-01,2.7405877e+01,-4.2872808e+01,1.1337678e+02
4287,4.2860000e-01,2.6976383e+01,-4.2874652e+01,1.1347216e+02
4288,4.2870000e-01,2.6544812e+01,-4.2876027e+01,1.1356562e+02
4289,4.2880000e-01,2.6111402e+01,-4.2876940e+01,1.1365705e+02
4290,4.2890000e-01,2.5676386e+01,-4.2877402e+01,1.1374635e+02
4291,4.2900000e-01,2.5239993e+01,-4.2877429e+01,1.1383340e+02
4292,4.2910000e-01,2.4802443e+01,-4.2877048e+01,1.1391809e+02
4293,4.2920000e-01,2.4363960e+01,-4.2876297e+01,1.1400025e+02
4294,4.2930000e-01,2.3924803e+01,-4.2875229e+01,1.1407967e+02
4295,4.2940000e-01,2.3485310e+01,-4.2873919e+01,1.1415616e+02
4296,4.2950000e-01,2.3045871e+01,-4.2872452e+01,1.1422959e+02
4297,4.2960000e-01,2.2606861e+01,-4.2870909e+01,1.1429990e+02
4298,4.2970000e-01,2.2168599e+01,-4.2869340e+01,1.1436708e+02
4299,4.2980000e-01,2.1731353e+01,-4.2867773e+01,1.1443113e+02
4300,4.2990000e-01,2.1295360e+01,-4.2866227e+01,1.1449206e+02
4301,4.3000000e-01,2.0860848e+01,-4.2864708e+01,1.1454986e+02
4302,4.3010000e-01,2.0428033e+01,-4.2863215e+01,1.1460455e+02
4303,4.3020000e-01,1.9997131e+01,-4.2861740e+01,1.1465616e+02
4304,4.3030000e-01,1.9568350e+01,-4.2860283e+01,1.1470471e+02
4305,4.3040000e-01,1.9141907e+01,-4.2858850e+01,1.1475023e+02
4306,4.3050000e-01,1.8718031e+01,-4.2857450e+01,1.1479275e+02
4307,4.3060000e-01,1.8296965e+01,-4.2856101e+01,1.1483231e+02
4308,4.3070000e-01,1.7878968e+01,-4.2854821e+01,1.1486895e+02
4309,4.3080000e-01,1.7464316e+01,-4.2853631e+01,1.1490270e+02
4310,4.3090000e-01,1.7053304e+01,-4.2852554e+01,1.1493362e+02
4311,4.3100000e-01,1.6646243e+01,-4.2851612e+01,1.1496175e+02
4312,4.3110000e-01,1.6243464e+01,-4.2850835e+01,1.1498715e+02
4313,4.3120000e-01,1.5845325e+01,-4.2850253e+01,1.1500988e+02
4314,4.3130000e-01,1.5452208e+01,-4.2849899e+01,1.1503000e+02
4315,4.3140000e-01,1.5064521e+01,-4.2849808e+01,1.1504757e+02
4316,4.3150000e-01,1.4682706e+01,-4.2850012e+01,1.1506265e+02
4317,4.3160000e-01,1.4307243e+01,-4.2850533e+01,1.1507534e+02
4318,4.3170000e-01,1.3938653e+01,-4.2851380e+01,1.1508572e+02
4319,4.3180000e-01,1.3577502e+01,-4.2852546e+01,1.1509390e+02
4320,4.3190000e-01,1.3224402e+01,-4.2854012e+01,1.1510000e+02
4321,4.3200000e-01,1.2880016e+01,-4.2855754e+01,1.1510417e+02
4322,4.3210000e-01,1.2545041e+01,-4.2857761e+01,1.1510655e+02
4323,4.3220000e-01,1.2220217e+01,-4.2860031e+01,1.1510731e+02
4324,4.3230000e-01,1.1906318e+01,-4.2862575e+01,1.1510660e+02
4325,4.3240000e-01,1.1604160e+01,-4.2865403e+01,1.1510459e+02
4326,4.3250000e-01,1.1314591e+01,-4.2868534e+01,1.1510146e+02
4327,4.3260000e-01,1.1038492e+01,-4.2871982e+01,1.1509738e+02
4328,4.3270000e-01,1.0776775e+01,-4.2875763e+01,1.1509253e+02
4329,4.3280000e-01,1.0530374e+01,-4.2879897e+01,1.1508711e+02
4330,4.3290000e-01,1.0300239e+01,-4.2884396e+01,1.1508130e+02
4331,4.3300000e-01,1.0087336e+01,-4.2889268e+01,1.1507531e+02
4332,4.3310000e-01,9.8926243e+00,-4.2894525e+01,1.1506932e+02
4333,4.3320000e-01,9.7170580e+00,-4.2900179e+01,1.1506351e+02
4334,4.3330000e-01,9.5615602e+00,-4.2906247e+01,1.1505805e+02
4335,4.3340000e-01,9.4270052e+00,-4.2912737e+01,1.1505310e+02
4336,4.3350000e-01,9.3142034e+00,-4.2919653e+01,1.1504883e+02
4337,4.3360000e-01,9.2238731e+00,-4.2926995e+01,1.1504535e+02
4338,4.3370000e-01,9.1566300e+00,-4.2934755e+01,1.1504278e+02
4339,4.3380000e-01,9.1129742e+00,-4.2942928e+01,1.1504121e+02
4340,4.3390000e-01,9.0932742e+00,-4.2951502e+01,1.1504066e+02
4341,4.3400000e-01,9.0977566e+00,-4.2960463e+01,1.1504118e+02
4342,4.3410000e-01,9.1265086e+00,-4.2969793e+01,1.1504273e+02
4343,4.3420000e-01,9.1794645e+00,-4.2979470e+01,1.1504528e+02
4344,4.3430000e-01,9.2564032e+00,-4.2989470e+01,1.1504875e+02
4345,4.3440000e-01,9.3569513e+00,-4.2999760e+01,1.1505303e+02
4346,4.3450000e-01,9.4805919e+00,-4.3010304e+01,1.1505800e+02
4347,4.3460000e-01,9.6266782e+00,-4.3021062e+01,1.1506352e+02
4348,4.3470000e-01,9.7944408e+00,-4.3031993e+01,1.1506940e+02
4349,4.3480000e-01,9.9830170e+00,-4.3043049e+01,1.1507548e+02
4350,4.3490000e-01,1.0191475e+01,-4.3054185e+01,1.1508155e+02
4351,4.3500000e-01,1.0418834e+01,-4.3065353e+01,1.1508741e+02
4352,4.3510000e-01,1.0664077e+01,-4.3076507e+01,1.1509287e+02
4353,4.3520000e-01,1.0926173e+01,-4.3087598e+01,1.1509772e+02
4354,4.3530000e-01,1.1204086e+01,-4.3098579e+01,1.1510176e+02
4355,4.3540000e-01,1.1496793e+01,-4.3109401e+01,1.1510481e+02
4356,4.3550000e-01,1.1803294e+01,-4.3120020e+01,1.1510668e+02
4357,4.3560000e-01,1.2122620e+01,-4.3130388e+01,1.1510720e+02
4358,4.3570000e-01,1.2453837e+01,-4.3140463e+01,1.1510622e+02
4359,4.3580000e-01,1.2796051e+01,-4.3150201e+01,1.1510357e+02
4360,4.3590000e-01,1.3148405e+01,-4.3159562e+01,1.1509913e+02
4361,4.3600000e-01,1.3510094e+01,-4.3168507e+01,1.1509277e+02
4362,4.3610000e-01,1.3880362e+01,-4.3177001e+01,1.1508436e+02
4363,4.3620000e-01,1.4258505e+01,-4.3185026e+01,1.1507378e+02
4364,4.3630000e-01,1.4643870e+01,-4.3192556e+01,1.1506093e+02
4365,4.3640000e-01,1.5035846e+01,-4.3199562e+01,1.1504571e+02
4366,4.3650000e-01,1.5433866e+01,-4.3206014e+01,1.1502807e+02
4367,4.3660000e-01,1.5837410e+01,-4.3211902e+01,1.1500789e+02
4368,4.3670000e-01,1.6245997e+01,-4.3217213e+01,1.1498512e+02
4369,4.3680000e-01,1.6659178e+01,-4.3221923e+01,1.1495970e+02
4370,4.3690000e-01,1.7076530e+01,-4.3226008e+01,1.1493161e+02
4371,4.3700000e-01,1.7497676e+01,-4.3229456e+01,1.1490076e+02
4372,4.3710000e-01,1.7922273e+01,-4.3232239e+01,1.1486714e+02
4373,4.3720000e-01,1.8349986e+01,-4.3234323e+01,1.1483073e+02
4374,4.3730000e-01,1.8780489e+01,-4.3235670e+01,1.1479153e+02
4375,4.3740000e-01,1.9213485e+01,-4.3236245e+01,1.1474958e+02
4376,4.3750000e-01,1.9648741e+01,-4.3236039e+01,1.1470483e+02
4377,4.3760000e-01,2.0086038e+01,-4.3235049e+01,1.1465725e+02
4378,4.3770000e-01,2.0525135e+01,-4.3233273e+01,1.1460687e+02
4379,4.3780000e-01,2.0965800e+01,-4.3230703e+01,1.1455375e+02
4380,4.3790000e-01,2.1407795e+01,-4.3227329e+01,1.1449790e+02
4381,4.3800000e-01,2.1850863e+01,-4.3223144e+01,1.1443934e+02
4382,4.3810000e-01,2.2294738e+01,-4.3218147e+01,1.1437806e+02
4383,4.3820000e-01,2.2739134e+01,-4.3212341e+01,1.1431406e+02
4384,4.3830000e-01,2.3183762e+01,-4.3205733e+01,1.1424736e+02
4385,4.3840000e-01,2.3628336e+01,-4.3198348e+01,1.1417794e+02
4386,4.3850000e-01,2.4072564e+01,-4.3190224e+01,1.1410582e+02
4387,4.3860000e-01,2.4516153e+01,-4.3181412e+01,1.1403098e+02
4388,4.3870000e-01,2.4958819e+01,-4.3171971e+01,1.1395347e+02
4389,4.3880000e-01,2.5400278e+01,-4.3161957e+01,1.1387333e+02
4390,4.3890000e-01,2.5840254e+01,-4.3151420e+01,1.1379062e+02
4391,4.3900000e-01,2.6278479e+01,-4.3140390e+01,1.1370541e+02
4392,4.3910000e-01,2.6714699e+01,-4.3128872e+01,1.1361782e+02
4393,4.3920000e-01,2.7148666e+01,-4.3116840e+01,1.1352796e+02
4394,4.3930000e-01,2.7580112e+01,-4.3104303e+01,1.1343589e+02
4395,4.3940000e-01,2.8008722e+01,-4.3091302e+01,1.1334163e+02
4396,4.3950000e-01,2.8434124e+01,-4.3077894e+01,1.1324524e+02
4397,4.3960000e-01,2.8855896e+01,-4.3064141e+01,1.1314686e+02
4398,4.3970000e-01,2.9273599e+01,-4.3050097e+01,1.1304668e+02
4399,4.3980000e-01,2.9686793e+01,-4.3035806e+01,1.1294485e+02
4400,4.3990000e-01,3.0095033e+01,-4.3021319e+01,1.1284156e+02
4401,4.4000000e-01,3.0497855e+01,-4.3006687e+01,1.1273699e+02
4402,4.4010000e-01,3.0894764e+01,-4.2991961e+01,1.1263135e+02
4403,4.4020000e-01,3.1285227e+01,-4.2977190e+01,1.1252487e+02
4404,4.4030000e-01,3.1668667e+01,-4.2962426e+01,1.1241780e+02
4405,4.4040000e-01,3.2044453e+01,-4.2947720e+01,1.1231044e+02
4406,4.4050000e-01,3.2411896e+01,-4.2933130e+01,1.1220310e+02
4407,4.4060000e-01,3.2770238e+01,-4.2918709e+01,1.1209613e+02
4408,4.4070000e-01,3.3118661e+01,-4.2904511e+01,1.1198992e+02
4409,4.4080000e-01,3.3456271e+01,-4.2890587e+01,1.1188490e+02
4410,4.4090000e-01,3.3782231e+01,-4.2876757e+01,1.1178177e+02
4411,4.4100000e-01,3.4095654e+01,-4.2863057e+01,1.1168121e+02
4412,4.4110000e-01,3.4395541e+01,-4.2849627e+01,1.1158382e+02
4413,4.4120000e-01,3.4680758e+01,-4.2836633e+01,1.1149012e+02
4414,4.4130000e-01,3.4950044e+01,-4.2824210e+01,1.1140067e+02
4415,4.4140000e-01,3.5202035e+01,-4.2812462e+01,1.1131601e+02
4416,4.4150000e-01,3.5435291e+01,-4.2801475e+01,1.1123674e+02
4417,4.4160000e-01,3.5648338e+01,-4.2791311e+01,1.1116347e+02
4418,4.4170000e-01,3.5839684e+01,-4.2782034e+01,1.1109682e+02
4419,4.4180000e-01,3.6007860e+01,-4.2773696e+01,1.1103742e+02
4420,4.4190000e-01,3.6151456e+01,-4.2766332e+01,1.1098589e+02
4421,4.4200000e-01,3.6269174e+01,-4.2759971e+01,1.1094280e+02
4422,4.4210000e-01,3.6359857e+01,-4.2754627e+01,1.1090866e+02
4423,4.4220000e-01,3.6422549e+01,-4.2750305e+01,1.1088391e+02
4424,4.4230000e-01,3.6456535e+01,-4.2747011e+01,1.1086886e+02
4425,4.4240000e-01,3.6461377e+01,-4.2744737e+01,1.1086371e+02
4426,4.4250000e-01,3.6436921e+01,-4.2743465e+01,1.1086854e+02
4427,4.4260000e-01,3.6383298e+01,-4.2743174e+01,1.1088329e+02
4428,4.4270000e-01,3.6300922e+01,-4.2743833e+01,1.1090778e+02
4429,4.4280000e-01,3.6190476e+01,-4.2745398e+01,1.1094170e+02
4430,4.4290000e-01,3.6052883e+01,-4.2747814e+01,1.1098465e+02
4431,4.4300000e-01,3.5889273e+01,-4.2751018e+01,1.1103613e+02
4432,4.4310000e-01,3.5700945e+01,-4.2754943e+01,1.1109557e+02
4433,4.4320000e-01,3.5489313e+01,-4.2759512e+01,1.1116235e+02
4434,4.4330000e-01,3.5255871e+01,-4.2764646e+01,1.1123582e+02
4435,4.4340000e-01,3.5002155e+01,-4.2770257e+01,1.1131531e+02
4436,4.4350000e-01,3.4729709e+01,-4.2776261e+01,1.1140015e+02
4437,4.4360000e-01,3.4440054e+01,-4.2782571e+01,1.1148967e+02
4438,4.4370000e-01,3.4134656e+01,-4.2789102e+01,1.1158323e+02
4439,4.4380000e-01,3.3814911e+01,-4.2795776e+01,1.1168023e+02
4440,4.4390000e-01,3.3482137e+01,-4.2802515e+01,1.1178010e+02
4441,4.4400000e-01,3.3137562e+01,-4.2809248e+01,1.1188228e+02
4442,4.4410000e-01,3.2782325e+01,-4.2815910e+01,1.1198628e+02
4443,4.4420000e-01,3.2417473e+01,-4.2822442e+01,1.1209164e+02
4444,4.4430000e-01,3.2043965e+01,-4.2828791e+01,1.1219793e+02
4445,4.4440000e-01,3.1662674e+01,-4.2834913e+01,1.1230475e+02
4446,4.4450000e-01,3.1274394e+01,-4.2840768e+01,1.1241175e+02
4447,4.4460000e-01,3.0879844e+01,-4.2846323e+01,1.1251861e+02
4448,4.4470000e-01,3.0479675e+01,-4.2851550e+01,1.1262503e+02
4449,4.4480000e-01,3.0074474e+01,-4.2856424e+01,1.1273076e+02
4450,4.4490000e-01,2.9664776e+01,-4.2860925e+01,1.1283557e+02
4451,4.4500000e-01,2.9251051e+01,-4.2865033e+01,1.1293926e+02
4452,4.4510000e-01,2.8833702e+01,-4.2868727e+01,1.1304168e+02
4453,4.4520000e-01,2.8413071e+01,-4.2871985e+01,1.1314270e+02
4454,4.4530000e-01,2.7989464e+01,-4.2874789e+01,1.1324219e+02
4455,4.4540000e-01,2.7563163e+01,-4.2877122e+01,1.1334004e+02
4456,4.4550000e-01,2.7134436e+01,-4.2878979e+01,1.1343613e+02
4457,4.4560000e-01,2.6703544e+01,-4.2880360e+01,1.1353034e+02
4458,4.4570000e-01,2.6270732e+01,-4.2881268e+01,1.1362258e+02
4459,4.4580000e-01,2.5836235e+01,-4.2881713e+01,1.1371273e+02
4460,4.4590000e-01,2.5400279e+01,-4.2881710e+01,1.1380068e+02
4461,4.4600000e-01,2.4963083e+01,-4.2881283e+01,1.1388631e+02
4462,4.4610000e-01,2.4524864e+01,-4.2880467e+01,1.1396948e+02
4463,4.4620000e-01,2.4085868e+01,-4.2879311e+01,1.1405000e+02
4464,4.4630000e-01,2.3646407e+01,-4.2877882e+01,1.1412764e+02
4465,4.4640000e-01,2.3206867e+01,-4.2876267e+01,1.1420226e+02
4466,4.4650000e-01,2.2767637e+01,-4.2874552e+01,1.1427377e+02
4467,4.4660000e-01,2.2329057e+01,-4.2872798e+01,1.1434215e+02
4468,4.4670000e-01,2.1891407e+01,-4.2871042e+01,1.1440740e+02
4469,4.4680000e-01,2.1454929e+01,-4.2869305e+01,1.1446953e+02
4470,4.4690000e-01,2.1019854e+01,-4.2867589e+01,1.1452853e+02
4471,4.4700000e-01,2.0586403e+01,-4.2865896e+01,1.1458441e+02
4472,4.4710000e-01,2.0154790e+01,-4.2864222e+01,1.1463720e+02
4473,4.4720000e-01,1.9725224e+01,-4.2862570e+01,1.1468692e+02
4474,4.4730000e-01,1.9297919e+01,-4.2860940e+01,1.1473360e+02
4475,4.4740000e-01,1.8873097e+01,-4.2859342e+01,1.1477727e+02
4476,4.4750000e-01,1.8450995e+01,-4.2857791e+01,1.1481796e+02
4477,4.4760000e-01,1.8031863e+01,-4.2856309e+01,1.1485572e+02
4478,4.4770000e-01,1.7615970e+01,-4.2854912e+01,1.1489057e+02
4479,4.4780000e-01,1.7203604e+01,-4.2853625e+01,1.1492257e+02
4480,4.4790000e-01,1.6795068e+01,-4.2852471e+01,1.1495176e+02
4481,4.4800000e-01,1.6390689e+01,-4.2851474e+01,1.1497820e+02
4482,4.4810000e-01,1.5990814e+01,-4.2850665e+01,1.1500195e+02
4483,4.4820000e-01,1.5595818e+01,-4.2850077e+01,1.1502306e+02
4484,4.4830000e-01,1.5206099e+01,-4.2849746e+01,1.1504159e+02
4485,4.4840000e-01,1.4822085e+01,-4.2849704e+01,1.1505762e+02
4486,4.4850000e-01,1.4444243e+01,-4.2849979e+01,1.1507121e+02
4487,4.4860000e-01,1.4073075e+01,-4.2850585e+01,1.1508246e+02
4488,4.4870000e-01,1.3709131e+01,-4.2851526e+01,1.1509146e+02
4489,4.4880000e-01,1.3353005e+01,-4.2852784e+01,1.1509833e+02
4490,4.4890000e-01,1.3005339e+01,-4.2854339e+01,1.1510322e+02
4491,4.4900000e-01,1.2666818e+01,-4.2856175e+01,1.1510625e+02
4492,4.4910000e-01,1.2338168e+01,-4.2858283e+01,1.1510760e+02
4493,4.4920000e-01,1.2020152e+01,-4.2860666e+01,1.1510742e+02
4494,4.4930000e-01,1.1713572e+01,-4.2863329e+01,1.1510588e+02
4495,4.4940000e-01,1.1419262e+01,-4.2866292e+01,1.1510315e+02
4496,4.4950000e-01,1.1138095e+01,-4.2869573e+01,1.1509940e+02
4497,4.4960000e-01,1.0870974e+01,-4.2873186e+01,1.1509482e+02
4498,4.4970000e-01,1.0618828e+01,-4.2877149e+01,1.1508959e+02
4499,4.4980000e-01,1.0382605e+01,-4.2881480e+01,1.1508391e+02
4500,4.4990000e-01,1.0163263e+01,-4.2886188e+01,1.1507796e+02
4501,4.5000000e-01,9.9617663e+00,-4.2891282e+01,1.1507195e+02
4502,4.5010000e-01,9.7790738e+00,-4.2896772e+01,1.1506604e+02
4503,4.5020000e-01,9.6161209e+00,-4.2902672e+01,1.1506043e+02
4504,4.5030000e-01,9.4738004e+00,-4.2908997e+01,1.1505528e+02
4505,4.5040000e-01,9.3529474e+00,-4.2915751e+01,1.1505074e+02
4506,4.5050000e-01,9.2543205e+00,-4.2922935e+01,1.1504695e+02
4507,4.5060000e-01,9.1785740e+00,-4.2930547e+01,1.1504403e+02
4508,4.5070000e-01,9.1262494e+00,-4.2938578e+01,1.1504207e+02
4509,4.5080000e-01,9.0977618e+00,-4.2947018e+01,1.1504114e+02
4510,4.5090000e-01,9.0933899e+00,-4.2955854e+01,1.1504125e+02
4511,4.5100000e-01,9.1132759e+00,-4.2965069e+01,1.1504242e+02
4512,4.5110000e-01,9.1574102e+00,-4.2974643e+01,1.1504460e+02
4513,4.5120000e-01,9.2256280e+00,-4.2984552e+01,1.1504773e+02
4514,4.5130000e-01,9.3176095e+00,-4.2994766e+01,1.1505172e+02
4515,4.5140000e-01,9.4328880e+00,-4.3005249e+01,1.1505644e+02
4516,4.5150000e-01,9.5708618e+00,-4.3015964e+01,1.1506177e+02
4517,4.5160000e-01,9.7308105e+00,-4.3026868e+01,1.1506753e+02
4518,4.5170000e-01,9.9119034e+00,-4.3037918e+01,1.1507354e+02
4519,4.5180000e-01,1.0113229e+01,-4.3049066e+01,1.1507962e+02
4520,4.5190000e-01,1.0333818e+01,-4.3060266e+01,1.1508557e+02
4521,4.5200000e-01,1.0572665e+01,-4.3071468e+01,1.1509119e+02
4522,4.5210000e-01,1.0828740e+01,-4.3082626e+01,1.1509627e+02
4523,4.5220000e-01,1.1101008e+01,-4.3093692e+01,1.1510062e+02
4524,4.5230000e-01,1.1388441e+01,-4.3104618e+01,1.1510404e+02
4525,4.5240000e-01,1.1690030e+01,-4.3115357e+01,1.1510635e+02
4526,4.5250000e-01,1.2004796e+01,-4.3125864e+01,1.1510738e+02
4527,4.5260000e-01,1.2331791e+01,-4.3136093e+01,1.1510695e+02
4528,4.5270000e-01,1.2670104e+01,-4.3146000e+01,1.1510491e+02
4529,4.5280000e-01,1.3018863e+01,-4.3155544e+01,1.1510113e+02
4530,4.5290000e-01,1.3377243e+01,-4.3164686e+01,1.1509548e+02
4531,4.5300000e-01,1.3744472e+01,-4.3173388e+01,1.1508782e+02
4532,4.5310000e-01,1.4119828e+01,-4.3181618e+01,1.1507806e+02
4533,4.5320000e-01,1.4502638e+01,-4.3189357e+01,1.1506606e+02
4534,4.5330000e-01,1.4892277e+01,-4.3196579e+01,1.1505173e+02
4535,4.5340000e-01,1.5288164e+01,-4.3203258e+01,1.1503499e+02
4536,4.5350000e-01,1.5689756e+01,-4.3209365e+01,1.1501579e+02
4537,4.5360000e-01,1.6096557e+01,-4.3214895e+01,1.1499401e+02
4538,4.5370000e-01,1.6508110e+01,-4.3219833e+01,1.1496959e+02
4539,4.5380000e-01,1.6923986e+01,-4.3224158e+01,1.1494249e+02
4540,4.5390000e-01,1.7343788e+01,-4.3227832e+01,1.1491273e+02
4541,4.5400000e-01,1.7767157e+01,-4.3230844e+01,1.1488021e+02
4542,4.5410000e-01,1.8193760e+01,-4.3233170e+01,1.1484490e+02
4543,4.5420000e-01,1.8623271e+01,-4.3234775e+01,1.1480677e+02
4544,4.5430000e-01,1.9055392e+01,-4.3235622e+01,1.1476587e+02
4545,4.5440000e-01,1.9489852e+01,-4.3235680e+01,1.1472223e+02
4546,4.5450000e-01,1.9926417e+01,-4.3234945e+01,1.1467577e+02
4547,4.5460000e-01,2.0364864e+01,-4.3233419e+01,1.1462647e+02
4548,4.5470000e-01,2.0804946e+01,-4.3231103e+01,1.1457436e+02
4549,4.5480000e-01,2.1246430e+01,-4.3227996e+01,1.1451948e+02
4550,4.5490000e-01,2.1689072e+01,-4.3224092e+01,1.1446188e+02
4551,4.5500000e-01,2.2132616e+01,-4.3219389e+01,1.1440154e+02
4552,4.5510000e-01,2.2576799e+01,-4.3213893e+01,1.1433848e+02
4553,4.5520000e-01,2.3021338e+01,-4.3207608e+01,1.1427270e+02
4554,4.5530000e-01,2.3465944e+01,-4.3200548e+01,1.1420421e+02
4555,4.5540000e-01,2.3910323e+01,-4.3192746e+01,1.1413300e+02
4556,4.5550000e-01,2.4354182e+01,-4.3184243e+01,1.1405908e+02
4557,4.5560000e-01,2.4797230e+01,-4.3175091e+01,1.1398248e+02
4558,4.5570000e-01,2.5239182e+01,-4.3165347e+01,1.1390322e+02
4559,4.5580000e-01,2.5679763e+01,-4.3155058e+01,1.1382137e+02
4560,4.5590000e-01,2.6118700e+01,-4.3144255e+01,1.1373702e+02
4561,4.5600000e-01,2.6555734e+01,-4.3132939e+01,1.1365029e+02
4562,4.5610000e-01,2.6990622e+01,-4.3121094e+01,1.1356130e+02
4563,4.5620000e-01,2.7423095e+01,-4.3108720e+01,1.1347008e+02
4564,4.5630000e-01,2.7852852e+01,-4.3095860e+01,1.1337666e+02
4565,4.5640000e-01,2.8279545e+01,-4.3082573e+01,1.1328107e+02
4566,4.5650000e-01,2.8702767e+01,-4.3068920e+01,1.1318342e+02
4567,4.5660000e-01,2.9122080e+01,-4.3054964e+01,1.1308387e+02
4568,4.5670000e-01,2.9537044e+01,-4.3040749e+01,1.1298261e+02
4569,4.5680000e-01,2.9947213e+01,-4.3026324e+01,1.1287981e+02
4570,4.5690000e-01,3.0352129e+01,-4.3011739e+01,1.1277565e+02
4571,4.5700000e-01,3.0751308e+01,-4.2997045e+01,1.1267035e+02
4572,4.5710000e-01,3.1144234e+01,-4.2982287e+01,1.1256412e+02
4573,4.5720000e-01,3.1530345e+01,-4.2967517e+01,1.1245721e+02
4574,4.5730000e-01,3.1909030e+01,-4.2952786e+01,1.1234990e+02
4575,4.5740000e-01,3.2279623e+01,-4.2938152e+01,1.1224248e+02
4576,4.5750000e-01,3.2641392e+01,-4.2923666e+01,1.1213531e+02
4577,4.5760000e-01,3.2993541e+01,-4.2909383e+01,1.1202875e+02
4578,4.5770000e-01,3.3335202e+01,-4.2895357e+01,1.1192322e+02
4579,4.5780000e-01,3.3665433e+01,-4.2881640e+01,1.1181918e+02
4580,4.5790000e-01,3.3983347e+01,-4.2868033e+01,1.1171735e+02
4581,4.5800000e-01,3.4288010e+01,-4.2854561e+01,1.1161843e+02
4582,4.5810000e-01,3.4578368e+01,-4.2841356e+01,1.1152305e+02
4583,4.5820000e-01,3.4853233e+01,-4.2828575e+01,1.1143176e+02
4584,4.5830000e-01,3.5111298e+01,-4.2816356e+01,1.1134513e+02
4585,4.5840000e-01,3.5351167e+01,-4.2804804e+01,1.1126373e+02
4586,4.5850000e-01,3.5571381e+01,-4.2794004e+01,1.1118817e+02
4587,4.5860000e-01,3.5770450e+01,-4.2784024e+01,1.1111905e+02
4588,4.5870000e-01,3.5946891e+01,-4.2774929e+01,1.1105700e+02
4589,4.5880000e-01,3.6099268e+01,-4.2766767e+01,1.1100264e+02
4590,4.5890000e-01,3.6226230e+01,-4.2759576e+01,1.1095656e+02
4591,4.5900000e-01,3.6326562e+01,-4.2753383e+01,1.1091929e+02
4592,4.5910000e-01,3.6399242e+01,-4.2748196e+01,1.1089127e+02
4593,4.5920000e-01,3.6443473e+01,-4.2744027e+01,1.1087288e+02
4594,4.5930000e-01,3.6458704e+01,-4.2740874e+01,1.1086435e+02
4595,4.5940000e-01,3.6444682e+01,-4.2738728e+01,1.1086579e+02
4596,4.5950000e-01,3.6401449e+01,-4.2737575e+01,1.1087720e+02
4597,4.5960000e-01,3.6329331e+01,-4.2737388e+01,1.1089842e+02
4598,4.5970000e-01,3.6228921e+01,-4.2738131e+01,1.1092919e+02
4599,4.5980000e-01,3.6101063e+01,-4.2739759e+01,1.1096914e+02
4600,4.5990000e-01,3.5946820e+01,-4.2742215e+01,1.1101779e+02
4601,4.6000000e-01,3.5767430e+01,-4.2745437e+01,1.1107459e+02
4602,4.6010000e-01,3.5564260e+01,-4.2749356e+01,1.1113895e+02
4603,4.6020000e-01,3.5338764e+01,-4.2753896e+01,1.1121023e+02
4604,4.6030000e-01,3.5092452e+01,-4.2758974e+01,1.1128776e+02
4605,4.6040000e-01,3.4826857e+01,-4.2764507e+01,1.1137086e+02
4606,4.6050000e-01,3.4543498e+01,-4.2770410e+01,1.1145888e+02
4607,4.6060000e-01,3.4243855e+01,-4.2776599e+01,1.1155117e+02
4608,4.6070000e-01,3.3929348e+01,-4.2782994e+01,1.1164710e+02
4609,4.6080000e-01,3.3601322e+01,-4.2789517e+01,1.1174608e+02
4610,4.6090000e-01,3.3261036e+01,-4.2796095e+01,1.1184757e+02
4611,4.6100000e-01,3.2909660e+01,-4.2802660e+01,1.1195105e+02
4612,4.6110000e-01,3.2548272e+01,-4.2809150e+01,1.1205604e+02
4613,4.6120000e-01,3.2177865e+01,-4.2815509e+01,1.1216211e+02
4614,4.6130000e-01,3.1799342e+01,-4.2821689e+01,1.1226883e+02
4615,4.6140000e-01,3.1413528e+01,-4.2827648e+01,1.1237586e+02
4616,4.6150000e-01,3.1021172e+01,-4.2833347e+01,1.1248285e+02
4617,4.6160000e-01,3.0622952e+01,-4.2838757e+01,1.1258950e+02
4618,4.6170000e-01,3.0219483e+01,-4.2843849e+01,1.1269554e+02
4619,4.6180000e-01,2.9811323e+01,-4.2848598e+01,1.1280073e+02
4620,4.6190000e-01,2.9398971e+01,-4.2852984e+01,1.1290486e+02
4621,4.6200000e-01,2.8982858e+01,-4.2856985e+01,1.1300777e+02
4622,4.6210000e-01,2.8563349e+01,-4.2860577e+01,1.1310931e+02
4623,4.6220000e-01,2.8140758e+01,-4.2863738e+01,1.1320936e+02
4624,4.6230000e-01,2.7715376e+01,-4.2866453e+01,1.1330779e+02
4625,4.6240000e-01,2.7287476e+01,-4.2868710e+01,1.1340449e+02
4626,4.6250000e-01,2.6857322e+01,-4.2870506e+01,1.1349935e+02
4627,4.6260000e-01,2.6425162e+01,-4.2871843e+01,1.1359225e+02
4628,4.6270000e-01,2.5991234e+01,-4.2872730e+01,1.1368309e+02
4629,4.6280000e-01,2.5555767e+01,-4.2873177e+01,1.1377175e+02
4630,4.6290000e-01,2.5118984e+01,-4.2873206e+01,1.1385813e+02
4631,4.6300000e-01,2.4681101e+01,-4.2872845e+01,1.1394209e+02
4632,4.6310000e-01,2.4242347e+01,-4.2872137e+01,1.1402347e+02
4633,4.6320000e-01,2.3802998e+01,-4.2871137e+01,1.1410205e+02
4634,4.6330000e-01,2.3363413e+01,-4.2869923e+01,1.1417765e+02
4635,4.6340000e-01,2.2923984e+01,-4.2868582e+01,1.1425017e+02
4636,4.6350000e-01,2.2485074e+01,-4.2867180e+01,1.1431957e+02
4637,4.6360000e-01,2.2046986e+01,-4.2865768e+01,1.1438583e+02
4638,4.6370000e-01,2.1609983e+01,-4.2864363e+01,1.1444897e+02
4639,4.6380000e-01,2.1174301e+01,-4.2862977e+01,1.1450899e+02
4640,4.6390000e-01,2.0740168e+01,-4.2861617e+01,1.1456589e+02
4641,4.6400000e-01,2.0307795e+01,-4.2860282e+01,1.1461969e+02
4642,4.6410000e-01,1.9877393e+01,-4.2858966e+01,1.1467041e+02
4643,4.6420000e-01,1.9449173e+01,-4.2857667e+01,1.1471808e+02
4644,4.6430000e-01,1.9023351e+01,-4.2856394e+01,1.1476273e+02
4645,4.6440000e-01,1.8600162e+01,-4.2855156e+01,1.1480440e+02
4646,4.6450000e-01,1.8179852e+01,-4.2853972e+01,1.1484311e+02
4647,4.6460000e-01,1.7762686e+01,-4.2852860e+01,1.1487891e+02
4648,4.6470000e-01,1.7348946e+01,-4.2851842e+01,1.1491184e+02
4649,4.6480000e-01,1.6938928e+01,-4.2850941e+01,1.1494195e+02
4650,4.6490000e-01,1.6532950e+01,-4.2850181e+01,1.1496929e+02
4651,4.6500000e-01,1.6131352e+01,-4.2849593e+01,1.1499392e+02
4652,4.6510000e-01,1.5734500e+01,-4.2849206e+01,1.1501589e+02
4653,4.6520000e-01,1.5342784e+01,-4.2849056e+01,1.1503525e+02
4654,4.6530000e-01,1.4956621e+01,-4.2849176e+01,1.1505209e+02
4655,4.6540000e-01,1.4576466e+01,-4.2849594e+01,1.1506647e+02
4656,4.6550000e-01,1.4202810e+01,-4.2850328e+01,1.1507848e+02
4657,4.6560000e-01,1.3836185e+01,-4.2851383e+01,1.1508820e+02
4658,4.6570000e-01,1.3477172e+01,-4.2852745e+01,1.1509575e+02
4659,4.6580000e-01,1.3126397e+01,-4.2854392e+01,1.1510128e+02
4660,4.6590000e-01,1.2784529e+01,-4.2856312e+01,1.1510490e+02
4661,4.6600000e-01,1.2452280e+01,-4.2858493e+01,1.1510679e+02
4662,4.6610000e-01,1.2130400e+01,-4.2860933e+01,1.1510710e+02
4663,4.6620000e-01,1.1819675e+01,-4.2863644e+01,1.1510599e+02
4664,4.6630000e-01,1.1520930e+01,-4.2866638e+01,1.1510364e+02
4665,4.6640000e-01,1.1235022e+01,-4.2869935e+01,1.1510020e+02
4666,4.6650000e-01,1.0962844e+01,-4.2873548e+01,1.1509587e+02
4667,4.6660000e-01,1.0705316e+01,-4.2877495e+01,1.1509083e+02
4668,4.6670000e-01,1.0463380e+01,-4.2881795e+01,1.1508527e+02
4669,4.6680000e-01,1.0237991e+01,-4.2886460e+01,1.1507938e+02
4670,4.6690000e-01,1.0030111e+01,-4.2891498e+01,1.1507336e+02
4671,4.6700000e-01,9.8406997e+00,-4.2896920e+01,1.1506739e+02
4672,4.6710000e-01,9.6707024e+00,-4.2902738e+01,1.1506165e+02
4673,4.6720000e-01,9.5210312e+00,-4.2908969e+01,1.1505631e+02
4674,4.6730000e-01,9.3925442e+00,-4.2915620e+01,1.1505153e+02
4675,4.6740000e-01,9.2860303e+00,-4.2922694e+01,1.1504746e+02
4676,4.6750000e-01,9.2021811e+00,-4.2930188e+01,1.1504423e+02
4677,4.6760000e-01,9.1415807e+00,-4.2938098e+01,1.1504193e+02
4678,4.6770000e-01,9.1046908e+00,-4.2946413e+01,1.1504063e+02
4679,4.6780000e-01,9.0918404e+00,-4.2955122e+01,1.1504038e+02
4680,4.6790000e-01,9.1032240e+00,-4.2964210e+01,1.1504118e+02
4681,4.6800000e-01,9.1388861e+00,-4.2973659e+01,1.1504302e+02
4682,4.6810000e-01,9.1987150e+00,-4.2983447e+01,1.1504583e+02
4683,4.6820000e-01,9.2824432e+00,-4.2993545e+01,1.1504953e+02
4684,4.6830000e-01,9.3896522e+00,-4.3003919e+01,1.1505402e+02
4685,4.6840000e-01,9.5197848e+00,-4.3014533e+01,1.1505916e+02
4686,4.6850000e-01,9.6721593e+00,-4.3025346e+01,1.1506480e+02
4687,4.6860000e-01,9.8459771e+00,-4.3036315e+01,1.1507075e+02
4688,4.6870000e-01,1.0040352e+01,-4.3047395e+01,1.1507685e+02
4689,4.6880000e-01,1.0254335e+01,-4.3058537e+01,1.1508288e+02
4690,4.6890000e-01,1.0486933e+01,-4.3069695e+01,1.1508865e+02
4691,4.6900000e-01,1.0737122e+01,-4.3080823e+01,1.1509395e+02
4692,4.6910000e-01,1.1003868e+01,-4.3091872e+01,1.1509859e+02
4693,4.6920000e-01,1.1286139e+01,-4.3102794e+01,1.1510237e+02
4694,4.6930000e-01,1.1582914e+01,-4.3113543e+01,1.1510511e+02
4695,4.6940000e-01,1.1893203e+01,-4.3124072e+01,1.1510662e+02
4696,4.6950000e-01,1.2216047e+01,-4.3134336e+01,1.1510673e+02
4697,4.6960000e-01,1.2550522e+01,-4.3144292e+01,1.1510529e+02
4698,4.6970000e-01,1.2895748e+01,-4.3153899e+01,1.1510215e+02
4699,4.6980000e-01,1.3250883e+01,-4.3163115e+01,1.1509718e+02
4700,4.6990000e-01,1.3615134e+01,-4.3171904e+01,1.1509025e+02
4701,4.7000000e-01,1.3987759e+01,-4.3180231e+01,1.1508125e+02
4702,4.7010000e-01,1.4368070e+01,-4.3188075e+01,1.1507004e+02
4703,4.7020000e-01,1.4755424e+01,-4.3195413e+01,1.1505654e+02
4704,4.7030000e-01,1.5149224e+01,-4.3202217e+01,1.1504066e+02
4705,4.7040000e-01,1.5548914e+01,-4.3208458e+01,1.1502233e+02
4706,4.7050000e-01,1.5953985e+01,-4.3214129e+01,1.1500146e+02
4707,4.7060000e-01,1.6363965e+01,-4.3219214e+01,1.1497796e+02
4708,4.7070000e-01,1.6778412e+01,-4.3223692e+01,1.1495181e+02
4709,4.7080000e-01,1.7196919e+01,-4.3227524e+01,1.1492301e+02
4710,4.7090000e-01,1.7619120e+01,-4.3230702e+01,1.1489147e+02
4711,4.7100000e-01,1.8044677e+01,-4.3233205e+01,1.1485713e+02
4712,4.7110000e-01,1.8473260e+01,-4.3234999e+01,1.1481999e+02
4713,4.7120000e-01,1.8904564e+01,-4.3236045e+01,1.1478009e+02
4714,4.7130000e-01,1.9338311e+01,-4.3236310e+01,1.1473743e+02
4715,4.7140000e-01,1.9774264e+01,-4.3235788e+01,1.1469197e+02
4716,4.7150000e-01,2.0212193e+01,-4.3234478e+01,1.1464366e+02
4717,4.7160000e-01,2.0651848e+01,-4.3232378e+01,1.1459252e+02
4718,4.7170000e-01,2.1092991e+01,-4.3229486e+01,1.1453861e+02
4719,4.7180000e-01,2.1535378e+01,-4.3225792e+01,1.1448197e+02
4720,4.7190000e-01,2.1978753e+01,-4.3221293e+01,1.1442261e+02
4721,4.7200000e-01,2.2422849e+01,-4.3215993e+01,1.1436051e+02
4722,4.7210000e-01,2.2867382e+01,-4.3209893e+01,1.1429570e+02
4723,4.7220000e-01,2.3312063e+01,-4.3203010e+01,1.1422818e+02
4724,4.7230000e-01,2.3756596e+01,-4.3195368e+01,1.1415793e+02
4725,4.7240000e-01,2.4200687e+01,-4.3187011e+01,1.1408497e+02
4726,4.7250000e-01,2.4644049e+01,-4.3177991e+01,1.1400931e+02
4727,4.7260000e-01,2.5086399e+01,-4.3168369e+01,1.1393098e+02
4728,4.7270000e-01,2.5527459e+01,-4.3158200e+01,1.1385004e+02
4729,4.7280000e-01,2.5966958e+01,-4.3147512e+01,1.1376658e+02
4730,4.7290000e-01,2.6404640e+01,-4.3136304e+01,1.1368074e+02
4731,4.7300000e-01,2.6840260e+01,-4.3124558e+01,1.1359262e+02
4732,4.7310000e-01,2.7273565e+01,-4.3112277e+01,1.1350227e+02
4733,4.7320000e-01,2.7704261e+01,-4.3099498e+01,1.1340970e+02
4734,4.7330000e-01,2.8132009e+01,-4.3086276e+01,1.1331493e+02
4735,4.7340000e-01,2.8556419e+01,-4.3072674e+01,1.1321805e+02
4736,4.7350000e-01,2.8977071e+01,-4.3058759e+01,1.1311921e+02
4737,4.7360000e-01,2.9393531e+01,-4.3044581e+01,1.1301858e+02
4738,4.7370000e-01,2.9805361e+01,-4.3030185e+01,1.1291634e+02
4739,4.7380000e-01,3.0212111e+01,-4.3015621e+01,1.1281267e+02
4740,4.7390000e-01,3.0613308e+01,-4.3000938e+01,1.1270776e+02
4741,4.7400000e-01,3.1008445e+01,-4.2986183e+01,1.1260183e+02
4742,4.7410000e-01,3.1396978e+01,-4.2971406e+01,1.1249512e+02
4743,4.7420000e-01,3.1778312e+01,-4.2956659e+01,1.1238790e+02
4744,4.7430000e-01,3.2151799e+01,-4.2941997e+01,1.1228047e+02
4745,4.7440000e-01,3.2516730e+01,-4.2927472e+01,1.1217314e+02
4746,4.7450000e-01,3.2872331e+01,-4.2913138e+01,1.1206630e+02
4747,4.7460000e-01,3.3217760e+01,-4.2899047e+01,1.1196033e+02
4748,4.7470000e-01,3.3552100e+01,-4.2885253e+01,1.1185568e+02
4749,4.7480000e-01,3.3874491e+01,-4.2871563e+01,1.1175307e+02
4750,4.7490000e-01,3.4184020e+01,-4.2858004e+01,1.1165318e+02
4751,4.7500000e-01,3.4479663e+01,-4.2844714e+01,1.1155663e+02
4752,4.7510000e-01,3.4760261e+01,-4.2831849e+01,1.1146396e+02
4753,4.7520000e-01,3.5024534e+01,-4.2819550e+01,1.1137571e+02
4754,4.7530000e-01,3.5271100e+01,-4.2807920e+01,1.1129247e+02
4755,4.7540000e-01,3.5498509e+01,-4.2797049e+01,1.1121481e+02
4756,4.7550000e-01,3.5705267e+01,-4.2786996e+01,1.1114337e+02
4757,4.7560000e-01,3.5889874e+01,-4.2777828e+01,1.1107876e+02
4758,4.7570000e-01,3.6050868e+01,-4.2769592e+01,1.1102162e+02
4759,4.7580000e-01,3.6186854e+01,-4.2762334e+01,1.1097255e+02
4760,4.7590000e-01,3.6296565e+01,-4.2756078e+01,1.1093210e+02
4761,4.7600000e-01,3.6378915e+01,-4.2750832e+01,1.1090077e+02
4762,4.7610000e-01,3.6433022e+01,-4.2746606e+01,1.1087894e+02
4763,4.7620000e-01,3.6458255e+01,-4.2743397e+01,1.1086690e+02
4764,4.7630000e-01,3.6454269e+01,-4.2741197e+01,1.1086482e+02
4765,4.7640000e-01,3.6421012e+01,-4.2739983e+01,1.1087271e+02
4766,4.7650000e-01,3.6358719e+01,-4.2739736e+01,1.1089049e+02
4767,4.7660000e-01,3.6267902e+01,-4.2740423e+01,1.1091792e+02
4768,4.7670000e-01,3.6149328e+01,-4.2742000e+01,1.1095466e+02
4769,4.7680000e-01,3.6003994e+01,-4.2744410e+01,1.1100027e+02
4770,4.7690000e-01,3.5833087e+01,-4.2747591e+01,1.1105424e+02
4771,4.7700000e-01,3.5637928e+01,-4.2751476e+01,1.1111597e+02
4772,4.7710000e-01,3.5419944e+01,-4.2755994e+01,1.1118485e+02
4773,4.7720000e-01,3.5180629e+01,-4.2761061e+01,1.1126021e+02
4774,4.7730000e-01,3.4921507e+01,-4.2766595e+01,1.1134139e+02
4775,4.7740000e-01,3.4644102e+01,-4.2772512e+01,1.1142771e+02
4776,4.7750000e-01,3.4349906e+01,-4.2778728e+01,1.1151852e+02
4777,4.7760000e-01,3.4040358e+01,-4.2785162e+01,1.1161319e+02
4778,4.7770000e-01,3.3716829e+01,-4.2791733e+01,1.1171113e+02
4779,4.7780000e-01,3.3380608e+01,-4.2798368e+01,1.1181176e+02
4780,4.7790000e-01,3.3032895e+01,-4.2804998e+01,1.1191456e+02
4781,4.7800000e-01,3.2674802e+01,-4.2811558e+01,1.1201904e+02
4782,4.7810000e-01,3.2307347e+01,-4.2817991e+01,1.1212475e+02
4783,4.7820000e-01,3.1931465e+01,-4.2824246e+01,1.1223126e+02
4784,4.7830000e-01,3.1548007e+01,-4.2830280e+01,1.1233820e+02
4785,4.7840000e-01,3.1157749e+01,-4.2836054e+01,1.1244522e+02
4786,4.7850000e-01,3.0761395e+01,-4.2841536e+01,1.1255201e+02
4787,4.7860000e-01,3.0359583e+01,-4.2846698e+01,1.1265828e+02
4788,4.7870000e-01,2.9952892e+01,-4.2851514e+01,1.1276378e+02
4789,4.7880000e-01,2.9541843e+01,-4.2855963e+01,1.1286829e+02
4790,4.7890000e-01,2.9126892e+01,-4.2860024e+01,1.1297164e+02
4791,4.7900000e-01,2.8708426e+01,-4.2863675e+01,1.1307366e+02
4792,4.7910000e-01,2.8286777e+01,-4.2866894e+01,1.1317424e+02
4793,4.7920000e-01,2.7862244e+01,-4.2869664e+01,1.1327325e+02
4794,4.7930000e-01,2.7435108e+01,-4.2871970e+01,1.1337057e+02
4795,4.7940000e-01,2.7005638e+01,-4.2873810e+01,1.1346609e+02
4796,4.7950000e-01,2.6574084e+01,-4.2875183e+01,1.1355970e+02
4797,4.7960000e-01,2.6140684e+01,-4.2876095e+01,1.1365128e+02
4798,4.7970000e-01,2.5705670e+01,-4.2876557e+01,1.1374074e+02
4799,4.7980000e-01,2.5269268e+01,-4.2876584e+01,1.1382796e+02
4800,4.7990000e-01,2.4831696e+01,-4.2876204e+01,1.1391281e+02
4801,4.8000000e-01,2.4393177e+01,-4.2875454e+01,1.1399516e+02
4802,4.8010000e-01,2.3953967e+01,-4.2874386e+01,1.1407478e+02
4803,4.8020000e-01,2.3514397e+01,-4.2873073e+01,1.1415147e+02
4804,4.8030000e-01,2.3074858e+01,-4.2871600e+01,1.1422511e+02
4805,4.8040000e-01,2.2635728e+01,-4.2870050e+01,1.1429563e+02
4806,4.8050000e-01,2.2197332e+01,-4.2868475e+01,1.1436301e+02
4807,4.8060000e-01,2.1759940e+01,-4.2866902e+01,1.1442727e+02
4808,4.8070000e-01,2.1323790e+01,-4.2865352e+01,1.1448841e+02
4809,4.8080000e-01,2.0889108e+01,-4.2863828e+01,1.1454642e+02
4810,4.8090000e-01,2.0456112e+01,-4.2862326e+01,1.1460132e+02
4811,4.8100000e-01,2.0025015e+01,-4.2860844e+01,1.1465314e+02
4812,4.8110000e-01,1.9596024e+01,-4.2859383e+01,1.1470190e+02
4813,4.8120000e-01,1.9169356e+01,-4.2857947e+01,1.1474762e+02
4814,4.8130000e-01,1.8745238e+01,-4.2856546e+01,1.1479035e+02
4815,4.8140000e-01,1.8323913e+01,-4.2855195e+01,1.1483011e+02
4816,4.8150000e-01,1.7905638e+01,-4.2853914e+01,1.1486694e+02
4817,4.8160000e-01,1.7490689e+01,-4.2852724e+01,1.1490089e+02
4818,4.8170000e-01,1.7079358e+01,-4.2851648e+01,1.1493199e+02
4819,4.8180000e-01,1.6671956e+01,-4.2850708e+01,1.1496031e+02
4820,4.8190000e-01,1.6268817e+01,-4.2849931e+01,1.1498589e+02
4821,4.8200000e-01,1.5870296e+01,-4.2849350e+01,1.1500879e+02
4822,4.8210000e-01,1.5476773e+01,-4.2848998e+01,1.1502908e+02
4823,4.8220000e-01,1.5088656e+01,-4.2848910e+01,1.1504680e+02
4824,4.8230000e-01,1.4706383e+01,-4.2849118e+01,1.1506205e+02
4825,4.8240000e-01,1.4330432e+01,-4.2849644e+01,1.1507488e+02
4826,4.8250000e-01,1.3961322e+01,-4.2850501e+01,1.1508540e+02
4827,4.8260000e-01,1.3599617e+01,-4.2851679e+01,1.1509371e+02
4828,4.8270000e-01,1.3245926e+01,-4.2853161e+01,1.1509993e+02
4829,4.8280000e-01,1.2900909e+01,-4.2854923e+01,1.1510420e+02
4830,4.8290000e-01,1.2565263e+01,-4.2856951e+01,1.1510668e+02
4831,4.8300000e-01,1.2239726e+01,-4.2859242e+01,1.1510752e+02
4832,4.8310000e-01,1.1925070e+01,-4.2861808e+01,1.1510689e+02
4833,4.8320000e-01,1.1622105e+01,-4.2864656e+01,1.1510495e+02
4834,4.8330000e-01,1.1331677e+01,-4.2867805e+01,1.1510187e+02
4835,4.8340000e-01,1.1054669e+01,-4.2871270e+01,1.1509784e+02
4836,4.8350000e-01,1.0791992e+01,-4.2875067e+01,1.1509302e+02
4837,4.8360000e-01,1.0544579e+01,-4.2879215e+01,1.1508762e+02
4838,4.8370000e-01,1.0313383e+01,-4.2883729e+01,1.1508183e+02
4839,4.8380000e-01,1.0099366e+01,-4.2888616e+01,1.1507583e+02
4840,4.8390000e-01,9.9034925e+00,-4.2893887e+01,1.1506983e+02
4841,4.8400000e-01,9.7267157e+00,-4.2899555e+01,1.1506398e+02
4842,4.8410000e-01,9.5699618e+00,-4.2905638e+01,1.1505849e+02
4843,4.8420000e-01,9.4341088e+00,-4.2912142e+01,1.1505350e+02
4844,4.8430000e-01,9.3199714e+00,-4.2919072e+01,1.1504916e+02
4845,4.8440000e-01,9.2282736e+00,-4.2926428e+01,1.1504562e+02
4846,4.8450000e-01,9.1596374e+00,-4.2934203e+01,1.1504299e+02
4847,4.8460000e-01,9.1145706e+00,-4.2942390e+01,1.1504133e+02
4848,4.8470000e-01,9.0934493e+00,-4.2950979e+01,1.1504072e+02
4849,4.8480000e-01,9.0965090e+00,-4.2959956e+01,1.1504115e+02
4850,4.8490000e-01,9.1238457e+00,-4.2969302e+01,1.1504263e+02
4851,4.8500000e-01,9.1754023e+00,-4.2978997e+01,1.1504511e+02
4852,4.8510000e-01,9.2509666e+00,-4.2989016e+01,1.1504851e+02
4853,4.8520000e-01,9.3501731e+00,-4.2999325e+01,1.1505274e+02
4854,4.8530000e-01,9.4725125e+00,-4.3009890e+01,1.1505766e+02
4855,4.8540000e-01,9.6173445e+00,-4.3020672e+01,1.1506313e+02
4856,4.8550000e-01,9.7839053e+00,-4.3031626e+01,1.1506898e+02
4857,4.8560000e-01,9.9713365e+00,-4.3042708e+01,1.1507504e+02
4858,4.8570000e-01,1.0178710e+01,-4.3053871e+01,1.1508110e+02
4859,4.8580000e-01,1.0405046e+01,-4.3065067e+01,1.1508697e+02
4860,4.8590000e-01,1.0649332e+01,-4.3076251e+01,1.1509244e+02
4861,4.8600000e-01,1.0910533e+01,-4.3087373e+01,1.1509732e+02
4862,4.8610000e-01,1.1187616e+01,-4.3098386e+01,1.1510140e+02
4863,4.8620000e-01,1.1479553e+01,-4.3109243e+01,1.1510450e+02
4864,4.8630000e-01,1.1785343e+01,-4.3119895e+01,1.1510643e+02
4865,4.8640000e-01,1.2104016e+01,-4.3130299e+01,1.1510702e+02
4866,4.8650000e-01,1.2434635e+01,-4.3140410e+01,1.1510612e+02
4867,4.8660000e-01,1.2776301e+01,-4.3150185e+01,1.1510356e+02
4868,4.8670000e-01,1.3128157e+01,-4.3159583e+01,1.1509921e+02
4869,4.8680000e-01,1.3489393e+01,-4.3168564e+01,1.1509296e+02
4870,4.8690000e-01,1.3859252e+01,-4.3177094e+01,1.1508466e+02
4871,4.8700000e-01,1.4237026e+01,-4.3185155e+01,1.1507420e+02
4872,4.8710000e-01,1.4622058e+01,-4.3192719e+01,1.1506147e+02
4873,4.8720000e-01,1.5013736e+01,-4.3199758e+01,1.1504638e+02
4874,4.8730000e-01,1.5411490e+01,-4.3206242e+01,1.1502888e+02
4875,4.8740000e-01,1.5814797e+01,-4.3212161e+01,1.1500884e+02
4876,4.8750000e-01,1.6223175e+01,-4.3217500e+01,1.1498622e+02
4877,4.8760000e-01,1.6636170e+01,-4.3222236e+01,1.1496095e+02
4878,4.8770000e-01,1.7053355e+01,-4.3226345e+01,1.1493302e+02
4879,4.8780000e-01,1.7474352e+01,-4.3229815e+01,1.1490234e+02
4880,4.8790000e-01,1.7898820e+01,-4.3232620e+01,1.1486888e+02
4881,4.8800000e-01,1.8326423e+01,-4.3234726e+01,1.1483264e+02
4882,4.8810000e-01,1.8756835e+01,-4.3236095e+01,1.1479360e+02
4883,4.8820000e-01,1.9189759e+01,-4.3236691e+01,1.1475183e+02
4884,4.8830000e-01,1.9624963e+01,-4.3236504e+01,1.1470725e+02
4885,4.8840000e-01,2.0062226e+01,-4.3235532e+01,1.1465984e+02
4886,4.8850000e-01,2.0501307e+01,-4.3233770e+01,1.1460961e+02
4887,4.8860000e-01,2.0941974e+01,-4.3231212e+01,1.1455663e+02
4888,4.8870000e-01,2.1383985e+01,-4.3227850e+01,1.1450094e+02
4889,4.8880000e-01,2.1827083e+01,-4.3223675e+01,1.1444252e+02
4890,4.8890000e-01,2.2271001e+01,-4.3218688e+01,1.1438139e+02
4891,4.8900000e-01,2.2715463e+01,-4.3212895e+01,1.1431752e+02
4892,4.8910000e-01,2.3160181e+01,-4.3206304e+01,1.1425094e+02
4893,4.8920000e-01,2.3604869e+01,-4.3198936e+01,1.1418165e+02
4894,4.8930000e-01,2.4049228e+01,-4.3190825e+01,1.1410965e+02
4895,4.8940000e-01,2.4492962e+01,-4.3182021e+01,1.1403494e+02
4896,4.8950000e-01,2.4935785e+01,-4.3172582e+01,1.1395756e+02
4897,4.8960000e-01,2.5377416e+01,-4.3162570e+01,1.1387753e+02
4898,4.8970000e-01,2.5817578e+01,-4.3152036e+01,1.1379491e+02
4899,4.8980000e-01,2.6256004e+01,-4.3141009e+01,1.1370979e+02
4900,4.8990000e-01,2.6692437e+01,-4.3129490e+01,1.1362229e+02
4901,4.9000000e-01,2.7126627e+01,-4.3117453e+01,1.1353253e+02
4902,4.9010000e-01,2.7558306e+01,-4.3104909e+01,1.1344054e+02
4903,4.9020000e-01,2.7987156e+01,-4.3091899e+01,1.1334637e+02
4904,4.9030000e-01,2.8412808e+01,-4.3078480e+01,1.1325006e+02
4905,4.9040000e-01,2.8834838e+01,-4.3064713e+01,1.1315176e+02
4906,4.9050000e-01,2.9252809e+01,-4.3050654e+01,1.1305164e+02
4907,4.9060000e-01,2.9666283e+01,-4.3036346e+01,1.1294988e+02
4908,4.9070000e-01,3.0074817e+01,-4.3021837e+01,1.1284665e+02
4909,4.9080000e-01,3.0477949e+01,-4.3007181e+01,1.1274214e+02
4910,4.9090000e-01,3.0875187e+01,-4.2992429e+01,1.1263656e+02
4911,4.9100000e-01,3.1266004e+01,-4.2977629e+01,1.1253012e+02
4912,4.9110000e-01,3.1649824e+01,-4.2962834e+01,1.1242309e+02
4913,4.9120000e-01,3.2026022e+01,-4.2948096e+01,1.1231574e+02
4914,4.9130000e-01,3.2393913e+01,-4.2933472e+01,1.1220840e+02
4915,4.9140000e-01,3.2752744e+01,-4.2919016e+01,1.1210141e+02
4916,4.9150000e-01,3.3101699e+01,-4.2904782e+01,1.1199516e+02
4917,4.9160000e-01,3.3439888e+01,-4.2890822e+01,1.1189007e+02
4918,4.9170000e-01,3.3766478e+01,-4.2876955e+01,1.1178686e+02
4919,4.9180000e-01,3.4080588e+01,-4.2863218e+01,1.1168618e+02
4920,4.9190000e-01,3.4381222e+01,-4.2849751e+01,1.1158865e+02
4921,4.9200000e-01,3.4667250e+01,-4.2836721e+01,1.1149478e+02
4922,4.9210000e-01,3.4937413e+01,-4.2824264e+01,1.1140512e+02
4923,4.9220000e-01,3.5190349e+01,-4.2812482e+01,1.1132023e+02
4924,4.9230000e-01,3.5424620e+01,-4.2801467e+01,1.1124068e+02
4925,4.9240000e-01,3.5638737e+01,-4.2791278e+01,1.1116711e+02
4926,4.9250000e-01,3.5831200e+01,-4.2781975e+01,1.1110013e+02
4927,4.9260000e-01,3.6000527e+01,-4.2773612e+01,1.1104038e+02
4928,4.9270000e-01,3.6145304e+01,-4.2766226e+01,1.1098848e+02
4929,4.9280000e-01,3.6264228e+01,-4.2759846e+01,1.1094499e+02
4930,4.9290000e-01,3.6356139e+01,-4.2754483e+01,1.1091044e+02
4931,4.9300000e-01,3.6420079e+01,-4.2750142e+01,1.1088527e+02
4932,4.9310000e-01,3.6455324e+01,-4.2746826e+01,1.1086979e+02
4933,4.9320000e-01,3.6461435e+01,-4.2744526e+01,1.1086421e+02
4934,4.9330000e-01,3.6438259e+01,-4.2743222e+01,1.1086860e+02
4935,4.9340000e-01,3.6385922e+01,-4.2742893e+01,1.1088292e+02
4936,4.9350000e-01,3.6304830e+01,-4.2743509e+01,1.1090698e+02
4937,4.9360000e-01,3.6195662e+01,-4.2745026e+01,1.1094049e+02
4938,4.9370000e-01,3.6059338e+01,-4.2747391e+01,1.1098304e+02
4939,4.9380000e-01,3.5896979e+01,-4.2750543e+01,1.1103414e+02
4940,4.9390000e-01,3.5709869e+01,-4.2754415e+01,1.1109321e+02
4941,4.9400000e-01,3.5499406e+01,-4.2758934e+01,1.1115966e+02
4942,4.9410000e-01,3.5267065e+01,-4.2764020e+01,1.1123282e+02
4943,4.9420000e-01,3.5014372e+01,-4.2769589e+01,1.1131204e+02
4944,4.9430000e-01,3.4742862e+01,-4.2775553e+01,1.1139663e+02
4945,4.9440000e-01,3.4454049e+01,-4.2781829e+01,1.1148595e+02
4946,4.9450000e-01,3.4149400e+01,-4.2788332e+01,1.1157934e+02
4947,4.9460000e-01,3.3830315e+01,-4.2794982e+01,1.1167620e+02
4948,4.9470000e-01,3.3498115e+01,-4.2801702e+01,1.1177595e+02
4949,4.9480000e-01,3.3154035e+01,-4.2808422e+01,1.1187805e+02
4950,4.9490000e-01,3.2799218e+01,-4.2815075e+01,1.1198200e+02
4951,4.9500000e-01,3.2434717e+01,-4.2821602e+01,1.1208732e+02
4952,4.9510000e-01,3.2061496e+01,-4.2827950e+01,1.1219359e+02
4953,4.9520000e-01,3.1680437e+01,-4.2834074e+01,1.1230041e+02
4954,4.9530000e-01,3.1292339e+01,-4.2839935e+01,1.1240743e+02
4955,4.9540000e-01,3.0897930e+01,-4.2845498e+01,1.1251432e+02
4956,4.9550000e-01,3.0497867e+01,-4.2850735e+01,1.1262079e+02
4957,4.9560000e-01,3.0092746e+01,-4.2855621e+01,1.1272657e+02
4958,4.9570000e-01,2.9683105e+01,-4.2860135e+01,1.1283144e+02
4959,4.9580000e-01,2.9269423e+01,-4.2864256e+01,1.1293520e+02
4960,4.9590000e-01,2.8852104e+01,-4.2867965e+01,1.1303769e+02
4961,4.9600000e-01,2.8431492e+01,-4.2871238e+01,1.1313878e+02
4962,4.9610000e-01,2.8007894e+01,-4.2874057e+01,1.1323835e+02
4963,4.9620000e-01,2.7581592e+01,-4.2876408e+01,1.1333628e+02
4964,4.9630000e-01,2.7152857e+01,-4.2878283e+01,1.1343245e+02
4965,4.9640000e-01,2.6721949e+01,-4.2879682e+01,1.1352676e+02
4966,4.9650000e-01,2.6289115e+01,-4.2880609e+01,1.1361909e+02
4967,4.9660000e-01,2.5854591e+01,-4.2881073e+01,1.1370933e+02
4968,4.9670000e-01,2.5418603e+01,-4.2881088e+01,1.1379738e+02
4969,4.9680000e-01,2.4981371e+01,-4.2880680e+01,1.1388311e+02
4970,4.9690000e-01,2.4543115e+01,-4.2879881e+01,1.1396639e+02
4971,4.9700000e-01,2.4104075e+01,-4.2878741e+01,1.1404702e+02
4972,4.9710000e-01,2.3664560e+01,-4.2877327e+01,1.1412478e+02
4973,4.9720000e-01,2.3224954e+01,-4.2875723e+01,1.1419952e+02
4974,4.9730000e-01,2.2785647e+01,-4.2874017e+01,1.1427116e+02
4975,4.9740000e-01,2.2346976e+01,-4.2872270e+01,1.1433967e+02
4976,4.9750000e-01,2.1909221e+01,-4.2870520e+01,1.1440505e+02
4977,4.9760000e-01,2.1472627e+01,-4.2868788e+01,1.1446731e+02
4978,4.9770000e-01,2.1037427e+01,-4.2867077e+01,1.1452643e+02
4979,4.9780000e-01,2.0603842e+01,-4.2865389e+01,1.1458245e+02
4980,4.9790000e-01,2.0172085e+01,-4.2863722e+01,1.1463537e+02
4981,4.9800000e-01,1.9742367e+01,-4.2862076e+01,1.1468521e+02
4982,4.9810000e-01,1.9314900e+01,-4.2860453e+01,1.1473202e+02
4983,4.9820000e-01,1.8889908e+01,-4.2858864e+01,1.1477581e+02
4984,4.9830000e-01,1.8467627e+01,-4.2857322e+01,1.1481662e+02
4985,4.9840000e-01,1.8048307e+01,-4.2855847e+01,1.1485448e+02
4986,4.9850000e-01,1.7632217e+01,-4.2854458e+01,1.1488945e+02
4987,4.9860000e-01,1.7219644e+01,-4.2853178e+01,1.1492156e+02
4988,4.9870000e-01,1.6810890e+01,-4.2852029e+01,1.1495086e+02
4989,4.9880000e-01,1.6406279e+01,-4.2851039e+01,1.1497741e+02
4990,4.9890000e-01,1.6006160e+01,-4.2850236e+01,1.1500126e+02
4991,4.9900000e-01,1.5610906e+01,-4.2849653e+01,1.1502246e+02
4992,4.9910000e-01,1.5220914e+01,-4.2849327e+01,1.1504109e+02
4993,4.9920000e-01,1.4836612e+01,-4.2849289e+01,1.1505721e+02
4994,4.9930000e-01,1.4458464e+01,-4.2849569e+01,1.1507089e+02
4995,4.9940000e-01,1.4086973e+01,-4.2850182e+01,1.1508222e+02
4996,4.9950000e-01,1.3722686e+01,-4.2851130e+01,1.1509130e+02
4997,4.9960000e-01,1.3366194e+01,-4.2852397e+01,1.1509825e+02
4998,4.9970000e-01,1.3018141e+01,-4.2853963e+01,1.1510319e+02
4999,4.9980000e-01,1.2679208e+01,-4.2855811e+01,1.1510629e+02
5000,4.9990000e-01,1.2350122e+01,-4.2857931e+01,1.1510769e+02
5001,5.0000000e-01,1.2031645e+01,-4.2860321e+01,1.1510756e+02
