No,TIME,Acc_TX@StRq3,Acc_TY@StRq3,Acc_TZ@StRq3
1,0.0000000e+00,-9.8066500e+03,3.8578397e-08,-1.2700248e-08
2,1.0000000e-04,-1.5322277e+04,1.5165904e+03,-5.2957371e+02
3,2.0000000e-04,-1.8828780e+04,2.1910703e+03,-9.8429049e+02
4,3.0000000e-04,-2.1104099e+04,2.5628564e+03,-1.3900346e+03
5,4.0000000e-04,-2.5272427e+04,3.2503317e+03,-1.9866068e+03
6,5.0000000e-04,-3.0735843e+04,3.6178527e+03,-2.7112302e+03
7,6.0000000e-04,-3.4289384e+04,2.6078190e+03,-3.1405922e+03
8,7.0000000e-04,-3.6658726e+04,5.7884152e+02,-3.2400065e+03
9,8.0000000e-04,-3.8583412e+04,-1.4690585e+03,-2.9271482e+03
10,9.0000000e-04,-3.9984856e+04,-2.4845608e+03,-2.4083218e+03
11,1.0000000e-03,-4.0859509e+04,-2.8004844e+03,-1.7499558e+03
12,1.1000000e-03,-4.1289786e+04,-2.5271538e+03,-1.1365526e+03
13,1.2000000e-03,-4.1333715e+04,-2.1622441e+03,-8.2459584e+02
14,1.3000000e-03,-4.1244224e+04,-1.7534740e+03,-4.9939261e+02
15,1.4000000e-03,-4.1057800e+04,-1.3683392e+03,-1.6127164e+02
16,1.5000000e-03,-4.0817254e+04,-1.0188841e+03,1.0260556e+02
17,1.6000000e-03,-4.0544722e+04,-7.3218797e+02,3.0287881e+02
18,1.7000000e-03,-4.0250680e+04,-5.0439863e+02,4.1077876e+02
19,1.8000000e-03,-3.9968689e+04,-3.4254100e+02,5.0447573e+02
20,1.9000000e-03,-3.9729877e+04,-2.2054505e+02,6.1988065e+02
21,2.0000000e-03,-3.9524588e+04,-1.0708282e+02,6.8901789e+02
22,2.1000000e-03,-3.9344705e+04,-1.1794353e+01,7.2606526e+02
23,2.2000000e-03,-3.9171182e+04,6.8076745e+01,7.0330841e+02
24,2.3000000e-03,-3.9015632e+04,1.1887214e+02,6.8997828e+02
25,2.4000000e-03,-3.8879947e+04,1.5920304e+02,6.7796928e+02
26,2.5000000e-03,-3.8773804e+04,1.9234650e+02,6.9862123e+02
27,2.6000000e-03,-3.8674160e+04,2.3518150e+02,6.9052306e+02
28,2.7000000e-03,-3.8568925e+04,2.7272072e+02,6.6542417e+02
29,2.8000000e-03,-3.8439644e+04,3.0406892e+02,5.9732813e+02
30,2.9000000e-03,-3.8304940e+04,2.8360729e+02,5.4078469e+02
31,3.0000000e-03,-3.8167891e+04,2.9072127e+02,4.9555403e+02
32,3.1000000e-03,-3.8024896e+04,3.0386335e+02,4.5462948e+02
33,3.2000000e-03,-3.7887372e+04,3.1356913e+02,4.4521063e+02
34,3.3000000e-03,-3.7736961e+04,3.3108067e+02,4.1422450e+02
35,3.4000000e-03,-3.7565978e+04,3.4305515e+02,3.7215678e+02
36,3.5000000e-03,-3.7374741e+04,3.4744237e+02,3.2530630e+02
37,3.6000000e-03,-3.7165297e+04,3.4551273e+02,2.7666317e+02
38,3.7000000e-03,-3.6939355e+04,3.3893440e+02,2.2757431e+02
39,3.8000000e-03,-3.6685069e+04,3.3065602e+02,1.5190204e+02
40,3.9000000e-03,-3.6417144e+04,3.0986837e+02,9.5024862e+01
41,4.0000000e-03,-3.6141167e+04,2.8843180e+02,4.7587159e+01
42,4.1000000e-03,-3.5856062e+04,2.6863503e+02,4.3929685e+00
43,4.2000000e-03,-3.5559627e+04,2.4994009e+02,-3.6841628e+01
44,4.3000000e-03,-3.5248234e+04,2.5840687e+02,-7.2333587e+01
45,4.4000000e-03,-3.4922653e+04,2.3889836e+02,-1.1021422e+02
46,4.5000000e-03,-3.4584280e+04,2.1277366e+02,-1.4918573e+02
47,4.6000000e-03,-3.4233365e+04,1.8628968e+02,-1.8814704e+02
48,4.7000000e-03,-3.3869793e+04,1.6062133e+02,-2.2655717e+02
49,4.8000000e-03,-3.3493478e+04,1.3561158e+02,-2.6417380e+02
50,4.9000000e-03,-3.3104467e+04,1.1088852e+02,-3.0087985e+02
51,5.0000000e-03,-3.2702906e+04,8.6176577e+01,-3.3660275e+02
52,5.1000000e-03,-3.2288993e+04,6.1345793e+01,-3.7127993e+02
53,5.2000000e-03,-3.1862936e+04,3.6382146e+01,-4.0484421e+02
54,5.3000000e-03,-3.1424930e+04,1.1345762e+01,-4.3721748e+02
55,5.4000000e-03,-3.0975496e+04,-1.3694411e+01,-4.6834193e+02
56,5.5000000e-03,-3.0516859e+04,-3.8797198e+01,-4.9767728e+02
57,5.6000000e-03,-3.0055054e+04,-6.4496558e+01,-5.0483923e+02
58,5.7000000e-03,-2.9588284e+04,-8.3016977e+01,-5.1931252e+02
59,5.8000000e-03,-2.9117895e+04,-1.0097781e+02,-5.3329476e+02
60,5.9000000e-03,-2.8644811e+04,-1.1860742e+02,-5.4239548e+02
61,6.0000000e-03,-2.8168087e+04,-1.3460533e+02,-5.4562212e+02
62,6.1000000e-03,-2.7685632e+04,-1.4771845e+02,-5.5960936e+02
63,6.2000000e-03,-2.7197504e+04,-1.6347525e+02,-5.5609547e+02
64,6.3000000e-03,-2.6697925e+04,-1.7571448e+02,-5.3668697e+02
65,6.4000000e-03,-2.6187022e+04,-1.8124061e+02,-4.9046043e+02
66,6.5000000e-03,-2.5663234e+04,-1.9402507e+02,-4.4927767e+02
67,6.6000000e-03,-2.5124694e+04,-1.8068866e+02,-4.2859169e+02
68,6.7000000e-03,-2.4567513e+04,-1.6785072e+02,-3.9592648e+02
69,6.8000000e-03,-2.3986487e+04,-1.5429588e+02,-3.2863701e+02
70,6.9000000e-03,-2.3380605e+04,-1.2999588e+02,-2.9014677e+02
71,7.0000000e-03,-2.2748362e+04,-1.0983082e+02,-2.4531464e+02
72,7.1000000e-03,-2.2079592e+04,-8.8594614e+01,-1.7522895e+02
73,7.2000000e-03,-2.1380642e+04,-5.8735054e+01,-1.3536415e+02
74,7.3000000e-03,-2.0644156e+04,-3.2398581e+01,-7.2916693e+01
75,7.4000000e-03,-1.9863920e+04,-5.9660693e-02,-2.7716775e+01
76,7.5000000e-03,-1.9053102e+04,2.8477202e+01,-1.4799938e+01
77,7.6000000e-03,-1.8193209e+04,4.7171379e+01,1.9190091e+01
78,7.7000000e-03,-1.7303210e+04,7.3536211e+01,1.8225284e+01
79,7.8000000e-03,-1.6358042e+04,8.3690303e+01,1.8874507e+01
80,7.9000000e-03,-1.5384144e+04,8.7456599e+01,-1.8849853e+01
81,8.0000000e-03,-1.4355478e+04,8.0776968e+01,-6.1147808e+01
82,8.1000000e-03,-1.3312209e+04,6.2812473e+01,-1.3278538e+02
83,8.2000000e-03,-1.2227998e+04,3.3660155e+01,-2.1501819e+02
84,8.3000000e-03,-1.1144269e+04,-1.0846989e+01,-3.1995273e+02
85,8.4000000e-03,-1.0059189e+04,-6.7680444e+01,-4.3874553e+02
86,8.5000000e-03,-8.9298930e+03,-1.4749675e+02,-5.7569983e+02
87,8.6000000e-03,-7.8209338e+03,-2.3629871e+02,-7.0930790e+02
88,8.7000000e-03,-6.6841785e+03,-3.2218330e+02,-8.5592305e+02
89,8.8000000e-03,-5.5384574e+03,-4.1090177e+02,-9.9390155e+02
90,8.9000000e-03,-4.4385037e+03,-5.0028330e+02,-1.1059231e+03
91,9.0000000e-03,-3.3481412e+03,-5.7731599e+02,-1.2121984e+03
92,9.1000000e-03,-2.2011022e+03,-6.4264340e+02,-1.3246456e+03
93,9.2000000e-03,-1.0349564e+03,-7.1581936e+02,-1.4121839e+03
94,9.3000000e-03,9.0445817e+01,-8.0085403e+02,-1.4588216e+03
95,9.4000000e-03,1.2187435e+03,-8.7924151e+02,-1.5002180e+03
96,9.5000000e-03,2.4234384e+03,-9.5000133e+02,-1.5553440e+03
97,9.6000000e-03,3.6700154e+03,-1.0309423e+03,-1.5816697e+03
98,9.7000000e-03,4.9477007e+03,-1.1265020e+03,-1.5890196e+03
99,9.8000000e-03,6.2153788e+03,-1.2446302e+03,-1.5596140e+03
100,9.9000000e-03,7.5277841e+03,-1.3528407e+03,-1.5384078e+03
101,1.0000000e-02,8.9266360e+03,-1.4616966e+03,-1.5172444e+03
102,1.0100000e-02,1.0400303e+04,-1.5834505e+03,-1.4935409e+03
103,1.0200000e-02,1.1994971e+04,-1.7025745e+03,-1.4932012e+03
104,1.0300000e-02,1.3651483e+04,-1.8542124e+03,-1.4702746e+03
105,1.0400000e-02,1.5315359e+04,-2.0257990e+03,-1.4404501e+03
106,1.0500000e-02,1.6983859e+04,-2.2046884e+03,-1.4142008e+03
107,1.0600000e-02,1.8635402e+04,-2.3011673e+03,-1.3869209e+03
108,1.0700000e-02,2.0288120e+04,-2.2329576e+03,-1.3085117e+03
109,1.0800000e-02,2.2035965e+04,-1.9748073e+03,-1.2207642e+03
110,1.0900000e-02,2.3958124e+04,-1.6397821e+03,-1.1048905e+03
111,1.1000000e-02,2.6014844e+04,-1.3590827e+03,-9.6674311e+02
112,1.1100000e-02,2.8140931e+04,-1.0941369e+03,-8.0270005e+02
113,1.1200000e-02,3.0306168e+04,-9.7866995e+02,-6.3726804e+02
114,1.1300000e-02,3.2426915e+04,-9.0077302e+02,-4.6951774e+02
115,1.1400000e-02,3.4536212e+04,-7.9762052e+02,-3.2101444e+02
116,1.1500000e-02,3.6610612e+04,-7.6967792e+02,-1.6088580e+02
117,1.1600000e-02,3.8615911e+04,-8.1003898e+02,-1.1669060e+01
118,1.1700000e-02,4.0536926e+04,-8.0136938e+02,1.3389517e+02
119,1.1800000e-02,4.2416249e+04,-7.7055421e+02,2.7515052e+02
120,1.1900000e-02,4.4309012e+04,-7.3389688e+02,4.1382158e+02
121,1.2000000e-02,4.6221757e+04,-6.4249017e+02,5.6049275e+02
122,1.2100000e-02,4.8150236e+04,-5.9912054e+02,7.0006590e+02
123,1.2200000e-02,5.0072984e+04,-5.6720868e+02,8.3358727e+02
124,1.2300000e-02,5.2011426e+04,-5.3735772e+02,9.6384289e+02
125,1.2400000e-02,5.3982772e+04,-5.0773025e+02,1.0931920e+03
126,1.2500000e-02,5.5986440e+04,-5.3260559e+02,1.2115399e+03
127,1.2600000e-02,5.8041685e+04,-5.0327727e+02,1.3367086e+03
128,1.2700000e-02,6.0133047e+04,-4.5889556e+02,1.4665142e+03
129,1.2800000e-02,6.2248244e+04,-4.1272700e+02,1.5980418e+03
130,1.2900000e-02,6.4384747e+04,-3.6944629e+02,1.7299538e+03
131,1.3000000e-02,6.6524340e+04,-3.2885323e+02,1.8608320e+03
132,1.3100000e-02,6.8687093e+04,-2.9280731e+02,1.9908521e+03
133,1.3200000e-02,7.0884522e+04,-2.6131203e+02,2.1205735e+03
134,1.3300000e-02,7.3115205e+04,-2.3258523e+02,2.2497083e+03
135,1.3400000e-02,7.5372789e+04,-2.0516030e+02,2.3776588e+03
136,1.3500000e-02,7.7671073e+04,-1.7979633e+02,2.5047888e+03
137,1.3600000e-02,7.9985646e+04,-1.5441863e+02,2.6300770e+03
138,1.3700000e-02,8.2301394e+04,-1.2845154e+02,2.7522338e+03
139,1.3800000e-02,8.4616011e+04,-1.0306686e+02,2.8708876e+03
140,1.3900000e-02,8.6931595e+04,-7.9223656e+01,2.9859875e+03
141,1.4000000e-02,8.9249707e+04,-5.7183847e+01,3.0974255e+03
142,1.4100000e-02,9.1555305e+04,2.6194949e+01,3.2173303e+03
143,1.4200000e-02,9.3865504e+04,4.3432890e+01,3.3252262e+03
144,1.4300000e-02,9.6183265e+04,4.6386341e+01,3.4243805e+03
145,1.4400000e-02,9.8503140e+04,5.0031892e+01,3.5169351e+03
146,1.4500000e-02,1.0081788e+05,5.7303515e+01,3.6035428e+03
147,1.4600000e-02,1.0312153e+05,6.7582242e+01,3.6842410e+03
148,1.4700000e-02,1.0540974e+05,7.9530350e+01,3.7588474e+03
149,1.4800000e-02,1.0770009e+05,9.0935082e+01,3.8280618e+03
150,1.4900000e-02,1.0996874e+05,1.0289159e+02,3.8908602e+03
151,1.5000000e-02,1.1220136e+05,1.1573786e+02,3.9458714e+03
152,1.5100000e-02,1.1439618e+05,1.2844294e+02,3.9926591e+03
153,1.5200000e-02,1.1655529e+05,1.4031683e+02,4.0311023e+03
154,1.5300000e-02,1.1867981e+05,1.5130269e+02,4.0610247e+03
155,1.5400000e-02,1.2076907e+05,1.6165747e+02,4.0821353e+03
156,1.5500000e-02,1.2282101e+05,1.7167293e+02,4.0940723e+03
157,1.5600000e-02,1.2483288e+05,1.8156570e+02,4.0964493e+03
158,1.5700000e-02,1.2678063e+05,1.9248914e+02,4.0878920e+03
159,1.5800000e-02,1.2868273e+05,2.0291090e+02,4.0686662e+03
160,1.5900000e-02,1.3054789e+05,2.1228549e+02,4.0393685e+03
161,1.6000000e-02,1.3237225e+05,2.2156758e+02,3.9996258e+03
162,1.6100000e-02,1.3414823e+05,2.3144857e+02,3.9487993e+03
163,1.6200000e-02,1.3586934e+05,2.4206836e+02,3.8863613e+03
164,1.6300000e-02,1.3753107e+05,2.5330969e+02,3.8119373e+03
165,1.6400000e-02,1.3913042e+05,2.6503777e+02,3.7251873e+03
166,1.6500000e-02,1.4066520e+05,2.7716675e+02,3.6258530e+03
167,1.6600000e-02,1.4213365e+05,2.8967868e+02,3.5137344e+03
168,1.6700000e-02,1.4353421e+05,3.0260140e+02,3.3886682e+03
169,1.6800000e-02,1.4488614e+05,3.1507725e+02,3.2514293e+03
170,1.6900000e-02,1.4616677e+05,3.2862543e+02,3.1013133e+03
171,1.7000000e-02,1.4736388e+05,3.4381867e+02,2.9373447e+03
172,1.7100000e-02,1.4847792e+05,3.5982757e+02,2.7594210e+03
173,1.7200000e-02,1.4951300e+05,3.7606615e+02,2.5677778e+03
174,1.7300000e-02,1.5046923e+05,3.3534562e+02,2.3495915e+03
175,1.7400000e-02,1.5134605e+05,3.5566038e+02,2.1257413e+03
176,1.7500000e-02,1.5214964e+05,3.8564235e+02,1.8932061e+03
177,1.7600000e-02,1.5288222e+05,4.1380022e+02,1.6495884e+03
178,1.7700000e-02,1.5354357e+05,4.3892648e+02,1.3937507e+03
179,1.7800000e-02,1.5413271e+05,4.6198173e+02,1.1252287e+03
180,1.7900000e-02,1.5464884e+05,4.8405239e+02,8.4386231e+02
181,1.8000000e-02,1.5509162e+05,5.0588680e+02,5.4966559e+02
182,1.8100000e-02,1.5546115e+05,5.2789394e+02,2.4275609e+02
183,1.8200000e-02,1.5573855e+05,5.5104690e+02,-7.7353361e+01
184,1.8300000e-02,1.5594505e+05,5.7407797e+02,-4.0996039e+02
185,1.8400000e-02,1.5609185e+05,5.9652837e+02,-7.5406682e+02
186,1.8500000e-02,1.5617849e+05,6.1913446e+02,-1.1093865e+03
187,1.8600000e-02,1.5620152e+05,6.4236194e+02,-1.4758341e+03
188,1.8700000e-02,1.5615879e+05,6.6620709e+02,-1.8532545e+03
189,1.8800000e-02,1.5605007e+05,6.9046140e+02,-2.2413900e+03
190,1.8900000e-02,1.5587651e+05,7.1491291e+02,-2.6399177e+03
191,1.9000000e-02,1.5563992e+05,7.3941092e+02,-3.0484839e+03
192,1.9100000e-02,1.5535153e+05,7.6333415e+02,-3.4667147e+03
193,1.9200000e-02,1.5499462e+05,7.8787288e+02,-3.8941548e+03
194,1.9300000e-02,1.5457675e+05,8.1250777e+02,-4.3307194e+03
195,1.9400000e-02,1.5410583e+05,8.3657485e+02,-4.7758172e+03
196,1.9500000e-02,1.5358543e+05,8.6010635e+02,-5.2290206e+03
197,1.9600000e-02,1.5301710e+05,8.8323879e+02,-5.6899910e+03
198,1.9700000e-02,1.5241923e+05,9.0532441e+02,-6.1580482e+03
199,1.9800000e-02,1.5177501e+05,9.2740846e+02,-6.6330445e+03
200,1.9900000e-02,1.5107763e+05,9.4973059e+02,-7.1150898e+03
201,2.0000000e-02,1.5033107e+05,9.7153908e+02,-7.6037981e+03
202,2.0100000e-02,1.4954192e+05,9.9233644e+02,-8.0986547e+03
203,2.0200000e-02,1.4871557e+05,1.0120261e+03,-8.5991995e+03
204,2.0300000e-02,1.4785572e+05,1.0306787e+03,-9.1050457e+03
205,2.0400000e-02,1.4696491e+05,1.0483613e+03,-9.6158496e+03
206,2.0500000e-02,1.4604510e+05,1.0650877e+03,-1.0131285e+04
207,2.0600000e-02,1.4509804e+05,1.0808284e+03,-1.0651036e+04
208,2.0700000e-02,1.4412541e+05,1.0955323e+03,-1.1174794e+04
209,2.0800000e-02,1.4312885e+05,1.1091427e+03,-1.1702256e+04
210,2.0900000e-02,1.4211002e+05,1.1216052e+03,-1.2233130e+04
211,2.1000000e-02,1.4107054e+05,1.1328711e+03,-1.2767129e+04
212,2.1100000e-02,1.4001202e+05,1.1428974e+03,-1.3303974e+04
213,2.1200000e-02,1.3893600e+05,1.1516482e+03,-1.3843397e+04
214,2.1300000e-02,1.3784197e+05,1.1882572e+03,-1.4378725e+04
215,2.1400000e-02,1.3673863e+05,1.1921143e+03,-1.4920383e+04
216,2.1500000e-02,1.3562390e+05,1.1904245e+03,-1.5465991e+04
217,2.1600000e-02,1.3448258e+05,1.1891657e+03,-1.6013956e+04
218,2.1700000e-02,1.3333041e+05,1.1879855e+03,-1.6563663e+04
219,2.1800000e-02,1.3217558e+05,1.1861918e+03,-1.7114481e+04
220,2.1900000e-02,1.3101784e+05,1.1837499e+03,-1.7666072e+04
221,2.2000000e-02,1.2985498e+05,1.1805733e+03,-1.8218202e+04
222,2.2100000e-02,1.2868572e+05,1.1764423e+03,-1.8770660e+04
223,2.2200000e-02,1.2751006e+05,1.1711393e+03,-1.9323245e+04
224,2.2300000e-02,1.2632874e+05,1.1645267e+03,-1.9875772e+04
225,2.2400000e-02,1.2514273e+05,1.1565478e+03,-2.0428065e+04
226,2.2500000e-02,1.2395304e+05,1.1471987e+03,-2.0979958e+04
227,2.2600000e-02,1.2276058e+05,1.1365016e+03,-2.1531284e+04
228,2.2700000e-02,1.2156614e+05,1.1244899e+03,-2.2081884e+04
229,2.2800000e-02,1.2037039e+05,1.1112216e+03,-2.2631587e+04
230,2.2900000e-02,1.1917394e+05,1.0968197e+03,-2.3180207e+04
231,2.3000000e-02,1.1797731e+05,1.0813244e+03,-2.3727567e+04
232,2.3100000e-02,1.1678100e+05,1.0650268e+03,-2.4273435e+04
233,2.3200000e-02,1.1558535e+05,1.0477549e+03,-2.4817666e+04
234,2.3300000e-02,1.1439071e+05,1.0298121e+03,-2.5360042e+04
235,2.3400000e-02,1.1320283e+05,1.0002276e+03,-2.5902476e+04
236,2.3500000e-02,1.1201037e+05,9.8211996e+02,-2.6440763e+04
237,2.3600000e-02,1.1081614e+05,9.6552515e+02,-2.6975882e+04
238,2.3700000e-02,1.0963388e+05,9.4706709e+02,-2.7508829e+04
239,2.3800000e-02,1.0845292e+05,9.2674486e+02,-2.8039327e+04
240,2.3900000e-02,1.0726953e+05,9.0823280e+02,-2.8566460e+04
241,2.4000000e-02,1.0608472e+05,8.8841201e+02,-2.9090507e+04
242,2.4100000e-02,1.0490057e+05,8.6670877e+02,-2.9611699e+04
243,2.4200000e-02,1.0371979e+05,8.4796327e+02,-3.0128983e+04
244,2.4300000e-02,1.0254219e+05,8.2783278e+02,-3.0642874e+04
245,2.4400000e-02,1.0136713e+05,8.0617515e+02,-3.1153572e+04
246,2.4500000e-02,1.0019564e+05,7.8890418e+02,-3.1659727e+04
247,2.4600000e-02,9.9026572e+04,7.7035248e+02,-3.2161987e+04
248,2.4700000e-02,9.7858948e+04,7.5014847e+02,-3.2660631e+04
249,2.4800000e-02,9.6688049e+04,7.4176352e+02,-3.3152920e+04
250,2.4900000e-02,9.5524560e+04,7.2455180e+02,-3.3642348e+04
251,2.5000000e-02,9.4366717e+04,7.0963266e+02,-3.4127020e+04
252,2.5100000e-02,9.3211172e+04,6.9735227e+02,-3.4606231e+04
253,2.5200000e-02,9.2054803e+04,6.8287852e+02,-3.5080869e+04
254,2.5300000e-02,9.0897790e+04,6.7315262e+02,-3.5549729e+04
255,2.5400000e-02,8.9740426e+04,6.6615314e+02,-3.6012707e+04
256,2.5500000e-02,8.8581789e+04,6.5629142e+02,-3.6470911e+04
257,2.5600000e-02,8.7422267e+04,6.4883179e+02,-3.6923561e+04
258,2.5700000e-02,8.6267839e+04,6.3473704e+02,-3.7372221e+04
259,2.5800000e-02,8.5057058e+04,6.2208723e+02,-3.7779375e+04
260,2.5900000e-02,8.3834044e+04,6.2407303e+02,-3.8202734e+04
261,2.6000000e-02,8.2635855e+04,6.2475915e+02,-3.8631506e+04
262,2.6100000e-02,8.1463512e+04,6.2758906e+02,-3.9058107e+04
263,2.6200000e-02,8.0305843e+04,6.2490622e+02,-3.9480736e+04
264,2.6300000e-02,7.9145804e+04,6.2382941e+02,-3.9897123e+04
265,2.6400000e-02,7.7991432e+04,6.2443032e+02,-4.0306853e+04
266,2.6500000e-02,7.6840382e+04,6.2035103e+02,-4.0710713e+04
267,2.6600000e-02,7.5679688e+04,6.1111618e+02,-4.1108409e+04
268,2.6700000e-02,7.4508254e+04,5.9722940e+02,-4.1500454e+04
269,2.6800000e-02,7.3334965e+04,5.7936097e+02,-4.1887061e+04
270,2.6900000e-02,7.2145719e+04,5.6876067e+02,-4.2264958e+04
271,2.7000000e-02,7.0943317e+04,5.5933624e+02,-4.2635069e+04
272,2.7100000e-02,6.9725847e+04,5.5082105e+02,-4.2997609e+04
273,2.7200000e-02,6.8505556e+04,5.3831285e+02,-4.3353364e+04
274,2.7300000e-02,6.7282118e+04,5.2980259e+02,-4.3700219e+04
275,2.7400000e-02,6.6052900e+04,5.2083645e+02,-4.4038178e+04
276,2.7500000e-02,6.4825202e+04,5.0973721e+02,-4.4367607e+04
277,2.7600000e-02,6.3576769e+04,4.9044278e+02,-4.4688568e+04
278,2.7700000e-02,6.2308131e+04,4.6815135e+02,-4.5001351e+04
279,2.7800000e-02,6.1017790e+04,4.3500458e+02,-4.5308241e+04
280,2.7900000e-02,5.9722318e+04,4.1948890e+02,-4.5604244e+04
281,2.8000000e-02,5.8420269e+04,4.0704884e+02,-4.5887647e+04
282,2.8100000e-02,5.7120247e+04,4.0451722e+02,-4.6156748e+04
283,2.8200000e-02,5.5795129e+04,3.8282587e+02,-4.6415242e+04
284,2.8300000e-02,5.4430214e+04,3.3660940e+02,-4.6667197e+04
285,2.8400000e-02,5.3054646e+04,3.0803683e+02,-4.6907736e+04
286,2.8500000e-02,5.1685081e+04,3.0826409e+02,-4.7130785e+04
287,2.8600000e-02,5.0291041e+04,2.8764466e+02,-4.7340989e+04
288,2.8700000e-02,4.8869659e+04,2.6043949e+02,-4.7538548e+04
289,2.8800000e-02,4.7409235e+04,2.0344980e+02,-4.7726832e+04
290,2.8900000e-02,4.5939875e+04,1.7454418e+02,-4.7899261e+04
291,2.9000000e-02,4.4477590e+04,1.8441132e+02,-4.8049169e+04
292,2.9100000e-02,4.3019226e+04,1.5581166e+02,-4.8219955e+04
293,2.9200000e-02,4.1507419e+04,7.2952226e+01,-4.8362852e+04
294,2.9300000e-02,3.9952389e+04,3.3960427e+01,-4.8475904e+04
295,2.9400000e-02,3.8386205e+04,5.0606489e+01,-4.8552678e+04
296,2.9500000e-02,3.6783997e+04,3.1658180e+01,-4.8609536e+04
297,2.9600000e-02,3.5126091e+04,-4.0948259e+01,-4.8657094e+04
298,2.9700000e-02,3.3447803e+04,-7.1248784e+01,-4.8684147e+04
299,2.9800000e-02,3.1768213e+04,-4.2107972e+01,-4.8680696e+04
300,2.9900000e-02,3.0053731e+04,-5.8321787e+01,-4.8659232e+04
301,3.0000000e-02,2.8277864e+04,-1.3665940e+02,-4.8628043e+04
302,3.0100000e-02,2.6487352e+04,-1.6599639e+02,-4.8570160e+04
303,3.0200000e-02,2.4697933e+04,-1.2742269e+02,-4.8476417e+04
304,3.0300000e-02,2.2866465e+04,-1.3871042e+02,-4.8360883e+04
305,3.0400000e-02,2.0965250e+04,-2.1438877e+02,-4.8231303e+04
306,3.0500000e-02,1.9037480e+04,-1.8042992e+02,-4.8060432e+04
307,3.0600000e-02,1.7057989e+04,-1.8536373e+02,-4.7861973e+04
308,3.0700000e-02,1.5024464e+04,-2.0230351e+02,-4.7628956e+04
309,3.0800000e-02,1.2932147e+04,-2.7737615e+02,-4.7375456e+04
310,3.0900000e-02,1.0794019e+04,-2.8848838e+02,-4.7084331e+04
311,3.1000000e-02,8.6020376e+03,-2.1893059e+02,-4.6740438e+04
312,3.1100000e-02,6.2964832e+03,-2.0106045e+02,-4.6326921e+04
313,3.1200000e-02,3.8836579e+03,-2.5407880e+02,-4.5892279e+04
314,3.1300000e-02,1.3904443e+03,-2.4664244e+02,-4.5412490e+04
315,3.1400000e-02,-1.1785227e+03,-1.6170279e+02,-4.4870928e+04
316,3.1500000e-02,-3.8745264e+03,-1.3412816e+02,-4.4267789e+04
317,3.1600000e-02,-6.7236537e+03,-1.1748083e+02,-4.3596632e+04
318,3.1700000e-02,-9.7556296e+03,-1.5533535e+02,-4.2854281e+04
319,3.1800000e-02,-1.2960437e+04,-1.1825217e+02,-4.2015292e+04
320,3.1900000e-02,-1.6318614e+04,1.2613900e+01,-4.1064782e+04
321,3.2000000e-02,-1.9847155e+04,9.5459808e+01,-4.0011047e+04
322,3.2100000e-02,-2.3508303e+04,1.7568292e+02,-3.8858273e+04
323,3.2200000e-02,-2.7166198e+04,2.6689872e+02,-3.7658507e+04
324,3.2300000e-02,-3.0790347e+04,3.1490715e+02,-3.6447052e+04
325,3.2400000e-02,-3.4346203e+04,4.4046043e+02,-3.5252462e+04
326,3.2500000e-02,-3.7818005e+04,5.8877743e+02,-3.4085925e+04
327,3.2600000e-02,-4.1303046e+04,7.4195023e+02,-3.2899064e+04
328,3.2700000e-02,-4.4809131e+04,8.9543019e+02,-3.1720694e+04
329,3.2800000e-02,-4.8371486e+04,1.0326555e+03,-3.0587977e+04
330,3.2900000e-02,-5.2010576e+04,1.1850326e+03,-2.9486562e+04
331,3.3000000e-02,-5.5811310e+04,1.2486282e+03,-2.8312865e+04
332,3.3100000e-02,-5.9882452e+04,1.2985390e+03,-2.7053960e+04
333,3.3200000e-02,-6.4202326e+04,1.3438441e+03,-2.5853782e+04
334,3.3300000e-02,-6.8760544e+04,1.3514689e+03,-2.4516598e+04
335,3.3400000e-02,-7.3634939e+04,1.3538826e+03,-2.3318585e+04
336,3.3500000e-02,-7.8843062e+04,1.2806485e+03,-2.2175389e+04
337,3.3600000e-02,-8.4463361e+04,1.1317672e+03,-2.1109793e+04
338,3.3700000e-02,-9.0693683e+04,8.9142938e+02,-2.0201569e+04
339,3.3800000e-02,-9.7933506e+04,5.2762154e+02,-1.9399370e+04
340,3.3900000e-02,-1.0667598e+05,2.7987866e+01,-1.8317166e+04
341,3.4000000e-02,-1.1699663e+05,-5.7006164e+02,-1.5746392e+04
342,3.4100000e-02,-1.2887062e+05,-9.4936100e+02,-1.1338643e+04
343,3.4200000e-02,-1.4145485e+05,-1.1430696e+03,-5.4406671e+03
344,3.4300000e-02,-1.5381499e+05,-7.6601421e+02,1.1057473e+03
345,3.4400000e-02,-1.6593732e+05,-2.5463099e+02,7.7970451e+03
346,3.4500000e-02,-1.7778890e+05,2.5699188e+02,1.4238243e+04
347,3.4600000e-02,-1.8938717e+05,1.0437312e+03,2.0381890e+04
348,3.4700000e-02,-2.0078165e+05,1.6272944e+03,2.6140780e+04
349,3.4800000e-02,-2.1237147e+05,2.2111791e+03,3.1859039e+04
350,3.4900000e-02,-2.2429672e+05,2.8532742e+03,3.7543150e+04
351,3.5000000e-02,-2.3651846e+05,3.2114099e+03,4.3135228e+04
352,3.5100000e-02,-2.4924439e+05,3.5492440e+03,4.8891315e+04
353,3.5200000e-02,-2.6176761e+05,9.7454759e+02,5.6143686e+04
354,3.5300000e-02,-2.7454334e+05,-2.2264655e+03,6.3481844e+04
355,3.5400000e-02,-2.8816132e+05,-5.0238047e+03,7.0143157e+04
356,3.5500000e-02,-3.0276456e+05,-6.8450152e+03,7.6354098e+04
357,3.5600000e-02,-3.1836825e+05,-8.1118997e+03,8.2450573e+04
358,3.5700000e-02,-3.3493025e+05,-9.0296591e+03,8.8707671e+04
359,3.5800000e-02,-3.5239430e+05,-9.5284268e+03,9.5329639e+04
360,3.5900000e-02,-3.7058619e+05,-9.6945433e+03,1.0231753e+05
361,3.6000000e-02,-3.8949648e+05,-9.8434104e+03,1.0973635e+05
362,3.6100000e-02,-4.0909446e+05,-9.9709556e+03,1.1754482e+05
363,3.6200000e-02,-4.2929895e+05,-9.8873499e+03,1.2573422e+05
364,3.6300000e-02,-4.5001032e+05,-9.5959393e+03,1.3426773e+05
365,3.6400000e-02,-4.7111354e+05,-9.3097735e+03,1.4304973e+05
366,3.6500000e-02,-4.9251930e+05,-8.9639476e+03,1.5204036e+05
367,3.6600000e-02,-5.1412430e+05,-8.6275653e+03,1.6116113e+05
368,3.6700000e-02,-5.3583546e+05,-8.1310613e+03,1.7038848e+05
369,3.6800000e-02,-5.5772930e+05,-7.5769311e+03,1.7980904e+05
370,3.6900000e-02,-5.7948988e+05,-6.8491495e+03,1.8915884e+05
371,3.7000000e-02,-6.0082293e+05,-6.1771518e+03,1.9832406e+05
372,3.7100000e-02,-6.2162389e+05,-5.4888981e+03,2.0724723e+05
373,3.7200000e-02,-6.4165549e+05,-4.7738423e+03,2.1582405e+05
374,3.7300000e-02,-6.6074644e+05,-4.0418178e+03,2.2399774e+05
375,3.7400000e-02,-6.7866079e+05,-3.3530115e+03,2.3162516e+05
376,3.7500000e-02,-6.9512104e+05,-2.5624427e+03,2.3861594e+05
377,3.7600000e-02,-7.1001319e+05,-1.7533310e+03,2.4490829e+05
378,3.7700000e-02,-7.2320169e+05,-9.4162352e+02,2.5043334e+05
379,3.7800000e-02,-7.3454132e+05,-6.0881574e+01,2.5514106e+05
380,3.7900000e-02,-7.4387258e+05,7.4202191e+02,2.5893060e+05
381,3.8000000e-02,-7.5109212e+05,1.5341876e+03,2.6175455e+05
382,3.8100000e-02,-7.5564299e+05,2.3178952e+03,2.6328199e+05
383,3.8200000e-02,-7.5802248e+05,3.0645993e+03,2.6389856e+05
384,3.8300000e-02,-7.5851763e+05,3.7758955e+03,2.6361298e+05
385,3.8400000e-02,-7.5702417e+05,4.5706625e+03,2.6238283e+05
386,3.8500000e-02,-7.5343945e+05,5.3545106e+03,2.6016672e+05
387,3.8600000e-02,-7.4765533e+05,6.0946603e+03,2.5694037e+05
388,3.8700000e-02,-7.3962726e+05,6.7835767e+03,2.5270650e+05
389,3.8800000e-02,-7.2941716e+05,7.4815672e+03,2.4751752e+05
390,3.8900000e-02,-7.1711901e+05,8.0734356e+03,2.4140218e+05
391,3.9000000e-02,-7.0291683e+05,8.6159122e+03,2.3444812e+05
392,3.9100000e-02,-6.8708759e+05,9.1176351e+03,2.2677159e+05
393,3.9200000e-02,-6.6979775e+05,9.5777784e+03,2.1844890e+05
394,3.9300000e-02,-6.5124966e+05,9.9915186e+03,2.0957059e+05
395,3.9400000e-02,-6.3168329e+05,1.0352093e+04,2.0023887e+05
396,3.9500000e-02,-6.1133585e+05,1.0659273e+04,1.9055259e+05
397,3.9600000e-02,-5.9042856e+05,1.0854087e+04,1.8059441e+05
398,3.9700000e-02,-5.6918868e+05,1.1046546e+04,1.7047644e+05
399,3.9800000e-02,-5.4785493e+05,1.1179968e+04,1.6029138e+05
400,3.9900000e-02,-5.2652485e+05,1.1250265e+04,1.5008182e+05
401,4.0000000e-02,-5.0534137e+05,1.1245387e+04,1.3991206e+05
402,4.0100000e-02,-4.8442162e+05,1.1176468e+04,1.2983144e+05
403,4.0200000e-02,-4.6392117e+05,1.1034036e+04,1.1990507e+05
404,4.0300000e-02,-4.4395263e+05,1.0823663e+04,1.1017704e+05
405,4.0400000e-02,-4.2455371e+05,1.0556561e+04,1.0066667e+05
406,4.0500000e-02,-4.0582155e+05,1.0221213e+04,9.1417766e+04
407,4.0600000e-02,-3.8776734e+05,9.8333783e+03,8.2438442e+04
408,4.0700000e-02,-3.7047088e+05,9.3833917e+03,7.3778481e+04
409,4.0800000e-02,-3.5390825e+05,8.8946175e+03,6.5438501e+04
410,4.0900000e-02,-3.3813984e+05,8.3601760e+03,5.7440547e+04
411,4.1000000e-02,-3.2311555e+05,7.7989986e+03,4.9770651e+04
412,4.1100000e-02,-3.0887419e+05,7.2019931e+03,4.2426684e+04
413,4.1200000e-02,-2.9532274e+05,6.5834667e+03,3.5407613e+04
414,4.1300000e-02,-2.8251470e+05,5.9415350e+03,2.8700395e+04
415,4.1400000e-02,-2.7037975e+05,5.2864608e+03,2.2309169e+04
416,4.1500000e-02,-2.5887509e+05,4.6239534e+03,1.6206250e+04
417,4.1600000e-02,-2.4804829e+05,3.9492476e+03,1.0409611e+04
418,4.1700000e-02,-2.3781660e+05,3.2743245e+03,4.8958630e+03
419,4.1800000e-02,-2.2813144e+05,2.5983036e+03,-3.5596833e+02
420,4.1900000e-02,-2.1895823e+05,2.0188286e+03,-5.3226557e+03
421,4.2000000e-02,-2.1036350e+05,1.3599873e+03,-1.0038626e+04
422,4.2100000e-02,-2.0223318e+05,6.9508755e+02,-1.4518642e+04
423,4.2200000e-02,-1.9452887e+05,5.0947868e+01,-1.8768871e+04
424,4.2300000e-02,-1.8728513e+05,-5.6163189e+02,-2.2716313e+04
425,4.2400000e-02,-1.8044773e+05,-1.1149567e+03,-2.6480850e+04
426,4.2500000e-02,-1.7397259e+05,-1.6363106e+03,-3.0053464e+04
427,4.2600000e-02,-1.6783532e+05,-2.1224313e+03,-3.3436063e+04
428,4.2700000e-02,-1.6198539e+05,-2.5691171e+03,-3.6643000e+04
429,4.2800000e-02,-1.5640127e+05,-2.9782697e+03,-3.9689013e+04
430,4.2900000e-02,-1.5095632e+05,-3.3545671e+03,-4.2720816e+04
431,4.3000000e-02,-1.4571495e+05,-3.8306734e+03,-4.5615341e+04
432,4.3100000e-02,-1.4069409e+05,-4.1788562e+03,-4.8358412e+04
433,4.3200000e-02,-1.3585743e+05,-4.4811772e+03,-5.0998127e+04
434,4.3300000e-02,-1.3128473e+05,-4.7688268e+03,-5.3469690e+04
435,4.3400000e-02,-1.2684261e+05,-5.0249898e+03,-5.5898105e+04
436,4.3500000e-02,-1.2244824e+05,-5.2805441e+03,-5.8294237e+04
437,4.3600000e-02,-1.1797841e+05,-5.5354908e+03,-6.0673092e+04
438,4.3700000e-02,-1.1352519e+05,-5.7960325e+03,-6.3004381e+04
439,4.3800000e-02,-1.0913993e+05,-6.0483830e+03,-6.5266008e+04
440,4.3900000e-02,-1.0492400e+05,-6.2923917e+03,-6.7471377e+04
441,4.4000000e-02,-1.0078347e+05,-6.5236814e+03,-6.9565626e+04
442,4.4100000e-02,-9.6572357e+04,-6.7246874e+03,-7.1533507e+04
443,4.4200000e-02,-9.2351764e+04,-6.8055516e+03,-7.3462056e+04
444,4.4300000e-02,-8.8224098e+04,-6.9819226e+03,-7.5416921e+04
445,4.4400000e-02,-8.4076331e+04,-7.1712141e+03,-7.7179554e+04
446,4.4500000e-02,-7.9923261e+04,-7.3164245e+03,-7.8921968e+04
447,4.4600000e-02,-7.5801517e+04,-7.4561243e+03,-8.0719248e+04
448,4.4700000e-02,-7.1589005e+04,-7.6008248e+03,-8.2271409e+04
449,4.4800000e-02,-6.7317881e+04,-7.6915288e+03,-8.3813808e+04
450,4.4900000e-02,-6.3042729e+04,-7.7864030e+03,-8.5474506e+04
451,4.5000000e-02,-5.8729430e+04,-7.9073279e+03,-8.6838969e+04
452,4.5100000e-02,-5.4354566e+04,-7.9799970e+03,-8.8331909e+04
453,4.5200000e-02,-4.9843267e+04,-8.0779222e+03,-8.9557795e+04
454,4.5300000e-02,-4.5230560e+04,-8.2144028e+03,-9.0992997e+04
455,4.5400000e-02,-4.0500774e+04,-8.2960312e+03,-9.2105409e+04
456,4.5500000e-02,-3.5621441e+04,-8.3110502e+03,-9.3349200e+04
457,4.5600000e-02,-3.0590861e+04,-8.3530728e+03,-9.4286773e+04
458,4.5700000e-02,-2.5395378e+04,-8.3483058e+03,-9.5391037e+04
459,4.5800000e-02,-2.0065039e+04,-8.3751435e+03,-9.6143869e+04
460,4.5900000e-02,-1.4576278e+04,-8.3245547e+03,-9.6841231e+04
461,4.6000000e-02,-8.8609040e+03,-8.2531522e+03,-9.7616793e+04
462,4.6100000e-02,-3.0320581e+03,-8.2031362e+03,-9.8035125e+04
463,4.6200000e-02,3.0171770e+03,-7.9977216e+03,-9.8516654e+04
464,4.6300000e-02,9.1556274e+03,-7.8822022e+03,-9.8663698e+04
465,4.6400000e-02,1.5485916e+04,-7.6983495e+03,-9.8878123e+04
466,4.6500000e-02,2.1921281e+04,-7.5141331e+03,-9.8804225e+04
467,4.6600000e-02,2.8532774e+04,-7.2659021e+03,-9.8809886e+04
468,4.6700000e-02,3.5229073e+04,-7.0345120e+03,-9.8555227e+04
469,4.6800000e-02,4.2079908e+04,-6.8299868e+03,-9.8388761e+04
470,4.6900000e-02,4.9093973e+04,-6.5909206e+03,-9.8076354e+04
471,4.7000000e-02,5.6107883e+04,-6.3444610e+03,-9.7558040e+04
472,4.7100000e-02,6.3338409e+04,-6.0936887e+03,-9.7125045e+04
473,4.7200000e-02,7.0640646e+04,-5.9347299e+03,-9.6500787e+04
474,4.7300000e-02,7.8131854e+04,-5.7189837e+03,-9.5856132e+04
475,4.7400000e-02,8.5918777e+04,-5.6620505e+03,-9.5270628e+04
476,4.7500000e-02,9.3959970e+04,-5.8860329e+03,-9.4628228e+04
477,4.7600000e-02,1.0215015e+05,-6.0755648e+03,-9.3840361e+04
478,4.7700000e-02,1.1058735e+05,-6.2664483e+03,-9.3053149e+04
479,4.7800000e-02,1.1952567e+05,-6.4728670e+03,-9.2311312e+04
480,4.7900000e-02,1.2883523e+05,-7.0209681e+03,-9.1520274e+04
481,4.8000000e-02,1.3850295e+05,-7.4582387e+03,-9.0638568e+04
482,4.8100000e-02,1.4843163e+05,-8.1700369e+03,-8.9668370e+04
483,4.8200000e-02,1.5890174e+05,-8.7357445e+03,-8.8674880e+04
484,4.8300000e-02,1.6990550e+05,-9.5292080e+03,-8.7667308e+04
485,4.8400000e-02,1.8151542e+05,-1.0392119e+04,-8.6701847e+04
486,4.8500000e-02,1.9363552e+05,-1.1377199e+04,-8.5634526e+04
487,4.8600000e-02,2.0646873e+05,-1.1991653e+04,-8.4388489e+04
488,4.8700000e-02,2.2002145e+05,-1.1968170e+04,-8.2758230e+04
489,4.8800000e-02,2.3472370e+05,-1.0832221e+04,-8.0720691e+04
490,4.8900000e-02,2.5090545e+05,-8.6512632e+03,-7.8086296e+04
491,4.9000000e-02,2.6859534e+05,-6.0193798e+03,-7.4884031e+04
492,4.9100000e-02,2.8768008e+05,-3.9848954e+03,-7.1411597e+04
493,4.9200000e-02,3.0751998e+05,-2.6763594e+03,-6.7688031e+04
494,4.9300000e-02,3.2767627e+05,-1.8947557e+03,-6.3878559e+04
495,4.9400000e-02,3.4786446e+05,-1.8176794e+03,-6.0067430e+04
496,4.9500000e-02,3.6828655e+05,-2.0077646e+03,-5.6395271e+04
497,4.9600000e-02,3.8922673e+05,-2.4682567e+03,-5.2816881e+04
498,4.9700000e-02,4.1110864e+05,-2.5117663e+03,-4.9224618e+04
499,4.9800000e-02,4.3391567e+05,-2.7630748e+03,-4.5502565e+04
500,4.9900000e-02,4.5753088e+05,-3.2268596e+03,-4.1703478e+04
501,5.0000000e-02,4.8198156e+05,-3.4374426e+03,-3.7739063e+04
502,5.0100000e-02,5.0710852e+05,-3.5888004e+03,-3.3507480e+04
503,5.0200000e-02,5.3308146e+05,-3.4771252e+03,-2.9144570e+04
504,5.0300000e-02,5.5999837e+05,-3.6219812e+03,-2.4695782e+04
505,5.0400000e-02,5.8780368e+05,-3.8380928e+03,-2.0147678e+04
506,5.0500000e-02,6.1662993e+05,-4.0658280e+03,-1.5628217e+04
507,5.0600000e-02,6.4620071e+05,-4.3410350e+03,-1.0940141e+04
508,5.0700000e-02,6.7619026e+05,-4.8130586e+03,-6.2179830e+03
509,5.0800000e-02,7.0646378e+05,-5.0059347e+03,-1.4294268e+03
510,5.0900000e-02,7.3692326e+05,-5.1429472e+03,3.3682778e+03
511,5.1000000e-02,7.6714752e+05,-5.2746885e+03,8.2673441e+03
512,5.1100000e-02,7.9715793e+05,-5.3572136e+03,1.2964427e+04
513,5.1200000e-02,8.2696296e+05,-5.4683271e+03,1.7480300e+04
514,5.1300000e-02,8.5636298e+05,-5.6037493e+03,2.1793536e+04
515,5.1400000e-02,8.8507207e+05,-5.7386686e+03,2.5858778e+04
516,5.1500000e-02,9.1278598e+05,-5.8521990e+03,2.9626521e+04
517,5.1600000e-02,9.3933147e+05,-5.6701383e+03,3.3121258e+04
518,5.1700000e-02,9.6465834e+05,-5.7314136e+03,3.6015185e+04
519,5.1800000e-02,9.8805209e+05,-5.8267365e+03,3.8571494e+04
520,5.1900000e-02,1.0090827e+06,-5.8110502e+03,4.0669216e+04
521,5.2000000e-02,1.0275349e+06,-5.6805941e+03,4.2238111e+04
522,5.2100000e-02,1.0432296e+06,-5.4572729e+03,4.3230575e+04
523,5.2200000e-02,1.0558842e+06,-5.1544402e+03,4.3616930e+04
524,5.2300000e-02,1.0654488e+06,-4.7805926e+03,4.3384836e+04
525,5.2400000e-02,1.0718471e+06,-4.3366339e+03,4.2530196e+04
526,5.2500000e-02,1.0749757e+06,-3.8180884e+03,4.1051811e+04
527,5.2600000e-02,1.0743483e+06,-3.1999530e+03,3.9132794e+04
528,5.2700000e-02,1.0704508e+06,-2.4582156e+03,3.6473116e+04
529,5.2800000e-02,1.0633835e+06,-1.6911022e+03,3.3189050e+04
530,5.2900000e-02,1.0531507e+06,-8.9318782e+02,2.9349584e+04
531,5.3000000e-02,1.0398452e+06,-4.9244700e+01,2.5013027e+04
532,5.3100000e-02,1.0236321e+06,8.4798280e+02,2.0236737e+04
533,5.3200000e-02,1.0047215e+06,1.7987651e+03,1.5080300e+04
534,5.3300000e-02,9.8335224e+05,2.7987981e+03,9.6041608e+03
535,5.3400000e-02,9.5969945e+05,3.8435897e+03,3.8647437e+03
536,5.3500000e-02,9.3413155e+05,4.7132959e+03,-2.1257769e+03
537,5.3600000e-02,9.0697091e+05,5.8345782e+03,-8.2244678e+03
538,5.3700000e-02,8.7852443e+05,7.0023468e+03,-1.4389667e+04
539,5.3800000e-02,8.4907197e+05,8.1696377e+03,-2.0580910e+04
540,5.3900000e-02,8.1888084e+05,9.3243775e+03,-2.6756303e+04
541,5.4000000e-02,7.8820919e+05,1.0461643e+04,-3.2875576e+04
542,5.4100000e-02,7.5761539e+05,1.1559409e+04,-3.9041555e+04
543,5.4200000e-02,7.2706360e+05,1.2596268e+04,-4.4977357e+04
544,5.4300000e-02,6.9654459e+05,1.3638942e+04,-5.0721191e+04
545,5.4400000e-02,6.6623785e+05,1.4675692e+04,-5.6279406e+04
546,5.4500000e-02,6.3636238e+05,1.5684246e+04,-6.1644206e+04
547,5.4600000e-02,6.0710712e+05,1.6647840e+04,-6.6805687e+04
548,5.4700000e-02,5.7861959e+05,1.7554588e+04,-7.1757959e+04
549,5.4800000e-02,5.5100998e+05,1.8411977e+04,-7.6493964e+04
550,5.4900000e-02,5.2435082e+05,1.9205930e+04,-8.1014278e+04
551,5.5000000e-02,4.9864926e+05,1.9943775e+04,-8.5318497e+04
552,5.5100000e-02,4.7398491e+05,2.0621561e+04,-8.9410276e+04
553,5.5200000e-02,4.5038652e+05,2.1224582e+04,-9.3285667e+04
554,5.5300000e-02,4.2785456e+05,2.1780938e+04,-9.6943382e+04
555,5.5400000e-02,4.0636196e+05,2.2275227e+04,-1.0039602e+05
556,5.5500000e-02,3.8587453e+05,2.2708945e+04,-1.0366699e+05
557,5.5600000e-02,3.6636321e+05,2.3090959e+04,-1.0675971e+05
558,5.5700000e-02,3.4779441e+05,2.3404796e+04,-1.0967514e+05
559,5.5800000e-02,3.3016492e+05,2.3743685e+04,-1.1243039e+05
560,5.5900000e-02,3.1340153e+05,2.3958162e+04,-1.1505413e+05
561,5.6000000e-02,2.9743529e+05,2.4104861e+04,-1.1753627e+05
562,5.6100000e-02,2.8223091e+05,2.4214578e+04,-1.1987127e+05
563,5.6200000e-02,2.6775340e+05,2.4317768e+04,-1.2206816e+05
564,5.6300000e-02,2.5397000e+05,2.4438983e+04,-1.2412689e+05
565,5.6400000e-02,2.4072325e+05,2.4593121e+04,-1.2599464e+05
566,5.6500000e-02,2.2809026e+05,2.4634338e+04,-1.2778927e+05
567,5.6600000e-02,2.1605748e+05,2.4773960e+04,-1.2943224e+05
568,5.6700000e-02,2.0455290e+05,2.4914278e+04,-1.3094297e+05
569,5.6800000e-02,1.9353396e+05,2.4967800e+04,-1.3235422e+05
570,5.6900000e-02,1.8295790e+05,2.5040594e+04,-1.3366036e+05
571,5.7000000e-02,1.7276000e+05,2.4846873e+04,-1.3492078e+05
572,5.7100000e-02,1.6287980e+05,2.4405611e+04,-1.3615739e+05
573,5.7200000e-02,1.5326942e+05,2.3634960e+04,-1.3738657e+05
574,5.7300000e-02,1.4388187e+05,2.2786323e+04,-1.3858555e+05
575,5.7400000e-02,1.3467172e+05,2.1925398e+04,-1.3973637e+05
576,5.7500000e-02,1.2570265e+05,2.0881369e+04,-1.4085650e+05
577,5.7600000e-02,1.1684573e+05,1.9693371e+04,-1.4193894e+05
578,5.7700000e-02,1.0813503e+05,1.8429729e+04,-1.4294929e+05
579,5.7800000e-02,9.9573813e+04,1.7107553e+04,-1.4387298e+05
580,5.7900000e-02,9.1116296e+04,1.5565065e+04,-1.4479983e+05
581,5.8000000e-02,8.2824233e+04,1.4080919e+04,-1.4558120e+05
582,5.8100000e-02,7.4617795e+04,1.2477756e+04,-1.4626476e+05
583,5.8200000e-02,6.6358086e+04,1.0730005e+04,-1.4686756e+05
584,5.8300000e-02,5.8178807e+04,9.2633333e+03,-1.4727042e+05
585,5.8400000e-02,4.9856318e+04,7.5734429e+03,-1.4753905e+05
586,5.8500000e-02,4.1545864e+04,6.2224513e+03,-1.4756967e+05
587,5.8600000e-02,3.3146044e+04,4.6439442e+03,-1.4744553e+05
588,5.8700000e-02,2.4671456e+04,3.4791867e+03,-1.4699264e+05
589,5.8800000e-02,1.5987754e+04,2.0984294e+03,-1.4638899e+05
590,5.8900000e-02,7.2647685e+03,1.0916959e+03,-1.4553383e+05
591,5.9000000e-02,-1.6962472e+03,-1.6781981e+02,-1.4448972e+05
592,5.9100000e-02,-1.0752464e+04,-1.2614679e+03,-1.4327453e+05
593,5.9200000e-02,-1.9968589e+04,-2.1168103e+03,-1.4172331e+05
594,5.9300000e-02,-2.9530458e+04,-3.0939059e+03,-1.3990578e+05
595,5.9400000e-02,-3.9595520e+04,-4.2017278e+03,-1.3774848e+05
596,5.9500000e-02,-5.0003246e+04,-5.0927463e+03,-1.3540293e+05
597,5.9600000e-02,-6.0679022e+04,-5.8011080e+03,-1.3282654e+05
598,5.9700000e-02,-7.1584236e+04,-6.7077025e+03,-1.3025805e+05
599,5.9800000e-02,-8.2756512e+04,-7.8452115e+03,-1.2752232e+05
600,5.9900000e-02,-9.4245274e+04,-8.7951543e+03,-1.2436874e+05
601,6.0000000e-02,-1.0600000e+05,-9.6879661e+03,-1.2142282e+05
602,6.0100000e-02,-1.1800147e+05,-1.0539656e+04,-1.1821841e+05
603,6.0200000e-02,-1.3048013e+05,-1.1579538e+04,-1.1471923e+05
604,6.0300000e-02,-1.4365703e+05,-1.2666728e+04,-1.1120676e+05
605,6.0400000e-02,-1.5768923e+05,-1.3863954e+04,-1.0792571e+05
606,6.0500000e-02,-1.7289955e+05,-1.5426753e+04,-1.0435669e+05
607,6.0600000e-02,-1.8952076e+05,-1.6927934e+04,-1.0051951e+05
608,6.0700000e-02,-2.0801297e+05,-1.8522377e+04,-9.6040491e+04
609,6.0800000e-02,-2.2862438e+05,-1.9975981e+04,-9.0419480e+04
610,6.0900000e-02,-2.5199267e+05,-2.1513116e+04,-8.3000279e+04
611,6.1000000e-02,-2.7841647e+05,-2.2979675e+04,-7.3092200e+04
612,6.1100000e-02,-3.0692378e+05,-2.3769993e+04,-6.0118774e+04
613,6.1200000e-02,-3.3701568e+05,-2.3630119e+04,-4.5006056e+04
614,6.1300000e-02,-3.6823059e+05,-2.3377000e+04,-2.8654240e+04
615,6.1400000e-02,-4.0013624e+05,-2.2566877e+04,-1.1748413e+04
616,6.1500000e-02,-4.3286710e+05,-2.1380302e+04,5.4447866e+03
617,6.1600000e-02,-4.6618631e+05,-2.0599187e+04,2.2694405e+04
618,6.1700000e-02,-5.0077907e+05,-1.9501385e+04,4.0161257e+04
619,6.1800000e-02,-5.3755508e+05,-1.8865704e+04,5.8330519e+04
620,6.1900000e-02,-5.7721432e+05,-1.8103982e+04,7.7681143e+04
621,6.2000000e-02,-6.1946412e+05,-1.7108836e+04,9.7999903e+04
622,6.2100000e-02,-6.6445870e+05,-1.6325640e+04,1.1952684e+05
623,6.2200000e-02,-7.1231823e+05,-9.4551751e+03,1.4372247e+05
624,6.2300000e-02,-7.6359086e+05,-5.3291319e+03,1.6855267e+05
625,6.2400000e-02,-8.1806295e+05,-4.1315256e+03,1.9420142e+05
626,6.2500000e-02,-8.7513353e+05,-4.6145746e+03,2.2069465e+05
627,6.2600000e-02,-9.3486991e+05,-5.6437659e+03,2.4840122e+05
628,6.2700000e-02,-9.9725560e+05,-6.7397489e+03,2.7730894e+05
629,6.2800000e-02,-1.0620059e+06,-8.1031659e+03,3.0716121e+05
630,6.2900000e-02,-1.1291245e+06,-9.5021051e+03,3.3805638e+05
631,6.3000000e-02,-1.1977820e+06,-1.0942681e+04,3.6934730e+05
632,6.3100000e-02,-1.2669392e+06,-1.2098078e+04,4.0070979e+05
633,6.3200000e-02,-1.3357070e+06,-1.2942984e+04,4.3181774e+05
634,6.3300000e-02,-1.4025936e+06,-1.3845032e+04,4.6172805e+05
635,6.3400000e-02,-1.4669001e+06,-1.4899289e+04,4.9032636e+05
636,6.3500000e-02,-1.5276566e+06,-1.5558494e+04,5.1713429e+05
637,6.3600000e-02,-1.5835046e+06,-1.5784677e+04,5.4154261e+05
638,6.3700000e-02,-1.6332480e+06,-1.6036100e+04,5.6295271e+05
639,6.3800000e-02,-1.6752223e+06,-1.6089004e+04,5.8060435e+05
640,6.3900000e-02,-1.7080112e+06,-1.6129146e+04,5.9390175e+05
641,6.4000000e-02,-1.7312396e+06,-1.5753028e+04,6.0302619e+05
642,6.4100000e-02,-1.7436937e+06,-1.4839881e+04,6.0712577e+05
643,6.4200000e-02,-1.7445823e+06,-1.3939322e+04,6.0595020e+05
644,6.4300000e-02,-1.7339924e+06,-1.2857303e+04,5.9963348e+05
645,6.4400000e-02,-1.7121600e+06,-1.1705668e+04,5.8830980e+05
646,6.4500000e-02,-1.6799245e+06,-1.0126788e+04,5.7245076e+05
647,6.4600000e-02,-1.6381573e+06,-8.1382592e+03,5.5250622e+05
648,6.4700000e-02,-1.5880599e+06,-6.0989356e+03,5.2896609e+05
649,6.4800000e-02,-1.5309428e+06,-3.9071355e+03,5.0245586e+05
650,6.4900000e-02,-1.4682939e+06,-1.5330967e+03,4.7353676e+05
651,6.5000000e-02,-1.4013239e+06,7.7487825e+02,4.4274625e+05
652,6.5100000e-02,-1.3313461e+06,3.2172768e+03,4.1072496e+05
653,6.5200000e-02,-1.2594532e+06,5.6326534e+03,3.7798176e+05
654,6.5300000e-02,-1.1862889e+06,8.0724977e+03,3.4462627e+05
655,6.5400000e-02,-1.1131809e+06,1.0216629e+04,3.1158614e+05
656,6.5500000e-02,-1.0413321e+06,1.2267227e+04,2.7922535e+05
657,6.5600000e-02,-9.7151212e+05,1.4213685e+04,2.4779783e+05
658,6.5700000e-02,-9.0428520e+05,1.6004546e+04,2.1746401e+05
659,6.5800000e-02,-8.4005864e+05,1.7589046e+04,1.8839579e+05
660,6.5900000e-02,-7.7911450e+05,1.8944832e+04,1.6071163e+05
661,6.6000000e-02,-7.2162629e+05,2.0062444e+04,1.3446810e+05
662,6.6100000e-02,-6.6767725e+05,2.0846955e+04,1.0965670e+05
663,6.6200000e-02,-6.1728800e+05,2.1464920e+04,8.6411935e+04
664,6.6300000e-02,-5.7041617e+05,2.1881036e+04,6.4764953e+04
665,6.6400000e-02,-5.2690197e+05,2.2115816e+04,4.4625515e+04
666,6.6500000e-02,-4.8658572e+05,2.2166366e+04,2.5903451e+04
667,6.6600000e-02,-4.4929989e+05,2.2054620e+04,8.6411157e+03
668,6.6700000e-02,-4.1488061e+05,2.1834766e+04,-7.2243457e+03
669,6.6800000e-02,-3.8318208e+05,2.1519946e+04,-2.1862146e+04
670,6.6900000e-02,-3.5402236e+05,2.1122961e+04,-3.5349557e+04
671,6.7000000e-02,-3.2725606e+05,2.0641092e+04,-4.7761238e+04
672,6.7100000e-02,-3.0287745e+05,2.0076497e+04,-5.8681278e+04
673,6.7200000e-02,-2.8112062e+05,1.9588778e+04,-6.7956376e+04
674,6.7300000e-02,-2.6210159e+05,1.9236887e+04,-7.6070449e+04
675,6.7400000e-02,-2.4527229e+05,1.8911505e+04,-8.3567235e+04
676,6.7500000e-02,-2.3003983e+05,1.8456386e+04,-9.0767198e+04
677,6.7600000e-02,-2.1541981e+05,1.7779722e+04,-9.8098806e+04
678,6.7700000e-02,-2.0139062e+05,1.6866758e+04,-1.0526850e+05
679,6.7800000e-02,-1.8824181e+05,1.5644426e+04,-1.1215125e+05
680,6.7900000e-02,-1.7564714e+05,1.4279014e+04,-1.1891337e+05
681,6.8000000e-02,-1.6314872e+05,1.2776475e+04,-1.2558740e+05
682,6.8100000e-02,-1.5103485e+05,1.1100200e+04,-1.3242621e+05
683,6.8200000e-02,-1.3906181e+05,9.2313334e+03,-1.3897705e+05
684,6.8300000e-02,-1.2724116e+05,7.2221675e+03,-1.4578329e+05
685,6.8400000e-02,-1.1541323e+05,5.0361165e+03,-1.5225071e+05
686,6.8500000e-02,-1.0347853e+05,2.7478679e+03,-1.5895914e+05
687,6.8600000e-02,-9.1246263e+04,2.3892140e+02,-1.6597298e+05
688,6.8700000e-02,-7.8323523e+04,-2.6591959e+03,-1.7303684e+05
689,6.8800000e-02,-6.4202010e+04,-5.5780979e+03,-1.8028019e+05
690,6.8900000e-02,-4.9122556e+04,-8.5758372e+03,-1.8645650e+05
691,6.9000000e-02,-3.3756866e+04,-1.1277159e+04,-1.9085710e+05
692,6.9100000e-02,-1.8522827e+04,-1.3226168e+04,-1.9384499e+05
693,6.9200000e-02,-3.8462096e+03,-1.4824625e+04,-1.9559270e+05
694,6.9300000e-02,1.0089230e+04,-1.5964908e+04,-1.9658772e+05
695,6.9400000e-02,2.3110995e+04,-1.6937243e+04,-1.9683392e+05
696,6.9500000e-02,3.5225507e+04,-1.7374608e+04,-1.9637060e+05
697,6.9600000e-02,4.6918838e+04,-1.7336321e+04,-1.9577234e+05
698,6.9700000e-02,5.8534035e+04,-1.7428675e+04,-1.9531065e+05
699,6.9800000e-02,7.0085716e+04,-1.7605720e+04,-1.9445849e+05
700,6.9900000e-02,8.1706293e+04,-1.7861085e+04,-1.9360252e+05
701,7.0000000e-02,9.3675854e+04,-1.7960422e+04,-1.9280823e+05
702,7.0100000e-02,1.0604131e+05,-1.8084975e+04,-1.9174919e+05
703,7.0200000e-02,1.1868832e+05,-1.8052251e+04,-1.9026300e+05
704,7.0300000e-02,1.3183679e+05,-1.8094920e+04,-1.8873669e+05
705,7.0400000e-02,1.4560247e+05,-1.8178268e+04,-1.8709924e+05
706,7.0500000e-02,1.6019884e+05,-1.8405009e+04,-1.8551759e+05
707,7.0600000e-02,1.7570263e+05,-1.8586397e+04,-1.8363232e+05
708,7.0700000e-02,1.9203772e+05,-1.8789190e+04,-1.8150565e+05
709,7.0800000e-02,2.0919720e+05,-1.9048712e+04,-1.7899266e+05
710,7.0900000e-02,2.2737192e+05,-1.9279363e+04,-1.7637433e+05
711,7.1000000e-02,2.4656635e+05,-1.9891928e+04,-1.7364645e+05
712,7.1100000e-02,2.6695730e+05,-2.1007919e+04,-1.7101322e+05
713,7.1200000e-02,2.8858050e+05,-2.2190027e+04,-1.6806925e+05
714,7.1300000e-02,3.1119458e+05,-2.3997041e+04,-1.6499166e+05
715,7.1400000e-02,3.3502859e+05,-2.5672503e+04,-1.6167973e+05
716,7.1500000e-02,3.5996450e+05,-2.7895627e+04,-1.5805899e+05
717,7.1600000e-02,3.8627972e+05,-3.0224880e+04,-1.5440879e+05
718,7.1700000e-02,4.1427052e+05,-3.2345922e+04,-1.5053028e+05
719,7.1800000e-02,4.4415023e+05,-3.4125753e+04,-1.4652278e+05
720,7.1900000e-02,4.7626522e+05,-3.4241038e+04,-1.4160927e+05
721,7.2000000e-02,5.1172186e+05,-3.0941911e+04,-1.3519543e+05
722,7.2100000e-02,5.5109918e+05,-2.4716136e+04,-1.2669619e+05
723,7.2200000e-02,5.9423790e+05,-1.9218704e+04,-1.1710446e+05
724,7.2300000e-02,6.3985867e+05,-1.5434313e+04,-1.0696435e+05
725,7.2400000e-02,6.8702946e+05,-1.4645051e+04,-9.7144995e+04
726,7.2500000e-02,7.3505845e+05,-1.5058041e+04,-8.7332102e+04
727,7.2600000e-02,7.8404468e+05,-1.5957812e+04,-7.7601561e+04
728,7.2700000e-02,8.3400210e+05,-1.6550692e+04,-6.7589873e+04
729,7.2800000e-02,8.8547056e+05,-1.7535109e+04,-5.7728040e+04
730,7.2900000e-02,9.3866779e+05,-1.8078022e+04,-4.7722593e+04
731,7.3000000e-02,9.9411037e+05,-1.8157862e+04,-3.7665973e+04
732,7.3100000e-02,1.0512509e+06,-1.8629049e+04,-2.7294640e+04
733,7.3200000e-02,1.1097077e+06,-1.9087425e+04,-1.6751300e+04
734,7.3300000e-02,1.1685289e+06,-1.9438973e+04,-5.9150053e+03
735,7.3400000e-02,1.2275801e+06,-1.9966849e+04,4.5835918e+03
736,7.3500000e-02,1.2865609e+06,-2.0105086e+04,1.4869476e+04
737,7.3600000e-02,1.3452354e+06,-2.0213214e+04,2.4536810e+04
738,7.3700000e-02,1.4025541e+06,-2.0397103e+04,3.3894298e+04
739,7.3800000e-02,1.4576118e+06,-2.0477341e+04,4.2655078e+04
740,7.3900000e-02,1.5096228e+06,-2.0411840e+04,5.0616114e+04
741,7.4000000e-02,1.5573781e+06,-2.0161166e+04,5.7904504e+04
742,7.4100000e-02,1.6004923e+06,-1.9247949e+04,6.3905863e+04
743,7.4200000e-02,1.6383020e+06,-1.8676207e+04,6.8444508e+04
744,7.4300000e-02,1.6699985e+06,-1.8057914e+04,7.1489587e+04
745,7.4400000e-02,1.6947097e+06,-1.7268304e+04,7.2994916e+04
746,7.4500000e-02,1.7126790e+06,-1.6309279e+04,7.2627009e+04
747,7.4600000e-02,1.7229324e+06,-1.5213055e+04,7.0913021e+04
748,7.4700000e-02,1.7249036e+06,-1.3815436e+04,6.7698715e+04
749,7.4800000e-02,1.7184835e+06,-1.2136888e+04,6.2956803e+04
750,7.4900000e-02,1.7039456e+06,-1.0234405e+04,5.6747175e+04
751,7.5000000e-02,1.6814039e+06,-8.1406160e+03,4.9173079e+04
752,7.5100000e-02,1.6512269e+06,-5.8763787e+03,4.0378814e+04
753,7.5200000e-02,1.6134137e+06,-3.4257347e+03,3.0774921e+04
754,7.5300000e-02,1.5693592e+06,-7.9266461e+02,2.0096678e+04
755,7.5400000e-02,1.5200504e+06,1.8690622e+03,8.6699137e+03
756,7.5500000e-02,1.4664604e+06,4.2275456e+03,-3.3412654e+03
757,7.5600000e-02,1.4094477e+06,6.9742453e+03,-1.5615246e+04
758,7.5700000e-02,1.3498442e+06,9.7940557e+03,-2.7982629e+04
759,7.5800000e-02,1.2884306e+06,1.2613315e+04,-4.0298739e+04
760,7.5900000e-02,1.2259513e+06,1.5407903e+04,-5.2434837e+04
761,7.6000000e-02,1.1632034e+06,1.8162448e+04,-6.4277199e+04
762,7.6100000e-02,1.1007116e+06,2.0863450e+04,-7.5735338e+04
763,7.6200000e-02,1.0394184e+06,2.3468498e+04,-8.6911471e+04
764,7.6300000e-02,9.7936209e+05,2.5956061e+04,-9.7437184e+04
765,7.6400000e-02,9.2076253e+05,2.8393818e+04,-1.0735581e+05
766,7.6500000e-02,8.6399818e+05,3.0750995e+04,-1.1670626e+05
767,7.6600000e-02,8.0938895e+05,3.3007492e+04,-1.2547196e+05
768,7.6700000e-02,7.5708388e+05,3.5107107e+04,-1.3366235e+05
769,7.6800000e-02,7.0729774e+05,3.7049428e+04,-1.4131353e+05
770,7.6900000e-02,6.6012276e+05,3.8845811e+04,-1.4841361e+05
771,7.7000000e-02,6.1554289e+05,4.0473293e+04,-1.5495251e+05
772,7.7100000e-02,5.7326953e+05,4.2020096e+04,-1.6074706e+05
773,7.7200000e-02,5.3353134e+05,4.2754612e+04,-1.6751525e+05
774,7.7300000e-02,4.9637839e+05,4.3622694e+04,-1.7305504e+05
775,7.7400000e-02,4.6157335e+05,4.4543231e+04,-1.7775075e+05
776,7.7500000e-02,4.2893562e+05,4.5476166e+04,-1.8187590e+05
777,7.7600000e-02,3.9830803e+05,4.6326436e+04,-1.8559584e+05
778,7.7700000e-02,3.6958134e+05,4.7195370e+04,-1.8893108e+05
779,7.7800000e-02,3.4265970e+05,4.8068629e+04,-1.9151797e+05
780,7.7900000e-02,3.1732893e+05,4.8789187e+04,-1.9419176e+05
781,7.8000000e-02,2.9350782e+05,4.9490900e+04,-1.9671621e+05
782,7.8100000e-02,2.7108457e+05,5.0271655e+04,-1.9898411e+05
783,7.8200000e-02,2.4987925e+05,5.0726152e+04,-2.0104311e+05
784,7.8300000e-02,2.2975862e+05,5.1236714e+04,-2.0283302e+05
785,7.8400000e-02,2.1064525e+05,5.1568117e+04,-2.0440477e+05
786,7.8500000e-02,1.9238973e+05,5.1503320e+04,-2.0579780e+05
787,7.8600000e-02,1.7493256e+05,5.1252414e+04,-2.0713740e+05
788,7.8700000e-02,1.5811556e+05,5.0246891e+04,-2.0832343e+05
789,7.8800000e-02,1.4167746e+05,4.8951392e+04,-2.0934957e+05
790,7.8900000e-02,1.2571535e+05,4.8584359e+04,-2.0761189e+05
791,7.9000000e-02,1.0997872e+05,4.7296001e+04,-2.0735746e+05
792,7.9100000e-02,9.4582976e+04,4.5520143e+04,-2.0787897e+05
793,7.9200000e-02,8.0175660e+04,4.5373506e+04,-2.0384583e+05
794,7.9300000e-02,6.5604072e+04,4.4182485e+04,-2.0242300e+05
795,7.9400000e-02,5.0919848e+04,4.2340564e+04,-2.0229439e+05
796,7.9500000e-02,3.6136123e+04,3.9618901e+04,-2.0258618e+05
797,7.9600000e-02,2.1489855e+04,3.6591292e+04,-2.0283259e+05
798,7.9700000e-02,6.9628792e+03,3.3598694e+04,-2.0274624e+05
799,7.9800000e-02,-7.7720817e+03,3.0220165e+04,-2.0232794e+05
800,7.9900000e-02,-2.2777536e+04,2.7442590e+04,-2.0131138e+05
801,8.0000000e-02,-3.8236792e+04,2.4511464e+04,-1.9989445e+05
802,8.0100000e-02,-5.3980900e+04,2.2196631e+04,-1.9795635e+05
803,8.0200000e-02,-7.0163205e+04,1.9574068e+04,-1.9574051e+05
804,8.0300000e-02,-8.6789849e+04,1.7433413e+04,-1.9291036e+05
805,8.0400000e-02,-1.0430468e+05,1.4938121e+04,-1.8933140e+05
806,8.0500000e-02,-1.2236586e+05,1.2610099e+04,-1.8570106e+05
807,8.0600000e-02,-1.4088120e+05,1.0316737e+04,-1.8145459e+05
808,8.0700000e-02,-1.6009352e+05,7.6852361e+03,-1.7660200e+05
809,8.0800000e-02,-1.8011009e+05,4.6762788e+03,-1.7183509e+05
810,8.0900000e-02,-2.0093922e+05,1.6254255e+03,-1.6670329e+05
811,8.1000000e-02,-2.2296353e+05,-1.5876928e+03,-1.6075445e+05
812,8.1100000e-02,-2.4665027e+05,-4.6987443e+03,-1.5460984e+05
813,8.1200000e-02,-2.7253262e+05,-8.3273819e+03,-1.4785876e+05
814,8.1300000e-02,-3.0150915e+05,-1.2508424e+04,-1.4064163e+05
815,8.1400000e-02,-3.3366870e+05,-1.6717634e+04,-1.3104757e+05
816,8.1500000e-02,-3.6960505e+05,-2.0411311e+04,-1.1841723e+05
817,8.1600000e-02,-4.0959687e+05,-2.3925953e+04,-1.0223753e+05
818,8.1700000e-02,-4.5278421e+05,-2.7218079e+04,-8.2147202e+04
819,8.1800000e-02,-4.9845935e+05,-2.9421311e+04,-5.9168381e+04
820,8.1900000e-02,-5.4622369e+05,-3.0718629e+04,-3.4334388e+04
821,8.2000000e-02,-5.9619100e+05,-3.2326167e+04,-8.3954992e+03
822,8.2100000e-02,-6.4754253e+05,-3.3605243e+04,1.8386366e+04
823,8.2200000e-02,-7.0146658e+05,-3.4723793e+04,4.6142528e+04
824,8.2300000e-02,-7.5964368e+05,-3.6510070e+04,7.5577651e+04
825,8.2400000e-02,-8.2213713e+05,-3.8182196e+04,1.0666864e+05
826,8.2500000e-02,-8.8969495e+05,-3.9635838e+04,1.4014148e+05
827,8.2600000e-02,-9.5713931e+05,-1.8099751e+04,1.8633570e+05
828,8.2700000e-02,-1.0292012e+06,-1.0114147e+04,2.3068145e+05
829,8.2800000e-02,-1.1078212e+06,-1.0841723e+04,2.7241232e+05
830,8.2900000e-02,-1.1935986e+06,-1.5695238e+04,3.1330011e+05
831,8.3000000e-02,-1.2857731e+06,-2.0676119e+04,3.5491531e+05
832,8.3100000e-02,-1.3827338e+06,-2.6165399e+04,3.9748993e+05
833,8.3200000e-02,-1.4837952e+06,-3.0740685e+04,4.4171117e+05
834,8.3300000e-02,-1.5882582e+06,-3.5546101e+04,4.8721755e+05
835,8.3400000e-02,-1.6943877e+06,-3.9582604e+04,5.3342804e+05
836,8.3500000e-02,-1.8007813e+06,-4.2788764e+04,5.7989934e+05
837,8.3600000e-02,-1.9046617e+06,-4.6140980e+04,6.2487443e+05
838,8.3700000e-02,-2.0032360e+06,-4.8742388e+04,6.6730032e+05
839,8.3800000e-02,-2.0938866e+06,-5.0832787e+04,7.0604148e+05
840,8.3900000e-02,-2.1733927e+06,-5.2711766e+04,7.3929547e+05
841,8.4000000e-02,-2.2396009e+06,-5.4117542e+04,7.6641291e+05
842,8.4100000e-02,-2.2906749e+06,-5.4600492e+04,7.8668515e+05
843,8.4200000e-02,-2.3244319e+06,-5.4712709e+04,7.9901840e+05
844,8.4300000e-02,-2.3393602e+06,-5.3889665e+04,8.0294288e+05
845,8.4400000e-02,-2.3347076e+06,-5.2434374e+04,7.9823084e+05
846,8.4500000e-02,-2.3106358e+06,-5.0673614e+04,7.8498284e+05
847,8.4600000e-02,-2.2688145e+06,-4.7801682e+04,7.6444292e+05
848,8.4700000e-02,-2.2099681e+06,-4.4470780e+04,7.3640122e+05
849,8.4800000e-02,-2.1357368e+06,-4.0671380e+04,7.0184315e+05
850,8.4900000e-02,-2.0485978e+06,-3.6431744e+04,6.6197399e+05
851,8.5000000e-02,-1.9513302e+06,-3.1974863e+04,6.1799406e+05
852,8.5100000e-02,-1.8470150e+06,-2.6852059e+04,5.7134628e+05
853,8.5200000e-02,-1.7383904e+06,-2.1607219e+04,5.2292420e+05
854,8.5300000e-02,-1.6277149e+06,-1.6295861e+04,4.7376065e+05
855,8.5400000e-02,-1.5169672e+06,-1.1036999e+04,4.2474527e+05
856,8.5500000e-02,-1.4077637e+06,-5.9143744e+03,3.7657201e+05
857,8.5600000e-02,-1.3014528e+06,-9.9344595e+02,3.2977639e+05
858,8.5700000e-02,-1.1992080e+06,3.7346389e+03,2.8477057e+05
859,8.5800000e-02,-1.1017859e+06,8.1556820e+03,2.4188788e+05
860,8.5900000e-02,-1.0097047e+06,1.2096769e+04,2.0130836e+05
861,8.6000000e-02,-9.2341576e+05,1.5644346e+04,1.6312091e+05
862,8.6100000e-02,-8.4309655e+05,1.8781934e+04,1.2744114e+05
863,8.6200000e-02,-7.6874000e+05,2.1509901e+04,9.4282709e+04
864,8.6300000e-02,-7.0020110e+05,2.3835714e+04,6.3607124e+04
865,8.6400000e-02,-6.3723786e+05,2.5858708e+04,3.5448626e+04
866,8.6500000e-02,-5.7926826e+05,2.7460292e+04,9.4852173e+03
867,8.6600000e-02,-5.2624706e+05,2.8709413e+04,-1.4138035e+04
868,8.6700000e-02,-4.7790061e+05,2.9717045e+04,-3.5514226e+04
869,8.6800000e-02,-4.3383334e+05,3.0624556e+04,-5.4715955e+04
870,8.6900000e-02,-3.9382735e+05,3.1317312e+04,-7.1494170e+04
871,8.7000000e-02,-3.5773967e+05,3.1997079e+04,-8.6408792e+04
872,8.7100000e-02,-3.2650067e+05,3.2584038e+04,-9.8786566e+04
873,8.7200000e-02,-2.9999854e+05,3.3335413e+04,-1.0948537e+05
874,8.7300000e-02,-2.7675721e+05,3.3965874e+04,-1.1925226e+05
875,8.7400000e-02,-2.5541827e+05,3.4273189e+04,-1.2856487e+05
876,8.7500000e-02,-2.3477320e+05,3.4154762e+04,-1.3793285e+05
877,8.7600000e-02,-2.1478132e+05,3.3540658e+04,-1.4708716e+05
878,8.7700000e-02,-1.9579785e+05,3.2552152e+04,-1.5590582e+05
879,8.7800000e-02,-1.7749698e+05,3.1283189e+04,-1.6449468e+05
880,8.7900000e-02,-1.5939507e+05,2.9719429e+04,-1.7299194e+05
881,8.8000000e-02,-1.4164833e+05,2.7897108e+04,-1.8152927e+05
882,8.8100000e-02,-1.2455996e+05,2.5582777e+04,-1.9093164e+05
883,8.8200000e-02,-1.0754395e+05,2.2604390e+04,-2.0080096e+05
884,8.8300000e-02,-8.9839750e+04,1.8956595e+04,-2.1261006e+05
885,8.8400000e-02,-6.9958674e+04,1.4322709e+04,-2.2609850e+05
886,8.8500000e-02,-4.6609776e+04,8.9119313e+03,-2.3872068e+05
887,8.8600000e-02,-1.9910897e+04,3.2324681e+03,-2.4816800e+05
888,8.8700000e-02,7.2045864e+03,-1.7596657e+03,-2.5334143e+05
889,8.8800000e-02,3.1674034e+04,-5.1935743e+03,-2.5497091e+05
890,8.8900000e-02,5.2349779e+04,-7.8016000e+03,-2.5490196e+05
891,8.9000000e-02,6.9900083e+04,-8.7445596e+03,-2.5383483e+05
892,8.9100000e-02,8.5624312e+04,-9.1507374e+03,-2.5269315e+05
893,8.9200000e-02,1.0070638e+05,-9.7037856e+03,-2.5177894e+05
894,8.9300000e-02,1.1579549e+05,-9.8303772e+03,-2.5030390e+05
895,8.9400000e-02,1.3110538e+05,-1.0381240e+04,-2.4878279e+05
896,8.9500000e-02,1.4704900e+05,-1.0921598e+04,-2.4707690e+05
897,8.9600000e-02,1.6386425e+05,-1.1455748e+04,-2.4533521e+05
898,8.9700000e-02,1.8142248e+05,-1.2490097e+04,-2.4324951e+05
899,8.9800000e-02,1.9976795e+05,-1.3434913e+04,-2.4083640e+05
900,8.9900000e-02,2.1908359e+05,-1.4343785e+04,-2.3812248e+05
901,9.0000000e-02,2.3948251e+05,-1.5104719e+04,-2.3485481e+05
902,9.0100000e-02,2.6107533e+05,-1.6053022e+04,-2.3146804e+05
903,9.0200000e-02,2.8407288e+05,-1.7320020e+04,-2.2791676e+05
904,9.0300000e-02,3.0859558e+05,-1.8713868e+04,-2.2411058e+05
905,9.0400000e-02,3.3466986e+05,-2.0260623e+04,-2.2000443e+05
906,9.0500000e-02,3.6246194e+05,-2.2479702e+04,-2.1594842e+05
907,9.0600000e-02,3.9207608e+05,-2.4887251e+04,-2.1144329e+05
908,9.0700000e-02,4.2326658e+05,-2.7936222e+04,-2.0667519e+05
909,9.0800000e-02,4.5630445e+05,-3.1098501e+04,-2.0160581e+05
910,9.0900000e-02,4.9154009e+05,-3.4199481e+04,-1.9616785e+05
911,9.1000000e-02,5.2905636e+05,-3.6747587e+04,-1.8988435e+05
912,9.1100000e-02,5.6930707e+05,-3.8063291e+04,-1.8297517e+05
913,9.1200000e-02,6.1325341e+05,-3.6975403e+04,-1.7482272e+05
914,9.1300000e-02,6.6180453e+05,-3.3110416e+04,-1.6490431e+05
915,9.1400000e-02,7.1558325e+05,-2.7988909e+04,-1.5355618e+05
916,9.1500000e-02,7.7338386e+05,-2.3816641e+04,-1.4076610e+05
917,9.1600000e-02,8.3372974e+05,-2.2185777e+04,-1.2744889e+05
918,9.1700000e-02,8.9592788e+05,-2.2704473e+04,-1.1411750e+05
919,9.1800000e-02,9.5965356e+05,-2.3430660e+04,-1.0038752e+05
920,9.1900000e-02,1.0255906e+06,-2.4972119e+04,-8.6890026e+04
921,9.2000000e-02,1.0940987e+06,-2.5800889e+04,-7.3153992e+04
922,9.2100000e-02,1.1655222e+06,-2.7251182e+04,-5.9605023e+04
923,9.2200000e-02,1.2391310e+06,-2.8385756e+04,-4.5553640e+04
924,9.2300000e-02,1.3145642e+06,-2.9326443e+04,-3.1206787e+04
925,9.2400000e-02,1.3909588e+06,-2.9745229e+04,-1.6299365e+04
926,9.2500000e-02,1.4683105e+06,-3.0392582e+04,-1.7177707e+03
927,9.2600000e-02,1.5458335e+06,-3.1079491e+04,1.2490853e+04
928,9.2700000e-02,1.6224074e+06,-3.2137766e+04,2.6042605e+04
929,9.2800000e-02,1.6973981e+06,-3.2658200e+04,3.8534892e+04
930,9.2900000e-02,1.7692731e+06,-3.3075036e+04,5.0368182e+04
931,9.3000000e-02,1.8366572e+06,-3.3245236e+04,6.1102103e+04
932,9.3100000e-02,1.8985075e+06,-3.3149165e+04,7.0386595e+04
933,9.3200000e-02,1.9526676e+06,-3.2736573e+04,7.8293536e+04
934,9.3300000e-02,1.9985214e+06,-3.1944707e+04,8.3922265e+04
935,9.3400000e-02,2.0352753e+06,-3.0966226e+04,8.7314306e+04
936,9.3500000e-02,2.0617825e+06,-2.9757322e+04,8.8415644e+04
937,9.3600000e-02,2.0782420e+06,-2.8326315e+04,8.6815757e+04
938,9.3700000e-02,2.0834514e+06,-2.6690614e+04,8.3206964e+04
939,9.3800000e-02,2.0768048e+06,-2.4630110e+04,7.7439987e+04
940,9.3900000e-02,2.0585400e+06,-2.2168356e+04,6.9562685e+04
941,9.4000000e-02,2.0288530e+06,-1.9363163e+04,5.9729320e+04
942,9.4100000e-02,1.9883342e+06,-1.6263939e+04,4.8148463e+04
943,9.4200000e-02,1.9379346e+06,-1.2920742e+04,3.5077716e+04
944,9.4300000e-02,1.8781052e+06,-9.3280765e+03,2.1086949e+04
945,9.4400000e-02,1.8107484e+06,-5.5021714e+03,5.9392770e+03
946,9.4500000e-02,1.7377504e+06,-1.6472525e+03,-9.9277506e+03
947,9.4600000e-02,1.6605095e+06,2.2126153e+03,-2.6142155e+04
948,9.4700000e-02,1.5802354e+06,6.0936463e+03,-4.2411876e+04
949,9.4800000e-02,1.4980729e+06,9.9943310e+03,-5.8500786e+04
950,9.4900000e-02,1.4152268e+06,1.3894781e+04,-7.4211232e+04
951,9.5000000e-02,1.3325563e+06,1.7761953e+04,-8.9388818e+04
952,9.5100000e-02,1.2513987e+06,2.1530935e+04,-1.0412301e+05
953,9.5200000e-02,1.1719709e+06,2.5175271e+04,-1.1793959e+05
954,9.5300000e-02,1.0946673e+06,2.8751611e+04,-1.3090227e+05
955,9.5400000e-02,1.0200408e+06,3.2231353e+04,-1.4301966e+05
956,9.5500000e-02,9.4846090e+05,3.5553155e+04,-1.5428589e+05
957,9.5600000e-02,8.8032190e+05,3.8695268e+04,-1.6469586e+05
958,9.5700000e-02,8.1583335e+05,4.1624361e+04,-1.7434025e+05
959,9.5800000e-02,7.5471078e+05,4.4347329e+04,-1.8301205e+05
960,9.5900000e-02,6.9734061e+05,4.6040846e+04,-1.9267697e+05
961,9.6000000e-02,6.4374607e+05,4.7928019e+04,-2.0055214e+05
962,9.6100000e-02,5.9376847e+05,4.9904997e+04,-2.0717838e+05
963,9.6200000e-02,5.4718515e+05,5.2198682e+04,-2.1223425e+05
964,9.6300000e-02,5.0371454e+05,5.4216056e+04,-2.1714509e+05
965,9.6400000e-02,4.6341777e+05,5.4061122e+04,-2.2600291e+05
966,9.6500000e-02,4.2592589e+05,5.4504963e+04,-2.3144879e+05
967,9.6600000e-02,3.9097374e+05,5.6260809e+04,-2.3332906e+05
968,9.6700000e-02,3.5812122e+05,5.8170187e+04,-2.3524162e+05
969,9.6800000e-02,3.2717625e+05,6.0023008e+04,-2.3723495e+05
970,9.6900000e-02,2.9806868e+05,6.2094453e+04,-2.3905832e+05
971,9.7000000e-02,2.7123405e+05,6.1913435e+04,-2.4619745e+05
972,9.7100000e-02,2.4640396e+05,6.2500270e+04,-2.4941826e+05
973,9.7200000e-02,2.2301254e+05,6.4046247e+04,-2.4787532e+05
974,9.7300000e-02,2.0025699e+05,6.5538597e+04,-2.4627020e+05
975,9.7400000e-02,1.7794116e+05,6.6840100e+04,-2.4566758e+05
976,9.7500000e-02,1.5613805e+05,6.6947496e+04,-2.4562368e+05
977,9.7600000e-02,1.3515430e+05,6.6336913e+04,-2.4592335e+05
978,9.7700000e-02,1.1433204e+05,6.5844627e+04,-2.4229872e+05
979,9.7800000e-02,9.3660424e+04,6.4543076e+04,-2.4155028e+05
980,9.7900000e-02,7.3677177e+04,6.2289578e+04,-2.4195903e+05
981,9.8000000e-02,5.3940391e+04,5.9278783e+04,-2.4376590e+05
982,9.8100000e-02,3.4133990e+04,5.6321325e+04,-2.4108410e+05
983,9.8200000e-02,1.4342761e+04,5.2964691e+04,-2.3979072e+05
984,9.8300000e-02,-4.6326020e+03,5.0836561e+04,-2.3506107e+05
985,9.8400000e-02,-2.3731058e+04,4.8481057e+04,-2.3264055e+05
986,9.8500000e-02,-4.1913627e+04,4.7955390e+04,-2.2454310e+05
987,9.8600000e-02,-6.0044040e+04,4.7498385e+04,-2.1911827e+05
988,9.8700000e-02,-7.8892286e+04,4.5886223e+04,-2.1606693e+05
989,9.8800000e-02,-9.8725278e+04,4.4175251e+04,-2.1343320e+05
990,9.8900000e-02,-1.1950703e+05,4.1618520e+04,-2.1109641e+05
991,9.9000000e-02,-1.4093559e+05,3.8946988e+04,-2.0832883e+05
992,9.9100000e-02,-1.6328437e+05,3.5633676e+04,-2.0468014e+05
993,9.9200000e-02,-1.8664613e+05,3.1769841e+04,-2.0069402e+05
994,9.9300000e-02,-2.1103421e+05,2.7771552e+04,-1.9659739e+05
995,9.9400000e-02,-2.3675262e+05,2.3604146e+04,-1.9177307e+05
996,9.9500000e-02,-2.6457409e+05,1.8834914e+04,-1.8620918e+05
997,9.9600000e-02,-2.9508682e+05,1.3432733e+04,-1.7959038e+05
998,9.9700000e-02,-3.2905059e+05,8.1275022e+03,-1.7194086e+05
999,9.9800000e-02,-3.6700045e+05,2.8718035e+03,-1.6130093e+05
1000,9.9900000e-02,-4.0903498e+05,-2.5588755e+03,-1.4664605e+05
1001,1.0000000e-01,-4.5494293e+05,-7.7966634e+03,-1.2783115e+05
1002,1.0010000e-01,-5.0389045e+05,-1.1686139e+04,-1.0536657e+05
1003,1.0020000e-01,-5.5575218e+05,-1.5238037e+04,-8.0224395e+04
1004,1.0030000e-01,-6.0996798e+05,-1.8834009e+04,-5.3226736e+04
1005,1.0040000e-01,-6.6672393e+05,-2.1631418e+04,-2.4554148e+04
1006,1.0050000e-01,-7.2693179e+05,-2.4648884e+04,5.9154279e+03
1007,1.0060000e-01,-7.8942472e+05,-2.8090614e+04,3.7636581e+04
1008,1.0070000e-01,-8.5667159e+05,-3.1369038e+04,7.1713807e+04
1009,1.0080000e-01,-9.2963757e+05,-3.4470639e+04,1.0836772e+05
1010,1.0090000e-01,-1.0094465e+06,-3.8003061e+04,1.4818211e+05
1011,1.0100000e-01,-1.0866685e+06,-1.6220753e+04,2.0844969e+05
1012,1.0110000e-01,-1.1684733e+06,-1.1961064e+04,2.6602924e+05
1013,1.0120000e-01,-1.2594885e+06,-1.9634657e+04,3.1759971e+05
1014,1.0130000e-01,-1.3609170e+06,-2.9407179e+04,3.6638483e+05
1015,1.0140000e-01,-1.4715948e+06,-3.9353066e+04,4.1483944e+05
1016,1.0150000e-01,-1.5895829e+06,-4.7155667e+04,4.6480323e+05
1017,1.0160000e-01,-1.7125155e+06,-5.4041058e+04,5.1643848e+05
1018,1.0170000e-01,-1.8389516e+06,-6.0042278e+04,5.6964558e+05
1019,1.0180000e-01,-1.9670855e+06,-6.5630606e+04,6.2364795e+05
1020,1.0190000e-01,-2.0946127e+06,-7.0410437e+04,6.7752610e+05
1021,1.0200000e-01,-2.2174287e+06,-7.4275985e+04,7.2923838e+05
1022,1.0210000e-01,-2.3314915e+06,-7.7367322e+04,7.7709075e+05
1023,1.0220000e-01,-2.4331810e+06,-7.9251618e+04,8.1945316e+05
1024,1.0230000e-01,-2.5190106e+06,-8.0808781e+04,8.5450226e+05
1025,1.0240000e-01,-2.5854391e+06,-8.1657245e+04,8.8053404e+05
1026,1.0250000e-01,-2.6299764e+06,-8.1408689e+04,8.9692080e+05
1027,1.0260000e-01,-2.6507871e+06,-7.9856771e+04,9.0294562e+05
1028,1.0270000e-01,-2.6467858e+06,-7.8371989e+04,8.9791328e+05
1029,1.0280000e-01,-2.6181135e+06,-7.5716356e+04,8.8223003e+05
1030,1.0290000e-01,-2.5657316e+06,-7.2232512e+04,8.5645500e+05
1031,1.0300000e-01,-2.4921620e+06,-6.7392608e+04,8.2188453e+05
1032,1.0310000e-01,-2.4008935e+06,-6.2590037e+04,7.8022958e+05
1033,1.0320000e-01,-2.2946765e+06,-5.6829204e+04,7.3227395e+05
1034,1.0330000e-01,-2.1763345e+06,-5.0779513e+04,6.7940894e+05
1035,1.0340000e-01,-2.0498477e+06,-4.4118872e+04,6.2343721e+05
1036,1.0350000e-01,-1.9188046e+06,-3.6950891e+04,5.6583011e+05
1037,1.0360000e-01,-1.7862082e+06,-2.9838473e+04,5.0776383e+05
1038,1.0370000e-01,-1.6545319e+06,-2.2746689e+04,4.5026838e+05
1039,1.0380000e-01,-1.5257537e+06,-1.5830349e+04,3.9419009e+05
1040,1.0390000e-01,-1.4015627e+06,-9.2080277e+03,3.4015531e+05
1041,1.0400000e-01,-1.2832465e+06,-2.9445248e+03,2.8865420e+05
1042,1.0410000e-01,-1.1714251e+06,2.8246088e+03,2.3996070e+05
1043,1.0420000e-01,-1.0666767e+06,8.2390100e+03,1.9427293e+05
1044,1.0430000e-01,-9.6918958e+05,1.3024163e+04,1.5160187e+05
1045,1.0440000e-01,-8.7902858e+05,1.7265089e+04,1.1201487e+05
1046,1.0450000e-01,-7.9609406e+05,2.0980537e+04,7.5427070e+04
1047,1.0460000e-01,-7.2009122e+05,2.4180431e+04,4.1869743e+04
1048,1.0470000e-01,-6.5069454e+05,2.6994516e+04,1.1254322e+04
1049,1.0480000e-01,-5.8735020e+05,2.9316600e+04,-1.6623173e+04
1050,1.0490000e-01,-5.2961630e+05,3.1254802e+04,-4.1812797e+04
1051,1.0500000e-01,-4.7710804e+05,3.2892834e+04,-6.4383622e+04
1052,1.0510000e-01,-4.2950607e+05,3.4398603e+04,-8.4346944e+04
1053,1.0520000e-01,-3.8675479e+05,3.5698962e+04,-1.0157057e+05
1054,1.0530000e-01,-3.5032125e+05,3.7015121e+04,-1.1546564e+05
1055,1.0540000e-01,-3.1962593e+05,3.8575578e+04,-1.2732669e+05
1056,1.0550000e-01,-2.9255779e+05,3.9895594e+04,-1.3818483e+05
1057,1.0560000e-01,-2.6743587e+05,4.0780602e+04,-1.4857115e+05
1058,1.0570000e-01,-2.4295941e+05,4.1060269e+04,-1.5904027e+05
1059,1.0580000e-01,-2.1902751e+05,4.0843038e+04,-1.6921744e+05
1060,1.0590000e-01,-1.9629112e+05,4.0219359e+04,-1.7893631e+05
1061,1.0600000e-01,-1.7429789e+05,3.9246897e+04,-1.8836055e+05
1062,1.0610000e-01,-1.5324669e+05,3.7783748e+04,-1.9791217e+05
1063,1.0620000e-01,-1.3294679e+05,3.5771941e+04,-2.0770547e+05
1064,1.0630000e-01,-1.1325077e+05,3.3089341e+04,-2.1886275e+05
1065,1.0640000e-01,-9.3208548e+04,2.9494389e+04,-2.3159862e+05
1066,1.0650000e-01,-7.0546307e+04,2.4646926e+04,-2.4863669e+05
1067,1.0660000e-01,-4.2296801e+04,1.8232640e+04,-2.6624346e+05
1068,1.0670000e-01,-8.8252638e+03,1.0940978e+04,-2.7779108e+05
1069,1.0680000e-01,2.4297812e+04,4.0647121e+03,-2.8349951e+05
1070,1.0690000e-01,5.2902865e+04,-4.4580452e+02,-2.8448844e+05
1071,1.0700000e-01,7.6325731e+04,-3.6071546e+03,-2.8426726e+05
1072,1.0710000e-01,9.5860896e+04,-4.7084414e+03,-2.8301280e+05
1073,1.0720000e-01,1.1349565e+05,-5.1164642e+03,-2.8165707e+05
1074,1.0730000e-01,1.3082191e+05,-5.6404355e+03,-2.8051911e+05
1075,1.0740000e-01,1.4866877e+05,-5.5331838e+03,-2.7885823e+05
1076,1.0750000e-01,1.6715698e+05,-5.9753727e+03,-2.7687768e+05
1077,1.0760000e-01,1.8634851e+05,-6.3314883e+03,-2.7424309e+05
1078,1.0770000e-01,2.0635344e+05,-7.2457936e+03,-2.7150621e+05
1079,1.0780000e-01,2.2733308e+05,-8.3308800e+03,-2.6853088e+05
1080,1.0790000e-01,2.4946654e+05,-9.4820580e+03,-2.6524290e+05
1081,1.0800000e-01,2.7281424e+05,-1.1019047e+04,-2.6169449e+05
1082,1.0810000e-01,2.9765790e+05,-1.2643589e+04,-2.5807833e+05
1083,1.0820000e-01,3.2412042e+05,-1.4331093e+04,-2.5392282e+05
1084,1.0830000e-01,3.5215201e+05,-1.6320107e+04,-2.4935916e+05
1085,1.0840000e-01,3.8176183e+05,-1.8750169e+04,-2.4448169e+05
1086,1.0850000e-01,4.1337354e+05,-2.1289781e+04,-2.3924395e+05
1087,1.0860000e-01,4.4677187e+05,-2.4390954e+04,-2.3344378e+05
1088,1.0870000e-01,4.8230931e+05,-2.7637793e+04,-2.2748747e+05
1089,1.0880000e-01,5.2038909e+05,-3.0946227e+04,-2.2118728e+05
1090,1.0890000e-01,5.6142455e+05,-3.3897372e+04,-2.1432342e+05
1091,1.0900000e-01,6.0582409e+05,-3.5791244e+04,-2.0658873e+05
1092,1.0910000e-01,6.5428450e+05,-3.5700524e+04,-1.9786134e+05
1093,1.0920000e-01,7.0724546e+05,-3.3565794e+04,-1.8724951e+05
1094,1.0930000e-01,7.6506229e+05,-2.9798115e+04,-1.7475809e+05
1095,1.0940000e-01,8.2722879e+05,-2.7010969e+04,-1.6105684e+05
1096,1.0950000e-01,8.9291990e+05,-2.5327113e+04,-1.4650041e+05
1097,1.0960000e-01,9.6100291e+05,-2.5164515e+04,-1.3118931e+05
1098,1.0970000e-01,1.0318094e+06,-2.5542210e+04,-1.1576308e+05
1099,1.0980000e-01,1.1056473e+06,-2.7249278e+04,-1.0034991e+05
1100,1.0990000e-01,1.1829759e+06,-2.8751057e+04,-8.5019650e+04
1101,1.1000000e-01,1.2633052e+06,-2.9906894e+04,-6.9012896e+04
1102,1.1010000e-01,1.3459542e+06,-3.1765295e+04,-5.2769989e+04
1103,1.1020000e-01,1.4307136e+06,-3.3118801e+04,-3.6254772e+04
1104,1.1030000e-01,1.5165943e+06,-3.4263864e+04,-1.9228333e+04
1105,1.1040000e-01,1.6036071e+06,-3.4766178e+04,-2.4343507e+03
1106,1.1050000e-01,1.6907589e+06,-3.5714924e+04,1.3853207e+04
1107,1.1060000e-01,1.7773577e+06,-3.6711817e+04,2.9041728e+04
1108,1.1070000e-01,1.8611681e+06,-3.8158366e+04,4.3477961e+04
1109,1.1080000e-01,1.9407494e+06,-3.8809516e+04,5.6875910e+04
1110,1.1090000e-01,2.0148028e+06,-3.9058555e+04,6.8822520e+04
1111,1.1100000e-01,2.0813317e+06,-3.8961219e+04,7.9361032e+04
1112,1.1110000e-01,2.1393314e+06,-3.8447906e+04,8.7427354e+04
1113,1.1120000e-01,2.1875557e+06,-3.7717100e+04,9.2970176e+04
1114,1.1130000e-01,2.2246780e+06,-3.6727165e+04,9.5906241e+04
1115,1.1140000e-01,2.2493786e+06,-3.5400636e+04,9.6126600e+04
1116,1.1150000e-01,2.2619287e+06,-3.3764941e+04,9.3182728e+04
1117,1.1160000e-01,2.2611270e+06,-3.1850908e+04,8.7867987e+04
1118,1.1170000e-01,2.2464744e+06,-2.9429759e+04,8.0076915e+04
1119,1.1180000e-01,2.2184356e+06,-2.6538613e+04,6.9933655e+04
1120,1.1190000e-01,2.1774805e+06,-2.3244175e+04,5.7646600e+04
1121,1.1200000e-01,2.1245270e+06,-1.9609021e+04,4.3492930e+04
1122,1.1210000e-01,2.0608803e+06,-1.5697897e+04,2.7805979e+04
1123,1.1220000e-01,1.9873078e+06,-1.1512834e+04,1.1245164e+04
1124,1.1230000e-01,1.9061137e+06,-7.0845949e+03,-6.4131050e+03
1125,1.1240000e-01,1.8195260e+06,-2.6395038e+03,-2.4638720e+04
1126,1.1250000e-01,1.7291999e+06,1.7977687e+03,-4.3013982e+04
1127,1.1260000e-01,1.6365521e+06,6.2444109e+03,-6.1223890e+04
1128,1.1270000e-01,1.5430112e+06,1.0698550e+04,-7.9015516e+04
1129,1.1280000e-01,1.4496149e+06,1.5128398e+04,-9.6194865e+04
1130,1.1290000e-01,1.3579151e+06,1.9467316e+04,-1.1283977e+05
1131,1.1300000e-01,1.2682264e+06,2.3674534e+04,-1.2842006e+05
1132,1.1310000e-01,1.1810439e+06,2.7811646e+04,-1.4300161e+05
1133,1.1320000e-01,1.0970214e+06,3.1852956e+04,-1.5658377e+05
1134,1.1330000e-01,1.0166277e+06,3.5702698e+04,-1.6917786e+05
1135,1.1340000e-01,9.4022427e+05,3.9358181e+04,-1.8075491e+05
1136,1.1350000e-01,8.6768615e+05,4.2811296e+04,-1.9120866e+05
1137,1.1360000e-01,7.9925162e+05,4.5021341e+04,-2.0275223e+05
1138,1.1370000e-01,7.3565091e+05,4.7473076e+04,-2.1237429e+05
1139,1.1380000e-01,6.7647983e+05,4.9998067e+04,-2.2039572e+05
1140,1.1390000e-01,6.2143114e+05,5.2888369e+04,-2.2656042e+05
1141,1.1400000e-01,5.7013563e+05,5.5478937e+04,-2.3241201e+05
1142,1.1410000e-01,5.2266693e+05,5.5561266e+04,-2.4281334e+05
1143,1.1420000e-01,4.7857072e+05,5.6458896e+04,-2.4896266e+05
1144,1.1430000e-01,4.3752821e+05,5.8853280e+04,-2.5106740e+05
1145,1.1440000e-01,3.9906150e+05,6.1306464e+04,-2.5335363e+05
1146,1.1450000e-01,3.6375613e+05,6.0621747e+04,-2.6318922e+05
1147,1.1460000e-01,3.3110777e+05,6.1741801e+04,-2.6713366e+05
1148,1.1470000e-01,3.0074138e+05,6.4806558e+04,-2.6451212e+05
1149,1.1480000e-01,2.7170430e+05,6.8447410e+04,-2.6279739e+05
1150,1.1490000e-01,2.4356893e+05,7.1698218e+04,-2.6252242e+05
1151,1.1500000e-01,2.1645602e+05,7.4080341e+04,-2.6261380e+05
1152,1.1510000e-01,1.9038369e+05,7.5970602e+04,-2.6278422e+05
1153,1.1520000e-01,1.6676786e+05,7.6902271e+04,-2.6001734e+05
1154,1.1530000e-01,1.4612402e+05,7.6170958e+04,-2.5932180e+05
1155,1.1540000e-01,1.2627456e+05,7.4798047e+04,-2.5995961e+05
1156,1.1550000e-01,1.0568826e+05,7.3220597e+04,-2.6093084e+05
1157,1.1560000e-01,8.4228196e+04,7.1349324e+04,-2.6170330e+05
1158,1.1570000e-01,6.2051150e+04,6.9186927e+04,-2.6202051e+05
1159,1.1580000e-01,3.8514053e+04,6.6736766e+04,-2.6353838e+05
1160,1.1590000e-01,1.3971495e+04,6.4358924e+04,-2.6079928e+05
1161,1.1600000e-01,-1.0377241e+04,6.1345411e+04,-2.5847459e+05
1162,1.1610000e-01,-3.4622183e+04,5.8102016e+04,-2.5331050e+05
1163,1.1620000e-01,-5.8885266e+04,5.4478077e+04,-2.5078288e+05
1164,1.1630000e-01,-8.2517091e+04,5.1841151e+04,-2.4497930e+05
1165,1.1640000e-01,-1.0563303e+05,5.0770685e+04,-2.3589678e+05
1166,1.1650000e-01,-1.2802050e+05,5.1210838e+04,-2.2409813e+05
1167,1.1660000e-01,-1.5100689e+05,5.0901534e+04,-2.1738161e+05
1168,1.1670000e-01,-1.7453110e+05,4.9515138e+04,-2.1294129e+05
1169,1.1680000e-01,-1.9900380e+05,4.6466068e+04,-2.0926796e+05
1170,1.1690000e-01,-2.2468778e+05,4.2653465e+04,-2.0600667e+05
1171,1.1700000e-01,-2.5216563e+05,3.8222732e+04,-2.0285951e+05
1172,1.1710000e-01,-2.8237112e+05,3.2665702e+04,-1.9820512e+05
1173,1.1720000e-01,-3.1627280e+05,2.6374926e+04,-1.9202062e+05
1174,1.1730000e-01,-3.5423515e+05,2.0139804e+04,-1.8297339e+05
1175,1.1740000e-01,-3.9576909e+05,1.4297282e+04,-1.6936562e+05
1176,1.1750000e-01,-4.4058158e+05,8.3760164e+03,-1.5220320e+05
1177,1.1760000e-01,-4.8808252e+05,3.3080220e+03,-1.3191670e+05
1178,1.1770000e-01,-5.3781074e+05,-9.0273927e+02,-1.0913107e+05
1179,1.1780000e-01,-5.9028010e+05,-5.4415395e+03,-8.4353374e+04
1180,1.1790000e-01,-6.4600483e+05,-9.5168751e+03,-5.7476977e+04
1181,1.1800000e-01,-7.0517496e+05,-1.3261530e+04,-2.8503234e+04
1182,1.1810000e-01,-7.6873549e+05,-1.7356928e+04,2.8845577e+03
1183,1.1820000e-01,-8.3529270e+05,-2.1591694e+04,3.6180111e+04
1184,1.1830000e-01,-9.0775743e+05,-2.6240256e+04,7.2435798e+04
1185,1.1840000e-01,-9.8708464e+05,-3.0690377e+04,1.1190899e+05
1186,1.1850000e-01,-1.0737744e+06,-3.4921836e+04,1.5505402e+05
1187,1.1860000e-01,-1.1566577e+06,-1.3576883e+04,2.2283529e+05
1188,1.1870000e-01,-1.2445415e+06,-1.2984410e+04,2.8740545e+05
1189,1.1880000e-01,-1.3428760e+06,-2.3360467e+04,3.4463693e+05
1190,1.1890000e-01,-1.4532867e+06,-3.6546430e+04,3.9775142e+05
1191,1.1900000e-01,-1.5742676e+06,-4.8803122e+04,4.5004813e+05
1192,1.1910000e-01,-1.7034591e+06,-5.8035253e+04,5.0385846e+05
1193,1.1920000e-01,-1.8380706e+06,-6.6334558e+04,5.5935052e+05
1194,1.1930000e-01,-1.9763562e+06,-7.2455743e+04,6.1673289e+05
1195,1.1940000e-01,-2.1156469e+06,-7.8916544e+04,6.7455513e+05
1196,1.1950000e-01,-2.2531459e+06,-8.4010420e+04,7.3185980e+05
1197,1.1960000e-01,-2.3841659e+06,-8.7998786e+04,7.8635894e+05
1198,1.1970000e-01,-2.5041262e+06,-9.1534486e+04,8.3590070e+05
1199,1.1980000e-01,-2.6088140e+06,-9.2830392e+04,8.7898384e+05
1200,1.1990000e-01,-2.6945337e+06,-9.4117400e+04,9.1336827e+05
1201,1.2000000e-01,-2.7568280e+06,-9.4201711e+04,9.3704355e+05
1202,1.2010000e-01,-2.7935839e+06,-9.3609337e+04,9.4963052e+05
1203,1.2020000e-01,-2.8033801e+06,-9.1643702e+04,9.5046770e+05
1204,1.2030000e-01,-2.7855224e+06,-8.9620845e+04,9.3897660e+05
1205,1.2040000e-01,-2.7408003e+06,-8.6271649e+04,9.1607768e+05
1206,1.2050000e-01,-2.6709234e+06,-8.1909269e+04,8.8264926e+05
1207,1.2060000e-01,-2.5791562e+06,-7.6326246e+04,8.4025895e+05
1208,1.2070000e-01,-2.4691206e+06,-7.0306021e+04,7.9042672e+05
1209,1.2080000e-01,-2.3458070e+06,-6.3618987e+04,7.3566443e+05
1210,1.2090000e-01,-2.2121183e+06,-5.6244211e+04,6.7665189e+05
1211,1.2100000e-01,-2.0717153e+06,-4.8574637e+04,6.1505716e+05
1212,1.2110000e-01,-1.9283223e+06,-4.0713532e+04,5.5248758e+05
1213,1.2120000e-01,-1.7852856e+06,-3.2756771e+04,4.9030675e+05
1214,1.2130000e-01,-1.6450787e+06,-2.4867621e+04,4.2949647e+05
1215,1.2140000e-01,-1.5095411e+06,-1.7242552e+04,3.7079702e+05
1216,1.2150000e-01,-1.3801590e+06,-1.0022124e+04,3.1474586e+05
1217,1.2160000e-01,-1.2579073e+06,-3.3063673e+03,2.6176926e+05
1218,1.2170000e-01,-1.1433743e+06,2.8994024e+03,2.1208250e+05
1219,1.2180000e-01,-1.0369000e+06,8.6745561e+03,1.6574775e+05
1220,1.2190000e-01,-9.3848179e+05,1.3775194e+04,1.2278769e+05
1221,1.2200000e-01,-8.4789675e+05,1.8230271e+04,8.3085059e+04
1222,1.2210000e-01,-7.6489861e+05,2.2102412e+04,4.6682160e+04
1223,1.2220000e-01,-6.8913655e+05,2.5454490e+04,1.3473341e+04
1224,1.2230000e-01,-6.2016150e+05,2.8333589e+04,-1.6709361e+04
1225,1.2240000e-01,-5.5746625e+05,3.0859146e+04,-4.3926668e+04
1226,1.2250000e-01,-5.0044858e+05,3.2952390e+04,-6.8327573e+04
1227,1.2260000e-01,-4.4893771e+05,3.4761147e+04,-8.9839139e+04
1228,1.2270000e-01,-4.0278689e+05,3.6443936e+04,-1.0822769e+05
1229,1.2280000e-01,-3.6350670e+05,3.8260025e+04,-1.2307221e+05
1230,1.2290000e-01,-3.3019799e+05,4.0129710e+04,-1.3573976e+05
1231,1.2300000e-01,-3.0093714e+05,4.1815833e+04,-1.4726159e+05
1232,1.2310000e-01,-2.7387728e+05,4.3110227e+04,-1.5821833e+05
1233,1.2320000e-01,-2.4754328e+05,4.3748948e+04,-1.6924391e+05
1234,1.2330000e-01,-2.2176546e+05,4.3642586e+04,-1.7997029e+05
1235,1.2340000e-01,-1.9725916e+05,4.3141795e+04,-1.9017291e+05
1236,1.2350000e-01,-1.7359844e+05,4.2319097e+04,-2.0003883e+05
1237,1.2360000e-01,-1.5094149e+05,4.1003110e+04,-2.1032800e+05
1238,1.2370000e-01,-1.2925628e+05,3.8884160e+04,-2.2096858e+05
1239,1.2380000e-01,-1.0805140e+05,3.5968002e+04,-2.3284376e+05
1240,1.2390000e-01,-8.6190487e+04,3.1999925e+04,-2.4801290e+05
1241,1.2400000e-01,-6.0270147e+04,2.6407245e+04,-2.6673572e+05
1242,1.2410000e-01,-2.6755046e+04,1.9443554e+04,-2.8460385e+05
1243,1.2420000e-01,1.0906076e+04,1.1192365e+04,-2.9509401e+05
1244,1.2430000e-01,4.5693706e+04,4.2582434e+03,-2.9929104e+05
1245,1.2440000e-01,7.4057382e+04,-1.2594500e+02,-2.9934593e+05
1246,1.2450000e-01,9.6524311e+04,-2.4500740e+03,-2.9805091e+05
1247,1.2460000e-01,1.1565482e+05,-3.8730834e+03,-2.9677995e+05
1248,1.2470000e-01,1.3404521e+05,-4.1378298e+03,-2.9562251e+05
1249,1.2480000e-01,1.5300102e+05,-3.8501322e+03,-2.9398562e+05
1250,1.2490000e-01,1.7263005e+05,-3.6214009e+03,-2.9162600e+05
1251,1.2500000e-01,1.9302602e+05,-3.9016433e+03,-2.8906692e+05
1252,1.2510000e-01,2.1456541e+05,-4.2849197e+03,-2.8616005e+05
1253,1.2520000e-01,2.3709268e+05,-5.3059284e+03,-2.8295680e+05
1254,1.2530000e-01,2.6066318e+05,-6.9079806e+03,-2.7974935e+05
1255,1.2540000e-01,2.8550530e+05,-8.5358576e+03,-2.7601097e+05
1256,1.2550000e-01,3.1156595e+05,-1.0352484e+04,-2.7184384e+05
1257,1.2560000e-01,3.3909521e+05,-1.2424211e+04,-2.6732659e+05
1258,1.2570000e-01,3.6840802e+05,-1.4485791e+04,-2.6240013e+05
1259,1.2580000e-01,3.9928013e+05,-1.7010145e+04,-2.5686406e+05
1260,1.2590000e-01,4.3230925e+05,-1.9658755e+04,-2.5114037e+05
1261,1.2600000e-01,4.6759676e+05,-2.2848251e+04,-2.4516759e+05
1262,1.2610000e-01,5.0531548e+05,-2.6192058e+04,-2.3880434e+05
1263,1.2620000e-01,5.4581417e+05,-2.9495392e+04,-2.3192733e+05
1264,1.2630000e-01,5.8938510e+05,-3.2413946e+04,-2.2438017e+05
1265,1.2640000e-01,6.3688588e+05,-3.4154167e+04,-2.1617152e+05
1266,1.2650000e-01,6.8844175e+05,-3.3996529e+04,-2.0631758e+05
1267,1.2660000e-01,7.4467379e+05,-3.2190954e+04,-1.9473674e+05
1268,1.2670000e-01,8.0571583e+05,-2.9476829e+04,-1.8150818e+05
1269,1.2680000e-01,8.7115817e+05,-2.7070445e+04,-1.6701105e+05
1270,1.2690000e-01,9.3994521e+05,-2.5956030e+04,-1.5135114e+05
1271,1.2700000e-01,1.0118715e+06,-2.5966555e+04,-1.3541613e+05
1272,1.2710000e-01,1.0870959e+06,-2.6524061e+04,-1.1912721e+05
1273,1.2720000e-01,1.1661432e+06,-2.8402203e+04,-1.0303034e+05
1274,1.2730000e-01,1.2484793e+06,-3.0186210e+04,-8.6337511e+04
1275,1.2740000e-01,1.3337990e+06,-3.1420570e+04,-6.9072613e+04
1276,1.2750000e-01,1.4215476e+06,-3.3377915e+04,-5.1632477e+04
1277,1.2760000e-01,1.5109025e+06,-3.4830793e+04,-3.3563058e+04
1278,1.2770000e-01,1.6018490e+06,-3.5988870e+04,-1.5704661e+04
1279,1.2780000e-01,1.6939501e+06,-3.6693344e+04,1.9878162e+03
1280,1.2790000e-01,1.7857782e+06,-3.7853304e+04,1.9112021e+04
1281,1.2800000e-01,1.8764884e+06,-3.9012139e+04,3.5004762e+04
1282,1.2810000e-01,1.9636556e+06,-4.0589883e+04,4.9978104e+04
1283,1.2820000e-01,2.0456879e+06,-4.1294204e+04,6.3695203e+04
1284,1.2830000e-01,2.1211479e+06,-4.1558011e+04,7.5698474e+04
1285,1.2840000e-01,2.1878803e+06,-4.1430886e+04,8.6044596e+04
1286,1.2850000e-01,2.2448039e+06,-4.0849041e+04,9.3632672e+04
1287,1.2860000e-01,2.2906194e+06,-4.0005258e+04,9.8417576e+04
1288,1.2870000e-01,2.3239856e+06,-3.8862860e+04,1.0031598e+05
1289,1.2880000e-01,2.3436116e+06,-3.7349186e+04,9.9239429e+04
1290,1.2890000e-01,2.3499043e+06,-3.5495917e+04,9.4765013e+04
1291,1.2900000e-01,2.3417725e+06,-3.3333005e+04,8.7772421e+04
1292,1.2910000e-01,2.3191048e+06,-3.0637011e+04,7.8233672e+04
1293,1.2920000e-01,2.2821618e+06,-2.7431627e+04,6.6289953e+04
1294,1.2930000e-01,2.2317881e+06,-2.3797081e+04,5.2197088e+04
1295,1.2940000e-01,2.1692892e+06,-1.9820584e+04,3.6293197e+04
1296,1.2950000e-01,2.0954467e+06,-1.5516832e+04,1.9276381e+04
1297,1.2960000e-01,2.0126904e+06,-1.0923803e+04,9.3907088e+02
1298,1.2970000e-01,1.9234206e+06,-6.2803858e+03,-1.8169220e+04
1299,1.2980000e-01,1.8294601e+06,-1.6223778e+03,-3.7571562e+04
1300,1.2990000e-01,1.7323962e+06,3.0664654e+03,-5.6904879e+04
1301,1.3000000e-01,1.6337075e+06,7.7845221e+03,-7.5877660e+04
1302,1.3010000e-01,1.5348745e+06,1.2493077e+04,-9.4255378e+04
1303,1.3020000e-01,1.4375554e+06,1.7114857e+04,-1.1210010e+05
1304,1.3030000e-01,1.3420945e+06,2.1621651e+04,-1.2883497e+05
1305,1.3040000e-01,1.2490781e+06,2.6070053e+04,-1.4450709e+05
1306,1.3050000e-01,1.1592798e+06,3.0421899e+04,-1.5912370e+05
1307,1.3060000e-01,1.0732331e+06,3.4580993e+04,-1.7268756e+05
1308,1.3070000e-01,9.9145780e+05,3.8539076e+04,-1.8515050e+05
1309,1.3080000e-01,9.1383096e+05,4.2294472e+04,-1.9637319e+05
1310,1.3090000e-01,8.4087827e+05,4.5778244e+04,-2.0689618e+05
1311,1.3100000e-01,7.7281398e+05,4.7843032e+04,-2.1860929e+05
1312,1.3110000e-01,7.0939727e+05,5.0209414e+04,-2.2789469e+05
1313,1.3120000e-01,6.5045588e+05,5.3162506e+04,-2.3478269e+05
1314,1.3130000e-01,5.9563069e+05,5.6080545e+04,-2.4105676e+05
1315,1.3140000e-01,5.4499373e+05,5.6074096e+04,-2.5214226e+05
1316,1.3150000e-01,4.9837680e+05,5.7998004e+04,-2.5652151e+05
1317,1.3160000e-01,4.5481881e+05,6.0348998e+04,-2.6016422e+05
1318,1.3170000e-01,4.1379255e+05,6.2758488e+04,-2.6317501e+05
1319,1.3180000e-01,3.7614841e+05,6.1955151e+04,-2.7382494e+05
1320,1.3190000e-01,3.4231895e+05,6.4835383e+04,-2.7303388e+05
1321,1.3200000e-01,3.1021269e+05,6.7982112e+04,-2.7275566e+05
1322,1.3210000e-01,2.7912377e+05,7.1589227e+04,-2.7303763e+05
1323,1.3220000e-01,2.4906402e+05,7.4804724e+04,-2.7329123e+05
1324,1.3230000e-01,2.2390651e+05,7.6319853e+04,-2.7545741e+05
1325,1.3240000e-01,2.0279495e+05,7.7174315e+04,-2.7585737e+05
1326,1.3250000e-01,1.8121085e+05,7.7475724e+04,-2.7492147e+05
1327,1.3260000e-01,1.5839152e+05,7.7302520e+04,-2.7324340e+05
1328,1.3270000e-01,1.3429671e+05,7.7170480e+04,-2.7204690e+05
1329,1.3280000e-01,1.0923593e+05,7.7042421e+04,-2.7117236e+05
1330,1.3290000e-01,8.3770804e+04,7.6383751e+04,-2.7048121e+05
1331,1.3300000e-01,5.7288800e+04,7.5682931e+04,-2.6849755e+05
1332,1.3310000e-01,3.0702714e+04,7.4305732e+04,-2.6655933e+05
1333,1.3320000e-01,4.7752941e+03,7.1770437e+04,-2.6519992e+05
1334,1.3330000e-01,-2.1064986e+04,6.8653620e+04,-2.6203925e+05
1335,1.3340000e-01,-4.7491086e+04,6.4327686e+04,-2.6110026e+05
1336,1.3350000e-01,-7.3743221e+04,5.9784777e+04,-2.5755912e+05
1337,1.3360000e-01,-9.9617698e+04,5.5009267e+04,-2.5476066e+05
1338,1.3370000e-01,-1.2499031e+05,5.1235914e+04,-2.4942869e+05
1339,1.3380000e-01,-1.4991318e+05,4.9197094e+04,-2.3991517e+05
1340,1.3390000e-01,-1.7311447e+05,5.1244636e+04,-2.2409039e+05
1341,1.3400000e-01,-1.9695758e+05,5.2019422e+04,-2.1533547e+05
1342,1.3410000e-01,-2.2235299e+05,5.0660106e+04,-2.1146547e+05
1343,1.3420000e-01,-2.5023514e+05,4.7239964e+04,-2.0910291e+05
1344,1.3430000e-01,-2.8176758e+05,4.1568369e+04,-2.0569785e+05
1345,1.3440000e-01,-3.1718193e+05,3.5218812e+04,-1.9900212e+05
1346,1.3450000e-01,-3.5592843e+05,2.9075567e+04,-1.8824356e+05
1347,1.3460000e-01,-3.9773633e+05,2.2695405e+04,-1.7442929e+05
1348,1.3470000e-01,-4.4153481e+05,1.6944643e+04,-1.5768977e+05
1349,1.3480000e-01,-4.8711177e+05,1.1987739e+04,-1.3855905e+05
1350,1.3490000e-01,-5.3481802e+05,7.0394588e+03,-1.1750521e+05
1351,1.3500000e-01,-5.8523717e+05,1.9234610e+03,-9.4565038e+04
1352,1.3510000e-01,-6.3926124e+05,-2.7118325e+03,-6.9452020e+04
1353,1.3520000e-01,-6.9717966e+05,-7.0349199e+03,-4.1863704e+04
1354,1.3530000e-01,-7.6013579e+05,-1.1691154e+04,-1.1496605e+04
1355,1.3540000e-01,-8.2653339e+05,-1.6486349e+04,2.1194348e+04
1356,1.3550000e-01,-8.9905806e+05,-2.1658762e+04,5.7075781e+04
1357,1.3560000e-01,-9.7871725e+05,-2.6617221e+04,9.6459962e+04
1358,1.3570000e-01,-1.0661446e+06,-3.1634659e+04,1.3970470e+05
1359,1.3580000e-01,-1.1488586e+06,-1.1360118e+04,2.0955638e+05
1360,1.3590000e-01,-1.2364174e+06,-1.2823993e+04,2.7613507e+05
1361,1.3600000e-01,-1.3352949e+06,-2.5255483e+04,3.3470652e+05
1362,1.3610000e-01,-1.4466098e+06,-4.0059253e+04,3.8839230e+05
1363,1.3620000e-01,-1.5700029e+06,-5.3540730e+04,4.4141397e+05
1364,1.3630000e-01,-1.7028469e+06,-6.3445714e+04,4.9624116e+05
1365,1.3640000e-01,-1.8420717e+06,-7.2238300e+04,5.5316487e+05
1366,1.3650000e-01,-1.9857953e+06,-7.8644055e+04,6.1242366e+05
1367,1.3660000e-01,-2.1312981e+06,-8.5316948e+04,6.7258493e+05
1368,1.3670000e-01,-2.2748823e+06,-9.0517656e+04,7.3228963e+05
1369,1.3680000e-01,-2.4133557e+06,-9.4634804e+04,7.8999647e+05
1370,1.3690000e-01,-2.5416102e+06,-9.7736731e+04,8.4323331e+05
1371,1.3700000e-01,-2.6546533e+06,-9.9435939e+04,8.8993540e+05
1372,1.3710000e-01,-2.7488044e+06,-1.0073204e+05,9.2802777e+05
1373,1.3720000e-01,-2.8196647e+06,-1.0070478e+05,9.5567331e+05
1374,1.3730000e-01,-2.8630369e+06,-9.9870297e+04,9.7103903e+05
1375,1.3740000e-01,-2.8777535e+06,-9.7790073e+04,9.7407290e+05
1376,1.3750000e-01,-2.8635759e+06,-9.5684551e+04,9.6421368e+05
1377,1.3760000e-01,-2.8212076e+06,-9.2168696e+04,9.4236864e+05
1378,1.3770000e-01,-2.7522316e+06,-8.7566957e+04,9.0936306e+05
1379,1.3780000e-01,-2.6599081e+06,-8.1676129e+04,8.6676984e+05
1380,1.3790000e-01,-2.5479598e+06,-7.5324317e+04,8.1615637e+05
1381,1.3800000e-01,-2.4215839e+06,-6.8264342e+04,7.6014510e+05
1382,1.3810000e-01,-2.2838682e+06,-6.0464950e+04,6.9949478e+05
1383,1.3820000e-01,-2.1386571e+06,-5.2590225e+04,6.3590575e+05
1384,1.3830000e-01,-1.9901645e+06,-4.4032207e+04,5.7130243e+05
1385,1.3840000e-01,-1.8417572e+06,-3.5568737e+04,5.0697042e+05
1386,1.3850000e-01,-1.6960836e+06,-2.7203105e+04,4.4397726e+05
1387,1.3860000e-01,-1.5551600e+06,-1.9115681e+04,3.8313821e+05
1388,1.3870000e-01,-1.4206148e+06,-1.1459204e+04,3.2503889e+05
1389,1.3880000e-01,-1.2935077e+06,-4.3215117e+03,2.7014202e+05
1390,1.3890000e-01,-1.1744781e+06,2.2821381e+03,2.1867815e+05
1391,1.3900000e-01,-1.0638912e+06,8.4233999e+03,1.7071585e+05
1392,1.3910000e-01,-9.6168756e+05,1.3816934e+04,1.2626131e+05
1393,1.3920000e-01,-8.6781193e+05,1.8607223e+04,8.5228568e+04
1394,1.3930000e-01,-7.8184902e+05,2.2739755e+04,4.7620227e+04
1395,1.3940000e-01,-7.0341684e+05,2.6312360e+04,1.3307215e+04
1396,1.3950000e-01,-6.3205474e+05,2.9369555e+04,-1.7882912e+04
1397,1.3960000e-01,-5.6723810e+05,3.2032377e+04,-4.5963730e+04
1398,1.3970000e-01,-5.0836379e+05,3.4242008e+04,-7.1159116e+04
1399,1.3980000e-01,-4.5523613e+05,3.6140348e+04,-9.3278302e+04
1400,1.3990000e-01,-4.0778401e+05,3.7913646e+04,-1.1217635e+05
1401,1.4000000e-01,-3.6748777e+05,3.9820637e+04,-1.2722387e+05
1402,1.4010000e-01,-3.3350203e+05,4.1826539e+04,-1.4002603e+05
1403,1.4020000e-01,-3.0342493e+05,4.3626972e+04,-1.5172610e+05
1404,1.4030000e-01,-2.7538147e+05,4.5036506e+04,-1.6286930e+05
1405,1.4040000e-01,-2.4786083e+05,4.5674744e+04,-1.7415632e+05
1406,1.4050000e-01,-2.2120491e+05,4.5721292e+04,-1.8507695e+05
1407,1.4060000e-01,-1.9594053e+05,4.5267187e+04,-1.9547198e+05
1408,1.4070000e-01,-1.7160101e+05,4.4414764e+04,-2.0560665e+05
1409,1.4080000e-01,-1.4838362e+05,4.3059635e+04,-2.1614791e+05
1410,1.4090000e-01,-1.2607338e+05,4.0857671e+04,-2.2715937e+05
1411,1.4100000e-01,-1.0413059e+05,3.7765333e+04,-2.3940203e+05
1412,1.4110000e-01,-8.1160220e+04,3.3473984e+04,-2.5611176e+05
1413,1.4120000e-01,-5.2653192e+04,2.7431527e+04,-2.7754474e+05
1414,1.4130000e-01,-1.6166251e+04,1.9469625e+04,-2.9448076e+05
1415,1.4140000e-01,2.3034056e+04,1.0866407e+04,-3.0336244e+05
1416,1.4150000e-01,5.7822587e+04,4.3558209e+03,-3.0581317e+05
1417,1.4160000e-01,8.5366585e+04,-2.6535468e+02,-3.0578895e+05
1418,1.4170000e-01,1.0750763e+05,-2.0928243e+03,-3.0477248e+05
1419,1.4180000e-01,1.2707260e+05,-3.1296496e+03,-3.0377048e+05
1420,1.4190000e-01,1.4591946e+05,-3.7004695e+03,-3.0240421e+05
1421,1.4200000e-01,1.6512881e+05,-3.4443534e+03,-3.0027112e+05
1422,1.4210000e-01,1.8553423e+05,-2.9345072e+03,-2.9778333e+05
1423,1.4220000e-01,2.0707326e+05,-3.0614587e+03,-2.9495308e+05
1424,1.4230000e-01,2.2965789e+05,-3.9708997e+03,-2.9184183e+05
1425,1.4240000e-01,2.5344767e+05,-5.2347832e+03,-2.8865505e+05
1426,1.4250000e-01,2.7845530e+05,-6.7763380e+03,-2.8492871e+05
1427,1.4260000e-01,3.0454872e+05,-8.7413557e+03,-2.8081532e+05
1428,1.4270000e-01,3.3194985e+05,-1.0713677e+04,-2.7629686e+05
1429,1.4280000e-01,3.6108121e+05,-1.2706921e+04,-2.7136180e+05
1430,1.4290000e-01,3.9179971e+05,-1.5145354e+04,-2.6580151e+05
1431,1.4300000e-01,4.2451448e+05,-1.7709823e+04,-2.6004048e+05
1432,1.4310000e-01,4.5949379e+05,-2.0850488e+04,-2.5403940e+05
1433,1.4320000e-01,4.9700943e+05,-2.4210400e+04,-2.4765668e+05
1434,1.4330000e-01,5.3709507e+05,-2.7740427e+04,-2.4081286e+05
1435,1.4340000e-01,5.8017852e+05,-3.0987332e+04,-2.3334946e+05
1436,1.4350000e-01,6.2699541e+05,-3.3286260e+04,-2.2532355e+05
1437,1.4360000e-01,6.7794586e+05,-3.4261856e+04,-2.1584655e+05
1438,1.4370000e-01,7.3320527e+05,-3.3272792e+04,-2.0469366e+05
1439,1.4380000e-01,7.9329048e+05,-3.1275281e+04,-1.9191300e+05
1440,1.4390000e-01,8.5822983e+05,-2.8511593e+04,-1.7756233e+05
1441,1.4400000e-01,9.2702749e+05,-2.6970204e+04,-1.6185322e+05
1442,1.4410000e-01,9.9933815e+05,-2.6531908e+04,-1.4570705e+05
1443,1.4420000e-01,1.0750339e+06,-2.7556552e+04,-1.2930154e+05
1444,1.4430000e-01,1.1541910e+06,-2.8451039e+04,-1.1239067e+05
1445,1.4440000e-01,1.2373361e+06,-3.0396132e+04,-9.5590680e+04
1446,1.4450000e-01,1.3238657e+06,-3.1764467e+04,-7.8028622e+04
1447,1.4460000e-01,1.4130618e+06,-3.3428187e+04,-6.0071732e+04
1448,1.4470000e-01,1.5040101e+06,-3.5456579e+04,-4.1568945e+04
1449,1.4480000e-01,1.5967997e+06,-3.6772533e+04,-2.3184285e+04
1450,1.4490000e-01,1.6911032e+06,-3.7542463e+04,-4.8599571e+03
1451,1.4500000e-01,1.7855418e+06,-3.8783513e+04,1.2988234e+04
1452,1.4510000e-01,1.8792847e+06,-4.0046823e+04,2.9678195e+04
1453,1.4520000e-01,1.9698976e+06,-4.1751810e+04,4.5533102e+04
1454,1.4530000e-01,2.0557649e+06,-4.2593328e+04,6.0203769e+04
1455,1.4540000e-01,2.1354049e+06,-4.2993246e+04,7.3216894e+04
1456,1.4550000e-01,2.2065919e+06,-4.3002629e+04,8.4604761e+04
1457,1.4560000e-01,2.2681558e+06,-4.2548334e+04,9.3237099e+04
1458,1.4570000e-01,2.3186909e+06,-4.1829917e+04,9.9023314e+04
1459,1.4580000e-01,2.3567301e+06,-4.0807667e+04,1.0186623e+05
1460,1.4590000e-01,2.3808457e+06,-3.9402214e+04,1.0165309e+05
1461,1.4600000e-01,2.3913299e+06,-3.7643517e+04,9.7922152e+04
1462,1.4610000e-01,2.3869567e+06,-3.5559343e+04,9.1547857e+04
1463,1.4620000e-01,2.3672863e+06,-3.2911874e+04,8.2468305e+04
1464,1.4630000e-01,2.3329391e+06,-2.9739338e+04,7.0837559e+04
1465,1.4640000e-01,2.2845741e+06,-2.6116773e+04,5.6909026e+04
1466,1.4650000e-01,2.2233349e+06,-2.2118506e+04,4.1013533e+04
1467,1.4660000e-01,2.1499532e+06,-1.7761399e+04,2.3870225e+04
1468,1.4670000e-01,2.0669207e+06,-1.3088628e+04,5.2636890e+03
1469,1.4680000e-01,1.9767287e+06,-8.3503273e+03,-1.4231519e+04
1470,1.4690000e-01,1.8812921e+06,-3.5840981e+03,-3.4109969e+04
1471,1.4700000e-01,1.7822879e+06,1.2257933e+03,-5.3982839e+04
1472,1.4710000e-01,1.6812848e+06,6.0757469e+03,-7.3536569e+04
1473,1.4720000e-01,1.5798613e+06,1.0929444e+04,-9.2516335e+04
1474,1.4730000e-01,1.4791644e+06,1.5741136e+04,-1.1072719e+05
1475,1.4740000e-01,1.3808358e+06,2.0457263e+04,-1.2825238e+05
1476,1.4750000e-01,1.2851871e+06,2.4997375e+04,-1.4457294e+05
1477,1.4760000e-01,1.1927108e+06,2.9457382e+04,-1.5976017e+05
1478,1.4770000e-01,1.1039460e+06,3.3760528e+04,-1.7384785e+05
1479,1.4780000e-01,1.0194763e+06,3.7882971e+04,-1.8678226e+05
1480,1.4790000e-01,9.3922421e+05,4.1820021e+04,-1.9839702e+05
1481,1.4800000e-01,8.6376864e+05,4.5469377e+04,-2.0931499e+05
1482,1.4810000e-01,7.9335630e+05,4.7622610e+04,-2.2149704e+05
1483,1.4820000e-01,7.2775396e+05,5.0108962e+04,-2.3114350e+05
1484,1.4830000e-01,6.6678564e+05,5.3184497e+04,-2.3831057e+05
1485,1.4840000e-01,6.1009196e+05,5.6238558e+04,-2.4480697e+05
1486,1.4850000e-01,5.5776504e+05,5.6254649e+04,-2.5631532e+05
1487,1.4860000e-01,5.0961836e+05,5.8321318e+04,-2.6073983e+05
1488,1.4870000e-01,4.6465627e+05,6.0821566e+04,-2.6446663e+05
1489,1.4880000e-01,4.2232551e+05,6.3363731e+04,-2.6755568e+05
1490,1.4890000e-01,3.8352580e+05,6.2577726e+04,-2.7853375e+05
1491,1.4900000e-01,3.4868248e+05,6.5565830e+04,-2.7765820e+05
1492,1.4910000e-01,3.1563532e+05,6.8909323e+04,-2.7730980e+05
1493,1.4920000e-01,2.8366317e+05,7.2744701e+04,-2.7742486e+05
1494,1.4930000e-01,2.5274858e+05,7.6171577e+04,-2.7774844e+05
1495,1.4940000e-01,2.2702091e+05,7.7824253e+04,-2.8020847e+05
1496,1.4950000e-01,2.0546893e+05,7.8732567e+04,-2.8033891e+05
1497,1.4960000e-01,1.8334226e+05,7.9129556e+04,-2.7915743e+05
1498,1.4970000e-01,1.5990231e+05,7.9061356e+04,-2.7741527e+05
1499,1.4980000e-01,1.3512100e+05,7.9063961e+04,-2.7598118e+05
1500,1.4990000e-01,1.0936378e+05,7.9073952e+04,-2.7504621e+05
1501,1.5000000e-01,8.3220186e+04,7.8527870e+04,-2.7429546e+05
1502,1.5010000e-01,5.7004568e+04,7.7367504e+04,-2.7341822e+05
1503,1.5020000e-01,3.0235081e+04,7.6138985e+04,-2.7099189e+05
1504,1.5030000e-01,3.3098613e+03,7.3969895e+04,-2.6873130e+05
1505,1.5040000e-01,-2.3290267e+04,7.0569043e+04,-2.6666636e+05
1506,1.5050000e-01,-4.9714352e+04,6.6694401e+04,-2.6361152e+05
1507,1.5060000e-01,-7.6500231e+04,6.2036468e+04,-2.6214705e+05
1508,1.5070000e-01,-1.0316760e+05,5.7228080e+04,-2.5873067e+05
1509,1.5080000e-01,-1.2970587e+05,5.3536662e+04,-2.5263769e+05
1510,1.5090000e-01,-1.5580078e+05,5.1629864e+04,-2.4210529e+05
1511,1.5100000e-01,-1.8010087e+05,5.3679655e+04,-2.2614374e+05
1512,1.5110000e-01,-2.0471313e+05,5.4574846e+04,-2.1720634e+05
1513,1.5120000e-01,-2.3113548e+05,5.3175758e+04,-2.1415296e+05
1514,1.5130000e-01,-2.5998496e+05,4.9296418e+04,-2.1239843e+05
1515,1.5140000e-01,-2.9322584e+05,4.3128466e+04,-2.0950249e+05
1516,1.5150000e-01,-3.3159497e+05,3.6393478e+04,-2.0125529e+05
1517,1.5160000e-01,-3.7319826e+05,3.0215898e+04,-1.8764422e+05
1518,1.5170000e-01,-4.1669424e+05,2.4046732e+04,-1.7139811e+05
1519,1.5180000e-01,-4.6124153e+05,1.8615597e+04,-1.5342630e+05
1520,1.5190000e-01,-5.0696638e+05,1.3833008e+04,-1.3376508e+05
1521,1.5200000e-01,-5.5495672e+05,8.6303843e+03,-1.1253137e+05
1522,1.5210000e-01,-6.0631458e+05,3.8245341e+03,-8.9243690e+04
1523,1.5220000e-01,-6.6133398e+05,-9.5679188e+02,-6.3662075e+04
1524,1.5230000e-01,-7.2104666e+05,-5.4808863e+03,-3.5358054e+04
1525,1.5240000e-01,-7.8572595e+05,-1.0428318e+04,-4.2321976e+03
1526,1.5250000e-01,-8.5422462e+05,-1.5773801e+04,2.9380348e+04
1527,1.5260000e-01,-9.2930565e+05,-2.0881845e+04,6.6505709e+04
1528,1.5270000e-01,-1.0119689e+06,-2.6048785e+04,1.0734096e+05
1529,1.5280000e-01,-1.1026774e+06,-3.1044462e+04,1.5226763e+05
1530,1.5290000e-01,-1.1885601e+06,-1.1146793e+04,2.2454424e+05
1531,1.5300000e-01,-1.2794291e+06,-1.3179371e+04,2.9348641e+05
1532,1.5310000e-01,-1.3817440e+06,-2.6260893e+04,3.5406164e+05
1533,1.5320000e-01,-1.4974397e+06,-4.1662035e+04,4.0977018e+05
1534,1.5330000e-01,-1.6249068e+06,-5.5556921e+04,4.6440885e+05
1535,1.5340000e-01,-1.7614604e+06,-6.5767840e+04,5.2067188e+05
1536,1.5350000e-01,-1.9040748e+06,-7.4792530e+04,5.7883751e+05
1537,1.5360000e-01,-2.0506756e+06,-8.1337132e+04,6.3910544e+05
1538,1.5370000e-01,-2.1983101e+06,-8.8626806e+04,6.9978821e+05
1539,1.5380000e-01,-2.3429167e+06,-9.3363716e+04,7.5968191e+05
1540,1.5390000e-01,-2.4810756e+06,-9.7924649e+04,8.1684341e+05
1541,1.5400000e-01,-2.6074566e+06,-1.0099609e+05,8.6887511e+05
1542,1.5410000e-01,-2.7171914e+06,-1.0207016e+05,9.1385356e+05
1543,1.5420000e-01,-2.8059902e+06,-1.0331423e+05,9.4924148e+05
1544,1.5430000e-01,-2.8696535e+06,-1.0324341e+05,9.7341433e+05
1545,1.5440000e-01,-2.9044053e+06,-1.0230154e+05,9.8471490e+05
1546,1.5450000e-01,-2.9094996e+06,-1.0004123e+05,9.8317709e+05
1547,1.5460000e-01,-2.8852857e+06,-9.7758977e+04,9.6884284e+05
1548,1.5470000e-01,-2.8326526e+06,-9.3937098e+04,9.4247413e+05
1549,1.5480000e-01,-2.7539279e+06,-8.9007702e+04,9.0521098e+05
1550,1.5490000e-01,-2.6523330e+06,-8.2786366e+04,8.5866396e+05
1551,1.5500000e-01,-2.5320721e+06,-7.6107869e+04,8.0459138e+05
1552,1.5510000e-01,-2.3986079e+06,-6.8733608e+04,7.4569429e+05
1553,1.5520000e-01,-2.2555749e+06,-6.1245749e+04,6.8250880e+05
1554,1.5530000e-01,-2.1065461e+06,-5.2731140e+04,6.1735422e+05
1555,1.5540000e-01,-1.9548615e+06,-4.3712755e+04,5.5185016e+05
1556,1.5550000e-01,-1.8045767e+06,-3.5021999e+04,4.8703665e+05
1557,1.5560000e-01,-1.6582360e+06,-2.6579396e+04,4.2393422e+05
1558,1.5570000e-01,-1.5175641e+06,-1.8466623e+04,3.6324608e+05
1559,1.5580000e-01,-1.3839219e+06,-1.0820243e+04,3.0554549e+05
1560,1.5590000e-01,-1.2581683e+06,-3.7108835e+03,2.5122106e+05
1561,1.5600000e-01,-1.1408031e+06,2.8415113e+03,2.0041147e+05
1562,1.5610000e-01,-1.0320584e+06,8.9079877e+03,1.5320733e+05
1563,1.5620000e-01,-9.3178191e+05,1.4216257e+04,1.0955936e+05
1564,1.5630000e-01,-8.3986431e+05,1.8919998e+04,6.9373111e+04
1565,1.5640000e-01,-7.5582690e+05,2.2970737e+04,3.2628625e+04
1566,1.5650000e-01,-6.7925675e+05,2.6471181e+04,-8.3383796e+02
1567,1.5660000e-01,-6.0964322e+05,2.9473425e+04,-3.1088575e+04
1568,1.5670000e-01,-5.4638514e+05,3.2054661e+04,-5.8292623e+04
1569,1.5680000e-01,-4.8908234e+05,3.4358857e+04,-8.2512951e+04
1570,1.5690000e-01,-4.3763942e+05,3.6329510e+04,-1.0358999e+05
1571,1.5700000e-01,-3.9286371e+05,3.8220381e+04,-1.2088086e+05
1572,1.5710000e-01,-3.5486291e+05,4.0355221e+04,-1.3508325e+05
1573,1.5720000e-01,-3.2214699e+05,4.2402915e+04,-1.4755603e+05
1574,1.5730000e-01,-2.9255186e+05,4.4098357e+04,-1.5917727e+05
1575,1.5740000e-01,-2.6413378e+05,4.5329891e+04,-1.7074340e+05
1576,1.5750000e-01,-2.3646537e+05,4.5685413e+04,-1.8193744e+05
1577,1.5760000e-01,-2.1022000e+05,4.5593222e+04,-1.9255550e+05
1578,1.5770000e-01,-1.8516003e+05,4.5070096e+04,-2.0300366e+05
1579,1.5780000e-01,-1.6075807e+05,4.4052583e+04,-2.1330086e+05
1580,1.5790000e-01,-1.3736131e+05,4.2479842e+04,-2.2388104e+05
1581,1.5800000e-01,-1.1495709e+05,3.9993609e+04,-2.3547277e+05
1582,1.5810000e-01,-9.2602732e+04,3.6408353e+04,-2.4975993e+05
1583,1.5820000e-01,-6.7089580e+04,3.1321679e+04,-2.6919148e+05
1584,1.5830000e-01,-3.4136439e+04,2.4305948e+04,-2.8999096e+05
1585,1.5840000e-01,5.4172998e+03,1.5789917e+04,-3.0329820e+05
1586,1.5850000e-01,4.3750460e+04,7.4354879e+03,-3.0914079e+05
1587,1.5860000e-01,7.5485693e+04,1.9114707e+03,-3.0983877e+05
1588,1.5870000e-01,1.0014188e+05,-1.0918052e+03,-3.0871990e+05
1589,1.5880000e-01,1.2043852e+05,-2.9877297e+03,-3.0746928e+05
1590,1.5890000e-01,1.3951145e+05,-3.3649316e+03,-3.0627300e+05
1591,1.5900000e-01,1.5893361e+05,-2.8735603e+03,-3.0428305e+05
1592,1.5910000e-01,1.7924601e+05,-2.4558378e+03,-3.0196573e+05
1593,1.5920000e-01,2.0065056e+05,-2.5655174e+03,-2.9932944e+05
1594,1.5930000e-01,2.2338042e+05,-2.8910981e+03,-2.9627582e+05
1595,1.5940000e-01,2.4727112e+05,-4.0289095e+03,-2.9316617e+05
1596,1.5950000e-01,2.7219795e+05,-5.4382569e+03,-2.8948985e+05
1597,1.5960000e-01,2.9815667e+05,-7.3250117e+03,-2.8542851e+05
1598,1.5970000e-01,3.2541840e+05,-9.1745410e+03,-2.8094027e+05
1599,1.5980000e-01,3.5425621e+05,-1.1268743e+04,-2.7607909e+05
1600,1.5990000e-01,3.8462305e+05,-1.3671371e+04,-2.7058494e+05
1601,1.6000000e-01,4.1695860e+05,-1.6151424e+04,-2.6487713e+05
1602,1.6010000e-01,4.5153534e+05,-1.9198968e+04,-2.5892027e+05
1603,1.6020000e-01,4.8862364e+05,-2.2470369e+04,-2.5257631e+05
1604,1.6030000e-01,5.2824698e+05,-2.5965657e+04,-2.4577903e+05
1605,1.6040000e-01,5.7078571e+05,-2.9231087e+04,-2.3837563e+05
1606,1.6050000e-01,6.1704460e+05,-3.1807481e+04,-2.3047741e+05
1607,1.6060000e-01,6.6717469e+05,-3.3155204e+04,-2.2121315e+05
1608,1.6070000e-01,7.2158318e+05,-3.3076757e+04,-2.1045566e+05
1609,1.6080000e-01,7.8074212e+05,-3.1056772e+04,-1.9794497e+05
1610,1.6090000e-01,8.4483553e+05,-2.9017599e+04,-1.8398044e+05
1611,1.6100000e-01,9.1295115e+05,-2.7323865e+04,-1.6848262e+05
1612,1.6110000e-01,9.8478709e+05,-2.6532245e+04,-1.5239526e+05
1613,1.6120000e-01,1.0602520e+06,-2.6859893e+04,-1.3584770e+05
1614,1.6130000e-01,1.1393044e+06,-2.7626161e+04,-1.1880261e+05
1615,1.6140000e-01,1.2223879e+06,-2.9641496e+04,-1.0187656e+05
1616,1.6150000e-01,1.3088744e+06,-3.1516403e+04,-8.4295187e+04
1617,1.6160000e-01,1.3983773e+06,-3.2822747e+04,-6.6128557e+04
1618,1.6170000e-01,1.4902491e+06,-3.4886525e+04,-4.7797890e+04
1619,1.6180000e-01,1.5835574e+06,-3.6435831e+04,-2.8864370e+04
1620,1.6190000e-01,1.6783869e+06,-3.7693105e+04,-1.0233672e+04
1621,1.6200000e-01,1.7738142e+06,-3.8460749e+04,8.0984923e+03
1622,1.6210000e-01,1.8690396e+06,-3.9719563e+04,2.5287173e+04
1623,1.6220000e-01,1.9616354e+06,-4.1043906e+04,4.1814396e+04
1624,1.6230000e-01,2.0498615e+06,-4.2569928e+04,5.7021460e+04
1625,1.6240000e-01,2.1322046e+06,-4.3179767e+04,7.0666180e+04
1626,1.6250000e-01,2.2070089e+06,-4.3349180e+04,8.2309972e+04
1627,1.6260000e-01,2.2719360e+06,-4.3118466e+04,9.2067149e+04
1628,1.6270000e-01,2.3258640e+06,-4.2406076e+04,9.8793147e+04
1629,1.6280000e-01,2.3675015e+06,-4.1403831e+04,1.0247968e+05
1630,1.6290000e-01,2.3953241e+06,-4.0069563e+04,1.0304884e+05
1631,1.6300000e-01,2.4095061e+06,-3.8415654e+04,1.0003273e+05
1632,1.6310000e-01,2.4087033e+06,-3.6447801e+04,9.4300275e+04
1633,1.6320000e-01,2.3923654e+06,-3.3910665e+04,8.5767357e+04
1634,1.6330000e-01,2.3610151e+06,-3.0836097e+04,7.4579492e+04
1635,1.6340000e-01,2.3152229e+06,-2.7294883e+04,6.0982005e+04
1636,1.6350000e-01,2.2560690e+06,-2.3358758e+04,4.5301120e+04
1637,1.6360000e-01,2.1850719e+06,-1.9102536e+04,2.7926893e+04
1638,1.6370000e-01,2.1030245e+06,-1.4528093e+04,9.5905532e+03
1639,1.6380000e-01,2.0129066e+06,-9.6897993e+03,-9.9076702e+03
1640,1.6390000e-01,1.9171235e+06,-4.8311027e+03,-2.9960256e+04
1641,1.6400000e-01,1.8174564e+06,3.1432321e+01,-5.0108806e+04
1642,1.6410000e-01,1.7155003e+06,4.9124100e+03,-7.0003211e+04
1643,1.6420000e-01,1.6128703e+06,9.8002242e+03,-8.9363916e+04
1644,1.6430000e-01,1.5107527e+06,1.4654972e+04,-1.0797898e+05
1645,1.6440000e-01,1.4108440e+06,1.9419960e+04,-1.2592317e+05
1646,1.6450000e-01,1.3134941e+06,2.4023249e+04,-1.4264559e+05
1647,1.6460000e-01,1.2192396e+06,2.8552008e+04,-1.5823525e+05
1648,1.6470000e-01,1.1287527e+06,3.2929360e+04,-1.7271897e+05
1649,1.6480000e-01,1.0424624e+06,3.7132856e+04,-1.8602427e+05
1650,1.6490000e-01,9.6037296e+05,4.1160093e+04,-1.9795957e+05
1651,1.6500000e-01,8.8315393e+05,4.4892551e+04,-2.0920230e+05
1652,1.6510000e-01,8.1108952e+05,4.7069175e+04,-2.2177362e+05
1653,1.6520000e-01,7.4394281e+05,4.9611850e+04,-2.3172839e+05
1654,1.6530000e-01,6.8152893e+05,5.2747557e+04,-2.3914729e+05
1655,1.6540000e-01,6.2349185e+05,5.5887007e+04,-2.4585530e+05
1656,1.6550000e-01,5.6992978e+05,5.5883880e+04,-2.5769973e+05
1657,1.6560000e-01,5.2064983e+05,5.8141812e+04,-2.6203062e+05
1658,1.6570000e-01,4.7464591e+05,6.0696963e+04,-2.6592092e+05
1659,1.6580000e-01,4.3134561e+05,6.3267090e+04,-2.6922449e+05
1660,1.6590000e-01,3.9169076e+05,6.2425794e+04,-2.8048436e+05
1661,1.6600000e-01,3.5607759e+05,6.5357580e+04,-2.7964765e+05
1662,1.6610000e-01,3.2231530e+05,6.8808053e+04,-2.7931502e+05
1663,1.6620000e-01,2.8964493e+05,7.2824196e+04,-2.7956494e+05
1664,1.6630000e-01,2.5807777e+05,7.6407209e+04,-2.7985895e+05
1665,1.6640000e-01,2.3187236e+05,7.8203892e+04,-2.8226327e+05
1666,1.6650000e-01,2.0992877e+05,7.8824907e+04,-2.8250722e+05
1667,1.6660000e-01,1.8738044e+05,7.9585143e+04,-2.8127180e+05
1668,1.6670000e-01,1.6353445e+05,7.9770873e+04,-2.7945126e+05
1669,1.6680000e-01,1.3836783e+05,7.9971595e+04,-2.7790657e+05
1670,1.6690000e-01,1.1480804e+05,8.0113046e+04,-2.7294601e+05
1671,1.6700000e-01,9.1058318e+04,7.9924431e+04,-2.7168363e+05
1672,1.6710000e-01,6.6183658e+04,7.9245555e+04,-2.7203224e+05
1673,1.6720000e-01,4.0569739e+04,7.7978630e+04,-2.7250840e+05
1674,1.6730000e-01,1.1434547e+04,7.6669466e+04,-2.7232447e+05
1675,1.6740000e-01,-1.8455164e+04,7.4463976e+04,-2.7111111e+05
1676,1.6750000e-01,-4.7720531e+04,7.0978993e+04,-2.6834448e+05
1677,1.6760000e-01,-7.6133819e+04,6.6036919e+04,-2.6590999e+05
1678,1.6770000e-01,-1.0422536e+05,6.0346756e+04,-2.6292838e+05
1679,1.6780000e-01,-1.3197855e+05,5.5103310e+04,-2.5663694e+05
1680,1.6790000e-01,-1.5893324e+05,5.1947479e+04,-2.4635682e+05
1681,1.6800000e-01,-1.8410004e+05,5.2861057e+04,-2.3183184e+05
1682,1.6810000e-01,-2.0885760e+05,5.3788073e+04,-2.2190089e+05
1683,1.6820000e-01,-2.3479271e+05,5.2497971e+04,-2.1783787e+05
1684,1.6830000e-01,-2.6447070e+05,4.9145654e+04,-2.1736740e+05
1685,1.6840000e-01,-2.9935890e+05,4.2811934e+04,-2.1392856e+05
1686,1.6850000e-01,-3.3933217e+05,3.6414445e+04,-2.0296466e+05
1687,1.6860000e-01,-3.8165204e+05,3.0288730e+04,-1.8697744e+05
1688,1.6870000e-01,-4.2479984e+05,2.4711171e+04,-1.6895501e+05
1689,1.6880000e-01,-4.6806430e+05,2.0212911e+04,-1.5056090e+05
1690,1.6890000e-01,-5.1278408e+05,1.5481099e+04,-1.3143335e+05
1691,1.6900000e-01,-5.5976365e+05,1.0289343e+04,-1.1081920e+05
1692,1.6910000e-01,-6.1024543e+05,5.4057843e+03,-8.8183250e+04
1693,1.6920000e-01,-6.6458897e+05,7.6603545e+02,-6.3047346e+04
1694,1.6930000e-01,-7.2405072e+05,-4.2510411e+03,-3.5161512e+04
1695,1.6940000e-01,-7.8873579e+05,-9.4434164e+03,-4.3173670e+03
1696,1.6950000e-01,-8.5926401e+05,-1.4996985e+04,2.9692432e+04
1697,1.6960000e-01,-9.3463533e+05,-2.0245431e+04,6.6768743e+04
1698,1.6970000e-01,-1.0168687e+06,-2.5608301e+04,1.0744421e+05
1699,1.6980000e-01,-1.1072600e+06,-3.0795978e+04,1.5230568e+05
1700,1.6990000e-01,-1.1929154e+06,-1.0913419e+04,2.2512077e+05
1701,1.7000000e-01,-1.2839731e+06,-1.3235491e+04,2.9468453e+05
1702,1.7010000e-01,-1.3868619e+06,-2.6684333e+04,3.5575994e+05
1703,1.7020000e-01,-1.5031657e+06,-4.2404369e+04,4.1175467e+05
1704,1.7030000e-01,-1.6319669e+06,-5.6601970e+04,4.6688680e+05
1705,1.7040000e-01,-1.7704843e+06,-6.7000580e+04,5.2379234e+05
1706,1.7050000e-01,-1.9150095e+06,-7.6123524e+04,5.8253349e+05
1707,1.7060000e-01,-2.0631060e+06,-8.2758191e+04,6.4325061e+05
1708,1.7070000e-01,-2.2122710e+06,-9.0153716e+04,7.0446570e+05
1709,1.7080000e-01,-2.3583319e+06,-9.5436290e+04,7.6470346e+05
1710,1.7090000e-01,-2.4977079e+06,-9.9535471e+04,8.2231942e+05
1711,1.7100000e-01,-2.6248851e+06,-1.0256186e+05,8.7468425e+05
1712,1.7110000e-01,-2.7347642e+06,-1.0363613e+05,9.1965095e+05
1713,1.7120000e-01,-2.8233097e+06,-1.0491556e+05,9.5487696e+05
1714,1.7130000e-01,-2.8866134e+06,-1.0489441e+05,9.7889290e+05
1715,1.7140000e-01,-2.9209928e+06,-1.0388001e+05,9.8988822e+05
1716,1.7150000e-01,-2.9256409e+06,-1.0161167e+05,9.8805586e+05
1717,1.7160000e-01,-2.9005160e+06,-9.9271774e+04,9.7323567e+05
1718,1.7170000e-01,-2.8466842e+06,-9.5364809e+04,9.4626268e+05
1719,1.7180000e-01,-2.7664377e+06,-9.0340143e+04,9.0827895e+05
1720,1.7190000e-01,-2.6632385e+06,-8.4020405e+04,8.6099313e+05
1721,1.7200000e-01,-2.5412398e+06,-7.7868330e+04,8.0570254e+05
1722,1.7210000e-01,-2.4056166e+06,-7.0460811e+04,7.4580310e+05
1723,1.7220000e-01,-2.2603235e+06,-6.2138139e+04,6.8220641e+05
1724,1.7230000e-01,-2.1090889e+06,-5.3468813e+04,6.1646586e+05
1725,1.7240000e-01,-1.9559459e+06,-4.4675336e+04,5.5026741e+05
1726,1.7250000e-01,-1.8043659e+06,-3.5839162e+04,4.8501826e+05
1727,1.7260000e-01,-1.6566862e+06,-2.6937918e+04,4.2179466e+05
1728,1.7270000e-01,-1.5152422e+06,-1.8621646e+04,3.6100211e+05
1729,1.7280000e-01,-1.3812033e+06,-1.0873762e+04,3.0320936e+05
1730,1.7290000e-01,-1.2553135e+06,-3.6938787e+03,2.4881951e+05
1731,1.7300000e-01,-1.1379728e+06,2.9116703e+03,1.9796002e+05
1732,1.7310000e-01,-1.0293145e+06,9.0178716e+03,1.5073027e+05
1733,1.7320000e-01,-9.2913994e+05,1.4356752e+04,1.0705850e+05
1734,1.7330000e-01,-8.3726558e+05,1.9044386e+04,6.6854246e+04
1735,1.7340000e-01,-7.5335976e+05,2.3158965e+04,3.0135469e+04
1736,1.7350000e-01,-6.7689083e+05,2.6684313e+04,-3.3245127e+03
1737,1.7360000e-01,-6.0727026e+05,2.9706002e+04,-3.3570863e+04
1738,1.7370000e-01,-5.4405658e+05,3.2305789e+04,-6.0751222e+04
1739,1.7380000e-01,-4.8684750e+05,3.4628936e+04,-8.4908520e+04
1740,1.7390000e-01,-4.3537253e+05,3.6630459e+04,-1.0591231e+05
1741,1.7400000e-01,-3.9090278e+05,3.8561524e+04,-1.2300239e+05
1742,1.7410000e-01,-3.5327899e+05,4.0665275e+04,-1.3706893e+05
1743,1.7420000e-01,-3.2057923e+05,4.2838145e+04,-1.4954561e+05
1744,1.7430000e-01,-2.9093581e+05,4.4551529e+04,-1.6115691e+05
1745,1.7440000e-01,-2.6230869e+05,4.5772399e+04,-1.7274700e+05
1746,1.7450000e-01,-2.3450404e+05,4.6122063e+04,-1.8391708e+05
1747,1.7460000e-01,-2.0819633e+05,4.6030524e+04,-1.9455867e+05
1748,1.7470000e-01,-1.8307110e+05,4.5494622e+04,-2.0502780e+05
1749,1.7480000e-01,-1.5857306e+05,4.4444535e+04,-2.1537329e+05
1750,1.7490000e-01,-1.3502973e+05,4.2836453e+04,-2.2602814e+05
1751,1.7500000e-01,-1.1241610e+05,4.0289151e+04,-2.3783579e+05
1752,1.7510000e-01,-8.9713457e+04,3.6571860e+04,-2.5270852e+05
1753,1.7520000e-01,-6.3446053e+04,3.1267960e+04,-2.7292883e+05
1754,1.7530000e-01,-2.9328456e+04,2.4000430e+04,-2.9341627e+05
1755,1.7540000e-01,1.0920453e+04,1.5370089e+04,-3.0559814e+05
1756,1.7550000e-01,4.8892832e+04,7.1164343e+03,-3.1052122e+05
1757,1.7560000e-01,8.0105323e+04,1.9443516e+03,-3.1122103e+05
1758,1.7570000e-01,1.0444425e+05,-9.1041381e+02,-3.1015885e+05
1759,1.7580000e-01,1.2477463e+05,-2.8436526e+03,-3.0920981e+05
1760,1.7590000e-01,1.4385917e+05,-3.2808174e+03,-3.0781534e+05
1761,1.7600000e-01,1.6325451e+05,-2.9123387e+03,-3.0571377e+05
1762,1.7610000e-01,1.8382463e+05,-2.1569289e+03,-3.0324378e+05
1763,1.7620000e-01,2.0564994e+05,-2.0015890e+03,-3.0041838e+05
1764,1.7630000e-01,2.2861283e+05,-2.6574944e+03,-2.9728539e+05
1765,1.7640000e-01,2.5290949e+05,-3.6410946e+03,-2.9403236e+05
1766,1.7650000e-01,2.7817158e+05,-5.2523093e+03,-2.9026727e+05
1767,1.7660000e-01,3.0449214e+05,-7.2078697e+03,-2.8611140e+05
1768,1.7670000e-01,3.3216529e+05,-9.1256289e+03,-2.8152690e+05
1769,1.7680000e-01,3.6141869e+05,-1.1367374e+04,-2.7658824e+05
1770,1.7690000e-01,3.9233065e+05,-1.3730388e+04,-2.7096978e+05
1771,1.7700000e-01,4.2524921e+05,-1.6277030e+04,-2.6513618e+05
1772,1.7710000e-01,4.6043880e+05,-1.9401519e+04,-2.5904835e+05
1773,1.7720000e-01,4.9813764e+05,-2.2798161e+04,-2.5258425e+05
1774,1.7730000e-01,5.3852865e+05,-2.6252459e+04,-2.4562151e+05
1775,1.7740000e-01,5.8185700e+05,-2.9497598e+04,-2.3803347e+05
1776,1.7750000e-01,6.2907814e+05,-3.1842987e+04,-2.2988029e+05
1777,1.7760000e-01,6.8043534e+05,-3.2979583e+04,-2.2028905e+05
1778,1.7770000e-01,7.3605860e+05,-3.2244296e+04,-2.0905001e+05
1779,1.7780000e-01,7.9647472e+05,-3.0555610e+04,-1.9621328e+05
1780,1.7790000e-01,8.6176665e+05,-2.8066096e+04,-1.8180700e+05
1781,1.7800000e-01,9.3101388e+05,-2.6677465e+04,-1.6600778e+05
1782,1.7810000e-01,1.0039247e+06,-2.6286382e+04,-1.4971894e+05
1783,1.7820000e-01,1.0803841e+06,-2.7314608e+04,-1.3311395e+05
1784,1.7830000e-01,1.1604585e+06,-2.8203913e+04,-1.1595107e+05
1785,1.7840000e-01,1.2446541e+06,-3.0171252e+04,-9.8857157e+04
1786,1.7850000e-01,1.3323535e+06,-3.1575325e+04,-8.0975608e+04
1787,1.7860000e-01,1.4228283e+06,-3.3292449e+04,-6.2676044e+04
1788,1.7870000e-01,1.5151566e+06,-3.5386789e+04,-4.3804994e+04
1789,1.7880000e-01,1.6094252e+06,-3.6772704e+04,-2.5038995e+04
1790,1.7890000e-01,1.7053011e+06,-3.7612777e+04,-6.3227485e+03
1791,1.7900000e-01,1.8013866e+06,-3.8929410e+04,1.1923619e+04
1792,1.7910000e-01,1.8969464e+06,-4.0276436e+04,2.9011486e+04
1793,1.7920000e-01,1.9892727e+06,-4.2060348e+04,4.5258916e+04
1794,1.7930000e-01,2.0767776e+06,-4.2966866e+04,6.0301809e+04
1795,1.7940000e-01,2.1580064e+06,-4.3431891e+04,7.3658868e+04
1796,1.7950000e-01,2.2306985e+06,-4.3502167e+04,8.5361443e+04
1797,1.7960000e-01,2.2936316e+06,-4.3100503e+04,9.4262303e+04
1798,1.7970000e-01,2.3453436e+06,-4.2424817e+04,1.0025440e+05
1799,1.7980000e-01,2.3843151e+06,-4.1436768e+04,1.0323358e+05
1800,1.7990000e-01,2.4090735e+06,-4.0056575e+04,1.0308212e+05
1801,1.8000000e-01,2.4198937e+06,-3.8313933e+04,9.9330792e+04
1802,1.8010000e-01,2.4155242e+06,-3.6235744e+04,9.2868881e+04
1803,1.8020000e-01,2.3955176e+06,-3.3581349e+04,8.3637154e+04
1804,1.8030000e-01,2.3605087e+06,-3.0388589e+04,7.1793367e+04
1805,1.8040000e-01,2.3111793e+06,-2.6734154e+04,5.7598542e+04
1806,1.8050000e-01,2.2487083e+06,-2.2694285e+04,4.1393695e+04
1807,1.8060000e-01,2.1738628e+06,-1.8286919e+04,2.3913576e+04
1808,1.8070000e-01,2.0891938e+06,-1.3557207e+04,4.9472399e+03
1809,1.8080000e-01,1.9972517e+06,-8.7588606e+03,-1.4916675e+04
1810,1.8090000e-01,1.9000012e+06,-3.9307278e+03,-3.5161036e+04
1811,1.8100000e-01,1.7991641e+06,9.4236274e+02,-5.5388072e+04
1812,1.8110000e-01,1.6963495e+06,5.8575094e+03,-7.5277019e+04
1813,1.8120000e-01,1.5931683e+06,1.0775185e+04,-9.4568326e+04
1814,1.8130000e-01,1.4907923e+06,1.5650048e+04,-1.1306362e+05
1815,1.8140000e-01,1.3908894e+06,2.0430356e+04,-1.3084603e+05
1816,1.8150000e-01,1.2937764e+06,2.5028402e+04,-1.4739453e+05
1817,1.8160000e-01,1.1999509e+06,2.9548931e+04,-1.6277767e+05
1818,1.8170000e-01,1.1099538e+06,3.3898592e+04,-1.7704506e+05
1819,1.8180000e-01,1.0243685e+06,3.8067393e+04,-1.9012547e+05
1820,1.8190000e-01,9.4311237e+05,4.2030002e+04,-2.0190553e+05
1821,1.8200000e-01,8.6675934e+05,4.5699020e+04,-2.1295177e+05
1822,1.8210000e-01,7.9555565e+05,4.7818977e+04,-2.2535128e+05
1823,1.8220000e-01,7.2930947e+05,5.0675628e+04,-2.3433956e+05
1824,1.8230000e-01,6.6774533e+05,5.3604827e+04,-2.4208911e+05
1825,1.8240000e-01,6.1047124e+05,5.6558192e+04,-2.4883187e+05
1826,1.8250000e-01,5.5762685e+05,5.6480232e+04,-2.6055412e+05
1827,1.8260000e-01,5.0901473e+05,5.8567289e+04,-2.6494877e+05
1828,1.8270000e-01,4.6363664e+05,6.1094379e+04,-2.6864663e+05
1829,1.8280000e-01,4.2093700e+05,6.3716411e+04,-2.7158766e+05
1830,1.8290000e-01,3.8184749e+05,6.3079724e+04,-2.8262612e+05
1831,1.8300000e-01,3.4676492e+05,6.6267887e+04,-2.8159872e+05
1832,1.8310000e-01,3.1346210e+05,6.9761412e+04,-2.8105894e+05
1833,1.8320000e-01,2.8123071e+05,7.3669090e+04,-2.8100284e+05
1834,1.8330000e-01,2.5439499e+05,7.6066398e+04,-2.8351534e+05
1835,1.8340000e-01,2.3162571e+05,7.7504270e+04,-2.8438345e+05
1836,1.8350000e-01,2.0805752e+05,7.9103824e+04,-2.8322925e+05
1837,1.8360000e-01,1.8319361e+05,8.0279040e+04,-2.8118834e+05
1838,1.8370000e-01,1.5703605e+05,8.0923937e+04,-2.7928718e+05
1839,1.8380000e-01,1.3244754e+05,8.1184930e+04,-2.7385236e+05
1840,1.8390000e-01,1.0823398e+05,8.1681459e+04,-2.7249056e+05
1841,1.8400000e-01,8.3120944e+04,8.1417227e+04,-2.7291037e+05
1842,1.8410000e-01,5.7123534e+04,8.0476357e+04,-2.7370977e+05
1843,1.8420000e-01,3.0073653e+04,7.9212550e+04,-2.7358290e+05
1844,1.8430000e-01,3.5999224e+02,7.7347145e+04,-2.7315005e+05
1845,1.8440000e-01,-2.9603614e+04,7.4216411e+04,-2.7205946e+05
1846,1.8450000e-01,-5.8811144e+04,6.9900804e+04,-2.6916567e+05
1847,1.8460000e-01,-8.7112755e+04,6.4296410e+04,-2.6670383e+05
1848,1.8470000e-01,-1.1500189e+05,5.8270594e+04,-2.6312939e+05
1849,1.8480000e-01,-1.4237181e+05,5.3342515e+04,-2.5644921e+05
1850,1.8490000e-01,-1.6899398e+05,5.0416205e+04,-2.4667048e+05
1851,1.8500000e-01,-1.9429395e+05,5.0597510e+04,-2.3285700e+05
1852,1.8510000e-01,-2.1871275e+05,5.2383837e+04,-2.2112943e+05
1853,1.8520000e-01,-2.4584785e+05,5.1982734e+04,-2.1824843e+05
1854,1.8530000e-01,-2.7775234e+05,4.7573445e+04,-2.1655453e+05
1855,1.8540000e-01,-3.1480437e+05,4.1299926e+04,-2.1035756e+05
1856,1.8550000e-01,-3.5603774e+05,3.5111172e+04,-1.9708376e+05
1857,1.8560000e-01,-3.9876189e+05,2.9076024e+04,-1.7912316e+05
1858,1.8570000e-01,-4.4143560e+05,2.4562234e+04,-1.6103181e+05
1859,1.8580000e-01,-4.8493978e+05,1.9873006e+04,-1.4279950e+05
1860,1.8590000e-01,-5.3006529e+05,1.4659289e+04,-1.2349681e+05
1861,1.8600000e-01,-5.7815517e+05,9.7147777e+03,-1.0251497e+05
1862,1.8610000e-01,-6.2968822e+05,4.9945546e+03,-7.9224505e+04
1863,1.8620000e-01,-6.8583538e+05,-8.9642719e+01,-5.3357163e+04
1864,1.8630000e-01,-7.4727732e+05,-5.3297686e+03,-2.4562046e+04
1865,1.8640000e-01,-8.1417397e+05,-1.0948608e+04,7.2445989e+03
1866,1.8650000e-01,-8.8726806e+05,-1.6296114e+04,4.2518009e+04
1867,1.8660000e-01,-9.6518440e+05,-2.1635258e+04,8.0837092e+04
1868,1.8670000e-01,-1.0499377e+06,-2.7154807e+04,1.2279181e+05
1869,1.8680000e-01,-1.1296361e+06,-8.8984164e+03,1.9302366e+05
1870,1.8690000e-01,-1.2151560e+06,-1.2651904e+04,2.6046714e+05
1871,1.8700000e-01,-1.3127387e+06,-2.7069500e+04,3.1925934e+05
1872,1.8710000e-01,-1.4239618e+06,-4.3900449e+04,3.7279936e+05
1873,1.8720000e-01,-1.5484756e+06,-5.7854783e+04,4.2594519e+05
1874,1.8730000e-01,-1.6836489e+06,-6.8314910e+04,4.8123378e+05
1875,1.8740000e-01,-1.8270756e+06,-7.7515629e+04,5.3936487e+05
1876,1.8750000e-01,-1.9750517e+06,-8.4066220e+04,5.9999672e+05
1877,1.8760000e-01,-2.1251861e+06,-9.0396403e+04,6.6202119e+05
1878,1.8770000e-01,-2.2746379e+06,-9.5704689e+04,7.2422760e+05
1879,1.8780000e-01,-2.4191666e+06,-1.0037248e+05,7.8441632e+05
1880,1.8790000e-01,-2.5551668e+06,-1.0351916e+05,8.4120908e+05
1881,1.8800000e-01,-2.6770448e+06,-1.0504000e+05,8.9189787e+05
1882,1.8810000e-01,-2.7798523e+06,-1.0570384e+05,9.3411761e+05
1883,1.8820000e-01,-2.8598258e+06,-1.0617204e+05,9.6596521e+05
1884,1.8830000e-01,-2.9132675e+06,-1.0521685e+05,9.8598911e+05
1885,1.8840000e-01,-2.9369141e+06,-1.0288853e+05,9.9273030e+05
1886,1.8850000e-01,-2.9304557e+06,-1.0078610e+05,9.8618935e+05
1887,1.8860000e-01,-2.8942138e+06,-9.7201892e+04,9.6697682e+05
1888,1.8870000e-01,-2.8297631e+06,-9.2464766e+04,9.3587712e+05
1889,1.8880000e-01,-2.7399537e+06,-8.6377287e+04,8.9433357e+05
1890,1.8890000e-01,-2.6285202e+06,-7.9822278e+04,8.4394406e+05
1891,1.8900000e-01,-2.4996651e+06,-7.2537980e+04,7.8665188e+05
1892,1.8910000e-01,-2.3588586e+06,-6.4589174e+04,7.2516017e+05
1893,1.8920000e-01,-2.2100819e+06,-5.6318778e+04,6.6034262e+05
1894,1.8930000e-01,-2.0571249e+06,-4.7308891e+04,5.9409267e+05
1895,1.8940000e-01,-1.9035372e+06,-3.8431625e+04,5.2785633e+05
1896,1.8950000e-01,-1.7524129e+06,-2.9663500e+04,4.6291111e+05
1897,1.8960000e-01,-1.6063485e+06,-2.1089778e+04,4.0018310e+05
1898,1.8970000e-01,-1.4670212e+06,-1.2898606e+04,3.4022429e+05
1899,1.8980000e-01,-1.3354152e+06,-5.2446344e+03,2.8351547e+05
1900,1.8990000e-01,-1.2121924e+06,1.8201279e+03,2.3032652e+05
1901,1.9000000e-01,-1.0977069e+06,8.3623022e+03,1.8073740e+05
1902,1.9010000e-01,-9.9185361e+05,1.4106202e+04,1.3475457e+05
1903,1.9020000e-01,-8.9456652e+05,1.9197771e+04,9.2283607e+04
1904,1.9030000e-01,-8.0543655e+05,2.3593059e+04,5.3293557e+04
1905,1.9040000e-01,-7.2407142e+05,2.7378937e+04,1.7694387e+04
1906,1.9050000e-01,-6.5000707e+05,3.0606399e+04,-1.4749457e+04
1907,1.9060000e-01,-5.8271484e+05,3.3318982e+04,-4.3959404e+04
1908,1.9070000e-01,-5.2173783e+05,3.5696959e+04,-7.0168085e+04
1909,1.9080000e-01,-4.6662799e+05,3.7668995e+04,-9.3185737e+04
1910,1.9090000e-01,-4.1726549e+05,3.9483553e+04,-1.1295205e+05
1911,1.9100000e-01,-3.7547927e+05,4.1414776e+04,-1.2848675e+05
1912,1.9110000e-01,-3.4019993e+05,4.3485998e+04,-1.4173673e+05
1913,1.9120000e-01,-3.0911964e+05,4.5373800e+04,-1.5368572e+05
1914,1.9130000e-01,-2.8024286e+05,4.6895796e+04,-1.6500329e+05
1915,1.9140000e-01,-2.5185201e+05,4.7652446e+04,-1.7637466e+05
1916,1.9150000e-01,-2.2411045e+05,4.7819355e+04,-1.8741723e+05
1917,1.9160000e-01,-1.9784010e+05,4.7484836e+04,-1.9800520e+05
1918,1.9170000e-01,-1.7261372e+05,4.6702008e+04,-2.0834990e+05
1919,1.9180000e-01,-1.4850833e+05,4.5395942e+04,-2.1903340e+05
1920,1.9190000e-01,-1.2550067e+05,4.3276510e+04,-2.3021724e+05
1921,1.9200000e-01,-1.0301260e+05,4.0155915e+04,-2.4283434e+05
1922,1.9210000e-01,-7.9441563e+04,3.5670276e+04,-2.6093014e+05
1923,1.9220000e-01,-4.9809544e+04,2.9202987e+04,-2.8297212e+05
1924,1.9230000e-01,-1.1526655e+04,2.0888942e+04,-3.0042548e+05
1925,1.9240000e-01,2.9055721e+04,1.1493255e+04,-3.0921674e+05
1926,1.9250000e-01,6.4370534e+04,4.8452318e+03,-3.1148056e+05
1927,1.9260000e-01,9.1959052e+04,1.9642129e+02,-3.1135065e+05
1928,1.9270000e-01,1.1380576e+05,-2.1526184e+03,-3.1043756e+05
1929,1.9280000e-01,1.3337788e+05,-2.7035560e+03,-3.0938188e+05
1930,1.9290000e-01,1.5244688e+05,-2.7878786e+03,-3.0758685e+05
1931,1.9300000e-01,1.7231605e+05,-2.4053834e+03,-3.0547050e+05
1932,1.9310000e-01,1.9347803e+05,-2.3752780e+03,-3.0300903e+05
1933,1.9320000e-01,2.1601100e+05,-2.4703139e+03,-3.0007015e+05
1934,1.9330000e-01,2.3977341e+05,-3.4674157e+03,-2.9706292e+05
1935,1.9340000e-01,2.6455608e+05,-4.8174945e+03,-2.9347596e+05
1936,1.9350000e-01,2.9026768e+05,-6.7071925e+03,-2.8950204e+05
1937,1.9360000e-01,3.1721625e+05,-8.5787223e+03,-2.8510636e+05
1938,1.9370000e-01,3.4551390e+05,-1.0658755e+04,-2.8032646e+05
1939,1.9380000e-01,3.7530994e+05,-1.2980187e+04,-2.7490595e+05
1940,1.9390000e-01,4.0707675e+05,-1.5324599e+04,-2.6925740e+05
1941,1.9400000e-01,4.4099842e+05,-1.8242625e+04,-2.6335232e+05
1942,1.9410000e-01,4.7745747e+05,-2.1409709e+04,-2.5706856e+05
1943,1.9420000e-01,5.1642741e+05,-2.4987598e+04,-2.5038404e+05
1944,1.9430000e-01,5.5814152e+05,-2.8488687e+04,-2.4315702e+05
1945,1.9440000e-01,6.0328790e+05,-3.1603345e+04,-2.3555186e+05
1946,1.9450000e-01,6.5224042e+05,-3.3928249e+04,-2.2676250e+05
1947,1.9460000e-01,7.0526841e+05,-3.4490126e+04,-2.1652560e+05
1948,1.9470000e-01,7.6290392e+05,-3.3535398e+04,-2.0469038e+05
1949,1.9480000e-01,8.2544215e+05,-3.1038278e+04,-1.9110629e+05
1950,1.9490000e-01,8.9248824e+05,-2.8908650e+04,-1.7582424e+05
1951,1.9500000e-01,9.6377505e+05,-2.7614468e+04,-1.5981090e+05
1952,1.9510000e-01,1.0387729e+06,-2.7499627e+04,-1.4322840e+05
1953,1.9520000e-01,1.1172170e+06,-2.8791553e+04,-1.2631581e+05
1954,1.9530000e-01,1.1997876e+06,-2.9827203e+04,-1.0920152e+05
1955,1.9540000e-01,1.2858003e+06,-3.1996422e+04,-9.1560117e+04
1956,1.9550000e-01,1.3749374e+06,-3.3351724e+04,-7.3318429e+04
1957,1.9560000e-01,1.4667052e+06,-3.4991960e+04,-5.4769089e+04
1958,1.9570000e-01,1.5601273e+06,-3.7031208e+04,-3.5735806e+04
1959,1.9580000e-01,1.6551860e+06,-3.8366602e+04,-1.6916481e+04
1960,1.9590000e-01,1.7514282e+06,-3.9150956e+04,1.7243297e+03
1961,1.9600000e-01,1.8473377e+06,-4.0401005e+04,1.9761176e+04
1962,1.9610000e-01,1.9419827e+06,-4.1654772e+04,3.6483930e+04
1963,1.9620000e-01,2.0327849e+06,-4.3339991e+04,5.2200473e+04
1964,1.9630000e-01,2.1180248e+06,-4.4116620e+04,6.6539655e+04
1965,1.9640000e-01,2.1961438e+06,-4.4428288e+04,7.9009871e+04
1966,1.9650000e-01,2.2648464e+06,-4.4319909e+04,8.9676546e+04
1967,1.9660000e-01,2.3229626e+06,-4.3722391e+04,9.7382785e+04
1968,1.9670000e-01,2.3691127e+06,-4.2833563e+04,1.0207635e+05
1969,1.9680000e-01,2.4020235e+06,-4.1626050e+04,1.0367708e+05
1970,1.9690000e-01,2.4201036e+06,-4.0008044e+04,1.0209554e+05
1971,1.9700000e-01,2.4238823e+06,-3.8018242e+04,9.6910246e+04
1972,1.9710000e-01,2.4123729e+06,-3.5697750e+04,8.9070970e+04
1973,1.9720000e-01,2.3855658e+06,-3.2814522e+04,7.8571140e+04
1974,1.9730000e-01,2.3438325e+06,-2.9392376e+04,6.5576790e+04
1975,1.9740000e-01,2.2881532e+06,-2.5518052e+04,5.0375521e+04
1976,1.9750000e-01,2.2199863e+06,-2.1287239e+04,3.3340806e+04
1977,1.9760000e-01,2.1402574e+06,-1.6718913e+04,1.5212836e+04
1978,1.9770000e-01,2.0515806e+06,-1.1858670e+04,-4.2184670e+03
1979,1.9780000e-01,1.9565075e+06,-6.9574196e+03,-2.4343754e+04
1980,1.9790000e-01,1.8569796e+06,-2.0465652e+03,-4.4673083e+04
1981,1.9800000e-01,1.7546771e+06,2.8889102e+03,-6.4833838e+04
1982,1.9810000e-01,1.6511555e+06,7.8491373e+03,-8.4529020e+04
1983,1.9820000e-01,1.5479221e+06,1.2784685e+04,-1.0352441e+05
1984,1.9830000e-01,1.4466676e+06,1.7630486e+04,-1.2188545e+05
1985,1.9840000e-01,1.3477266e+06,2.2335911e+04,-1.3903757e+05
1986,1.9850000e-01,1.2516741e+06,2.6967325e+04,-1.5505649e+05
1987,1.9860000e-01,1.1592652e+06,3.1501585e+04,-1.6992311e+05
1988,1.9870000e-01,1.0709899e+06,3.5797889e+04,-1.8369029e+05
1989,1.9880000e-01,9.8689999e+05,3.9939532e+04,-1.9600786e+05
1990,1.9890000e-01,9.0772038e+05,4.3806217e+04,-2.0761511e+05
1991,1.9900000e-01,8.3377611e+05,4.6010577e+04,-2.2069520e+05
1992,1.9910000e-01,7.6484576e+05,4.8639432e+04,-2.3103686e+05
1993,1.9920000e-01,7.0073773e+05,5.1861980e+04,-2.3878303e+05
1994,1.9930000e-01,6.4110004e+05,5.4979797e+04,-2.4578693e+05
1995,1.9940000e-01,5.8606292e+05,5.5090822e+04,-2.5809766e+05
1996,1.9950000e-01,5.3544553e+05,5.7497858e+04,-2.6247772e+05
1997,1.9960000e-01,4.8822134e+05,6.0240621e+04,-2.6640989e+05
1998,1.9970000e-01,4.4376945e+05,6.2890905e+04,-2.6990077e+05
1999,1.9980000e-01,4.0309318e+05,6.1947488e+04,-2.8153314e+05
2000,1.9990000e-01,3.6655138e+05,6.4791242e+04,-2.8076702e+05
2001,2.0000000e-01,3.3201971e+05,6.8904590e+04,-2.8036631e+05
2002,2.0010000e-01,2.9856576e+05,7.2724848e+04,-2.8065395e+05
2003,2.0020000e-01,2.6620724e+05,7.6379908e+04,-2.8107067e+05
2004,2.0030000e-01,2.3940503e+05,7.8343666e+04,-2.8356016e+05
2005,2.0040000e-01,2.1694599e+05,7.9180134e+04,-2.8398174e+05
2006,2.0050000e-01,1.9459394e+05,7.9981708e+04,-2.8264274e+05
2007,2.0060000e-01,1.7036413e+05,8.0388219e+04,-2.8077019e+05
2008,2.0070000e-01,1.4445400e+05,8.0947326e+04,-2.7911294e+05
2009,2.0080000e-01,1.2024935e+05,8.1426873e+04,-2.7405018e+05
2010,2.0090000e-01,9.6016542e+04,8.1466254e+04,-2.7277686e+05
2011,2.0100000e-01,7.0746600e+04,8.0945375e+04,-2.7315508e+05
2012,2.0110000e-01,4.4727122e+04,7.9771349e+04,-2.7372890e+05
2013,2.0120000e-01,1.6910422e+04,7.8620645e+04,-2.7171542e+05
2014,2.0130000e-01,-1.2802932e+04,7.6693203e+04,-2.7211837e+05
2015,2.0140000e-01,-4.2240145e+04,7.3019654e+04,-2.7139628e+05
2016,2.0150000e-01,-7.1236636e+04,6.7998750e+04,-2.6848561e+05
2017,2.0160000e-01,-1.0014438e+05,6.2434080e+04,-2.6528423e+05
2018,2.0170000e-01,-1.2831078e+05,5.6495053e+04,-2.6143370e+05
2019,2.0180000e-01,-1.5561401e+05,5.1490051e+04,-2.5466094e+05
2020,2.0190000e-01,-1.8205805e+05,4.9008980e+04,-2.4488723e+05
2021,2.0200000e-01,-2.0646735e+05,5.1427022e+04,-2.2774949e+05
2022,2.0210000e-01,-2.3205953e+05,5.2535613e+04,-2.1905906e+05
2023,2.0220000e-01,-2.5993872e+05,5.0705724e+04,-2.1591870e+05
2024,2.0230000e-01,-2.9287448e+05,4.5623978e+04,-2.1400904e+05
2025,2.0240000e-01,-3.3266879e+05,3.9575324e+04,-2.0537235e+05
2026,2.0250000e-01,-3.7680827e+05,3.3256555e+04,-1.9068005e+05
2027,2.0260000e-01,-4.2141324e+05,2.6935468e+04,-1.7292414e+05
2028,2.0270000e-01,-4.6518337e+05,2.1995473e+04,-1.5193964e+05
2029,2.0280000e-01,-5.0999365e+05,1.7757951e+04,-1.3178259e+05
2030,2.0290000e-01,-5.5663110e+05,1.3001221e+04,-1.1115993e+05
2031,2.0300000e-01,-6.0631172e+05,8.2873322e+03,-8.9052739e+04
2032,2.0310000e-01,-6.6004680e+05,3.6776380e+03,-6.4680919e+04
2033,2.0320000e-01,-7.1847391e+05,-1.4885928e+03,-3.7603310e+04
2034,2.0330000e-01,-7.8242129e+05,-6.8389281e+03,-7.4936181e+03
2035,2.0340000e-01,-8.5262140e+05,-1.2533607e+04,2.5898218e+04
2036,2.0350000e-01,-9.2915446e+05,-1.8001465e+04,6.2805069e+04
2037,2.0360000e-01,-1.0106222e+06,-2.3526360e+04,1.0280991e+05
2038,2.0370000e-01,-1.0994305e+06,-2.8863105e+04,1.4688097e+05
2039,2.0380000e-01,-1.1832319e+06,-9.8042020e+03,2.1909230e+05
2040,2.0390000e-01,-1.2725123e+06,-1.2937692e+04,2.8819426e+05
2041,2.0400000e-01,-1.3741425e+06,-2.7008238e+04,3.4885121e+05
2042,2.0410000e-01,-1.4903150e+06,-4.3162974e+04,4.0470128e+05
2043,2.0420000e-01,-1.6188043e+06,-5.7601257e+04,4.5949171e+05
2044,2.0430000e-01,-1.7573515e+06,-6.8182379e+04,5.1623545e+05
2045,2.0440000e-01,-1.9024678e+06,-7.7413638e+04,5.7508703e+05
2046,2.0450000e-01,-2.0515644e+06,-8.4065373e+04,6.3612635e+05
2047,2.0460000e-01,-2.2019642e+06,-9.0943380e+04,6.9792265e+05
2048,2.0470000e-01,-2.3496434e+06,-9.6257014e+04,7.5894183e+05
2049,2.0480000e-01,-2.4910251e+06,-1.0091265e+05,8.1738840e+05
2050,2.0490000e-01,-2.6207305e+06,-1.0397142e+05,8.7084016e+05
2051,2.0500000e-01,-2.7335598e+06,-1.0499033e+05,9.1720075e+05
2052,2.0510000e-01,-2.8254659e+06,-1.0621879e+05,9.5400822e+05
2053,2.0520000e-01,-2.8923280e+06,-1.0612967e+05,9.7968171e+05
2054,2.0530000e-01,-2.9300441e+06,-1.0510223e+05,9.9225979e+05
2055,2.0540000e-01,-2.9378072e+06,-1.0277959e+05,9.9183101e+05
2056,2.0550000e-01,-2.9162743e+06,-1.0049414e+05,9.7863018e+05
2057,2.0560000e-01,-2.8658875e+06,-9.6581297e+04,9.5314032e+05
2058,2.0570000e-01,-2.7884176e+06,-9.1538508e+04,9.1631268e+05
2059,2.0580000e-01,-2.6871290e+06,-8.5202043e+04,8.6980952e+05
2060,2.0590000e-01,-2.5660558e+06,-7.8416667e+04,8.1536773e+05
2061,2.0600000e-01,-2.4310220e+06,-7.1554184e+04,7.5541112e+05
2062,2.0610000e-01,-2.2853552e+06,-6.3359803e+04,6.9152580e+05
2063,2.0620000e-01,-2.1332523e+06,-5.4643529e+04,6.2542063e+05
2064,2.0630000e-01,-1.9787528e+06,-4.5746094e+04,5.5873158e+05
2065,2.0640000e-01,-1.8253585e+06,-3.6468770e+04,4.9310387e+05
2066,2.0650000e-01,-1.6760785e+06,-2.7750312e+04,4.2921418e+05
2067,2.0660000e-01,-1.5330868e+06,-1.9387737e+04,3.6784062e+05
2068,2.0670000e-01,-1.3976432e+06,-1.1456761e+04,3.0950567e+05
2069,2.0680000e-01,-1.2703950e+06,-4.0734547e+03,2.5457741e+05
2070,2.0690000e-01,-1.1517823e+06,2.7094308e+03,2.0320817e+05
2071,2.0700000e-01,-1.0418853e+06,8.9602532e+03,1.5547520e+05
2072,2.0710000e-01,-9.4054990e+05,1.4421259e+04,1.1133253e+05
2073,2.0720000e-01,-8.4760680e+05,1.9212780e+04,7.0654984e+04
2074,2.0730000e-01,-7.6270571e+05,2.3406067e+04,3.3484386e+04
2075,2.0740000e-01,-6.8530647e+05,2.6995361e+04,-3.8289820e+02
2076,2.0750000e-01,-6.1488475e+05,3.0070903e+04,-3.1026978e+04
2077,2.0760000e-01,-5.5092613e+05,3.2709335e+04,-5.8598414e+04
2078,2.0770000e-01,-4.9301810e+05,3.5053748e+04,-8.3136785e+04
2079,2.0780000e-01,-4.4086568e+05,3.7063153e+04,-1.0452592e+05
2080,2.0790000e-01,-3.9537840e+05,3.8986372e+04,-1.2206556e+05
2081,2.0800000e-01,-3.5696831e+05,4.1068986e+04,-1.3638253e+05
2082,2.0810000e-01,-3.2381527e+05,4.3264157e+04,-1.4900410e+05
2083,2.0820000e-01,-2.9390582e+05,4.5018635e+04,-1.6069652e+05
2084,2.0830000e-01,-2.6502153e+05,4.6286094e+04,-1.7230657e+05
2085,2.0840000e-01,-2.3693658e+05,4.6694181e+04,-1.8352417e+05
2086,2.0850000e-01,-2.1020987e+05,4.6648616e+04,-1.9422672e+05
2087,2.0860000e-01,-1.8475085e+05,4.6158561e+04,-2.0476960e+05
2088,2.0870000e-01,-1.6001487e+05,4.5142045e+04,-2.1512946e+05
2089,2.0880000e-01,-1.3629240e+05,4.3581935e+04,-2.2578973e+05
2090,2.0890000e-01,-1.1354776e+05,4.1108728e+04,-2.3754352e+05
2091,2.0900000e-01,-9.0774528e+04,3.7437814e+04,-2.5228464e+05
2092,2.0910000e-01,-6.4686548e+04,3.2183726e+04,-2.7254872e+05
2093,2.0920000e-01,-3.0760785e+04,2.4898575e+04,-2.9359131e+05
2094,2.0930000e-01,9.7144209e+03,1.6121543e+04,-3.0631748e+05
2095,2.0940000e-01,4.8096583e+04,7.6278381e+03,-3.1152652e+05
2096,2.0950000e-01,7.9704036e+04,2.2645526e+03,-3.1235345e+05
2097,2.0960000e-01,1.0433981e+05,-7.3704131e+02,-3.1134864e+05
2098,2.0970000e-01,1.2469396e+05,-2.7481063e+03,-3.1041871e+05
2099,2.0980000e-01,1.4373672e+05,-3.1936913e+03,-3.0903752e+05
2100,2.0990000e-01,1.6314130e+05,-2.8390805e+03,-3.0695126e+05
2101,2.1000000e-01,1.8381308e+05,-2.0619737e+03,-3.0448990e+05
2102,2.1010000e-01,2.0586130e+05,-1.8739709e+03,-3.0166732e+05
2103,2.1020000e-01,2.2896385e+05,-2.5234413e+03,-2.9852003e+05
2104,2.1030000e-01,2.5341535e+05,-3.5195081e+03,-2.9525772e+05
2105,2.1040000e-01,2.7877515e+05,-5.2671314e+03,-2.9151115e+05
2106,2.1050000e-01,3.0525598e+05,-7.1238013e+03,-2.8732627e+05
2107,2.1060000e-01,3.3304752e+05,-9.0488248e+03,-2.8271156e+05
2108,2.1070000e-01,3.6237487e+05,-1.1317194e+04,-2.7774393e+05
2109,2.1080000e-01,3.9338385e+05,-1.3633644e+04,-2.7207544e+05
2110,2.1090000e-01,4.2632424e+05,-1.6283303e+04,-2.6622258e+05
2111,2.1100000e-01,4.6160642e+05,-1.9360751e+04,-2.6009092e+05
2112,2.1110000e-01,4.9935666e+05,-2.2821457e+04,-2.5360213e+05
2113,2.1120000e-01,5.3979639e+05,-2.6315859e+04,-2.4662170e+05
2114,2.1130000e-01,5.8331280e+05,-2.9535796e+04,-2.3899433e+05
2115,2.1140000e-01,6.3072465e+05,-3.1931155e+04,-2.3080253e+05
2116,2.1150000e-01,6.8224538e+05,-3.3150075e+04,-2.2117906e+05
2117,2.1160000e-01,7.3801161e+05,-3.2514529e+04,-2.0991772e+05
2118,2.1170000e-01,7.9857843e+05,-3.0892545e+04,-1.9705651e+05
2119,2.1180000e-01,8.6405108e+05,-2.8430177e+04,-1.8261129e+05
2120,2.1190000e-01,9.3352487e+05,-2.7026308e+04,-1.6675285e+05
2121,2.1200000e-01,1.0066548e+06,-2.6981461e+04,-1.5048312e+05
2122,2.1210000e-01,1.0834249e+06,-2.7547350e+04,-1.3372835e+05
2123,2.1220000e-01,1.1638671e+06,-2.8357222e+04,-1.1642774e+05
2124,2.1230000e-01,1.2484397e+06,-3.0359571e+04,-9.9219227e+04
2125,2.1240000e-01,1.3365124e+06,-3.1812027e+04,-8.1237564e+04
2126,2.1250000e-01,1.4273583e+06,-3.3566541e+04,-6.2845112e+04
2127,2.1260000e-01,1.5200573e+06,-3.5686029e+04,-4.3882696e+04
2128,2.1270000e-01,1.6146977e+06,-3.7087819e+04,-2.5029431e+04
2129,2.1280000e-01,1.7108837e+06,-3.8396025e+04,-6.3460958e+03
2130,2.1290000e-01,1.8073186e+06,-3.9213084e+04,1.2048074e+04
2131,2.1300000e-01,1.9031318e+06,-4.0493293e+04,2.9247643e+04
2132,2.1310000e-01,1.9958006e+06,-4.2292641e+04,4.5579815e+04
2133,2.1320000e-01,2.0836464e+06,-4.3259386e+04,6.0679944e+04
2134,2.1330000e-01,2.1651351e+06,-4.3749226e+04,7.4072924e+04
2135,2.1340000e-01,2.2379814e+06,-4.3824120e+04,8.5792104e+04
2136,2.1350000e-01,2.3009661e+06,-4.3417880e+04,9.4686903e+04
2137,2.1360000e-01,2.3526325e+06,-4.2732667e+04,1.0065262e+05
2138,2.1370000e-01,2.3914647e+06,-4.1732001e+04,1.0358563e+05
2139,2.1380000e-01,2.4159917e+06,-4.0336610e+04,1.0336890e+05
2140,2.1390000e-01,2.4264960e+06,-3.8576256e+04,9.9534039e+04
2141,2.1400000e-01,2.4217304e+06,-3.6478075e+04,9.2975734e+04
2142,2.1410000e-01,2.4012564e+06,-3.3801483e+04,8.3637374e+04
2143,2.1420000e-01,2.3657229e+06,-3.0584561e+04,7.1679256e+04
2144,2.1430000e-01,2.3158271e+06,-2.6904833e+04,5.7365715e+04
2145,2.1440000e-01,2.2527641e+06,-2.2839358e+04,4.1041266e+04
2146,2.1450000e-01,2.1774127e+06,-1.8412500e+04,2.3440840e+04
2147,2.1460000e-01,2.0921371e+06,-1.3657654e+04,4.3646418e+03
2148,2.1470000e-01,1.9995642e+06,-8.8313253e+03,-1.5604420e+04
2149,2.1480000e-01,1.9017301e+06,-3.9800243e+03,-3.5943477e+04
2150,2.1490000e-01,1.8003779e+06,9.1233017e+02,-5.6253277e+04
2151,2.1500000e-01,1.6971144e+06,5.8451823e+03,-7.6213183e+04
2152,2.1510000e-01,1.5935421e+06,1.0778712e+04,-9.5564285e+04
2153,2.1520000e-01,1.4908276e+06,1.5667925e+04,-1.1410889e+05
2154,2.1530000e-01,1.3906360e+06,2.0462706e+04,-1.3193067e+05
2155,2.1540000e-01,1.2932795e+06,2.5071856e+04,-1.4851087e+05
2156,2.1550000e-01,1.1992521e+06,2.9603816e+04,-1.6391566e+05
2157,2.1560000e-01,1.1090901e+06,3.3954117e+04,-1.7821107e+05
2158,2.1570000e-01,1.0233718e+06,3.8125366e+04,-1.9130381e+05
2159,2.1580000e-01,9.4201221e+05,4.2078359e+04,-2.0311951e+05
2160,2.1590000e-01,8.6557975e+05,4.5736516e+04,-2.1418544e+05
2161,2.1600000e-01,7.9432132e+05,4.7803026e+04,-2.2667404e+05
2162,2.1610000e-01,7.2803666e+05,5.0624358e+04,-2.3572213e+05
2163,2.1620000e-01,6.6644244e+05,5.3552246e+04,-2.4345534e+05
2164,2.1630000e-01,6.0914527e+05,5.6521579e+04,-2.5014406e+05
2165,2.1640000e-01,5.5629430e+05,5.6417989e+04,-2.6191632e+05
2166,2.1650000e-01,5.0768272e+05,5.8487054e+04,-2.6636735e+05
2167,2.1660000e-01,4.6228897e+05,6.1040135e+04,-2.6990799e+05
2168,2.1670000e-01,4.1957170e+05,6.3716782e+04,-2.7271483e+05
2169,2.1680000e-01,3.8157223e+05,6.4905552e+04,-2.7820660e+05
2170,2.1690000e-01,3.4681166e+05,6.7539983e+04,-2.8120726e+05
2171,2.1700000e-01,3.1308986e+05,7.0721196e+04,-2.8268207e+05
2172,2.1710000e-01,2.8029277e+05,7.4352766e+04,-2.8331780e+05
2173,2.1720000e-01,2.5300037e+05,7.6535550e+04,-2.8588404e+05
2174,2.1730000e-01,2.3000246e+05,7.7719035e+04,-2.8650192e+05
2175,2.1740000e-01,2.0700382e+05,7.8905425e+04,-2.8482401e+05
2176,2.1750000e-01,1.8208069e+05,7.9962870e+04,-2.8247465e+05
2177,2.1760000e-01,1.5557067e+05,8.0663207e+04,-2.8038309e+05
2178,2.1770000e-01,1.3097818e+05,8.1121700e+04,-2.7479540e+05
2179,2.1780000e-01,1.0636438e+05,8.1538145e+04,-2.7324238e+05
2180,2.1790000e-01,8.0822482e+04,8.1292538e+04,-2.7350654e+05
2181,2.1800000e-01,5.4586543e+04,8.0367873e+04,-2.7417493e+05
2182,2.1810000e-01,2.6673836e+04,7.9504096e+04,-2.7237676e+05
2183,2.1820000e-01,-1.9001265e+03,7.7661199e+04,-2.7133527e+05
2184,2.1830000e-01,-3.1281250e+04,7.4234594e+04,-2.7222237e+05
2185,2.1840000e-01,-6.0612929e+04,6.9768095e+04,-2.7014027e+05
2186,2.1850000e-01,-8.9309646e+04,6.4270136e+04,-2.6751699e+05
2187,2.1860000e-01,-1.1754726e+05,5.8291803e+04,-2.6399044e+05
2188,2.1870000e-01,-1.4512105e+05,5.3494013e+04,-2.5672507e+05
2189,2.1880000e-01,-1.7201411e+05,5.0468634e+04,-2.4745942e+05
2190,2.1890000e-01,-1.9761674e+05,5.0235923e+04,-2.3462128e+05
2191,2.1900000e-01,-2.2199038e+05,5.2071000e+04,-2.2200700e+05
2192,2.1910000e-01,-2.4911088e+05,5.1728902e+04,-2.1860008e+05
2193,2.1920000e-01,-2.8138725e+05,4.7383407e+04,-2.1689095e+05
2194,2.1930000e-01,-3.1883560e+05,4.1026310e+04,-2.0993802e+05
2195,2.1940000e-01,-3.6096748e+05,3.5082335e+04,-1.9478330e+05
2196,2.1950000e-01,-4.0420339e+05,2.9459646e+04,-1.7647833e+05
2197,2.1960000e-01,-4.4731568e+05,2.5057369e+04,-1.5870922e+05
2198,2.1970000e-01,-4.9085022e+05,2.0170812e+04,-1.4047785e+05
2199,2.1980000e-01,-5.3614834e+05,1.4842914e+04,-1.2120554e+05
2200,2.1990000e-01,-5.8457946e+05,9.8018388e+03,-1.0012887e+05
2201,2.2000000e-01,-6.3655767e+05,5.0072593e+03,-7.6661497e+04
2202,2.2010000e-01,-6.9323418e+05,-1.3703748e+02,-5.0553168e+04
2203,2.2020000e-01,-7.5523183e+05,-5.4229197e+03,-2.1486797e+04
2204,2.2030000e-01,-8.2284591e+05,-1.1094686e+04,1.0659221e+04
2205,2.2040000e-01,-8.9678740e+05,-1.6489998e+04,4.6329684e+04
2206,2.2050000e-01,-9.7756976e+05,-2.1900730e+04,8.5697412e+04
2207,2.2060000e-01,-1.0633905e+06,-2.7396683e+04,1.2815273e+05
2208,2.2070000e-01,-1.1428271e+06,-8.9650285e+03,1.9859862e+05
2209,2.2080000e-01,-1.2282726e+06,-1.2678466e+04,2.6629068e+05
2210,2.2090000e-01,-1.3261845e+06,-2.7123785e+04,3.2539741e+05
2211,2.2100000e-01,-1.4381579e+06,-4.4018489e+04,3.7933516e+05
2212,2.2110000e-01,-1.5637438e+06,-5.8026481e+04,4.3295178e+05
2213,2.2120000e-01,-1.6999588e+06,-6.8527777e+04,4.8866564e+05
2214,2.2130000e-01,-1.8445954e+06,-7.7784783e+04,5.4726320e+05
2215,2.2140000e-01,-1.9937251e+06,-8.4378728e+04,6.0829911e+05
2216,2.2150000e-01,-2.1446521e+06,-9.0731367e+04,6.7056635e+05
2217,2.2160000e-01,-2.2943296e+06,-9.6535322e+04,7.3260254e+05
2218,2.2170000e-01,-2.4385152e+06,-1.0069986e+05,7.9262133e+05
2219,2.2180000e-01,-2.5735196e+06,-1.0378256e+05,8.4889524e+05
2220,2.2190000e-01,-2.6939329e+06,-1.0535232e+05,8.9882747e+05
2221,2.2200000e-01,-2.7947206e+06,-1.0605084e+05,9.4009130e+05
2222,2.2210000e-01,-2.8721335e+06,-1.0647261e+05,9.7064364e+05
2223,2.2220000e-01,-2.9226381e+06,-1.0558813e+05,9.8933318e+05
2224,2.2230000e-01,-2.9427485e+06,-1.0322526e+05,9.9448129e+05
2225,2.2240000e-01,-2.9323444e+06,-1.0102965e+05,9.8612712e+05
2226,2.2250000e-01,-2.8930453e+06,-9.7420092e+04,9.6554189e+05
2227,2.2260000e-01,-2.8260135e+06,-9.2593098e+04,9.3324886e+05
2228,2.2270000e-01,-2.7338531e+06,-8.6413994e+04,8.9061601e+05
2229,2.2280000e-01,-2.6199344e+06,-7.9787383e+04,8.3913942e+05
2230,2.2290000e-01,-2.4888481e+06,-7.2448748e+04,7.8091921e+05
2231,2.2300000e-01,-2.3463553e+06,-6.4453792e+04,7.1874634e+05
2232,2.2310000e-01,-2.1968209e+06,-5.6133323e+04,6.5359729e+05
2233,2.2320000e-01,-2.0432551e+06,-4.7093858e+04,5.8711040e+05
2234,2.2330000e-01,-1.8889913e+06,-3.8221775e+04,5.2067124e+05
2235,2.2340000e-01,-1.7371736e+06,-2.9473731e+04,4.5556544e+05
2236,2.2350000e-01,-1.5905248e+06,-2.0955833e+04,3.9277833e+05
2237,2.2360000e-01,-1.4509286e+06,-1.2837527e+04,3.3296133e+05
2238,2.2370000e-01,-1.3196849e+06,-5.1794394e+03,2.7659332e+05
2239,2.2380000e-01,-1.1973564e+06,1.9557600e+03,2.2382020e+05
2240,2.2390000e-01,-1.0840307e+06,8.5544203e+03,1.7468547e+05
2241,2.2400000e-01,-9.7946666e+05,1.4316402e+04,1.2916759e+05
2242,2.2410000e-01,-8.8347407e+05,1.9392028e+04,8.7141629e+04
2243,2.2420000e-01,-7.9554020e+05,2.3748763e+04,4.8603083e+04
2244,2.2430000e-01,-7.1526491e+05,2.7495755e+04,1.3412955e+04
2245,2.2440000e-01,-6.4214973e+05,3.0692127e+04,-1.8623144e+04
2246,2.2450000e-01,-5.7563747e+05,3.3384874e+04,-4.7522514e+04
2247,2.2460000e-01,-5.1531310e+05,3.5743443e+04,-7.3375788e+04
2248,2.2470000e-01,-4.6082606e+05,3.7723343e+04,-9.6043881e+04
2249,2.2480000e-01,-4.1223509e+05,3.9567593e+04,-1.1532324e+05
2250,2.2490000e-01,-3.7098991e+05,4.1557745e+04,-1.3059450e+05
2251,2.2500000e-01,-3.3618368e+05,4.3651789e+04,-1.4369931e+05
2252,2.2510000e-01,-3.0529735e+05,4.5515985e+04,-1.5560192e+05
2253,2.2520000e-01,-2.7666349e+05,4.6989974e+04,-1.6688298e+05
2254,2.2530000e-01,-2.4856445e+05,4.7692206e+04,-1.7821083e+05
2255,2.2540000e-01,-2.2107777e+05,4.7800906e+04,-1.8923702e+05
2256,2.2550000e-01,-1.9497011e+05,4.7401723e+04,-1.9984314e+05
2257,2.2560000e-01,-1.6981845e+05,4.6554696e+04,-2.1019016e+05
2258,2.2570000e-01,-1.4570676e+05,4.5192560e+04,-2.2095786e+05
2259,2.2580000e-01,-1.2261407e+05,4.2972519e+04,-2.3231837e+05
2260,2.2590000e-01,-9.9902930e+04,3.9703948e+04,-2.4531997e+05
2261,2.2600000e-01,-7.5759350e+04,3.5049340e+04,-2.6374978e+05
2262,2.2610000e-01,-4.4956657e+04,2.8470155e+04,-2.8619984e+05
2263,2.2620000e-01,-5.5508765e+03,1.9942107e+04,-3.0306267e+05
2264,2.2630000e-01,3.4638754e+04,1.0323759e+04,-3.1216755e+05
2265,2.2640000e-01,6.8720096e+04,3.4705581e+03,-3.1522008e+05
2266,2.2650000e-01,9.5641550e+04,-1.2232469e+03,-3.1272554e+05
2267,2.2660000e-01,1.1752124e+05,-3.0047872e+03,-3.1076369e+05
2268,2.2670000e-01,1.3698840e+05,-2.9774980e+03,-3.0874872e+05
2269,2.2680000e-01,1.5608447e+05,-2.5232458e+03,-3.0687283e+05
2270,2.2690000e-01,1.7608321e+05,-2.0826180e+03,-3.0480677e+05
2271,2.2700000e-01,1.9740102e+05,-2.0496152e+03,-3.0240883e+05
2272,2.2710000e-01,2.2019698e+05,-2.3610640e+03,-2.9983566e+05
2273,2.2720000e-01,2.4427439e+05,-3.1321613e+03,-2.9662539e+05
2274,2.2730000e-01,2.6920355e+05,-4.6263089e+03,-2.9297370e+05
2275,2.2740000e-01,2.9509467e+05,-6.5689024e+03,-2.8897317e+05
2276,2.2750000e-01,3.2229910e+05,-8.4472859e+03,-2.8455114e+05
2277,2.2760000e-01,3.5072493e+05,-1.0566868e+04,-2.7946455e+05
2278,2.2770000e-01,3.8087704e+05,-1.2913182e+04,-2.7421157e+05
2279,2.2780000e-01,4.1311458e+05,-1.5406126e+04,-2.6862341e+05
2280,2.2790000e-01,4.4751604e+05,-1.8455033e+04,-2.6271498e+05
2281,2.2800000e-01,4.8446356e+05,-2.1713175e+04,-2.5638921e+05
2282,2.2810000e-01,5.2401563e+05,-2.5214332e+04,-2.4959679e+05
2283,2.2820000e-01,5.6658278e+05,-2.8627156e+04,-2.4254396e+05
2284,2.2830000e-01,6.1245162e+05,-3.1675788e+04,-2.3451828e+05
2285,2.2840000e-01,6.6198568e+05,-3.3636662e+04,-2.2536982e+05
2286,2.2850000e-01,7.1568949e+05,-3.3963684e+04,-2.1481951e+05
2287,2.2860000e-01,7.7419805e+05,-3.2558853e+04,-2.0262005e+05
2288,2.2870000e-01,8.3776690e+05,-3.0147311e+04,-1.8875846e+05
2289,2.2880000e-01,9.0559939e+05,-2.8682338e+04,-1.7338922e+05
2290,2.2890000e-01,9.7750693e+05,-2.7645180e+04,-1.5730106e+05
2291,2.2900000e-01,1.0531443e+06,-2.7291248e+04,-1.4055165e+05
2292,2.2910000e-01,1.1322867e+06,-2.8685293e+04,-1.2351398e+05
2293,2.2920000e-01,1.2155994e+06,-2.9836310e+04,-1.0629889e+05
2294,2.2930000e-01,1.3023578e+06,-3.2070984e+04,-8.8563572e+04
2295,2.2940000e-01,1.3922038e+06,-3.3453111e+04,-7.0235791e+04
2296,2.2950000e-01,1.4846025e+06,-3.5103055e+04,-5.1607873e+04
2297,2.2960000e-01,1.5785345e+06,-3.7143134e+04,-3.2515350e+04
2298,2.2970000e-01,1.6739543e+06,-3.8475477e+04,-1.3676641e+04
2299,2.2980000e-01,1.7703564e+06,-3.9246621e+04,4.9313755e+03
2300,2.2990000e-01,1.8668624e+06,-4.0521782e+04,2.2452665e+04
2301,2.3000000e-01,1.9611512e+06,-4.1882435e+04,3.9374488e+04
2302,2.3010000e-01,2.0510178e+06,-4.3445704e+04,5.5008929e+04
2303,2.3020000e-01,2.1350558e+06,-4.4093134e+04,6.9102063e+04
2304,2.3030000e-01,2.2117277e+06,-4.4314432e+04,8.1217230e+04
2305,2.3040000e-01,2.2787067e+06,-4.4141049e+04,9.1461422e+04
2306,2.3050000e-01,2.3348183e+06,-4.3485311e+04,9.8685421e+04
2307,2.3060000e-01,2.3787022e+06,-4.2534774e+04,1.0284903e+05
2308,2.3070000e-01,2.4087585e+06,-4.1248246e+04,1.0386593e+05
2309,2.3080000e-01,2.4250965e+06,-3.9638144e+04,1.0125082e+05
2310,2.3090000e-01,2.4263021e+06,-3.7710491e+04,9.5869544e+04
2311,2.3100000e-01,2.4117637e+06,-3.5204298e+04,8.7622857e+04
2312,2.3110000e-01,2.3819538e+06,-3.2151038e+04,7.6650002e+04
2313,2.3120000e-01,2.3374006e+06,-2.8621140e+04,6.3192445e+04
2314,2.3130000e-01,2.2791582e+06,-2.4685631e+04,4.7575474e+04
2315,2.3140000e-01,2.2087347e+06,-2.0419620e+04,3.0191686e+04
2316,2.3150000e-01,2.1270938e+06,-1.5830115e+04,1.1788367e+04
2317,2.3160000e-01,2.0368673e+06,-1.0958439e+04,-7.8417849e+03
2318,2.3170000e-01,1.9406026e+06,-6.0542359e+03,-2.8088203e+04
2319,2.3180000e-01,1.8403013e+06,-1.1509565e+03,-4.8470216e+04
2320,2.3190000e-01,1.7374643e+06,3.7761500e+03,-6.8624007e+04
2321,2.3200000e-01,1.6337869e+06,8.7189373e+03,-8.8261071e+04
2322,2.3210000e-01,1.5305239e+06,1.3632084e+04,-1.0715938e+05
2323,2.3220000e-01,1.4294135e+06,1.8455278e+04,-1.2539089e+05
2324,2.3230000e-01,1.3308238e+06,2.3122354e+04,-1.4239168e+05
2325,2.3240000e-01,1.2353079e+06,2.7715318e+04,-1.5824425e+05
2326,2.3250000e-01,1.1435664e+06,3.2199603e+04,-1.7293349e+05
2327,2.3260000e-01,1.0560415e+06,3.6435602e+04,-1.8653226e+05
2328,2.3270000e-01,9.7275242e+05,4.0502000e+04,-1.9872676e+05
2329,2.3280000e-01,8.9438889e+05,4.4277191e+04,-2.1021117e+05
2330,2.3290000e-01,8.2125835e+05,4.6383898e+04,-2.2320663e+05
2331,2.3300000e-01,7.5311713e+05,4.8926442e+04,-2.3340463e+05
2332,2.3310000e-01,6.8976797e+05,5.2093639e+04,-2.4100258e+05
2333,2.3320000e-01,6.3085557e+05,5.5309189e+04,-2.4778489e+05
2334,2.3330000e-01,5.7651234e+05,5.5247424e+04,-2.5995511e+05
2335,2.3340000e-01,5.2652469e+05,5.7500792e+04,-2.6443752e+05
2336,2.3350000e-01,4.7984295e+05,6.0191051e+04,-2.6819089e+05
2337,2.3360000e-01,4.3590687e+05,6.2909828e+04,-2.7133150e+05
2338,2.3370000e-01,3.9572375e+05,6.2070759e+04,-2.8282091e+05
2339,2.3380000e-01,3.5964157e+05,6.5082889e+04,-2.8192872e+05
2340,2.3390000e-01,3.2542400e+05,6.8698097e+04,-2.8146947e+05
2341,2.3400000e-01,2.9233312e+05,7.2901053e+04,-2.8154448e+05
2342,2.3410000e-01,2.6036140e+05,7.6656424e+04,-2.8172108e+05
2343,2.3420000e-01,2.3386145e+05,7.8596261e+04,-2.8415793e+05
2344,2.3430000e-01,2.1166143e+05,7.9287098e+04,-2.8454376e+05
2345,2.3440000e-01,1.8950646e+05,7.9916399e+04,-2.8292630e+05
2346,2.3450000e-01,1.6541537e+05,8.0208138e+04,-2.8089436e+05
2347,2.3460000e-01,1.4257259e+05,8.0508769e+04,-2.7557596e+05
2348,2.3470000e-01,1.1895516e+05,8.1127066e+04,-2.7322918e+05
2349,2.3480000e-01,9.3579656e+04,8.1384537e+04,-2.7318430e+05
2350,2.3490000e-01,6.7138036e+04,8.1075058e+04,-2.7399976e+05
2351,2.3500000e-01,4.0387150e+04,7.9975581e+04,-2.7454215e+05
2352,2.3510000e-01,1.1945385e+04,7.8666311e+04,-2.7235205e+05
2353,2.3520000e-01,-1.8198306e+04,7.6545000e+04,-2.7262125e+05
2354,2.3530000e-01,-4.8393435e+04,7.3012860e+04,-2.7043753e+05
2355,2.3540000e-01,-7.7734673e+04,6.7850721e+04,-2.6837433e+05
2356,2.3550000e-01,-1.0657710e+05,6.1842436e+04,-2.6508543e+05
2357,2.3560000e-01,-1.3499935e+05,5.5908495e+04,-2.5869505e+05
2358,2.3570000e-01,-1.6234366e+05,5.2441636e+04,-2.4910830e+05
2359,2.3580000e-01,-1.8780545e+05,5.2818595e+04,-2.3462199e+05
2360,2.3590000e-01,-2.1255172e+05,5.4018226e+04,-2.2371333e+05
2361,2.3600000e-01,-2.3844073e+05,5.3271537e+04,-2.1935596e+05
2362,2.3610000e-01,-2.6854536e+05,4.9777951e+04,-2.1904008e+05
2363,2.3620000e-01,-3.0420495e+05,4.3390190e+04,-2.1536615e+05
2364,2.3630000e-01,-3.4515824e+05,3.7002549e+04,-2.0360002e+05
2365,2.3640000e-01,-3.8859612e+05,3.0768279e+04,-1.8593667e+05
2366,2.3650000e-01,-4.3201636e+05,2.5861193e+04,-1.6693669e+05
2367,2.3660000e-01,-4.7539755e+05,2.1700744e+04,-1.4842135e+05
2368,2.3670000e-01,-5.1995003e+05,1.6668418e+04,-1.2925291e+05
2369,2.3680000e-01,-5.6700241e+05,1.1799865e+04,-1.0873644e+05
2370,2.3690000e-01,-6.1732623e+05,7.1111252e+03,-8.6062307e+04
2371,2.3700000e-01,-6.7186803e+05,2.0356459e+03,-6.0971608e+04
2372,2.3710000e-01,-7.3180457e+05,-3.1631841e+03,-3.2982441e+04
2373,2.3720000e-01,-7.9729636e+05,-8.7579806e+03,-1.9826342e+03
2374,2.3730000e-01,-8.6864159e+05,-1.4124051e+04,3.2327302e+04
2375,2.3740000e-01,-9.4670077e+05,-1.9484440e+04,7.0301812e+04
2376,2.3750000e-01,-1.0318083e+06,-2.4978760e+04,1.1198882e+05
2377,2.3760000e-01,-1.1223901e+06,-3.0246209e+04,1.5707184e+05
2378,2.3770000e-01,-1.2069567e+06,-1.0534706e+04,2.3015698e+05
2379,2.3780000e-01,-1.2971613e+06,-1.3226194e+04,3.0002651e+05
2380,2.3790000e-01,-1.4002582e+06,-2.7078266e+04,3.6153389e+05
2381,2.3800000e-01,-1.5173429e+06,-4.3125749e+04,4.1795114e+05
2382,2.3810000e-01,-1.6477083e+06,-5.7537804e+04,4.7364471e+05
2383,2.3820000e-01,-1.7877561e+06,-6.8112430e+04,5.3105311e+05
2384,2.3830000e-01,-1.9342680e+06,-7.7391621e+04,5.9042714e+05
2385,2.3840000e-01,-2.0844870e+06,-8.4626710e+04,6.5169557e+05
2386,2.3850000e-01,-2.2349957e+06,-9.1512981e+04,7.1331564e+05
2387,2.3860000e-01,-2.3818959e+06,-9.6740410e+04,7.7374067e+05
2388,2.3870000e-01,-2.5215180e+06,-1.0087447e+05,8.3130869e+05
2389,2.3880000e-01,-2.6483206e+06,-1.0393154e+05,8.8335980e+05
2390,2.3890000e-01,-2.7571795e+06,-1.0501817e+05,9.2774042e+05
2391,2.3900000e-01,-2.8437982e+06,-1.0628754e+05,9.6199860e+05
2392,2.3910000e-01,-2.9049210e+06,-1.0626535e+05,9.8493928e+05
2393,2.3920000e-01,-2.9365145e+06,-1.0526887e+05,9.9442557e+05
2394,2.3930000e-01,-2.9379637e+06,-1.0293774e+05,9.9122717e+05
2395,2.3940000e-01,-2.9095903e+06,-1.0046521e+05,9.7498290e+05
2396,2.3950000e-01,-2.8528788e+06,-9.6406767e+04,9.4670191e+05
2397,2.3960000e-01,-2.7702628e+06,-9.1268422e+04,9.0766291e+05
2398,2.3970000e-01,-2.6648861e+06,-8.5408788e+04,8.5888673e+05
2399,2.3980000e-01,-2.5402218e+06,-7.8563152e+04,8.0275941e+05
2400,2.3990000e-01,-2.4019467e+06,-7.0874325e+04,7.4196413e+05
2401,2.4000000e-01,-2.2540902e+06,-6.2450401e+04,6.7747229e+05
2402,2.4010000e-01,-2.1005578e+06,-5.3725183e+04,6.1094677e+05
2403,2.4020000e-01,-1.9455593e+06,-4.4877901e+04,5.4415772e+05
2404,2.4030000e-01,-1.7930177e+06,-3.5998495e+04,4.7857805e+05
2405,2.4040000e-01,-1.6447732e+06,-2.7350787e+04,4.1503420e+05
2406,2.4050000e-01,-1.5025435e+06,-1.8761937e+04,3.5430431e+05
2407,2.4060000e-01,-1.3679391e+06,-1.0922986e+04,2.9665505e+05
2408,2.4070000e-01,-1.2420399e+06,-3.6446833e+03,2.4251393e+05
2409,2.4080000e-01,-1.1252793e+06,3.1020009e+03,1.9195656e+05
2410,2.4090000e-01,-1.0175582e+06,9.3209300e+03,1.4507454e+05
2411,2.4100000e-01,-9.1850118e+05,1.4723467e+04,1.0175311e+05
2412,2.4110000e-01,-8.2774862e+05,1.9427467e+04,6.1922038e+04
2413,2.4120000e-01,-7.4486438e+05,2.3540599e+04,2.5566017e+04
2414,2.4130000e-01,-6.6923178e+05,2.7058504e+04,-7.6288426e+03
2415,2.4140000e-01,-6.0037326e+05,3.0056298e+04,-3.7604827e+04
2416,2.4150000e-01,-5.3783985e+05,3.2640407e+04,-6.4512485e+04
2417,2.4160000e-01,-4.8127630e+05,3.4963994e+04,-8.8339470e+04
2418,2.4170000e-01,-4.3038763e+05,3.6996270e+04,-1.0901431e+05
2419,2.4180000e-01,-3.8640974e+05,3.8979954e+04,-1.2568159e+05
2420,2.4190000e-01,-3.4910588e+05,4.1156814e+04,-1.3960617e+05
2421,2.4200000e-01,-3.1675336e+05,4.3346944e+04,-1.5201949e+05
2422,2.4210000e-01,-2.8722528e+05,4.5027381e+04,-1.6362289e+05
2423,2.4220000e-01,-2.5873245e+05,4.6115087e+04,-1.7517557e+05
2424,2.4230000e-01,-2.3108319e+05,4.6514165e+04,-1.8632982e+05
2425,2.4240000e-01,-2.0474018e+05,4.6376005e+04,-1.9702459e+05
2426,2.4250000e-01,-1.7958465e+05,4.5771122e+04,-2.0750831e+05
2427,2.4260000e-01,-1.5526520e+05,4.4639383e+04,-2.1804262e+05
2428,2.4270000e-01,-1.3164119e+05,4.2906827e+04,-2.2870339e+05
2429,2.4280000e-01,-1.0884941e+05,4.0230108e+04,-2.4109326e+05
2430,2.4290000e-01,-8.5606208e+04,3.6195970e+04,-2.5716750e+05
2431,2.4300000e-01,-5.8126057e+04,3.0480883e+04,-2.7771726e+05
2432,2.4310000e-01,-2.2242985e+04,2.3044794e+04,-2.9724893e+05
2433,2.4320000e-01,1.8703708e+04,1.4016238e+04,-3.0820071e+05
2434,2.4330000e-01,5.6144708e+04,6.3909193e+03,-3.1224596e+05
2435,2.4340000e-01,8.6159455e+04,1.2772570e+03,-3.1222665e+05
2436,2.4350000e-01,1.0986405e+05,-9.7224783e+02,-3.1114763e+05
2437,2.4360000e-01,1.2996551e+05,-2.2099911e+03,-3.1007668e+05
2438,2.4370000e-01,1.4885281e+05,-2.5179316e+03,-3.0835256e+05
2439,2.4380000e-01,1.6826207e+05,-2.4862608e+03,-3.0642900e+05
2440,2.4390000e-01,1.8907541e+05,-2.0337614e+03,-3.0405916e+05
2441,2.4400000e-01,2.1149509e+05,-1.6596567e+03,-3.0117108e+05
2442,2.4410000e-01,2.3513998e+05,-2.3691314e+03,-2.9819908e+05
2443,2.4420000e-01,2.5991797e+05,-3.5226598e+03,-2.9466038e+05
2444,2.4430000e-01,2.8550734e+05,-5.2908446e+03,-2.9072876e+05
2445,2.4440000e-01,3.1230845e+05,-7.0619176e+03,-2.8638192e+05
2446,2.4450000e-01,3.4039989e+05,-9.1526435e+03,-2.8167461e+05
2447,2.4460000e-01,3.6991766e+05,-1.1444048e+04,-2.7633228e+05
2448,2.4470000e-01,4.0138866e+05,-1.3785636e+04,-2.7077269e+05
2449,2.4480000e-01,4.3489807e+05,-1.6634846e+04,-2.6494302e+05
2450,2.4490000e-01,4.7087653e+05,-1.9728971e+04,-2.5873526e+05
2451,2.4500000e-01,5.0940038e+05,-2.3148799e+04,-2.5210177e+05
2452,2.4510000e-01,5.5057089e+05,-2.6601934e+04,-2.4494666e+05
2453,2.4520000e-01,5.9517572e+05,-2.9624746e+04,-2.3741112e+05
2454,2.4530000e-01,6.4358250e+05,-3.1896860e+04,-2.2870574e+05
2455,2.4540000e-01,6.9602505e+05,-3.2501258e+04,-2.1858075e+05
2456,2.4550000e-01,7.5298562e+05,-3.1727567e+04,-2.0690964e+05
2457,2.4560000e-01,8.1475048e+05,-2.9482353e+04,-1.9354196e+05
2458,2.4570000e-01,8.8095973e+05,-2.7568614e+04,-1.7850215e+05
2459,2.4580000e-01,9.5140969e+05,-2.6383796e+04,-1.6271639e+05
2460,2.4590000e-01,1.0256214e+06,-2.6286864e+04,-1.4632602e+05
2461,2.4600000e-01,1.1033526e+06,-2.7543960e+04,-1.2956375e+05
2462,2.4610000e-01,1.1852760e+06,-2.8550227e+04,-1.1256196e+05
2463,2.4620000e-01,1.2707161e+06,-3.0699626e+04,-9.4995804e+04
2464,2.4630000e-01,1.3593722e+06,-3.2052931e+04,-7.6802437e+04
2465,2.4640000e-01,1.4507738e+06,-3.3702564e+04,-5.8271296e+04
2466,2.4650000e-01,1.5439756e+06,-3.5762656e+04,-3.9221808e+04
2467,2.4660000e-01,1.6389860e+06,-3.7132459e+04,-2.0340146e+04
2468,2.4670000e-01,1.7353845e+06,-3.7961139e+04,-1.5845685e+03
2469,2.4680000e-01,1.8316905e+06,-3.9263442e+04,1.6621823e+04
2470,2.4690000e-01,1.9269987e+06,-4.0579013e+04,3.3576099e+04
2471,2.4700000e-01,2.0187646e+06,-4.2333847e+04,4.9587989e+04
2472,2.4710000e-01,2.1052872e+06,-4.3192987e+04,6.4288397e+04
2473,2.4720000e-01,2.1850121e+06,-4.3596368e+04,7.7184737e+04
2474,2.4730000e-01,2.2556400e+06,-4.3588206e+04,8.8329502e+04
2475,2.4740000e-01,2.3159724e+06,-4.3097702e+04,9.6569853e+04
2476,2.4750000e-01,2.3645912e+06,-4.2320555e+04,1.0182225e+05
2477,2.4760000e-01,2.4000405e+06,-4.1222880e+04,1.0399428e+05
2478,2.4770000e-01,2.4209286e+06,-3.9728478e+04,1.0298757e+05
2479,2.4780000e-01,2.4276352e+06,-3.7868070e+04,9.8362535e+04
2480,2.4790000e-01,2.4190151e+06,-3.5671331e+04,9.1044684e+04
2481,2.4800000e-01,2.3947488e+06,-3.2899693e+04,8.1000285e+04
2482,2.4810000e-01,2.3555766e+06,-2.9593248e+04,6.8404453e+04
2483,2.4820000e-01,2.3023030e+06,-2.5833278e+04,5.3536589e+04
2484,2.4830000e-01,2.2362120e+06,-2.1700824e+04,3.6753587e+04
2485,2.4840000e-01,2.1581579e+06,-1.7216460e+04,1.8793471e+04
2486,2.4850000e-01,2.0707496e+06,-1.2428188e+04,-5.4339176e+02
2487,2.4860000e-01,1.9765659e+06,-7.5873450e+03,-2.0661732e+04
2488,2.4870000e-01,1.8775749e+06,-2.7308441e+03,-4.1054048e+04
2489,2.4880000e-01,1.7754863e+06,2.1573687e+03,-6.1335407e+04
2490,2.4890000e-01,1.6718839e+06,7.0775037e+03,-8.1197310e+04
2491,2.4900000e-01,1.5683277e+06,1.1982864e+04,-1.0039421e+05
2492,2.4910000e-01,1.4665514e+06,1.6803165e+04,-1.1898517e+05
2493,2.4920000e-01,1.3669226e+06,2.1493688e+04,-1.3638075e+05
2494,2.4930000e-01,1.2700497e+06,2.6119066e+04,-1.5263903e+05
2495,2.4940000e-01,1.1767257e+06,3.0650443e+04,-1.6775507e+05
2496,2.4950000e-01,1.0874792e+06,3.4942662e+04,-1.8178977e+05
2497,2.4960000e-01,1.0023843e+06,3.9079203e+04,-1.9436121e+05
2498,2.4970000e-01,9.2219591e+05,4.2945015e+04,-2.0621979e+05
2499,2.4980000e-01,8.4717059e+05,4.6424444e+04,-2.1714898e+05
2500,2.4990000e-01,7.7727528e+05,4.8324825e+04,-2.2952190e+05
2501,2.5000000e-01,7.1231226e+05,5.1000589e+04,-2.3839419e+05
2502,2.5010000e-01,6.5185677e+05,5.3869311e+04,-2.4587931e+05
2503,2.5020000e-01,5.9557308e+05,5.6811891e+04,-2.5229283e+05
2504,2.5030000e-01,5.4403580e+05,5.7763759e+04,-2.6134096e+05
2505,2.5040000e-01,4.9640362e+05,5.9196048e+04,-2.6779791e+05
2506,2.5050000e-01,4.5159364e+05,6.1333052e+04,-2.7174180e+05
2507,2.5060000e-01,4.0943383e+05,6.3856619e+04,-2.7451764e+05
2508,2.5070000e-01,3.7196322e+05,6.5053702e+04,-2.8005936e+05
2509,2.5080000e-01,3.3773198e+05,6.7958324e+04,-2.8281885e+05
2510,2.5090000e-01,3.0461715e+05,7.1125749e+04,-2.8396184e+05
2511,2.5100000e-01,2.7232755e+05,7.4581419e+04,-2.8423071e+05
2512,2.5110000e-01,2.4323189e+05,7.7947439e+04,-2.7916361e+05
2513,2.5120000e-01,2.2063749e+05,7.8559431e+04,-2.8459343e+05
2514,2.5130000e-01,1.9924998e+05,7.8649057e+04,-2.8718351e+05
2515,2.5140000e-01,1.7544797e+05,7.8741102e+04,-2.8490100e+05
2516,2.5150000e-01,1.4947195e+05,7.9401104e+04,-2.8243213e+05
2517,2.5160000e-01,1.2504743e+05,8.0115551e+04,-2.7636588e+05
2518,2.5170000e-01,1.0059682e+05,8.0411141e+04,-2.7429031e+05
2519,2.5180000e-01,7.5136530e+04,8.0125319e+04,-2.7406322e+05
2520,2.5190000e-01,4.9032841e+04,7.9161224e+04,-2.7433226e+05
2521,2.5200000e-01,2.1012046e+04,7.8157644e+04,-2.7221088e+05
2522,2.5210000e-01,-8.9002710e+03,7.6399029e+04,-2.7275076e+05
2523,2.5220000e-01,-3.8908875e+04,7.3254536e+04,-2.7088054e+05
2524,2.5230000e-01,-6.8098095e+04,6.8221389e+04,-2.6921959e+05
2525,2.5240000e-01,-9.6778763e+04,6.2535771e+04,-2.6621721e+05
2526,2.5250000e-01,-1.2476254e+05,5.6545792e+04,-2.6244568e+05
2527,2.5260000e-01,-1.5199639e+05,5.1537548e+04,-2.5571684e+05
2528,2.5270000e-01,-1.7843356e+05,4.9065575e+04,-2.4602662e+05
2529,2.5280000e-01,-2.0375597e+05,4.9267883e+04,-2.3247447e+05
2530,2.5290000e-01,-2.2876108e+05,5.1820651e+04,-2.2126064e+05
2531,2.5300000e-01,-2.5591584e+05,5.0641824e+04,-2.1622166e+05
2532,2.5310000e-01,-2.8813503e+05,4.6256795e+04,-2.1397384e+05
2533,2.5320000e-01,-3.2688239e+05,4.0226880e+04,-2.0578499e+05
2534,2.5330000e-01,-3.6968325e+05,3.4450493e+04,-1.8996895e+05
2535,2.5340000e-01,-4.1357298e+05,2.8930596e+04,-1.7209579e+05
2536,2.5350000e-01,-4.5744121e+05,2.4335599e+04,-1.5427342e+05
2537,2.5360000e-01,-5.0193403e+05,1.9288583e+04,-1.3569206e+05
2538,2.5370000e-01,-5.4854483e+05,1.3879446e+04,-1.1592911e+05
2539,2.5380000e-01,-5.9805418e+05,8.7317100e+03,-9.4154363e+04
2540,2.5390000e-01,-6.5125703e+05,3.9433299e+03,-7.0007996e+04
2541,2.5400000e-01,-7.0937312e+05,-1.1838636e+03,-4.3107387e+04
2542,2.5410000e-01,-7.7282339e+05,-6.4693492e+03,-1.3209952e+04
2543,2.5420000e-01,-8.4222229e+05,-1.2101172e+04,1.9888090e+04
2544,2.5430000e-01,-9.1804067e+05,-1.7450061e+04,5.6552523e+04
2545,2.5440000e-01,-1.0005601e+06,-2.2854526e+04,9.6824692e+04
2546,2.5450000e-01,-1.0904294e+06,-2.8357534e+04,1.4102065e+05
2547,2.5460000e-01,-1.1731034e+06,-9.3411327e+03,2.1273477e+05
2548,2.5470000e-01,-1.2598569e+06,-1.2598795e+04,2.8096737e+05
2549,2.5480000e-01,-1.3588532e+06,-2.6739971e+04,3.4076700e+05
2550,2.5490000e-01,-1.4719711e+06,-4.3440830e+04,3.9542984e+05
2551,2.5500000e-01,-1.5985045e+06,-5.7368732e+04,4.4966965e+05
2552,2.5510000e-01,-1.7356108e+06,-6.7890396e+04,5.0592114e+05
2553,2.5520000e-01,-1.8809506e+06,-7.7198412e+04,5.6487187e+05
2554,2.5530000e-01,-2.0304124e+06,-8.3820188e+04,6.2599929e+05
2555,2.5540000e-01,-2.1817653e+06,-9.0738649e+04,6.8818635e+05
2556,2.5550000e-01,-2.3309619e+06,-9.6055029e+04,7.4984781e+05
2557,2.5560000e-01,-2.4745068e+06,-1.0020418e+05,8.0937135e+05
2558,2.5570000e-01,-2.6068125e+06,-1.0376977e+05,8.6399832e+05
2559,2.5580000e-01,-2.7226382e+06,-1.0489018e+05,9.1173007e+05
2560,2.5590000e-01,-2.8175912e+06,-1.0606400e+05,9.5007497e+05
2561,2.5600000e-01,-2.8878898e+06,-1.0596525e+05,9.7739169e+05
2562,2.5610000e-01,-2.9298541e+06,-1.0500842e+05,9.9192512e+05
2563,2.5620000e-01,-2.9425427e+06,-1.0271357e+05,9.9374738e+05
2564,2.5630000e-01,-2.9248518e+06,-1.0052146e+05,9.8224074e+05
2565,2.5640000e-01,-2.8781271e+06,-9.6734800e+04,9.5843010e+05
2566,2.5650000e-01,-2.8042579e+06,-9.1765303e+04,9.2316588e+05
2567,2.5660000e-01,-2.7064698e+06,-8.5458819e+04,8.7807281e+05
2568,2.5670000e-01,-2.5887450e+06,-7.8744446e+04,8.2494818e+05
2569,2.5680000e-01,-2.4547221e+06,-7.1301117e+04,7.6544155e+05
2570,2.5690000e-01,-2.3098425e+06,-6.3255205e+04,7.0225285e+05
2571,2.5700000e-01,-2.1580290e+06,-5.4725301e+04,6.3629413e+05
2572,2.5710000e-01,-2.0030424e+06,-4.5989913e+04,5.6933200e+05
2573,2.5720000e-01,-1.8491035e+06,-3.7190861e+04,5.0308640e+05
2574,2.5730000e-01,-1.6984875e+06,-2.8505825e+04,4.3850981e+05
2575,2.5740000e-01,-1.5532469e+06,-2.0095408e+04,3.7635155e+05
2576,2.5750000e-01,-1.4152676e+06,-1.2102959e+04,3.1727378e+05
2577,2.5760000e-01,-1.2856925e+06,-4.6155825e+03,2.6171876e+05
2578,2.5770000e-01,-1.1654578e+06,2.3749141e+03,2.0986993e+05
2579,2.5780000e-01,-1.0542661e+06,8.7945915e+03,1.6174480e+05
2580,2.5790000e-01,-9.5179428e+05,1.4396915e+04,1.1725166e+05
2581,2.5800000e-01,-8.5814612e+05,1.9392775e+04,7.6238477e+04
2582,2.5810000e-01,-7.7264507e+05,2.3709916e+04,3.8702805e+04
2583,2.5820000e-01,-6.9474711e+05,2.7416942e+04,4.4585451e+03
2584,2.5830000e-01,-6.2378947e+05,3.0559551e+04,-2.6615875e+04
2585,2.5840000e-01,-5.5926296e+05,3.3215579e+04,-5.4616659e+04
2586,2.5850000e-01,-5.0076025e+05,3.5552095e+04,-7.9589053e+04
2587,2.5860000e-01,-4.4799594e+05,3.7532784e+04,-1.0145536e+05
2588,2.5870000e-01,-4.0161832e+05,3.9400942e+04,-1.1953853e+05
2589,2.5880000e-01,-3.6212795e+05,4.1414120e+04,-1.3422302e+05
2590,2.5890000e-01,-3.2829455e+05,4.3600888e+04,-1.4705370e+05
2591,2.5900000e-01,-2.9785966e+05,4.5383834e+04,-1.5887658e+05
2592,2.5910000e-01,-2.6923565e+05,4.6715533e+04,-1.7015922e+05
2593,2.5920000e-01,-2.4124602e+05,4.7280858e+04,-1.8151498e+05
2594,2.5930000e-01,-2.1403934e+05,4.7253369e+04,-1.9256408e+05
2595,2.5940000e-01,-1.8815403e+05,4.6706764e+04,-2.0318757e+05
2596,2.5950000e-01,-1.6332623e+05,4.5725587e+04,-2.1357067e+05
2597,2.5960000e-01,-1.3945155e+05,4.4223722e+04,-2.2424645e+05
2598,2.5970000e-01,-1.1650174e+05,4.1825150e+04,-2.3585627e+05
2599,2.5980000e-01,-9.3704991e+04,3.8260806e+04,-2.5048166e+05
2600,2.5990000e-01,-6.8278211e+04,3.2982761e+04,-2.7043114e+05
2601,2.6000000e-01,-3.5523877e+04,2.5909432e+04,-2.9162540e+05
2602,2.6010000e-01,4.5226402e+03,1.7218534e+04,-3.0548812e+05
2603,2.6020000e-01,4.3882588e+04,8.5258685e+03,-3.1169405e+05
2604,2.6030000e-01,7.6776293e+04,2.6821922e+03,-3.1264306e+05
2605,2.6040000e-01,1.0218693e+05,-5.2630697e+02,-3.1164761e+05
2606,2.6050000e-01,1.2299246e+05,-2.6675128e+03,-3.1076148e+05
2607,2.6060000e-01,1.4204695e+05,-3.1972442e+03,-3.0943582e+05
2608,2.6070000e-01,1.6112427e+05,-2.8510354e+03,-3.0739439e+05
2609,2.6080000e-01,1.8149900e+05,-2.0699280e+03,-3.0499671e+05
2610,2.6090000e-01,2.0337693e+05,-1.8616975e+03,-3.0224053e+05
2611,2.6100000e-01,2.2639433e+05,-2.4790693e+03,-2.9915381e+05
2612,2.6110000e-01,2.5077793e+05,-3.4465111e+03,-2.9594655e+05
2613,2.6120000e-01,2.7603505e+05,-5.1867406e+03,-2.9225208e+05
2614,2.6130000e-01,3.0236305e+05,-7.0361100e+03,-2.8811696e+05
2615,2.6140000e-01,3.2995543e+05,-8.9296049e+03,-2.8354495e+05
2616,2.6150000e-01,3.5898519e+05,-1.1190159e+04,-2.7862093e+05
2617,2.6160000e-01,3.8969385e+05,-1.3562736e+04,-2.7302391e+05
2618,2.6170000e-01,4.2242646e+05,-1.6095151e+04,-2.6720832e+05
2619,2.6180000e-01,4.5736310e+05,-1.9186606e+04,-2.6113037e+05
2620,2.6190000e-01,4.9487075e+05,-2.2561090e+04,-2.5467976e+05
2621,2.6200000e-01,5.3508852e+05,-2.6023133e+04,-2.4773346e+05
2622,2.6210000e-01,5.7825198e+05,-2.9339457e+04,-2.4017257e+05
2623,2.6220000e-01,6.2515494e+05,-3.1838557e+04,-2.3207897e+05
2624,2.6230000e-01,6.7610460e+05,-3.3312651e+04,-2.2262493e+05
2625,2.6240000e-01,7.3128134e+05,-3.3134648e+04,-2.1162044e+05
2626,2.6250000e-01,7.9123549e+05,-3.1438080e+04,-1.9893566e+05
2627,2.6260000e-01,8.5613245e+05,-2.9274109e+04,-1.8471595e+05
2628,2.6270000e-01,9.2512191e+05,-2.7689895e+04,-1.6898620e+05
2629,2.6280000e-01,9.9789280e+05,-2.7069379e+04,-1.5268965e+05
2630,2.6290000e-01,1.0743653e+06,-2.7501631e+04,-1.3592472e+05
2631,2.6300000e-01,1.1545027e+06,-2.8312953e+04,-1.1863808e+05
2632,2.6310000e-01,1.2387417e+06,-3.0349772e+04,-1.0145707e+05
2633,2.6320000e-01,1.3264220e+06,-3.2236218e+04,-8.3603764e+04
2634,2.6330000e-01,1.4169700e+06,-3.3544021e+04,-6.5169280e+04
2635,2.6340000e-01,1.5094743e+06,-3.5603470e+04,-4.6172934e+04
2636,2.6350000e-01,1.6040079e+06,-3.7038139e+04,-2.7286791e+04
2637,2.6360000e-01,1.7001914e+06,-3.8383775e+04,-8.5519263e+03
2638,2.6370000e-01,1.7967582e+06,-3.9230603e+04,9.9227730e+03
2639,2.6380000e-01,1.8928599e+06,-4.0532020e+04,2.7237759e+04
2640,2.6390000e-01,1.9860548e+06,-4.1864967e+04,4.3851464e+04
2641,2.6400000e-01,2.0745898e+06,-4.3382724e+04,5.9082317e+04
2642,2.6410000e-01,2.1569322e+06,-4.3967303e+04,7.2677457e+04
2643,2.6420000e-01,2.2308365e+06,-4.4046980e+04,8.4661334e+04
2644,2.6430000e-01,2.2950856e+06,-4.3641608e+04,9.3869103e+04
2645,2.6440000e-01,2.3482040e+06,-4.2973204e+04,1.0017757e+05
2646,2.6450000e-01,2.3886430e+06,-4.2003210e+04,1.0347384e+05
2647,2.6460000e-01,2.4148908e+06,-4.0646946e+04,1.0363029e+05
2648,2.6470000e-01,2.4271818e+06,-3.8930821e+04,1.0016451e+05
2649,2.6480000e-01,2.4242198e+06,-3.6879149e+04,9.3958124e+04
2650,2.6490000e-01,2.4055146e+06,-3.4248707e+04,8.4941687e+04
2651,2.6500000e-01,2.3716643e+06,-3.1076611e+04,7.3268081e+04
2652,2.6510000e-01,2.3233181e+06,-2.7439039e+04,5.9194914e+04
2653,2.6520000e-01,2.2616328e+06,-2.3411347e+04,4.3061519e+04
2654,2.6530000e-01,2.1874550e+06,-1.9016580e+04,2.5607017e+04
2655,2.6540000e-01,2.1031314e+06,-1.4286899e+04,6.6175199e+03
2656,2.6550000e-01,2.0112829e+06,-9.4821137e+03,-1.3315713e+04
2657,2.6560000e-01,1.9139504e+06,-4.6474712e+03,-3.3665143e+04
2658,2.6570000e-01,1.8128876e+06,2.3290003e+02,-5.4024936e+04
2659,2.6580000e-01,1.7097172e+06,5.1569840e+03,-7.4067872e+04
2660,2.6590000e-01,1.6060676e+06,1.0088634e+04,-9.3527896e+04
2661,2.6600000e-01,1.5031298e+06,1.4980934e+04,-1.1220077e+05
2662,2.6610000e-01,1.4025960e+06,1.9778443e+04,-1.3016671e+05
2663,2.6620000e-01,1.3048018e+06,2.4398237e+04,-1.4689177e+05
2664,2.6630000e-01,1.2102647e+06,2.8941628e+04,-1.6244911e+05
2665,2.6640000e-01,1.1195458e+06,3.3298490e+04,-1.7692089e+05
2666,2.6650000e-01,1.0332415e+06,3.7484942e+04,-1.9016963e+05
2667,2.6660000e-01,9.5127968e+05,4.1447403e+04,-2.0213828e+05
2668,2.6670000e-01,8.7424622e+05,4.5119892e+04,-2.1335389e+05
2669,2.6680000e-01,8.0240976e+05,4.7122251e+04,-2.2613632e+05
2670,2.6690000e-01,7.3556601e+05,4.9876959e+04,-2.3546055e+05
2671,2.6700000e-01,6.7342648e+05,5.2824607e+04,-2.4324567e+05
2672,2.6710000e-01,6.1561192e+05,5.5847589e+04,-2.4996335e+05
2673,2.6720000e-01,5.6229787e+05,5.5688375e+04,-2.6198332e+05
2674,2.6730000e-01,5.1325133e+05,5.7784503e+04,-2.6646786e+05
2675,2.6740000e-01,4.6744224e+05,6.0406086e+04,-2.6998119e+05
2676,2.6750000e-01,4.2433874e+05,6.3150023e+04,-2.7273453e+05
2677,2.6760000e-01,3.8601308e+05,6.4315167e+04,-2.7842422e+05
2678,2.6770000e-01,3.5096618e+05,6.6915964e+04,-2.8147620e+05
2679,2.6780000e-01,3.1697986e+05,7.0124790e+04,-2.8287882e+05
2680,2.6790000e-01,2.8394022e+05,7.3854778e+04,-2.8340858e+05
2681,2.6800000e-01,2.5422779e+05,7.7544361e+04,-2.7833697e+05
2682,2.6810000e-01,2.3110263e+05,7.8528955e+04,-2.8429261e+05
2683,2.6820000e-01,2.0926472e+05,7.8975067e+04,-2.8701233e+05
2684,2.6830000e-01,1.8504365e+05,7.9633700e+04,-2.8484581e+05
2685,2.6840000e-01,1.5874227e+05,8.0332641e+04,-2.8242424e+05
2686,2.6850000e-01,1.3420332e+05,8.0867104e+04,-2.7670881e+05
2687,2.6860000e-01,1.0953741e+05,8.1399605e+04,-2.7428167e+05
2688,2.6870000e-01,8.3856122e+04,8.1308256e+04,-2.7394477e+05
2689,2.6880000e-01,5.7491966e+04,8.0516288e+04,-2.7431847e+05
2690,2.6890000e-01,2.9482307e+04,7.9754048e+04,-2.7241616e+05
2691,2.6900000e-01,7.5456308e+02,7.7883520e+04,-2.7143852e+05
2692,2.6910000e-01,-2.8621219e+04,7.4620964e+04,-2.7239614e+05
2693,2.6920000e-01,-5.7954002e+04,7.0180596e+04,-2.7035169e+05
2694,2.6930000e-01,-8.6598906e+04,6.4551852e+04,-2.6808569e+05
2695,2.6940000e-01,-1.1479536e+05,5.8550975e+04,-2.6441581e+05
2696,2.6950000e-01,-1.4239880e+05,5.3761051e+04,-2.5713636e+05
2697,2.6960000e-01,-1.6931457e+05,5.0768332e+04,-2.4789870e+05
2698,2.6970000e-01,-1.9484900e+05,5.0705208e+04,-2.3453815e+05
2699,2.6980000e-01,-2.1920296e+05,5.2617693e+04,-2.2206118e+05
2700,2.6990000e-01,-2.4623919e+05,5.2395233e+04,-2.1879114e+05
2701,2.7000000e-01,-2.7659222e+05,4.7922829e+04,-2.1665131e+05
2702,2.7010000e-01,-3.1357076e+05,4.2058452e+04,-2.1118389e+05
2703,2.7020000e-01,-3.5559638e+05,3.5965115e+04,-1.9783710e+05
2704,2.7030000e-01,-3.9914224e+05,2.9897117e+04,-1.8033190e+05
2705,2.7040000e-01,-4.4256995e+05,2.5175399e+04,-1.6158349e+05
2706,2.7050000e-01,-4.8617553e+05,2.0456789e+04,-1.4291785e+05
2707,2.7060000e-01,-5.3138569e+05,1.5318106e+04,-1.2351255e+05
2708,2.7070000e-01,-5.7953599e+05,1.0415215e+04,-1.0250986e+05
2709,2.7080000e-01,-6.3120263e+05,5.7025898e+03,-7.9204628e+04
2710,2.7090000e-01,-6.8742976e+05,6.1043306e+02,-5.3348561e+04
2711,2.7100000e-01,-7.4896826e+05,-4.6489707e+03,-2.4549555e+04
2712,2.7110000e-01,-8.1607025e+05,-1.0298689e+04,7.2977080e+03
2713,2.7120000e-01,-8.8936717e+05,-1.5668211e+04,4.2607180e+04
2714,2.7130000e-01,-9.6935265e+05,-2.1067568e+04,8.1562523e+04
2715,2.7140000e-01,-1.0564304e+06,-2.6597049e+04,1.2426746e+05
2716,2.7150000e-01,-1.1374311e+06,-8.5824960e+03,1.9505484e+05
2717,2.7160000e-01,-1.2218938e+06,-1.2459645e+04,2.6232813e+05
2718,2.7170000e-01,-1.3171922e+06,-2.6986095e+04,3.2055214e+05
2719,2.7180000e-01,-1.4264547e+06,-4.3922999e+04,3.7359369e+05
2720,2.7190000e-01,-1.5494183e+06,-5.7966622e+04,4.2630346e+05
2721,2.7200000e-01,-1.6837589e+06,-6.8526734e+04,4.8133713e+05
2722,2.7210000e-01,-1.8268105e+06,-7.7831885e+04,5.3931165e+05
2723,2.7220000e-01,-1.9755684e+06,-8.4395530e+04,6.0015650e+05
2724,2.7230000e-01,-2.1268366e+06,-9.0801036e+04,6.6252098e+05
2725,2.7240000e-01,-2.2777291e+06,-9.6169620e+04,7.2513420e+05
2726,2.7250000e-01,-2.4233878e+06,-1.0084283e+05,7.8561623e+05
2727,2.7260000e-01,-2.5605464e+06,-1.0401938e+05,8.4274088e+05
2728,2.7270000e-01,-2.6836359e+06,-1.0554019e+05,8.9381423e+05
2729,2.7280000e-01,-2.7872466e+06,-1.0619863e+05,9.3629468e+05
2730,2.7290000e-01,-2.8672984e+06,-1.0666849e+05,9.6813145e+05
2731,2.7300000e-01,-2.9204746e+06,-1.0574063e+05,9.8803811e+05
2732,2.7310000e-01,-2.9438427e+06,-1.0345195e+05,9.9471420e+05
2733,2.7320000e-01,-2.9369035e+06,-1.0132941e+05,9.8792628e+05
2734,2.7330000e-01,-2.9005434e+06,-9.7754258e+04,9.6857505e+05
2735,2.7340000e-01,-2.8361857e+06,-9.3039363e+04,9.3746313e+05
2736,2.7350000e-01,-2.7464113e+06,-8.6901068e+04,8.9584437e+05
2737,2.7360000e-01,-2.6346596e+06,-8.0270279e+04,8.4522781e+05
2738,2.7370000e-01,-2.5059095e+06,-7.2958438e+04,7.8792419e+05
2739,2.7380000e-01,-2.3650150e+06,-6.4957630e+04,7.2633417e+05
2740,2.7390000e-01,-2.2153220e+06,-5.6661141e+04,6.6115899e+05
2741,2.7400000e-01,-2.0608618e+06,-4.7652406e+04,5.9440319e+05
2742,2.7410000e-01,-1.9059920e+06,-3.8768890e+04,5.2778715e+05
2743,2.7420000e-01,-1.7535341e+06,-2.9968773e+04,4.6246058e+05
2744,2.7430000e-01,-1.6057165e+06,-2.1401932e+04,3.9929071e+05
2745,2.7440000e-01,-1.4645185e+06,-1.3230135e+04,3.3895507e+05
2746,2.7450000e-01,-1.3319110e+06,-5.5036916e+03,2.8213856e+05
2747,2.7460000e-01,-1.2081546e+06,1.6606228e+03,2.2896414e+05
2748,2.7470000e-01,-1.0932818e+06,8.2998431e+03,1.7942691e+05
2749,2.7480000e-01,-9.8715429e+05,1.4135704e+04,1.3352461e+05
2750,2.7490000e-01,-8.9005874e+05,1.9330150e+04,9.1217008e+04
2751,2.7500000e-01,-8.0161644e+05,2.3863323e+04,5.2431693e+04
2752,2.7510000e-01,-7.2125305e+05,2.7763501e+04,1.7041990e+04
2753,2.7520000e-01,-6.4812028e+05,3.1067286e+04,-1.5238619e+04
2754,2.7530000e-01,-5.8156990e+05,3.3807487e+04,-4.4355321e+04
2755,2.7540000e-01,-5.2105775e+05,3.6185138e+04,-7.0520148e+04
2756,2.7550000e-01,-4.6627650e+05,3.8147419e+04,-9.3522400e+04
2757,2.7560000e-01,-4.1713284e+05,3.9950780e+04,-1.1326736e+05
2758,2.7570000e-01,-3.7522544e+05,4.1872809e+04,-1.2881853e+05
2759,2.7580000e-01,-3.3986124e+05,4.3946506e+04,-1.4210135e+05
2760,2.7590000e-01,-3.0857104e+05,4.5831265e+04,-1.5410348e+05
2761,2.7600000e-01,-2.7945761e+05,4.7342875e+04,-1.6547386e+05
2762,2.7610000e-01,-2.5094112e+05,4.8095570e+04,-1.7685195e+05
2763,2.7620000e-01,-2.2335497e+05,4.8266505e+04,-1.8788749e+05
2764,2.7630000e-01,-1.9722654e+05,4.7915981e+04,-1.9848662e+05
2765,2.7640000e-01,-1.7206579e+05,4.7101200e+04,-2.0885138e+05
2766,2.7650000e-01,-1.4805190e+05,4.5773425e+04,-2.1955604e+05
2767,2.7660000e-01,-1.2503799e+05,4.3637270e+04,-2.3079188e+05
2768,2.7670000e-01,-1.0252927e+05,4.0478090e+04,-2.4352788e+05
2769,2.7680000e-01,-7.8713333e+04,3.5912095e+04,-2.6191232e+05
2770,2.7690000e-01,-4.8850932e+04,2.9361786e+04,-2.8410733e+05
2771,2.7700000e-01,-1.0418293e+04,2.0963447e+04,-3.0134084e+05
2772,2.7710000e-01,3.0325672e+04,1.1519430e+04,-3.0992643e+05
2773,2.7720000e-01,6.5845868e+04,4.8797115e+03,-3.1211290e+05
2774,2.7730000e-01,9.3799533e+04,2.9910550e+02,-3.1199617e+05
2775,2.7740000e-01,1.1624582e+05,-2.1149695e+03,-3.1141273e+05
2776,2.7750000e-01,1.3596534e+05,-2.7186274e+03,-3.1016829e+05
2777,2.7760000e-01,1.5482667e+05,-2.6855007e+03,-3.0824034e+05
2778,2.7770000e-01,1.7450659e+05,-2.2941452e+03,-3.0605397e+05
2779,2.7780000e-01,1.9551441e+05,-2.2270414e+03,-3.0352341e+05
2780,2.7790000e-01,2.1803763e+05,-2.4747158e+03,-3.0057902e+05
2781,2.7800000e-01,2.4199210e+05,-3.1418168e+03,-2.9745930e+05
2782,2.7810000e-01,2.6696768e+05,-4.6332305e+03,-2.9383106e+05
2783,2.7820000e-01,2.9275606e+05,-6.5957463e+03,-2.8981690e+05
2784,2.7830000e-01,3.1981229e+05,-8.5015323e+03,-2.8538865e+05
2785,2.7840000e-01,3.4824583e+05,-1.0635435e+04,-2.8058140e+05
2786,2.7850000e-01,3.7819240e+05,-1.2971029e+04,-2.7512389e+05
2787,2.7860000e-01,4.1017172e+05,-1.5372834e+04,-2.6944530e+05
2788,2.7870000e-01,4.4425959e+05,-1.8295050e+04,-2.6349236e+05
2789,2.7880000e-01,4.8087346e+05,-2.1504004e+04,-2.5716402e+05
2790,2.7890000e-01,5.2010179e+05,-2.4992119e+04,-2.5039538e+05
2791,2.7900000e-01,5.6204155e+05,-2.8493879e+04,-2.4308951e+05
2792,2.7910000e-01,6.0754143e+05,-3.1529946e+04,-2.3537897e+05
2793,2.7920000e-01,6.5683806e+05,-3.3707045e+04,-2.2645417e+05
2794,2.7930000e-01,7.1020897e+05,-3.4127760e+04,-2.1606080e+05
2795,2.7940000e-01,7.6832747e+05,-3.3139713e+04,-2.0407794e+05
2796,2.7950000e-01,8.3144620e+05,-3.0785196e+04,-1.9038422e+05
2797,2.7960000e-01,8.9887326e+05,-2.8876634e+04,-1.7504043e+05
2798,2.7970000e-01,9.7045347e+05,-2.7716050e+04,-1.5897972e+05
2799,2.7980000e-01,1.0457733e+06,-2.7645155e+04,-1.4233847e+05
2800,2.7990000e-01,1.1245756e+06,-2.8954990e+04,-1.2535279e+05
2801,2.8000000e-01,1.2075419e+06,-2.9988844e+04,-1.0815539e+05
2802,2.8010000e-01,1.2939683e+06,-3.2150503e+04,-9.0426647e+04
2803,2.8020000e-01,1.3835147e+06,-3.3494713e+04,-7.2097858e+04
2804,2.8030000e-01,1.4756651e+06,-3.5127391e+04,-5.3465075e+04
2805,2.8040000e-01,1.5694199e+06,-3.7162903e+04,-3.4359668e+04
2806,2.8050000e-01,1.6647445e+06,-3.8494127e+04,-1.5488425e+04
2807,2.8060000e-01,1.7611682e+06,-3.9270472e+04,3.1788250e+03
2808,2.8070000e-01,1.8571557e+06,-4.0511128e+04,2.1218348e+04
2809,2.8080000e-01,1.9517601e+06,-4.1751745e+04,3.7912967e+04
2810,2.8090000e-01,2.0423821e+06,-4.3422633e+04,5.3566523e+04
2811,2.8100000e-01,2.1272879e+06,-4.4178199e+04,6.7805204e+04
2812,2.8110000e-01,2.2049098e+06,-4.4465942e+04,8.0136146e+04
2813,2.8120000e-01,2.2729468e+06,-4.4330494e+04,9.0632771e+04
2814,2.8130000e-01,2.3302354e+06,-4.3702873e+04,9.8135889e+04
2815,2.8140000e-01,2.3754077e+06,-4.2780892e+04,1.0260033e+05
2816,2.8150000e-01,2.4068447e+06,-4.1524259e+04,1.0393093e+05
2817,2.8160000e-01,2.4246266e+06,-3.9945294e+04,1.0163156e+05
2818,2.8170000e-01,2.4273056e+06,-3.8051004e+04,9.6557750e+04
2819,2.8180000e-01,2.4142321e+06,-3.5577947e+04,8.8594843e+04
2820,2.8190000e-01,2.3858379e+06,-3.2558266e+04,7.7877021e+04
2821,2.8200000e-01,2.3426108e+06,-2.9061241e+04,6.4640169e+04
2822,2.8210000e-01,2.2855708e+06,-2.5156270e+04,4.9204716e+04
2823,2.8220000e-01,2.2161984e+06,-2.0917546e+04,3.1960341e+04
2824,2.8230000e-01,2.1354357e+06,-1.6351498e+04,1.3653467e+04
2825,2.8240000e-01,2.0459035e+06,-1.1499357e+04,-5.9233532e+03
2826,2.8250000e-01,1.9501502e+06,-6.6105538e+03,-2.6157041e+04
2827,2.8260000e-01,1.8501116e+06,-1.7152300e+03,-4.6561590e+04
2828,2.8270000e-01,1.7474535e+06,3.2013099e+03,-6.6768188e+04
2829,2.8280000e-01,1.6438423e+06,8.1363602e+03,-8.6481266e+04
2830,2.8290000e-01,1.5405042e+06,1.3047709e+04,-1.0547536e+05
2831,2.8300000e-01,1.4391920e+06,1.7871352e+04,-1.2381890e+05
2832,2.8310000e-01,1.3403008e+06,2.2544846e+04,-1.4093935e+05
2833,2.8320000e-01,1.2444074e+06,2.7143347e+04,-1.5691358e+05
2834,2.8330000e-01,1.1522388e+06,3.1640817e+04,-1.7172677e+05
2835,2.8340000e-01,1.0642560e+06,3.5879187e+04,-1.8547234e+05
2836,2.8350000e-01,9.8049021e+05,3.9948869e+04,-1.9779749e+05
2837,2.8360000e-01,9.0164666e+05,4.3733130e+04,-2.0940806e+05
2838,2.8370000e-01,8.2794348e+05,4.7159192e+04,-2.2004856e+05
2839,2.8380000e-01,7.5904789e+05,4.9313622e+04,-2.3140193e+05
2840,2.8390000e-01,6.9535740e+05,5.1808337e+04,-2.4065135e+05
2841,2.8400000e-01,6.3623289e+05,5.4604101e+04,-2.4811838e+05
2842,2.8410000e-01,5.8117669e+05,5.7275003e+04,-2.5438187e+05
2843,2.8420000e-01,5.3068961e+05,5.8057955e+04,-2.6347284e+05
2844,2.8430000e-01,4.8398330e+05,5.9454005e+04,-2.6962439e+05
2845,2.8440000e-01,4.4004056e+05,6.1652189e+04,-2.7321548e+05
2846,2.8450000e-01,3.9869135e+05,6.4240516e+04,-2.7569703e+05
2847,2.8460000e-01,3.6195319e+05,6.5628030e+04,-2.8126577e+05
2848,2.8470000e-01,3.2862870e+05,6.8032706e+04,-2.8427583e+05
2849,2.8480000e-01,2.9640762e+05,7.1458031e+04,-2.8510657e+05
2850,2.8490000e-01,2.6677703e+05,7.5394016e+04,-2.7968010e+05
2851,2.8500000e-01,2.3942040e+05,7.8762149e+04,-2.7851322e+05
2852,2.8510000e-01,2.1604053e+05,7.9346729e+04,-2.8491221e+05
2853,2.8520000e-01,1.9321803e+05,7.9604345e+04,-2.8775862e+05
2854,2.8530000e-01,1.6835275e+05,7.9790039e+04,-2.8550812e+05
2855,2.8540000e-01,1.4463512e+05,8.0279557e+04,-2.7889372e+05
2856,2.8550000e-01,1.2039752e+05,8.1026038e+04,-2.7589326e+05
2857,2.8560000e-01,9.4711051e+04,8.1257510e+04,-2.7503503e+05
2858,2.8570000e-01,6.8093796e+04,8.0856719e+04,-2.7515460e+05
2859,2.8580000e-01,3.9818541e+04,8.0430527e+04,-2.7326209e+05
2860,2.8590000e-01,1.0748932e+04,7.8910072e+04,-2.7223179e+05
2861,2.8600000e-01,-1.8817814e+04,7.6113556e+04,-2.7329863e+05
2862,2.8610000e-01,-4.8297848e+04,7.1949885e+04,-2.7135159e+05
2863,2.8620000e-01,-7.7064623e+04,6.6387778e+04,-2.6926784e+05
2864,2.8630000e-01,-1.0541376e+05,6.0284577e+04,-2.6578275e+05
2865,2.8640000e-01,-1.3325796e+05,5.4827826e+04,-2.5923252e+05
2866,2.8650000e-01,-1.6018000e+05,5.1750361e+04,-2.4925764e+05
2867,2.8660000e-01,-1.8560576e+05,5.1900515e+04,-2.3543088e+05
2868,2.8670000e-01,-2.0998131e+05,5.3708069e+04,-2.2390805e+05
2869,2.8680000e-01,-2.3541333e+05,5.3372971e+04,-2.1908669e+05
2870,2.8690000e-01,-2.6493450e+05,4.9844441e+04,-2.1838821e+05
2871,2.8700000e-01,-2.9965943e+05,4.4039457e+04,-2.1483193e+05
2872,2.8710000e-01,-3.3958505e+05,3.7823950e+04,-2.0378378e+05
2873,2.8720000e-01,-3.8206620e+05,3.1510982e+04,-1.8775359e+05
2874,2.8730000e-01,-4.2527789e+05,2.6319944e+04,-1.6971489e+05
2875,2.8740000e-01,-4.6861467e+05,2.1898471e+04,-1.5135614e+05
2876,2.8750000e-01,-5.1334980e+05,1.6808514e+04,-1.3229668e+05
2877,2.8760000e-01,-5.6043280e+05,1.1902043e+04,-1.1175423e+05
2878,2.8770000e-01,-6.1105994e+05,7.2636055e+03,-8.9089579e+04
2879,2.8780000e-01,-6.6565654e+05,2.2109141e+03,-6.3991191e+04
2880,2.8790000e-01,-7.2525669e+05,-2.9559601e+03,-3.6145609e+04
2881,2.8800000e-01,-7.9039331e+05,-8.5155041e+03,-5.2918549e+03
2882,2.8810000e-01,-8.6138347e+05,-1.3825517e+04,2.8860252e+04
2883,2.8820000e-01,-9.3906893e+05,-1.9129694e+04,6.6666853e+04
2884,2.8830000e-01,-1.0236610e+06,-2.4552283e+04,1.0810902e+05
2885,2.8840000e-01,-1.1156313e+06,-2.9797398e+04,1.5355009e+05
2886,2.8850000e-01,-1.2020338e+06,-1.0298911e+04,2.2700460e+05
2887,2.8860000e-01,-1.2914956e+06,-1.2897895e+04,2.9643673e+05
2888,2.8870000e-01,-1.3929078e+06,-2.6567909e+04,3.5732203e+05
2889,2.8880000e-01,-1.5078793e+06,-4.2446259e+04,4.1308049e+05
2890,2.8890000e-01,-1.6354733e+06,-5.6807551e+04,4.6792813e+05
2891,2.8900000e-01,-1.7730882e+06,-6.7367375e+04,5.2457950e+05
2892,2.8910000e-01,-1.9172607e+06,-7.6680495e+04,5.8319434e+05
2893,2.8920000e-01,-2.0661220e+06,-8.3495795e+04,6.4412691e+05
2894,2.8930000e-01,-2.2166722e+06,-9.0882515e+04,7.0567285e+05
2895,2.8940000e-01,-2.3643922e+06,-9.6288502e+04,7.6639973e+05
2896,2.8950000e-01,-2.5060742e+06,-1.0050729e+05,8.2476521e+05
2897,2.8960000e-01,-2.6352761e+06,-1.0354864e+05,8.7771147e+05
2898,2.8970000e-01,-2.7471938e+06,-1.0466613e+05,9.2331583e+05
2899,2.8980000e-01,-2.8372051e+06,-1.0601514e+05,9.5901874e+05
2900,2.8990000e-01,-2.9012463e+06,-1.0600289e+05,9.8319737e+05
2901,2.9000000e-01,-2.9356154e+06,-1.0505771e+05,9.9411925e+05
2902,2.9010000e-01,-2.9402792e+06,-1.0282039e+05,9.9222633e+05
2903,2.9020000e-01,-2.9151969e+06,-1.0050869e+05,9.7733217e+05
2904,2.9030000e-01,-2.8614356e+06,-9.6611031e+04,9.5032473e+05
2905,2.9040000e-01,-2.7810704e+06,-9.1522863e+04,9.1217843e+05
2906,2.9050000e-01,-2.6773993e+06,-8.5105323e+04,8.6456140e+05
2907,2.9060000e-01,-2.5548882e+06,-7.8865940e+04,8.0898937e+05
2908,2.9070000e-01,-2.4174128e+06,-7.1336393e+04,7.4795606e+05
2909,2.9080000e-01,-2.2705096e+06,-6.3065237e+04,6.8400473e+05
2910,2.9090000e-01,-2.1182004e+06,-5.4287008e+04,6.1802144e+05
2911,2.9100000e-01,-1.9636317e+06,-4.5363473e+04,5.5141375e+05
2912,2.9110000e-01,-1.8097987e+06,-3.6503170e+04,4.8547049e+05
2913,2.9120000e-01,-1.6602738e+06,-2.7500337e+04,4.2176619e+05
2914,2.9130000e-01,-1.5167996e+06,-1.9126917e+04,3.6049010e+05
2915,2.9140000e-01,-1.3805667e+06,-1.1300035e+04,3.0221991e+05
2916,2.9150000e-01,-1.2526261e+06,-4.0011986e+03,2.4742618e+05
2917,2.9160000e-01,-1.1343004e+06,2.7959415e+03,1.9642204e+05
2918,2.9170000e-01,-1.0252743e+06,9.0789503e+03,1.4920308e+05
2919,2.9180000e-01,-9.2483684e+05,1.4556090e+04,1.0553949e+05
2920,2.9190000e-01,-8.3266399e+05,1.9342275e+04,6.5346767e+04
2921,2.9200000e-01,-7.4894988e+05,2.3621716e+04,2.8708224e+04
2922,2.9210000e-01,-6.7306505e+05,2.7217113e+04,-4.6154676e+03
2923,2.9220000e-01,-6.0453580e+05,3.0284336e+04,-3.4643581e+04
2924,2.9230000e-01,-5.4265394e+05,3.2938280e+04,-6.1607565e+04
2925,2.9240000e-01,-4.8654165e+05,3.5312564e+04,-8.5614083e+04
2926,2.9250000e-01,-4.3569445e+05,3.7342499e+04,-1.0656624e+05
2927,2.9260000e-01,-3.9101820e+05,3.9288362e+04,-1.2370822e+05
2928,2.9270000e-01,-3.5276216e+05,4.1408320e+04,-1.3788934e+05
2929,2.9280000e-01,-3.1963331e+05,4.3609883e+04,-1.5047427e+05
2930,2.9290000e-01,-2.8962399e+05,4.5334100e+04,-1.6218347e+05
2931,2.9300000e-01,-2.6090194e+05,4.6468270e+04,-1.7381215e+05
2932,2.9310000e-01,-2.3308726e+05,4.6898012e+04,-1.8500854e+05
2933,2.9320000e-01,-2.0667819e+05,4.6788531e+04,-1.9571198e+05
2934,2.9330000e-01,-1.8156631e+05,4.6210133e+04,-2.0622815e+05
2935,2.9340000e-01,-1.5728137e+05,4.5118465e+04,-2.1661061e+05
2936,2.9350000e-01,-1.3392048e+05,4.3459123e+04,-2.2733401e+05
2937,2.9360000e-01,-1.1129678e+05,4.0829594e+04,-2.3934277e+05
2938,2.9370000e-01,-8.8255771e+04,3.6949327e+04,-2.5509684e+05
2939,2.9380000e-01,-6.1338237e+04,3.1335541e+04,-2.7595417e+05
2940,2.9390000e-01,-2.6374166e+04,2.3840541e+04,-2.9580916e+05
2941,2.9400000e-01,1.3944754e+04,1.5025504e+04,-3.0742324e+05
2942,2.9410000e-01,5.1455693e+04,6.9808998e+03,-3.1193299e+05
2943,2.9420000e-01,8.2104479e+04,1.9751680e+03,-3.1207670e+05
2944,2.9430000e-01,1.0651914e+05,-7.4163338e+02,-3.1115914e+05
2945,2.9440000e-01,1.2749982e+05,-2.2109604e+03,-3.1024416e+05
2946,2.9450000e-01,1.4715986e+05,-2.9151222e+03,-3.0896157e+05
2947,2.9460000e-01,1.6694595e+05,-2.6884017e+03,-3.0691367e+05
2948,2.9470000e-01,1.8787831e+05,-2.1642348e+03,-3.0449978e+05
2949,2.9480000e-01,2.1030131e+05,-1.7472534e+03,-3.0160717e+05
2950,2.9490000e-01,2.3367885e+05,-2.3505479e+03,-2.9836547e+05
2951,2.9500000e-01,2.5825173e+05,-3.3978457e+03,-2.9501458e+05
2952,2.9510000e-01,2.8363701e+05,-5.1831368e+03,-2.9118218e+05
2953,2.9520000e-01,3.1017022e+05,-6.9760255e+03,-2.8689071e+05
2954,2.9530000e-01,3.3795516e+05,-9.0738300e+03,-2.8222172e+05
2955,2.9540000e-01,3.6715706e+05,-1.1353599e+04,-2.7691278e+05
2956,2.9550000e-01,3.9832507e+05,-1.3651632e+04,-2.7138114e+05
2957,2.9560000e-01,4.3154311e+05,-1.6465723e+04,-2.6558179e+05
2958,2.9570000e-01,4.6723770e+05,-1.9511220e+04,-2.5940437e+05
2959,2.9580000e-01,5.0542083e+05,-2.2965280e+04,-2.5282873e+05
2960,2.9590000e-01,5.4631601e+05,-2.6401807e+04,-2.4572877e+05
2961,2.9600000e-01,5.9067193e+05,-2.9488797e+04,-2.3826776e+05
2962,2.9610000e-01,6.3867772e+05,-3.1862419e+04,-2.2965660e+05
2963,2.9620000e-01,6.9054365e+05,-3.2579886e+04,-2.1965222e+05
2964,2.9630000e-01,7.4695799e+05,-3.1995797e+04,-2.0814690e+05
2965,2.9640000e-01,8.0830682e+05,-3.0120699e+04,-1.9500913e+05
2966,2.9650000e-01,8.7405741e+05,-2.7824018e+04,-1.8003786e+05
2967,2.9660000e-01,9.4405870e+05,-2.6500167e+04,-1.6431590e+05
2968,2.9670000e-01,1.0178691e+06,-2.6326419e+04,-1.4798234e+05
2969,2.9680000e-01,1.0952332e+06,-2.7534115e+04,-1.3126981e+05
2970,2.9690000e-01,1.1767940e+06,-2.8522232e+04,-1.1431569e+05
2971,2.9700000e-01,1.2618764e+06,-3.0663422e+04,-9.6791026e+04
2972,2.9710000e-01,1.3501951e+06,-3.2011312e+04,-7.8634729e+04
2973,2.9720000e-01,1.4412998e+06,-3.3654121e+04,-6.0132188e+04
2974,2.9730000e-01,1.5342686e+06,-3.5706268e+04,-4.1097091e+04
2975,2.9740000e-01,1.6291268e+06,-3.7071977e+04,-2.2208274e+04
2976,2.9750000e-01,1.7254741e+06,-3.7899418e+04,-3.4174817e+03
2977,2.9760000e-01,1.8218526e+06,-3.9204167e+04,1.4852587e+04
2978,2.9770000e-01,1.9173733e+06,-4.0526638e+04,3.1903752e+04
2979,2.9780000e-01,2.0095133e+06,-4.2291613e+04,4.8049390e+04
2980,2.9790000e-01,2.0965861e+06,-4.3167780e+04,6.2922532e+04
2981,2.9800000e-01,2.1770436e+06,-4.3592271e+04,7.6031125e+04
2982,2.9810000e-01,2.2485886e+06,-4.3610203e+04,8.7417443e+04
2983,2.9820000e-01,2.3100122e+06,-4.3149917e+04,9.5929759e+04
2984,2.9830000e-01,2.3598794e+06,-4.2408208e+04,1.0147601e+05
2985,2.9840000e-01,2.3967091e+06,-4.1349172e+04,1.0395844e+05
2986,2.9850000e-01,2.4190771e+06,-3.9895429e+04,1.0327053e+05
2987,2.9860000e-01,2.4273222e+06,-3.8077589e+04,9.8961295e+04
2988,2.9870000e-01,2.4202587e+06,-3.5923802e+04,9.1943060e+04
2989,2.9880000e-01,2.3977343e+06,-3.3201361e+04,8.2184897e+04
2990,2.9890000e-01,2.3600056e+06,-2.9934004e+04,6.9834628e+04
2991,2.9900000e-01,2.3079552e+06,-2.6206267e+04,5.5165445e+04
2992,2.9910000e-01,2.2429660e+06,-2.2109926e+04,3.8540459e+04
2993,2.9920000e-01,2.1658980e+06,-1.7662166e+04,2.0699152e+04
2994,2.9930000e-01,2.0793300e+06,-1.2905896e+04,1.4418457e+03
2995,2.9940000e-01,1.9858142e+06,-8.0908393e+03,-1.8640006e+04
2996,2.9950000e-01,1.8873089e+06,-3.2547565e+03,-3.9035128e+04
2997,2.9960000e-01,1.7855264e+06,1.6173849e+03,-5.9353145e+04
2998,2.9970000e-01,1.6820603e+06,6.5241601e+03,-7.9280031e+04
2999,2.9980000e-01,1.5784923e+06,1.1421692e+04,-9.8564262e+04
3000,2.9990000e-01,1.4759681e+06,1.6270919e+04,-1.1701401e+05
3001,3.0000000e-01,1.3761191e+06,2.1017620e+04,-1.3471944e+05
3002,3.0010000e-01,1.2792316e+06,2.5573825e+04,-1.5117366e+05
3003,3.0020000e-01,1.1857726e+06,3.0053329e+04,-1.6643901e+05
3004,3.0030000e-01,1.0962470e+06,3.4323285e+04,-1.8062607e+05
3005,3.0040000e-01,1.0107648e+06,3.8459816e+04,-1.9333045e+05
3006,3.0050000e-01,9.3012686e+05,4.2341335e+04,-2.0531086e+05
3007,3.0060000e-01,8.5462520e+05,4.5839676e+04,-2.1635629e+05
3008,3.0070000e-01,7.8425360e+05,4.7681673e+04,-2.2896456e+05
3009,3.0080000e-01,7.1882183e+05,5.0300950e+04,-2.3807931e+05
3010,3.0090000e-01,6.5790267e+05,5.3194201e+04,-2.4559078e+05
3011,3.0100000e-01,6.0117420e+05,5.6184760e+04,-2.5201237e+05
3012,3.0110000e-01,5.4923091e+05,5.7090319e+04,-2.6127927e+05
3013,3.0120000e-01,5.0122236e+05,5.8552575e+04,-2.6769782e+05
3014,3.0130000e-01,4.5606528e+05,6.0748723e+04,-2.7165674e+05
3015,3.0140000e-01,4.1357961e+05,6.3293363e+04,-2.7440715e+05
3016,3.0150000e-01,3.7583148e+05,6.4426332e+04,-2.8015142e+05
3017,3.0160000e-01,3.4136071e+05,6.7240438e+04,-2.8294008e+05
3018,3.0170000e-01,3.0827385e+05,7.0476300e+04,-2.8429547e+05
3019,3.0180000e-01,2.7605113e+05,7.4026311e+04,-2.8462629e+05
3020,3.0190000e-01,2.4675767e+05,7.7591505e+04,-2.7914021e+05
3021,3.0200000e-01,2.2372548e+05,7.8336621e+04,-2.8448885e+05
3022,3.0210000e-01,2.0193419e+05,7.8591976e+04,-2.8677327e+05
3023,3.0220000e-01,1.7785749e+05,7.8793393e+04,-2.8463151e+05
3024,3.0230000e-01,1.5173479e+05,7.9506580e+04,-2.8225595e+05
3025,3.0240000e-01,1.2726822e+05,8.0223591e+04,-2.7648553e+05
3026,3.0250000e-01,1.0278701e+05,8.0531831e+04,-2.7407597e+05
3027,3.0260000e-01,7.7279755e+04,8.0314535e+04,-2.7369702e+05
3028,3.0270000e-01,5.1076933e+04,7.9423060e+04,-2.7395405e+05
3029,3.0280000e-01,2.3097158e+04,7.8552746e+04,-2.7189064e+05
3030,3.0290000e-01,-6.7544889e+03,7.6822840e+04,-2.7253184e+05
3031,3.0300000e-01,-3.6711514e+04,7.3676826e+04,-2.7075621e+05
3032,3.0310000e-01,-6.5839255e+04,6.8636740e+04,-2.6920116e+05
3033,3.0320000e-01,-9.4059059e+04,6.2959940e+04,-2.6572083e+05
3034,3.0330000e-01,-1.2190819e+05,5.6992187e+04,-2.6254094e+05
3035,3.0340000e-01,-1.4913642e+05,5.2083311e+04,-2.5547267e+05
3036,3.0350000e-01,-1.7570672e+05,4.9622569e+04,-2.4642771e+05
3037,3.0360000e-01,-2.0108558e+05,4.9712219e+04,-2.3318367e+05
3038,3.0370000e-01,-2.2598076e+05,5.2176470e+04,-2.2162518e+05
3039,3.0380000e-01,-2.5304960e+05,5.1129351e+04,-2.1689078e+05
3040,3.0390000e-01,-2.8488034e+05,4.6746866e+04,-2.1435848e+05
3041,3.0400000e-01,-3.2218274e+05,4.0635147e+04,-2.0791380e+05
3042,3.0410000e-01,-3.6476688e+05,3.4734863e+04,-1.9246196e+05
3043,3.0420000e-01,-4.0873343e+05,2.9191511e+04,-1.7431635e+05
3044,3.0430000e-01,-4.5262953e+05,2.4696081e+04,-1.5642030e+05
3045,3.0440000e-01,-4.9702423e+05,1.9721951e+04,-1.3788150e+05
3046,3.0450000e-01,-5.4340031e+05,1.4357111e+04,-1.1824633e+05
3047,3.0460000e-01,-5.9274522e+05,9.2543904e+03,-9.6670910e+04
3048,3.0470000e-01,-6.4557559e+05,4.4523140e+03,-7.2721477e+04
3049,3.0480000e-01,-7.0307682e+05,-6.6778281e+02,-4.6125068e+04
3050,3.0490000e-01,-7.6583094e+05,-5.9379431e+03,-1.6566756e+04
3051,3.0500000e-01,-8.3452094e+05,-1.1546698e+04,1.6174889e+04
3052,3.0510000e-01,-9.0966470e+05,-1.6866215e+04,5.2476468e+04
3053,3.0520000e-01,-9.9145274e+05,-2.2253297e+04,9.2371432e+04
3054,3.0530000e-01,-1.0804688e+06,-2.7457700e+04,1.3621615e+05
3055,3.0540000e-01,-1.1637700e+06,-9.1670696e+03,2.0794000e+05
3056,3.0550000e-01,-1.2521483e+06,-1.2712514e+04,2.7662448e+05
3057,3.0560000e-01,-1.3508593e+06,-2.6787882e+04,3.3610103e+05
3058,3.0570000e-01,-1.4622258e+06,-4.3380513e+04,3.9008176e+05
3059,3.0580000e-01,-1.5864969e+06,-5.7215135e+04,4.4357062e+05
3060,3.0590000e-01,-1.7212645e+06,-6.7649556e+04,4.9908932e+05
3061,3.0600000e-01,-1.8642369e+06,-7.6903642e+04,5.5731059e+05
3062,3.0610000e-01,-2.0124331e+06,-8.3428216e+04,6.1808482e+05
3063,3.0620000e-01,-2.1626737e+06,-8.9831913e+04,6.8010532e+05
3064,3.0630000e-01,-2.3115651e+06,-9.5791505e+04,7.4172063e+05
3065,3.0640000e-01,-2.4553975e+06,-1.0016405e+05,8.0140620e+05
3066,3.0650000e-01,-2.5895728e+06,-1.0334108e+05,8.5685771e+05
3067,3.0660000e-01,-2.7080640e+06,-1.0496789e+05,9.0553619e+05
3068,3.0670000e-01,-2.8065682e+06,-1.0577991e+05,9.4537785e+05
3069,3.0680000e-01,-2.8809960e+06,-1.0620023e+05,9.7428938e+05
3070,3.0690000e-01,-2.9266804e+06,-1.0530982e+05,9.9036735e+05
3071,3.0700000e-01,-2.9426388e+06,-1.0312209e+05,9.9375473e+05
3072,3.0710000e-01,-2.9288778e+06,-1.0087760e+05,9.8387053e+05
3073,3.0720000e-01,-2.8859181e+06,-9.7171729e+04,9.6158858e+05
3074,3.0730000e-01,-2.8152761e+06,-9.2303260e+04,9.2765172e+05
3075,3.0740000e-01,-2.7199041e+06,-8.6090914e+04,8.8356092e+05
3076,3.0750000e-01,-2.6037915e+06,-7.9439625e+04,8.3110880e+05
3077,3.0760000e-01,-2.4711096e+06,-7.2014921e+04,7.7214581e+05
3078,3.0770000e-01,-2.3276648e+06,-6.3981405e+04,7.0954687e+05
3079,3.0780000e-01,-2.1766370e+06,-5.5607941e+04,6.4383836e+05
3080,3.0790000e-01,-2.0217114e+06,-4.6562895e+04,5.7693380e+05
3081,3.0800000e-01,-1.8672248e+06,-3.7736344e+04,5.1056235e+05
3082,3.0810000e-01,-1.7158435e+06,-2.9031317e+04,4.4575214e+05
3083,3.0820000e-01,-1.5696960e+06,-2.0577454e+04,3.8328655e+05
3084,3.0830000e-01,-1.4305872e+06,-1.2532160e+04,3.2381357e+05
3085,3.0840000e-01,-1.3001759e+06,-4.9779114e+03,2.6794009e+05
3086,3.0850000e-01,-1.1783325e+06,2.0365188e+03,2.1560580e+05
3087,3.0860000e-01,-1.0651164e+06,8.5397442e+03,1.6685957e+05
3088,3.0870000e-01,-9.6119042e+05,1.4285565e+04,1.2187065e+05
3089,3.0880000e-01,-8.6613093e+05,1.9373327e+04,8.0409542e+04
3090,3.0890000e-01,-7.7906958e+05,2.3731549e+04,4.2433768e+04
3091,3.0900000e-01,-7.0012391e+05,2.7527912e+04,7.8490053e+03
3092,3.0910000e-01,-6.2821990e+05,3.0712972e+04,-2.3568059e+04
3093,3.0920000e-01,-5.6290213e+05,3.3318937e+04,-5.1868992e+04
3094,3.0930000e-01,-5.0403882e+05,3.5725341e+04,-7.7091282e+04
3095,3.0940000e-01,-4.5119436e+05,3.7786145e+04,-9.9187723e+04
3096,3.0950000e-01,-4.0467381e+05,3.9710726e+04,-1.1758021e+05
3097,3.0960000e-01,-3.6510324e+05,4.1716530e+04,-1.3252574e+05
3098,3.0970000e-01,-3.3086275e+05,4.3881567e+04,-1.4543869e+05
3099,3.0980000e-01,-3.0020472e+05,4.5700998e+04,-1.5729722e+05
3100,3.0990000e-01,-2.7163332e+05,4.7086282e+04,-1.6858797e+05
3101,3.1000000e-01,-2.4388212e+05,4.7697265e+04,-1.7995876e+05
3102,3.1010000e-01,-2.1686074e+05,4.7692944e+04,-1.9097489e+05
3103,3.1020000e-01,-1.9111648e+05,4.7178200e+04,-2.0157884e+05
3104,3.1030000e-01,-1.6640514e+05,4.6234681e+04,-2.1192763e+05
3105,3.1040000e-01,-1.4277395e+05,4.4773144e+04,-2.2276055e+05
3106,3.1050000e-01,-1.2010971e+05,4.2383166e+04,-2.3432903e+05
3107,3.1060000e-01,-9.7527553e+04,3.8894100e+04,-2.4822027e+05
3108,3.1070000e-01,-7.2668600e+04,3.3873099e+04,-2.6719978e+05
3109,3.1080000e-01,-4.0326463e+04,2.7133925e+04,-2.8922059e+05
3110,3.1090000e-01,-4.7941204e+02,1.8424755e+04,-3.0426681e+05
3111,3.1100000e-01,3.9095207e+04,9.4501337e+03,-3.1120690e+05
3112,3.1110000e-01,7.2373219e+04,3.3274365e+03,-3.1265731e+05
3113,3.1120000e-01,9.8335589e+04,-5.4808932e+02,-3.1179033e+05
3114,3.1130000e-01,1.1986242e+05,-2.4720006e+03,-3.1092637e+05
3115,3.1140000e-01,1.3976032e+05,-3.0032578e+03,-3.0965994e+05
3116,3.1150000e-01,1.5965563e+05,-2.4813430e+03,-3.0764531e+05
3117,3.1160000e-01,1.8042001e+05,-2.0857294e+03,-3.0537415e+05
3118,3.1170000e-01,2.0233090e+05,-1.9348154e+03,-3.0269865e+05
3119,3.1180000e-01,2.2515873e+05,-2.4955243e+03,-2.9965260e+05
3120,3.1190000e-01,2.4922879e+05,-3.3847986e+03,-2.9646215e+05
3121,3.1200000e-01,2.7411294e+05,-5.0781884e+03,-2.9277840e+05
3122,3.1210000e-01,3.0005239e+05,-6.9035783e+03,-2.8865764e+05
3123,3.1220000e-01,3.2726944e+05,-8.7775761e+03,-2.8410592e+05
3124,3.1230000e-01,3.5602967e+05,-1.1037172e+04,-2.7921895e+05
3125,3.1240000e-01,3.8639057e+05,-1.3382719e+04,-2.7365255e+05
3126,3.1250000e-01,4.1875177e+05,-1.5866020e+04,-2.6786902e+05
3127,3.1260000e-01,4.5340334e+05,-1.8917256e+04,-2.6183126e+05
3128,3.1270000e-01,4.9057675e+05,-2.2258523e+04,-2.5542161e+05
3129,3.1280000e-01,5.3043623e+05,-2.5694181e+04,-2.4852479e+05
3130,3.1290000e-01,5.7324068e+05,-2.9000704e+04,-2.4102190e+05
3131,3.1300000e-01,6.1976955e+05,-3.1678651e+04,-2.3303311e+05
3132,3.1310000e-01,6.7015632e+05,-3.3228049e+04,-2.2370622e+05
3133,3.1320000e-01,7.2480826e+05,-3.3410696e+04,-2.1291530e+05
3134,3.1330000e-01,7.8421219e+05,-3.1655105e+04,-2.0038946e+05
3135,3.1340000e-01,8.4857985e+05,-2.9818226e+04,-1.8639419e+05
3136,3.1350000e-01,9.1706406e+05,-2.8180655e+04,-1.7082295e+05
3137,3.1360000e-01,9.8939747e+05,-2.7336095e+04,-1.5460795e+05
3138,3.1370000e-01,1.0654802e+06,-2.7581174e+04,-1.3788263e+05
3139,3.1380000e-01,1.1453700e+06,-2.8282828e+04,-1.2061817e+05
3140,3.1390000e-01,1.2292151e+06,-3.0270198e+04,-1.0345868e+05
3141,3.1400000e-01,1.3164398e+06,-3.2138627e+04,-8.5631005e+04
3142,3.1410000e-01,1.4065758e+06,-3.3445787e+04,-6.7224919e+04
3143,3.1420000e-01,1.4993103e+06,-3.5531068e+04,-4.8650622e+04
3144,3.1430000e-01,1.5936083e+06,-3.7109501e+04,-2.9461083e+04
3145,3.1440000e-01,1.6894440e+06,-3.8386343e+04,-1.0580409e+04
3146,3.1450000e-01,1.7858492e+06,-3.9163275e+04,7.9924355e+03
3147,3.1460000e-01,1.8820155e+06,-4.0433622e+04,2.5406979e+04
3148,3.1470000e-01,1.9754999e+06,-4.1769275e+04,4.2146301e+04
3149,3.1480000e-01,2.0645454e+06,-4.3306560e+04,5.7542178e+04
3150,3.1490000e-01,2.1476177e+06,-4.3920370e+04,7.1346160e+04
3151,3.1500000e-01,2.2224694e+06,-4.4036513e+04,8.3577599e+04
3152,3.1510000e-01,2.2878719e+06,-4.3669971e+04,9.3064549e+04
3153,3.1520000e-01,2.3423297e+06,-4.3045145e+04,9.9685560e+04
3154,3.1530000e-01,2.3842685e+06,-4.2121232e+04,1.0331527e+05
3155,3.1540000e-01,2.4121420e+06,-4.0813122e+04,1.0381889e+05
3156,3.1550000e-01,2.4261404e+06,-3.9146719e+04,1.0070257e+05
3157,3.1560000e-01,2.4249227e+06,-3.7145430e+04,9.4834635e+04
3158,3.1570000e-01,2.4079502e+06,-3.4564822e+04,8.6132099e+04
3159,3.1580000e-01,2.3757710e+06,-3.1441982e+04,7.4740994e+04
3160,3.1590000e-01,2.3289861e+06,-2.7851855e+04,6.0912154e+04
3161,3.1600000e-01,2.2687134e+06,-2.3867706e+04,4.4979088e+04
3162,3.1610000e-01,2.1965126e+06,-1.9565792e+04,2.7340369e+04
3163,3.1620000e-01,2.1132072e+06,-1.4948310e+04,8.7378764e+03
3164,3.1630000e-01,2.0218206e+06,-1.0071139e+04,-1.1030546e+04
3165,3.1640000e-01,1.9247920e+06,-5.1796563e+03,-3.1339375e+04
3166,3.1650000e-01,1.8239295e+06,-2.8801280e+02,-5.1727738e+04
3167,3.1660000e-01,1.7208471e+06,4.6192132e+03,-7.1842512e+04
3168,3.1670000e-01,1.6171738e+06,9.5293521e+03,-9.1402597e+04
3169,3.1680000e-01,1.5141051e+06,1.4402913e+04,-1.1019493e+05
3170,3.1690000e-01,1.4133445e+06,1.9185606e+04,-1.2829477e+05
3171,3.1700000e-01,1.3152388e+06,2.3800665e+04,-1.4515152e+05
3172,3.1710000e-01,1.2203214e+06,2.8342955e+04,-1.6085072e+05
3173,3.1720000e-01,1.1291718e+06,3.2764967e+04,-1.7537689e+05
3174,3.1730000e-01,1.0423985e+06,3.6914264e+04,-1.8884785e+05
3175,3.1740000e-01,9.5994173e+05,4.0852971e+04,-2.0100360e+05
3176,3.1750000e-01,8.8240311e+05,4.4524248e+04,-2.1236940e+05
3177,3.1760000e-01,8.0996185e+05,4.7882244e+04,-2.2272039e+05
3178,3.1770000e-01,7.4260402e+05,4.9898154e+04,-2.3409864e+05
3179,3.1780000e-01,6.8005044e+05,5.2275095e+04,-2.4295082e+05
3180,3.1790000e-01,6.2187140e+05,5.5041422e+04,-2.5009370e+05
3181,3.1800000e-01,5.6769948e+05,5.7706654e+04,-2.5608391e+05
3182,3.1810000e-01,5.1805443e+05,5.8429623e+04,-2.6506952e+05
3183,3.1820000e-01,4.7216675e+05,5.9815123e+04,-2.7092676e+05
3184,3.1830000e-01,4.2902118e+05,6.1991640e+04,-2.7431231e+05
3185,3.1840000e-01,3.8956141e+05,6.5870021e+04,-2.7277821e+05
3186,3.1850000e-01,3.5407545e+05,6.6807825e+04,-2.8159295e+05
3187,3.1860000e-01,3.2088436e+05,6.9094704e+04,-2.8557708e+05
3188,3.1870000e-01,2.8843099e+05,7.2350573e+04,-2.8656429e+05
3189,3.1880000e-01,2.5872584e+05,7.6005456e+04,-2.8159396e+05
3190,3.1890000e-01,2.3146272e+05,7.8921803e+04,-2.7967758e+05
3191,3.1900000e-01,2.0828267e+05,7.9542562e+04,-2.8530177e+05
3192,3.1910000e-01,1.8578326e+05,7.9237219e+04,-2.8763361e+05
3193,3.1920000e-01,1.6120340e+05,7.9040639e+04,-2.8536531e+05
3194,3.1930000e-01,1.3764354e+05,7.9242398e+04,-2.7878600e+05
3195,3.1940000e-01,1.1354934e+05,7.9783960e+04,-2.7581930e+05
3196,3.1950000e-01,8.8046968e+04,7.9886639e+04,-2.7490945e+05
3197,3.1960000e-01,6.1635924e+04,7.9357594e+04,-2.7495966e+05
3198,3.1970000e-01,3.3459235e+04,7.8887806e+04,-2.7293706e+05
3199,3.1980000e-01,4.5599955e+03,7.7368241e+04,-2.7193549e+05
3200,3.1990000e-01,-2.4992872e+04,7.4197505e+04,-2.7290047e+05
3201,3.2000000e-01,-5.4298870e+04,6.9901185e+04,-2.7110950e+05
3202,3.2010000e-01,-8.3148459e+04,6.4803945e+04,-2.6749950e+05
3203,3.2020000e-01,-1.1159038e+05,5.9036222e+04,-2.6439737e+05
3204,3.2030000e-01,-1.3920993e+05,5.4252082e+04,-2.5741704e+05
3205,3.2040000e-01,-1.6611814e+05,5.1297950e+04,-2.4796684e+05
3206,3.2050000e-01,-1.9174117e+05,5.1107889e+04,-2.3507217e+05
3207,3.2060000e-01,-2.1609838e+05,5.2892677e+04,-2.2270784e+05
3208,3.2070000e-01,-2.4283276e+05,5.2634195e+04,-2.1884722e+05
3209,3.2080000e-01,-2.7276354e+05,4.8363948e+04,-2.1650206e+05
3210,3.2090000e-01,-3.0770968e+05,4.2473388e+04,-2.1224697e+05
3211,3.2100000e-01,-3.4895173e+05,3.6520312e+04,-1.9945044e+05
3212,3.2110000e-01,-3.9268761e+05,3.0567064e+04,-1.8297440e+05
3213,3.2120000e-01,-4.3618638e+05,2.5646173e+04,-1.6431422e+05
3214,3.2130000e-01,-4.8016141e+05,2.0909337e+04,-1.4577324e+05
3215,3.2140000e-01,-5.2555148e+05,1.5709572e+04,-1.2635812e+05
3216,3.2150000e-01,-5.7354679e+05,1.0804670e+04,-1.0544437e+05
3217,3.2160000e-01,-6.2486251e+05,6.1224423e+03,-8.2300496e+04
3218,3.2170000e-01,-6.8043233e+05,1.0676341e+03,-5.6689886e+04
3219,3.2180000e-01,-7.4135920e+05,-4.1004695e+03,-2.8180011e+04
3220,3.2190000e-01,-8.0790121e+05,-9.6644307e+03,3.3819293e+03
3221,3.2200000e-01,-8.8065042e+05,-1.4968624e+04,3.8395003e+04
3222,3.2210000e-01,-9.6001243e+05,-2.0306963e+04,7.7012211e+04
3223,3.2220000e-01,-1.0462851e+06,-2.5775906e+04,1.1930069e+05
3224,3.2230000e-01,-1.1404018e+06,-3.1015316e+04,1.6583448e+05
3225,3.2240000e-01,-1.2288406e+06,-1.0935990e+04,2.4006521e+05
3226,3.2250000e-01,-1.3221118e+06,-1.3194325e+04,3.1085501e+05
3227,3.2260000e-01,-1.4258575e+06,-2.6465898e+04,3.7261445e+05
3228,3.2270000e-01,-1.5426247e+06,-4.2074986e+04,4.2921600e+05
3229,3.2280000e-01,-1.6720708e+06,-5.6184603e+04,4.8490438e+05
3230,3.2290000e-01,-1.8105104e+06,-6.6588980e+04,5.4209035e+05
3231,3.2300000e-01,-1.9544829e+06,-7.5805760e+04,6.0082112e+05
3232,3.2310000e-01,-2.1022583e+06,-8.3063824e+04,6.6136524e+05
3233,3.2320000e-01,-2.2504821e+06,-9.0063465e+04,7.2215711e+05
3234,3.2330000e-01,-2.3959967e+06,-9.5233003e+04,7.8187272e+05
3235,3.2340000e-01,-2.5340179e+06,-9.9503672e+04,8.3859306e+05
3236,3.2350000e-01,-2.6587625e+06,-1.0279299e+05,8.8945925e+05
3237,3.2360000e-01,-2.7659322e+06,-1.0411254e+05,9.3268087e+05
3238,3.2370000e-01,-2.8503406e+06,-1.0546766e+05,9.6544460e+05
3239,3.2380000e-01,-2.9088574e+06,-1.0555049e+05,9.8677675e+05
3240,3.2390000e-01,-2.9374903e+06,-1.0465263e+05,9.9464027e+05
3241,3.2400000e-01,-2.9355553e+06,-1.0235183e+05,9.8964056e+05
3242,3.2410000e-01,-2.9034019e+06,-9.9929131e+04,9.7153773e+05
3243,3.2420000e-01,-2.8432822e+06,-9.5963501e+04,9.4167409e+05
3244,3.2430000e-01,-2.7573376e+06,-9.0804421e+04,9.0105939e+05
3245,3.2440000e-01,-2.6493950e+06,-8.4932525e+04,8.5114671e+05
3246,3.2450000e-01,-2.5228746e+06,-7.8045844e+04,7.9416863e+05
3247,3.2460000e-01,-2.3832009e+06,-7.0304043e+04,7.3271766e+05
3248,3.2470000e-01,-2.2346376e+06,-6.2174395e+04,6.6785651e+05
3249,3.2480000e-01,-2.0808648e+06,-5.3125392e+04,6.0128245e+05
3250,3.2490000e-01,-1.9258624e+06,-4.4267413e+04,5.3459447e+05
3251,3.2500000e-01,-1.7725645e+06,-3.5478510e+04,4.6894999e+05
3252,3.2510000e-01,-1.6239345e+06,-2.6905418e+04,4.0548531e+05
3253,3.2520000e-01,-1.4823649e+06,-1.8417104e+04,3.4517279e+05
3254,3.2530000e-01,-1.3486769e+06,-1.0631842e+04,2.8800288e+05
3255,3.2540000e-01,-1.2231723e+06,-3.4523995e+03,2.3422129e+05
3256,3.2550000e-01,-1.1066110e+06,3.1559581e+03,1.8403724e+05
3257,3.2560000e-01,-9.9962943e+05,9.2877634e+03,1.3771714e+05
3258,3.2570000e-01,-9.0129286e+05,1.4649314e+04,9.4921763e+04
3259,3.2580000e-01,-8.1120038e+05,1.9335348e+04,5.5637984e+04
3260,3.2590000e-01,-7.2944000e+05,2.3489616e+04,1.9906069e+04
3261,3.2600000e-01,-6.5499811e+05,2.7029946e+04,-1.2694620e+04
3262,3.2610000e-01,-5.8699554e+05,2.9998989e+04,-4.2165901e+04
3263,3.2620000e-01,-5.2546785e+05,3.2612240e+04,-6.8583811e+04
3264,3.2630000e-01,-4.7017078e+05,3.4812777e+04,-9.1735443e+04
3265,3.2640000e-01,-4.2051261e+05,3.7000628e+04,-1.1178505e+05
3266,3.2650000e-01,-3.7826417e+05,3.9082388e+04,-1.2783667e+05
3267,3.2660000e-01,-3.4260043e+05,4.1333800e+04,-1.4137982e+05
3268,3.2670000e-01,-3.1120977e+05,4.3512593e+04,-1.5362752e+05
3269,3.2680000e-01,-2.8244473e+05,4.5118977e+04,-1.6515367e+05
3270,3.2690000e-01,-2.5447149e+05,4.6103455e+04,-1.7671078e+05
3271,3.2700000e-01,-2.2726420e+05,4.6381340e+04,-1.8791876e+05
3272,3.2710000e-01,-2.0137813e+05,4.6113271e+04,-1.9863523e+05
3273,3.2720000e-01,-1.7631022e+05,4.5389117e+04,-2.0908020e+05
3274,3.2730000e-01,-1.5219030e+05,4.4186118e+04,-2.1982076e+05
3275,3.2740000e-01,-1.2905492e+05,4.2236023e+04,-2.3087098e+05
3276,3.2750000e-01,-1.0645947e+05,3.9339056e+04,-2.4334309e+05
3277,3.2760000e-01,-8.2947322e+04,3.5173707e+04,-2.5947023e+05
3278,3.2770000e-01,-5.4725253e+04,2.9402313e+04,-2.8048781e+05
3279,3.2780000e-01,-1.8266204e+04,2.1816968e+04,-2.9907326e+05
3280,3.2790000e-01,2.1779064e+04,1.2891489e+04,-3.0888903e+05
3281,3.2800000e-01,5.7754174e+04,5.9070472e+03,-3.1221816e+05
3282,3.2810000e-01,8.6867367e+04,8.4901710e+02,-3.1196519e+05
3283,3.2820000e-01,1.1066769e+05,-1.2266111e+03,-3.1088093e+05
3284,3.2830000e-01,1.3186162e+05,-2.3183085e+03,-3.0989528e+05
3285,3.2840000e-01,1.5235094e+05,-2.6096355e+03,-3.0849662e+05
3286,3.2850000e-01,1.7294318e+05,-2.7003306e+03,-3.0641987e+05
3287,3.2860000e-01,1.9443483e+05,-2.2807535e+03,-3.0393393e+05
3288,3.2870000e-01,2.1708232e+05,-1.9391512e+03,-3.0093855e+05
3289,3.2880000e-01,2.4075524e+05,-2.6371519e+03,-2.9786515e+05
3290,3.2890000e-01,2.6530073e+05,-3.7467119e+03,-2.9420582e+05
3291,3.2900000e-01,2.9069718e+05,-5.4883063e+03,-2.9016894e+05
3292,3.2910000e-01,3.1726845e+05,-7.2984678e+03,-2.8572878e+05
3293,3.2920000e-01,3.4528712e+05,-9.4663927e+03,-2.8096331e+05
3294,3.2930000e-01,3.7488977e+05,-1.1722129e+04,-2.7554113e+05
3295,3.2940000e-01,4.0645437e+05,-1.4096812e+04,-2.6990621e+05
3296,3.2950000e-01,4.4024482e+05,-1.7026511e+04,-2.6402283e+05
3297,3.2960000e-01,4.7653582e+05,-2.0164471e+04,-2.5775270e+05
3298,3.2970000e-01,5.1535035e+05,-2.3533184e+04,-2.5103117e+05
3299,3.2980000e-01,5.5701094e+05,-2.6853655e+04,-2.4375125e+05
3300,3.2990000e-01,6.0226667e+05,-2.9688542e+04,-2.3604929e+05
3301,3.3000000e-01,6.5115771e+05,-3.1520866e+04,-2.2709292e+05
3302,3.3010000e-01,7.0426180e+05,-3.2040588e+04,-2.1674658e+05
3303,3.3020000e-01,7.6202559e+05,-3.0651522e+04,-2.0472228e+05
3304,3.3030000e-01,8.2470856e+05,-2.8703782e+04,-1.9115384e+05
3305,3.3040000e-01,8.9151641e+05,-2.7427646e+04,-1.7608484e+05
3306,3.3050000e-01,9.6226265e+05,-2.6414652e+04,-1.6025866e+05
3307,3.3060000e-01,1.0368957e+06,-2.6027057e+04,-1.4373202e+05
3308,3.3070000e-01,1.1152743e+06,-2.7370242e+04,-1.2687271e+05
3309,3.3080000e-01,1.1977342e+06,-2.8472064e+04,-1.0979650e+05
3310,3.3090000e-01,1.2836217e+06,-3.0664656e+04,-9.2179714e+04
3311,3.3100000e-01,1.3725325e+06,-3.2028683e+04,-7.3946352e+04
3312,3.3110000e-01,1.4643032e+06,-3.3681598e+04,-5.5379409e+04
3313,3.3120000e-01,1.5578692e+06,-3.5739030e+04,-3.6302996e+04
3314,3.3130000e-01,1.6532904e+06,-3.7097844e+04,-1.7414484e+04
3315,3.3140000e-01,1.7497138e+06,-3.7895077e+04,1.3009099e+03
3316,3.3150000e-01,1.8457576e+06,-3.9156653e+04,1.9399452e+04
3317,3.3160000e-01,1.9403539e+06,-4.0431944e+04,3.6209613e+04
3318,3.3170000e-01,2.0314097e+06,-4.2149234e+04,5.2021538e+04
3319,3.3180000e-01,2.1171030e+06,-4.2968343e+04,6.6473067e+04
3320,3.3190000e-01,2.1959626e+06,-4.3327072e+04,7.9074442e+04
3321,3.3200000e-01,2.2651719e+06,-4.3256154e+04,8.9867514e+04
3322,3.3210000e-01,2.3236796e+06,-4.2693061e+04,9.7687814e+04
3323,3.3220000e-01,2.3702500e+06,-4.1850193e+04,1.0249012e+05
3324,3.3230000e-01,2.4032815e+06,-4.0684813e+04,1.0417641e+05
3325,3.3240000e-01,2.4228047e+06,-3.9202127e+04,1.0224019e+05
3326,3.3250000e-01,2.4273075e+06,-3.7405371e+04,9.7523875e+04
3327,3.3260000e-01,2.4160770e+06,-3.5029336e+04,8.9899185e+04
3328,3.3270000e-01,2.3894852e+06,-3.2105932e+04,7.9489875e+04
3329,3.3280000e-01,2.3479651e+06,-2.8703585e+04,6.6522946e+04
3330,3.3290000e-01,2.2924885e+06,-2.4890875e+04,5.1312275e+04
3331,3.3300000e-01,2.2245007e+06,-2.0739943e+04,3.4242550e+04
3332,3.3310000e-01,2.1449142e+06,-1.6256645e+04,1.6059831e+04
3333,3.3320000e-01,2.0563319e+06,-1.1480903e+04,-3.4352492e+03
3334,3.3330000e-01,1.9613037e+06,-6.6602979e+03,-2.3644289e+04
3335,3.3340000e-01,1.8618436e+06,-1.8333694e+03,-4.4069197e+04
3336,3.3350000e-01,1.7594719e+06,3.0246321e+03,-6.4334050e+04
3337,3.3360000e-01,1.6559212e+06,7.9077386e+03,-8.4137599e+04
3338,3.3370000e-01,1.5524883e+06,1.2770864e+04,-1.0324588e+05
3339,3.3380000e-01,1.4503621e+06,1.7583945e+04,-1.2147836e+05
3340,3.3390000e-01,1.3511788e+06,2.2273255e+04,-1.3893392e+05
3341,3.3400000e-01,1.2551915e+06,2.6764509e+04,-1.5512762e+05
3342,3.3410000e-01,1.1628070e+06,3.1179616e+04,-1.7011559e+05
3343,3.3420000e-01,1.0744613e+06,3.5365898e+04,-1.8403347e+05
3344,3.3430000e-01,9.9022457e+05,3.9391943e+04,-1.9654314e+05
3345,3.3440000e-01,9.1084590e+05,4.3155342e+04,-2.0830235e+05
3346,3.3450000e-01,8.3658321e+05,4.6570169e+04,-2.1907345e+05
3347,3.3460000e-01,7.6746748e+05,4.8626360e+04,-2.3090156e+05
3348,3.3470000e-01,7.0321524e+05,5.1032201e+04,-2.4013795e+05
3349,3.3480000e-01,6.4337717e+05,5.3726353e+04,-2.4765055e+05
3350,3.3490000e-01,5.8765979e+05,5.6601248e+04,-2.5391276e+05
3351,3.3500000e-01,5.3663475e+05,5.7372492e+04,-2.6318109e+05
3352,3.3510000e-01,4.8947369e+05,5.8751168e+04,-2.6937349e+05
3353,3.3520000e-01,4.4513150e+05,6.0934481e+04,-2.7305317e+05
3354,3.3530000e-01,4.0364504e+05,6.3495132e+04,-2.7568660e+05
3355,3.3540000e-01,3.6687816e+05,6.4746469e+04,-2.8159523e+05
3356,3.3550000e-01,3.3310393e+05,6.7109980e+04,-2.8434136e+05
3357,3.3560000e-01,3.0032162e+05,7.0733118e+04,-2.8505972e+05
3358,3.3570000e-01,2.7014286e+05,7.4764728e+04,-2.8033749e+05
3359,3.3580000e-01,2.4259309e+05,7.8225342e+04,-2.7831636e+05
3360,3.3590000e-01,2.1913012e+05,7.8876875e+04,-2.8466753e+05
3361,3.3600000e-01,1.9624021e+05,7.9161773e+04,-2.8732756e+05
3362,3.3610000e-01,1.7131197e+05,7.9357535e+04,-2.8522566e+05
3363,3.3620000e-01,1.4755125e+05,7.9871627e+04,-2.7857794e+05
3364,3.3630000e-01,1.2327855e+05,8.0660724e+04,-2.7562673e+05
3365,3.3640000e-01,9.7596095e+04,8.0933370e+04,-2.7484146e+05
3366,3.3650000e-01,7.0941917e+04,8.0545498e+04,-2.7499842e+05
3367,3.3660000e-01,4.2563512e+04,8.0150494e+04,-2.7320790e+05
3368,3.3670000e-01,1.3467191e+04,7.8742069e+04,-2.7224510e+05
3369,3.3680000e-01,-1.6058032e+04,7.6065018e+04,-2.7340946e+05
3370,3.3690000e-01,-4.5458968e+04,7.2006777e+04,-2.7154943e+05
3371,3.3700000e-01,-7.4129746e+04,6.6507872e+04,-2.6956722e+05
3372,3.3710000e-01,-1.0240894e+05,6.0411786e+04,-2.6615179e+05
3373,3.3720000e-01,-1.3020845e+05,5.4901597e+04,-2.5967288e+05
3374,3.3730000e-01,-1.5712699e+05,5.1766739e+04,-2.4970083e+05
3375,3.3740000e-01,-1.8248958e+05,5.1961846e+04,-2.3545920e+05
3376,3.3750000e-01,-2.0686404e+05,5.3746894e+04,-2.2444329e+05
3377,3.3760000e-01,-2.3219966e+05,5.3350134e+04,-2.1977880e+05
3378,3.3770000e-01,-2.6131456e+05,4.9867740e+04,-2.1878521e+05
3379,3.3780000e-01,-2.9538531e+05,4.4245041e+04,-2.1529636e+05
3380,3.3790000e-01,-3.3403212e+05,3.8011249e+04,-2.0618134e+05
3381,3.3800000e-01,-3.7590051e+05,3.1436612e+04,-1.9045608e+05
3382,3.3810000e-01,-4.1903354e+05,2.6279972e+04,-1.7250361e+05
3383,3.3820000e-01,-4.6233010e+05,2.1935075e+04,-1.5420723e+05
3384,3.3830000e-01,-5.0710082e+05,1.6917234e+04,-1.3528637e+05
3385,3.3840000e-01,-5.5391632e+05,1.2011203e+04,-1.1485145e+05
3386,3.3850000e-01,-6.0416797e+05,7.1255972e+03,-9.2450014e+04
3387,3.3860000e-01,-6.5817133e+05,2.4160214e+03,-6.7600454e+04
3388,3.3870000e-01,-7.1712210e+05,-2.6612852e+03,-4.0057634e+04
3389,3.3880000e-01,-7.8180181e+05,-8.1684154e+03,-9.4762014e+03
3390,3.3890000e-01,-8.5205973e+05,-1.3465961e+04,2.4287994e+04
3391,3.3900000e-01,-9.2885818e+05,-1.8750762e+04,6.1647076e+04
3392,3.3910000e-01,-1.0124856e+06,-2.4141999e+04,1.0262383e+05
3393,3.3920000e-01,-1.1033823e+06,-2.9334076e+04,1.4754828e+05
3394,3.3930000e-01,-1.1887464e+06,-1.0131791e+04,2.2036143e+05
3395,3.3940000e-01,-1.2793504e+06,-1.2976811e+04,2.9005069e+05
3396,3.3950000e-01,-1.3802510e+06,-2.6610712e+04,3.5051095e+05
3397,3.3960000e-01,-1.4936014e+06,-4.2411466e+04,4.0557126e+05
3398,3.3970000e-01,-1.6196987e+06,-5.6693746e+04,4.5986957e+05
3399,3.3980000e-01,-1.7559204e+06,-6.7157983e+04,5.1605415e+05
3400,3.3990000e-01,-1.8998445e+06,-7.6399663e+04,5.7469943e+05
3401,3.4000000e-01,-2.0476728e+06,-8.3100151e+04,6.3533801e+05
3402,3.4010000e-01,-2.1973544e+06,-9.0128314e+04,6.9687356e+05
3403,3.4020000e-01,-2.3452853e+06,-9.5435786e+04,7.5786073e+05
3404,3.4030000e-01,-2.4877008e+06,-1.0022460e+05,8.1656709e+05
3405,3.4040000e-01,-2.6190302e+06,-1.0345388e+05,8.7050997e+05
3406,3.4050000e-01,-2.7331976e+06,-1.0452254e+05,9.1717635e+05
3407,3.4060000e-01,-2.8263192e+06,-1.0584076e+05,9.5429249e+05
3408,3.4070000e-01,-2.8943422e+06,-1.0586059e+05,9.8026323e+05
3409,3.4080000e-01,-2.9328295e+06,-1.0491886e+05,9.9303186e+05
3410,3.4090000e-01,-2.9412422e+06,-1.0269890e+05,9.9279721e+05
3411,3.4100000e-01,-2.9200447e+06,-1.0050019e+05,9.7966707e+05
3412,3.4110000e-01,-2.8698830e+06,-9.6669888e+04,9.5421299e+05
3413,3.4120000e-01,-2.7929345e+06,-9.1708672e+04,9.1757727e+05
3414,3.4130000e-01,-2.6921798e+06,-8.5369428e+04,8.7121209e+05
3415,3.4140000e-01,-2.5713586e+06,-7.8547041e+04,8.1676696e+05
3416,3.4150000e-01,-2.4354580e+06,-7.1080601e+04,7.5654331e+05
3417,3.4160000e-01,-2.2899137e+06,-6.3378435e+04,6.9273598e+05
3418,3.4170000e-01,-2.1376334e+06,-5.4866060e+04,6.2650105e+05
3419,3.4180000e-01,-1.9827657e+06,-4.5550306e+04,5.6002747e+05
3420,3.4190000e-01,-1.8287563e+06,-3.6658303e+04,4.9408249e+05
3421,3.4200000e-01,-1.6783872e+06,-2.8033373e+04,4.2981581e+05
3422,3.4210000e-01,-1.5339441e+06,-1.9695620e+04,3.6807693e+05
3423,3.4220000e-01,-1.3975318e+06,-1.1758393e+04,3.0963115e+05
3424,3.4230000e-01,-1.2694891e+06,-4.3236708e+03,2.5467490e+05
3425,3.4240000e-01,-1.1495032e+06,2.5365782e+03,2.0311173e+05
3426,3.4250000e-01,-1.0383133e+06,8.8906468e+03,1.5521565e+05
3427,3.4260000e-01,-9.3668166e+05,1.4522842e+04,1.1111595e+05
3428,3.4270000e-01,-8.4377195e+05,1.9444591e+04,7.0538269e+04
3429,3.4280000e-01,-7.5865854e+05,2.3701594e+04,3.3422760e+04
3430,3.4290000e-01,-6.8138534e+05,2.7411715e+04,-4.0342604e+02
3431,3.4300000e-01,-6.1148454e+05,3.0516520e+04,-3.0918075e+04
3432,3.4310000e-01,-5.4861749e+05,3.3177614e+04,-5.8293170e+04
3433,3.4320000e-01,-4.9205748e+05,3.5555836e+04,-8.2613416e+04
3434,3.4330000e-01,-4.4092794e+05,3.7596432e+04,-1.0389244e+05
3435,3.4340000e-01,-3.9600489e+05,3.9519602e+04,-1.2142110e+05
3436,3.4350000e-01,-3.5734708e+05,4.1582511e+04,-1.3583109e+05
3437,3.4360000e-01,-3.2362596e+05,4.3767850e+04,-1.4858875e+05
3438,3.4370000e-01,-2.9327626e+05,4.5524347e+04,-1.6038012e+05
3439,3.4380000e-01,-2.6444004e+05,4.6718020e+04,-1.7202833e+05
3440,3.4390000e-01,-2.3675254e+05,4.7215213e+04,-1.8321311e+05
3441,3.4400000e-01,-2.1007825e+05,4.7155451e+04,-1.9407161e+05
3442,3.4410000e-01,-1.8479711e+05,4.6589562e+04,-2.0455269e+05
3443,3.4420000e-01,-1.6043856e+05,4.5565712e+04,-2.1488908e+05
3444,3.4430000e-01,-1.3698405e+05,4.3994028e+04,-2.2554192e+05
3445,3.4440000e-01,-1.1434285e+05,4.1512259e+04,-2.3727555e+05
3446,3.4450000e-01,-9.1456301e+04,3.7839823e+04,-2.5195633e+05
3447,3.4460000e-01,-6.5364787e+04,3.2602080e+04,-2.7210803e+05
3448,3.4470000e-01,-3.1376178e+04,2.5345244e+04,-2.9380301e+05
3449,3.4480000e-01,8.7452212e+03,1.6388479e+04,-3.0657910e+05
3450,3.4490000e-01,4.7094789e+04,7.9482760e+03,-3.1161041e+05
3451,3.4500000e-01,7.9164022e+04,2.5141984e+03,-3.1247003e+05
3452,3.4510000e-01,1.0441578e+05,-5.3728167e+02,-3.1152451e+05
3453,3.4520000e-01,1.2542526e+05,-2.6126866e+03,-3.1065933e+05
3454,3.4530000e-01,1.4490901e+05,-3.1054324e+03,-3.0931601e+05
3455,3.4540000e-01,1.6441223e+05,-2.8239202e+03,-3.0724920e+05
3456,3.4550000e-01,1.8508968e+05,-2.0615801e+03,-3.0480237e+05
3457,3.4560000e-01,2.0707649e+05,-1.8640507e+03,-3.0197300e+05
3458,3.4570000e-01,2.3012112e+05,-2.4399727e+03,-2.9879603e+05
3459,3.4580000e-01,2.5453283e+05,-3.4146181e+03,-2.9550587e+05
3460,3.4590000e-01,2.7985762e+05,-5.1524709e+03,-2.9173272e+05
3461,3.4600000e-01,3.0634454e+05,-6.9224582e+03,-2.8750027e+05
3462,3.4610000e-01,3.3405166e+05,-8.9637053e+03,-2.8287877e+05
3463,3.4620000e-01,3.6305638e+05,-1.1225621e+04,-2.7761917e+05
3464,3.4630000e-01,3.9403777e+05,-1.3468408e+04,-2.7213617e+05
3465,3.4640000e-01,4.2704597e+05,-1.6247053e+04,-2.6638688e+05
3466,3.4650000e-01,4.6246726e+05,-1.9284315e+04,-2.6026883e+05
3467,3.4660000e-01,5.0031456e+05,-2.2741195e+04,-2.5376212e+05
3468,3.4670000e-01,5.4081336e+05,-2.6219321e+04,-2.4674858e+05
3469,3.4680000e-01,5.8464946e+05,-2.9378762e+04,-2.3940740e+05
3470,3.4690000e-01,6.3210633e+05,-3.1851126e+04,-2.3092188e+05
3471,3.4700000e-01,6.8355818e+05,-3.3023007e+04,-2.2114620e+05
3472,3.4710000e-01,7.3928917e+05,-3.2346691e+04,-2.0980220e+05
3473,3.4720000e-01,7.9984324e+05,-3.0764634e+04,-1.9690474e+05
3474,3.4730000e-01,8.6531019e+05,-2.8371028e+04,-1.8244982e+05
3475,3.4740000e-01,9.3478245e+05,-2.7028963e+04,-1.6659215e+05
3476,3.4750000e-01,1.0079249e+06,-2.7015517e+04,-1.5032143e+05
3477,3.4760000e-01,1.0847307e+06,-2.7584831e+04,-1.3355698e+05
3478,3.4770000e-01,1.1653609e+06,-2.8385988e+04,-1.1623265e+05
3479,3.4780000e-01,1.2499967e+06,-3.0368501e+04,-9.8992517e+04
3480,3.4790000e-01,1.3380717e+06,-3.1797769e+04,-8.0981869e+04
3481,3.4800000e-01,1.4289302e+06,-3.3538376e+04,-6.2560452e+04
3482,3.4810000e-01,1.5216662e+06,-3.5649994e+04,-4.3569272e+04
3483,3.4820000e-01,1.6163548e+06,-3.7045186e+04,-2.4689121e+04
3484,3.4830000e-01,1.7125842e+06,-3.8345689e+04,-5.9835969e+03
3485,3.4840000e-01,1.8090461e+06,-3.9151631e+04,1.2427900e+04
3486,3.4850000e-01,1.9048636e+06,-4.0420307e+04,2.9639699e+04
3487,3.4860000e-01,1.9975635e+06,-4.1720350e+04,4.6101075e+04
3488,3.4870000e-01,2.0853727e+06,-4.3205110e+04,6.1124385e+04
3489,3.4880000e-01,2.1667488e+06,-4.3752003e+04,7.4456342e+04
3490,3.4890000e-01,2.2394429e+06,-4.3789145e+04,8.6130013e+04
3491,3.4900000e-01,2.3022517e+06,-4.3339407e+04,9.4983984e+04
3492,3.4910000e-01,2.3537218e+06,-4.2622178e+04,1.0090862e+05
3493,3.4920000e-01,2.3923376e+06,-4.1600142e+04,1.0379621e+05
3494,3.4930000e-01,2.4166303e+06,-4.0191374e+04,1.0352823e+05
3495,3.4940000e-01,2.4268851e+06,-3.8423402e+04,9.9637762e+04
3496,3.4950000e-01,2.4218615e+06,-3.6321464e+04,9.3020428e+04
3497,3.4960000e-01,2.4011282e+06,-3.3644626e+04,8.3621186e+04
3498,3.4970000e-01,2.3653416e+06,-3.0430946e+04,7.1600585e+04
3499,3.4980000e-01,2.3152055e+06,-2.6758806e+04,5.7224165e+04
3500,3.4990000e-01,2.2519222e+06,-2.2705242e+04,4.0837467e+04
3501,3.5000000e-01,2.1762810e+06,-1.8289591e+04,2.3174823e+04
3502,3.5010000e-01,2.0908526e+06,-1.3558228e+04,4.0389481e+03
3503,3.5020000e-01,1.9982040e+06,-8.7628574e+03,-1.5981911e+04
3504,3.5030000e-01,1.9003117e+06,-3.9421537e+03,-3.6368851e+04
3505,3.5040000e-01,1.7989057e+06,9.1912867e+02,-5.6723402e+04
3506,3.5050000e-01,1.6955991e+06,5.8186825e+03,-7.6724283e+04
3507,3.5060000e-01,1.5920014e+06,1.0716404e+04,-9.6112136e+04
3508,3.5070000e-01,1.4892831e+06,1.5567746e+04,-1.1468910e+05
3509,3.5080000e-01,1.3891090e+06,2.0324525e+04,-1.3253882e+05
3510,3.5090000e-01,1.2917873e+06,2.4894484e+04,-1.4914055e+05
3511,3.5100000e-01,1.1978099e+06,2.9389983e+04,-1.6456287e+05
3512,3.5110000e-01,1.1077109e+06,3.3747932e+04,-1.7880694e+05
3513,3.5120000e-01,1.0216143e+06,3.7856552e+04,-1.9175756e+05
3514,3.5130000e-01,9.4034576e+05,4.1739335e+04,-2.0392532e+05
3515,3.5140000e-01,8.6421353e+05,4.5256319e+04,-2.1513047e+05
3516,3.5150000e-01,7.9322859e+05,4.7051503e+04,-2.2799499e+05
3517,3.5160000e-01,7.2713550e+05,4.9671574e+04,-2.3729640e+05
3518,3.5170000e-01,6.6564915e+05,5.2578853e+04,-2.4491615e+05
3519,3.5180000e-01,6.0841464e+05,5.5605954e+04,-2.5141309e+05
3520,3.5190000e-01,5.5600402e+05,5.6496339e+04,-2.6088532e+05
3521,3.5200000e-01,5.0754131e+05,5.7993054e+04,-2.6732030e+05
3522,3.5210000e-01,4.6200122e+05,6.0206391e+04,-2.7139375e+05
3523,3.5220000e-01,4.1909179e+05,6.2777909e+04,-2.7413112e+05
3524,3.5230000e-01,3.7993119e+05,6.6745359e+04,-2.7255480e+05
3525,3.5240000e-01,3.4483124e+05,6.7967738e+04,-2.8121738e+05
3526,3.5250000e-01,3.1229583e+05,7.0232588e+04,-2.8604722e+05
3527,3.5260000e-01,2.8062649e+05,7.3192605e+04,-2.8715323e+05
3528,3.5270000e-01,2.5194293e+05,7.6278253e+04,-2.8140500e+05
3529,3.5280000e-01,2.2498537e+05,7.8954306e+04,-2.7904429e+05
3530,3.5290000e-01,2.0167326e+05,7.9550425e+04,-2.8439434e+05
3531,3.5300000e-01,1.7902585e+05,7.9260994e+04,-2.8680488e+05
3532,3.5310000e-01,1.5458667e+05,7.9023565e+04,-2.8459375e+05
3533,3.5320000e-01,1.3111072e+05,7.9328621e+04,-2.7824890e+05
3534,3.5330000e-01,1.0707322e+05,7.9558217e+04,-2.7538092e+05
3535,3.5340000e-01,8.1653993e+04,7.9454611e+04,-2.7454012e+05
3536,3.5350000e-01,5.4153548e+04,7.9505424e+04,-2.7228860e+05
3537,3.5360000e-01,2.5530120e+04,7.8774898e+04,-2.7155346e+05
3538,3.5370000e-01,-2.5960427e+03,7.6772603e+04,-2.7154094e+05
3539,3.5380000e-01,-3.1845244e+04,7.3455590e+04,-2.7145348e+05
3540,3.5390000e-01,-6.0935695e+04,6.8708897e+04,-2.7056565e+05
3541,3.5400000e-01,-8.9357698e+04,6.3233052e+04,-2.6718157e+05
3542,3.5410000e-01,-1.1744772e+05,5.7381059e+04,-2.6393451e+05
3543,3.5420000e-01,-1.4492943e+05,5.2490354e+04,-2.5676277e+05
3544,3.5430000e-01,-1.7173644e+05,4.9952476e+04,-2.4770729e+05
3545,3.5440000e-01,-1.9729324e+05,4.9937442e+04,-2.3445549e+05
3546,3.5450000e-01,-2.2234637e+05,5.2087909e+04,-2.2268414e+05
3547,3.5460000e-01,-2.4915832e+05,5.1400664e+04,-2.1731960e+05
3548,3.5470000e-01,-2.8038503e+05,4.7349347e+04,-2.1458418e+05
3549,3.5480000e-01,-3.1690150e+05,4.1463975e+04,-2.0848166e+05
3550,3.5490000e-01,-3.5854718e+05,3.5603747e+04,-1.9456640e+05
3551,3.5500000e-01,-4.0196573e+05,2.9803684e+04,-1.7762734e+05
3552,3.5510000e-01,-4.4536077e+05,2.4996412e+04,-1.5979755e+05
3553,3.5520000e-01,-4.8963179e+05,2.0060579e+04,-1.4146367e+05
3554,3.5530000e-01,-5.3568730e+05,1.4698785e+04,-1.2183548e+05
3555,3.5540000e-01,-5.8473439e+05,9.6986946e+03,-1.0041260e+05
3556,3.5550000e-01,-6.3732361e+05,4.9750921e+03,-7.6609976e+04
3557,3.5560000e-01,-6.9449093e+05,-7.8660796e+01,-5.0224571e+04
3558,3.5570000e-01,-7.5689294e+05,-5.2749547e+03,-2.0903286e+04
3559,3.5580000e-01,-8.2488161e+05,-1.0854183e+04,1.1485820e+04
3560,3.5590000e-01,-8.9918200e+05,-1.6151334e+04,4.7385329e+04
3561,3.5600000e-01,-9.7995428e+05,-2.1489695e+04,8.6801843e+04
3562,3.5610000e-01,-1.0679954e+06,-2.6925708e+04,1.3009146e+05
3563,3.5620000e-01,-1.1502709e+06,-8.7497883e+03,2.0130240e+05
3564,3.5630000e-01,-1.2374918e+06,-1.2511199e+04,2.6946417e+05
3565,3.5640000e-01,-1.3359634e+06,-2.6887049e+04,3.2877382e+05
3566,3.5650000e-01,-1.4470311e+06,-4.3500841e+04,3.8247197e+05
3567,3.5660000e-01,-1.5704650e+06,-5.7272078e+04,4.3550636e+05
3568,3.5670000e-01,-1.7042925e+06,-6.7644869e+04,4.9061486e+05
3569,3.5680000e-01,-1.8468558e+06,-7.6726318e+04,5.4867332e+05
3570,3.5690000e-01,-1.9940093e+06,-8.3257073e+04,6.0917632e+05
3571,3.5700000e-01,-2.1432617e+06,-8.9630593e+04,6.7096678e+05
3572,3.5710000e-01,-2.2912300e+06,-9.5034365e+04,7.3254296e+05
3573,3.5720000e-01,-2.4345427e+06,-9.9892429e+04,7.9208287e+05
3574,3.5730000e-01,-2.5693265e+06,-1.0323149e+05,8.4805479e+05
3575,3.5740000e-01,-2.6905410e+06,-1.0477053e+05,8.9801725e+05
3576,3.5750000e-01,-2.7924829e+06,-1.0555987e+05,9.3942764e+05
3577,3.5760000e-01,-2.8710882e+06,-1.0613891e+05,9.7022905e+05
3578,3.5770000e-01,-2.9216910e+06,-1.0525485e+05,9.8842717e+05
3579,3.5780000e-01,-2.9424472e+06,-1.0309273e+05,9.9383944e+05
3580,3.5790000e-01,-2.9331469e+06,-1.0093133e+05,9.8602431e+05
3581,3.5800000e-01,-2.8943555e+06,-9.7288458e+04,9.6544571e+05
3582,3.5810000e-01,-2.8277730e+06,-9.2574633e+04,9.3322666e+05
3583,3.5820000e-01,-2.7357782e+06,-8.6443072e+04,8.9056727e+05
3584,3.5830000e-01,-2.6219664e+06,-7.9822928e+04,8.3904170e+05
3585,3.5840000e-01,-2.4912422e+06,-7.2511328e+04,7.8092202e+05
3586,3.5850000e-01,-2.3487776e+06,-6.4470761e+04,7.1870572e+05
3587,3.5860000e-01,-2.1986464e+06,-5.6172433e+04,6.5340037e+05
3588,3.5870000e-01,-2.0440768e+06,-4.7080724e+04,5.8662278e+05
3589,3.5880000e-01,-1.8884791e+06,-3.8169903e+04,5.1982806e+05
3590,3.5890000e-01,-1.7363843e+06,-2.9444847e+04,4.5478180e+05
3591,3.5900000e-01,-1.5895623e+06,-2.0927468e+04,3.9206757e+05
3592,3.5910000e-01,-1.4494074e+06,-1.2805919e+04,3.3219131e+05
3593,3.5920000e-01,-1.3171948e+06,-5.1901309e+03,2.7567973e+05
3594,3.5930000e-01,-1.1941991e+06,1.8949839e+03,2.2291292e+05
3595,3.5940000e-01,-1.0800747e+06,8.4957310e+03,1.7376810e+05
3596,3.5950000e-01,-9.7470154e+05,1.4302955e+04,1.2823909e+05
3597,3.5960000e-01,-8.7828134e+05,1.9473947e+04,8.6257771e+04
3598,3.5970000e-01,-7.9014011e+05,2.3921683e+04,4.7804565e+04
3599,3.5980000e-01,-7.0966514e+05,2.7735462e+04,1.2667882e+04
3600,3.5990000e-01,-6.3692749e+05,3.1018205e+04,-1.9213562e+04
3601,3.6000000e-01,-5.7076638e+05,3.3729052e+04,-4.7993325e+04
3602,3.6010000e-01,-5.1075312e+05,3.6007825e+04,-7.3701141e+04
3603,3.6020000e-01,-4.5662917e+05,3.8035714e+04,-9.6272958e+04
3604,3.6030000e-01,-4.0885476e+05,3.9939656e+04,-1.1529673e+05
3605,3.6040000e-01,-3.6862850e+05,4.1892013e+04,-1.3049900e+05
3606,3.6050000e-01,-3.3444312e+05,4.4089240e+04,-1.4344822e+05
3607,3.6060000e-01,-3.0395152e+05,4.5960286e+04,-1.5529756e+05
3608,3.6070000e-01,-2.7548778e+05,4.7399722e+04,-1.6659314e+05
3609,3.6080000e-01,-2.4776673e+05,4.8061095e+04,-1.7795282e+05
3610,3.6090000e-01,-2.2075004e+05,4.8113306e+04,-1.8897782e+05
3611,3.6100000e-01,-1.9499969e+05,4.7653313e+04,-1.9958243e+05
3612,3.6110000e-01,-1.7023746e+05,4.6763949e+04,-2.0993418e+05
3613,3.6120000e-01,-1.4652432e+05,4.5371252e+04,-2.2073091e+05
3614,3.6130000e-01,-1.2361960e+05,4.3088812e+04,-2.3217230e+05
3615,3.6140000e-01,-1.0108607e+05,3.9772042e+04,-2.4526712e+05
3616,3.6150000e-01,-7.6859335e+04,3.5062900e+04,-2.6378303e+05
3617,3.6160000e-01,-4.6031201e+04,2.8462243e+04,-2.8619683e+05
3618,3.6170000e-01,-6.7395794e+03,1.9941771e+04,-3.0297320e+05
3619,3.6180000e-01,3.3306877e+04,1.0366309e+04,-3.1213445e+05
3620,3.6190000e-01,6.7498438e+04,3.5338516e+03,-3.1525549e+05
3621,3.6200000e-01,9.4939742e+04,-1.1630546e+03,-3.1282236e+05
3622,3.6210000e-01,1.1757343e+05,-2.9529798e+03,-3.1092531e+05
3623,3.6220000e-01,1.3788495e+05,-2.9851816e+03,-3.0897557e+05
3624,3.6230000e-01,1.5778139e+05,-2.5985085e+03,-3.0714208e+05
3625,3.6240000e-01,1.7824193e+05,-2.2229375e+03,-3.0508823e+05
3626,3.6250000e-01,1.9951848e+05,-2.2178076e+03,-3.0265765e+05
3627,3.6260000e-01,2.2216503e+05,-2.2910602e+03,-2.9998399e+05
3628,3.6270000e-01,2.4591096e+05,-3.2754318e+03,-2.9675171e+05
3629,3.6280000e-01,2.7053026e+05,-4.7838169e+03,-2.9307534e+05
3630,3.6290000e-01,2.9618483e+05,-6.6957001e+03,-2.8904682e+05
3631,3.6300000e-01,3.2322502e+05,-8.5539857e+03,-2.8459869e+05
3632,3.6310000e-01,3.5149548e+05,-1.0758363e+04,-2.7951533e+05
3633,3.6320000e-01,3.8161467e+05,-1.3010019e+04,-2.7423429e+05
3634,3.6330000e-01,4.1384213e+05,-1.5501926e+04,-2.6862384e+05
3635,3.6340000e-01,4.4823603e+05,-1.8558283e+04,-2.6269708e+05
3636,3.6350000e-01,4.8518314e+05,-2.1818373e+04,-2.5635520e+05
3637,3.6360000e-01,5.2468118e+05,-2.5297046e+04,-2.4954120e+05
3638,3.6370000e-01,5.6728908e+05,-2.8684843e+04,-2.4246762e+05
3639,3.6380000e-01,6.1325758e+05,-3.1679184e+04,-2.3440706e+05
3640,3.6390000e-01,6.6287111e+05,-3.3499151e+04,-2.2519908e+05
3641,3.6400000e-01,7.1670617e+05,-3.3909721e+04,-2.1462449e+05
3642,3.6410000e-01,7.7529298e+05,-3.2337495e+04,-2.0235447e+05
3643,3.6420000e-01,8.3892632e+05,-3.0195306e+04,-1.8850975e+05
3644,3.6430000e-01,9.0676503e+05,-2.8796935e+04,-1.7315096e+05
3645,3.6440000e-01,9.7855234e+05,-2.7739023e+04,-1.5705819e+05
3646,3.6450000e-01,1.0541994e+06,-2.7357995e+04,-1.4029683e+05
3647,3.6460000e-01,1.1334226e+06,-2.8733583e+04,-1.2323750e+05
3648,3.6470000e-01,1.2168157e+06,-2.9862484e+04,-1.0599611e+05
3649,3.6480000e-01,1.3036304e+06,-3.2076576e+04,-8.8236471e+04
3650,3.6490000e-01,1.3933551e+06,-3.3436359e+04,-6.9891645e+04
3651,3.6500000e-01,1.4857204e+06,-3.5486934e+04,-5.1352922e+04
3652,3.6510000e-01,1.5797374e+06,-3.7058764e+04,-3.2176387e+04
3653,3.6520000e-01,1.6754200e+06,-3.8324400e+04,-1.3271792e+04
3654,3.6530000e-01,1.7718382e+06,-3.9104483e+04,5.3667584e+03
3655,3.6540000e-01,1.8682079e+06,-4.0387364e+04,2.2889661e+04
3656,3.6550000e-01,1.9621174e+06,-4.1745667e+04,3.9786210e+04
3657,3.6560000e-01,2.0518321e+06,-4.3310143e+04,5.5394412e+04
3658,3.6570000e-01,2.1358313e+06,-4.3958528e+04,6.9467178e+04
3659,3.6580000e-01,2.2126685e+06,-4.4174614e+04,8.1570471e+04
3660,3.6590000e-01,2.2794998e+06,-4.3980094e+04,9.1784775e+04
3661,3.6600000e-01,2.3352834e+06,-4.3296889e+04,9.8953241e+04
3662,3.6610000e-01,2.3788186e+06,-4.2330561e+04,1.0305745e+05
3663,3.6620000e-01,2.4085608e+06,-4.1036265e+04,1.0401549e+05
3664,3.6630000e-01,2.4246180e+06,-3.9421058e+04,1.0134385e+05
3665,3.6640000e-01,2.4255652e+06,-3.7488348e+04,9.5906024e+04
3666,3.6650000e-01,2.4107847e+06,-3.4978811e+04,8.7604550e+04
3667,3.6660000e-01,2.3807492e+06,-3.1924905e+04,7.6577592e+04
3668,3.6670000e-01,2.3359900e+06,-2.8398705e+04,6.3067406e+04
3669,3.6680000e-01,2.2775666e+06,-2.4471435e+04,4.7399855e+04
3670,3.6690000e-01,2.2069914e+06,-2.0218520e+04,2.9968382e+04
3671,3.6700000e-01,2.1250545e+06,-1.5641898e+04,1.1513421e+04
3672,3.6710000e-01,2.0347613e+06,-1.0796467e+04,-8.1598152e+03
3673,3.6720000e-01,1.9385519e+06,-5.9265121e+03,-2.8437077e+04
3674,3.6730000e-01,1.8382418e+06,-1.0504737e+03,-4.8846644e+04
3675,3.6740000e-01,1.7354603e+06,3.8451175e+03,-6.9026966e+04
3676,3.6750000e-01,1.6318640e+06,8.7519275e+03,-8.8687813e+04
3677,3.6760000e-01,1.5286762e+06,1.3628250e+04,-1.0760833e+05
3678,3.6770000e-01,1.4270408e+06,1.8449918e+04,-1.2561778e+05
3679,3.6780000e-01,1.3285399e+06,2.3133271e+04,-1.4282424e+05
3680,3.6790000e-01,1.2334016e+06,2.7619038e+04,-1.5876257e+05
3681,3.6800000e-01,1.1419924e+06,3.2010440e+04,-1.7348403e+05
3682,3.6810000e-01,1.0547083e+06,3.6161420e+04,-1.8714570e+05
3683,3.6820000e-01,9.7158959e+05,4.0129553e+04,-1.9945807e+05
3684,3.6830000e-01,8.9334576e+05,4.3843683e+04,-2.1097371e+05
3685,3.6840000e-01,8.2020387e+05,4.7235970e+04,-2.2147445e+05
3686,3.6850000e-01,7.5217275e+05,4.9227960e+04,-2.3312221e+05
3687,3.6860000e-01,6.8896806e+05,5.1606715e+04,-2.4213101e+05
3688,3.6870000e-01,6.3012920e+05,5.4412440e+04,-2.4937173e+05
3689,3.6880000e-01,5.7536577e+05,5.7128087e+04,-2.5542693e+05
3690,3.6890000e-01,5.2520390e+05,5.7829386e+04,-2.6461563e+05
3691,3.6900000e-01,4.7909327e+05,5.9141920e+04,-2.7089660e+05
3692,3.6910000e-01,4.3573166e+05,6.1153002e+04,-2.7475042e+05
3693,3.6920000e-01,3.9569920e+05,6.5180740e+04,-2.7262106e+05
3694,3.6930000e-01,3.5950286e+05,6.6061501e+04,-2.8127496e+05
3695,3.6940000e-01,3.2573520e+05,6.8432441e+04,-2.8531873e+05
3696,3.6950000e-01,2.9292046e+05,7.1856557e+04,-2.8634454e+05
3697,3.6960000e-01,2.6294342e+05,7.5695272e+04,-2.8119630e+05
3698,3.6970000e-01,2.3543412e+05,7.8789052e+04,-2.7927953e+05
3699,3.6980000e-01,2.1207814e+05,7.9554090e+04,-2.8512744e+05
3700,3.6990000e-01,1.8939784e+05,7.9355167e+04,-2.8735439e+05
3701,3.7000000e-01,1.6470463e+05,7.9232581e+04,-2.8523490e+05
3702,3.7010000e-01,1.4110103e+05,7.9501919e+04,-2.7859141e+05
3703,3.7020000e-01,1.1697513e+05,8.0097758e+04,-2.7564762e+05
3704,3.7030000e-01,9.1455985e+04,8.0251114e+04,-2.7478669e+05
3705,3.7040000e-01,6.5006033e+04,7.9790288e+04,-2.7485731e+05
3706,3.7050000e-01,3.6850563e+04,7.9381058e+04,-2.7292580e+05
3707,3.7060000e-01,7.8741949e+03,7.7849421e+04,-2.7199275e+05
3708,3.7070000e-01,-2.1654783e+04,7.4891964e+04,-2.7303012e+05
3709,3.7080000e-01,-5.0934672e+04,7.0653263e+04,-2.7132074e+05
3710,3.7090000e-01,-7.9536545e+04,6.5213419e+04,-2.6888242e+05
3711,3.7100000e-01,-1.0769420e+05,5.9642881e+04,-2.6511079e+05
3712,3.7110000e-01,-1.3545077e+05,5.4496705e+04,-2.5840739e+05
3713,3.7120000e-01,-1.6242364e+05,5.1522379e+04,-2.4853723e+05
3714,3.7130000e-01,-1.8800217e+05,5.1594391e+04,-2.3484595e+05
3715,3.7140000e-01,-2.1240262e+05,5.3454126e+04,-2.2276868e+05
3716,3.7150000e-01,-2.3793410e+05,5.3195577e+04,-2.1807221e+05
3717,3.7160000e-01,-2.6751266e+05,4.9545344e+04,-2.1719681e+05
3718,3.7170000e-01,-3.0243596e+05,4.3661124e+04,-2.1365384e+05
3719,3.7180000e-01,-3.4298963e+05,3.7411994e+04,-2.0252536e+05
3720,3.7190000e-01,-3.8606849e+05,3.1027629e+04,-1.8587078e+05
3721,3.7200000e-01,-4.2947900e+05,2.6176904e+04,-1.6734391e+05
3722,3.7210000e-01,-4.7339311e+05,2.1497333e+04,-1.4891933e+05
3723,3.7220000e-01,-5.1855432e+05,1.6326182e+04,-1.2966185e+05
3724,3.7230000e-01,-5.6614129e+05,1.1438267e+04,-1.0898498e+05
3725,3.7240000e-01,-6.1690085e+05,6.7694706e+03,-8.6139483e+04
3726,3.7250000e-01,-6.7179854e+05,1.7305575e+03,-6.0887514e+04
3727,3.7260000e-01,-7.3187289e+05,-3.4178634e+03,-3.2805900e+04
3728,3.7270000e-01,-7.9756683e+05,-8.9633056e+03,-1.6857549e+03
3729,3.7280000e-01,-8.6921560e+05,-1.4264024e+04,3.2773529e+04
3730,3.7290000e-01,-9.4760091e+05,-1.9569293e+04,7.0902514e+04
3731,3.7300000e-01,-1.0329081e+06,-2.5000923e+04,1.1269100e+05
3732,3.7310000e-01,-1.1255532e+06,-3.0242966e+04,1.5846863e+05
3733,3.7320000e-01,-1.2127274e+06,-1.0567546e+04,2.3216231e+05
3734,3.7330000e-01,-1.3046402e+06,-1.3117102e+04,3.0241215e+05
3735,3.7340000e-01,-1.4084337e+06,-2.6751125e+04,3.6413695e+05
3736,3.7350000e-01,-1.5250022e+06,-4.2346773e+04,4.2045067e+05
3737,3.7360000e-01,-1.6536831e+06,-5.6437711e+04,4.7568761e+05
3738,3.7370000e-01,-1.7914606e+06,-6.6824628e+04,5.3255373e+05
3739,3.7380000e-01,-1.9348859e+06,-7.5991869e+04,5.9111020e+05
3740,3.7390000e-01,-2.0817395e+06,-8.2682498e+04,6.5153447e+05
3741,3.7400000e-01,-2.2304746e+06,-9.0017311e+04,7.1259037e+05
3742,3.7410000e-01,-2.3759891e+06,-9.5327407e+04,7.7254749e+05
3743,3.7420000e-01,-2.5147652e+06,-9.9534849e+04,8.2980937e+05
3744,3.7430000e-01,-2.6411953e+06,-1.0276321e+05,8.8162052e+05
3745,3.7440000e-01,-2.7499768e+06,-1.0410684e+05,9.2579678e+05
3746,3.7450000e-01,-2.8376020e+06,-1.0542889e+05,9.6012473e+05
3747,3.7460000e-01,-2.8999536e+06,-1.0563305e+05,9.8327492e+05
3748,3.7470000e-01,-2.9333258e+06,-1.0481902e+05,9.9341405e+05
3749,3.7480000e-01,-2.9367805e+06,-1.0259517e+05,9.9060043e+05
3750,3.7490000e-01,-2.9100646e+06,-1.0029919e+05,9.7469675e+05
3751,3.7500000e-01,-2.8545785e+06,-9.6444963e+04,9.4672456e+05
3752,3.7510000e-01,-2.7727576e+06,-9.1397575e+04,9.0780348e+05
3753,3.7520000e-01,-2.6676630e+06,-8.4992074e+04,8.5949885e+05
3754,3.7530000e-01,-2.5437244e+06,-7.8167894e+04,8.0374948e+05
3755,3.7540000e-01,-2.4062341e+06,-7.1147516e+04,7.4272721e+05
3756,3.7550000e-01,-2.2590106e+06,-6.3208076e+04,6.7813092e+05
3757,3.7560000e-01,-2.1056286e+06,-5.4134781e+04,6.1159930e+05
3758,3.7570000e-01,-1.9496908e+06,-4.5145994e+04,5.4450206e+05
3759,3.7580000e-01,-1.7956650e+06,-3.6310446e+04,4.7862174e+05
3760,3.7590000e-01,-1.6457162e+06,-2.7310782e+04,4.1492810e+05
3761,3.7600000e-01,-1.5020193e+06,-1.8944312e+04,3.5378804e+05
3762,3.7610000e-01,-1.3667689e+06,-1.1144720e+04,2.9605974e+05
3763,3.7620000e-01,-1.2403071e+06,-3.8551392e+03,2.4190618e+05
3764,3.7630000e-01,-1.1227936e+06,2.8742209e+03,1.9134695e+05
3765,3.7640000e-01,-1.0146709e+06,9.1039383e+03,1.4458753e+05
3766,3.7650000e-01,-9.1531283e+05,1.4564178e+04,1.0138455e+05
3767,3.7660000e-01,-8.2424006e+05,1.9351002e+04,6.1631765e+04
3768,3.7670000e-01,-7.4102762e+05,2.3553346e+04,2.5327687e+04
3769,3.7680000e-01,-6.6533055e+05,2.7172909e+04,-7.8130185e+03
3770,3.7690000e-01,-5.9640911e+05,3.0231899e+04,-3.7737908e+04
3771,3.7700000e-01,-5.3414701e+05,3.2887564e+04,-6.4575670e+04
3772,3.7710000e-01,-4.7739538e+05,3.5213926e+04,-8.8406458e+04
3773,3.7720000e-01,-4.2621594e+05,3.7177651e+04,-1.0905829e+05
3774,3.7730000e-01,-3.8214352e+05,3.9203111e+04,-1.2572826e+05
3775,3.7740000e-01,-3.4523229e+05,4.1428950e+04,-1.3955945e+05
3776,3.7750000e-01,-3.1363756e+05,4.3675573e+04,-1.5179088e+05
3777,3.7760000e-01,-2.8530231e+05,4.5396643e+04,-1.6322493e+05
3778,3.7770000e-01,-2.5804865e+05,4.6468832e+04,-1.7466784e+05
3779,3.7780000e-01,-2.3144303e+05,4.6813939e+04,-1.8577021e+05
3780,3.7790000e-01,-2.0593159e+05,4.6607527e+04,-1.9643707e+05
3781,3.7800000e-01,-1.8119813e+05,4.5932546e+04,-2.0695145e+05
3782,3.7810000e-01,-1.5711057e+05,4.4770310e+04,-2.1754744e+05
3783,3.7820000e-01,-1.3351737e+05,4.2998862e+04,-2.2830133e+05
3784,3.7830000e-01,-1.1042281e+05,4.0290887e+04,-2.4079362e+05
3785,3.7840000e-01,-8.6778086e+04,3.6250340e+04,-2.5686276e+05
3786,3.7850000e-01,-5.9288732e+04,3.0549873e+04,-2.7728719e+05
3787,3.7860000e-01,-2.3966651e+04,2.3169250e+04,-2.9678357e+05
3788,3.7870000e-01,1.6101731e+04,1.4405935e+04,-3.0823534e+05
3789,3.7880000e-01,5.2391273e+04,6.3463312e+03,-3.1380182e+05
3790,3.7890000e-01,8.2204163e+04,7.7038333e+02,-3.1332025e+05
3791,3.7900000e-01,1.0684214e+05,-1.4369648e+03,-3.1111741e+05
3792,3.7910000e-01,1.2866262e+05,-2.4180132e+03,-3.0971621e+05
3793,3.7920000e-01,1.4934376e+05,-2.8233213e+03,-3.0805556e+05
3794,3.7930000e-01,1.7026614e+05,-2.5093248e+03,-3.0622342e+05
3795,3.7940000e-01,1.9200717e+05,-1.8407362e+03,-3.0388768e+05
3796,3.7950000e-01,2.1450208e+05,-1.7636544e+03,-3.0108353e+05
3797,3.7960000e-01,2.3786228e+05,-2.4824842e+03,-2.9816192e+05
3798,3.7970000e-01,2.6206566e+05,-3.5411454e+03,-2.9461891e+05
3799,3.7980000e-01,2.8712606e+05,-5.2376803e+03,-2.9067628e+05
3800,3.7990000e-01,3.1337586e+05,-7.0137523e+03,-2.8631714e+05
3801,3.8000000e-01,3.4094758e+05,-9.0597882e+03,-2.8133593e+05
3802,3.8010000e-01,3.7019341e+05,-1.1340351e+04,-2.7618544e+05
3803,3.8020000e-01,4.0148891e+05,-1.3722889e+04,-2.7071528e+05
3804,3.8030000e-01,4.3500481e+05,-1.6605946e+04,-2.6493126e+05
3805,3.8040000e-01,4.7097316e+05,-1.9733407e+04,-2.5874324e+05
3806,3.8050000e-01,5.0940976e+05,-2.3111909e+04,-2.5210518e+05
3807,3.8060000e-01,5.5058354e+05,-2.6511346e+04,-2.4493755e+05
3808,3.8070000e-01,5.9535096e+05,-2.9511522e+04,-2.3738180e+05
3809,3.8080000e-01,6.4367646e+05,-3.1678383e+04,-2.2863130e+05
3810,3.8090000e-01,6.9601775e+05,-3.2200158e+04,-2.1846725e+05
3811,3.8100000e-01,7.5301827e+05,-3.1439687e+04,-2.0677728e+05
3812,3.8110000e-01,8.1493136e+05,-2.9297157e+04,-1.9341564e+05
3813,3.8120000e-01,8.8112451e+05,-2.7484647e+04,-1.7839603e+05
3814,3.8130000e-01,9.5135322e+05,-2.6353984e+04,-1.6264233e+05
3815,3.8140000e-01,1.0254514e+06,-2.6283299e+04,-1.4628469e+05
3816,3.8150000e-01,1.1032768e+06,-2.7544879e+04,-1.2953651e+05
3817,3.8160000e-01,1.1851826e+06,-2.8526604e+04,-1.1253469e+05
3818,3.8170000e-01,1.2705351e+06,-3.0641602e+04,-9.4963908e+04
3819,3.8180000e-01,1.3589568e+06,-3.1961838e+04,-7.6770977e+04
3820,3.8190000e-01,1.4503074e+06,-3.3595301e+04,-5.8235300e+04
3821,3.8200000e-01,1.5435547e+06,-3.5647062e+04,-3.9171141e+04
3822,3.8210000e-01,1.6387838e+06,-3.7008499e+04,-2.0264686e+04
3823,3.8220000e-01,1.7352806e+06,-3.7823043e+04,-1.4891099e+03
3824,3.8230000e-01,1.8314499e+06,-3.9098281e+04,1.6725316e+04
3825,3.8240000e-01,1.9263606e+06,-4.0386419e+04,3.3669475e+04
3826,3.8250000e-01,2.0179948e+06,-4.2132313e+04,4.9678060e+04
3827,3.8260000e-01,2.1045533e+06,-4.2991901e+04,6.4388787e+04
3828,3.8270000e-01,2.1843365e+06,-4.3388966e+04,7.7296422e+04
3829,3.8280000e-01,2.2549910e+06,-4.3369619e+04,8.8450985e+04
3830,3.8290000e-01,2.3153194e+06,-4.2867804e+04,9.6697938e+04
3831,3.8300000e-01,2.3639191e+06,-4.2081955e+04,1.0195372e+05
3832,3.8310000e-01,2.3991099e+06,-4.0972986e+04,1.0411200e+05
3833,3.8320000e-01,2.4200293e+06,-3.9484521e+04,1.0308190e+05
3834,3.8330000e-01,2.4268605e+06,-3.7640079e+04,9.8477699e+04
3835,3.8340000e-01,2.4183371e+06,-3.5444374e+04,9.1169365e+04
3836,3.8350000e-01,2.3943312e+06,-3.2678730e+04,8.1134747e+04
3837,3.8360000e-01,2.3551605e+06,-2.9374731e+04,6.8531064e+04
3838,3.8370000e-01,2.3017683e+06,-2.5619567e+04,5.3639988e+04
3839,3.8380000e-01,2.2355828e+06,-2.1504985e+04,3.6830606e+04
3840,3.8390000e-01,2.1574975e+06,-1.7047620e+04,1.8844499e+04
3841,3.8400000e-01,2.0701078e+06,-1.2290373e+04,-5.1787029e+02
3842,3.8410000e-01,1.9759689e+06,-7.4820921e+03,-2.0661746e+04
3843,3.8420000e-01,1.8770338e+06,-2.6587697e+03,-4.1080930e+04
3844,3.8430000e-01,1.7750046e+06,2.1950990e+03,-6.1390620e+04
3845,3.8440000e-01,1.6714596e+06,7.0793024e+03,-8.1281785e+04
3846,3.8450000e-01,1.5679577e+06,1.1947780e+04,-1.0050849e+05
3847,3.8460000e-01,1.4656250e+06,1.6766581e+04,-1.1888286e+05
3848,3.8470000e-01,1.3660646e+06,2.1475631e+04,-1.3649978e+05
3849,3.8480000e-01,1.2695444e+06,2.5990440e+04,-1.5286051e+05
3850,3.8490000e-01,1.1765156e+06,3.0432717e+04,-1.6802422e+05
3851,3.8500000e-01,1.0874607e+06,3.4644639e+04,-1.8213300e+05
3852,3.8510000e-01,1.0024761e+06,3.8704645e+04,-1.9479948e+05
3853,3.8520000e-01,9.2234207e+05,4.2508722e+04,-2.0672026e+05
3854,3.8530000e-01,8.4733680e+05,4.5953246e+04,-2.1765872e+05
3855,3.8540000e-01,7.7717373e+05,4.8009513e+04,-2.2956326e+05
3856,3.8550000e-01,7.1224604e+05,5.0458981e+04,-2.3911180e+05
3857,3.8560000e-01,6.5192526e+05,5.3149867e+04,-2.4679180e+05
3858,3.8570000e-01,5.9572852e+05,5.6036608e+04,-2.5317082e+05
3859,3.8580000e-01,5.4422164e+05,5.6788946e+04,-2.6261676e+05
3860,3.8590000e-01,4.9657581e+05,5.8199021e+04,-2.6888249e+05
3861,3.8600000e-01,4.5198292e+05,6.0363044e+04,-2.7282541e+05
3862,3.8610000e-01,4.1003317e+05,6.2956220e+04,-2.7537820e+05
3863,3.8620000e-01,3.7273577e+05,6.4153017e+04,-2.8144469e+05
3864,3.8630000e-01,3.3850441e+05,6.6469507e+04,-2.8428314e+05
3865,3.8640000e-01,3.0533611e+05,7.0152119e+04,-2.8499562e+05
3866,3.8650000e-01,2.7296791e+05,7.3971204e+04,-2.8479997e+05
3867,3.8660000e-01,2.4366266e+05,7.7568801e+04,-2.7968825e+05
3868,3.8670000e-01,2.2054738e+05,7.8292545e+04,-2.8433857e+05
3869,3.8680000e-01,1.9875579e+05,7.8526817e+04,-2.8604319e+05
3870,3.8690000e-01,1.7481099e+05,7.8683480e+04,-2.8398601e+05
3871,3.8700000e-01,1.5178221e+05,7.9251129e+04,-2.7728625e+05
3872,3.8710000e-01,1.2794530e+05,8.0209507e+04,-2.7450228e+05
3873,3.8720000e-01,1.0242723e+05,8.0717472e+04,-2.7396522e+05
3874,3.8730000e-01,7.5819869e+04,8.0624214e+04,-2.7433694e+05
3875,3.8740000e-01,4.7363665e+04,8.0528261e+04,-2.7277295e+05
3876,3.8750000e-01,1.8285914e+04,7.9509928e+04,-2.7186549e+05
3877,3.8760000e-01,-1.1285567e+04,7.7145015e+04,-2.7316340e+05
3878,3.8770000e-01,-4.0737484e+04,7.3344126e+04,-2.7150419e+05
3879,3.8780000e-01,-6.9466476e+04,6.8000496e+04,-2.6973090e+05
3880,3.8790000e-01,-9.7493919e+04,6.1969936e+04,-2.6596649e+05
3881,3.8800000e-01,-1.2552911e+05,5.6082383e+04,-2.6010033e+05
3882,3.8810000e-01,-1.5307132e+05,5.1078404e+04,-2.5511145e+05
3883,3.8820000e-01,-1.7936784e+05,4.8386156e+04,-2.4665969e+05
3884,3.8830000e-01,-2.0307481e+05,5.1189561e+04,-2.2825405e+05
3885,3.8840000e-01,-2.2805459e+05,5.2700519e+04,-2.1959225e+05
3886,3.8850000e-01,-2.5532473e+05,5.0847229e+04,-2.1638526e+05
3887,3.8860000e-01,-2.8746138e+05,4.5993190e+04,-2.1447281e+05
3888,3.8870000e-01,-3.2609446e+05,4.0141907e+04,-2.0675378e+05
3889,3.8880000e-01,-3.6882341e+05,3.3856629e+04,-1.9141376e+05
3890,3.8890000e-01,-4.1256548e+05,2.8217850e+04,-1.7354688e+05
3891,3.8900000e-01,-4.5644018e+05,2.3684938e+04,-1.5562070e+05
3892,3.8910000e-01,-5.0098290e+05,1.8735781e+04,-1.3689753e+05
3893,3.8920000e-01,-5.4745963e+05,1.3413526e+04,-1.1697459e+05
3894,3.8930000e-01,-5.9718754e+05,8.4032688e+03,-9.5116581e+04
3895,3.8940000e-01,-6.5055188e+05,3.6576709e+03,-7.0806764e+04
3896,3.8950000e-01,-7.0863127e+05,-1.4270226e+03,-4.3834361e+04
3897,3.8960000e-01,-7.7190621e+05,-6.6722112e+03,-1.3915816e+04
3898,3.8970000e-01,-8.4117808e+05,-1.2261207e+04,1.9203417e+04
3899,3.8980000e-01,-9.1705392e+05,-1.7571273e+04,5.5935841e+04
3900,3.8990000e-01,-9.9953202e+05,-2.2937650e+04,9.6231851e+04
3901,3.9000000e-01,-1.0892945e+06,-2.8120923e+04,1.4049599e+05
3902,3.9010000e-01,-1.1735133e+06,-9.5657645e+03,2.1264230e+05
3903,3.9020000e-01,-1.2626890e+06,-1.2865825e+04,2.8166105e+05
3904,3.9030000e-01,-1.3633171e+06,-2.6928424e+04,3.4191233e+05
3905,3.9040000e-01,-1.4772464e+06,-4.3526773e+04,3.9687080e+05
3906,3.9050000e-01,-1.6034918e+06,-5.7098260e+04,4.5100666e+05
3907,3.9060000e-01,-1.7392337e+06,-6.7319908e+04,5.0690555e+05
3908,3.9070000e-01,-1.8821347e+06,-7.6426537e+04,5.6523896e+05
3909,3.9080000e-01,-2.0295045e+06,-8.2917931e+04,6.2589935e+05
3910,3.9090000e-01,-2.1781452e+06,-8.9712224e+04,6.8735014e+05
3911,3.9100000e-01,-2.3246273e+06,-9.4990173e+04,7.4823789e+05
3912,3.9110000e-01,-2.4658348e+06,-9.9191071e+04,8.0704325e+05
3913,3.9120000e-01,-2.5963443e+06,-1.0240280e+05,8.6113817e+05
3914,3.9130000e-01,-2.7116647e+06,-1.0424940e+05,9.0854268e+05
3915,3.9140000e-01,-2.8075048e+06,-1.0550805e+05,9.4696019e+05
3916,3.9150000e-01,-2.8796306e+06,-1.0562295e+05,9.7475397e+05
3917,3.9160000e-01,-2.9238740e+06,-1.0495296e+05,9.8996215e+05
3918,3.9170000e-01,-2.9384060e+06,-1.0282816e+05,9.9232448e+05
3919,3.9180000e-01,-2.9234979e+06,-1.0071383e+05,9.8157791e+05
3920,3.9190000e-01,-2.8794046e+06,-9.7126179e+04,9.5847162e+05
3921,3.9200000e-01,-2.8076777e+06,-9.2295406e+04,9.2379737e+05
3922,3.9210000e-01,-2.7114548e+06,-8.6111604e+04,8.7915432e+05
3923,3.9220000e-01,-2.5945566e+06,-7.9470308e+04,8.2623027e+05
3924,3.9230000e-01,-2.4610976e+06,-7.2057687e+04,7.6687188e+05
3925,3.9240000e-01,-2.3165195e+06,-6.3976853e+04,7.0375605e+05
3926,3.9250000e-01,-2.1650950e+06,-5.5665139e+04,6.3793190e+05
3927,3.9260000e-01,-2.0101888e+06,-4.6587826e+04,5.7106070e+05
3928,3.9270000e-01,-1.8558364e+06,-3.7742259e+04,5.0478785e+05
3929,3.9280000e-01,-1.7043047e+06,-2.8973143e+04,4.3999447e+05
3930,3.9290000e-01,-1.5576965e+06,-2.0452398e+04,3.7748955e+05
3931,3.9300000e-01,-1.4186053e+06,-1.2401031e+04,3.1820942e+05
3932,3.9310000e-01,-1.2878963e+06,-4.8401146e+03,2.6244586e+05
3933,3.9320000e-01,-1.1660957e+06,2.1622583e+03,2.1032978e+05
3934,3.9330000e-01,-1.0538052e+06,8.6376697e+03,1.6206095e+05
3935,3.9340000e-01,-9.5067501e+05,1.4330985e+04,1.1749751e+05
3936,3.9350000e-01,-8.5640531e+05,1.9371419e+04,7.6437125e+04
3937,3.9360000e-01,-7.7063358e+05,2.3710761e+04,3.8963024e+04
3938,3.9370000e-01,-6.9256029e+05,2.7453183e+04,4.7681338e+03
3939,3.9380000e-01,-6.2143301e+05,3.0633848e+04,-2.6297013e+04
3940,3.9390000e-01,-5.5697446e+05,3.3347194e+04,-5.4289565e+04
3941,3.9400000e-01,-4.9817765e+05,3.5715147e+04,-7.9324413e+04
3942,3.9410000e-01,-4.4433723e+05,3.7693215e+04,-1.0136642e+05
3943,3.9420000e-01,-3.9723728e+05,3.9637333e+04,-1.1948984e+05
3944,3.9430000e-01,-3.5769577e+05,4.1655092e+04,-1.3418353e+05
3945,3.9440000e-01,-3.2410275e+05,4.3874033e+04,-1.4686281e+05
3946,3.9450000e-01,-2.9422271e+05,4.5741786e+04,-1.5854926e+05
3947,3.9460000e-01,-2.6687582e+05,4.7100194e+04,-1.6964038e+05
3948,3.9470000e-01,-2.4052964e+05,4.7677946e+04,-1.8081042e+05
3949,3.9480000e-01,-2.1492720e+05,4.7611308e+04,-1.9168436e+05
3950,3.9490000e-01,-1.9028625e+05,4.7036900e+04,-2.0222925e+05
3951,3.9500000e-01,-1.6603438e+05,4.6022339e+04,-2.1262191e+05
3952,3.9510000e-01,-1.4251483e+05,4.4481823e+04,-2.2355432e+05
3953,3.9520000e-01,-1.1976057e+05,4.2009029e+04,-2.3503546e+05
3954,3.9530000e-01,-9.6920248e+04,3.8496957e+04,-2.4952475e+05
3955,3.9540000e-01,-7.1378939e+04,3.3280882e+04,-2.6941109e+05
3956,3.9550000e-01,-3.8648031e+04,2.6290474e+04,-2.9068136e+05
3957,3.9560000e-01,8.4627373e+02,1.7685641e+04,-3.0480414e+05
3958,3.9570000e-01,3.9676487e+04,9.0113916e+03,-3.1121872e+05
3959,3.9580000e-01,7.2507431e+04,3.1625153e+03,-3.1231001e+05
3960,3.9590000e-01,9.8739072e+04,-1.3432232e+02,-3.1150773e+05
3961,3.9600000e-01,1.2110309e+05,-2.3267382e+03,-3.1083809e+05
3962,3.9610000e-01,1.4233241e+05,-2.9508366e+03,-3.0973338e+05
3963,3.9620000e-01,1.6351270e+05,-2.5115116e+03,-3.0778944e+05
3964,3.9630000e-01,1.8493618e+05,-2.2048539e+03,-3.0549238e+05
3965,3.9640000e-01,2.0678416e+05,-2.0977437e+03,-3.0273075e+05
3966,3.9650000e-01,2.2924526e+05,-2.6265177e+03,-2.9957946e+05
3967,3.9660000e-01,2.5274439e+05,-3.5071207e+03,-2.9627622e+05
3968,3.9670000e-01,2.7727607e+05,-5.0660541e+03,-2.9247033e+05
3969,3.9680000e-01,3.0285096e+05,-7.0110926e+03,-2.8827783e+05
3970,3.9690000e-01,3.2998079e+05,-8.9329568e+03,-2.8368369e+05
3971,3.9700000e-01,3.5876414e+05,-1.1169536e+04,-2.7874175e+05
3972,3.9710000e-01,3.8925404e+05,-1.3449957e+04,-2.7310611e+05
3973,3.9720000e-01,4.2186965e+05,-1.6054965e+04,-2.6729884e+05
3974,3.9730000e-01,4.5678388e+05,-1.9141862e+04,-2.6122818e+05
3975,3.9740000e-01,4.9416165e+05,-2.2477870e+04,-2.5477405e+05
3976,3.9750000e-01,5.3432102e+05,-2.5908345e+04,-2.4782920e+05
3977,3.9760000e-01,5.7755320e+05,-2.9213585e+04,-2.4027145e+05
3978,3.9770000e-01,6.2445165e+05,-3.1695849e+04,-2.3217511e+05
3979,3.9780000e-01,6.7526449e+05,-3.3154280e+04,-2.2271992e+05
3980,3.9790000e-01,7.3037023e+05,-3.2829052e+04,-2.1168949e+05
3981,3.9800000e-01,7.9040823e+05,-3.1415500e+04,-1.9906396e+05
3982,3.9810000e-01,8.5523393e+05,-2.9340064e+04,-1.8489406e+05
3983,3.9820000e-01,9.2396568e+05,-2.7747454e+04,-1.6920167e+05
3984,3.9830000e-01,9.9660385e+05,-2.7069652e+04,-1.5292462e+05
3985,3.9840000e-01,1.0730303e+06,-2.7465175e+04,-1.3616421e+05
3986,3.9850000e-01,1.1532623e+06,-2.8253806e+04,-1.1887194e+05
3987,3.9860000e-01,1.2374422e+06,-3.0267410e+04,-1.0168188e+05
3988,3.9870000e-01,1.3248385e+06,-3.2127379e+04,-8.3831361e+04
3989,3.9880000e-01,1.4152667e+06,-3.3426619e+04,-6.5399631e+04
3990,3.9890000e-01,1.5077626e+06,-3.5486758e+04,-4.6396855e+04
3991,3.9900000e-01,1.6024825e+06,-3.6921312e+04,-2.7490819e+04
3992,3.9910000e-01,1.6986555e+06,-3.8253527e+04,-8.7376756e+03
3993,3.9920000e-01,1.7951141e+06,-3.9081013e+04,9.7477992e+03
3994,3.9930000e-01,1.8911285e+06,-4.0371485e+04,2.7076816e+04
3995,3.9940000e-01,1.9842969e+06,-4.1699068e+04,4.3710946e+04
3996,3.9950000e-01,2.0728617e+06,-4.3212871e+04,5.8968917e+04
3997,3.9960000e-01,2.1552784e+06,-4.3793292e+04,7.2597110e+04
3998,3.9970000e-01,2.2292910e+06,-4.3869672e+04,8.4617902e+04
3999,3.9980000e-01,2.2936774e+06,-4.3462073e+04,9.3865399e+04
4000,3.9990000e-01,2.3469589e+06,-4.2793233e+04,1.0021763e+05
4001,4.0000000e-01,2.3875844e+06,-4.1824605e+04,1.0356003e+05
4002,4.0010000e-01,2.4140390e+06,-4.0471849e+04,1.0376309e+05
4003,4.0020000e-01,2.4265497e+06,-3.8761477e+04,1.0034348e+05
4004,4.0030000e-01,2.4238160e+06,-3.6717148e+04,9.4179210e+04
4005,4.0040000e-01,2.4055641e+06,-3.4102694e+04,8.5211025e+04
4006,4.0050000e-01,2.3719246e+06,-3.0940035e+04,7.3568724e+04
4007,4.0060000e-01,2.3236648e+06,-2.7309960e+04,5.9508624e+04
4008,4.0070000e-01,2.2620741e+06,-2.3299890e+04,4.3380533e+04
4009,4.0080000e-01,2.1879334e+06,-1.8924546e+04,2.5924507e+04
4010,4.0090000e-01,2.1037748e+06,-1.4224420e+04,6.9290800e+03
4011,4.0100000e-01,2.0121329e+06,-9.4526649e+03,-1.3014411e+04
4012,4.0110000e-01,1.9149737e+06,-4.6474413e+03,-3.3381846e+04
4013,4.0120000e-01,1.8140317e+06,2.0540101e+02,-5.3767407e+04
4014,4.0130000e-01,1.7109349e+06,5.1011188e+03,-7.3842227e+04
4015,4.0140000e-01,1.6073247e+06,1.0003819e+04,-9.3338496e+04
4016,4.0150000e-01,1.5044024e+06,1.4866322e+04,-1.1205036e+05
4017,4.0160000e-01,1.4038655e+06,1.9633780e+04,-1.3005675e+05
4018,4.0170000e-01,1.3060536e+06,2.4224009e+04,-1.4681972e+05
4019,4.0180000e-01,1.2114883e+06,2.8739816e+04,-1.6241533e+05
4020,4.0190000e-01,1.1207738e+06,3.3125388e+04,-1.7683691e+05
4021,4.0200000e-01,1.0339693e+06,3.7261202e+04,-1.8997117e+05
4022,4.0210000e-01,9.5195355e+05,4.1182126e+04,-2.0228397e+05
4023,4.0220000e-01,8.7508050e+05,4.4739455e+04,-2.1364289e+05
4024,4.0230000e-01,8.0326790e+05,4.8020379e+04,-2.2390499e+05
4025,4.0240000e-01,7.3645999e+05,4.9908988e+04,-2.3533788e+05
4026,4.0250000e-01,6.7438426e+05,5.2234521e+04,-2.4411177e+05
4027,4.0260000e-01,6.1659234e+05,5.4992349e+04,-2.5111140e+05
4028,4.0270000e-01,5.6304371e+05,5.8484857e+04,-2.5513736e+05
4029,4.0280000e-01,5.1407666e+05,5.8682955e+04,-2.6589776e+05
4030,4.0290000e-01,4.6865024e+05,5.9699564e+04,-2.7215585e+05
4031,4.0300000e-01,4.2576398e+05,6.1542086e+04,-2.7606821e+05
4032,4.0310000e-01,3.8618145e+05,6.5460247e+04,-2.7400075e+05
4033,4.0320000e-01,3.5045896e+05,6.6625150e+04,-2.8240367e+05
4034,4.0330000e-01,3.1720049e+05,6.9072336e+04,-2.8620485e+05
4035,4.0340000e-01,2.8491417e+05,7.2385745e+04,-2.8703336e+05
4036,4.0350000e-01,2.5541088e+05,7.6019185e+04,-2.8169950e+05
4037,4.0360000e-01,2.2834305e+05,7.8848320e+04,-2.7961949e+05
4038,4.0370000e-01,2.0534276e+05,7.9353717e+04,-2.8519553e+05
4039,4.0380000e-01,1.8294628e+05,7.8973819e+04,-2.8727536e+05
4040,4.0390000e-01,1.5859192e+05,7.8709108e+04,-2.8516107e+05
4041,4.0400000e-01,1.3511029e+05,7.9052683e+04,-2.7854688e+05
4042,4.0410000e-01,1.1100837e+05,7.9362049e+04,-2.7560013e+05
4043,4.0420000e-01,8.5492443e+04,7.9382718e+04,-2.7467435e+05
4044,4.0430000e-01,5.7519243e+04,7.9679070e+04,-2.7232807e+05
4045,4.0440000e-01,2.8808845e+04,7.9119960e+04,-2.7168658e+05
4046,4.0450000e-01,7.2446996e+02,7.7053072e+04,-2.7175973e+05
4047,4.0460000e-01,-2.8468575e+04,7.3772562e+04,-2.7174553e+05
4048,4.0470000e-01,-5.7489781e+04,6.9093375e+04,-2.7093746e+05
4049,4.0480000e-01,-8.5841947e+04,6.3678918e+04,-2.6759864e+05
4050,4.0490000e-01,-1.1388614e+05,5.7840433e+04,-2.6445246e+05
4051,4.0500000e-01,-1.4124553e+05,5.3192802e+04,-2.5731587e+05
4052,4.0510000e-01,-1.6803023e+05,5.0466793e+04,-2.4782553e+05
4053,4.0520000e-01,-1.9360837e+05,5.0415424e+04,-2.3492940e+05
4054,4.0530000e-01,-2.1783861e+05,5.2349917e+04,-2.2177506e+05
4055,4.0540000e-01,-2.4449445e+05,5.2282929e+04,-2.1776420e+05
4056,4.0550000e-01,-2.7565525e+05,4.8259088e+04,-2.1569929e+05
4057,4.0560000e-01,-3.1185111e+05,4.2259025e+04,-2.0998994e+05
4058,4.0570000e-01,-3.5236393e+05,3.6165556e+04,-1.9751203e+05
4059,4.0580000e-01,-3.9481144e+05,3.0046940e+04,-1.8085413e+05
4060,4.0590000e-01,-4.3796499e+05,2.5280767e+04,-1.6331724e+05
4061,4.0600000e-01,-4.8219366e+05,2.0395085e+04,-1.4510135e+05
4062,4.0610000e-01,-5.2818586e+05,1.5073790e+04,-1.2555860e+05
4063,4.0620000e-01,-5.7693553e+05,1.0113762e+04,-1.0429014e+05
4064,4.0630000e-01,-6.2904226e+05,5.4261754e+03,-8.0712614e+04
4065,4.0640000e-01,-6.8540077e+05,3.9338023e+02,-5.4654746e+04
4066,4.0650000e-01,-7.4710631e+05,-4.7396441e+03,-2.5681380e+04
4067,4.0660000e-01,-8.1441068e+05,-1.0260710e+04,6.3468521e+03
4068,4.0670000e-01,-8.8795248e+05,-1.5508886e+04,4.1838840e+04
4069,4.0680000e-01,-9.6809206e+05,-2.0791667e+04,8.0915016e+04
4070,4.0690000e-01,-1.0551332e+06,-2.6210093e+04,1.2364968e+05
4071,4.0700000e-01,-1.1360918e+06,-8.4394520e+03,1.9419439e+05
4072,4.0710000e-01,-1.2218828e+06,-1.2472781e+04,2.6172659e+05
4073,4.0720000e-01,-1.3191656e+06,-2.6980303e+04,3.2050582e+05
4074,4.0730000e-01,-1.4301218e+06,-4.3792240e+04,3.7407655e+05
4075,4.0740000e-01,-1.5541439e+06,-5.7702583e+04,4.2718526e+05
4076,4.0750000e-01,-1.6882460e+06,-6.7845792e+04,4.8213161e+05
4077,4.0760000e-01,-1.8298062e+06,-7.6814912e+04,5.3973361e+05
4078,4.0770000e-01,-1.9767348e+06,-8.3236863e+04,6.0021334e+05
4079,4.0780000e-01,-2.1256667e+06,-8.9429299e+04,6.6205574e+05
4080,4.0790000e-01,-2.2731510e+06,-9.4612030e+04,7.2375375e+05
4081,4.0800000e-01,-2.4160379e+06,-9.9221183e+04,7.8353284e+05
4082,4.0810000e-01,-2.5506787e+06,-1.0239911e+05,8.3992152e+05
4083,4.0820000e-01,-2.6724738e+06,-1.0389090e+05,8.9060355e+05
4084,4.0830000e-01,-2.7761232e+06,-1.0465075e+05,9.3314157e+05
4085,4.0840000e-01,-2.8566796e+06,-1.0534025e+05,9.6510826e+05
4086,4.0850000e-01,-2.9110352e+06,-1.0478604e+05,9.8536119e+05
4087,4.0860000e-01,-2.9367302e+06,-1.0281506e+05,9.9267200e+05
4088,4.0870000e-01,-2.9325326e+06,-1.0082696e+05,9.8675934e+05
4089,4.0880000e-01,-2.8994326e+06,-9.7439655e+04,9.6832187e+05
4090,4.0890000e-01,-2.8382831e+06,-9.2916781e+04,9.3812275e+05
4091,4.0900000e-01,-2.7511724e+06,-8.6965160e+04,8.9728762e+05
4092,4.0910000e-01,-2.6416781e+06,-8.0510291e+04,8.4735894e+05
4093,4.0920000e-01,-2.5141705e+06,-7.3308319e+04,7.9037920e+05
4094,4.0930000e-01,-2.3738753e+06,-6.5368008e+04,7.2891524e+05
4095,4.0940000e-01,-2.2247632e+06,-5.7102957e+04,6.6393633e+05
4096,4.0950000e-01,-2.0705478e+06,-4.8040642e+04,5.9723854e+05
4097,4.0960000e-01,-1.9149870e+06,-3.9107466e+04,5.3037559e+05
4098,4.0970000e-01,-1.7616977e+06,-3.0306544e+04,4.6484291e+05
4099,4.0980000e-01,-1.6128598e+06,-2.1666392e+04,4.0141931e+05
4100,4.0990000e-01,-1.4703264e+06,-1.3388672e+04,3.4073656e+05
4101,4.1000000e-01,-1.3361519e+06,-5.6543027e+03,2.8360079e+05
4102,4.1010000e-01,-1.2108188e+06,1.5663310e+03,2.3011416e+05
4103,4.1020000e-01,-1.0946322e+06,8.2854588e+03,1.8032628e+05
4104,4.1030000e-01,-9.8806232e+05,1.4215507e+04,1.3440461e+05
4105,4.1040000e-01,-8.9032941e+05,1.9422040e+04,9.1993279e+04
4106,4.1050000e-01,-8.0106663e+05,2.3933612e+04,5.3101875e+04
4107,4.1060000e-01,-7.2010950e+05,2.7815581e+04,1.7670002e+04
4108,4.1070000e-01,-6.4661825e+05,3.1113268e+04,-1.4592878e+04
4109,4.1080000e-01,-5.7976766e+05,3.3869579e+04,-4.3753197e+04
4110,4.1090000e-01,-5.1924244e+05,3.6278604e+04,-6.9909675e+04
4111,4.1100000e-01,-4.6401255e+05,3.8257284e+04,-9.3049509e+04
4112,4.1110000e-01,-4.1416131e+05,4.0083017e+04,-1.1289556e+05
4113,4.1120000e-01,-3.7150564e+05,4.2012076e+04,-1.2862276e+05
4114,4.1130000e-01,-3.3569323e+05,4.4104488e+04,-1.4182311e+05
4115,4.1140000e-01,-3.0454628e+05,4.5990722e+04,-1.5369320e+05
4116,4.1150000e-01,-2.7613948e+05,4.7462303e+04,-1.6492472e+05
4117,4.1160000e-01,-2.4927589e+05,4.8326437e+04,-1.7604438e+05
4118,4.1170000e-01,-2.2351517e+05,4.8527819e+04,-1.8691471e+05
4119,4.1180000e-01,-1.9878814e+05,4.8145079e+04,-1.9744816e+05
4120,4.1190000e-01,-1.7468138e+05,4.7276107e+04,-2.0780539e+05
4121,4.1200000e-01,-1.5134354e+05,4.5909091e+04,-2.1855470e+05
4122,4.1210000e-01,-1.2856132e+05,4.3689571e+04,-2.2990181e+05
4123,4.1220000e-01,-1.0592922e+05,4.0498862e+04,-2.4274132e+05
4124,4.1230000e-01,-8.1907643e+04,3.5951140e+04,-2.6102199e+05
4125,4.1240000e-01,-5.2177978e+04,2.9459494e+04,-2.8309459e+05
4126,4.1250000e-01,-1.4380753e+04,2.1148885e+04,-3.0047992e+05
4127,4.1260000e-01,2.5323257e+04,1.1811271e+04,-3.0930958e+05
4128,4.1270000e-01,6.0268651e+04,5.2104596e+03,-3.1168782e+05
4129,4.1280000e-01,8.8602145e+04,5.4281512e+02,-3.1176650e+05
4130,4.1290000e-01,1.1243640e+05,-1.4846135e+03,-3.1104810e+05
4131,4.1300000e-01,1.3451419e+05,-2.5516372e+03,-3.1031565e+05
4132,4.1310000e-01,1.5603358e+05,-2.8794543e+03,-3.0876331e+05
4133,4.1320000e-01,1.7763143e+05,-2.6562475e+03,-3.0673603e+05
4134,4.1330000e-01,1.9942813e+05,-2.7065857e+03,-3.0423844e+05
4135,4.1340000e-01,2.2166185e+05,-2.7124022e+03,-3.0116278e+05
4136,4.1350000e-01,2.4443929e+05,-3.6647203e+03,-2.9798642e+05
4137,4.1360000e-01,2.6824344e+05,-4.9705999e+03,-2.9425458e+05
4138,4.1370000e-01,2.9309878e+05,-6.8481928e+03,-2.9015603e+05
4139,4.1380000e-01,3.1951570e+05,-8.6864889e+03,-2.8566240e+05
4140,4.1390000e-01,3.4760588e+05,-1.0816570e+04,-2.8082253e+05
4141,4.1400000e-01,3.7725176e+05,-1.3143914e+04,-2.7534181e+05
4142,4.1410000e-01,4.0906792e+05,-1.5526526e+04,-2.6965729e+05
4143,4.1420000e-01,4.4314478e+05,-1.8436564e+04,-2.6370902e+05
4144,4.1430000e-01,4.7965227e+05,-2.1591784e+04,-2.5737288e+05
4145,4.1440000e-01,5.1875299e+05,-2.5141963e+04,-2.5063569e+05
4146,4.1450000e-01,5.6075886e+05,-2.8592848e+04,-2.4334279e+05
4147,4.1460000e-01,6.0617298e+05,-3.1625800e+04,-2.3564799e+05
4148,4.1470000e-01,6.5530426e+05,-3.3855453e+04,-2.2675519e+05
4149,4.1480000e-01,7.0854444e+05,-3.4326945e+04,-2.1640458e+05
4150,4.1490000e-01,7.6663081e+05,-3.3369000e+04,-2.0446380e+05
4151,4.1500000e-01,8.2962565e+05,-3.0960730e+04,-1.9079190e+05
4152,4.1510000e-01,8.9678875e+05,-2.8972416e+04,-1.7546189e+05
4153,4.1520000e-01,9.6812003e+05,-2.7755525e+04,-1.5941433e+05
4154,4.1530000e-01,1.0433808e+06,-2.7666896e+04,-1.4278379e+05
4155,4.1540000e-01,1.1222998e+06,-2.8977837e+04,-1.2580274e+05
4156,4.1550000e-01,1.2052116e+06,-2.9996652e+04,-1.0860760e+05
4157,4.1560000e-01,1.2913339e+06,-3.2130626e+04,-9.0893931e+04
4158,4.1570000e-01,1.3805659e+06,-3.3457777e+04,-7.2584602e+04
4159,4.1580000e-01,1.4726679e+06,-3.5088995e+04,-5.3959195e+04
4160,4.1590000e-01,1.5666506e+06,-3.7124746e+04,-3.4838447e+04
4161,4.1600000e-01,1.6621914e+06,-3.8442108e+04,-1.5938217e+04
4162,4.1610000e-01,1.7585217e+06,-3.9187767e+04,2.7498477e+03
4163,4.1620000e-01,1.8543327e+06,-4.0401668e+04,2.0803393e+04
4164,4.1630000e-01,1.9486306e+06,-4.1625169e+04,3.7510779e+04
4165,4.1640000e-01,2.0392816e+06,-4.3293692e+04,5.3198493e+04
4166,4.1650000e-01,2.1244263e+06,-4.4053738e+04,6.7497789e+04
4167,4.1660000e-01,2.2025768e+06,-4.4343313e+04,7.9916080e+04
4168,4.1670000e-01,2.2709107e+06,-4.4195864e+04,9.0493837e+04
4169,4.1680000e-01,2.3283877e+06,-4.3551968e+04,9.8066557e+04
4170,4.1690000e-01,2.3737905e+06,-4.2626945e+04,1.0260603e+05
4171,4.1700000e-01,2.4055435e+06,-4.1376025e+04,1.0401962e+05
4172,4.1710000e-01,2.4237098e+06,-3.9805107e+04,1.0180851e+05
4173,4.1720000e-01,2.4268118e+06,-3.7919334e+04,9.6822031e+04
4174,4.1730000e-01,2.4141764e+06,-3.5454895e+04,8.8939809e+04
4175,4.1740000e-01,2.3862166e+06,-3.2445554e+04,7.8293629e+04
4176,4.1750000e-01,2.3434055e+06,-2.8961248e+04,6.5117375e+04
4177,4.1760000e-01,2.2867496e+06,-2.5071597e+04,4.9730004e+04
4178,4.1770000e-01,2.2177222e+06,-2.0849664e+04,3.2519545e+04
4179,4.1780000e-01,2.1370799e+06,-1.6297151e+04,1.4225140e+04
4180,4.1790000e-01,2.0478141e+06,-1.1468686e+04,-5.3469939e+03
4181,4.1800000e-01,1.9523661e+06,-6.6081097e+03,-2.5581854e+04
4182,4.1810000e-01,1.8525593e+06,-1.7353557e+03,-4.6000072e+04
4183,4.1820000e-01,1.7500382e+06,3.1616463e+03,-6.6232880e+04
4184,4.1830000e-01,1.6464845e+06,8.0765403e+03,-8.5981932e+04
4185,4.1840000e-01,1.5431486e+06,1.2966990e+04,-1.0501881e+05
4186,4.1850000e-01,1.4412028e+06,1.7803553e+04,-1.2316676e+05
4187,4.1860000e-01,1.3422707e+06,2.2510771e+04,-1.4052726e+05
4188,4.1870000e-01,1.2466010e+06,2.7017032e+04,-1.5662510e+05
4189,4.1880000e-01,1.1545872e+06,3.1440264e+04,-1.7151029e+05
4190,4.1890000e-01,1.0666501e+06,3.5621747e+04,-1.8534298e+05
4191,4.1900000e-01,9.8284708e+05,3.9637623e+04,-1.9777592e+05
4192,4.1910000e-01,9.0391150e+05,4.3398674e+04,-2.0943515e+05
4193,4.1920000e-01,8.3008800e+05,4.6820497e+04,-2.2009563e+05
4194,4.1930000e-01,7.6140006e+05,4.8820071e+04,-2.3194320e+05
4195,4.1940000e-01,6.9756235e+05,5.1210556e+04,-2.4110944e+05
4196,4.1950000e-01,6.3812129e+05,5.4054737e+04,-2.4847487e+05
4197,4.1960000e-01,5.8278220e+05,5.6795251e+04,-2.5463283e+05
4198,4.1970000e-01,5.3211478e+05,5.7485397e+04,-2.6407004e+05
4199,4.1980000e-01,4.8551338e+05,5.8839635e+04,-2.7024799e+05
4200,4.1990000e-01,4.4168857e+05,6.0882417e+04,-2.7419071e+05
4201,4.2000000e-01,4.0124016e+05,6.4973156e+04,-2.7215507e+05
4202,4.2010000e-01,3.6467572e+05,6.5613638e+04,-2.8101451e+05
4203,4.2020000e-01,3.3059861e+05,6.7928689e+04,-2.8518289e+05
4204,4.2030000e-01,2.9748820e+05,7.1434454e+04,-2.8624822e+05
4205,4.2040000e-01,2.6722643e+05,7.5411944e+04,-2.8100122e+05
4206,4.2050000e-01,2.3948789e+05,7.8668949e+04,-2.7904377e+05
4207,4.2060000e-01,2.1594647e+05,7.9149278e+04,-2.8517208e+05
4208,4.2070000e-01,1.9308036e+05,7.9313890e+04,-2.8738948e+05
4209,4.2080000e-01,1.6827563e+05,7.9324517e+04,-2.8655256e+05
4210,4.2090000e-01,1.4458898e+05,7.9699401e+04,-2.7885851e+05
4211,4.2100000e-01,1.2032818e+05,8.0474855e+04,-2.7550235e+05
4212,4.2110000e-01,9.4694455e+04,8.0749992e+04,-2.7450951e+05
4213,4.2120000e-01,6.8180846e+04,8.0386258e+04,-2.7458398e+05
4214,4.2130000e-01,4.0000581e+04,8.0021496e+04,-2.7273206e+05
4215,4.2140000e-01,1.1023114e+04,7.8540756e+04,-2.7184900e+05
4216,4.2150000e-01,-1.8499777e+04,7.5645630e+04,-2.7300994e+05
4217,4.2160000e-01,-4.7771591e+04,7.1700353e+04,-2.7108978e+05
4218,4.2170000e-01,-7.6335852e+04,6.6244293e+04,-2.6902811e+05
4219,4.2180000e-01,-1.0454839e+05,6.0223879e+04,-2.6553925e+05
4220,4.2190000e-01,-1.3234340e+05,5.4863580e+04,-2.5899993e+05
4221,4.2200000e-01,-1.5928840e+05,5.1839346e+04,-2.4910433e+05
4222,4.2210000e-01,-1.8474564e+05,5.1996462e+04,-2.3535684e+05
4223,4.2220000e-01,-2.0905268e+05,5.3800724e+04,-2.2369065e+05
4224,4.2230000e-01,-2.3436490e+05,5.3533383e+04,-2.1872271e+05
4225,4.2240000e-01,-2.6366116e+05,5.0075861e+04,-2.1803988e+05
4226,4.2250000e-01,-2.9805461e+05,4.4285396e+04,-2.1466271e+05
4227,4.2260000e-01,-3.3768200e+05,3.8040646e+04,-2.0399553e+05
4228,4.2270000e-01,-3.8000397e+05,3.1700493e+04,-1.8749278e+05
4229,4.2280000e-01,-4.2316180e+05,2.6654020e+04,-1.7021547e+05
4230,4.2290000e-01,-4.6639378e+05,2.2088022e+04,-1.5225627e+05
4231,4.2300000e-01,-5.1124655e+05,1.6878819e+04,-1.3342103e+05
4232,4.2310000e-01,-5.5829346e+05,1.1857959e+04,-1.1291623e+05
4233,4.2320000e-01,-6.0880467e+05,7.1847902e+03,-9.0303824e+04
4234,4.2330000e-01,-6.6327757e+05,2.1384285e+03,-6.5254006e+04
4235,4.2340000e-01,-7.2275135e+05,-3.0009517e+03,-3.7458700e+04
4236,4.2350000e-01,-7.8766512e+05,-8.5221019e+03,-6.6815239e+03
4237,4.2360000e-01,-8.5853713e+05,-1.3792422e+04,2.7420761e+04
4238,4.2370000e-01,-9.3611797e+05,-1.9055837e+04,6.5173242e+04
4239,4.2380000e-01,-1.0205263e+06,-2.4444024e+04,1.0653228e+05
4240,4.2390000e-01,-1.1122040e+06,-2.9652954e+04,1.5184550e+05
4241,4.2400000e-01,-1.1982119e+06,-1.0261585e+04,2.2502886e+05
4242,4.2410000e-01,-1.2889539e+06,-1.3013110e+04,2.9479858e+05
4243,4.2420000e-01,-1.3916865e+06,-2.6763216e+04,3.5606984e+05
4244,4.2430000e-01,-1.5077850e+06,-4.2654319e+04,4.1215477e+05
4245,4.2440000e-01,-1.6363799e+06,-5.6996075e+04,4.6730909e+05
4246,4.2450000e-01,-1.7748968e+06,-6.7159113e+04,5.2411785e+05
4247,4.2460000e-01,-1.9190631e+06,-7.6126096e+04,5.8276456e+05
4248,4.2470000e-01,-2.0673953e+06,-8.2676840e+04,6.4373796e+05
4249,4.2480000e-01,-2.2162452e+06,-8.9941166e+04,7.0503597e+05
4250,4.2490000e-01,-2.3611676e+06,-9.4604279e+04,7.6523705e+05
4251,4.2500000e-01,-2.4989640e+06,-9.9139300e+04,8.2247464e+05
4252,4.2510000e-01,-2.6259775e+06,-1.0212529e+05,8.7489546e+05
4253,4.2520000e-01,-2.7363343e+06,-1.0320409e+05,9.2017088e+05
4254,4.2530000e-01,-2.8249797e+06,-1.0459890e+05,9.5552261e+05
4255,4.2540000e-01,-2.8889105e+06,-1.0479085e+05,9.7974180e+05
4256,4.2550000e-01,-2.9244111e+06,-1.0412662e+05,9.9106730e+05
4257,4.2560000e-01,-2.9310684e+06,-1.0200555e+05,9.8973324e+05
4258,4.2570000e-01,-2.9088176e+06,-1.0000008e+05,9.7573348e+05
4259,4.2580000e-01,-2.8584754e+06,-9.6506341e+04,9.4974947e+05
4260,4.2590000e-01,-2.7816934e+06,-9.1657785e+04,9.1264625e+05
4261,4.2600000e-01,-2.6819198e+06,-8.5531768e+04,8.6620562e+05
4262,4.2610000e-01,-2.5623286e+06,-7.8869121e+04,8.1183640e+05
4263,4.2620000e-01,-2.4280988e+06,-7.1472492e+04,7.5224986e+05
4264,4.2630000e-01,-2.2829812e+06,-6.3571199e+04,6.8836166e+05
4265,4.2640000e-01,-2.1310772e+06,-5.4815356e+04,6.2217753e+05
4266,4.2650000e-01,-1.9760578e+06,-4.6072323e+04,5.5515474e+05
4267,4.2660000e-01,-1.8214971e+06,-3.7299533e+04,4.8878712e+05
4268,4.2670000e-01,-1.6707092e+06,-2.8652251e+04,4.2438067e+05
4269,4.2680000e-01,-1.5259827e+06,-2.0238691e+04,3.6266139e+05
4270,4.2690000e-01,-1.3885919e+06,-1.2221466e+04,3.0408332e+05
4271,4.2700000e-01,-1.2597990e+06,-4.7637365e+03,2.4915520e+05
4272,4.2710000e-01,-1.1399152e+06,2.1591084e+03,1.9786997e+05
4273,4.2720000e-01,-1.0293881e+06,8.5530832e+03,1.5041142e+05
4274,4.2730000e-01,-9.2774748e+05,1.4176302e+04,1.0657140e+05
4275,4.2740000e-01,-8.3476711e+05,1.9143285e+04,6.6261648e+04
4276,4.2750000e-01,-7.5023668e+05,2.3404881e+04,2.9540065e+04
4277,4.2760000e-01,-6.7356373e+05,2.7078567e+04,-3.8856898e+03
4278,4.2770000e-01,-6.0410511e+05,3.0201744e+04,-3.4064694e+04
4279,4.2780000e-01,-5.4115274e+05,3.2869460e+04,-6.1208024e+04
4280,4.2790000e-01,-4.8396539e+05,3.5237044e+04,-8.5391134e+04
4281,4.2800000e-01,-4.3233398e+05,3.7283425e+04,-1.0642497e+05
4282,4.2810000e-01,-3.8745115e+05,3.9265931e+04,-1.2350233e+05
4283,4.2820000e-01,-3.4952303e+05,4.1431218e+04,-1.3761328e+05
4284,4.2830000e-01,-3.1662725e+05,4.3644505e+04,-1.5005060e+05
4285,4.2840000e-01,-2.8703485e+05,4.5405843e+04,-1.6162522e+05
4286,4.2850000e-01,-2.5904136e+05,4.6560018e+04,-1.7302941e+05
4287,4.2860000e-01,-2.3223235e+05,4.7026345e+04,-1.8408758e+05
4288,4.2870000e-01,-2.0701817e+05,4.6938325e+04,-1.9470109e+05
4289,4.2880000e-01,-1.8302210e+05,4.6355660e+04,-2.0517478e+05
4290,4.2890000e-01,-1.5952769e+05,4.5206241e+04,-2.1554424e+05
4291,4.2900000e-01,-1.3667146e+05,4.3513868e+04,-2.2631209e+05
4292,4.2910000e-01,-1.1452068e+05,4.0897676e+04,-2.3836421e+05
4293,4.2920000e-01,-9.1992167e+04,3.7073387e+04,-2.5364774e+05
4294,4.2930000e-01,-6.5914971e+04,3.1644708e+04,-2.7408143e+05
4295,4.2940000e-01,-3.2148981e+04,2.4294821e+04,-2.9444567e+05
4296,4.2950000e-01,7.2378770e+03,1.5628652e+04,-3.0634148e+05
4297,4.2960000e-01,4.4667502e+04,7.4727157e+03,-3.1122497e+05
4298,4.2970000e-01,7.6748440e+04,2.4241296e+03,-3.1218423e+05
4299,4.2980000e-01,1.0359130e+05,-4.1014201e+02,-3.1154763e+05
4300,4.2990000e-01,1.2742102e+05,-2.4318351e+03,-3.1101036e+05
4301,4.3000000e-01,1.5007427e+05,-3.0165359e+03,-3.0989873e+05
4302,4.3010000e-01,1.7190050e+05,-2.8795181e+03,-3.0788154e+05
4303,4.3020000e-01,1.9322730e+05,-2.2607333e+03,-3.0530783e+05
4304,4.3030000e-01,2.1425836e+05,-2.1307492e+03,-3.0225023e+05
4305,4.3040000e-01,2.3574701e+05,-2.7125100e+03,-2.9885251e+05
4306,4.3050000e-01,2.5865576e+05,-3.6375568e+03,-2.9536677e+05
4307,4.3060000e-01,2.8300826e+05,-5.3279961e+03,-2.9144917e+05
4308,4.3070000e-01,3.0885672e+05,-7.1920638e+03,-2.8713175e+05
4309,4.3080000e-01,3.3646953e+05,-9.1439224e+03,-2.8242881e+05
4310,4.3090000e-01,3.6582627e+05,-1.1442946e+04,-2.7738823e+05
4311,4.3100000e-01,3.9693505e+05,-1.3776397e+04,-2.7165299e+05
4312,4.3110000e-01,4.3008039e+05,-1.6539915e+04,-2.6577261e+05
4313,4.3120000e-01,4.6575077e+05,-1.9531443e+04,-2.5957267e+05
4314,4.3130000e-01,5.0391883e+05,-2.2962560e+04,-2.5300462e+05
4315,4.3140000e-01,5.4478134e+05,-2.6414884e+04,-2.4593250e+05
4316,4.3150000e-01,5.8874109e+05,-2.9538092e+04,-2.3818943e+05
4317,4.3160000e-01,6.3668249e+05,-3.1815577e+04,-2.2985653e+05
4318,4.3170000e-01,6.8870987e+05,-3.2737618e+04,-2.2003016e+05
4319,4.3180000e-01,7.4518794e+05,-3.2025585e+04,-2.0857275e+05
4320,4.3190000e-01,8.0635010e+05,-3.0082875e+04,-1.9545070e+05
4321,4.3200000e-01,8.7223072e+05,-2.7723126e+04,-1.8083681e+05
4322,4.3210000e-01,9.4201808e+05,-2.6604258e+04,-1.6489844e+05
4323,4.3220000e-01,1.0157422e+06,-2.6450772e+04,-1.4849802e+05
4324,4.3230000e-01,1.0930975e+06,-2.7607413e+04,-1.3176756e+05
4325,4.3240000e-01,1.1744805e+06,-2.8520241e+04,-1.1481343e+05
4326,4.3250000e-01,1.2591901e+06,-3.0601774e+04,-9.7306409e+04
4327,4.3260000e-01,1.3471748e+06,-3.1920543e+04,-7.9171053e+04
4328,4.3270000e-01,1.4382357e+06,-3.3559917e+04,-6.0677180e+04
4329,4.3280000e-01,1.5314448e+06,-3.5613871e+04,-4.1628985e+04
4330,4.3290000e-01,1.6265383e+06,-3.6970195e+04,-2.2713143e+04
4331,4.3300000e-01,1.7228214e+06,-3.7771043e+04,-3.9018326e+03
4332,4.3310000e-01,1.8188599e+06,-3.9047860e+04,1.4372725e+04
4333,4.3320000e-01,1.9141194e+06,-4.0359120e+04,3.1432924e+04
4334,4.3330000e-01,2.0064311e+06,-4.2133178e+04,4.7620307e+04
4335,4.3340000e-01,2.0938664e+06,-4.3017799e+04,6.2563204e+04
4336,4.3350000e-01,2.1749277e+06,-4.3443455e+04,7.5766310e+04
4337,4.3360000e-01,2.2468120e+06,-4.3449538e+04,8.7239668e+04
4338,4.3370000e-01,2.3084501e+06,-4.2974132e+04,9.5827387e+04
4339,4.3380000e-01,2.3585680e+06,-4.2231043e+04,1.0145327e+05
4340,4.3390000e-01,2.3954969e+06,-4.1173604e+04,1.0400943e+05
4341,4.3400000e-01,2.4182864e+06,-3.9733864e+04,1.0341166e+05
4342,4.3410000e-01,2.4271155e+06,-3.7936128e+04,9.9206172e+04
4343,4.3420000e-01,2.4206300e+06,-3.5793100e+04,9.2284800e+04
4344,4.3430000e-01,2.3986198e+06,-3.3077255e+04,8.2609723e+04
4345,4.3440000e-01,2.3613405e+06,-2.9818311e+04,7.0327855e+04
4346,4.3450000e-01,2.3096822e+06,-2.6102865e+04,5.5712604e+04
4347,4.3460000e-01,2.2450344e+06,-2.2021142e+04,3.9126538e+04
4348,4.3470000e-01,2.1680747e+06,-1.7584706e+04,2.1301717e+04
4349,4.3480000e-01,2.0817637e+06,-1.2849291e+04,2.0538587e+03
4350,4.3490000e-01,1.9885428e+06,-8.0596443e+03,-1.8025196e+04
4351,4.3500000e-01,1.8902594e+06,-3.2426352e+03,-3.8431083e+04
4352,4.3510000e-01,1.7885979e+06,1.6141073e+03,-5.8773391e+04
4353,4.3520000e-01,1.6853008e+06,6.5013985e+03,-7.8732439e+04
4354,4.3530000e-01,1.5816944e+06,1.1384680e+04,-9.8058653e+04
4355,4.3540000e-01,1.4790276e+06,1.6220745e+04,-1.1655830e+05
4356,4.3550000e-01,1.3790285e+06,2.0950664e+04,-1.3431538e+05
4357,4.3560000e-01,1.2820079e+06,2.5488258e+04,-1.5081854e+05
4358,4.3570000e-01,1.1884263e+06,2.9949793e+04,-1.6613317e+05
4359,4.3580000e-01,1.0987802e+06,3.4189492e+04,-1.8039679e+05
4360,4.3590000e-01,1.0131723e+06,3.8295609e+04,-1.9317234e+05
4361,4.3600000e-01,9.3240461e+05,4.2144828e+04,-2.0522643e+05
4362,4.3610000e-01,8.5676944e+05,4.5625606e+04,-2.1631442e+05
4363,4.3620000e-01,7.8627240e+05,4.7370304e+04,-2.2911438e+05
4364,4.3630000e-01,7.2071526e+05,4.9935803e+04,-2.3833600e+05
4365,4.3640000e-01,6.5966414e+05,5.2814845e+04,-2.4584782e+05
4366,4.3650000e-01,6.0280841e+05,5.5823928e+04,-2.5222948e+05
4367,4.3660000e-01,5.5074468e+05,5.6641118e+04,-2.6171612e+05
4368,4.3670000e-01,5.0262059e+05,5.8104721e+04,-2.6805946e+05
4369,4.3680000e-01,4.5760436e+05,6.0257232e+04,-2.7221299e+05
4370,4.3690000e-01,4.1524544e+05,6.2805224e+04,-2.7485240e+05
4371,4.3700000e-01,3.7759924e+05,6.3909605e+04,-2.8101098e+05
4372,4.3710000e-01,3.4314845e+05,6.6695087e+04,-2.8384609e+05
4373,4.3720000e-01,3.0970749e+05,7.0035531e+04,-2.8466526e+05
4374,4.3730000e-01,2.7704305e+05,7.3751183e+04,-2.8455923e+05
4375,4.3740000e-01,2.4746727e+05,7.7380614e+04,-2.7948278e+05
4376,4.3750000e-01,2.2411701e+05,7.8197016e+04,-2.8432204e+05
4377,4.3760000e-01,2.0214181e+05,7.8534733e+04,-2.8609391e+05
4378,4.3770000e-01,1.7805329e+05,7.8769742e+04,-2.8408457e+05
4379,4.3780000e-01,1.5493319e+05,7.9419194e+04,-2.7733750e+05
4380,4.3790000e-01,1.3104156e+05,8.0458887e+04,-2.7453799e+05
4381,4.3800000e-01,1.0543361e+05,8.1151690e+04,-2.7401045e+05
4382,4.3810000e-01,7.8796278e+04,8.1095254e+04,-2.7439457e+05
4383,4.3820000e-01,5.0318315e+04,8.1006973e+04,-2.7291643e+05
4384,4.3830000e-01,2.1296278e+04,8.0048569e+04,-2.7200508e+05
4385,4.3840000e-01,-7.0802557e+03,7.7575314e+04,-2.7185442e+05
4386,4.3850000e-01,-3.6405537e+04,7.3800677e+04,-2.7154903e+05
4387,4.3860000e-01,-6.5539581e+04,6.8621296e+04,-2.7044506e+05
4388,4.3870000e-01,-9.3973880e+04,6.2735308e+04,-2.6694798e+05
4389,4.3880000e-01,-1.2221128e+05,5.7138062e+04,-2.6113375e+05
4390,4.3890000e-01,-1.4988598e+05,5.2077125e+04,-2.5555764e+05
4391,4.3900000e-01,-1.7642619e+05,4.9109503e+04,-2.4757339e+05
4392,4.3910000e-01,-2.0170013e+05,4.8690576e+04,-2.3506097e+05
4393,4.3920000e-01,-2.2620736e+05,5.1261317e+04,-2.2279688e+05
4394,4.3930000e-01,-2.5291006e+05,5.0421378e+04,-2.1755443e+05
4395,4.3940000e-01,-2.8438784e+05,4.6252093e+04,-2.1467872e+05
4396,4.3950000e-01,-3.2126405e+05,4.0614422e+04,-2.0801049e+05
4397,4.3960000e-01,-3.6343957e+05,3.4480802e+04,-1.9298075e+05
4398,4.3970000e-01,-4.0701529e+05,2.8892206e+04,-1.7488688e+05
4399,4.3980000e-01,-4.5074319e+05,2.4494147e+04,-1.5702681e+05
4400,4.3990000e-01,-4.9498434e+05,1.9609942e+04,-1.3854628e+05
4401,4.4000000e-01,-5.4111524e+05,1.4288423e+04,-1.1893923e+05
4402,4.4010000e-01,-5.9028788e+05,9.2548050e+03,-9.7495215e+04
4403,4.4020000e-01,-6.4309562e+05,4.4642428e+03,-7.3613364e+04
4404,4.4030000e-01,-7.0060456e+05,-6.6378228e+02,-4.7074272e+04
4405,4.4040000e-01,-7.6324988e+05,-5.9470422e+03,-1.7607339e+04
4406,4.4050000e-01,-8.3181002e+05,-1.1568373e+04,1.5036352e+04
4407,4.4060000e-01,-9.0692207e+05,-1.6903032e+04,5.1273941e+04
4408,4.4070000e-01,-9.8853105e+05,-2.2296030e+04,9.1056539e+04
4409,4.4080000e-01,-1.0773623e+06,-2.7498689e+04,1.3478917e+05
4410,4.4090000e-01,-1.1603539e+06,-9.1974442e+03,2.0632716e+05
4411,4.4100000e-01,-1.2484355e+06,-1.2701985e+04,2.7483304e+05
4412,4.4110000e-01,-1.3480213e+06,-2.6887031e+04,3.3459423e+05
4413,4.4120000e-01,-1.4611405e+06,-4.3529757e+04,3.8912266e+05
4414,4.4130000e-01,-1.5871140e+06,-5.7386536e+04,4.4312426e+05
4415,4.4140000e-01,-1.7232635e+06,-6.7826760e+04,4.9906492e+05
4416,4.4150000e-01,-1.8672989e+06,-7.6699796e+04,5.5747321e+05
4417,4.4160000e-01,-2.0148289e+06,-8.3071079e+04,6.1803662e+05
4418,4.4170000e-01,-2.1642604e+06,-8.9813480e+04,6.7982937e+05
4419,4.4180000e-01,-2.3116781e+06,-9.4948619e+04,7.4127315e+05
4420,4.4190000e-01,-2.4532640e+06,-9.8927891e+04,8.0055461e+05
4421,4.4200000e-01,-2.5839085e+06,-1.0192111e+05,8.5514419e+05
4422,4.4210000e-01,-2.7005833e+06,-1.0345675e+05,9.0354399e+05
4423,4.4220000e-01,-2.7974722e+06,-1.0420716e+05,9.4306230e+05
4424,4.4230000e-01,-2.8701589e+06,-1.0482843e+05,9.7154010e+05
4425,4.4240000e-01,-2.9153137e+06,-1.0413593e+05,9.8749888e+05
4426,4.4250000e-01,-2.9320224e+06,-1.0225594e+05,9.9107972e+05
4427,4.4260000e-01,-2.9201480e+06,-1.0015752e+05,9.8170414e+05
4428,4.4270000e-01,-2.8799116e+06,-9.6759661e+04,9.6019986e+05
4429,4.4280000e-01,-2.8126253e+06,-9.2334670e+04,9.2726752e+05
4430,4.4290000e-01,-2.7208530e+06,-8.6346506e+04,8.8419694e+05
4431,4.4300000e-01,-2.6083588e+06,-7.9923702e+04,8.3271662e+05
4432,4.4310000e-01,-2.4788675e+06,-7.2715826e+04,7.7461153e+05
4433,4.4320000e-01,-2.3374421e+06,-6.4802448e+04,7.1244069e+05
4434,4.4330000e-01,-2.1878750e+06,-5.6561950e+04,6.4706319e+05
4435,4.4340000e-01,-2.0340297e+06,-4.7580682e+04,5.8041302e+05
4436,4.4350000e-01,-1.8792700e+06,-3.8715914e+04,5.1383381e+05
4437,4.4360000e-01,-1.7268028e+06,-2.9952012e+04,4.4862048e+05
4438,4.4370000e-01,-1.5796562e+06,-2.1439388e+04,3.8588726e+05
4439,4.4380000e-01,-1.4393872e+06,-1.3273627e+04,3.2610411e+05
4440,4.4390000e-01,-1.3072650e+06,-5.6272318e+03,2.6979690e+05
4441,4.4400000e-01,-1.1838436e+06,1.4915795e+03,2.1709874e+05
4442,4.4410000e-01,-1.0694429e+06,8.1162599e+03,1.6809064e+05
4443,4.4420000e-01,-9.6428934e+05,1.3924096e+04,1.2287006e+05
4444,4.4430000e-01,-8.6806402e+05,1.9092094e+04,8.1202529e+04
4445,4.4440000e-01,-7.8017015e+05,2.3543652e+04,4.3089418e+04
4446,4.4450000e-01,-7.0045518e+05,2.7365087e+04,8.4152691e+03
4447,4.4460000e-01,-6.2825943e+05,3.0615120e+04,-2.3022186e+04
4448,4.4470000e-01,-5.6291578e+05,3.3346318e+04,-5.1339693e+04
4449,4.4480000e-01,-5.0377055e+05,3.5734554e+04,-7.6618147e+04
4450,4.4490000e-01,-4.5021581e+05,3.7749720e+04,-9.8834121e+04
4451,4.4500000e-01,-4.0283573e+05,3.9637278e+04,-1.1732024e+05
4452,4.4510000e-01,-3.6243568e+05,4.1648060e+04,-1.3231840e+05
4453,4.4520000e-01,-3.2796290e+05,4.3863515e+04,-1.4518358e+05
4454,4.4530000e-01,-2.9728008e+05,4.5731381e+04,-1.5697185e+05
4455,4.4540000e-01,-2.6903948e+05,4.7162226e+04,-1.6816258e+05
4456,4.4550000e-01,-2.4193426e+05,4.7811944e+04,-1.7932577e+05
4457,4.4560000e-01,-2.1582339e+05,4.7836206e+04,-1.9021547e+05
4458,4.4570000e-01,-1.9118368e+05,4.7338384e+04,-2.0074260e+05
4459,4.4580000e-01,-1.6752511e+05,4.6397486e+04,-2.1104463e+05
4460,4.4590000e-01,-1.4486245e+05,4.4912448e+04,-2.2186276e+05
4461,4.4600000e-01,-1.2297689e+05,4.2484962e+04,-2.3345498e+05
4462,4.4610000e-01,-1.0087053e+05,3.8968717e+04,-2.4734557e+05
4463,4.4620000e-01,-7.6425115e+04,3.3969039e+04,-2.6627046e+05
4464,4.4630000e-01,-4.5009413e+04,2.7271378e+04,-2.8811957e+05
4465,4.4640000e-01,-6.1762977e+03,1.8677685e+04,-3.0332129e+05
4466,4.4650000e-01,3.2815180e+04,9.8094724e+03,-3.1028696e+05
4467,4.4660000e-01,6.6859874e+04,3.8329076e+03,-3.1205592e+05
4468,4.4670000e-01,9.4935725e+04,-9.0216244e+01,-3.1180847e+05
4469,4.4680000e-01,1.1932865e+05,-2.0811677e+03,-3.1115377e+05
4470,4.4690000e-01,1.4239879e+05,-2.4981997e+03,-3.1032699e+05
4471,4.4700000e-01,1.6448704e+05,-2.5589919e+03,-3.0856359e+05
4472,4.4710000e-01,1.8581115e+05,-2.3828373e+03,-3.0629610e+05
4473,4.4720000e-01,2.0674109e+05,-2.4854295e+03,-3.0354230e+05
4474,4.4730000e-01,2.2808508e+05,-2.5793310e+03,-3.0025384e+05
4475,4.4740000e-01,2.5033313e+05,-3.5208977e+03,-2.9688562e+05
4476,4.4750000e-01,2.7394097e+05,-5.0593148e+03,-2.9305747e+05
4477,4.4760000e-01,2.9900130e+05,-6.9928000e+03,-2.8888054e+05
4478,4.4770000e-01,3.2585374e+05,-8.8653465e+03,-2.8431137e+05
4479,4.4780000e-01,3.5454264e+05,-1.1103933e+04,-2.7941912e+05
4480,4.4790000e-01,3.8495017e+05,-1.3419784e+04,-2.7385307e+05
4481,4.4800000e-01,4.1746479e+05,-1.5882864e+04,-2.6807721e+05
4482,4.4810000e-01,4.5226532e+05,-1.8925774e+04,-2.6204807e+05
4483,4.4820000e-01,4.8958046e+05,-2.2194965e+04,-2.5562655e+05
4484,4.4830000e-01,5.2943094e+05,-2.5706501e+04,-2.4874937e+05
4485,4.4840000e-01,5.7219309e+05,-2.9032543e+04,-2.4127150e+05
4486,4.4850000e-01,6.1866763e+05,-3.1726694e+04,-2.3331139e+05
4487,4.4860000e-01,6.6898356e+05,-3.3315812e+04,-2.2402002e+05
4488,4.4870000e-01,7.2363926e+05,-3.3536574e+04,-2.1326730e+05
4489,4.4880000e-01,7.8295371e+05,-3.1782996e+04,-2.0076962e+05
4490,4.4890000e-01,8.4710233e+05,-2.9901775e+04,-1.8679380e+05
4491,4.4900000e-01,9.1539279e+05,-2.8214307e+04,-1.7123618e+05
4492,4.4910000e-01,9.8783227e+05,-2.7347158e+04,-1.5502567e+05
4493,4.4920000e-01,1.0640787e+06,-2.7572709e+04,-1.3829046e+05
4494,4.4930000e-01,1.1439186e+06,-2.8240954e+04,-1.2101661e+05
4495,4.4940000e-01,1.2274848e+06,-3.0200015e+04,-1.0385945e+05
4496,4.4950000e-01,1.3144425e+06,-3.2057350e+04,-8.6044235e+04
4497,4.4960000e-01,1.4045785e+06,-3.3371660e+04,-6.7639900e+04
4498,4.4970000e-01,1.4975762e+06,-3.5464882e+04,-4.9047747e+04
4499,4.4980000e-01,1.5921225e+06,-3.7037044e+04,-2.9830810e+04
4500,4.4990000e-01,1.6879026e+06,-3.8290369e+04,-1.0932040e+04
4501,4.5000000e-01,1.7841616e+06,-3.9046332e+04,7.6517064e+03
4502,4.5010000e-01,1.8800437e+06,-4.0304344e+04,2.5072111e+04
4503,4.5020000e-01,1.9735541e+06,-4.1642026e+04,4.1834261e+04
4504,4.5030000e-01,2.0628107e+06,-4.3186855e+04,5.7275556e+04
4505,4.5040000e-01,2.1463619e+06,-4.3804894e+04,7.1148598e+04
4506,4.5050000e-01,2.2222462e+06,-4.3969681e+04,8.2994607e+04
4507,4.5060000e-01,2.2877421e+06,-4.3713635e+04,9.2897404e+04
4508,4.5070000e-01,2.3419796e+06,-4.2974994e+04,9.9705684e+04
4509,4.5080000e-01,2.3835967e+06,-4.1953350e+04,1.0341975e+05
4510,4.5090000e-01,2.4115667e+06,-4.0611964e+04,1.0398772e+05
4511,4.5100000e-01,2.4258964e+06,-3.8952411e+04,1.0093790e+05
4512,4.5110000e-01,2.4250514e+06,-3.6963999e+04,9.5128768e+04
4513,4.5120000e-01,2.4086459e+06,-3.4401173e+04,8.6484631e+04
4514,4.5130000e-01,2.3767581e+06,-3.1287681e+04,7.5131948e+04
4515,4.5140000e-01,2.3301193e+06,-2.7703444e+04,6.1322480e+04
4516,4.5150000e-01,2.2699864e+06,-2.3734165e+04,4.5401555e+04
4517,4.5160000e-01,2.1979513e+06,-1.9451971e+04,2.7770403e+04
4518,4.5170000e-01,2.1148236e+06,-1.4854520e+04,9.1693183e+03
4519,4.5180000e-01,2.0235988e+06,-9.9961697e+03,-1.0603645e+04
4520,4.5190000e-01,1.9267011e+06,-5.1211827e+03,-3.0925426e+04
4521,4.5200000e-01,1.8259325e+06,-2.4509886e+02,-5.1333744e+04
4522,4.5210000e-01,1.7229049e+06,4.6464249e+03,-7.1474353e+04
4523,4.5220000e-01,1.6192515e+06,9.5418953e+03,-9.1065068e+04
4524,4.5230000e-01,1.5161734e+06,1.4401039e+04,-1.0989148e+05
4525,4.5240000e-01,1.4153781e+06,1.9169101e+04,-1.2802744e+05
4526,4.5250000e-01,1.3172173e+06,2.3770800e+04,-1.4491905e+05
4527,4.5260000e-01,1.2222291e+06,2.8300431e+04,-1.6065453e+05
4528,4.5270000e-01,1.1310383e+06,3.2708875e+04,-1.7521832e+05
4529,4.5280000e-01,1.0437147e+06,3.6869499e+04,-1.8849002e+05
4530,4.5290000e-01,9.6115832e+05,4.0833713e+04,-2.0089992e+05
4531,4.5300000e-01,8.8373793e+05,4.4428105e+04,-2.1238027e+05
4532,4.5310000e-01,8.1138214e+05,4.7730558e+04,-2.2277977e+05
4533,4.5320000e-01,7.4411075e+05,4.9648757e+04,-2.3433351e+05
4534,4.5330000e-01,6.8151175e+05,5.1991377e+04,-2.4322273e+05
4535,4.5340000e-01,6.2321825e+05,5.4766177e+04,-2.5034363e+05
4536,4.5350000e-01,5.6892129e+05,5.7453959e+04,-2.5628706e+05
4537,4.5360000e-01,5.1917820e+05,5.8121609e+04,-2.6554204e+05
4538,4.5370000e-01,4.7344336e+05,5.9445089e+04,-2.7144165e+05
4539,4.5380000e-01,4.3045453e+05,6.1434173e+04,-2.7527731e+05
4540,4.5390000e-01,3.9077123e+05,6.5411706e+04,-2.7317727e+05
4541,4.5400000e-01,3.5489102e+05,6.6370841e+04,-2.8174066e+05
4542,4.5410000e-01,3.2142312e+05,6.8817351e+04,-2.8568838e+05
4543,4.5420000e-01,2.8890458e+05,7.2209188e+04,-2.8664890e+05
4544,4.5430000e-01,2.5918280e+05,7.5941562e+04,-2.8144063e+05
4545,4.5440000e-01,2.3187789e+05,7.8899738e+04,-2.7949750e+05
4546,4.5450000e-01,2.0869142e+05,7.9522997e+04,-2.8519693e+05
4547,4.5460000e-01,1.8615656e+05,7.9218228e+04,-2.8736127e+05
4548,4.5470000e-01,1.6168174e+05,7.9009644e+04,-2.8523961e+05
4549,4.5480000e-01,1.3816612e+05,7.9208039e+04,-2.7863549e+05
4550,4.5490000e-01,1.1393548e+05,7.9749594e+04,-2.7566594e+05
4551,4.5500000e-01,8.8358838e+04,7.9849924e+04,-2.7475359e+05
4552,4.5510000e-01,6.1949872e+04,7.9322254e+04,-2.7480056e+05
4553,4.5520000e-01,3.3799400e+04,7.8862341e+04,-2.7280352e+05
4554,4.5530000e-01,4.9906278e+03,7.7346966e+04,-2.7187636e+05
4555,4.5540000e-01,-2.4526506e+04,7.4178432e+04,-2.7287937e+05
4556,4.5550000e-01,-5.3828274e+04,6.9881960e+04,-2.7109625e+05
4557,4.5560000e-01,-8.2677686e+04,6.4786099e+04,-2.6748767e+05
4558,4.5570000e-01,-1.1112719e+05,5.9020718e+04,-2.6438408e+05
4559,4.5580000e-01,-1.3877517e+05,5.4238624e+04,-2.5741378e+05
4560,4.5590000e-01,-1.6573449e+05,5.1281878e+04,-2.4801075e+05
4561,4.5600000e-01,-1.9140040e+05,5.1075492e+04,-2.3512263e+05
4562,4.5610000e-01,-2.1571999e+05,5.2882545e+04,-2.2236726e+05
4563,4.5620000e-01,-2.4242200e+05,5.2718500e+04,-2.1868177e+05
4564,4.5630000e-01,-2.7223123e+05,4.8505913e+04,-2.1648350e+05
4565,4.5640000e-01,-3.0702726e+05,4.2604942e+04,-2.1235450e+05
4566,4.5650000e-01,-3.4757890e+05,3.6477487e+04,-2.0083481e+05
4567,4.5660000e-01,-3.9110430e+05,3.0293896e+04,-1.8362697e+05
4568,4.5670000e-01,-4.3491664e+05,2.5587357e+04,-1.6477117e+05
4569,4.5680000e-01,-4.7917070e+05,2.0966747e+04,-1.4612796e+05
4570,4.5690000e-01,-5.2471963e+05,1.5806595e+04,-1.2666652e+05
4571,4.5700000e-01,-5.7277523e+05,1.0906877e+04,-1.0575798e+05
4572,4.5710000e-01,-6.2408303e+05,6.2168618e+03,-8.2648861e+04
4573,4.5720000e-01,-6.7980583e+05,1.1713710e+03,-5.7060533e+04
4574,4.5730000e-01,-7.4057348e+05,-4.0237563e+03,-2.8627400e+04
4575,4.5740000e-01,-8.0684715e+05,-9.6061962e+03,2.8185659e+03
4576,4.5750000e-01,-8.7949815e+05,-1.4913700e+04,3.7765458e+04
4577,4.5760000e-01,-9.5880124e+05,-2.0244545e+04,7.6330499e+04
4578,4.5770000e-01,-1.0449569e+06,-2.5706418e+04,1.1855486e+05
4579,4.5780000e-01,-1.1387446e+06,-3.0931569e+04,1.6495325e+05
4580,4.5790000e-01,-1.2267653e+06,-1.0911018e+04,2.3897444e+05
4581,4.5800000e-01,-1.3196651e+06,-1.3213970e+04,3.0959092e+05
4582,4.5810000e-01,-1.4246047e+06,-2.6670765e+04,3.7178044e+05
4583,4.5820000e-01,-1.5433352e+06,-4.2394455e+04,4.2903889e+05
4584,4.5830000e-01,-1.6737678e+06,-5.6602402e+04,4.8501034e+05
4585,4.5840000e-01,-1.8132880e+06,-6.7074973e+04,5.4250283e+05
4586,4.5850000e-01,-1.9594827e+06,-7.5927446e+04,6.0175854e+05
4587,4.5860000e-01,-2.1084273e+06,-8.2846337e+04,6.6263531e+05
4588,4.5870000e-01,-2.2572799e+06,-8.9613548e+04,7.2381965e+05
4589,4.5880000e-01,-2.4013819e+06,-9.4682525e+04,7.8337217e+05
4590,4.5890000e-01,-2.5373710e+06,-9.8663647e+04,8.3970793e+05
4591,4.5900000e-01,-2.6596884e+06,-1.0154541e+05,8.9005493e+05
4592,4.5910000e-01,-2.7630408e+06,-1.0252265e+05,9.3225570e+05
4593,4.5920000e-01,-2.8441120e+06,-1.0377695e+05,9.6419864e+05
4594,4.5930000e-01,-2.9003464e+06,-1.0376834e+05,9.8498052e+05
4595,4.5940000e-01,-2.9271497e+06,-1.0286150e+05,9.9249195e+05
4596,4.5950000e-01,-2.9242061e+06,-1.0124559e+05,9.8695857e+05
4597,4.5960000e-01,-2.8926764e+06,-9.8622467e+04,9.6907823e+05
4598,4.5970000e-01,-2.8344328e+06,-9.4732118e+04,9.3970066e+05
4599,4.5980000e-01,-2.7508133e+06,-8.9923874e+04,8.9970534e+05
4600,4.5990000e-01,-2.6450797e+06,-8.3939971e+04,8.5075791e+05
4601,4.6000000e-01,-2.5215307e+06,-7.7493206e+04,7.9466146e+05
4602,4.6010000e-01,-2.3850932e+06,-7.0133754e+04,7.3392733e+05
4603,4.6020000e-01,-2.2395418e+06,-6.2342539e+04,6.6958901e+05
4604,4.6030000e-01,-2.0883255e+06,-5.3683496e+04,6.0339919e+05
4605,4.6040000e-01,-1.9347719e+06,-4.5066873e+04,5.3674986e+05
4606,4.6050000e-01,-1.7823910e+06,-3.6453922e+04,4.7108456e+05
4607,4.6060000e-01,-1.6338944e+06,-2.7950687e+04,4.0746351e+05
4608,4.6070000e-01,-1.4913804e+06,-1.9700564e+04,3.4655769e+05
4609,4.6080000e-01,-1.3564080e+06,-1.1860832e+04,2.8893940e+05
4610,4.6090000e-01,-1.2299043e+06,-4.5452751e+03,2.3492031e+05
4611,4.6100000e-01,-1.1124783e+06,2.1986776e+03,1.8462111e+05
4612,4.6110000e-01,-1.0041025e+06,8.4538562e+03,1.3804654e+05
4613,4.6120000e-01,-9.0452352e+05,1.3919184e+04,9.5078717e+04
4614,4.6130000e-01,-8.1363552e+05,1.8743042e+04,5.5742302e+04
4615,4.6140000e-01,-7.3079922e+05,2.2922097e+04,1.9882394e+04
4616,4.6150000e-01,-6.5560837e+05,2.6528660e+04,-1.2737359e+04
4617,4.6160000e-01,-5.8738838e+05,2.9611569e+04,-4.2176008e+04
4618,4.6170000e-01,-5.2563075e+05,3.2251709e+04,-6.8527452e+04
4619,4.6180000e-01,-4.6974259e+05,3.4641172e+04,-9.1742634e+04
4620,4.6190000e-01,-4.1935587e+05,3.6762554e+04,-1.1185234e+05
4621,4.6200000e-01,-3.7611487e+05,3.8843233e+04,-1.2798405e+05
4622,4.6210000e-01,-3.3958661e+05,4.1095497e+04,-1.4156250e+05
4623,4.6220000e-01,-3.0779841e+05,4.3293019e+04,-1.5378579e+05
4624,4.6230000e-01,-2.7880768e+05,4.4921409e+04,-1.6526660e+05
4625,4.6240000e-01,-2.5116028e+05,4.5930232e+04,-1.7670047e+05
4626,4.6250000e-01,-2.2473460e+05,4.6317542e+04,-1.8772824e+05
4627,4.6260000e-01,-1.9985891e+05,4.5967846e+04,-1.9835865e+05
4628,4.6270000e-01,-1.7587211e+05,4.5200025e+04,-2.0873236e+05
4629,4.6280000e-01,-1.5283577e+05,4.3974740e+04,-2.1942962e+05
4630,4.6290000e-01,-1.3060405e+05,4.1968498e+04,-2.3051402e+05
4631,4.6300000e-01,-1.0868716e+05,3.9021138e+04,-2.4306273e+05
4632,4.6310000e-01,-8.5745571e+04,3.4832542e+04,-2.5924184e+05
4633,4.6320000e-01,-5.8016806e+04,2.9054034e+04,-2.8010070e+05
4634,4.6330000e-01,-2.2065250e+04,2.1512337e+04,-2.9886350e+05
4635,4.6340000e-01,1.7465072e+04,1.2594228e+04,-3.0843501e+05
4636,4.6350000e-01,5.3676046e+04,5.8755184e+03,-3.1184614e+05
4637,4.6360000e-01,8.4188049e+04,9.6840215e+02,-3.1185328e+05
4638,4.6370000e-01,1.1043164e+05,-1.0224247e+03,-3.1110652e+05
4639,4.6380000e-01,1.3434739e+05,-2.2119046e+03,-3.1039416e+05
4640,4.6390000e-01,1.5680775e+05,-2.9040573e+03,-3.0918666e+05
4641,4.6400000e-01,1.7818707e+05,-2.8301547e+03,-3.0705594e+05
4642,4.6410000e-01,1.9911797e+05,-2.2220032e+03,-3.0437211e+05
4643,4.6420000e-01,2.2015975e+05,-2.1613341e+03,-3.0124390e+05
4644,4.6430000e-01,2.4191324e+05,-2.8528901e+03,-2.9778718e+05
4645,4.6440000e-01,2.6520572e+05,-3.8627824e+03,-2.9423882e+05
4646,4.6450000e-01,2.8990840e+05,-5.6259296e+03,-2.9024684e+05
4647,4.6460000e-01,3.1632177e+05,-7.4555291e+03,-2.8583562e+05
4648,4.6470000e-01,3.4445639e+05,-9.5477336e+03,-2.8105834e+05
4649,4.6480000e-01,3.7412434e+05,-1.1904880e+04,-2.7565277e+05
4650,4.6490000e-01,4.0585922e+05,-1.4279741e+04,-2.7003515e+05
4651,4.6500000e-01,4.3985707e+05,-1.7202296e+04,-2.6416459e+05
4652,4.6510000e-01,4.7632926e+05,-2.0337597e+04,-2.5790329e+05
4653,4.6520000e-01,5.1528072e+05,-2.3716094e+04,-2.5118996e+05
4654,4.6530000e-01,5.5703265e+05,-2.7050449e+04,-2.4391841e+05
4655,4.6540000e-01,6.0234297e+05,-2.9908520e+04,-2.3622888e+05
4656,4.6550000e-01,6.5134935e+05,-3.1748429e+04,-2.2728292e+05
4657,4.6560000e-01,7.0456907e+05,-3.2229840e+04,-2.1693035e+05
4658,4.6570000e-01,7.6234061e+05,-3.0750256e+04,-2.0487844e+05
4659,4.6580000e-01,8.2492647e+05,-2.8695374e+04,-1.9126976e+05
4660,4.6590000e-01,8.9168319e+05,-2.7354187e+04,-1.7616621e+05
4661,4.6600000e-01,9.6266477e+05,-2.6338474e+04,-1.6030978e+05
4662,4.6610000e-01,1.0375758e+06,-2.5962756e+04,-1.4375090e+05
4663,4.6620000e-01,1.1160116e+06,-2.7303750e+04,-1.2686885e+05
4664,4.6630000e-01,1.1983016e+06,-2.8393118e+04,-1.0978482e+05
4665,4.6640000e-01,1.2840275e+06,-3.0580650e+04,-9.2172533e+04
4666,4.6650000e-01,1.3730304e+06,-3.1953791e+04,-7.3934226e+04
4667,4.6660000e-01,1.4651390e+06,-3.3615258e+04,-5.5345279e+04
4668,4.6670000e-01,1.5590118e+06,-3.5664044e+04,-3.6239707e+04
4669,4.6680000e-01,1.6544217e+06,-3.6996568e+04,-1.7335413e+04
4670,4.6690000e-01,1.7507179e+06,-3.7769206e+04,1.3827398e+03
4671,4.6700000e-01,1.8464416e+06,-3.9012474e+04,1.9486626e+04
4672,4.6710000e-01,1.9410130e+06,-4.0278862e+04,3.6284629e+04
4673,4.6720000e-01,2.0321944e+06,-4.2000124e+04,5.2104362e+04
4674,4.6730000e-01,2.1180080e+06,-4.2812276e+04,6.6567214e+04
4675,4.6740000e-01,2.1969315e+06,-4.3155807e+04,7.9176052e+04
4676,4.6750000e-01,2.2661512e+06,-4.3068612e+04,8.9970873e+04
4677,4.6760000e-01,2.3246324e+06,-4.2490563e+04,9.7786039e+04
4678,4.6770000e-01,2.3709172e+06,-4.1628804e+04,1.0256711e+05
4679,4.6780000e-01,2.4038986e+06,-4.0455516e+04,1.0424090e+05
4680,4.6790000e-01,2.4234827e+06,-3.8971775e+04,1.0230321e+05
4681,4.6800000e-01,2.4280141e+06,-3.7166060e+04,9.7582302e+04
4682,4.6810000e-01,2.4169699e+06,-3.4782783e+04,8.9958417e+04
4683,4.6820000e-01,2.3902730e+06,-3.1844312e+04,7.9534609e+04
4684,4.6830000e-01,2.3485082e+06,-2.8425108e+04,6.6539601e+04
4685,4.6840000e-01,2.2928020e+06,-2.4606983e+04,5.1300932e+04
4686,4.6850000e-01,2.2246460e+06,-2.0457648e+04,3.4207303e+04
4687,4.6860000e-01,2.1447641e+06,-1.5973096e+04,1.5997032e+04
4688,4.6870000e-01,2.0561176e+06,-1.1205078e+04,-3.5196816e+03
4689,4.6880000e-01,1.9611328e+06,-6.3970181e+03,-2.3736898e+04
4690,4.6890000e-01,1.8616310e+06,-1.5719120e+03,-4.4169963e+04
4691,4.6900000e-01,1.7592643e+06,3.2815369e+03,-6.4444805e+04
4692,4.6910000e-01,1.6557276e+06,8.1566348e+03,-8.4257666e+04
4693,4.6920000e-01,1.5522889e+06,1.3011608e+04,-1.0337536e+05
4694,4.6930000e-01,1.4501390e+06,1.7816041e+04,-1.2161663e+05
4695,4.6940000e-01,1.3509266e+06,2.2495321e+04,-1.3907949e+05
4696,4.6950000e-01,1.2549142e+06,2.6975725e+04,-1.5527974e+05
4697,4.6960000e-01,1.1625121e+06,3.1378356e+04,-1.7027237e+05
4698,4.6970000e-01,1.0741570e+06,3.5547098e+04,-1.8420183e+05
4699,4.6980000e-01,9.8991765e+05,3.9550696e+04,-1.9673102e+05
4700,4.6990000e-01,9.1054040e+05,4.3296474e+04,-2.0849473e+05
4701,4.7000000e-01,8.3628333e+05,4.6699170e+04,-2.1926250e+05
4702,4.7010000e-01,7.6717506e+05,4.8711830e+04,-2.3114813e+05
4703,4.7020000e-01,7.0293269e+05,5.1096018e+04,-2.4039296e+05
4704,4.7030000e-01,6.4310130e+05,5.3779109e+04,-2.4788791e+05
4705,4.7040000e-01,5.8739167e+05,5.6652347e+04,-2.5412472e+05
4706,4.7050000e-01,5.3638903e+05,5.7415356e+04,-2.6340517e+05
4707,4.7060000e-01,4.8923982e+05,5.8775502e+04,-2.6959763e+05
4708,4.7070000e-01,4.4489801e+05,6.0952199e+04,-2.7325312e+05
4709,4.7080000e-01,4.0411135e+05,6.4946181e+04,-2.7147530e+05
4710,4.7090000e-01,3.6760841e+05,6.5506442e+04,-2.8075650e+05
4711,4.7100000e-01,3.3372326e+05,6.7678068e+04,-2.8518921e+05
4712,4.7110000e-01,3.0062867e+05,7.1046415e+04,-2.8636263e+05
4713,4.7120000e-01,2.7024607e+05,7.4971315e+04,-2.8124297e+05
4714,4.7130000e-01,2.4237115e+05,7.8244498e+04,-2.7928249e+05
4715,4.7140000e-01,2.1867080e+05,7.8762188e+04,-2.8550921e+05
4716,4.7150000e-01,1.9564608e+05,7.8962143e+04,-2.8785935e+05
4717,4.7160000e-01,1.7069344e+05,7.8992981e+04,-2.8703316e+05
4718,4.7170000e-01,1.4690066e+05,7.9389632e+04,-2.7923543e+05
4719,4.7180000e-01,1.2254391e+05,8.0197581e+04,-2.7579981e+05
4720,4.7190000e-01,9.6813071e+04,8.0498075e+04,-2.7479735e+05
4721,4.7200000e-01,7.0200696e+04,8.0165601e+04,-2.7487278e+05
4722,4.7210000e-01,4.1952234e+04,7.9815805e+04,-2.7307737e+05
4723,4.7220000e-01,1.2932056e+04,7.8359499e+04,-2.7217086e+05
4724,4.7230000e-01,-1.6555918e+04,7.5618553e+04,-2.7335753e+05
4725,4.7240000e-01,-4.5936677e+04,7.1518113e+04,-2.7150604e+05
4726,4.7250000e-01,-7.4579118e+04,6.6024515e+04,-2.6952113e+05
4727,4.7260000e-01,-1.0281754e+05,5.9997689e+04,-2.6608855e+05
4728,4.7270000e-01,-1.3060443e+05,5.4618936e+04,-2.5957776e+05
4729,4.7280000e-01,-1.5755046e+05,5.1606766e+04,-2.4963159e+05
4730,4.7290000e-01,-1.8292337e+05,5.1873476e+04,-2.3542638e+05
4731,4.7300000e-01,-2.0723036e+05,5.3683515e+04,-2.2427557e+05
4732,4.7310000e-01,-2.3249550e+05,5.3321459e+04,-2.1955035e+05
4733,4.7320000e-01,-2.6155260e+05,4.9813656e+04,-2.1855311e+05
4734,4.7330000e-01,-2.9559243e+05,4.4146560e+04,-2.1509374e+05
4735,4.7340000e-01,-3.3424460e+05,3.7866988e+04,-2.0600851e+05
4736,4.7350000e-01,-3.7616094e+05,3.1257501e+04,-1.9027691e+05
4737,4.7360000e-01,-4.1930735e+05,2.6079003e+04,-1.7232458e+05
4738,4.7370000e-01,-4.6269526e+05,2.1711714e+04,-1.5400869e+05
4739,4.7380000e-01,-5.0758776e+05,1.6677010e+04,-1.3505891e+05
4740,4.7390000e-01,-5.5451374e+05,1.1757281e+04,-1.1459490e+05
4741,4.7400000e-01,-6.0477448e+05,7.1328683e+03,-9.2121733e+04
4742,4.7410000e-01,-6.5898293e+05,2.1082345e+03,-6.7246091e+04
4743,4.7420000e-01,-7.1804473e+05,-3.0145986e+03,-3.9683847e+04
4744,4.7430000e-01,-7.8246464e+05,-8.5237935e+03,-9.1728183e+03
4745,4.7440000e-01,-8.5281647e+05,-1.3782260e+04,2.4646096e+04
4746,4.7450000e-01,-9.2989240e+05,-1.9029148e+04,6.2112172e+04
4747,4.7460000e-01,-1.0136355e+06,-2.4402062e+04,1.0313998e+05
4748,4.7470000e-01,-1.1047557e+06,-2.9595951e+04,1.4815524e+05
4749,4.7480000e-01,-1.1901703e+06,-1.0261383e+04,2.2094242e+05
4750,4.7490000e-01,-1.2808355e+06,-1.2986568e+04,2.9059908e+05
4751,4.7500000e-01,-1.3829679e+06,-2.6690369e+04,3.5150052e+05
4752,4.7510000e-01,-1.4983936e+06,-4.2533129e+04,4.0726878e+05
4753,4.7520000e-01,-1.6265159e+06,-5.6833101e+04,4.6224264e+05
4754,4.7530000e-01,-1.7644294e+06,-6.7299471e+04,5.1900844e+05
4755,4.7540000e-01,-1.9095504e+06,-7.6514217e+04,5.7808583e+05
4756,4.7550000e-01,-2.0589734e+06,-8.2741992e+04,6.3912200e+05
4757,4.7560000e-01,-2.2094425e+06,-8.9455883e+04,7.0096095e+05
4758,4.7570000e-01,-2.3561068e+06,-9.4607104e+04,7.6175417e+05
4759,4.7580000e-01,-2.4962894e+06,-9.9134554e+04,8.2000649e+05
4760,4.7590000e-01,-2.6238762e+06,-1.0198731e+05,8.7294162e+05
4761,4.7600000e-01,-2.7335913e+06,-1.0283176e+05,9.1836597e+05
4762,4.7610000e-01,-2.8229458e+06,-1.0396169e+05,9.5440447e+05
4763,4.7620000e-01,-2.8873785e+06,-1.0385608e+05,9.7923475e+05
4764,4.7630000e-01,-2.9232436e+06,-1.0293418e+05,9.9115162e+05
4765,4.7640000e-01,-2.9297014e+06,-1.0076651e+05,9.9021999e+05
4766,4.7650000e-01,-2.9074646e+06,-9.8723574e+04,9.7655012e+05
4767,4.7660000e-01,-2.8573716e+06,-9.5135987e+04,9.5095402e+05
4768,4.7670000e-01,-2.7814104e+06,-9.0498891e+04,9.1440520e+05
4769,4.7680000e-01,-2.6822739e+06,-8.4623664e+04,8.6831383e+05
4770,4.7690000e-01,-2.5642254e+06,-7.8117979e+04,8.1448424e+05
4771,4.7700000e-01,-2.4322161e+06,-7.0997238e+04,7.5557064e+05
4772,4.7710000e-01,-2.2894388e+06,-6.3481608e+04,6.9231091e+05
4773,4.7720000e-01,-2.1399230e+06,-5.4971350e+04,6.2663498e+05
4774,4.7730000e-01,-1.9872374e+06,-4.6414695e+04,5.6006282e+05
4775,4.7740000e-01,-1.8345529e+06,-3.7783825e+04,4.9401577e+05
4776,4.7750000e-01,-1.6847447e+06,-2.9222152e+04,4.2964043e+05
4777,4.7760000e-01,-1.5403298e+06,-2.0887104e+04,3.6780956e+05
4778,4.7770000e-01,-1.4027998e+06,-1.2909626e+04,3.0903462e+05
4779,4.7780000e-01,-1.2733578e+06,-5.4401022e+03,2.5375128e+05
4780,4.7790000e-01,-1.1527449e+06,1.4873363e+03,2.0215443e+05
4781,4.7800000e-01,-1.0412396e+06,7.9295905e+03,1.5429630e+05
4782,4.7810000e-01,-9.3877013e+05,1.3579963e+04,1.1015441e+05
4783,4.7820000e-01,-8.4502621e+05,1.8597499e+04,6.9543989e+04
4784,4.7830000e-01,-7.5940340e+05,2.2921738e+04,3.2412814e+04
4785,4.7840000e-01,-6.8148731e+05,2.6647815e+04,-1.3804087e+03
4786,4.7850000e-01,-6.1073540e+05,2.9842540e+04,-3.1923827e+04
4787,4.7860000e-01,-5.4662571e+05,3.2578178e+04,-5.9377036e+04
4788,4.7870000e-01,-4.8859238e+05,3.5008914e+04,-8.3810067e+04
4789,4.7880000e-01,-4.3611448e+05,3.7087501e+04,-1.0512714e+05
4790,4.7890000e-01,-3.9030915e+05,3.9073887e+04,-1.2254890e+05
4791,4.7900000e-01,-3.5144479e+05,4.1308233e+04,-1.3679972e+05
4792,4.7910000e-01,-3.1803426e+05,4.3452054e+04,-1.4940379e+05
4793,4.7920000e-01,-2.8804354e+05,4.5205759e+04,-1.6106503e+05
4794,4.7930000e-01,-2.5973393e+05,4.6478024e+04,-1.7252064e+05
4795,4.7940000e-01,-2.3284755e+05,4.6890311e+04,-1.8359686e+05
4796,4.7950000e-01,-2.0765998e+05,4.6801303e+04,-1.9419580e+05
4797,4.7960000e-01,-1.8373838e+05,4.6227694e+04,-2.0465332e+05
4798,4.7970000e-01,-1.6040858e+05,4.5130389e+04,-2.1499868e+05
4799,4.7980000e-01,-1.3777582e+05,4.3452396e+04,-2.2571610e+05
4800,4.7990000e-01,-1.1575812e+05,4.0847228e+04,-2.3763618e+05
4801,4.8000000e-01,-9.3402919e+04,3.7092868e+04,-2.5260138e+05
4802,4.8010000e-01,-6.7690035e+04,3.1776913e+04,-2.7284579e+05
4803,4.8020000e-01,-3.4427123e+04,2.4504175e+04,-2.9342273e+05
4804,4.8030000e-01,4.7711692e+03,1.5872918e+04,-3.0598232e+05
4805,4.8040000e-01,4.2736603e+04,7.6670493e+03,-3.1146990e+05
4806,4.8050000e-01,7.5327723e+04,2.3464084e+03,-3.1231610e+05
4807,4.8060000e-01,1.0243320e+05,-5.1909248e+02,-3.1157305e+05
4808,4.8070000e-01,1.2627003e+05,-2.4639087e+03,-3.1073507e+05
4809,4.8080000e-01,1.4889633e+05,-2.9992939e+03,-3.0981906e+05
4810,4.8090000e-01,1.7070628e+05,-2.5611949e+03,-3.0783433e+05
4811,4.8100000e-01,1.9182908e+05,-2.3123625e+03,-3.0538204e+05
4812,4.8110000e-01,2.1273120e+05,-2.4863728e+03,-3.0249320e+05
4813,4.8120000e-01,2.3420331e+05,-2.8843864e+03,-2.9915735e+05
4814,4.8130000e-01,2.5705874e+05,-3.7433496e+03,-2.9570940e+05
4815,4.8140000e-01,2.8127934e+05,-5.3106165e+03,-2.9178613e+05
4816,4.8150000e-01,3.0696216e+05,-7.2841530e+03,-2.8751425e+05
4817,4.8160000e-01,3.3448263e+05,-9.2419181e+03,-2.8285702e+05
4818,4.8170000e-01,3.6373768e+05,-1.1518351e+04,-2.7785319e+05
4819,4.8180000e-01,3.9480850e+05,-1.3843022e+04,-2.7215911e+05
4820,4.8190000e-01,4.2803963e+05,-1.6480674e+04,-2.6628438e+05
4821,4.8200000e-01,4.6359638e+05,-1.9570786e+04,-2.6012541e+05
4822,4.8210000e-01,5.0158102e+05,-2.3029557e+04,-2.5360517e+05
4823,4.8220000e-01,5.4225378e+05,-2.6504167e+04,-2.4658551e+05
4824,4.8230000e-01,5.8601794e+05,-2.9677478e+04,-2.3890442e+05
4825,4.8240000e-01,6.3370378e+05,-3.1981070e+04,-2.3063978e+05
4826,4.8250000e-01,6.8553334e+05,-3.3072965e+04,-2.2091641e+05
4827,4.8260000e-01,7.4174606e+05,-3.2268340e+04,-2.0952149e+05
4828,4.8270000e-01,8.0267181e+05,-3.0559885e+04,-1.9652364e+05
4829,4.8280000e-01,8.6833001e+05,-2.8091023e+04,-1.8197091e+05
4830,4.8290000e-01,9.3794260e+05,-2.6775281e+04,-1.6604319e+05
4831,4.8300000e-01,1.0115209e+06,-2.6469319e+04,-1.4963128e+05
4832,4.8310000e-01,1.0887302e+06,-2.7546532e+04,-1.3288955e+05
4833,4.8320000e-01,1.1695033e+06,-2.8436915e+04,-1.1557835e+05
4834,4.8330000e-01,1.2540629e+06,-3.0376842e+04,-9.8344496e+04
4835,4.8340000e-01,1.3420888e+06,-3.1755295e+04,-8.0327387e+04
4836,4.8350000e-01,1.4331650e+06,-3.3470067e+04,-6.1883044e+04
4837,4.8360000e-01,1.5263586e+06,-3.5569967e+04,-4.2852203e+04
4838,4.8370000e-01,1.6214438e+06,-3.6943670e+04,-2.3931527e+04
4839,4.8380000e-01,1.7177576e+06,-3.7748662e+04,-5.0948152e+03
4840,4.8390000e-01,1.8138885e+06,-3.9025577e+04,1.3224561e+04
4841,4.8400000e-01,1.9093147e+06,-4.0337427e+04,3.0349249e+04
4842,4.8410000e-01,2.0018798e+06,-4.2113347e+04,4.6622897e+04
4843,4.8420000e-01,2.0896643e+06,-4.3004340e+04,6.1674431e+04
4844,4.8430000e-01,2.1711753e+06,-4.3437795e+04,7.5008948e+04
4845,4.8440000e-01,2.2436119e+06,-4.3454448e+04,8.6631607e+04
4846,4.8450000e-01,2.3058985e+06,-4.2991254e+04,9.5384688e+04
4847,4.8460000e-01,2.3567504e+06,-4.2263134e+04,1.0118818e+05
4848,4.8470000e-01,2.3944836e+06,-4.1222082e+04,1.0393114e+05
4849,4.8480000e-01,2.4181280e+06,-3.9799149e+04,1.0352462e+05
4850,4.8490000e-01,2.4278399e+06,-3.8018107e+04,9.9508036e+04
4851,4.8500000e-01,2.4222399e+06,-3.5891371e+04,9.2766606e+04
4852,4.8510000e-01,2.4010931e+06,-3.3190731e+04,8.3257194e+04
4853,4.8520000e-01,2.3646295e+06,-2.9945673e+04,7.1123094e+04
4854,4.8530000e-01,2.3137165e+06,-2.6242061e+04,5.6634417e+04
4855,4.8540000e-01,2.2497253e+06,-2.2169317e+04,4.0151293e+04
4856,4.8550000e-01,2.1733184e+06,-1.7738623e+04,2.2405045e+04
4857,4.8560000e-01,2.0874492e+06,-1.3005467e+04,3.2110632e+03
4858,4.8570000e-01,1.9945573e+06,-8.2150253e+03,-1.6838995e+04
4859,4.8580000e-01,1.8965681e+06,-3.3985160e+03,-3.7237804e+04
4860,4.8590000e-01,1.7950109e+06,1.4660638e+03,-5.7592182e+04
4861,4.8600000e-01,1.6916866e+06,6.3650851e+03,-7.7580594e+04
4862,4.8610000e-01,1.5879818e+06,1.1260497e+04,-9.6948312e+04
4863,4.8620000e-01,1.4851677e+06,1.6107333e+04,-1.1549904e+05
4864,4.8630000e-01,1.3849808e+06,2.0851114e+04,-1.3331398e+05
4865,4.8640000e-01,1.2877338e+06,2.5402842e+04,-1.4987854e+05
4866,4.8650000e-01,1.1938934e+06,2.9879685e+04,-1.6525833e+05
4867,4.8660000e-01,1.1039662e+06,3.4142773e+04,-1.7957751e+05
4868,4.8670000e-01,1.0180606e+06,3.8272778e+04,-1.9240292e+05
4869,4.8680000e-01,9.3699153e+05,4.2159553e+04,-2.0448855e+05
4870,4.8690000e-01,8.6105800e+05,4.5664468e+04,-2.1563592e+05
4871,4.8700000e-01,7.9026651e+05,4.7452331e+04,-2.2843969e+05
4872,4.8710000e-01,7.2442537e+05,5.0050135e+04,-2.3769728e+05
4873,4.8720000e-01,6.6310623e+05,5.2939307e+04,-2.4528118e+05
4874,4.8730000e-01,6.0599951e+05,5.5945821e+04,-2.5174710e+05
4875,4.8740000e-01,5.5371066e+05,5.6811380e+04,-2.6118557e+05
4876,4.8750000e-01,5.0537938e+05,5.8284704e+04,-2.6760553e+05
4877,4.8760000e-01,4.5991621e+05,6.0478891e+04,-2.7164175e+05
4878,4.8770000e-01,4.1714799e+05,6.3035943e+04,-2.7435640e+05
4879,4.8780000e-01,3.7943545e+05,6.4037619e+04,-2.8056424e+05
4880,4.8790000e-01,3.4507261e+05,6.6757294e+04,-2.8358445e+05
4881,4.8800000e-01,3.1168218e+05,7.0049438e+04,-2.8456268e+05
4882,4.8810000e-01,2.7899212e+05,7.3764737e+04,-2.8456879e+05
4883,4.8820000e-01,2.4931180e+05,7.7496212e+04,-2.7890490e+05
4884,4.8830000e-01,2.2601968e+05,7.8351478e+04,-2.8436355e+05
4885,4.8840000e-01,2.0404917e+05,7.8679790e+04,-2.8652431e+05
4886,4.8850000e-01,1.7986789e+05,7.9126561e+04,-2.8577627e+05
4887,4.8860000e-01,1.5664072e+05,7.9567015e+04,-2.7797074e+05
4888,4.8870000e-01,1.3255249e+05,8.0589329e+04,-2.7464492e+05
4889,4.8880000e-01,1.0678742e+05,8.1281031e+04,-2.7399141e+05
4890,4.8890000e-01,8.0058702e+04,8.1222510e+04,-2.7437528e+05
4891,4.8900000e-01,5.2551000e+04,8.0539152e+04,-2.7453564e+05
4892,4.8910000e-01,2.3915184e+04,7.9705484e+04,-2.7254575e+05
4893,4.8920000e-01,-4.8828509e+03,7.7608573e+04,-2.7186832e+05
4894,4.8930000e-01,-3.4677094e+04,7.4153539e+04,-2.7143352e+05
4895,4.8940000e-01,-6.4120271e+04,6.9165468e+04,-2.7036529e+05
4896,4.8950000e-01,-9.2729586e+04,6.3340550e+04,-2.6698854e+05
4897,4.8960000e-01,-1.2087893e+05,5.7127595e+04,-2.6366931e+05
4898,4.8970000e-01,-1.4832120e+05,5.1946198e+04,-2.5659287e+05
4899,4.8980000e-01,-1.7503860e+05,4.9195980e+04,-2.4773344e+05
4900,4.8990000e-01,-2.0046007e+05,4.9013029e+04,-2.3479511e+05
4901,4.9000000e-01,-2.2520444e+05,5.1628533e+04,-2.2314136e+05
4902,4.9010000e-01,-2.5200624e+05,5.0650595e+04,-2.1786483e+05
4903,4.9020000e-01,-2.8355479e+05,4.6472944e+04,-2.1513149e+05
4904,4.9030000e-01,-3.2044955e+05,4.0813789e+04,-2.0842226e+05
4905,4.9040000e-01,-3.6252900e+05,3.4678472e+04,-1.9349556e+05
4906,4.9050000e-01,-4.0603287e+05,2.9093521e+04,-1.7520124e+05
4907,4.9060000e-01,-4.4960497e+05,2.4751805e+04,-1.5732290e+05
4908,4.9070000e-01,-4.9352731e+05,1.9905523e+04,-1.3897654e+05
4909,4.9080000e-01,-5.3952887e+05,1.4597359e+04,-1.1955640e+05
4910,4.9090000e-01,-5.8838916e+05,9.5109431e+03,-9.8272013e+04
4911,4.9100000e-01,-6.4078209e+05,4.6826800e+03,-7.4614502e+04
4912,4.9110000e-01,-6.9786539e+05,-4.7541890e+02,-4.8315568e+04
4913,4.9120000e-01,-7.6010061e+05,-5.7830813e+03,-1.9075980e+04
4914,4.9130000e-01,-8.2818509e+05,-1.1421024e+04,1.3310602e+04
4915,4.9140000e-01,-9.0292346e+05,-1.6783232e+04,4.9321176e+04
4916,4.9150000e-01,-9.8420970e+05,-2.2201263e+04,8.8901134e+04
4917,4.9160000e-01,-1.0726620e+06,-2.7431284e+04,1.3241365e+05
4918,4.9170000e-01,-1.1552725e+06,-9.1530060e+03,2.0380104e+05
4919,4.9180000e-01,-1.2428466e+06,-1.2694626e+04,2.7211805e+05
4920,4.9190000e-01,-1.3419639e+06,-2.6917434e+04,3.3168483e+05
4921,4.9200000e-01,-1.4547582e+06,-4.3612004e+04,3.8607095e+05
4922,4.9210000e-01,-1.5805053e+06,-5.7498448e+04,4.3995695e+05
4923,4.9220000e-01,-1.7164936e+06,-6.7952150e+04,4.9580706e+05
4924,4.9230000e-01,-1.8603121e+06,-7.7190565e+04,5.5427829e+05
4925,4.9240000e-01,-2.0093228e+06,-8.3445080e+04,6.1516771e+05
4926,4.9250000e-01,-2.1595615e+06,-8.9526126e+04,6.7719260e+05
4927,4.9260000e-01,-2.3081983e+06,-9.5218491e+04,7.3897462e+05
4928,4.9270000e-01,-2.4502082e+06,-9.9203840e+04,7.9832906e+05
4929,4.9280000e-01,-2.5813886e+06,-1.0211134e+05,8.5335025e+05
4930,4.9290000e-01,-2.6983337e+06,-1.0354278e+05,9.0210443e+05
4931,4.9300000e-01,-2.7954085e+06,-1.0412785e+05,9.4195136e+05
4932,4.9310000e-01,-2.8689298e+06,-1.0456922e+05,9.7100262e+05
4933,4.9320000e-01,-2.9143722e+06,-1.0373415e+05,9.8733405e+05
4934,4.9330000e-01,-2.9308403e+06,-1.0175974e+05,9.9108835e+05
4935,4.9340000e-01,-2.9195571e+06,-9.9510010e+04,9.8221231e+05
4936,4.9350000e-01,-2.8800071e+06,-9.6244465e+04,9.6110136e+05
4937,4.9360000e-01,-2.8131119e+06,-9.1827138e+04,9.2842254e+05
4938,4.9370000e-01,-2.7218006e+06,-8.6162637e+04,8.8564214e+05
4939,4.9380000e-01,-2.6102081e+06,-7.9737275e+04,8.3444972e+05
4940,4.9390000e-01,-2.4819573e+06,-7.2749752e+04,7.7672022e+05
4941,4.9400000e-01,-2.3424496e+06,-6.5023371e+04,7.1508650e+05
4942,4.9410000e-01,-2.1946081e+06,-5.6883860e+04,6.5010866e+05
4943,4.9420000e-01,-2.0419442e+06,-4.7971842e+04,5.8364076e+05
4944,4.9430000e-01,-1.8879881e+06,-3.9180022e+04,5.1716479e+05
4945,4.9440000e-01,-1.7361642e+06,-3.0469421e+04,4.5202604e+05
4946,4.9450000e-01,-1.5889861e+06,-2.1955673e+04,3.8914045e+05
4947,4.9460000e-01,-1.4484266e+06,-1.3800993e+04,3.2917902e+05
4948,4.9470000e-01,-1.3157557e+06,-6.1320518e+03,2.7261063e+05
4949,4.9480000e-01,-1.1918437e+06,9.9735060e+02,2.1971929e+05
4950,4.9490000e-01,-1.0770262e+06,7.6512727e+03,1.7053878e+05
4951,4.9500000e-01,-9.7122401e+05,1.3550258e+04,1.2505495e+05
4952,4.9510000e-01,-8.7431482e+05,1.8706006e+04,8.3156695e+04
4953,4.9520000e-01,-7.8582592e+05,2.3195897e+04,4.4838249e+04
4954,4.9530000e-01,-7.0542721e+05,2.7064380e+04,9.9525806e+03
4955,4.9540000e-01,-6.3244103e+05,3.0371678e+04,-2.1725001e+04
4956,4.9550000e-01,-5.6635866e+05,3.3155205e+04,-5.0242955e+04
4957,4.9560000e-01,-5.0651834e+05,3.5594274e+04,-7.5720566e+04
4958,4.9570000e-01,-4.5231739e+05,3.7644819e+04,-9.8113350e+04
4959,4.9580000e-01,-4.0438693e+05,3.9546710e+04,-1.1679622e+05
4960,4.9590000e-01,-3.6368386e+05,4.1644830e+04,-1.3188585e+05
4961,4.9600000e-01,-3.2903139e+05,4.3750693e+04,-1.4480714e+05
4962,4.9610000e-01,-2.9835255e+05,4.5615648e+04,-1.5660167e+05
4963,4.9620000e-01,-2.6998717e+05,4.7058829e+04,-1.6780689e+05
4964,4.9630000e-01,-2.4270019e+05,4.7728102e+04,-1.7898232e+05
4965,4.9640000e-01,-2.1654574e+05,4.7800582e+04,-1.8987954e+05
4966,4.9650000e-01,-1.9186216e+05,4.7324595e+04,-2.0041209e+05
4967,4.9660000e-01,-1.6808780e+05,4.6391184e+04,-2.1072231e+05
4968,4.9670000e-01,-1.4528277e+05,4.4915352e+04,-2.2153984e+05
4969,4.9680000e-01,-1.2324996e+05,4.2515276e+04,-2.3310317e+05
4970,4.9690000e-01,-1.0119547e+05,3.9054632e+04,-2.4688390e+05
4971,4.9700000e-01,-7.7015889e+04,3.4112019e+04,-2.6562020e+05
4972,4.9710000e-01,-4.5993007e+04,2.7465717e+04,-2.8750344e+05
4973,4.9720000e-01,-7.3704668e+03,1.8924760e+04,-3.0277003e+05
4974,4.9730000e-01,3.1614314e+04,1.0056030e+04,-3.1006711e+05
4975,4.9740000e-01,6.5482625e+04,4.0385640e+03,-3.1183983e+05
4976,4.9750000e-01,9.3627500e+04,5.5911475e+01,-3.1176002e+05
4977,4.9760000e-01,1.1816264e+05,-2.0139175e+03,-3.1118709e+05
4978,4.9770000e-01,1.4144002e+05,-2.5067113e+03,-3.1042148e+05
4979,4.9780000e-01,1.6356870e+05,-2.6225021e+03,-3.0870132e+05
4980,4.9790000e-01,1.8492149e+05,-2.4346941e+03,-3.0645599e+05
4981,4.9800000e-01,2.0587644e+05,-2.5305674e+03,-3.0372840e+05
4982,4.9810000e-01,2.2716946e+05,-2.6167963e+03,-3.0046040e+05
4983,4.9820000e-01,2.4944582e+05,-3.6625105e+03,-2.9715682e+05
4984,4.9830000e-01,2.7308461e+05,-5.0475658e+03,-2.9332632e+05
4985,4.9840000e-01,2.9809707e+05,-6.9598991e+03,-2.8914876e+05
4986,4.9850000e-01,3.2491890e+05,-8.8316729e+03,-2.8458705e+05
4987,4.9860000e-01,3.5356240e+05,-1.0994739e+04,-2.7967924e+05
4988,4.9870000e-01,3.8382232e+05,-1.3409389e+04,-2.7413707e+05
4989,4.9880000e-01,4.1621483e+05,-1.5867238e+04,-2.6838389e+05
4990,4.9890000e-01,4.5093180e+05,-1.8891594e+04,-2.6237539e+05
4991,4.9900000e-01,4.8818150e+05,-2.2145235e+04,-2.5597258e+05
4992,4.9910000e-01,5.2796366e+05,-2.5657213e+04,-2.4911595e+05
4993,4.9920000e-01,5.7063892e+05,-2.9010215e+04,-2.4166648e+05
4994,4.9930000e-01,6.1699856e+05,-3.1759646e+04,-2.3374712e+05
4995,4.9940000e-01,6.6716701e+05,-3.3432021e+04,-2.2451357e+05
4996,4.9950000e-01,7.2166226e+05,-3.3702904e+04,-2.1382179e+05
4997,4.9960000e-01,7.8081844e+05,-3.1963242e+04,-2.0137951e+05
4998,4.9970000e-01,8.4482801e+05,-3.0046168e+04,-1.8744198e+05
4999,4.9980000e-01,9.1300752e+05,-2.8293083e+04,-1.7190518e+05
5000,4.9990000e-01,9.8535571e+05,-2.7361506e+04,-1.5570302e+05
5001,5.0000000e-01,1.0615714e+06,-2.7161558e+04,-1.3887450e+05
