theta1	omega1	alpha1	theta2	omega2	alpha2
1.000000000000000000e+00	0.000000000000000000e+00	-8.802452908096629614e+00	5.000000000000000000e-01	2.999999999999999889e-01	1.510544219537234945e+00
9.998900687200755755e-01	-4.399212412317880100e-02	-8.802198943734051539e+00	5.015181815458894521e-01	3.075436130513288235e-01	1.508101510724060290e+00
9.995602822732888582e-01	-8.798113433682361317e-02	-8.801186815116608386e+00	5.030740346858750822e-01	3.150758528582501827e-01	1.506321367245647025e+00
9.990106655410045944e-01	-1.319632063381551146e-01	-8.799419743031265284e+00	5.046675134214142489e-01	3.226015291725738421e-01	1.505468772218392814e+00
9.982412625932964856e-01	-1.759345183446284211e-01	-8.796878359408736969e+00	5.062985967234271412e-01	3.301252377038045305e-01	1.505528724616965519e+00
9.972521365423101525e-01	-2.198911536385141363e-01	-8.793543696932928810e+00	5.079672853933712151e-01	3.376514435288892058e-01	1.506462658769180507e+00
9.960433709813741876e-01	-2.638291040562224521e-01	-8.789397013017207883e+00	5.096736031470153749e-01	3.451844267155215751e-01	1.508232966019562582e+00
9.946150696544735492e-01	-3.077442535590556028e-01	-8.784414889177810437e+00	5.114175941956594640e-01	3.527282532523044467e-01	1.510793343590137283e+00
9.929673574920342416e-01	-3.516323634712886781e-01	-8.778571779398987474e+00	5.131993228954364605e-01	3.602867480980604387e-01	1.514094090410054605e+00
9.911003801116083922e-01	-3.954890612518570658e-01	-8.771838277217369750e+00	5.150188712401712055e-01	3.678634763074580261e-01	1.518078306643815267e+00
9.890143057692067918e-01	-4.393098174338062600e-01	-8.764182284420655833e+00	5.168763386094717971e-01	3.754617011108917768e-01	1.522684469921671280e+00
9.867093258050725346e-01	-4.830899314522070775e-01	-8.755567942605182452e+00	5.187718398400644748e-01	3.830843597464488326e-01	1.527844520618941715e+00
9.841856555437920040e-01	-5.268245148697136004e-01	-8.745954396513582196e+00	5.207055035235368390e-01	3.907340346282422439e-01	1.533481875562586083e+00
9.814435351613244318e-01	-5.705084751721894998e-01	-8.735301897069746246e+00	5.226774703652792287e-01	3.984129254696548439e-01	1.539521784914171576e+00
9.784832303503405715e-01	-6.141365049481051219e-01	-8.723562818108518968e+00	5.246878919473697556e-01	4.061228311382355516e-01	1.545876382689584716e+00
9.753050346781437785e-01	-6.577030443354076050e-01	-8.710684991549840106e+00	5.267369263508349109e-01	4.138650868808432248e-01	1.552449850128567732e+00
9.719092701816174351e-01	-7.012022671405386820e-01	-8.696615060871920377e+00	5.288247369981446955e-01	4.216405395864993300e-01	1.559144806672520644e+00
9.682962883373751328e-01	-7.446280818119050959e-01	-8.681297240697858797e+00	5.309514910802177745e-01	4.294495541139033423e-01	1.565860184060198890e+00
9.644664717367245066e-01	-7.879740957344179009e-01	-8.664668953077807600e+00	5.331173563291098372e-01	4.372919508831373814e-01	1.572483267388435024e+00
9.604202359451440296e-01	-8.312335975597493487e-01	-8.646664710812899557e+00	5.353224977792173656e-01	4.451669798868293504e-01	1.578897306152583724e+00
9.561580306995068890e-01	-8.743995392704269065e-01	-8.627215198334283741e+00	5.375670755606180018e-01	4.530732909025184107e-01	1.584978938538597504e+00
9.516803419529178409e-01	-9.174645153187127589e-01	-8.606246678803302075e+00	5.398512413151133060e-01	4.610089013238824474e-01	1.590598442292957770e+00
9.469876936451896432e-01	-9.604207426864913577e-01	-8.583681860797184981e+00	5.421751350593593255e-01	4.689711649323463627e-01	1.595619992182662372e+00
9.420806494390195907e-01	-1.003260041489535181e+00	-8.559439145873852794e+00	5.445388821183131389e-01	4.769567413265282663e-01	1.599901654203051748e+00
9.369598151742398739e-01	-1.045973814132927782e+00	-8.533433063331131052e+00	5.469425889112653483e-01	4.849615650957231905e-01	1.603295150757759302e+00
9.316258406049076068e-01	-1.088553026510325816e+00	-8.505574470566443779e+00	5.493863398848969348e-01	4.929808160187543198e-01	1.605647163590560922e+00
9.260794225604703778e-01	-1.130988189231922236e+00	-8.475770057509066646e+00	5.518701922317722497e-01	5.010088930601556134e-01	1.606797605699824771e+00
9.203213054116211600e-01	-1.173269335841537808e+00	-8.443922427966185751e+00	5.543941747586156321e-01	5.090393769996361950e-01	1.606579862145991910e+00
9.143522834920084774e-01	-1.215386003522221481e+00	-8.409930403780549568e+00	5.569582837475710591e-01	5.170650017391029696e-01	1.604821708421468429e+00
9.081732054922900810e-01	-1.257327220923743605e+00	-8.373692012668357165e+00	5.595624758072007543e-01	5.250776409352879703e-01	1.601351910668142864e+00
9.017849779748362549e-01	-1.299081493254949038e+00	-8.335098934904976886e+00	5.622066620676895443e-01	5.330682884269377642e-01	1.595987775633204819e+00
8.951885652047112396e-01	-1.340636775611480092e+00	-8.294040212187951511e+00	5.648907080058346297e-01	5.410270122287982320e-01	1.588543175679035357e+00
8.883849931116650778e-01	-1.381980472130696969e+00	-8.250406151973947999e+00	5.676144270499309252e-01	5.489429560904595107e-01	1.578834045213056925e+00
8.813753518783088436e-01	-1.423099420762927059e+00	-8.204079400423893276e+00	5.703775762104502656e-01	5.568043170171145251e-01	1.566664874640594007e+00
8.741607982117679532e-01	-1.463979868068930656e+00	-8.154941838782747254e+00	5.731798521264578339e-01	5.645983078041685310e-01	1.551839156705796086e+00
8.667425595142720374e-01	-1.504607483689815561e+00	-8.102880009856448851e+00	5.760208843575508331e-01	5.723111808425217495e-01	1.534167963281845459e+00
8.591219368237108522e-01	-1.544967351203474282e+00	-8.047772756399353966e+00	5.789002304869150795e-01	5.799282151959637144e-01	1.513450582826806112e+00
8.513003069917063348e-01	-1.585043955552760675e+00	-7.989502969105046759e+00	5.818173723809817455e-01	5.874336968783879787e-01	1.489492131817769405e+00
8.432791255832254862e-01	-1.624821194655944323e+00	-7.927950877039620536e+00	5.847717113954833401e-01	5.948109354003418003e-01	1.462094023045381164e+00
8.350599300835354066e-01	-1.664282366672204194e+00	-7.862999661820140318e+00	5.877625630566625237e-01	6.020422463905721333e-01	1.431061967799450940e+00
8.266443430329193376e-01	-1.703410207174228974e+00	-7.794536788708683162e+00	5.907891518919453633e-01	6.091090050898161357e-01	1.396207855966110856e+00
8.180340747934514711e-01	-1.742186872881712478e+00	-7.722447055111615555e+00	5.938506068043460928e-01	6.159916228702446706e-01	1.357339675796254141e+00
8.092309261062662351e-01	-1.780593979438123808e+00	-7.646627459626301970e+00	5.969459567384867160e-01	6.226696004999988654e-01	1.314282651357700615e+00
8.002367909746310737e-01	-1.818612614962907381e+00	-7.566969924106842882e+00	6.000741258750154072e-01	6.291215474676734587e-01	1.266854921010178714e+00
7.910536593002300831e-01	-1.856223358492448572e+00	-7.483381961210966438e+00	6.032339291702021322e-01	6.353252078852975604e-01	1.214896445755243803e+00
7.816836188793009343e-01	-1.893406339190619514e+00	-7.395770904422988679e+00	6.064240688073674335e-01	6.412575434221710058e-01	1.158247003792553187e+00
7.721288584935731558e-01	-1.930141232892315095e+00	-7.304054429536904536e+00	6.096431290984164475e-01	6.468947287779088784e-01	1.096760821020609455e+00
7.623916687576576257e-01	-1.966407351613515209e+00	-7.208162696213889831e+00	6.128895745424906005e-01	6.522122764656544947e-01	1.030309551827599535e+00
7.524744452591729527e-01	-2.002183649351519268e+00	-7.108028070313935132e+00	6.161617446634772843e-01	6.571850453397751757e-01	9.587680091359516155e-01
7.423796889980396330e-01	-2.037448806576180882e+00	-7.003606146765491758e+00	6.194578526315447364e-01	6.617873583809624760e-01	8.820433532788456432e-01
7.321100082144440524e-01	-2.072181278855630193e+00	-6.894851513448429614e+00	6.227759819415549236e-01	6.659930706741652440e-01	8.000414374965885145e-01
7.216681197339254172e-01	-2.106359349909523893e+00	-6.781744488727099451e+00	6.261140837647435342e-01	6.697756437543804786e-01	7.127040551909544774e-01
7.110568480948273873e-01	-2.139961235476614210e+00	-6.664271576619285042e+00	6.294699774018701621e-01	6.731082907301018103e-01	6.199816487840621448e-01
7.002791282321592092e-01	-2.172965111666363303e+00	-6.542437030790551944e+00	6.328413457658170760e-01	6.759640160947835152e-01	5.218496068482068040e-01
6.893380024885461532e-01	-2.205349241552593043e+00	-6.416265480055017179e+00	6.362257387987978463e-01	6.783157938739747816e-01	4.183119610337939775e-01
6.782366228161454957e-01	-2.237092020534898307e+00	-6.285789975923307793e+00	6.396205696262553531e-01	6.801366307269222089e-01	3.093845104068009277e-01
6.669782479903174632e-01	-2.268172082335490725e+00	-6.151070934905192189e+00	6.430231177101226603e-01	6.813997168198456800e-01	1.951221423565812074e-01
6.555662425143212735e-01	-2.298568388903875270e+00	-6.012179759325590567e+00	6.464305296235505205e-01	6.820785527591873842e-01	7.559488167277095272e-02
6.440040760146988896e-01	-2.328260309985106247e+00	-5.869207651306396656e+00	6.498398191475908137e-01	6.821470622849730159e-01	-4.909852183141083515e-02
6.322953193424638574e-01	-2.357227715571855509e+00	-5.722265477034170544e+00	6.532478720484642398e-01	6.815797279765402061e-01	-1.788309601006972116e-01
6.204436419974587169e-01	-2.385451089768925836e+00	-5.571486678649307578e+00	6.566514489160569790e-01	6.803517518992854285e-01	-3.134432888803075912e-01
6.084528093371779356e-01	-2.412911605605051690e+00	-5.417011282145494988e+00	6.600471884166786429e-01	6.784391666827178646e-01	-4.527653149304455837e-01
5.963266799100066518e-01	-2.439591186089451025e+00	-5.259002895337516748e+00	6.634316104102032652e-01	6.758189287998710437e-01	-5.965927522577203490e-01
5.840692002826926021e-01	-2.465472619751742034e+00	-5.097643351481337959e+00	6.668011225294635524e-01	6.724690869071737742e-01	-7.446939415535780427e-01
5.716844002831567018e-01	-2.490539646517791361e+00	-4.933130649651957356e+00	6.701520262837074027e-01	6.683689119105065135e-01	-8.968127076853420476e-01
5.591763884994020994e-01	-2.514777027289160305e+00	-4.765673786095248943e+00	6.734805228138788236e-01	6.634990050335569656e-01	-1.052674826555858090e+00
5.465493472611819836e-01	-2.538170597389854066e+00	-4.595496400308320517e+00	6.767827195168492072e-01	6.578413868828204558e-01	-1.211982950960930339e+00
5.338075266752604353e-01	-2.560707346770504156e+00	-4.422834430597958999e+00	6.800546379316922962e-01	6.513796229089395817e-01	-1.374419420967512906e+00
5.209552389952909479e-01	-2.582375467322667539e+00	-4.247933867329720670e+00	6.832922213787832044e-01	6.440989069341056528e-01	-1.539649017027386435e+00
5.079968522574679346e-01	-2.603164404850350611e+00	-4.071048970540232403e+00	6.864913435673573039e-01	6.359861514888743850e-01	-1.707321148246080611e+00
4.949367841890803810e-01	-2.623064887776832776e+00	-3.892439774987678902e+00	6.896478170662798668e-01	6.270300485996892492e-01	-1.877072881985327513e+00
4.817794953951580750e-01	-2.642068961663272209e+00	-3.712371769417586620e+00	6.927574027386058653e-01	6.172211396085236501e-01	-2.048529192732814863e+00
4.685294831043232411e-01	-2.660170001116061833e+00	-3.531111859374050255e+00	6.958158186556453462e-01	6.065518552246765838e-01	-2.221308196138863877e+00
4.551912741454806621e-01	-2.677362720483123404e+00	-3.348928255453074598e+00	6.988187500696573240e-01	5.950165557888794643e-01	-2.395021013098130425e+00
4.417694185761320558e-01	-2.693643168090003925e+00	-3.166086629706114763e+00	7.017618587232797855e-01	5.826115490207779413e-01	-2.569277018253160350e+00
4.282684827693635232e-01	-2.709008713802412149e+00	-2.982849602376973053e+00	7.046407929536820935e-01	5.693351008112145228e-01	-2.743684099659787989e+00
4.146930432240846232e-01	-2.723458026000916465e+00	-2.799473897160169145e+00	7.074511970149662821e-01	5.551874302837852548e-01	-2.917852925174770462e+00
4.010476796997187732e-01	-2.736991037993215858e+00	-2.616208614199194926e+00	7.101887213842282831e-01	5.401706936315868735e-01	-3.091398215054255161e+00
3.873369688363114127e-01	-2.749608906401911135e+00	-2.433294283457826168e+00	7.128490325726942745e-01	5.242889560287113948e-01	-3.263941618099750031e+00
3.735654793846114874e-01	-2.761313964418174560e+00	-2.250960118582952418e+00	7.154278210070985633e-01	5.075481514123364457e-01	-3.435114313264364228e+00
3.597377649568704872e-01	-2.772109656606561501e+00	-2.069422211287928803e+00	7.179208122130137371e-01	4.899560275418295419e-01	-3.604559210795287072e+00
3.458583595003484890e-01	-2.782000483731968732e+00	-1.888886740968473532e+00	7.203237745632570244e-01	4.715220932296279588e-01	-3.771929081969233266e+00
3.319317722079982991e-01	-2.790991931597939235e+00	-1.709541015287413757e+00	7.226325279045450189e-01	4.522575476092954849e-01	-3.936895511139056225e+00
3.179624820384829298e-01	-2.799090385718215224e+00	-1.531559375485358032e+00	7.248429528319871862e-01	4.321751930143819531e-01	-4.099143818811654683e+00
3.039549344500150352e-01	-2.806303074597587432e+00	-1.355101759751960344e+00	7.269509970238261509e-01	4.112893734078479913e-01	-4.258375016178717942e+00
2.899135366242226453e-01	-2.812637968242904130e+00	-1.180306868215211580e+00	7.289526838632039984e-01	3.896158641660319444e-01	-4.414313404191887003e+00
2.758426541039784019e-01	-2.818103702174515224e+00	-1.007303385124714623e+00	7.308441191227057487e-01	3.671717862069846516e-01	-4.566695128941233861e+00
2.617466080709650034e-01	-2.822709507515405392e+00	-8.361980198499168182e-01	7.326214968373661041e-01	3.439755241863844404e-01	-4.715281627272133846e+00
2.476296720365852300e-01	-2.826465101225352328e+00	-6.670814439860350831e-01	7.342811063109894176e-01	3.200465989797415811e-01	-4.859853584038404506e+00
2.334960699614965218e-01	-2.829380630372944960e+00	-5.000327305606333539e-01	7.358193368369178033e-01	2.954055976422557128e-01	-5.000206400334860746e+00
2.193499742490661875e-01	-2.831466577959458775e+00	-3.351084164060011972e-01	7.372326830155057076e-01	2.700740579521260787e-01	-5.136162974231751832e+00
2.051955041823589343e-01	-2.832733679366541857e+00	-1.723546803941644612e-01	7.385177494171925039e-01	2.440743628720657421e-01	-5.267560256345362291e+00
1.910367248632231785e-01	-2.833192869508478040e+00	-1.180180652318085777e-02	7.396712542636507681e-01	2.174296680798307457e-01	-5.394256093288092302e+00
1.768776465410958343e-01	-2.832855186619460230e+00	1.465362503633969027e-01	7.406900332269086284e-01	1.901637768728138833e-01	-5.516130170141153144e+00
1.627222240550825760e-01	-2.831731720424780718e+00	3.026533499250945169e-01	7.415710424481554153e-01	1.623010651961208084e-01	-5.633074315495051110e+00
1.485743568025524042e-01	-2.829833549741253673e+00	4.565603412104337622e-01	7.423113611060899730e-01	1.338663917172988604e-01	-5.745004025152397276e+00
1.344378891757806727e-01	-2.827171673461107204e+00	6.082769901283882064e-01	7.429081935356535160e-01	1.048849977286052948e-01	-5.851849040410137093e+00
1.203166105815762638e-01	-2.823756973314529795e+00	7.578320001302927267e-01	7.433588712215067895e-01	7.538244422447268334e-02	-5.953553804086766377e+00
1.062142566728030840e-01	-2.819600155557097310e+00	9.052654771292054647e-01	7.436608538491171760e-01	4.538451964140841066e-02	-6.050081132343013479e+00
9.213451014389567595e-02	-2.814711711209225253e+00	1.050623118880594120e+00	7.438117304021482079e-01	1.491716957449315539e-02	-6.141404903876426680e+00
7.808100158719724626e-02	-2.809101883930687826e+00	1.193958815619907909e+00	7.438092199959023265e-01	-1.599356581067638491e-02	-6.227514385118587015e+00
6.405731148433033151e-02	-2.802780632010613004e+00	1.335332132379789982e+00	7.436511716656836191e-01	-4.732162595992425724e-02	-6.308411080544118477e+00
5.006697099675419538e-02	-2.795757605408306645e+00	1.474806955994154123e+00	7.433355648897177481e-01	-7.904098334239922918e-02	-6.384107061295857477e+00
3.611346395589885849e-02	-2.788042123622484159e+00	1.612451356299288818e+00	7.428605089486395308e-01	-1.111257011048603915e-01	-6.454626145511532798e+00
2.220022869725726475e-02	-2.779643158290686866e+00	1.748336492750922844e+00	7.422242422302084419e-01	-1.435499854595345126e-01	-6.520001640277868660e+00
8.330659213530941867e-03	-2.770569319619098803e+00	1.882535352955756025e+00	7.414251319286981889e-01	-1.762882317860632875e-01	-6.580275822350188264e+00
-5.491892263919072315e-03	-2.760828851213357193e+00	2.015121831915848816e+00	7.404616723251633559e-01	-2.093150674936082034e-01	-6.635499166125512716e+00
-1.926411390935622164e-02	-2.750429622625185644e+00	2.146171483454963891e+00	7.393324839683551586e-01	-2.426053930760842248e-01	-6.685730323585076462e+00
-3.298273240275746004e-02	-2.739379129494489806e+00	2.275758119246120259e+00	7.380363121888868783e-01	-2.761344175003375701e-01	-6.731033877118107966e+00
-4.664451070246104086e-02	-2.727684499519946293e+00	2.403955738788226881e+00	7.365720251427564369e-01	-3.098776889400715606e-01	-6.771481363189820968e+00
-6.024624691031224555e-02	-2.715352490242729733e+00	2.530837022249670554e+00	7.349386126865300461e-01	-3.438111301279194731e-01	-6.807150049697469285e+00
-7.378477167154957883e-02	-2.702389508180539579e+00	2.656470587428884755e+00	7.331351837063868615e-01	-3.779110574390618371e-01	-6.838120767033615266e+00
-8.725694634098568603e-02	-2.688801621584092416e+00	2.780924019937856428e+00	7.311609639904834701e-01	-4.121542038143978792e-01	-6.864480000233612600e+00
-1.006596625383781030e-01	-2.674594555692246800e+00	2.904264637580581621e+00	7.290152952568710321e-01	-4.465177542125416399e-01	-6.886320336001773512e+00
-1.139898395754561783e-01	-2.659773723240170362e+00	3.026551661433131812e+00	7.266976319664326667e-01	-4.809793536381135604e-01	-6.903734384338434893e+00
-1.272444226483710472e-01	-2.644344246709894986e+00	3.147842279624683215e+00	7.242075386950886928e-01	-5.155171206971511655e-01	-6.916819241348775904e+00
-1.404203821941510943e-01	-2.628310960059434098e+00	3.268193624908462880e+00	7.215446885173573133e-01	-5.501096762833210807e-01	-6.925677908362331436e+00
-1.535147122147406396e-01	-2.611678436121060987e+00	3.387653500955821073e+00	7.187088601488326178e-01	-5.847361517444914503e-01	-6.930411973028697048e+00
-1.665244286217479885e-01	-2.594451017089433709e+00	3.506266581878662691e+00	7.156999349324346671e-01	-6.193761939707796982e-01	-6.931126266283627047e+00
-1.794465686188468634e-01	-2.576632822051630800e+00	3.624077594575283001e+00	7.125178947783629146e-01	-6.540099872770341882e-01	-6.927931086428600338e+00
-1.922781896997303730e-01	-2.558227768399571112e+00	3.741121730702616333e+00	7.091628194988874867e-01	-6.886182640099578478e-01	-6.920934819909007274e+00
-2.050163682580057600e-01	-2.539239608125283709e+00	3.857430440350071876e+00	7.056348835192945979e-01	-7.231823031980006977e-01	-6.910248163840549296e+00
-2.176581990485936813e-01	-2.519671940479575767e+00	3.973034263400677446e+00	7.019343534453938993e-01	-7.576839459002523425e-01	-6.895985916807603644e+00
-2.302007946497222068e-01	-2.499528227083606335e+00	4.087955957338635926e+00	6.980615854788824182e-01	-7.921056078075341400e-01	-6.878261946779446134e+00
-2.426412845489295533e-01	-2.478811829947589196e+00	4.202213715344214506e+00	6.940170220437950066e-01	-8.264302748156102663e-01	-6.857191313186717707e+00
-2.549768147836585785e-01	-2.457526026848093181e+00	4.315823789918340481e+00	6.898011891000329632e-01	-8.606415135631340085e-01	-6.832891789125540072e+00
-2.672045476724010382e-01	-2.435674023216870765e+00	4.428796993394144010e+00	6.854146934974398864e-01	-8.947234830843789899e-01	-6.805481418498004587e+00
-2.793216614266464393e-01	-2.413258986879253776e+00	4.541138903258115533e+00	6.808582196337914505e-01	-9.286609308704586452e-01	-6.775078481490197646e+00
-2.913253500214512126e-01	-2.390284064929534935e+00	4.652852636977058864e+00	6.761325265815582020e-01	-9.624391994514236437e-01	-6.741802983179809416e+00
-3.032128230923417656e-01	-2.366752394416885341e+00	4.763937663153910762e+00	6.712384453331866618e-01	-9.960442353178291519e-01	-6.705775780415933696e+00
-3.149813060353887084e-01	-2.342667130813027576e+00	4.874388234733942227e+00	6.661768755315915502e-01	-1.029462587043063149e+00	-6.667117538369780050e+00
-3.266280401352369411e-01	-2.318031465005811143e+00	4.984196165599087180e+00	6.609487824673081491e-01	-1.062681408875233213e+00	-6.625950016025285549e+00
-3.381502825880701169e-01	-2.292848632728130109e+00	5.093350684722508959e+00	6.555551942448855085e-01	-1.095688466801866490e+00	-6.582395780862270840e+00
-3.495453070012792818e-01	-2.267121937787242913e+00	5.201836118805658771e+00	6.499971985284784814e-01	-1.128472137595230906e+00	-6.536577015859052153e+00
-3.608104038242411216e-01	-2.240854768385848406e+00	5.309634201610606397e+00	6.442759394377456372e-01	-1.161021410135119281e+00	-6.488616386390958723e+00
-3.719428806103093343e-01	-2.214050606839256918e+00	5.416726147321924145e+00	6.383926146133277468e-01	-1.193325888389227041e+00	-6.438637559297148982e+00
-3.829400623198789266e-01	-2.186713037871026888e+00	5.523088672846597547e+00	6.323484722909038513e-01	-1.225375794055559409e+00	-6.386763664448608324e+00
-3.937992923871377338e-01	-2.158845769976414086e+00	5.628696308941243842e+00	6.261448078988920418e-01	-1.257161963896064716e+00	-6.333117953537566791e+00
-4.045179332426199759e-01	-2.130452643386537392e+00	5.733521881595152081e+00	6.197829610630147812e-01	-1.288675850921375821e+00	-6.277823710316624783e+00
-4.150933664996873107e-01	-2.101537636487992078e+00	5.837536914377551511e+00	6.132643127264251204e-01	-1.319909524017987001e+00	-6.221004097349350559e+00
-4.255229940919671439e-01	-2.072104877144430812e+00	5.940710386643786478e+00	6.065902819028350379e-01	-1.350855667135530958e+00	-6.162782071958986307e+00
-4.358042391929691783e-01	-2.042158651094995392e+00	6.043010104049812981e+00	5.997623225397425983e-01	-1.381507578038030148e+00	-6.103280297603419058e+00
-4.459345467952731679e-01	-2.011703407733063553e+00	6.144402899208785129e+00	5.927819205540453273e-01	-1.411859166196243631e+00	-6.042620813568419180e+00
-4.559113841682846946e-01	-1.980743764867036516e+00	6.244854399581072357e+00	5.856505909523295195e-01	-1.441904949770310029e+00	-5.980925293722179958e+00
-4.657322423893799912e-01	-1.949284514630195808e+00	6.344329382407977391e+00	5.783698744851092366e-01	-1.471640053876820398e+00	-5.918314836752983865e+00
-4.753946371015681516e-01	-1.917330626676921446e+00	6.442791969942163632e+00	5.709413346798664080e-01	-1.501060206951027709e+00	-5.854909706904777522e+00
-4.848961089068108410e-01	-1.884887252181259854e+00	6.540205544891705358e+00	5.633665550737426697e-01	-1.530161735161418068e+00	-5.790828958861538922e+00
-4.942342245983569748e-01	-1.851959724953539332e+00	6.636533605301110583e+00	5.556471360767332168e-01	-1.558941558701299801e+00	-5.726191151601369711e+00
-5.034065783189834997e-01	-1.818553561819414410e+00	6.731739464535507977e+00	5.477846918952907762e-01	-1.587397187238702712e+00	-5.661113621660547324e+00
-5.124107922881472321e-01	-1.784674463773344932e+00	6.825785886083281184e+00	5.397808477032409735e-01	-1.615526713350950105e+00	-5.595712130178071675e+00
-5.212445172971628127e-01	-1.750328318184781962e+00	6.918636078280087531e+00	5.316372369878500370e-01	-1.643328804417752753e+00	-5.530101227968657440e+00
-5.299054342571530851e-01	-1.715521193811356593e+00	7.010253885950874064e+00	5.233554983182169273e-01	-1.670802697648380519e+00	-5.464394147218058606e+00
-5.383912550172114120e-01	-1.680259339491045223e+00	7.100603376849221604e+00	5.149372725645851023e-01	-1.697948191848231314e+00	-5.398702371240005959e+00
-5.466997228946829379e-01	-1.644549185629042842e+00	7.189648041383065902e+00	5.063842003852834228e-01	-1.724765637272502206e+00	-5.333135150128782698e+00
-5.548286137141795749e-01	-1.608397339858118613e+00	7.277353436721455182e+00	4.976979193726437933e-01	-1.751255926918308115e+00	-5.267800382447489937e+00
-5.627757369435889556e-01	-1.571810580991477080e+00	7.363685521614570462e+00	4.888800611591447298e-01	-1.777420487567269003e+00	-5.202803753295484057e+00
-5.705389363990013285e-01	-1.534795857312006184e+00	7.448609999822338068e+00	4.799322489063699293e-01	-1.803261268282053464e+00	-5.138248386131635925e+00
-5.781160907202457233e-01	-1.497360288576601972e+00	7.532093763547209164e+00	4.708560950977380699e-01	-1.828780726931605649e+00	-5.074235129762655561e+00
-5.855051147320510241e-01	-1.459511152906905807e+00	7.614105626633772772e+00	4.616531984465319649e-01	-1.853981820681571691e+00	-5.010862617678071729e+00
-5.927039601828113513e-01	-1.421255883105093654e+00	7.694615156889085483e+00	4.523251414813661553e-01	-1.878867992587055724e+00	-4.948226718290243298e+00
-5.997106164551598839e-01	-1.382602063501496170e+00	7.773591115708427424e+00	4.428734882341181511e-01	-1.903443157181251122e+00	-4.886419894307891809e+00
-6.065231107480150152e-01	-1.343557438382142255e+00	7.851003050720009924e+00	4.332997827005696800e-01	-1.927711681684358913e+00	-4.825531513215992163e+00
-6.131395094903844267e-01	-1.304129891390341855e+00	7.926823831248384522e+00	4.236055456249154250e-01	-1.951678375166927770e+00	-4.765648444306634701e+00
-6.195579189528712671e-01	-1.264327442613612851e+00	8.001026505436584557e+00	4.137922724268692787e-01	-1.975348471470564249e+00	-4.706853929882186094e+00
-6.257764858833582133e-01	-1.224158245809198631e+00	8.073583499596111324e+00	4.038614312075970436e-01	-1.998727611203593435e+00	-4.649227154286336372e+00
-6.317933979908084696e-01	-1.183630598398984546e+00	8.144467166647700651e+00	3.938144615670771675e-01	-2.021821818880266797e+00	-4.592843240612069167e+00
-6.376068847923063165e-01	-1.142752922153499329e+00	8.213653609540642719e+00	3.836527717978315266e-01	-2.044637488318904239e+00	-4.537774267423060337e+00
-6.432152182254320394e-01	-1.101533760121185646e+00	8.281118688091623881e+00	3.733777370944060814e-01	-2.067181362110193987e+00	-4.484087850950572829e+00
-6.486167132442249850e-01	-1.059981775331700460e+00	8.346837407165594414e+00	3.629906979391822608e-01	-2.089460509555319589e+00	-4.431846665838747867e+00
-6.538097284811026366e-01	-1.018105765265787666e+00	8.410783328545676341e+00	3.524929594658042786e-01	-2.111482297706327227e+00	-4.381108049408112493e+00
-6.587926667711252460e-01	-9.759146441650513593e-01	8.472934320584386114e+00	3.418857890529228838e-01	-2.133254373595619757e+00	-4.331925983424753213e+00
-6.635639757131330807e-01	-9.334174409419813134e-01	8.533267114986017532e+00	3.311704148870239228e-01	-2.154784639738143159e+00	-4.284348877066804562e+00
-6.681221482512141874e-01	-8.906233011980384529e-01	8.591757170380219577e+00	3.203480248372198025e-01	-2.176081227104512017e+00	-4.238419194864263773e+00
-6.724657237067518389e-01	-8.475415067440557060e-01	8.648376734247392505e+00	3.094197664383579460e-01	-2.197152458849914058e+00	-4.194172382423403178e+00
-6.765932879983438397e-01	-8.041814626061831728e-01	8.703102576903916088e+00	2.983867450342095884e-01	-2.218006828349670556e+00	-4.151640301670568078e+00
-6.805034741445689095e-01	-7.605526967564847363e-01	8.755909135174590574e+00	2.872500227438631315e-01	-2.238652970449080737e+00	-4.110847863473509278e+00
-6.841949629266695920e-01	-7.166648670875772620e-01	8.806769128898281451e+00	2.760106179305462093e-01	-2.259099628414093175e+00	-4.071813029534496309e+00
-6.876664841819012386e-01	-6.725277840630056181e-01	8.855650057681373255e+00	2.646695057201560175e-01	-2.279355610765619211e+00	-4.034544652299928202e+00
-6.909168172042651213e-01	-6.281514114061261811e-01	8.902522257967007135e+00	2.532276172369517520e-01	-2.299429759875952772e+00	-3.999046921790068154e+00
-6.939447912527244577e-01	-5.835458704121352369e-01	8.947352446680611138e+00	2.416858391352454116e-01	-2.319330917705231254e+00	-3.965315515145221070e+00
-6.967492866341010727e-01	-5.387214563377134002e-01	8.990103992679735256e+00	2.300450140007775091e-01	-2.339067883024990468e+00	-3.933337168454045241e+00
-6.993292357791125458e-01	-4.936886536386094759e-01	9.030738230083244389e+00	2.183059407808927432e-01	-2.358649368076565445e+00	-3.903090919385249435e+00
-7.016836237215289263e-01	-4.484581468148294836e-01	9.069213410968842481e+00	2.064693748674700513e-01	-2.378083959298937788e+00	-3.874547022210663272e+00
-7.038114892633453579e-01	-4.030408397626384365e-01	9.105482431361338058e+00	1.945360289283984967e-01	-2.397380069987999462e+00	-3.847665167452305468e+00
-7.057119269180476273e-01	-3.574478905904957537e-01	9.139492733953716197e+00	1.825065748714176650e-01	-2.416545881461682033e+00	-3.822394305896068545e+00
-7.073840873358228087e-01	-3.116907210000208761e-01	9.171189704354588912e+00	1.703816440778234409e-01	-2.435589301999390610e+00	-3.798674979029101451e+00
-7.088271786113871098e-01	-2.657810418010703724e-01	9.200512370700209885e+00	1.581618288395710281e-01	-2.454517913464948187e+00	-3.776436036269615215e+00
-7.100404685612506928e-01	-2.197308895553204688e-01	9.227391428021064712e+00	1.458476848874523946e-01	-2.473338907861353686e+00	-3.755592674574700141e+00
-7.110232862306561374e-01	-1.735526562870199074e-01	9.251753968717522980e+00	1.334397332889970256e-01	-2.492059029438946194e+00	-3.736050535654158011e+00
-7.117750230533456124e-01	-1.272591170760432044e-01	9.273519413880705997e+00	1.209384621489405648e-01	-2.510684518341013138e+00	-3.717702060642295692e+00
-7.122951352968918126e-01	-8.086347133334974291e-02	9.292597686603613738e+00	1.083443297274218342e-01	-2.529221041843712214e+00	-3.700424792662033724e+00
-7.125831471071579770e-01	-3.437939053409219681e-02	9.308891373056733087e+00	9.565776832601900759e-02	-2.547673619513231014e+00	-3.684083242628503285e+00
-7.126386516226901335e-01	1.217894963560249566e-02	9.322294911360753389e+00	8.287918631786828083e-02	-2.566046561953525540e+00	-3.668528106392614063e+00
-7.124613138239237475e-01	5.879682081967901874e-02	9.332692544018602376e+00	7.000897209922371522e-02	-2.584343394701575480e+00	-3.653594361774366917e+00
-7.120508746131847255e-01	1.054588874850038160e-01	9.339957577797434851e+00	5.704749938959308847e-02	-2.602566776219012112e+00	-3.639100527917662475e+00
-7.114071529644814262e-01	1.521491588275049323e-01	9.343953923187385158e+00	4.399513075913086962e-02	-2.620718421612276305e+00	-3.624850050833856585e+00
-7.105300489795289831e-01	1.988509346761189456e-01	9.344533831447435546e+00	3.085222219532332555e-02	-2.638799020586286570e+00	-3.610629171017308181e+00
-7.094195483845392447e-01	2.455467487824071204e-01	9.341538469844124393e+00	1.761912924621636747e-02	-2.656808153162953268e+00	-3.596207576724964383e+00
-7.080757267968212920e-01	2.922183096058076912e-01	9.334796112246152688e+00	4.296213074905207152e-03	-2.674744202776608404e+00	-3.581336407009075629e+00
-7.064987527927883981e-01	3.388464355989067589e-01	9.324122341326273045e+00	-9.116154543880559957e-03	-2.692604263476297888e+00	-3.565748575359066308e+00
-7.046888929266711399e-01	3.854109940990217975e-01	9.309322081849217057e+00	-2.261758414214909418e-02	-2.710384051394957083e+00	-3.549160949940187493e+00
-7.026465176334868445e-01	4.318908518353663517e-01	9.290187468947124216e+00	-3.620766046944687289e-02	-2.728077828638660662e+00	-3.531272130692514111e+00
-7.003721053313003431e-01	4.782637934374762700e-01	9.266495082366901670e+00	-4.988593603306627766e-02	-2.745678293464918873e+00	-3.511759556927927406e+00
-6.978662480932207313e-01	5.245064588973201714e-01	9.238011742494222744e+00	-6.365192295298527370e-02	-2.763176490768607163e+00	-3.490285727162472540e+00
-6.951296578863089826e-01	5.705943103376629466e-01	9.204495458520398188e+00	-7.750508414843483573e-02	-2.780561754225441717e+00	-3.466499269420410201e+00
-6.921631724187646828e-01	6.165015461996813384e-01	9.165685247175815675e+00	-9.144482471785633781e-02	-2.797821592289391202e+00	-3.440024068731190710e+00
-6.889677615474446570e-01	6.622010361279687674e-01	9.121311024844658277e+00	-1.054704826466679596e-01	-2.814941596606309382e+00	-3.410469944021542688e+00
-6.855445341005728110e-01	7.076643109092752848e-01	9.071105843942973479e+00	-1.195813190347377042e-01	-2.831905410431458936e+00	-3.377445993930905388e+00
-6.818947446842692495e-01	7.528615068041063507e-01	9.014780607406578383e+00	-1.337765081908528497e-01	-2.848694647494294241e+00	-3.340533215538471268e+00
-6.780198007213354972e-01	7.977613188298634528e-01	8.952046221138516557e+00	-1.480551273098101028e-01	-2.865288821596614799e+00	-3.299308661316445068e+00
-6.739212697240951622e-01	8.423309842618347254e-01	8.882609508239852403e+00	-1.624161458751172404e-01	-2.881665308918947233e+00	-3.253341056294175360e+00
-6.696008866090560341e-01	8.865362707311178481e-01	8.806176178892201278e+00	-1.768584149000316241e-01	-2.897799315883118787e+00	-3.202194118579882343e+00
-6.650605610512234644e-01	9.303414787350465787e-01	8.722453927299511633e+00	-1.913806560227945541e-01	-2.913663863201574333e+00	-3.145430040054179699e+00
-6.603023847747780950e-01	9.737094598775467569e-01	8.631155843348949475e+00	-2.059814505827106124e-01	-2.929229787613343738e+00	-3.082613324363137508e+00
-6.553286387115044853e-01	1.016601653101063762e+00	8.532004233832140017e+00	-2.206592287521655649e-01	-2.944465763873690634e+00	-3.013315092356378955e+00
-6.501417999286870364e-01	1.058978141135421547e+00	8.424734853045038108e+00	-2.354122588335396948e-01	-2.959338349547088853e+00	-2.937117858889223498e+00
-6.447445481994458216e-01	1.100797730061093160e+00	8.309102374832036730e+00	-2.502386368614593071e-01	-2.973812055932018250e+00	-2.853621728031384919e+00
-6.391397720333448218e-01	1.142018056262374071e+00	8.184882799869683367e+00	-2.651362767079215588e-01	-2.987849450035043652e+00	-2.762447126596498492e+00
-6.333305747847264300e-01	1.182595688309580062e+00	8.051878164539516547e+00	-2.801029001213346525e-01	-3.001411250837561884e+00	-2.663240179098238514e+00
-6.273202787367443412e-01	1.222486318552713946e+00	7.909932507454072947e+00	-2.951360287255538339e-01	-3.014456527650475337e+00	-2.555690846135121319e+00
-6.211124296445870163e-01	1.261644937193969307e+00	7.758922840363538853e+00	-3.102329755514151577e-01	-3.026942878428832806e+00	-2.439522770409212171e+00
-6.147107994074334503e-01	1.300026024535022584e+00	7.598771438158451019e+00	-3.253908387025864490e-01	-3.038826630141339802e+00	-2.314507368605291049e+00
-6.081193883152355983e-01	1.337583809139007096e+00	7.429453172987791731e+00	-3.406064951878129965e-01	-3.050063113268900672e+00	-2.180472254366350171e+00
-6.013424253386346896e-01	1.374272521746442433e+00	7.250997318382360390e+00	-3.558765970790142563e-01	-3.060606934038781812e+00	-2.037303539275853836e+00
-5.943843679022279280e-01	1.410046695618171642e+00	7.063494940826331003e+00	-3.711975680426159441e-01	-3.070412298649822791e+00	-1.884954494501471345e+00
-5.872498988653112040e-01	1.444861478326530779e+00	6.867102818204671166e+00	-3.865656030401526388e-01	-3.079433354110552745e+00	-1.723450243605384458e+00
-5.799439233546880290e-01	1.478672972872992375e+00	6.662045475694185370e+00	-4.019766680875955789e-01	-3.087624561725999417e+00	-1.552890614547550285e+00
-5.724715624702767514e-01	1.511438582247163431e+00	6.448621383438194243e+00	-4.174265035574161731e-01	-3.094941079094625014e+00	-1.373457351871820720e+00
-5.648381464508129834e-01	1.543117384667096248e+00	6.227199630810105191e+00	-4.329106279831612114e-01	-3.101339176741805481e+00	-1.185411279059962908e+00
-5.570492048898593174e-01	1.573670490055212090e+00	5.998227781598416186e+00	-4.484243452480834446e-01	-3.106776639012614805e+00	-9.891012641444376641e-01
-5.491104560309441052e-01	1.603061423836766419e+00	5.762220638037092613e+00	-4.639627527341225188e-01	-3.111213196383062485e+00	-7.849528179144726892e-01
-5.410277935244630632e-01	1.631256476112154408e+00	5.519774423771082184e+00	-4.795207524169949886e-01	-3.114610924294911154e+00	-5.734839330939394131e-01
-5.328072719560027481e-01	1.658225081321966554e+00	5.271542575609259984e+00	-4.950930632648520846e-01	-3.116934677279837196e+00	-3.552795289151617908e-01
-5.244550901346555216e-01	1.683940094445869340e+00	5.018249838595238543e+00	-5.106742364120490096e-01	-3.118152414490538593e+00	-1.310073256918258267e-01
-5.159775730493688650e-01	1.708378156201463050e+00	4.760673987176687660e+00	-5.262586716174207924e-01	-3.118235624214334756e+00	9.860159191930506495e-02
-5.073811529479519411e-01	1.731519893231429075e+00	4.499642500879076579e+00	-5.418406351250490971e-01	-3.117159571328445455e+00	3.327557323329983774e-01
-4.986723477765281354e-01	1.753350210841047918e+00	4.236026870725254412e+00	-5.574142802612352954e-01	-3.114903649159717069e+00	5.706089974314636493e-01
-4.898577406679262558e-01	1.773858407389550251e+00	3.970722679942241484e+00	-5.729736673375495082e-01	-3.111451537353292718e+00	8.112820138885581400e-01
-4.809439560430410765e-01	1.793038359720692254e+00	3.704655241403088439e+00	-5.885127871625358553e-01	-3.106791441867333248e+00	1.053855362014928687e+00
-4.719376382639645651e-01	1.810888553724875338e+00	3.438748948506145098e+00	-6.040255821800459834e-01	-3.100916164599709202e+00	1.297403183490814627e+00
-4.628454268252972237e-01	1.827412134344220229e+00	3.173936754698161167e+00	-6.195059713993907868e-01	-3.093823199179867700e+00	1.540981797868880676e+00
-4.536739346406755691e-01	1.842616851964740343e+00	2.911129601379911946e+00	-6.349478722775651063e-01	-3.085514711412829847e+00	1.783663934870219236e+00
-4.444297240539427651e-01	1.856514974456604294e+00	2.651221234758281753e+00	-6.503452252081428631e-01	-3.075997486045613627e+00	2.024532022181801949e+00
-4.351192853486325895e-01	1.869123147019311704e+00	2.395067912441390945e+00	-6.656920155302441522e-01	-3.065282814712167792e+00	2.262701846817208207e+00
-4.257490151137486301e-01	1.880462187520891115e+00	2.143482037029002640e+00	-6.809822959017830524e-01	-3.053386314897228448e+00	2.497327800036828194e+00
-4.163251965143809352e-01	1.890556865365119021e+00	1.897231003618799150e+00	-6.962102067843464193e-01	-3.040327729480029717e+00	2.727606311990257382e+00
-4.068539799615211172e-01	1.899435609914868150e+00	1.657008710723630429e+00	-7.113699967179787365e-01	-3.026130650228800789e+00	2.952804136865324836e+00
-3.973413611925059041e-01	1.907130143985118487e+00	1.423443502102486491e+00	-7.264560455894116808e-01	-3.010822164025118042e+00	3.172251735563349939e+00
-3.877931720317564501e-01	1.913675234392653524e+00	1.197120160666145239e+00	-7.414628743369862107e-01	-2.994432611332094929e+00	3.385321815436327597e+00
-3.782150671468150760e-01	1.919108326602423364e+00	9.785261020282405298e-01	-7.563851592058542517e-01	-2.976995224666521445e+00	3.591484098716364315e+00
-3.686125070783232704e-01	1.923469131681444733e+00	7.680801251248112749e-01	-7.712177501537748059e-01	-2.958545719877803570e+00	3.790275502487475023e+00
-3.589907463393169906e-01	1.926799238973251338e+00	5.661139357916908921e-01	-7.859556839390591243e-01	-2.939121909856135417e+00	3.981321381082807420e+00
-3.493548275236177392e-01	1.929141746644816857e+00	3.729078521979545258e-01	-8.005941909277550783e-01	-2.918763331669855798e+00	4.164297843205758909e+00
-3.397095770840478646e-01	1.930540955243674528e+00	1.886508295272051328e-01	-8.151287001729411452e-01	-2.897510940060918472e+00	4.338973894972696144e+00
-3.300595975389197800e-01	1.931041927216949894e+00	1.347028299119301664e-02	-8.295548485485021439e-01	-2.875406660071543108e+00	4.505180121293278717e+00
-3.204092640571011286e-01	1.930690206780079299e+00	-1.525770459471686991e-01	-8.438684851098994244e-01	-2.852493107309431952e+00	4.662818996977875941e+00
-3.107627240482180309e-01	1.929531443970122773e+00	-3.094954994559202532e-01	-8.580656725600097623e-01	-2.828813203075471794e+00	4.811854913958768520e+00
-3.011238969189016790e-01	1.927611152817526152e+00	-4.573431380480315056e-01	-8.721426884454089867e-01	-2.804409932564625230e+00	4.952306557518113550e+00
-2.914964760620308293e-01	1.924974391630059012e+00	-5.962359586490038055e-01	-8.860960241870552423e-01	-2.779326017588647169e+00	5.084251729436118694e+00
-2.818839307234483060e-01	1.921665549369603543e+00	-7.263299893641033123e-01	-8.999223841482850705e-01	-2.753603702325196245e+00	5.207808364719312522e+00
-2.722895109275395575e-01	1.917728106642215602e+00	-8.478284053040852086e-01	-9.136186816556963741e-01	-2.727284509400289547e+00	5.323142639802199483e+00
-2.627162516815375604e-01	1.913204454457787085e+00	-9.609647967281489400e-01	-9.271820357419356951e-01	-2.700409057408224900e+00	5.430451040166644816e+00
-2.531669794661646766e-01	1.908135728254612973e+00	-1.066006448444227317e+00	-9.406097655627091436e-01	-2.673016892852885462e+00	5.529964418759391265e+00
-2.436443183092162901e-01	1.902561666960040920e+00	-1.163244109446054608e+00	-9.538993852488335534e-01	-2.645146348304248995e+00	5.621936899391357656e+00
-2.341506974340242520e-01	1.896520504035652088e+00	-1.252988543326637227e+00	-9.670485971589438678e-01	-2.616834433196927545e+00	5.706642896026551171e+00
-2.246883599099504802e-01	1.890048877876912670e+00	-1.335567451402198458e+00	-9.800552841227678780e-01	-2.588116744029472116e+00	5.784373498563127214e+00
-2.152593681508556678e-01	1.883181757015876423e+00	-1.411318627773425760e+00	-9.929175049160787747e-01	-2.559027391157767450e+00	5.855429645469712341e+00
-2.058656154066847432e-01	1.875952411103098960e+00	-1.480585945195002751e+00	-1.005633483615697044e+00	-2.529598970855822415e+00	5.920118085368812899e+00
-1.965088322864905757e-01	1.868392359065486064e+00	-1.543723421943468566e+00	-1.018201604057247023e+00	-2.499862514581757900e+00	5.978755504603896043e+00
-1.871905963027371833e-01	1.860531369554267123e+00	-1.601077447085117456e+00	-1.030620401207113179e+00	-2.469847491916363769e+00	6.031650237264102543e+00
-1.779123412075432897e-01	1.852397469478640035e+00	-1.653001017008818962e+00	-1.042888552756598308e+00	-2.439581821489512414e+00	6.079117097255220870e+00
-1.686753639956155293e-01	1.844016929221412582e+00	-1.699838396660766193e+00	-1.055004873115195529e+00	-2.409091857360034616e+00	6.121461493328524739e+00
-1.594808356114372772e-01	1.835414327866861317e+00	-1.741927000427040184e+00	-1.066968303629408421e+00	-2.378402458308008338e+00	6.158981477833549434e+00
-1.503298077758520035e-01	1.826612549419222242e+00	-1.779603309713138515e+00	-1.078777906767921735e+00	-2.347536984682929262e+00	6.191974015167033940e+00
-1.412232221118817355e-01	1.817632846557628135e+00	-1.813185409610241550e+00	-1.090432857977040815e+00	-2.316517365392660732e+00	6.220716813944591195e+00
-1.321619182662745196e-01	1.808494888276948709e+00	-1.842990597950347365e+00	-1.101932438557954308e+00	-2.285364147564318049e+00	6.245486844635934176e+00
-1.231466409757368402e-01	1.799216790764781804e+00	-1.869318814256757832e+00	-1.113276029618883500e+00	-2.254096528202489402e+00	6.266543084363775051e+00
-1.141780486245488474e-01	1.789815206617980659e+00	-1.892459773497648712e+00	-1.124463104538493852e+00	-2.222732446466127332e+00	6.284134076752025067e+00
-1.052567196414859879e-01	1.780305351831665162e+00	-1.912694821461172978e+00	-1.135493223586212075e+00	-2.191288610350977883e+00	6.298499964959773934e+00
-9.638315995362325972e-02	1.770701088073433516e+00	-1.930286885002942654e+00	-1.146366027515270281e+00	-2.159780580765836788e+00	6.309862067369067518e+00
-8.755780953513857268e-02	1.761014978541164400e+00	-1.945492952018526012e+00	-1.157081232040540586e+00	-2.128222827539764328e+00	6.318436015363204206e+00
-7.878104855846122800e-02	1.751258341704647004e+00	-1.958552419709008063e+00	-1.167638622716999919e+00	-2.096628782763069854e+00	6.324419668569362329e+00
-7.005320371386562772e-02	1.741441330733627391e+00	-1.969694275520510018e+00	-1.178038049680398380e+00	-2.065010920526880511e+00	6.328000698081950759e+00
-6.137455369119018678e-02	1.731572976412972142e+00	-1.979136413203718803e+00	-1.188279423159202208e+00	-2.033380798133220146e+00	6.329355959951158184e+00
-5.274533471040736277e-02	1.721661261821653799e+00	-1.987081940919779299e+00	-1.198362709008541582e+00	-2.001749129960013640e+00	6.328647736581046956e+00
-4.416574562351579386e-02	1.711713175401212039e+00	-1.993725513048161702e+00	-1.208287924602683860e+00	-1.970125838435007770e+00	6.326030400590525460e+00
-3.563595270906629031e-02	1.701734767227003786e+00	-1.999247645791569994e+00	-1.218055135046818060e+00	-1.938520107890487232e+00	6.321644608928977505e+00
-2.715609420690052317e-02	1.691731210945460306e+00	-2.003819417662839442e+00	-1.227664449662033697e+00	-1.906940443879541203e+00	6.315622243989309936e+00
-1.872628467523614754e-02	1.681706849527205172e+00	-2.007600990342552905e+00	-1.237116018555494135e+00	-1.875394715368086329e+00	6.308084978650185803e+00
-1.034661880846054344e-02	1.671665256611704509e+00	-2.010740986301357225e+00	-1.246410029836471978e+00	-1.843890212498166203e+00	6.299143726435318058e+00
-2.017175252189053886e-03	1.661609283263919545e+00	-2.013380564580529608e+00	-1.255546706714272265e+00	-1.812433689001008652e+00	6.288902878424551091e+00
6.261979693699631574e-03	1.651541098427597998e+00	-2.015650233437440875e+00	-1.264526304641198307e+00	-1.781031397778986669e+00	6.277457160181256768e+00
1.449078919384850193e-02	1.641462244576450846e+00	-2.017671169160621503e+00	-1.273349109442940552e+00	-1.749689141436445272e+00	6.264893057579797642e+00
2.266920259474767413e-02	1.631373677710230563e+00	-2.019556879086735535e+00	-1.282015434838167822e+00	-1.718412306668267941e+00	6.251290515450932617e+00
3.079717247037101757e-02	1.621275807932199831e+00	-2.021412161411149100e+00	-1.290525620291909759e+00	-1.687205898800234527e+00	6.236722090040416333e+00
3.887465240314388892e-02	1.611168541195262538e+00	-2.023334177853485016e+00	-1.298880029694676530e+00	-1.656074576771273232e+00	6.221254045792989018e+00
4.690159419621290487e-02	1.601051316108044409e+00	-2.025412836495320335e+00	-1.307079049264210369e+00	-1.625022683314642169e+00	6.204946727909145920e+00
5.487794568324620009e-02	1.590923139541859266e+00	-2.027731072388860412e+00	-1.315123086103364924e+00	-1.594054273181530590e+00	6.187855128244223124e+00
6.280364894296956713e-02	1.580782620391137261e+00	-2.030365189979420393e+00	-1.323012567177561660e+00	-1.563173138905385118e+00	6.170029150173604648e+00
7.067863798563844835e-02	1.570628003261417049e+00	-2.033384878694391773e+00	-1.330747937574015660e+00	-1.532382836936228232e+00	6.151513634206025927e+00
7.850283721298069450e-02	1.560457197959261855e+00	-2.036854412781053725e+00	-1.338329659623770151e+00	-1.501686708434576412e+00	6.132349868693836470e+00
8.627615997570088624e-02	1.550267807624490013e+00	-2.040832132743730654e+00	-1.345758212067720061e+00	-1.471087898449102482e+00	6.112574910894295499e+00
9.399850672554928288e-02	1.540057158935635773e+00	-2.045370735661208528e+00	-1.353034088658449319e+00	-1.440589377759775136e+00	6.092221940880335751e+00
1.016697639949550036e-01	1.529822325801630134e+00	-2.050518497121288419e+00	-1.360157797688753778e+00	-1.410193956683218452e+00	6.071321766353776184e+00
1.092898032286527821e-01	1.519560153810120662e+00	-2.056318381507708182e+00	-1.367129861267638580e+00	-1.379904299881940188e+00	6.049901702789838964e+00
1.168584793791110493e-01	1.509267286608895420e+00	-2.062808761542441971e+00	-1.373950814238758644e+00	-1.349722943653863139e+00	6.027986455852328618e+00
1.243756302865247770e-01	1.498940184820241273e+00	-2.070024219136371357e+00	-1.380621203970128885e+00	-1.319652303978641639e+00	6.005599106343765925e+00
1.318410757118032572e-01	1.488575148194820175e+00	-2.077994391369770710e+00	-1.387141589654700802e+00	-1.289694688740808948e+00	5.982759618006411984e+00
1.392546163335308118e-01	1.478168338168383888e+00	-2.086745631258054345e+00	-1.393512541496654933e+00	-1.259852310619088422e+00	5.959486945735989138e+00
1.466160335509923418e-01	1.467715791904869560e+00	-2.096300925737978105e+00	-1.399734640788142803e+00	-1.230127289140042768e+00	5.935798903351951594e+00
1.539250888742215717e-01	1.457213440673705840e+00	-2.106679816213272716e+00	-1.405808479421488899e+00	-1.200521658449641205e+00	5.911712035298592127e+00
1.611815232911363860e-01	1.446657128539942327e+00	-2.117897212463049073e+00	-1.411734659307153361e+00	-1.171037375801956548e+00	5.887239954152164501e+00
1.683850564353845114e-01	1.436042633245211642e+00	-2.129965700649677274e+00	-1.417513791488048014e+00	-1.141676333226797846e+00	5.862396439661438308e+00
1.755353868221288804e-01	1.425365675319277825e+00	-2.142894927699217078e+00	-1.423146496436373587e+00	-1.112440353385245384e+00	5.837194566034440868e+00
1.826321913044726686e-01	1.414621935732480518e+00	-2.156691258838350223e+00	-1.428633403365562771e+00	-1.083331197208640795e+00	5.811646202439192166e+00
1.896751250921359377e-01	1.403807068014426118e+00	-2.171359855763512314e+00	-1.433975150158376843e+00	-1.054350564913124622e+00	5.785764388793836588e+00
1.966638221571455070e-01	1.392916706784401049e+00	-2.186902102501790068e+00	-1.439172383706539993e+00	-1.025500093057106765e+00	5.759560399849647183e+00
2.035978942942497927e-01	1.381946488361253556e+00	-2.203316684427022665e+00	-1.444225758497001522e+00	-9.967813653947937835e-01	5.733044932921245618e+00
2.104769313365056349e-01	1.370892060900853915e+00	-2.220600005328151383e+00	-1.449135936572866212e+00	-9.681959120644599848e-01	5.706228543415193144e+00
2.173005014302269999e-01	1.359749093370802075e+00	-2.238747867143842996e+00	-1.453903587507733741e+00	-9.397452076343408844e-01	5.679123512734861379e+00
2.240681515756511588e-01	1.348513281593143098e+00	-2.257752733200163675e+00	-1.458529388651155445e+00	-9.114306660305959706e-01	5.651740697134073343e+00
2.307794070981612211e-01	1.337180365987388209e+00	-2.277605012778508353e+00	-1.463014023939327446e+00	-8.832536489795538293e-01	5.624090937520236366e+00
2.374337720797144446e-01	1.325746138797418316e+00	-2.298293400130887676e+00	-1.467358183866252830e+00	-8.552154627644077411e-01	5.596185391568837986e+00
2.440307297294060651e-01	1.314206451914718521e+00	-2.319805564855755620e+00	-1.471562565328758510e+00	-8.273173560320250530e-01	5.568036206746057815e+00
2.505697428660584314e-01	1.302557223419348986e+00	-2.342126946073790350e+00	-1.475627871562030125e+00	-7.995605165074551879e-01	5.539655172088828294e+00
2.570502539889079063e-01	1.290794448792399463e+00	-2.365241435404186632e+00	-1.479554811429255379e+00	-7.719460730079485966e-01	5.511054387290130308e+00
2.634716857648529142e-01	1.278914207374918677e+00	-2.389131527892459417e+00	-1.483344099232366098e+00	-7.444750926902791166e-01	5.482246357580663698e+00
2.698334414947262117e-01	1.266912668757157912e+00	-2.413778729868909068e+00	-1.486996454460825401e+00	-7.171485784906842520e-01	5.453244400137464254e+00
2.761349056281956482e-01	1.254786098432944419e+00	-2.439162973377619892e+00	-1.490512601563696693e+00	-6.899674661061107050e-01	5.424061876369137281e+00
2.823754441704918183e-01	1.242530865474649859e+00	-2.465263024704768213e+00	-1.493893269420181857e+00	-6.629326237632577890e-01	5.394712582603972351e+00
2.885544052350652589e-01	1.230143447720544181e+00	-2.492056575024548692e+00	-1.497139191042191175e+00	-6.360448495239999778e-01	5.365210765352230737e+00
2.946711196191522109e-01	1.217620436534740058e+00	-2.519520588084674273e+00	-1.500251103261417196e+00	-6.093048684262440950e-01	5.335571499050502098e+00
3.007249014108631102e-01	1.204958541011050377e+00	-2.547630861890979759e+00	-1.503229746419738388e+00	-5.827133294116106921e-01	5.305809968074811422e+00
3.067150485326448073e-01	1.192154593518773176e+00	-2.576362372644666721e+00	-1.506075863853609142e+00	-5.562708046781602578e-01	5.275941825187487666e+00
3.126408433789800712e-01	1.179205553351371893e+00	-2.605689345304540439e+00	-1.508790201531276631e+00	-5.299777870037741812e-01	5.245983171201544337e+00
3.185015534771424295e-01	1.166108510027963563e+00	-2.635585495052737315e+00	-1.511373507693398510e+00	-5.038346869463045108e-01	5.215950885442907747e+00
3.242964321674600137e-01	1.152860686177481719e+00	-2.666023769712182911e+00	-1.513826532488894205e+00	-4.778418300303871047e-01	5.185861950377812946e+00
3.300247192293667697e-01	1.139459441098575887e+00	-2.696976597207594750e+00	-1.516150027429160829e+00	-4.519994560996283273e-01	5.155733776784870770e+00
3.356856415814881700e-01	1.125902273030290557e+00	-2.728415949149393782e+00	-1.518344744981772187e+00	-4.263077169428126090e-01	5.125584165396304570e+00
3.412784139976688946e-01	1.112186821099740541e+00	-2.760313506457350741e+00	-1.520411438164130491e+00	-4.007666737692489600e-01	5.095431629204824731e+00
3.468022398290782071e-01	1.098310866962716181e+00	-2.792640520146846939e+00	-1.522350860118987237e+00	-3.753762949299162544e-01	5.065294664275796777e+00
3.522563116820433549e-01	1.084272336654931612e+00	-2.825368002272512058e+00	-1.524163763555283158e+00	-3.501364556343945500e-01	5.035192141015130574e+00
3.576398121534505870e-01	1.070069301568179254e+00	-2.858466777059447850e+00	-1.525850900304689617e+00	-3.250469359762671040e-01	5.005143223486328452e+00
3.629519145561867499e-01	1.055699979260326993e+00	-2.891907543807747061e+00	-1.527413020835413082e+00	-3.001074196240093306e-01	4.975167392102036956e+00
3.681917836811672284e-01	1.041162733844382959e+00	-2.925660957517379757e+00	-1.528850873828127233e+00	-2.753174913180422845e-01	4.945284637325983113e+00
3.733585765130301160e-01	1.026456076209546042e+00	-2.959697643606773454e+00	-1.530165205648787552e+00	-2.506766364494175114e-01	4.915514798973930510e+00
3.784514429573244687e-01	1.011578663893452967e+00	-2.993988300978969619e+00	-1.531356759840899473e+00	-2.261842403433453608e-01	4.885878060230083975e+00
3.834695265846408962e-01	9.965293005850690555e-01	-3.028503755445342449e+00	-1.532426276652771424e+00	-2.018395869747907911e-01	4.856394793534434484e+00
3.884119653573638864e-01	9.813069355348374989e-01	-3.063214867468275315e+00	-1.533374492520115373e+00	-1.776418583820183472e-01	4.827085299401261409e+00
3.932778923144851224e-01	9.659106635139997898e-01	-3.098092710677804007e+00	-1.534202139413201049e+00	-1.535901355162359039e-01	4.797969977629392702e+00
3.980664363428939589e-01	9.503397225575087592e-01	-3.133108763865720903e+00	-1.534909944501626988e+00	-1.296833961287294501e-01	4.769069523771818808e+00
4.027767228838070590e-01	9.345934927116448243e-01	-3.168234762916597447e+00	-1.535498629614303390e+00	-1.059205147764192001e-01	4.740404591304184123e+00
4.074078746400013884e-01	9.186714943657513510e-01	-3.203442816260064774e+00	-1.535968910728658265e+00	-8.230026267380446958e-02	4.711995874975137610e+00
4.119590122598603132e-01	9.025733867403202826e-01	-3.238705218518475704e+00	-1.536321497401631930e+00	-5.882130841340595107e-02	4.683863654532384402e+00
4.164292550121559411e-01	8.862989661531845975e-01	-3.273994915276148276e+00	-1.536557092203785224e+00	-3.548221880247617865e-02	4.656028558182448762e+00
4.208177214984205050e-01	8.698481628725431847e-01	-3.309285297988651564e+00	-1.536676390345582011e+00	-1.228145756668042737e-02	4.628511082358447659e+00
4.251235303074537009e-01	8.532210389416177154e-01	-3.344550263864391582e+00	-1.536680079125504861e+00	1.078261366039739988e-02	4.601331611638124208e+00
4.293458006703733121e-01	8.364177854868019013e-01	-3.379764247464663640e+00	-1.536568837433806678e+00	3.371173485324131802e-02	4.574510365597738826e+00
4.334836530742646188e-01	8.194387202539537007e-01	-3.414902181457307506e+00	-1.536343335142229760e+00	5.650774580420556137e-02	4.548067161388861024e+00
4.375362099011688155e-01	8.022842844041996324e-01	-3.449939729532616184e+00	-1.536004232668314984e+00	7.917258595644111052e-02	4.522021995096189073e+00
4.415025960451851583e-01	7.849550392533140020e-01	-3.484853154106019701e+00	-1.535552180517484766e+00	1.017082938660869296e-01	4.496394544413959693e+00
4.453819394980886304e-01	7.674516630937160411e-01	-3.519619385634030095e+00	-1.534987818766050394e+00	1.241170059239109918e-01	4.471204280591251745e+00
4.491733719257803847e-01	7.497749477766996185e-01	-3.554216060468263549e+00	-1.534311776574523778e+00	1.464009551945402443e-01	4.446470380275940215e+00
4.528760292328861681e-01	7.319257950985003092e-01	-3.588621534372009592e+00	-1.533524671688690999e+00	1.685624697516742709e-01	4.422211763819319685e+00
4.564890520968626353e-01	7.139052132498202585e-01	-3.622814889402150129e+00	-1.532627109989834535e+00	1.906039719137004318e-01	4.398447161000916594e+00
4.600115864917148634e-01	6.957143130549373611e-01	-3.656775971670356284e+00	-1.531619685025186417e+00	2.125279767983921375e-01	4.375194994248587932e+00
4.634427841919848690e-01	6.773543041332661385e-01	-3.690485402420165428e+00	-1.530502977548986898e+00	2.343370908922941809e-01	4.352473402846669615e+00
4.667818032555154373e-01	6.588264908978309631e-01	-3.723924638497123851e+00	-1.529277555061079097e+00	2.560340103903884224e-01	4.330300120356056937e+00
4.700278084862025696e-01	6.401322684668669938e-01	-3.757075907258411007e+00	-1.527943971351739316e+00	2.776215194635282546e-01	4.308692668466278519e+00
4.731799718801704691e-01	6.212731187529523247e-01	-3.789922263768517041e+00	-1.526502766087961316e+00	2.991024891121750739e-01	4.287668237203803301e+00
4.762374730480139484e-01	6.022506062618450118e-01	-3.822447599340875968e+00	-1.524954464376139907e+00	3.204798754035185215e-01	4.267243686238288092e+00
4.791994996172001531e-01	5.830663739026874515e-01	-3.854636655973934012e+00	-1.523299576341913042e+00	3.417567178481528134e-01	4.247435532233907907e+00
4.820652476112347595e-01	5.637221385842455801e-01	-3.886475067749699974e+00	-1.521538596712419977e+00	3.629361373960294790e-01	4.228259874822640541e+00
4.848339218107119986e-01	5.442196870052626867e-01	-3.917949280682080371e+00	-1.519672004415640654e+00	3.840213349256512143e-01	4.209732583837194397e+00
4.875047360926981765e-01	5.245608713864222672e-01	-3.949046627569543944e+00	-1.517700262187406057e+00	4.050155896726560512e-01	4.191869149847491371e+00
4.900769137473900972e-01	5.047476050761405819e-01	-3.979755314185723591e+00	-1.515623816183386152e+00	4.259222574440779119e-01	4.174684725039583100e+00
4.925496877721315392e-01	4.847818581534518723e-01	-4.010064443325120465e+00	-1.513443095600921939e+00	4.467447688777956838e-01	4.158194080721727914e+00
4.949223011350400991e-01	4.646656528867205704e-01	-4.039964005001507985e+00	-1.511158512307675617e+00	4.674866274344615658e-01	4.142411637190292595e+00
4.971940070357425134e-01	4.444010594585042218e-01	-4.069444853112997862e+00	-1.508770460482671938e+00	4.881514080077973272e-01	4.127351521910640031e+00
4.993640691323675274e-01	4.239901915071069838e-01	-4.098498738768796557e+00	-1.506279316263307022e+00	5.087427551713931129e-01	4.113027503573306376e+00
5.014317617477210831e-01	4.034352016788924633e-01	-4.127118300767165238e+00	-1.503685437400823721e+00	5.292643814789665946e-01	4.099453018278609306e+00
5.033963700470757141e-01	3.827382771337285994e-01	-4.155297094904199184e+00	-1.500989162928671794e+00	5.497200656552125864e-01	4.086641093965340588e+00
5.052571901949409749e-01	3.619016350596592768e-01	-4.183029534616849787e+00	-1.498190812838449570e+00	5.701136508312738549e-01	4.074604515865871690e+00
5.070135295111878326e-01	3.409275183615280147e-01	-4.210310925114924885e+00	-1.495290687750853831e+00	5.904490432695054247e-01	4.063355735630693744e+00
5.086647065834895010e-01	3.198181911824338752e-01	-4.237137459004884477e+00	-1.492289068607817404e+00	6.107302106411158782e-01	4.052906884760318462e+00
5.102100513649714397e-01	2.985759344894357570e-01	-4.263506210513469341e+00	-1.489186216368032278e+00	6.309611804848581640e-01	4.043269791134662228e+00
5.116489052509670676e-01	2.772030416755171256e-01	-4.289415132628562333e+00	-1.485982371709445582e+00	6.511460387122929294e-01	4.034455986428440610e+00
5.129806211057806875e-01	2.557018140637716819e-01	-4.314863109513723316e+00	-1.482677754758737310e+00	6.712889277070462901e-01	4.026476495246356535e+00
5.142045632736054195e-01	2.340745564493010855e-01	-4.339849842212032627e+00	-1.479272564823997493e+00	6.913940445460213802e-01	4.019342278781039113e+00
5.153201076445939055e-01	2.123235729591363419e-01	-4.364375914798401368e+00	-1.475766980081274715e+00	7.114656404410963919e-01	4.013063968554547500e+00
5.163266416175539275e-01	1.904511626048577266e-01	-4.388442785057591777e+00	-1.472161157324658243e+00	7.315080189406146793e-01	4.007651896449658580e+00
5.172235640662955491e-01	1.684596149494282935e-01	-4.412052775692458795e+00	-1.468455231705597885e+00	7.515255345463269787e-01	4.003116122477933914e+00
5.180102852859079787e-01	1.463512057936942889e-01	-4.435209069885857502e+00	-1.464649316477742103e+00	7.715225913735921370e-01	3.999466441774018222e+00
5.186862268867573622e-01	1.241281930377727827e-01	-4.457915633215762341e+00	-1.460743502779464409e+00	7.915036417298342286e-01	3.996712335288179929e+00
5.192508216764178952e-01	1.017928125230333491e-01	-4.480177357862892507e+00	-1.456737859413643532e+00	8.114731847594072178e-01	3.994863090249964444e+00
5.197035135993842703e-01	7.934727351590062372e-02	-4.501999962493940188e+00	-1.452632432554479935e+00	8.314357654129191921e-01	3.993927733678617642e+00
5.200437575698331205e-01	5.679375463635433219e-02	-4.523389997410941277e+00	-1.448427245546766828e+00	8.513959731260258845e-01	3.993915046015899861e+00
5.202710193102103586e-01	3.413439968305076455e-02	-4.544354846308870322e+00	-1.444122298684290984e+00	8.713584406246542846e-01	3.994833571731760458e+00
5.203847751702784796e-01	1.137131347918480910e-02	-4.564902719543672660e+00	-1.439717568992801011e+00	8.913278427593650521e-01	3.996691625289543026e+00
5.203845119027197264e-01	-1.149344187002857010e-02	-4.585042468957333028e+00	-1.435213010045210513e+00	9.113088954580752521e-01	3.999497338981427674e+00
5.202697264271554101e-01	-3.445785082397793964e-02	-4.604783947288666468e+00	-1.430608551772128756e+00	9.313063546729107856e-01	4.003258581329532717e+00
5.200399256286366567e-01	-5.751994910464529320e-02	-4.624137761906876420e+00	-1.425904100214381076e+00	9.513250151418236600e-01	4.007983018452591750e+00
5.196946260752084434e-01	-8.067782735840155206e-02	-4.643115296805817138e+00	-1.421099537351271813e+00	9.713697094095044005e-01	4.013678111354124667e+00
5.192333537348459149e-01	-1.039296350876731945e-01	-4.661728719767502582e+00	-1.416194720911572391e+00	9.914453067954039911e-01	4.020351116134975200e+00
5.186556436735633158e-01	-1.272735845509694041e-01	-4.679990970908761483e+00	-1.411189484188376086e+00	1.011556712377214895e+00	4.028009088592625631e+00
5.179610397247452758e-01	-1.507079539973559812e-01	-4.697915470446147879e+00	-1.406083635887672934e+00	1.031708866220905074e+00	4.036658992101251897e+00
5.171490941440743949e-01	-1.742310911167913035e-01	-4.715516691283937689e+00	-1.400876959968559765e+00	1.051906742527493499e+00	4.046307484602607474e+00
5.162193672672112932e-01	-1.978414177619037817e-01	-4.732809758224476582e+00	-1.395569215424732556e+00	1.072155348302139544e+00	4.056961065202585814e+00
5.151714271246505827e-01	-2.215374330644192535e-01	-4.749810488814219411e+00	-1.390160136143438363e+00	1.092459722606650363e+00	4.068626056465973306e+00
5.140048490462861830e-01	-2.453177169639425004e-01	-4.766535400843736170e+00	-1.384649430745899634e+00	1.112824935644338709e+00	4.081308598213354344e+00
5.127192152484607579e-01	-2.691809336744761527e-01	-4.783001692228424417e+00	-1.379036782431436681e+00	1.133256087848589555e+00	4.095014649018139608e+00
5.113141144154299544e-01	-2.931258342895080027e-01	-4.799226877911422662e+00	-1.373321848845195481e+00	1.153758309075221700e+00	4.109750031201770071e+00
5.097891412584394377e-01	-3.171512596897727576e-01	-4.815229492342950834e+00	-1.367504261940022614e+00	1.174336757743976500e+00	4.125520337285138339e+00
5.081438960359900836e-01	-3.412561448924431029e-01	-4.831028578471944002e+00	-1.361583627803653052e+00	1.194996619777624280e+00	4.142330992321149097e+00
5.063779840855668901e-01	-3.654395214420071425e-01	-4.846643739151488717e+00	-1.355559526536347148e+00	1.215743107773282539e+00	4.160187242614938441e+00
5.044910153316402024e-01	-3.897005202603643359e-01	-4.862095135929280332e+00	-1.349431512118026921e+00	1.236581460088775453e+00	4.179094150247806283e+00
5.024826037788051591e-01	-4.140383743761723578e-01	-4.877403453636333097e+00	-1.343199112279251484e+00	1.257516939913851495e+00	4.199056586602296193e+00
5.003523670298941628e-01	-4.384524205093124349e-01	-4.892589439365423232e+00	-1.336861828401489483e+00	1.278554834009256513e+00	4.220079094101038208e+00
4.980999257688544235e-01	-4.629421010680036530e-01	-4.907674775328018768e+00	-1.330419135407363118e+00	1.299700451591820682e+00	4.242166159019461702e+00
4.957249031611893897e-01	-4.875069677808085422e-01	-4.922681415276798589e+00	-1.323870481609924488e+00	1.320959123740190977e+00	4.265322009720080132e+00
4.932269243302915829e-01	-5.121466828861018783e-01	-4.937631646729556678e+00	-1.317215288623099667e+00	1.342336202060470107e+00	4.289550638292553231e+00
4.906056157958052499e-01	-5.368610208204591672e-01	-4.952548073607658807e+00	-1.310452951259202692e+00	1.363837057516605000e+00	4.314855797074983457e+00
4.878606049021488311e-01	-5.616498696861862427e-01	-4.967453554839607932e+00	-1.303582837431357611e+00	1.385467079200547236e+00	4.341240972916239116e+00
4.849915193142217973e-01	-5.865132311145907495e-01	-4.982370587025684472e+00	-1.296604288106792069e+00	1.407231671893323988e+00	4.368708898406225671e+00
4.819979864582231155e-01	-6.114512207156055368e-01	-4.997322445853683348e+00	-1.289516617237244533e+00	1.429136254249419258e+00	4.397262531607907476e+00
4.788796328327520890e-01	-6.364640704563466755e-01	-5.012332279575389293e+00	-1.282319111621120333e+00	1.451186258729360690e+00	4.426904327798979466e+00
4.756360834766688028e-01	-6.615521278267507688e-01	-5.027423187015642725e+00	-1.275011030869320550e+00	1.473387128994555040e+00	4.457636333718937749e+00
4.722669613837316427e-01	-6.867158555604058190e-01	-5.042618173656137515e+00	-1.267591607348093286e+00	1.495744317913536792e+00	4.489460181052209009e+00
4.687718869163234880e-01	-7.119558309712792354e-01	-5.057940044862505147e+00	-1.260060046130007105e+00	1.518263285400781148e+00	4.522377019002533416e+00
4.651504773491255684e-01	-7.372727427365064479e-01	-5.073410456479052755e+00	-1.252415525055101453e+00	1.540949493535470616e+00	4.556386452838637524e+00
4.614023463265157221e-01	-7.626673887038804001e-01	-5.089051661294149653e+00	-1.244657194731908056e+00	1.563808403207492148e+00	4.591488674319521124e+00
4.575271031341528460e-01	-7.881406763698891593e-01	-5.104885085257251376e+00	-1.236784178399585876e+00	1.586845474251967758e+00	4.627682844836954246e+00
4.535243522384226345e-01	-8.136936185120030585e-01	-5.120931453790092291e+00	-1.228795572006559977e+00	1.610066160195841256e+00	4.664967315229887390e+00
4.493936927547847460e-01	-8.393273295861394256e-01	-5.137210707600331716e+00	-1.220690444238993866e+00	1.633475904269110046e+00	4.703339599677633487e+00
4.451347179304567803e-01	-8.650430214714536215e-01	-5.153741815125783887e+00	-1.212467836565475299e+00	1.657080135019131761e+00	4.742796224998301113e+00
4.407470148637250840e-01	-8.908419947968885255e-01	-5.170541173682806857e+00	-1.204126763511729203e+00	1.680884256701267399e+00	4.783330767393294991e+00
4.362301640779638334e-01	-9.167256323131637297e-01	-5.187625584173076732e+00	-1.195666212794972205e+00	1.704893642787039365e+00	4.824937780676123111e+00
4.315837388268162211e-01	-9.426953963993831564e-01	-5.205009798283640521e+00	-1.187085145197301239e+00	1.729113635300492113e+00	4.867609742364152225e+00
4.268073048464477437e-01	-9.687528185815876824e-01	-5.222706762821360371e+00	-1.178382494869152586e+00	1.753549534400016485e+00	4.911337476076255371e+00
4.219004200087432821e-01	-9.948994903066568085e-01	-5.240727470327840365e+00	-1.169557169533591345e+00	1.778206590126650388e+00	4.956110071692592101e+00
4.168626340146396880e-01	-1.021137052612395513e+00	-5.259080626453453533e+00	-1.160608050724788676e+00	1.803089993305171390e+00	5.001914578180844728e+00
4.116934885105280051e-01	-1.047467177930410775e+00	-5.277769875400167621e+00	-1.151533994477112355e+00	1.828204857161699781e+00	5.048732647133192586e+00
4.063925169451889641e-01	-1.073891556077394727e+00	-5.296799048222283091e+00	-1.142333831717740278e+00	1.853556204754726044e+00	5.096547213076974003e+00
4.009592440306586347e-01	-1.100411886847833420e+00	-5.316167806540192942e+00	-1.133006368211816328e+00	1.879148965259146653e+00	5.145337167964953551e+00
3.953931859481433220e-01	-1.127029859052924632e+00	-5.335872131702899424e+00	-1.123550385304375565e+00	1.904987953922322230e+00	5.195078099356123857e+00
3.896938504083307109e-01	-1.153747131737427267e+00	-5.355904062972399515e+00	-1.113964640484572222e+00	1.931077855387421938e+00	5.245742094190859461e+00
3.838607367954898208e-01	-1.180565313522897952e+00	-5.376251167921964225e+00	-1.104247868020760581e+00	1.957423205341307870e+00	5.297297220964992448e+00
3.778933368941786997e-01	-1.207485931235317000e+00	-5.396892799147281039e+00	-1.094398780233355684e+00	1.984028359971077959e+00	5.349703187039608565e+00
3.717911354252571576e-01	-1.234510401526276446e+00	-5.417806147890360080e+00	-1.084416068520675180e+00	2.010897469577967112e+00	5.402918670156054759e+00
3.655536101157309536e-01	-1.261640010372041099e+00	-5.438961103841734257e+00	-1.074298403821009718e+00	2.038034462184859841e+00	5.456895318771444181e+00
3.591802326998846384e-01	-1.288875875677891303e+00	-5.460320505159643290e+00	-1.064044438103153967e+00	2.065443007644796047e+00	5.511578177173532822e+00
3.526704698431812335e-01	-1.316218910886600924e+00	-5.481839628173020174e+00	-1.053652805732174125e+00	2.093126483597784304e+00	5.566905229245094233e+00
3.460237842226066007e-01	-1.343669787001987581e+00	-5.503465960973812798e+00	-1.043122124985900623e+00	2.121087940753065837e+00	5.622807405343337450e+00
3.392396358292441572e-01	-1.371228888520905187e+00	-5.525137241136235389e+00	-1.032450999770095246e+00	2.149330060978781098e+00	5.679206062307230241e+00
3.323174834842620440e-01	-1.398896264989968330e+00	-5.546781544438886158e+00	-1.021638021531010354e+00	2.177855110807753292e+00	5.736013489342894900e+00
3.252567865589559570e-01	-1.426671579987463190e+00	-5.568316174026335830e+00	-1.010681771363921566e+00	2.206664893094647528e+00	5.793131674595088043e+00
3.180570069854838366e-01	-1.454554054263073937e+00	-5.589645643864855629e+00	-9.995808223999803621e-01	2.235760692334964439e+00	5.850450072004832691e+00
3.107176124961305019e-01	-1.482542388008579959e+00	-5.610658436124253967e+00	-9.883337435278878313e-01	2.265143196083842181e+00	5.907841924201193251e+00
3.032380786991751842e-01	-1.510634701832995086e+00	-5.631232816523606743e+00	-9.769391017558765045e-01	2.294812439268792748e+00	5.965171295473055579e+00
2.956178919250503356e-01	-1.538828464446365007e+00	-5.651229674194155450e+00	-9.653954653877924175e-01	2.324767733605272557e+00	6.022284774191120960e+00
2.878565528425799380e-01	-1.567120407053946618e+00	-5.670492727581518011e+00	-9.537014080104857516e-01	2.355007582141456890e+00	6.079011885874024301e+00
2.799535803502903319e-01	-1.595506434087670122e+00	-5.688847252849313918e+00	-9.418555127367017610e-01	2.385529590350528917e+00	6.135163781366827607e+00
2.719085166311989155e-01	-1.623981528268973129e+00	-5.706098565686602342e+00	-9.298563777349898585e-01	2.416330371563796486e+00	6.190531626899883122e+00
2.637209313497441698e-01	-1.652539644037586797e+00	-5.722029757063637589e+00	-9.177026206626294202e-01	2.447405439289433993e+00	6.244884066795748367e+00
2.553904270590985903e-01	-1.681173594275368943e+00	-5.736400523793577122e+00	-9.053928844323155811e-01	2.478749092696557632e+00	6.297966079697516761e+00
2.469166452601816164e-01	-1.709874928222090640e+00	-5.748945140523801456e+00	-8.929258436504656782e-01	2.510354292681856947e+00	6.349496766385300361e+00
2.382992730467132503e-01	-1.738633801812759172e+00	-5.759372288758413561e+00	-8.803002116454222703e-01	2.542212529544753075e+00	6.399169019891360222e+00
2.295380507911126411e-01	-1.767438848704917298e+00	-5.767361807281986330e+00	-8.675147486166612243e-01	2.574313690518125419e+00	6.446646110961410159e+00
2.206327796737765357e-01	-1.796277017371013196e+00	-5.772560646594911304e+00	-8.545682694896706844e-01	2.606645892550938814e+00	6.491557464711149805e+00
2.115833305312146417e-01	-1.825133413009418115e+00	-5.774583383347817289e+00	-8.414596532098717052e-01	2.639195318913815758e+00	6.533498969265338019e+00
2.023896534592074248e-01	-1.853991126942415635e+00	-5.773009111998703702e+00	-8.281878528064896550e-01	2.671946042264673693e+00	6.572029655548476512e+00
1.930517883445108385e-01	-1.882831062914791076e+00	-5.767387775365591551e+00	-8.147519064317825244e-01	2.704879844104331799e+00	6.606678344566034866e+00
1.835698769435792910e-01	-1.911631817719448456e+00	-5.757231794614881437e+00	-8.011509501350612128e-01	2.737976091459918937e+00	6.636934606477097986e+00
1.739441737775150598e-01	-1.940369391759635409e+00	-5.742009727887989357e+00	-7.873842290311902081e-01	2.771211432412677755e+00	6.662242123955820716e+00
1.641750603199690905e-01	-1.969017070193065155e+00	-5.721150667482106655e+00	-7.734511123567527902e-01	2.804559673035516898e+00	6.682003036326705114e+00
1.542630586878835364e-01	-1.997545183992938789e+00	-5.694049169689378687e+00	-7.593511076827043071e-01	2.837991525393717573e+00	6.695583287790668692e+00
1.442088470354783714e-01	-2.025920933145713754e+00	-5.660057415773849243e+00	-7.450838770951846435e-01	2.871474421622497886e+00	6.702304039465161623e+00
1.340132757392200058e-01	-2.054108185480597815e+00	-5.618489668294614603e+00	-7.306492541375694261e-01	2.904972301411396618e+00	6.701446393726200768e+00
1.236773844690838148e-01	-2.082067287817809031e+00	-5.568623008732402013e+00	-7.160472617104655102e-01	2.938445412200668905e+00	6.692252089814019200e+00
1.132024201556931231e-01	-2.109754886292380949e+00	-5.509699913686063155e+00	-7.012781309216004066e-01	2.971850118740386293e+00	6.673926104027259498e+00
1.025898560512275154e-01	-2.137123760143111006e+00	-5.440931398786233331e+00	-6.863423210832217958e-01	3.005138726436264118e+00	6.645640003582911959e+00
9.184141138348399236e-02	-2.164122678619560425e+00	-5.361502000798964218e+00	-6.712405403516605862e-01	3.038259329094414429e+00	6.606537102036554643e+00
8.095907171320503026e-02	-2.190696280643770866e+00	-5.270576611124397459e+00	-6.559737671136318671e-01	3.071155680579377822e+00	6.555739771466051025e+00
6.994510978015255898e-02	-2.216784993171512230e+00	-5.167305772369672923e+00	-6.405432718941272974e-01	3.103767107545531534e+00	6.492355001423675276e+00
5.880210663751778144e-02	-2.242324989772491506e+00	-5.050837764651987527e+00	-6.249506395734792941e-01	3.136028464961448048e+00	6.415487314856363810e+00
4.753297301087468923e-02	-2.267248195935690269e+00	-4.920328310111699466e+00	-6.091977918441237039e-01	3.167870141403896334e+00	6.324249124112839127e+00
3.614097028511659149e-02	-2.291482361149572711e+00	-4.774951705978537575e+00	-5.932870092734129353e-01	3.199218135827305964e+00	6.217772620806726991e+00
2.462973107877359721e-02	-2.314951193981560351e+00	-4.613918850825257323e+00	-5.772209529249635596e-01	3.229994201760477246e+00	6.095229129642348198e+00
1.300327888630893949e-02	-2.337574577125089537e+00	-4.436493100751249585e+00	-5.610026849847921104e-01	3.260116077271272950e+00	5.955846121852346187e+00
1.266046406561241976e-03	-2.359268869204012908e+00	-4.242000222110846153e+00	-5.446356879814296947e-01	3.289497808078880148e+00	5.798917825326498132e+00
-1.057710635635975005e-02	-2.379947264058745127e+00	-4.029858112919100677e+00	-5.281238837636932359e-01	3.318050132095788474e+00	5.623837258964385910e+00
-2.252088021012765146e-02	-2.399520341581427907e+00	-3.799599741086694848e+00	-5.114716458133087285e-01	3.345681070667540169e+00	5.430120912276606759e+00
-3.455952320115924375e-02	-2.417896644508580994e+00	-3.550882382055078779e+00	-4.946838133752677891e-01	3.372296547033652558e+00	5.217418574553903454e+00
-4.668682246636671196e-02	-2.434983344195397414e+00	-3.283508126213519063e+00	-4.777656997501986136e-01	3.397801100324914891e+00	4.985535378573331400e+00
-5.889609990266022471e-02	-2.450687093783625148e+00	-2.997466396213667394e+00	-4.607230965104301967e-01	3.422098801706941806e+00	4.734477679089877711e+00
-7.118021123469957245e-02	-2.464914899084570177e+00	-2.692912421487790198e+00	-4.435622740612497616e-01	3.445094188507156652e+00	4.464429444639108624e+00
-8.353155009182423874e-02	-2.477575103563961267e+00	-2.370232791560283658e+00	-4.262899768235449693e-01	3.466693321001572681e+00	4.175823189110360545e+00
-9.594205779414423374e-02	-2.488578491754665833e+00	-2.030011175206709595e+00	-4.089134122997393206e-01	3.486804966348013402e+00	3.869302391584596990e+00
-1.084032379412384201e-01	-2.497839339993446650e+00	-1.673075034459770905e+00	-3.914402349880807819e-01	3.505341723687766198e+00	3.545771992369054715e+00
-1.209061774650237175e-01	-2.505276658410616086e+00	-1.300476762414746190e+00	-3.738785233595938728e-01	3.522221355581060642e+00	3.206377460358680764e+00
-1.334415717768260567e-01	-2.510815242801862190e+00	-9.134948111075118504e-01	-3.562367524904238025e-01	3.537367910358576673e+00	2.852505648385431414e+00
-1.459997584753285338e-01	-2.514386908610480198e+00	-5.136427323243424325e-01	-3.385237574827842377e-01	3.550713041250942670e+00	2.485794307383002888e+00
-1.585707529855910902e-01	-2.515931483506825828e+00	-1.026212751376078813e-01	-3.207486949258262499e-01	3.562197060677424254e+00	2.108079521582112648e+00
-1.711442930244779226e-01	-2.515397843097909369e+00	3.176600504202724551e-01	-3.029209948708377342e-01	3.571770039413012299e+00	1.721418771953494797e+00
-1.837098849114138233e-01	-2.512744766773495897e+00	7.451523233171428728e-01	-2.850503109459631146e-01	3.579392708443732918e+00	1.328015220460429191e+00
-1.962568548119915379e-01	-2.507941633933254977e+00	1.177666976306227298e+00	-2.671464652575102350e-01	3.585037185062237786e+00	9.302173809805935889e-01
-2.087744047406470127e-01	-2.500968998452452574e+00	1.612928609506525390e+00	-2.492193882703512831e-01	3.588687564831448906e+00	5.304617162541944708e-01
-2.212516664302026648e-01	-2.491818919571544999e+00	2.048617542591273377e+00	-2.312790611831033738e-01	3.590340247898562431e+00	1.312256859910121420e-01
-2.336777629172656634e-01	-2.480495084699228414e+00	2.482400549366275300e+00	-2.133354500810425436e-01	3.590004036168167989e+00	-2.650055462572709075e-01
-2.460418630483469649e-01	-2.467012806451537532e+00	2.911979828655148594e+00	-1.953984479552459685e-01	3.587700095688643565e+00	-6.557925340912333922e-01
-2.583332416505147444e-01	-2.451398638340883451e+00	3.335145625482027754e+00	-1.774778107726879828e-01	3.583461500734518967e+00	-1.038799041674565160e+00
-2.705413331409030619e-01	-2.433690014165273752e+00	3.749776340164999056e+00	-1.595831008161186781e-01	3.577332807236385914e+00	-1.411791459530377324e+00
-2.826557845761483723e-01	-2.413934487478399227e+00	4.153940058095031418e+00	-1.417236308629159225e-01	3.569369189578647461e+00	-1.772749818770080310e+00
-2.946665046696319568e-01	-2.392188935507380876e+00	4.545838815636898289e+00	-1.239084128863612161e-01	3.559635541276099158e+00	-2.119805969451817873e+00
-3.065637074999491007e-01	-2.368518698622283036e+00	4.923895899819854094e+00	-1.061461126802610566e-01	3.548205508387669571e+00	-2.451338628860412427e+00
-3.183379525987121705e-01	-2.342996433727941419e+00	5.286760947654329357e+00	-8.844500861840169648e-02	3.535160212247141498e+00	-2.765978420986357378e+00
-3.299801788491598109e-01	-2.315700970524995128e+00	5.633310187129836777e+00	-7.081295727071863777e-02	3.520586979123644600e+00	-3.062607243099137122e+00
-3.414817323402482563e-01	-2.286716232819677952e+00	5.962634395885288541e+00	-5.325736568850117370e-02	3.504578144546338869e+00	-3.340344522135637817e+00
-3.528343880784424735e-01	-2.256130073202314623e+00	6.274068319604566568e+00	-3.578517050748070139e-02	3.487229766596204428e+00	-3.598578607131230456e+00
-3.640303682571972566e-01	-2.224033102389934680e+00	6.567169543382988195e+00	-1.840282086124406247e-02	3.468640336186722184e+00	-3.836943071258929194e+00
-3.750623524413397303e-01	-2.190517624083065940e+00	6.841702795470382625e+00	-1.116270173403443450e-03	3.448909607045884673e+00	-4.055298802110200995e+00
-3.859234836987811557e-01	-2.155676620518641950e+00	7.097626563297126268e+00	1.606902759227683483e-02	3.428137482986694629e+00	-4.253718865064911370e+00
-3.966073690753273429e-01	-2.119602832227760025e+00	7.335079281758453362e+00	3.314811549596369256e-02	3.406423012536987649e+00	-4.432472673755910364e+00
-4.071080772644242174e-01	-2.082387904538276047e+00	7.554352025786783997e+00	5.011652812937673201e-02	3.383863458628449727e+00	-4.591995640426830505e+00
-4.174201304604493457e-01	-2.044121681155194548e+00	7.755875768981127294e+00	6.697027978048128438e-02	3.360553531658327042e+00	-4.732875013235343431e+00
-4.275384941394944072e-01	-2.004891563941032739e+00	7.940188974952434364e+00	8.370585036229047371e-02	3.336584696224941027e+00	-4.855813840269320281e+00
-4.374585633118042716e-01	-1.964782010687859959e+00	8.107930352148855491e+00	1.003201675293107914e-01	3.312044631496575686e+00	-4.961622836689912219e+00
-4.471761469258245802e-01	-1.923874110471895715e+00	8.259805090446775466e+00	1.168105868137467862e-01	3.287016777179482929e+00	-5.051183211023953845e+00
-4.566874500253568225e-01	-1.882245260308897050e+00	8.396580396200192808e+00	1.331748693634477176e-01	3.261579991293051872e+00	-5.125441652930931014e+00
-4.659890548148442058e-01	-1.839968960810142384e+00	8.519045476767360014e+00	1.494111585582896806e-01	3.235808338894103464e+00	-5.185366395138771622e+00
-4.750779007801542719e-01	-1.797114704071610447e+00	8.628020470720571211e+00	1.655179556610701375e-01	3.209770982132916561e+00	-5.231956924125597652e+00
-4.839512640000736554e-01	-1.753747799687813691e+00	8.724344286633709089e+00	1.814940945715712850e-01	3.183532003081062101e+00	-5.266230669070409931e+00
-4.926067372908427555e-01	-1.709929409017547197e+00	8.808846441219884582e+00	1.973387176552695021e-01	3.157150453593872808e+00	-5.289192343559079745e+00
-5.010422094787507774e-01	-1.665716578784560031e+00	8.882332071153655306e+00	2.130512506349973856e-01	3.130680404889474300e+00	-5.301817250323665576e+00
-5.092558430680147463e-01	-1.621162391817878579e+00	8.945591661800449401e+00	2.286313757947789349e-01	3.104171125928875785e+00	-5.305062199612848417e+00
-5.172460554462462445e-01	-1.576316027464879532e+00	8.999390827334991627e+00	2.440790091045114407e-01	3.077667161342689361e+00	-5.299854395189868228e+00
-5.250115015074273694e-01	-1.531222912005831160e+00	9.044466763107152474e+00	2.593942790247156238e-01	3.051208507824671123e+00	-5.287087585274093726e+00
-5.325510551530544534e-01	-1.485924865243321902e+00	9.081519942913587329e+00	2.745775040752869156e-01	3.024830786426952134e+00	-5.267613047213444588e+00
-5.398637897241220784e-01	-1.440460349514731453e+00	9.111200022925117992e+00	2.896291692560469255e-01	2.998565525720379821e+00	-5.242224371357224300e+00
-5.469489618709981738e-01	-1.394864648970835619e+00	9.134125571774006858e+00	3.045499063159658459e-01	2.972440368514041253e+00	-5.211678991139478967e+00
-5.538059976105766946e-01	-1.349170046385883559e+00	9.150879024781602311e+00	3.193404765532998901e-01	2.946479276614892395e+00	-5.176692473665298166e+00
-5.604344779184274872e-01	-1.303406027449437676e+00	9.161997850038574143e+00	3.340017531104601534e-01	2.920702765105807952e+00	-5.137929193715308429e+00
-5.668341244202038665e-01	-1.257599498434147423e+00	9.167976219016509276e+00	3.485347033572240849e-01	2.895128149611346124e+00	-5.096004551860687570e+00
-5.730047866867349349e-01	-1.211774989404729830e+00	9.169271769021179352e+00	3.629403731000656608e-01	2.869769777654387344e+00	-5.051491853418383471e+00
-5.789464312983174654e-01	-1.165954837894230600e+00	9.166304933079800321e+00	3.772198728436856885e-01	2.844639240176303652e+00	-5.004921559060221625e+00
-5.846591317778476737e-01	-1.120159371926323644e+00	9.159458842410344914e+00	3.913743650429284959e-01	2.819745582370877912e+00	-4.956781428201793460e+00
-5.901430585561036057e-01	-1.074407093086051646e+00	9.149082043423049981e+00	4.054050513769943409e-01	2.795095513016094824e+00	-4.907519581679025578e+00
-5.953984701958061621e-01	-1.028714843686155955e+00	9.135490206073825448e+00	4.193131614736614887e-01	2.770693596118982249e+00	-4.857546274331753011e+00
-6.004257055603045012e-01	-9.830979666736092693e-01	9.118968320833516827e+00	4.330999427350958886e-01	2.746542436288657019e+00	-4.807236106208165438e+00
-6.052251768624623551e-01	-9.375704513577980403e-01	9.099773003027678442e+00	4.467666511630842274e-01	2.722642848674766913e+00	-4.756930525606321680e+00
-6.097973631236204284e-01	-8.921450747098073064e-01	9.078133516958132532e+00	4.603145426796805828e-01	2.698994023587906632e+00	-4.706939071389342644e+00
-6.141428044578630674e-01	-8.468335292981880036e-01	9.054254696247426182e+00	4.737448654135814063e-01	2.675593676519008479e+00	-4.657542524812242846e+00
-6.182620969467502725e-01	-8.016465434416254476e-01	9.028318069748877406e+00	4.870588526832083653e-01	2.652438190376904092e+00	-4.608993912563846607e+00
-6.221558881356794579e-01	-7.565939896247252383e-01	9.000484782167347930e+00	5.002577166972076439e-01	2.629522745438898745e+00	-4.561521674038885976e+00
-6.258248729843179925e-01	-7.116849868210172181e-01	8.970895478808643020e+00	5.133426428252224616e-01	2.606841442514536755e+00	-4.515329614069969466e+00
-6.292697902407732302e-01	-6.669279967646482010e-01	8.939673321589225452e+00	5.263147843979584239e-01	2.584387419727467883e+00	-4.470600003745175854e+00
-6.324914195585026322e-01	-6.223308996734147058e-01	8.906927402281155537e+00	5.391752583475803995e-01	2.562152947935032454e+00	-4.427497154136517565e+00
-6.354905787167194342e-01	-5.779010748429026512e-01	8.872749718636498528e+00	5.519251410467128638e-01	2.540129531268807472e+00	-4.386164236830836671e+00
-6.382681212079098776e-01	-5.336454740260812013e-01	8.837219925859585601e+00	5.645654646115250141e-01	2.518308000204274144e+00	-4.346728280501565678e+00
-6.408249343660331609e-01	-4.895706768904060091e-01	8.800406788155441973e+00	5.770972138584945510e-01	2.496678585346614909e+00	-4.309301749180121988e+00
-6.431619375944193084e-01	-4.456829514742840503e-01	8.762366899932743536e+00	5.895213234373436473e-01	2.475230997289047608e+00	-4.273980992688393599e+00
-6.452800809044034747e-01	-4.019883061336207986e-01	8.723148010913462258e+00	6.018386753743959483e-01	2.453954497445506977e+00	-4.240849848752986873e+00
-6.471803438219591031e-01	-3.584925294532444462e-01	8.682789869898044799e+00	6.140500970753540733e-01	2.432837956216533204e+00	-4.209980471774770194e+00
-6.488637343439832561e-01	-3.152012338557506621e-01	8.641323819928686589e+00	6.261563594766411667e-01	2.411869915317779167e+00	-4.181432864718090059e+00
-6.503312881484188956e-01	-2.721198910500011170e-01	8.598775034085861080e+00	6.381581755392067290e-01	2.391038641624024574e+00	-4.155257229631388327e+00
-6.515840679553975834e-01	-2.292538608690801449e-01	8.555162940291253904e+00	6.500561989798931961e-01	2.370332174073768172e+00	-4.131494381693983087e+00
-6.526231630597028044e-01	-1.866084203761197435e-01	8.510501570977197616e+00	6.618510232749555966e-01	2.349738371167370055e+00	-4.110176075919071081e+00
-6.534496889718917068e-01	-1.441887871959089684e-01	8.464800841961704236e+00	6.735431808577005963e-01	2.329244952431314353e+00	-4.091326326901253196e+00
-6.540647871664722057e-01	-1.020001387054834951e-01	8.418066875833886797e+00	6.851331425099868033e-01	2.308839535737234883e+00	-4.074961740085200290e+00
-6.544696249401003030e-01	-6.004763044311436232e-02	8.370302504638061691e+00	6.966213169642081482e-01	2.288509673724262949e+00	-4.061092028341363402e+00
-6.546653953338975596e-01	-1.833641039342892576e-02	8.321508006424902959e+00	7.080080506521282402e-01	2.268242886082842524e+00	-4.049720753872179557e+00
-6.546533171073738444e-01	2.312836921153083036e-02	8.271681441232926701e+00	7.192936275926458123e-01	2.248026689286972690e+00	-4.040845683980023750e+00
-6.544346348154663762e-01	6.434154180110512877e-02	8.220819112610179502e+00	7.304782694825865397e-01	2.227848624515235798e+00	-4.034459268470072857e+00
-6.540106188863881176e-01	1.052979188048964870e-01	8.168915974484576736e+00	7.415621358679954644e-01	2.207696283132207782e+00	-4.030549031983582609e+00
-6.533825657344670690e-01	1.459922837932242923e-01	8.115965986877668570e+00	7.525453244390198915e-01	2.187557330309631176e+00	-4.029097990865466272e+00
-6.525517979376848077e-01	1.864193883466961355e-01	8.061962440983279521e+00	7.634278714859754622e-01	2.167419526676293007e+00	-4.030084978515333205e+00
-6.515196643866152382e-01	2.265739493167019392e-01	8.006898191964737066e+00	7.742097524070715719e-01	2.147270748634371174e+00	-4.033484878711533383e+00
-6.502875404557812988e-01	2.664506475191404378e-01	7.950766021853866050e+00	7.848908823279813207e-01	2.127099007084152227e+00	-4.039269051514793318e+00
-6.488568282061164538e-01	3.060441278911932850e-01	7.893558810494312183e+00	7.954711168417656353e-01	2.106892464479287685e+00	-4.047405505762753819e+00
-6.472289565262311362e-01	3.453490001821794553e-01	7.835269656992693399e+00	8.059502527667057326e-01	2.086639451417946489e+00	-4.057859018499357262e+00
-6.454053813226058312e-01	3.843598412882157644e-01	7.775892342689871839e+00	8.163280290457617383e-01	2.066328481225453206e+00	-4.070591720604625152e+00
-6.433875857110590291e-01	4.230711986533837732e-01	7.715421334373814943e+00	8.266041277335243187e-01	2.045948263257526989e+00	-4.085563075769641728e+00
-6.411770801743780224e-01	4.614775942842873069e-01	7.653852011556011803e+00	8.367781750302841770e-01	2.025487715488941465e+00	-4.102730167571735365e+00
-6.387754026027868681e-01	4.995735283074423383e-01	7.591180105019248003e+00	8.468497422715918210e-01	2.004935977722601681e+00	-4.122046967718461019e+00
-6.361841182913451354e-01	5.373534829405077762e-01	7.527403049050576556e+00	8.568183469542873798e-01	1.984282424260310762e+00	-4.143466094585392057e+00
-6.334048202326816313e-01	5.748119309615880024e-01	7.462519448572834335e+00	8.666834541728326569e-01	1.963516670704118061e+00	-4.166938130447306321e+00
-6.304391291024518118e-01	6.119433413208537065e-01	7.396529237310630833e+00	8.764444777977334899e-01	1.942628584409797465e+00	-4.192411840650720478e+00
-6.272886932490985279e-01	6.487421855332977660e-01	7.329433267794058793e+00	8.861007817437728251e-01	1.921608293793990896e+00	-4.219833697155763730e+00
-6.239551884622932532e-01	6.852029417542956358e-01	7.261233896953854128e+00	8.956516810871426593e-01	1.900446200359454885e+00	-4.249148631831872081e+00
-6.204403181637614395e-01	7.213201057742784084e-01	7.191935422300332448e+00	9.050964436993716999e-01	1.879132982017621911e+00	-4.280300608674792784e+00
-6.167458132684893179e-01	7.570881980958421575e-01	7.121543564633270762e+00	9.144342916150479672e-01	1.857659601071974809e+00	-4.313232021766907565e+00
-6.128734320476463271e-01	7.925017718214033557e-01	7.050065495562876094e+00	9.236644024766350602e-01	1.836017310992400731e+00	-4.347883791829531219e+00
-6.088249597851801420e-01	8.275554180964079798e-01	6.977509592504873126e+00	9.327859108415782474e-01	1.814197665717654839e+00	-4.384195136017183358e+00
-6.046022086897780978e-01	8.622437763682579970e-01	6.903886582158520469e+00	9.417979098225809365e-01	1.792192523217013944e+00	-4.422104922703397278e+00
-6.002070176653842015e-01	8.965615432006807106e-01	6.829208663083988995e+00	9.506994526533780743e-01	1.769994050438376654e+00	-4.461550724168205306e+00
-5.956412519957845486e-01	9.305034804974897655e-01	6.753489749672723974e+00	9.594895542352542828e-01	1.747594728660188501e+00	-4.502469154288860409e+00
-5.909068029242087183e-01	9.640644226036801934e-01	6.676744919344514528e+00	9.681671926533914618e-01	1.724987359646853458e+00	-4.544795360565103692e+00
-5.860055872709298841e-01	9.972392848801326926e-01	6.598991585143267002e+00	9.767313107903097258e-01	1.702165069980313916e+00	-4.588464292889398166e+00
-5.809395470856608679e-01	1.030023073673841383e+00	6.520248699511398627e+00	9.851808180319215902e-01	1.679121313640988156e+00	-4.633409947981022015e+00
-5.757106491500590950e-01	1.062410894362954439e+00	6.440536950678392714e+00	9.935145918943599774e-01	1.655849876248028929e+00	-4.679565636423376418e+00
-5.703208844448147685e-01	1.094397959399297182e+00	6.359878375771359060e+00	1.001731479673381386e+00	1.632344878857101556e+00	-4.726863718622325905e+00
-5.647722675404769355e-01	1.125979595576213743e+00	6.278296934048398725e+00	1.009830300076602905e+00	1.608600782079984137e+00	-4.775236169888216864e+00
-5.590668360867726561e-01	1.157151254138989893e+00	6.195818294008972771e+00	1.017809845009014058e+00	1.584612387395272437e+00	-4.824614468461504657e+00
-5.532066501514449897e-01	1.187908518517471812e+00	6.112469726936865300e+00	1.025668881264620635e+00	1.560374840148723852e+00	-4.874929577137208980e+00
-5.471937915395495011e-01	1.218247112358156636e+00	6.028279980537831761e+00	1.033406152250729626e+00	1.535883631892424495e+00	-4.926111935552739851e+00
-5.410303630261042995e-01	1.248162906302098696e+00	5.943279311977789803e+00	1.041020379673427643e+00	1.511134603238829088e+00	-4.978091559589188364e+00
-5.347184876488361160e-01	1.277651926953947470e+00	5.857499727576055193e+00	1.048510265338368663e+00	1.486123944769298655e+00	-5.030798290192251443e+00
-5.282603079073209251e-01	1.306710364362533072e+00	5.770974662525190979e+00	1.055874492901257122e+00	1.460848198606946813e+00	-5.084161645667904850e+00
-5.216579849275838621e-01	1.335334579367034147e+00	5.683738982738873347e+00	1.063111729628384960e+00	1.435304259673591876e+00	-5.138110911493754429e+00
-5.149136975675734362e-01	1.363521109992189562e+00	5.595828785586945742e+00	1.070220628130462925e+00	1.409489377107576713e+00	-5.192575101671991433e+00
-5.080296415262050003e-01	1.391266678777601351e+00	5.507281762841103046e+00	1.077199828153177608e+00	1.383401154694406721e+00	-5.247483264749575937e+00
-5.010080284137738982e-01	1.418568199702106458e+00	5.418136832802247227e+00	1.084047958364467323e+00	1.357037551108821960e+00	-5.302764348802952554e+00
-4.938510847761434230e-01	1.445422784414168049e+00	5.328434166240413106e+00	1.090763638125264112e+00	1.330396880127521886e+00	-5.358347308916222573e+00
-4.865610510866070770e-01	1.471827747979912226e+00	5.238214961054495689e+00	1.097345479250666500e+00	1.303477810690401917e+00	-5.414161055566069081e+00
-4.791401807108302546e-01	1.497780614425263668e+00	5.147521678769862774e+00	1.103792087775880226e+00	1.276279366595149733e+00	-5.470134715489052724e+00
-4.715907388581097592e-01	1.523279122613824033e+00	5.056397786329966948e+00	1.110102065753462153e+00	1.248800925442874243e+00	-5.526197566330324662e+00
-4.639150014923705267e-01	1.548321231067451675e+00	4.964887713105895273e+00	1.116274013012457100e+00	1.221042217743592673e+00	-5.582279119491317942e+00
-4.561152542223873563e-01	1.572905122468020389e+00	4.873036683807526970e+00	1.122306528913316948e+00	1.193003325747688192e+00	-5.638309072610354633e+00
-4.481937911680293762e-01	1.597029207493507075e+00	4.780890779305877913e+00	1.128198214079130457e+00	1.164684682277647987e+00	-5.694217545155424887e+00
-4.401529138142437625e-01	1.620692129199940767e+00	4.688496831087832106e+00	1.133947672182129329e+00	1.136087068075886108e+00	-5.749935121576186248e+00
-4.319949298413874872e-01	1.643892766191904276e+00	4.595902271307522824e+00	1.139553511670802877e+00	1.107211609738605107e+00	-5.805392848239080195e+00
-4.237221519416042304e-01	1.666630235507740476e+00	4.503155067355919527e+00	1.145014347497965712e+00	1.078059777091473936e+00	-5.860522338706459777e+00
-4.153368966223959236e-01	1.688903895037861425e+00	4.410303578720686346e+00	1.150328802837537356e+00	1.048633380203380261e+00	-5.915255757046566032e+00
-4.068414829932011645e-01	1.710713344402292391e+00	4.317396228974644146e+00	1.155495510701600059e+00	1.018934568074222780e+00	-5.969525449315085552e+00
-3.982382315534902517e-01	1.732058426785390681e+00	4.224482005600293633e+00	1.160513115665113171e+00	9.889658240563812264e-01	-6.023265205736151984e+00
-3.895294629750579718e-01	1.752939230120184266e+00	4.131609850164522868e+00	1.165380275565206736e+00	9.587299611052705339e-01	-6.076409361094476935e+00
-3.807174968769689860e-01	1.773356086916942687e+00	4.038828674586397938e+00	1.170095663116801132e+00	9.282301181876604357e-01	-6.128893131208997147e+00
-3.718046506030054377e-01	1.793309573812412294e+00	3.946187239096730082e+00	1.174657967534030290e+00	8.974697556877749838e-01	-6.180652689325995652e+00
-3.627932380060481243e-01	1.812800510595797165e+00	3.853734092330000749e+00	1.179065896124516843e+00	8.664526511715648915e-01	-6.231624740196252787e+00
-3.536855682477340057e-01	1.831829958837768668e+00	3.761517356786271193e+00	1.183318175847707598e+00	8.351828966163007406e-01	-6.281747234961073900e+00
-3.444839445823010826e-01	1.850399219131779516e+00	3.669584587724557423e+00	1.187413554883026023e+00	8.036648897533620328e-01	-6.330959499902007792e+00
-3.351906631738592601e-01	1.868509828224688807e+00	3.577982694759953120e+00	1.191350804142830899e+00	7.719033293448475108e-01	-6.379201860309592576e+00
-3.258080119269268216e-01	1.886163555349159360e+00	3.486757778757350934e+00	1.195128718761108821e+00	7.399032093374281471e-01	-6.426415875764121211e+00
-3.163382693365120457e-01	1.903362397833786579e+00	3.395955028495563965e+00	1.198746119552438927e+00	7.076698125572481457e-01	-6.472544308015358183e+00
-3.067837033352976972e-01	1.920108577139387540e+00	3.305618873694470494e+00	1.202201854472300990e+00	6.752087068218908250e-01	-6.517530472184205337e+00
-2.971465702025152811e-01	1.936404532701963888e+00	3.215792101462284336e+00	1.205494800000443734e+00	6.425257373084167778e-01	-6.561320035005167028e+00
-2.874291135086013416e-01	1.952252914836070330e+00	3.126516293131885504e+00	1.208623862483087841e+00	6.096270181943344024e-01	-6.603859675111550587e+00
-2.776335630693188006e-01	1.967656577973446286e+00	3.037831521976841032e+00	1.211587979470341914e+00	5.765189266382595434e-01	-6.645097485503072221e+00
-2.677621339480679707e-01	1.982618572737147478e+00	2.949776198868335086e+00	1.214386121003480534e+00	5.432080955926827937e-01	-6.684983016243734255e+00
-2.578170254877401035e-01	1.997142137682606844e+00	2.862387234227981025e+00	1.217017290896865056e+00	5.097014070608476555e-01	-6.723466852406346561e+00
-2.478004203455129728e-01	2.011230691714984253e+00	2.775699540103119034e+00	1.219480528093398242e+00	4.760059872881277077e-01	-6.760501137074015787e+00
-2.377144836945351003e-01	2.024887821859860271e+00	2.689745720551854902e+00	1.221774907673773392e+00	4.421291962435100475e-01	-6.796039815733621481e+00
-2.275613623936517393e-01	2.038117273130705787e+00	2.604556293514178833e+00	1.223899542049847300e+00	4.080786211543108166e-01	-6.830038106917044161e+00
-2.173431842277428749e-01	2.050922937217918296e+00	2.520159411448958053e+00	1.225853582083563431e+00	3.738620694045253767e-01	-6.862452688821520042e+00
-2.070620572135646598e-01	2.063308840300170033e+00	2.436580747192920171e+00	1.227636218154614767e+00	3.394875612640690932e-01	-6.893241655552600378e+00
-1.967200688735085967e-01	2.075279131378672481e+00	2.353843729153595632e+00	1.229246681339177805e+00	3.049633239550951780e-01	-6.922364114556813774e+00
-1.863192856857750213e-01	2.086838068497659737e+00	2.271968518168932860e+00	1.230684244381028858e+00	2.702977844377020267e-01	-6.949781043326254348e+00
-1.758617526549738352e-01	2.097990003632743683e+00	2.190972544805845246e+00	1.231948222548454375e+00	2.354995617387587448e-01	-6.975454567931635097e+00
-1.653494928433875688e-01	2.108739368371598033e+00	2.110870207678317456e+00	1.233037974632190670e+00	2.005774610000599645e-01	-6.999348078424162622e+00
-1.547845070217524210e-01	2.119090658396987958e+00	2.031672733835193867e+00	1.233952903843481330e+00	1.655404672811795763e-01	-7.021426173323675357e+00
-1.441687733751726985e-01	2.129048417461859355e+00	1.953388169572235711e+00	1.234692458718186892e+00	1.303977396264338617e-01	-7.041654641045717256e+00
-1.335042471735186642e-01	2.138617221395368251e+00	1.876021146290895558e+00	1.235256134171374365e+00	9.515860522057904836e-02	-7.060000332412613488e+00
-1.227928608309834246e-01	2.147801659817750508e+00	1.799572641912163817e+00	1.235643472063980841e+00	5.983255469630183176e-02	-7.076431018978706078e+00
-1.120365238499930055e-01	2.156606318406678380e+00	1.724040048268534520e+00	1.235854062055588010e+00	2.442923742818159383e-02	-7.090915370742678192e+00
-1.012371228830278302e-01	2.165035760457799885e+00	1.649416996737500085e+00	1.235887542395628591e+00	-1.104154257858139254e-02	-7.103422816136331086e+00
-9.039652190569377743e-02	2.173094507817501686e+00	1.575693249329560786e+00	1.235743600670430764e+00	-4.656983017219043508e-02	-7.113923458114847165e+00
-7.951656237037027508e-02	2.180787021268893344e+00	1.502854589347407455e+00	1.235421974656276012e+00	-8.214552393583249290e-02	-7.122388651138216176e+00
-6.859906357249857811e-02	2.188117680424545242e+00	1.430882734148781310e+00	1.234922453038929779e+00	-1.177583785308131542e-01	-7.128789308088713028e+00
-5.764582323005634085e-02	2.195090763151168467e+00	1.359755232643465206e+00	1.234244876005192060e+00	-1.533980044909304952e-01	-7.133096901577175686e+00
-4.665861799283972655e-02	2.201710424516392095e+00	1.289445378960635935e+00	1.233389136012468246e+00	-1.890538702712771801e-01	-7.135283053728187497e+00
-3.563920412082072914e-02	2.207980675316519203e+00	1.219922130180293607e+00	1.232355178489690672e+00	-2.247153024885119310e-01	-7.135319350550616946e+00
-2.458931825110354658e-02	2.213905360191347427e+00	1.151150016149586008e+00	1.231143002546106979e+00	-2.603714861269664782e-01	-7.133177870337434001e+00
-1.351067814338732798e-02	2.219488135281345365e+00	1.083089078041894027e+00	1.229752661740186603e+00	-2.960114685178912852e-01	-7.128830567996914169e+00
-2.404983852184634785e-03	2.224732445760067012e+00	1.015694825352966291e+00	1.228184264720890262e+00	-3.316241518038389735e-01	-7.122248053172882010e+00
8.726081184851526562e-03	2.229641502930340469e+00	9.489181525100320869e-01	1.226437975966178096e+00	-3.671982913873821364e-01	-7.113400763699786467e+00
1.988084892774950874e-02	2.234218261062842270e+00	8.827052976951108576e-01	1.224514016531786265e+00	-4.027224930562146032e-01	-7.102258355436589454e+00
3.105766537794692542e-02	2.238465394016695864e+00	8.169978123726195918e-01	1.222412664813168792e+00	-4.381852086050586070e-01	-7.088789586812595189e+00
4.225488921333370174e-02	2.242385272503490512e+00	7.517328577425814728e-01	1.220134257253353116e+00	-4.735747358015721109e-01	-7.072964226423835044e+00
5.347089022621289572e-02	2.245979940664638352e+00	6.868424976801179582e-01	1.217679189132105266e+00	-5.088792139425926120e-01	-7.054748516206728937e+00
6.470404748073509127e-02	2.249251091403811742e+00	6.222541716160776559e-01	1.215047915498721931e+00	-5.440866111490161305e-01	-7.034108081839121951e+00
7.595274755785880183e-02	2.252200043234485971e+00	5.578906035966610943e-01	1.212240951995446236e+00	-5.791847206530494896e-01	-7.011007192862791726e+00
8.721538261101635658e-02	2.254827716665515069e+00	4.936697989699041500e-01	1.209258875769471775e+00	-6.141611531799476831e-01	-6.985408515923722916e+00
9.849034832904002279e-02	2.257134611239280719e+00	4.295056034911794995e-01	1.206102326385032342e+00	-6.490033299049242643e-01	-6.957274234583394446e+00
1.097760420003450477e-01	2.259120786913697110e+00	3.653075757590613648e-01	1.202772006441314989e+00	-6.836984846217740719e-01	-6.926565515082245383e+00
1.210708599794009244e-01	2.260785836794752424e+00	3.009799123312859592e-01	1.199268682977021827e+00	-7.182336441683406791e-01	-6.893239699162165834e+00
1.323731953205034839e-01	2.262128865579594805e+00	2.364228225558235863e-01	1.195593188488881076e+00	-7.525956210550717174e-01	-6.857253283946533884e+00
1.436814352964310704e-01	2.263148468498985544e+00	1.715322391371500999e-01	1.191746422004342554e+00	-7.867710058029809828e-01	-6.818560926924874366e+00
1.549939587706382071e-01	2.263842710239159395e+00	1.061999743892556580e-01	1.187729350262460182e+00	-8.207461576264233338e-01	-6.777115450586393308e+00
1.663091336529999020e-01	2.264209108853642682e+00	4.031585047982844117e-02	1.183543008632651050e+00	-8.545072013060890370e-01	-6.732870741270744475e+00
1.776253142322847811e-01	2.264244620183700540e+00	-2.623560488950715808e-02	1.179188502119683069e+00	-8.880400236006279480e-01	-6.685776638060019650e+00
1.889408380052467751e-01	2.263945614498418468e+00	-9.357272023930818250e-02	1.174667007090032023e+00	-9.213302569416605969e-01	-6.635782262924237784e+00
2.002540228404314504e-01	2.263307863821072630e+00	-1.618166209616447304e-01	1.169979772341917412e+00	-9.543632775379287114e-01	-6.582835838651647009e+00
2.115631639464067015e-01	2.262326528219869903e+00	-2.310910360342859349e-01	1.165128120408224000e+00	-9.871242003886240290e-01	-6.526884459500763569e+00
2.228665308288834135e-01	2.260996143425954230e+00	-3.015219554902159871e-01	1.160113448863452579e+00	-1.019597872087181001e+00	-6.467874059689847854e+00
2.341623640825842845e-01	2.259310611257039358e+00	-3.732370316311062197e-01	1.154937231710780443e+00	-1.051768870541414769e+00	-6.405750942236409173e+00
2.454488721678193264e-01	2.257263191924141932e+00	-4.463652722718052246e-01	1.149601020776411575e+00	-1.083621503978509315e+00	-6.340461024977116722e+00
2.567242281540215165e-01	2.254846498630593832e+00	-5.210364945696710492e-01	1.144106447120730063e+00	-1.115139810870630299e+00	-6.271950510964302339e+00
2.679865665991646440e-01	2.252052498005817860e+00	-5.973789419192598871e-01	1.138455222208920148e+00	-1.146307566337120498e+00	-6.200168623504737297e+00
2.792339806309038219e-01	2.248872517313500907e+00	-6.755212665261751681e-01	1.132649138764824981e+00	-1.177108295723942488e+00	-6.125064830988776521e+00
2.904645182126852632e-01	2.245297241358446438e+00	-7.555909097420681064e-01	1.126690072775582863e+00	-1.207525273800221344e+00	-6.046590605157803111e+00
3.016761791041626117e-01	2.241316724626275736e+00	-8.377127435708189296e-01	1.120579984491614667e+00	-1.237541541721992822e+00	-5.964700843016657927e+00
3.128669117107484854e-01	2.236920404931093120e+00	-9.220086336156327889e-01	1.114320919589062875e+00	-1.267139924376322835e+00	-5.879354012503199556e+00
3.240346103546080103e-01	2.232097118354057663e+00	-1.008597154364224480e+00	1.107915009843875920e+00	-1.296303045634228601e+00	-5.790511732509230569e+00
3.351771121649797514e-01	2.226835122896722474e+00	-1.097590988731326433e+00	1.101364474247449987e+00	-1.325013355705859874e+00	-5.698142850372050816e+00
3.462921941028384576e-01	2.221122127101901267e+00	-1.189097120787209860e+00	1.094671619974296295e+00	-1.353253162921604247e+00	-5.602221961335317246e+00
3.573775703607060539e-01	2.214945322191520738e+00	-1.283215377681472091e+00	1.087838842929213401e+00	-1.381004666772589484e+00	-5.502731113149252451e+00
3.684308898724953374e-01	2.208291418865448552e+00	-1.380038621530047749e+00	1.080868628198891956e+00	-1.408249995614242689e+00	-5.399659255690835380e+00
3.794497341467773510e-01	2.201146683599852327e+00	-1.479650240528371796e+00	1.073763550198061578e+00	-1.434971242152569770e+00	-5.293004953702165949e+00
3.904316150123436358e-01	2.193496996769119356e+00	-1.582122147845439031e+00	1.066526272850046864e+00	-1.461150523714024763e+00	-5.182778475279633312e+00
4.013739728336261914e-01	2.185327906429383571e+00	-1.687514891389810145e+00	1.059159549334747652e+00	-1.486770035557795078e+00	-5.069001313789613050e+00
4.122741749799145872e-01	2.176624690424248332e+00	-1.795876180571667646e+00	1.051666221580860094e+00	-1.511812112524099971e+00	-4.951707644797693320e+00
4.231295146729844303e-01	2.167372407872533824e+00	-1.907245794473737988e+00	1.044049219342857437e+00	-1.536259277266893264e+00	-4.830938450511212068e+00
4.339372101367781620e-01	2.157555970454205774e+00	-2.021641762767785622e+00	1.036311559011042105e+00	-1.560094309780881261e+00	-4.706757046345273920e+00
4.446944040735105741e-01	2.147160236355352136e+00	-2.139067920370052889e+00	1.028456342137825441e+00	-1.583300341466969297e+00	-4.579240169691502160e+00
4.553981636579633729e-01	2.136170087110424554e+00	-2.259510731651516835e+00	1.020486753400642987e+00	-1.605860928257467624e+00	-4.448481329373521476e+00
4.660454808828566331e-01	2.124570514746872085e+00	-2.382941231287759365e+00	1.012406058255233665e+00	-1.627760134281971638e+00	-4.314588473885919484e+00
4.766332726588272117e-01	2.112346684384380779e+00	-2.509315448474808363e+00	1.004217600989900427e+00	-1.648982587631729890e+00	-4.177683303346498178e+00
4.871583824890197700e-01	2.099484045929679521e+00	-2.638565981814281258e+00	9.959248010142922602e-01	-1.669513588570219698e+00	-4.037910234591095104e+00
4.976175821005633937e-01	2.085968426297213352e+00	-2.770608602299262202e+00	9.875311493252083572e-01	-1.689339195325190390e+00	-3.895428958891557158e+00
5.080075735252335134e-01	2.071786126555989593e+00	-2.905336601492990667e+00	9.790402045297196265e-01	-1.708446314408255118e+00	-3.750420571960376037e+00
5.183249917826995290e-01	2.056924032083905729e+00	-3.042624890310662522e+00	9.704555882267412725e-01	-1.726822804463566507e+00	-3.603082629616551458e+00
5.285664080674477017e-01	2.041369699054833564e+00	-3.182328651835518940e+00	9.617809800891242711e-01	-1.744457551770035364e+00	-3.453630454952417494e+00
5.387283335196109135e-01	2.025111459909366474e+00	-3.324283098299019912e+00	9.530201122722872231e-01	-1.761340566360332094e+00	-3.302297249808248125e+00
5.488072227368562261e-01	2.008138500573753316e+00	-3.468311332044095252e+00	9.441767643030100077e-01	-1.777463046606899910e+00	-3.149325466080199476e+00
5.587994783956984346e-01	1.990440951091240418e+00	-3.614212250183868491e+00	9.352547568085675112e-01	-1.792817456872788817e+00	-2.994979428161400392e+00
5.687014567818785560e-01	1.972009982781110393e+00	-3.761770821855634495e+00	9.262579443279898017e-01	-1.807397610901814611e+00	-2.839534162866357292e+00
5.785094730240334382e-01	1.952837880884446875e+00	-3.910755117746930409e+00	9.171902086205033777e-01	-1.821198728123027966e+00	-2.683278510060745248e+00
5.882198062268906291e-01	1.932918138344039694e+00	-4.060916786485563534e+00	9.080554520865554702e-01	-1.834217513086054296e+00	-2.526514483241157905e+00
5.978287061037415029e-01	1.912245505756847042e+00	-4.211999210774479252e+00	8.988575898300112943e-01	-1.846452184417869846e+00	-2.369547883072073091e+00
6.073323994060382258e-01	1.890816047749940276e+00	-4.363734102542139226e+00	8.896005419992861762e-01	-1.857902510852251554e+00	-2.212692148362975786e+00
6.167270966029752000e-01	1.868627195308363298e+00	-4.515842463280478114e+00	8.802882259658791897e-01	-1.868569842698523997e+00	-2.056267362163907819e+00
6.260089989462541693e-01	1.845677791521231903e+00	-4.668040324002390662e+00	8.709245482081945378e-01	-1.878457136144218387e+00	-1.900593592387622266e+00
6.351743055091495505e-01	1.821968104735220084e+00	-4.820040609330362713e+00	8.615133964099115360e-01	-1.887568939771185894e+00	-1.745988860358124839e+00
6.442192205156204166e-01	1.797499843036179490e+00	-4.971554337424549885e+00	8.520586313443779813e-01	-1.895911383604121037e+00	-1.592767871411865599e+00
6.531399602643478408e-01	1.772276177622362558e+00	-5.122285637904724354e+00	8.425640792973524418e-01	-1.903492177548709030e+00	-1.441247440369920696e+00
6.619327603214767430e-01	1.746301734112791326e+00	-5.271949413993752387e+00	8.330335243745908835e-01	-1.910320574738893606e+00	-1.291727164423264185e+00
6.705938828423022580e-01	1.719582555236257138e+00	-5.420263741969051807e+00	8.234707008399206885e-01	-1.916407303737881707e+00	-1.144497811140126942e+00
6.791196234179744939e-01	1.692126076224978792e+00	-5.566952111651175983e+00	8.138792860576899990e-01	-1.921764514985929040e+00	-9.998389039323001271e-01
6.875063189566177346e-01	1.663941107375601858e+00	-5.711744290039291627e+00	8.042628923890493553e-01	-1.926405735144786968e+00	-8.580178662015214286e-01
6.957503535311377885e-01	1.635037764330188548e+00	-5.854386186716055818e+00	7.946250615467047584e-01	-1.930345765538952429e+00	-7.192794952464964808e-01
7.038481646746249654e-01	1.605427405978141930e+00	-5.994635350277690122e+00	7.849692585452739957e-01	-1.933600589461446972e+00	-5.838509664117736975e-01
7.117962496663043925e-01	1.575122571911289127e+00	-6.132260757843596366e+00	7.752988657640593750e-01	-1.936187279249862891e+00	-4.519418927155811616e-01
7.195911717026467480e-01	1.544136919699951260e+00	-6.267048597372081531e+00	7.656171772338372650e-01	-1.938123903122485725e+00	-3.237386863486335642e-01
7.272295644560633487e-01	1.512485128085616415e+00	-6.398802542861403708e+00	7.559273948781868313e-01	-1.939429398864149778e+00	-1.994044121025808636e-01
7.347081369508912108e-01	1.480182815880205949e+00	-6.527343368635911247e+00	7.462326244600471226e-01	-1.940123463773182344e+00	-7.907929184489148611e-02
7.420236788391019189e-01	1.447246448950623376e+00	-6.652511385932371013e+00	7.365358712111305106e-01	-1.940226431724883405e+00	3.712216306166737922e-02
7.491730643855702976e-01	1.413693247859011626e+00	-6.774164156555116278e+00	7.268400369659736571e-01	-1.939759153516684931e+00	1.491073777539213552e-01
7.561532551927444556e-01	1.379541098077481376e+00	-6.892178055922613567e+00	7.171479187600505734e-01	-1.938742882597535022e+00	2.568077922608154040e-01
7.629613035104858554e-01	1.344808455516705914e+00	-7.006449736702393238e+00	7.074622068762264071e-01	-1.937199155425846531e+00	3.601802156235862640e-01
7.695943554445057178e-01	1.309514232806402001e+00	-7.116897054867195038e+00	6.977854830933805097e-01	-1.935149650607718597e+00	4.592076735820000977e-01
7.760496525316512573e-01	1.273677723360481462e+00	-7.223451532372450856e+00	6.881202207583095865e-01	-1.932616094178859933e+00	5.538902151763522852e-01
7.823245333040074190e-01	1.237318515474788105e+00	-7.326062889648255805e+00	6.784687849390350634e-01	-1.929620154100519347e+00	6.442501038679893099e-01
7.884164346409850976e-01	1.200456398428998650e+00	-7.424703134464152754e+00	6.688334328898134507e-01	-1.926183326802102913e+00	7.303361247687689684e-01
7.943228929142660544e-01	1.163111256644661085e+00	-7.519357551283974317e+00	6.592163148371597003e-01	-1.922326811531279489e+00	8.122131173651041536e-01
8.000415439328294465e-01	1.125303022774978734e+00	-7.610024438449045192e+00	6.496194759780126171e-01	-1.918071452757591056e+00	8.899614517343934494e-01
8.055701231069077872e-01	1.087051599911626809e+00	-7.696716787173727425e+00	6.400448583663336244e-01	-1.913437648612925424e+00	9.636787058116169646e-01
8.109064649574381223e-01	1.048376777455408693e+00	-7.779466915456509923e+00	6.304943035713729271e-01	-1.908445253864738067e+00	1.033484494785511743e+00
8.160485024418090427e-01	1.009298168543877328e+00	-7.858312029647038344e+00	6.209695555161254266e-01	-1.903113507897855383e+00	1.099504309302687943e+00
8.209942661634884731e-01	9.698351703169256766e-01	-7.933301578701730250e+00	6.114722634118807676e-01	-1.897460989023467270e+00	1.161877409046724097e+00
8.257418831136992265e-01	9.300069085258352297e-01	-8.004495328830216749e+00	6.020039852682738113e-01	-1.891505552656635114e+00	1.220754405242246321e+00
8.302895747386820346e-01	8.898321802694056926e-01	-8.071963114873710765e+00	5.925661922090785794e-01	-1.885264269352773914e+00	1.276296722187794330e+00
8.346356556458210951e-01	8.493294256195813574e-01	-8.135779015729212915e+00	5.831602719531311374e-01	-1.878753394306835522e+00	1.328670265615642165e+00
8.387785318533936829e-01	8.085166957906257945e-01	-8.196024030442174535e+00	5.737875328360447780e-01	-1.871988334476622162e+00	1.378047979060738726e+00
8.427166986209861932e-01	7.674116242788010522e-01	-8.252784217530063415e+00	5.644492083029237772e-01	-1.864983620371058137e+00	1.424607411455326655e+00
8.464487377608328478e-01	7.260314041224813497e-01	-8.306149463082249440e+00	5.551464619718314841e-01	-1.857752886160989103e+00	1.468529522850644753e+00
8.499733161555338423e-01	6.843927715872901718e-01	-8.356212635743702322e+00	5.458803912691948534e-01	-1.850308855346569414e+00	1.509997585559858635e+00
8.532891833495748202e-01	6.425119926141961146e-01	-8.403068764264844503e+00	5.366520321094075952e-01	-1.842663331741579258e+00	1.549196006226338795e+00
8.563951688320907696e-01	6.004048599884165283e-01	-8.446811989807997634e+00	5.274623638948305882e-01	-1.834827203613828450e+00	1.586306535648986937e+00
8.592901796347560683e-01	5.580866898667680154e-01	-8.487539087370237212e+00	5.183123141187091498e-01	-1.826810447052154451e+00	1.621512680190107858e+00
8.619731983454353985e-01	5.155723157421792102e-01	-8.525346180674972629e+00	5.092027624537254216e-01	-1.818622126215142298e+00	1.654995545269912327e+00
8.644432806198124597e-01	4.728760928111145345e-01	-8.560327743990512772e+00	5.001345453776411265e-01	-1.810270406729563186e+00	1.686932634025652078e+00
8.666995524411157392e-01	4.300119150626749986e-01	-8.592575183435656072e+00	4.911084610257051564e-01	-1.801762584327543770e+00	1.717496105444070054e+00
8.687412081060533753e-01	3.869932156118544575e-01	-8.622180455583048797e+00	4.821252731981487960e-01	-1.793105093920982718e+00	1.746857003463105684e+00
8.705675080107261321e-01	3.438329759254521445e-01	-8.649232584562298598e+00	4.731857155402434678e-01	-1.784303529536566568e+00	1.775181062590604597e+00
8.721777763714831933e-01	3.005437419347074535e-01	-8.673815928109945617e+00	4.642904957409141886e-01	-1.775362672623800986e+00	1.802626660650275880e+00
8.735713989345053054e-01	2.571376476965041569e-01	-8.696012562556049375e+00	4.554402996847001228e-01	-1.766286529387249393e+00	1.829347505411647035e+00
8.747478211199897213e-01	2.136264203359606595e-01	-8.715902052585221327e+00	4.466357950887852590e-01	-1.757078346835450056e+00	1.855492299445586468e+00
8.757065460048257810e-01	1.700213993339367846e-01	-8.733560120479211264e+00	4.378776352501327351e-01	-1.747740645750863298e+00	1.881203136819181054e+00
8.764471324194456070e-01	1.263335595930795141e-01	-8.749056846641373397e+00	4.291664625955688983e-01	-1.738275258206052998e+00	1.906613412513706862e+00
8.769691931563475817e-01	8.257353106656753483e-02	-8.762460489778156614e+00	4.205029120587429059e-01	-1.728683361537586505e+00	1.931852067015370267e+00
8.772723932933635949e-01	3.875161308057305937e-02	-8.773834921255279085e+00	4.118876142839980603e-01	-1.718965506673129084e+00	1.957040620168754685e+00
8.773564485864383533e-01	-5.122204295565341292e-03	-8.783239802385466533e+00	4.033211986716188080e-01	-1.709121654745809682e+00	1.982293320461280928e+00
8.772211240492930884e-01	-4.903821661643678609e-02	-8.790730246454717900e+00	3.948042961373169346e-01	-1.699151216405748288e+00	2.007716713653053375e+00
8.768662325018636849e-01	-9.298698796851193049e-02	-8.796358268656668145e+00	3.863375418698641317e-01	-1.689053084363982826e+00	2.033411150369829556e+00
8.762916332559311794e-01	-1.369593316951076001e-01	-8.800171705400217093e+00	3.779215778584029128e-01	-1.678825668629262635e+00	2.059469548875881628e+00
8.754972309448634249e-01	-1.809462902404730122e-01	-8.802214311979710715e+00	3.695570551822630057e-01	-1.668466932952488158e+00	2.085977482378552850e+00
8.744829745254889541e-01	-2.249391149281916302e-01	-8.802526133970175692e+00	3.612446360291967640e-01	-1.657974431496715972e+00	2.113013473279238497e+00
8.732488561407124594e-01	-2.689292485019034729e-01	-8.801143601782996484e+00	3.529849958261934151e-01	-1.647345343196022771e+00	2.140649032976739363e+00
8.717949102212473322e-01	-3.129083064833278471e-01	-8.798099489427556819e+00	3.447788250104820151e-01	-1.636576507442668804e+00	2.168948583438236710e+00
8.701212127414735820e-01	-3.568680596824098661e-01	-8.793423191594058608e+00	3.366268305499620639e-01	-1.625664458633008902e+00	2.197969777674757097e+00
8.682278804974014053e-01	-4.008004170985461911e-01	-8.787140614285874562e+00	3.285297373672512733e-01	-1.614605460713127938e+00	2.227763167294142477e+00
8.661150703597177980e-01	-4.446974090255386147e-01	-8.779274421040611287e+00	3.204882897214539339e-01	-1.603395542028657195e+00	2.258372513537324267e+00
8.637829787326952724e-01	-4.885511712270572682e-01	-8.769844290061570291e+00	3.125032522713388494e-01	-1.592030528979350157e+00	2.289835035935766427e+00
8.612318412171691140e-01	-5.323539313969672948e-01	-8.758867102893134415e+00	3.045754108258532655e-01	-1.580506077062767245e+00	2.322181582455186799e+00
8.584619320261414055e-01	-5.760979927382454679e-01	-8.746356403070819852e+00	2.967055733015173669e-01	-1.568817706225292152e+00	2.355435816238355073e+00
8.554735636017112288e-01	-6.197757195719545420e-01	-8.732323066187859695e+00	2.888945703659701603e-01	-1.556960833874072581e+00	2.389615041461524925e+00
8.522670863087209447e-01	-6.633795236266981643e-01	-8.716775197965375810e+00	2.811432559102788886e-01	-1.544930807358219527e+00	2.424729989613638281e+00
8.488428882834109235e-01	-7.069018520900632874e-01	-8.699719445671632911e+00	2.734525072599752193e-01	-1.532722934482253496e+00	2.460786488928647486e+00
8.452013957834776381e-01	-7.503351817200129004e-01	-8.681159817815853330e+00	2.658232247273000226e-01	-1.520332506322311650e+00	2.497783830851290077e+00
8.413430724375049463e-01	-7.936719989602951664e-01	-8.661097140029369257e+00	2.582563323333587624e-01	-1.507754838941425479e+00	2.535713985430902540e+00
8.372684193432892164e-01	-8.369047904469444354e-01	-8.639530408904420256e+00	2.507527774717580593e-01	-1.494985301613515727e+00	2.574563340798135869e+00
8.329779750814093608e-01	-8.800260321977692035e-01	-8.616456388897233865e+00	2.433135305789152492e-01	-1.482019347067679238e+00	2.614312116408768816e+00
8.284723159161169193e-01	-9.230281820980827945e-01	-8.591871544971638741e+00	2.359395845167581718e-01	-1.468852537713571271e+00	2.654936822689023757e+00
8.237520561106141948e-01	-9.659036740670872145e-01	-8.565768878465974012e+00	2.286319537402155821e-01	-1.455480569898570886e+00	2.696406121591280680e+00
8.188178476747426382e-01	-1.008644900946185752e+00	-8.538139633730907008e+00	2.213916739641642317e-01	-1.441899312959028290e+00	2.738683005906636936e+00
8.136703807031231417e-01	-1.051244208100220234e+00	-8.508973404249445593e+00	2.142198011145804437e-01	-1.428104834532782919e+00	2.781724911412652546e+00
8.083103835981991780e-01	-1.093693884312544329e+00	-8.478258083869945949e+00	2.071174103034342795e-01	-1.414093429487146336e+00	2.825483635029172547e+00
8.027386235771898360e-01	-1.135986157692037812e+00	-8.445981437367436229e+00	2.000855944225272687e-01	-1.399861642448999355e+00	2.869907351702977394e+00
7.969559069665500539e-01	-1.178113186825185510e+00	-8.412127765011405245e+00	1.931254628492450054e-01	-1.385406296500532486e+00	2.914936308273468057e+00
7.909630793834472318e-01	-1.220067049091970279e+00	-8.376680376234276082e+00	1.862381401651352075e-01	-1.370724525521508808e+00	2.960506023023981470e+00
7.847610262350970256e-01	-1.261839734557279824e+00	-8.339620998543864516e+00	1.794247644589462010e-01	-1.355813799277198806e+00	3.006546539344526536e+00
7.783506731621768759e-01	-1.303423138152056904e+00	-8.300930045781569788e+00	1.726864855891685480e-01	-1.340671950606057816e+00	3.052982799278993298e+00
7.717329866359069479e-01	-1.344809055773629636e+00	-8.260587045717898036e+00	1.660244632587671021e-01	-1.325297197378586089e+00	3.099735233512774357e+00
7.649089743969479382e-01	-1.385989173913322769e+00	-8.218568999617673398e+00	1.594398650484497026e-01	-1.309688172622092139e+00	3.146717686058082109e+00
7.578796859969766375e-01	-1.426955061426600668e+00	-8.174851742980649760e+00	1.529338642876280074e-01	-1.293843951607799747e+00	3.193839233852941106e+00
7.506462134150085896e-01	-1.467698162463501932e+00	-8.129409527481584519e+00	1.465076377770188620e-01	-1.277764077113601404e+00	3.241003716290492775e+00
7.432096917007949832e-01	-1.508209788987382005e+00	-8.082215419773774556e+00	1.401623633903046062e-01	-1.261448584883819946e+00	3.288110296119498344e+00
7.355712997269207021e-01	-1.548481115809714925e+00	-8.033240971968439226e+00	1.338992175351325642e-01	-1.244898025624364690e+00	3.335053150595626903e+00
7.277322608210179400e-01	-1.588503169364513745e+00	-7.982455634484381335e+00	1.277193725136633873e-01	-1.228113494094049907e+00	3.381720862867496180e+00
7.196938435385812349e-01	-1.628266820049407260e+00	-7.929827394265885232e+00	1.216239937386363740e-01	-1.211096653340534735e+00	3.427997308474687088e+00
7.114573624686100217e-01	-1.667762773935735243e+00	-7.875322491443853323e+00	1.156142368243264218e-01	-1.193849759096786700e+00	3.473761439597296885e+00
7.030241790710008987e-01	-1.706981564900176496e+00	-7.818905955987588641e+00	1.096912445908351519e-01	-1.176375683128027871e+00	3.518887999528601540e+00
6.943957025536742211e-01	-1.745913547592256476e+00	-7.760540629373053889e+00	1.038561439880671261e-01	-1.158677934984273739e+00	3.563246602417279973e+00
6.855733908126457887e-01	-1.784548885390435213e+00	-7.700187411043089014e+00	9.811004272850910868e-02	-1.140760688452657989e+00	3.606702157553058896e+00
6.765587514052091578e-01	-1.822877541909790011e+00	-7.637805369183070070e+00	9.245402594314944267e-02	-1.122628803334051906e+00	3.649115159411508102e+00
6.673533425761579707e-01	-1.860889271210764084e+00	-7.573351599229226849e+00	8.688915268590499674e-02	-1.104287847750263118e+00	3.690341711159817351e+00
6.579587742930396166e-01	-1.898573609829102837e+00	-7.506782013485690186e+00	8.141645242227499302e-02	-1.085744117881401127e+00	3.730234442380833570e+00
6.483767093600323328e-01	-1.935919867097429803e+00	-7.438049575520608414e+00	7.603692134462849972e-02	-1.067004658334945510e+00	3.768641067120370280e+00
6.386088646386988144e-01	-1.972917112382731153e+00	-7.367105415183232253e+00	7.075151845431489062e-02	-1.048077284354707928e+00	3.805405631686198831e+00
6.286570122575226849e-01	-2.009554165613677945e+00	-7.293898545595197902e+00	6.556116170056006109e-02	-1.028970599877681025e+00	3.840368478495634008e+00
6.185229808959674669e-01	-2.045819586565742032e+00	-7.218376018698904772e+00	6.046672397515952951e-02	-1.009694015584180038e+00	3.873366614599206059e+00
6.082086569725002612e-01	-2.081701667986552096e+00	-7.140483601197502139e+00	5.546902923829324927e-02	-9.902577624427547631e-01	3.904234542061715274e+00
5.977159861097208760e-01	-2.117188422930003089e+00	-7.060163809871028207e+00	5.056884823632337017e-02	-9.706729088919554549e-01	3.932802850439827580e+00
5.870469746180855264e-01	-2.152267573122387034e+00	-6.977357499061554336e+00	4.576689419675363663e-02	-9.509513757530693168e-01	3.958899857918765974e+00
5.762036909573462484e-01	-2.186926539524391089e+00	-6.892003458590352238e+00	4.106381856752670811e-02	-9.311059477963025133e-01	3.982351571239632904e+00
5.651882672603621982e-01	-2.221152432782947717e+00	-6.804039093847222830e+00	3.646020667540118831e-02	-9.111502838806774252e-01	4.002982551224818053e+00
5.540029006592281924e-01	-2.254932049113247849e+00	-6.713400404498088392e+00	3.195657363334940271e-02	-8.910989210995011733e-01	4.020616236966077395e+00
5.426498551668719195e-01	-2.288251856587389721e+00	-6.620020720236425404e+00	2.755335959787190425e-02	-8.709672848335947570e-01	4.035074296737377608e+00
5.311314633288246601e-01	-2.321097987721163047e+00	-6.523832283655110587e+00	2.325092532978764726e-02	-8.507716919239814990e-01	4.046178272379052032e+00
5.194501279196808152e-01	-2.353456232965507766e+00	-6.424765997957820218e+00	1.904954773636273468e-02	-8.305293511704978648e-01	4.053749778570534090e+00
5.076083235937349780e-01	-2.385312036261225899e+00	-6.322752760472212685e+00	1.494941549333944457e-02	-8.102583602891995085e-01	4.057611885663561679e+00
4.956085983162709652e-01	-2.416650495398965148e+00	-6.217722304467770300e+00	1.095062494360754014e-02	-7.899776972131901109e-01	4.057588764882950727e+00
4.834535755960946424e-01	-2.447456353149754626e+00	-6.109603590768529102e+00	7.053175205415494579e-03	-7.697072155379200975e-01	4.053506454275805027e+00
4.711459561513524630e-01	-2.477713998322965683e+00	-5.998325889040643233e+00	3.256963942435024857e-03	-7.494676304391171273e-01	4.045194137929172484e+00
4.586885197118101276e-01	-2.507407467141803625e+00	-5.883818927447464375e+00	-4.382169359597656443e-04	-7.292805017286841940e-01	4.032484785857263887e+00
4.460841265415844692e-01	-2.536520448751784507e+00	-5.766014351640251334e+00	-4.032685228318991580e-03	-7.091682121144663453e-01	4.015216340898518865e+00
4.333357189988162883e-01	-2.565036292969965714e+00	-5.644844465714641046e+00	-7.526872335736758263e-03	-6.891539408833150526e-01	3.993232160028640010e+00
4.204463237263119102e-01	-2.592938016336590490e+00	-5.520243959190793248e+00	-1.092132764899591754e-02	-6.692616339110217805e-01	3.966382378508455986e+00
4.074190531255081904e-01	-2.620208316128860737e+00	-5.392150450308690779e+00	-1.421672213931658366e-02	-6.495159669208618869e-01	3.934524980135506667e+00
3.942571069710465448e-01	-2.646829586484482633e+00	-5.260505064881954240e+00	-1.741385195407079908e-02	-6.299423035191727971e-01	3.897526712472767940e+00
3.809637734687779109e-01	-2.672783935939248678e+00	-5.125252645670116181e+00	-2.051364141270679842e-02	-6.105666532231454058e-01	3.855262853974011250e+00
3.675424308121826855e-01	-2.698053211959783315e+00	-4.986343987405689404e+00	-2.351714624069589296e-02	-5.914156160350514391e-01	3.807621943308049595e+00
3.539965486783737125e-01	-2.722619030158447195e+00	-4.843735683144132054e+00	-2.642555657493848159e-02	-5.725163198405376352e-01	3.754504439621655365e+00
3.403296892068744528e-01	-2.746462806394102341e+00	-4.697391387400330132e+00	-2.924019935613704491e-02	-5.538963556404223887e-01	3.695824815128162300e+00
3.265455079414897321e-01	-2.769565793757238215e+00	-4.547281836224328799e+00	-3.196254048984550900e-02	-5.355837051630899515e-01	3.631511562532921289e+00
3.126477542919608998e-01	-2.791909113257686315e+00	-4.393384820936944379e+00	-3.459418651205561912e-02	-5.176066775509604589e-01	3.561507102782798029e+00
2.986402722010477739e-01	-2.813473806023268242e+00	-4.235689866726261243e+00	-3.713688601794942756e-02	-4.999938160694814560e-01	3.485774293745038221e+00
2.845270003885099763e-01	-2.834240883903468511e+00	-4.074196144936649944e+00	-3.959253056767993162e-02	-4.827738076083333274e-01	3.404293358404714809e+00
2.703119723285901110e-01	-2.854191382472058613e+00	-3.908914025832245898e+00	-4.196315515375148575e-02	-4.659753891129542747e-01	3.317064256485053875e+00
2.559993164220167872e-01	-2.873306418664526962e+00	-3.739866138792649508e+00	-4.425093862572887504e-02	-4.496272459025446033e-01	3.224107930933769239e+00
2.415932550409667645e-01	-2.891567256654614226e+00	-3.567088759561329425e+00	-4.645820276636225543e-02	-4.337579035568025487e-01	3.125467568147740849e+00
2.270981037079216891e-01	-2.908955376980227658e+00	-3.390632435518455168e+00	-4.858741126863042742e-02	-4.183956138294525617e-01	3.021209782796887566e+00
2.125182698731555575e-01	-2.925452546008618260e+00	-3.210559846590513189e+00	-5.064116812876139767e-02	-4.035682407857996701e-01	2.911421584916809024e+00
1.978582511726350024e-01	-2.941040875211683669e+00	-3.026948929268201027e+00	-5.262221545584465365e-02	-3.893031610268596898e-01	2.796214252010315704e+00
1.831226334677923673e-01	-2.955702912394071902e+00	-2.839894723796760445e+00	-5.453343048553108835e-02	-3.756271235306086198e-01	2.675725517017667698e+00
1.683160884179169536e-01	-2.969421717521734116e+00	-2.649507670178991248e+00	-5.637782212053344538e-02	-3.625661301747191700e-01	2.550117392795357318e+00
1.534433713149572776e-01	-2.982180943609001211e+00	-2.455914778065107384e+00	-5.815852755717342004e-02	-3.501453088775293154e-01	2.419577473968672621e+00
1.385093174251601222e-01	-2.993964920995463075e+00	-2.259260131569590158e+00	-5.987880702477394596e-02	-3.383887867005773709e-01	2.284318879046708162e+00
1.235188384266306949e-01	-3.004758741985655845e+00	-2.059703494041059457e+00	-6.154203847028603264e-02	-3.273195621800675248e-01	2.144578686467895068e+00
1.084769185411626757e-01	-3.014548325081673585e+00	-1.857417535099102679e+00	-6.315171194643018349e-02	-3.169594039946171393e-01	2.000614140501113525e+00
9.338860998952450143e-02	-3.023320504918609597e+00	-1.652594900985604909e+00	-6.471142279481532922e-02	-3.073287197882635935e-01	1.852710999066431441e+00
7.825902803286227671e-02	-3.031063113593302383e+00	-1.445442083170064507e+00	-6.622486428013414639e-02	-2.984464371908636116e-01	1.701175727242855373e+00
6.309334645969141842e-02	-3.037765046953219805e+00	-1.236178396465675178e+00	-6.769582081689744235e-02	-2.903299037134077776e-01	1.546334220152743910e+00
4.789679190016660204e-02	-3.043416336057403360e+00	-1.025038599936351602e+00	-6.912815955620281450e-02	-2.829947833012076419e-01	1.388533988856295309e+00
3.267463751748663631e-02	-3.048008216121686154e+00	-8.122695120223397680e-01	-7.052582109698962709e-02	-2.764549582777269809e-01	1.228140065824163685e+00
1.743219727665770019e-02	-3.051533179978505039e+00	-5.981271100408775965e-01	-7.189281096375639557e-02	-2.707224505568122663e-01	1.065531295528955980e+00
2.174819595871580954e-03	-3.053985027780092398e+00	-3.828787965849187458e-01	-7.323319022362032027e-02	-2.658073500582135984e-01	9.011020862016891897e-01
-1.309211986159250149e-02	-3.055358916509367528e+00	-1.667995656489438261e-01	-7.455106489397010650e-02	-2.617177467477955766e-01	7.352576245402246968e-01
-2.836322471644125293e-02	-3.055651394816527588e+00	4.982878774876553507e-02	-7.585057628562637266e-02	-2.584596808407151336e-01	5.684128834062107671e-01
-4.363308436071269142e-02	-3.054860431741219351e+00	2.667202681043363555e-01	-7.713589138596314843e-02	-2.560371022317794454e-01	4.009883180591913288e-01
-5.889628200344772940e-02	-3.052985432304639701e+00	4.835864351634882041e-01	-7.841119114731411044e-02	-2.544518511652379966e-01	2.334075128481032380e-01
-7.414740161154978471e-02	-3.050027248229582266e+00	7.001363538984151091e-01	-7.968066025845198241e-02	-2.537036443944352127e-01	6.609725015097467349e-02
-8.938103463984982400e-02	-3.045988186548402421e+00	9.160805494971100416e-01	-8.094847718812389625e-02	-2.537900649020249366e-01	-1.005181797489029805e-01
-1.045917879018609109e-01	-3.040871988255536618e+00	1.131133932511147577e+00	-8.221880275468283761e-02	-2.547065944065413645e-01	-2.660211541537194080e-01
-1.197742906272669106e-01	-3.034683810754639222e+00	1.345014064729639358e+00	-8.349576977630096541e-02	-2.564466407042020335e-01	-4.299984564030125966e-01
-1.349232010418485173e-01	-3.027430217394366352e+00	1.557443725537268620e+00	-8.478347336291594538e-02	-2.590015565343423143e-01	-5.920449380514014592e-01
-1.500332136452283971e-01	-3.019119123711659025e+00	1.768157490450676050e+00	-8.608596034706289535e-02	-2.623607175480534015e-01	-7.517725339595244805e-01
-1.650990658732493510e-01	-3.009759750979929205e+00	1.976897789272015871e+00	-8.740721954979470409e-02	-2.665115913272675385e-01	-9.088051733804149990e-01
-1.801155444166207542e-01	-2.999362594757952305e+00	2.183414798208787033e+00	-8.875117251966255227e-02	-2.714397876344050164e-01	-1.062778871534590053e+00
-1.950774914133630578e-01	-2.987939351549014688e+00	2.387476512126795569e+00	-9.012166451858882876e-02	-2.771291650902245052e-01	-1.213355245589923470e+00
-2.099798102723199611e-01	-2.975502846548152114e+00	2.588863119401594304e+00	-9.152245603953135245e-02	-2.835619374256713732e-01	-1.360214284228675297e+00
-2.248174713338421948e-01	-2.962066981428540746e+00	2.787364702588774890e+00	-9.295721457184769054e-02	-2.907187543243167083e-01	-1.503051525602643324e+00
-2.395855169297051168e-01	-2.947646653923246429e+00	2.982792479046111112e+00	-9.442950724445986488e-02	-2.985788204378311272e-01	-1.641593066115717647e+00
-2.542790659551814603e-01	-2.932257667817253388e+00	3.174972569886676865e+00	-9.594279418602420784e-02	-3.071200280102114322e-01	-1.775587538012331379e+00
-2.688933185451982677e-01	-2.915916663667668995e+00	3.363743664833236835e+00	-9.750042179257953356e-02	-3.163190629335630444e-01	-1.904803142399885019e+00
-2.834235601078279876e-01	-2.898641038942875614e+00	3.548965152029040837e+00	-9.910561693032071684e-02	-3.261515257062182482e-01	-2.029038660626525825e+00
-2.978651643689599893e-01	-2.880448852137284632e+00	3.730512612523625648e+00	-1.007614825455704632e-01	-3.365920746016813347e-01	-2.148117611991381182e+00
-3.122135968055012034e-01	-2.861358744698057510e+00	3.908276701950626375e+00	-1.024709928141420978e-01	-3.476145456100253606e-01	-2.261886765830297463e+00
-3.264644177651528367e-01	-2.841389862503833630e+00	4.082165761286205452e+00	-1.042369887879917717e-01	-3.591920734966665973e-01	-2.370219979061317872e+00
-3.406132839746999208e-01	-2.820561767604162995e+00	4.252104237616777027e+00	-1.060621763070420387e-01	-3.712972274264313421e-01	-2.473016141837376836e+00
-3.546559506810803564e-01	-2.798894360623558786e+00	4.418032344266066502e+00	-1.079491231264077672e-01	-3.839021320391304282e-01	-2.570198619480549951e+00
-3.685882737878042326e-01	-2.776407802774154554e+00	4.579905191335456038e+00	-1.099002561222819502e-01	-3.969785888852616629e-01	-2.661714404353062946e+00
-3.824062101407874614e-01	-2.753122444795092605e+00	4.737691833206554293e+00	-1.119178611191673778e-01	-4.104981910448068927e-01	-2.747532992819799347e+00
-3.961058184148587014e-01	-2.729058757077088337e+00	4.891375776060840508e+00	-1.140040819704392638e-01	-4.244324351412854801e-01	-2.827646822608727462e+00
-4.096832601806643659e-01	-2.704237255720610911e+00	5.040953787158287014e+00	-1.161609194516791399e-01	-4.387528379450187921e-01	-2.902069793980189161e+00
-4.231347993719125067e-01	-2.678678449413266716e+00	5.186432769379962338e+00	-1.183902324785759547e-01	-4.534310277027583380e-01	-2.970833426613552319e+00
-4.364568020654031599e-01	-2.652402783224047322e+00	5.327831597374142802e+00	-1.206937389608100514e-01	-4.684388384543163308e-01	-3.033988946606172021e+00
-4.496457365026242381e-01	-2.625430574285154250e+00	5.465181063367026582e+00	-1.230730163606903182e-01	-4.837484139261847282e-01	-3.091607129751849925e+00
-4.626981720353941507e-01	-2.597781972390615035e+00	5.598518040766521153e+00	-1.255295038937636609e-01	-4.993322798026064158e-01	-3.143770895401189591e+00
-4.756107780490956283e-01	-2.569476920689932609e+00	5.727888422380374323e+00	-1.280645048294373201e-01	-5.151634151118790195e-01	-3.190578820224061474e+00
-4.883803230869153689e-01	-2.540535105646952285e+00	5.853348238906391998e+00	-1.306791885223613781e-01	-5.312153366082671413e-01	-3.232146464922095674e+00
-5.010036734289189386e-01	-2.510975926853641571e+00	5.974956301771271683e+00	-1.333745933570580078e-01	-5.474621569836639612e-01	-3.268596773180490800e+00
-5.134777914548903643e-01	-2.480818474492691106e+00	6.092777588547050982e+00	-1.361516300905856180e-01	-5.638786323950381041e-01	-3.300064237667186262e+00
-5.257997341119071688e-01	-2.450081495384929031e+00	6.206884612006206225e+00	-1.390110850297886225e-01	-5.804402240883116404e-01	-3.326696609841292229e+00
-5.379666511782972282e-01	-2.418783369797040450e+00	6.317350773113730611e+00	-1.419536236105355398e-01	-5.971231450272100894e-01	-3.348645899922189528e+00
-5.499757833487792791e-01	-2.386942102797531717e+00	6.424253012517283423e+00	-1.449797943776844622e-01	-6.139043862835671383e-01	-3.366071704146747834e+00
-5.618244603089782574e-01	-2.354575304997652552e+00	6.527672659418385592e+00	-1.480900329324861819e-01	-6.307617568327487101e-01	-3.379142291252094310e+00
-5.735100987095014258e-01	-2.321700176842021790e+00	6.627691369360491080e+00	-1.512846660777782126e-01	-6.476739177990517016e-01	-3.388028757395261437e+00
-5.850302001970975052e-01	-2.288333509196073035e+00	6.724391916633976507e+00	-1.545639160876656204e-01	-6.646203930218036460e-01	-3.392905945157622227e+00
-5.963823493090886219e-01	-2.254491675519606719e+00	6.817858728827786763e+00	-1.579279050968556697e-01	-6.815815906378385192e-01	-3.393953141329461687e+00
-6.075642112469207268e-01	-2.220190625248733785e+00	6.908176232640471426e+00	-1.613766596725846603e-01	-6.985388225302926468e-01	-3.391351411254561299e+00
-6.185735299588276392e-01	-2.185445888578108065e+00	6.995428222642658511e+00	-1.649101151596465697e-01	-7.154743054584261630e-01	-3.385282464548879489e+00
-6.294081260158868041e-01	-2.150272577242701821e+00	7.079698302154838530e+00	-1.685281202489427588e-01	-7.323711676731095022e-01	-3.375929296486162912e+00
-6.400658943275262525e-01	-2.114685386269316236e+00	7.161069305921728301e+00	-1.722304417560838741e-01	-7.492134541074664256e-01	-3.363475087112306028e+00
-6.505448022877287073e-01	-2.078698600692278742e+00	7.239622618918701846e+00	-1.760167689575091732e-01	-7.659861212804509600e-01	-3.348101744196924301e+00
-6.608428877494276765e-01	-2.042326101883674472e+00	7.315438269316814512e+00	-1.798867181267613247e-01	-7.826750327459448542e-01	-3.329990188750343805e+00
-6.709582567826439803e-01	-2.005581375580424819e+00	7.388594587511988721e+00	-1.838398373394658225e-01	-7.992669526561891891e-01	-3.309319706179394416e+00
-6.808890819391358873e-01	-1.968477520001683745e+00	7.459168252854965431e+00	-1.878756106818550431e-01	-8.157495351553555318e-01	-3.286267170122187053e+00
-6.906336004294436615e-01	-1.931027254884421396e+00	7.527234044880287911e+00	-1.919934625598186395e-01	-8.321113122175790577e-01	-3.261006909747379723e+00
-7.001901121093778713e-01	-1.893242932439199500e+00	7.592864032868760660e+00	-1.961927622356015033e-01	-8.483416792986268051e-01	-3.233710005650948460e+00
-7.095569773888751319e-01	-1.855136549720749040e+00	7.656128667524512821e+00	-2.004728284501053892e-01	-8.644308788195905757e-01	-3.204544415082409614e+00
-7.187326159559114247e-01	-1.816719756258208696e+00	7.717096307989322668e+00	-2.048329330136617610e-01	-8.803699841136550797e-01	-3.173674558631091713e+00
-7.277155049715051671e-01	-1.778003865699071762e+00	7.775832835215055638e+00	-2.092723050302411625e-01	-8.961508806719159503e-01	-3.141260796545623180e+00
-7.365041771666744896e-01	-1.738999871315068502e+00	7.832400985233221036e+00	-2.137901352653057141e-01	-9.117662423227568258e-01	-3.107458581687410515e+00
-7.450972194293077333e-01	-1.699718454905615017e+00	7.886862413650646886e+00	-2.183855798020518657e-01	-9.272095124194251747e-01	-3.072420148146193242e+00
-7.534932713849367136e-01	-1.660169996652598901e+00	7.939276245715404912e+00	-2.230577636775894490e-01	-9.424748832861912229e-01	-3.036293028795967075e+00
-7.616910238397394117e-01	-1.620364588234951775e+00	7.989698424739913207e+00	-2.278057846858889401e-01	-9.575572717698376257e-01	-2.999219223683951441e+00
-7.696892171677572891e-01	-1.580312048198657227e+00	8.038183086859817195e+00	-2.326287172337942188e-01	-9.724522917493828578e-01	-2.961336413458639072e+00
-7.774866402402124121e-01	-1.540021927793936873e+00	8.084782527558786569e+00	-2.375256153573220563e-01	-9.871562353743235096e-01	-2.922777798439881281e+00
-7.850821290787854956e-01	-1.499503522989993787e+00	8.129546604019765255e+00	-2.424955161040971696e-01	-1.001666047595371145e+00	-2.883671372558524126e+00
-7.924745654900388070e-01	-1.458765889098824431e+00	8.172521983195338180e+00	-2.475374429491562223e-01	-1.015979297080979338e+00	-2.844138961721569103e+00
-7.996628759282055077e-01	-1.417817850271269942e+00	8.213754435830423972e+00	-2.526504087695731759e-01	-1.030094152225220716e+00	-2.804298646103120518e+00
-8.066460304394065250e-01	-1.376668007956630690e+00	8.253287335216668907e+00	-2.578334186382015836e-01	-1.044009357825116613e+00	-2.764263021410101828e+00
-8.134230415460351749e-01	-1.335324752614555521e+00	8.291161463913226726e+00	-2.630854726995132120e-01	-1.057724207692984031e+00	-2.724138854338207238e+00
-8.199929631421655207e-01	-1.293796277318326471e+00	8.327415616621919980e+00	-2.684055690206137434e-01	-1.071238514563224831e+00	-2.684027722082305445e+00
-8.263548896123945608e-01	-1.252090584081312574e+00	8.362087036809157325e+00	-2.737927059191301860e-01	-1.084552588260890627e+00	-2.644026466695663657e+00
-8.325079548945394370e-01	-1.210215494314089035e+00	8.395210821508953813e+00	-2.792458843951795555e-01	-1.097667208709281139e+00	-2.604226433981580158e+00
-8.384513315826271906e-01	-1.168178660693033333e+00	8.426819413999851349e+00	-2.847641105009750540e-01	-1.110583596774733284e+00	-2.564712748102806472e+00
-8.441842301036220908e-01	-1.125987576912131916e+00	8.456944069153337296e+00	-2.903463974778062728e-01	-1.123303387617307525e+00	-2.525566170288243484e+00
-8.497058979608331786e-01	-1.083649585651895952e+00	8.485613924765971205e+00	-2.959917676763955119e-01	-1.135828606188551415e+00	-2.486861870582288248e+00
-8.550156190005709922e-01	-1.041171888996253569e+00	8.512855973899149831e+00	-3.016992544625038408e-01	-1.148161639398258327e+00	-2.448669329576091513e+00
-8.601127127432547370e-01	-9.985615599318152791e-01	8.538695170419771330e+00	-3.074679040269856500e-01	-1.160305206504004483e+00	-2.411052478843430436e+00
-8.649965337447250713e-01	-9.558255502770848233e-01	8.563154835980810731e+00	-3.132967769144672787e-01	-1.172262334662001360e+00	-2.374070291480734340e+00
-8.696664710130095344e-01	-9.129707005430749422e-01	8.586256234547136046e+00	-3.191849494938114873e-01	-1.184036331683329113e+00	-2.337776166829712565e+00
-8.741219475029661234e-01	-8.700037507408970860e-01	8.608018277942392160e+00	-3.251315153155293070e-01	-1.195630757191558757e+00	-2.302217407092143731e+00
-8.783624196407064932e-01	-8.269313505833991718e-01	8.628458286526893062e+00	-3.311355863102496966e-01	-1.207049394908096041e+00	-2.267436563024034513e+00
-8.823873768497306758e-01	-7.837600683445223870e-01	8.647591460261708107e+00	-3.371962938081333183e-01	-1.218296227435457180e+00	-2.233470559517172660e+00
-8.861963411745732433e-01	-7.404964014815017537e-01	8.665430942723560293e+00	-3.433127894655682577e-01	-1.229375408222056709e+00	-2.200350857119815373e+00
-8.897888669975794196e-01	-6.971467880629107494e-01	8.681987213289573901e+00	-3.494842460608987844e-01	-1.240291232103948316e+00	-2.168102303076807402e+00
-8.931645408219268667e-01	-6.537176187444236897e-01	8.697269019228258458e+00	-3.557098581572948892e-01	-1.251048105135164068e+00	-2.136745079611841902e+00
-8.963229809292520001e-01	-6.102152457801764962e-01	8.711282789365668577e+00	-3.619888425625689132e-01	-1.261650520796432584e+00	-2.106293626141791719e+00
-8.992638372479317965e-01	-5.666459953133066163e-01	8.724032573102078914e+00	-3.683204387077079200e-01	-1.272103030150135261e+00	-2.076756625072675888e+00
-9.019867912839383273e-01	-5.230161793761898270e-01	8.735519924843174522e+00	-3.747039088483585245e-01	-1.282410212651836190e+00	-2.048136596500057749e+00
-9.044915561792045144e-01	-4.793321084740912452e-01	8.745743943774215268e+00	-3.811385380952191926e-01	-1.292576645726841278e+00	-2.020430508305821604e+00
-9.067778765724309187e-01	-4.356001039094276606e-01	8.754701149754112066e+00	-3.876236344014615254e-01	-1.302606877802461538e+00	-1.993629549553702418e+00
-9.088455287201935295e-01	-3.918265111273879775e-01	8.762385354415556549e+00	-3.941585283265742756e-01	-1.312505398161498027e+00	-1.967718912365739925e+00
-9.106943206678815850e-01	-3.480177133361397335e-01	8.768787646222648391e+00	-4.007425726584011860e-01	-1.322276606869442928e+00	-1.942677601527520892e+00
-9.123240925846564098e-01	-3.041801453322724447e-01	8.773896206390190855e+00	-4.073751418467435603e-01	-1.331924783533202872e+00	-1.918478580620899265e+00
-9.137347169074101494e-01	-2.603203086738459238e-01	8.777696166808851785e+00	-4.140556313945344402e-01	-1.341454057948542999e+00	-1.895088776377178874e+00
-9.149260987333274198e-01	-2.164447868938262076e-01	8.780169554618666439e+00	-4.207834570250198469e-01	-1.350868378810959225e+00	-1.872468814417857175e+00
-9.158981762760463052e-01	-1.725602611342102743e-01	8.781295381585465520e+00	-4.275580536943224264e-01	-1.360171482383931707e+00	-1.850573088097348773e+00
-9.166509215080023143e-01	-1.286735248473097337e-01	8.781049411808567129e+00	-4.343788743687841403e-01	-1.369366861394309742e+00	-1.829349636565098081e+00
-9.171843406405020271e-01	-8.479150232853428781e-02	8.779403699675896178e+00	-4.412453888174026617e-01	-1.378457732338999486e+00	-1.808739937346672377e+00
-9.174984748295239578e-01	-4.092126596525146043e-02	8.776326848104805123e+00	-4.481570821431212770e-01	-1.387447003063371431e+00	-1.788678960415268193e+00
-9.175934009645386746e-01	2.929946069621075511e-03	8.771784087042377109e+00	-4.551134531552973317e-01	-1.396337240117152989e+00	-1.769095306190706651e+00
-9.174692326003665022e-01	4.675471448413852371e-02	8.765737279142797433e+00	-4.621140125466332571e-01	-1.405130638233103246e+00	-1.749911230553834685e+00
-9.171261208640425489e-01	9.054541749796254924e-02	8.758143821329291256e+00	-4.691582809767043671e-01	-1.413828984911238207e+00	-1.731041756317040381e+00
-9.165642555103725719e-01	1.342942114758915451e-01	8.748957429916536910e+00	-4.762457869551193768e-01	-1.422433626767878989e+00	-1.712395344943388409e+00
-9.157838660825493582e-01	1.779930116729977474e-01	8.738128145454652440e+00	-4.833760645522276467e-01	-1.430945436139724691e+00	-1.693873998124445279e+00
-9.147852231527053846e-01	2.216334772055407742e-01	8.725602923847532111e+00	-4.905486509760951241e-01	-1.439364782365344375e+00	-1.675373914715692081e+00
-9.135686396787195962e-01	2.652069880308260963e-01	8.711323427664012797e+00	-4.977630839336856794e-01	-1.447691495052978450e+00	-1.656783258308905715e+00
-9.121344724601692100e-01	3.087046237480530753e-01	8.695227700326029208e+00	-5.050188988330212014e-01	-1.455924829469217308e+00	-1.637983934312160272e+00
-9.104831236936380412e-01	3.521171441376877431e-01	8.677249972069262185e+00	-5.123156258266313712e-01	-1.464063433982629059e+00	-1.618851471699599642e+00
-9.086150425012872178e-01	3.954349757386564357e-01	8.657322284065401163e+00	-5.196527868416447316e-01	-1.472105324712350560e+00	-1.599256917194793459e+00
-9.065307267254404389e-01	4.386481899002621643e-01	8.635370633664450679e+00	-5.270298922439602407e-01	-1.480047850813087207e+00	-1.579062530332862480e+00
-9.042307248383788520e-01	4.817464804593767913e-01	8.611317940210710731e+00	-5.344464373219967035e-01	-1.487887659622762593e+00	-1.558125197247477445e+00
-9.017156378655425408e-01	5.247191465746913197e-01	8.585083551260424883e+00	-5.419018987156407618e-01	-1.495620667937413328e+00	-1.536295941291200506e+00
-8.989861211840046717e-01	5.675550826001559690e-01	8.556586156546700295e+00	-5.493957309520844934e-01	-1.503242041993018807e+00	-1.513423428028886519e+00
-8.960428866327454500e-01	6.102427617948311678e-01	8.525738242867987537e+00	-5.569273625718950127e-01	-1.510746170433217017e+00	-1.489347458560018822e+00
-8.928867049239866960e-01	6.527702143231154386e-01	8.492450290132467217e+00	-5.644961918594654238e-01	-1.518126630800770593e+00	-1.463903992124528486e+00
-8.895184078397122551e-01	6.951250162403409538e-01	8.456630172598977424e+00	-5.721015827927065089e-01	-1.525376169312905761e+00	-1.436924496634333082e+00
-8.859388902577998159e-01	7.372942847251222620e-01	8.418187033612582582e+00	-5.797428611621655570e-01	-1.532486688590296353e+00	-1.408240714605085486e+00
-8.821491123215965402e-01	7.792646734510331186e-01	8.377025095804981447e+00	-5.874193104858891346e-01	-1.539449235797194726e+00	-1.377677177629152538e+00
-8.781501023763248481e-01	8.210223540182987056e-01	8.333048109254320934e+00	-5.951301669773130243e-01	-1.546253974053676705e+00	-1.345056667568428566e+00
-8.739429592531128277e-01	8.625530158542820125e-01	8.286159283836923350e+00	-6.028746152616082377e-01	-1.552890176561383395e+00	-1.310200181169079769e+00
-8.695288544176125178e-01	9.038418701982846581e-01	8.236265105426014088e+00	-6.106517842301406596e-01	-1.559346226154172399e+00	-1.272931742602395389e+00
-8.649090338752206675e-01	9.448736614136203915e-01	8.183270518996323517e+00	-6.184607431620087192e-01	-1.565609624162355162e+00	-1.233072400789524181e+00
-8.600848214972189876e-01	9.856326592267820041e-01	8.127082081821413340e+00	-6.263004961050472330e-01	-1.571666975532649557e+00	-1.190444202080016112e+00
-8.550576211494275158e-01	1.026102673764638817e+00	8.067609133692769774e+00	-6.341699776782304676e-01	-1.577504002609806610e+00	-1.144871678775075452e+00
-8.498289187508188958e-01	1.066267072940904947e+00	8.004766277850194456e+00	-6.420680489420982351e-01	-1.583105562239604636e+00	-1.096185145565755192e+00
-8.444002835895357828e-01	1.106108810396208675e+00	7.938471752605437359e+00	-6.499934941566555269e-01	-1.588455676726026944e+00	-1.044218478039852016e+00
-8.387733716567488118e-01	1.145610439762503319e+00	7.868648608247895027e+00	-6.579450150493834082e-01	-1.593537546286460271e+00	-9.888106266514569143e-01
-8.329499273342911847e-01	1.184754147928405610e+00	7.795226913019405401e+00	-6.659212270789126586e-01	-1.598333586554990360e+00	-9.298084973084996818e-01
-8.269317850259817471e-01	1.223521790768059114e+00	7.718144269778349553e+00	-6.739206557568563349e-01	-1.602825469530515967e+00	-8.670679304044597302e-01
-8.207208696438089701e-01	1.261894933465903534e+00	7.637347111232656971e+00	-6.819417343825724398e-01	-1.606994172200129967e+00	-8.004550863685153672e-01
-8.143191992872177432e-01	1.299854898642792023e+00	7.552792046511399349e+00	-6.899827990177027637e-01	-1.610820031086294568e+00	-7.298479103028512327e-01
-8.077288861712421664e-01	1.337382819592789263e+00	7.464446970164317463e+00	-6.980420856319714540e-01	-1.614282806056921871e+00	-6.551379642610299925e-01
-8.009521373822290347e-01	1.374459697480588272e+00	7.372289961180626960e+00	-7.061177274557881578e-01	-1.617361749511836422e+00	-5.762294376442014254e-01
-7.939912544563968444e-01	1.411066445676709469e+00	7.276310923784990337e+00	-7.142077538472058063e-01	-1.620035663276013116e+00	-4.930412035295148598e-01
-7.868486345583622921e-01	1.447183977419926659e+00	7.176517878133722661e+00	-7.223100870360592562e-01	-1.622283003179600058e+00	-4.055138350173592698e-01
