theta1	omega1	alpha1	theta2	omega2	alpha2
1.049671415301123290e+00	2.817141783636545882e-01	-6.712371815664248231e+00	4.959614622140264828e-01	-2.500216468732572861e-01	3.191217398625441071e-01
9.764764718516137920e-01	-3.127849222248541006e-02	-7.503566222426928611e+00	4.865568242042378477e-01	-1.952895727059934528e-01	1.366612879926954127e+00
9.532189082839340744e-01	3.841124049192424783e-01	-9.198035534899622334e+00	6.001931135349076740e-01	1.255309695448445506e+00	1.245939808775138991e+00
9.427828019668715864e-01	3.196400217920428721e-01	-8.933661310988986415e+00	5.215753868862429421e-01	9.277216112637270973e-02	1.939298024759490424e+00
1.144807720405708107e+00	7.575625392705892525e-02	-9.126245160608872808e+00	3.860564973351295337e-01	2.799581313306443442e-01	2.107426197506557131e+00
1.008346865398438652e+00	-3.711142054057411377e-01	-7.898125724563060501e+00	3.247907958756270919e-01	2.152167289344530943e-02	3.282220088834177929e-01
9.358762658507060461e-01	-2.259640462094121005e-01	-1.074536253650248341e+01	5.596669553683265574e-01	3.429280782497003965e-01	3.267102067692214007e+00
8.725355440061344225e-01	-2.708772622071499159e-01	-7.957217063059343509e+00	5.512604461511048104e-01	3.189412489457380540e-01	2.542747975587615006e+00
1.066820334919883706e+00	-8.929093397898147932e-01	-8.353253518276316569e+00	3.347382320543447198e-01	5.472353532441316393e-01	9.805990353434013151e-01
9.191239553310678323e-01	-2.628352639507824939e-01	-1.042550469709214589e+01	6.398260258461150318e-01	4.715037594973414681e-01	2.677994008900989265e+00
1.021432571636412767e+00	-3.963879674887015314e-01	-8.061792692628447554e+00	4.230439996382572287e-01	2.932324791574127953e-01	1.323740117974723685e+00
1.079849275393423458e+00	-4.989078495508854627e-01	-7.964415306304626796e+00	2.377096554464298572e-01	5.969795816981128267e-01	2.114810489651109737e+00
9.362824336569972594e-01	-6.613142548900374784e-01	-8.486417271255096040e+00	6.074331698332340324e-01	4.564619306827903955e-01	1.886422290824026904e+00
1.117084199159156910e+00	-6.651004117868698495e-01	-9.313679354897210771e+00	5.175674761991092554e-01	7.095385233058530972e-01	1.432719790105168922e+00
1.014642105796592642e+00	-4.896995917817115185e-02	-8.672042151339024230e+00	6.049063631689474141e-01	6.706767726042169864e-01	1.172971764792862803e+00
1.057517447711088909e+00	-6.037292030471244075e-01	-7.709249435171891207e+00	6.243446086130848283e-01	6.631511091287682902e-01	1.795276929590246429e+00
9.499672850157548920e-01	-8.349880863609784321e-01	-1.050001107049737215e+01	3.807048805802035751e-01	7.784102438540965174e-01	1.296045067666821815e+00
9.181490212578221621e-01	-2.556557100910905045e-01	-9.171376432814920321e+00	5.925572940135700462e-01	7.707257437846997128e-01	1.063258042228287126e+00
9.742060894970765439e-01	-3.581028387003611368e-01	-1.018687786326973921e+01	7.001739311284428391e-01	9.564810696114312005e-03	2.080734176036489025e+00
8.141042205639692497e-01	-9.977852025845219686e-01	-8.848075822537216695e+00	6.024570183396531498e-01	8.033470743530594094e-01	1.448692261068006193e+00
8.146602426972179289e-01	-1.086827997889586284e+00	-9.409054452077798558e+00	4.040696851363432263e-01	5.472792437765201523e-01	1.915839099013328717e+00
9.921287097879804007e-01	-8.793454857170190930e-01	-7.268253173500378139e+00	6.618906037655123420e-01	6.876391955041910586e-01	3.049098430592845244e+00
7.551580383403320162e-01	-1.951074278730476896e-01	-7.643322403847292001e+00	6.197624081232440130e-01	4.320903231250056709e-01	3.274177049884696711e-01
9.722872209299882051e-01	-1.041685731335851628e+00	-8.732228941155129931e+00	2.953516301631870511e-01	5.416122247662902289e-01	4.896310377334336383e-01
1.016119403882582484e+00	-9.464039784351927498e-01	-8.369115013251560597e+00	5.450359219967839675e-01	-1.966711446868834590e-01	2.689159084365553731e+00
1.150732538289846119e+00	-1.233383293559639604e+00	-7.148369094465005347e+00	7.277013786129384876e-01	4.171216065564483655e-01	1.127258195933936502e+00
7.710791385526800656e-01	-1.185092160634849234e+00	-8.896332077543164019e+00	4.560470163854725145e-01	8.304958935843778089e-01	1.364277596898927358e+00
1.075385910340728168e+00	-8.311523371396907223e-01	-7.392781840824174111e+00	2.838706068928899540e-01	8.302944500264892724e-01	1.186253042094550514e+00
9.371747263642622450e-01	-1.204405023404206965e+00	-8.083492574318698942e+00	5.375588250395563206e-01	5.476333722243000857e-01	1.751070367209626832e+00
9.864374048546272755e-01	-9.341952651597628110e-01	-9.046586039528397905e+00	4.918457349241476262e-01	2.453165232438138110e-01	1.719412018866052216e+00
9.269218138170357557e-01	-1.754790513791433026e+00	-8.088495666727201439e+00	4.575428402987301024e-01	5.996238800484913201e-01	1.727663845588463420e+00
8.238467865882543872e-01	-1.186941994525401389e+00	-8.519612915922479601e+00	7.255733602158834783e-01	8.871012737016069627e-01	1.582785398008528244e-01
7.910161731588070122e-01	-8.405585706226109677e-01	-9.634828457684530889e+00	5.941448185833555495e-01	6.389994524757403038e-01	2.641423822642728236e+00
9.227589446400744633e-01	-1.483779179568956330e+00	-7.480268099231478729e+00	5.332484938863513158e-01	8.580627832233223007e-01	1.897956751639170658e+00
7.853211748754064248e-01	-1.897075145938678320e+00	-8.522655149678479702e+00	1.570799903552881349e-01	1.267724295422494762e+00	1.201913870210783442e+00
9.495791874091035201e-01	-6.135119255860234100e-01	-8.362514407542139594e+00	6.879245560019103811e-01	-2.763319230451567465e-01	1.713698348590606546e+00
9.218136188592218616e-01	-1.799830640419199934e+00	-8.414258903250278365e+00	5.905659598149065603e-01	4.746810042711642197e-01	-6.148593125583388108e-01
9.228321057424387908e-01	-1.411540415748497423e+00	-7.085790292734809093e+00	4.359469006378260403e-01	6.812764405433477943e-01	-1.428174972054632175e-01
7.987663363361755531e-01	-1.535000059817142271e+00	-7.589290515529363290e+00	5.220130016639875636e-01	4.821784363844714427e-01	4.346754123810832038e-01
8.737374816920517873e-01	-1.297942409299837729e+00	-8.641267077976699795e+00	5.456286856462650992e-01	3.405255085817895377e-01	3.451343737188493410e+00
8.625761477542613909e-01	-1.797732489148469837e+00	-6.414677602673530821e+00	5.196461529702054438e-01	1.272303086320771826e-01	1.864366938511815786e+00
7.244120380268446180e-01	-2.036362340409298533e+00	-7.530923752807289873e+00	5.311590246336315158e-01	2.968374090242054120e-02	1.647397648659855829e+00
8.664879823331413933e-01	-1.377691092752700408e+00	-7.737996380295399490e+00	3.631433381924749071e-01	4.462915625204733061e-02	1.154232732293873909e+00
8.763093911864988650e-01	-1.535316103561785273e+00	-7.532997305008096944e+00	5.634933883658250764e-01	2.092037056724602717e-01	9.063230996575570853e-01
1.022702997681729009e+00	-1.563547321133970103e+00	-9.036874632699419152e+00	3.631969347327437259e-01	2.306609346339363320e-01	1.568705729378182090e+00
8.907700896269534763e-01	-1.847918922666426100e+00	-9.105062034529300519e+00	6.063027445585709163e-01	8.322274132778815225e-01	2.266590995196696490e+00
6.992916565154623232e-01	-1.414289806494743562e+00	-7.311103417115570657e+00	4.916172093124914211e-01	3.026120341000471115e-01	1.299430356707386380e+00
8.259911979386134195e-01	-2.124490641028791149e+00	-7.794428079693598299e+00	5.272872239498974656e-01	1.063688395833133349e+00	7.129839132462194584e-01
6.734382742908310293e-01	-2.171964512923339807e+00	-6.967229557287721420e+00	5.403744938508612261e-01	-8.457791254359292576e-02	1.450930069586936932e+00
7.091538487682856884e-01	-2.449716022468641174e+00	-6.686634589423813502e+00	5.871512231380335844e-01	5.605667888882667205e-01	6.290419900541844855e-01
6.062543752748770221e-01	-2.059089771109988032e+00	-7.168775240449964059e+00	5.865887032965998449e-01	4.553769181510608499e-01	2.384801982179787228e-01
6.734860466972913962e-01	-1.983129591697810445e+00	-8.058460520589484588e+00	3.087575448519297994e-01	5.008701106519717339e-01	2.366014666064052419e-01
6.186137932629578451e-01	-2.251332736205464258e+00	-7.391319190351885560e+00	7.321341369263092425e-01	6.843429157424643083e-01	6.255737691098529618e-01
5.757595402763682202e-01	-1.997724548778301301e+00	-6.616054098892646174e+00	6.866076223684667301e-01	8.276851811201380027e-01	1.669261228914165507e+00
8.337328727524759842e-01	-2.098960035490136544e+00	-7.320636340278757537e+00	6.182389325343717879e-01	6.679630278656625286e-01	-2.842414250354255989e-01
7.247233890282813729e-01	-2.140359764546851729e+00	-6.884807774408594483e+00	7.081792583963891774e-01	3.815334782083115162e-01	-8.261517570674179467e-01
6.786153380906634336e-01	-2.572528945115791998e+00	-5.830256913688958598e+00	5.092620040097916023e-01	4.776606705311791101e-01	4.700263639452569864e-01
4.606518070920389007e-01	-2.380697657571515968e+00	-4.870789971047424949e+00	4.795627208394224184e-01	5.243188437251015133e-01	1.652231904135044727e-01
6.234952293361123443e-01	-1.744627210629931202e+00	-7.368718673127047758e+00	6.516688168735823572e-01	3.644214462187004289e-01	5.265708785420465665e-02
5.633168094797055270e-01	-2.745712661811407607e+00	-6.886546097455271465e+00	6.141802638742337450e-01	4.040077348801733859e-01	5.210009001077995361e-01
5.378656918614065363e-01	-2.354444033479202059e+00	-6.583605000491081327e+00	3.454935487547844408e-01	3.445627532958047134e-01	-1.660990326439188425e-01
6.205162222772216962e-01	-2.132451047943947131e+00	-4.906698731317186812e+00	8.650153865562322242e-01	9.369636279268139800e-01	-2.054178364600388385e+00
5.748983725545995238e-01	-2.361853967076257277e+00	-6.449795612758752128e+00	4.240431753757414324e-01	7.417333247972615062e-01	-2.987861046199650206e-01
5.865185427890320380e-01	-2.866327886050757279e+00	-5.616948080512003116e+00	6.102842351568448231e-01	1.882262260683252864e-01	-1.255753324581827979e+00
5.817420998086527684e-01	-2.726584574892962465e+00	-7.449165156234519358e+00	6.788637976934330798e-01	4.492100823760567518e-01	-1.582132558482506779e+00
4.381247665194848429e-01	-2.534556743338760132e+00	-4.433417046577411647e+00	5.153254770123594231e-01	6.949424386871544401e-01	-2.438880699635293858e+00
5.457010294475186374e-01	-2.675220474346525101e+00	-5.323836051326573227e+00	8.027861616731777339e-01	9.392385641728477896e-01	-4.923035935730295520e-01
5.194872444240523635e-01	-2.765814893573048217e+00	-6.085153472173869815e+00	6.973261109700990001e-01	4.269126155291972924e-01	-5.609043576275519749e-01
4.391277204435238279e-01	-2.538605934265339759e+00	-5.275033677446914204e+00	7.698499011921176027e-01	5.386435198341810171e-01	-1.398321524304194430e+00
5.316053932927229386e-01	-1.816382209765431188e+00	-4.226181249386529615e+00	8.037189249017495651e-01	5.729952581800613620e-01	-3.146046671784784365e+00
5.264400681470872145e-01	-2.595758583358878990e+00	-3.782788407108030881e+00	7.059693349826333675e-01	8.628602667782518942e-01	-2.328394845761039278e+00
3.819480129791639200e-01	-2.444141208728042081e+00	-3.655644477500545442e+00	8.649007881435011313e-01	6.413664296130634490e-01	-2.470676654879083944e+00
5.208944546573748280e-01	-2.896190302674126915e+00	-4.635353361069609157e+00	6.177772308919310396e-01	1.413200801073520863e-01	-4.339410582568731911e+00
4.155083456514223061e-01	-2.501002353053316085e+00	-3.784499212894952169e+00	8.701571633247999760e-01	4.761915399131332882e-01	-2.116438441518933455e+00
4.446682789589331830e-01	-1.975304010554895573e+00	-3.251624293451124359e+00	8.414830404549736853e-01	6.464975358729663224e-01	-3.519363157245686491e+00
3.519902128108693962e-01	-2.749859315579806562e+00	-1.850756432250744377e+00	8.557013069416292694e-01	6.221837599830108978e-01	-1.828468818480363245e+00
3.311859014122852107e-01	-3.484198428376868328e+00	-3.310262881112588484e+00	6.255767461777633764e-01	1.120309561142422528e+00	-3.541461248227996350e+00
4.165605633672033736e-01	-2.999142669532901984e+00	-3.693610750247207086e+00	8.483788318661232841e-01	1.246899501347206840e+00	-2.570055850886590942e+00
2.979773698833154127e-01	-2.768525312388069981e+00	-1.522062793418777371e+00	5.112897205999402672e-01	7.071229932900268134e-01	-2.089818713590337218e+00
3.271380403021093008e-01	-2.441578193966209120e+00	-1.929242550042965298e+00	5.197902949708718134e-01	6.744221385181068396e-01	-3.964603326255218718e+00
2.007932724260999002e-01	-2.770842997230899662e+00	-3.044884042735331420e+00	7.534815184565362145e-01	7.827842781003824246e-01	-3.971816003313052512e+00
4.086496572323646825e-01	-2.841139083089692985e+00	3.131964030414193800e-01	6.580770484126087227e-01	7.957275406429105136e-01	-3.441618800691737867e+00
4.036074745236387096e-01	-2.467908469931997750e+00	-2.434519164131589086e+00	5.236510295334027010e-01	6.537060937404304273e-01	-4.404485418175342559e+00
2.436358268879620370e-01	-2.643906957250492074e+00	-1.518123354214900855e+00	7.074031577660048198e-01	5.444168798631453532e-01	-4.329999796497870257e+00
5.105593787550050111e-01	-2.935147872340788666e+00	-1.492946807396360542e+00	6.644081461500441765e-01	1.177789461081732547e+00	-2.935836718794219813e+00
4.273138623896858279e-01	-2.757588691998091868e+00	-1.043586186356668888e+00	5.598102156254962658e-01	6.437229712293498496e-01	-4.584718071281718821e+00
1.580613516628485149e-01	-2.915170989127045420e+00	-5.884410858824689061e-01	1.050239098090656409e+00	7.386020290684619516e-02	-3.958823511212052448e+00
2.697078703181488013e-01	-2.762252746238922807e+00	6.018722395459623620e-01	8.920115403134246668e-01	3.985954554639946634e-01	-3.787656290804487735e+00
2.865950892114271231e-01	-2.687101465265774092e+00	-4.824121824193450259e-01	6.972317419727793730e-01	9.322572180186639024e-02	-4.707618940121323980e+00
3.010291341839546608e-01	-2.979274980295214093e+00	-1.431353230740308291e+00	7.953780873529084916e-01	4.676709233513334785e-02	-4.924852664636087063e+00
2.136546563624562856e-01	-3.218440242438162180e+00	8.526291403472512354e-01	6.670711576678491905e-01	8.836579353937481507e-01	-4.483808248950440500e+00
1.264874373443856670e-01	-3.049277642846254910e+00	-1.509980388305227350e-01	8.587579320515156267e-01	4.118101837561090606e-01	-5.111300225691463694e+00
3.880949178739449557e-01	-2.673072481863499217e+00	-9.822132415986652987e-01	7.956685794229382269e-01	-1.109407347352492634e-01	-5.673181052678476277e+00
1.553726652774386763e-01	-3.191508918101151782e+00	-1.366274727078806706e-01	8.878457115889161200e-01	-7.467826919916229489e-01	-4.016830119021159717e+00
1.358151646198219598e-01	-2.493697149477799080e+00	1.057685407931813870e+00	6.944450338277023960e-01	-3.168241599210935289e-01	-4.006872718999034966e+00
1.242748243941926428e-01	-2.808030703584920573e+00	3.630337327924582080e-02	6.924514403381826222e-01	2.637067757847443017e-02	-6.624944944345284803e+00
1.222559896709746463e-01	-3.135347190963034159e+00	-4.362878762699098356e-01	8.316680863415967240e-01	2.047339621666294240e-01	-5.072723630604619949e+00
-2.129328857813550524e-02	-2.903554989527574737e+00	7.927206477481499869e-01	9.805988103632250485e-01	2.555843918342287635e-01	-5.805327859053114103e+00
1.060378978249719578e-01	-2.348820498977367333e+00	1.692400354015540787e+00	7.708158235067907871e-01	3.234831890172852331e-01	-7.223482129572683874e+00
1.466516719580706063e-01	-2.581552004982523130e+00	1.099199016585773236e+00	4.126555613804923084e-01	4.560359434952239721e-01	-5.197692932119190701e+00
1.713299819857943551e-01	-3.103368936853717397e+00	4.583731275456234266e-01	5.417195190247714454e-01	-8.160957959222168989e-02	-7.008104154473170588e+00
1.598088038079263640e-02	-2.507861672818281651e+00	6.623132410634768874e-02	6.482219868931856643e-01	2.837679345612797999e-02	-6.857125087708488387e+00
7.775345334106373296e-02	-2.921762884677812977e+00	1.416112390690483780e+00	7.298330344667894876e-01	-1.123975476500502224e-01	-6.333374934856078831e+00
1.122978870707361798e-01	-2.814742949680543393e+00	9.310043740527261802e-01	8.519871600849654447e-01	-3.298189507291967582e-01	-6.798143959957970495e+00
-1.440906924042979764e-01	-2.309246488238310135e+00	2.158361371112026195e+00	1.057261603877554634e+00	-4.240440990495122908e-01	-6.754490072996969019e+00
-1.715038342222210133e-01	-3.141808199399831913e+00	2.127852006095340531e+00	6.317315090978122827e-01	-4.920173727421583987e-02	-5.931444062987480059e+00
5.902498040463007717e-02	-3.187214018811545202e+00	1.951358333432287484e+00	7.666712012528343889e-01	-7.495188360918747517e-01	-6.588644071520013412e+00
-1.386291186187053534e-02	-2.613924162792719663e+00	2.085998524980270830e+00	7.085768760769030061e-01	-3.604461990392945903e-01	-6.474853545003291799e+00
5.125131717208575299e-02	-2.950567483006671932e+00	3.214594309924746263e+00	7.032448796542837277e-01	-1.816989990701683433e-01	-6.335582313285419431e+00
-1.256659017391199840e-01	-3.191077583140839558e+00	2.193444055511379887e+00	7.410620651161284878e-01	-5.295748075221513584e-01	-6.529237224602153944e+00
-5.091604747721671653e-02	-2.849946595238631808e+00	3.356053723831224467e+00	6.689408652344862594e-01	-2.339021469225338046e-01	-6.705001240778410754e+00
-1.142983741138270670e-01	-3.143479085198360501e+00	2.774709806612498220e+00	9.360715909374195398e-01	-4.617919533526144704e-01	-7.499563734759374434e+00
-5.760270841891550891e-02	-3.254223843033446251e+00	2.639486985676426034e+00	6.092571034020587417e-01	3.675302217087081935e-01	-6.482009971517037172e+00
-1.407880076756118926e-01	-2.543000730774516605e+00	4.187853794465330459e+00	6.989646005450985689e-01	-3.503947831486333153e-01	-7.211127078016964731e+00
-1.114665905078269514e-01	-2.993200070048843031e+00	1.967837806782738674e+00	5.791116501654733906e-01	-5.143977352362520961e-01	-5.282591898169728850e+00
-3.476745471886670269e-01	-3.032395944497960016e+00	2.156178979980030608e+00	9.522343947308157253e-01	-4.075560153523690721e-01	-8.001150428057677289e+00
-1.058855664481285208e-01	-2.714522467804479255e+00	1.837077150711288853e+00	6.882794277919481729e-01	-2.843491295090056492e-01	-7.775552826501326287e+00
-1.280059394172483045e-01	-2.459749776129078747e+00	3.122412673927116966e+00	5.299529644295444264e-01	-6.839900982474365065e-01	-6.759038465728393064e+00
-1.586797839269953325e-01	-2.232118798899433543e+00	3.429783378723952225e+00	8.407169898161506172e-01	4.544214071112850917e-02	-6.959661601992221946e+00
-2.297591159655509307e-01	-3.144042120676643570e+00	3.165409408854420015e+00	7.431596437612533190e-01	-1.902859982708242637e-01	-6.743664906533317627e+00
-1.158894021107414324e-01	-2.621363206562301151e+00	3.460969273842707583e+00	6.977538837804642124e-01	-1.253954010895559135e+00	-6.843513065532173201e+00
-1.664626881449432494e-02	-2.450322527334257039e+00	4.241345797162247244e+00	1.047352543224854271e+00	-1.477991051432001157e+00	-7.962206467440374524e+00
-1.515307670143436480e-01	-2.649444090753328762e+00	5.260478324092695779e+00	8.333520381404222466e-01	-1.025213168846103251e+00	-6.724248112070194239e+00
-2.165877088450894050e-01	-2.587909528234752177e+00	4.474836812018533116e+00	9.198900513789730615e-01	-4.964534747228381839e-01	-6.807518404920396726e+00
-3.209979112311043270e-01	-2.108733843081172399e+00	2.757190926296900102e+00	6.033345006081279882e-01	-7.260174888579082886e-01	-6.909650426923461097e+00
-3.054079651988559352e-01	-2.799511927334433103e+00	4.847523650471019074e+00	7.508667775674991995e-01	-5.552595777976426783e-01	-6.705059959882229137e+00
-4.357612508672294993e-01	-2.353319154062216700e+00	5.784694588846876151e+00	5.293206164045254347e-01	-7.245296055655731093e-01	-6.689877869606394079e+00
-4.441184850178684362e-01	-2.345406299105137204e+00	3.012754183893386895e+00	6.261564853704320033e-01	-5.156977978958434683e-01	-7.685242122175034218e+00
-3.242161541577845973e-01	-2.458666724357824407e+00	5.753323419601008126e+00	4.536100856934451864e-01	-1.176670665077628630e+00	-5.218867600305499010e+00
-3.297989565628062225e-01	-1.923672045370800054e+00	6.118679318393704492e+00	1.008282493660679791e+00	-7.723863420743122266e-01	-7.122624327210275830e+00
-1.294011826384374730e-01	-1.914976026952539989e+00	6.663498925686144325e+00	5.082165253807757743e-01	-1.521458401343175559e+00	-5.556945466350392770e+00
-3.200236625408552360e-01	-2.321842575420778321e+00	5.847249736081300497e+00	8.063017118883757384e-01	-1.242955329755506044e+00	-6.316685989427199388e+00
-3.948362016575245326e-01	-2.056108223235333377e+00	4.606711200170961362e+00	8.845841591622365385e-01	-1.417628991870163890e+00	-8.477620174567341849e+00
-3.382245307450731930e-01	-2.424604129486857662e+00	3.772439099164402343e+00	9.069288481309147887e-01	-7.552979837326061485e-01	-6.280884149873455335e+00
-2.355269374148173389e-01	-2.496830637971337641e+00	5.399062759169586556e+00	7.846165402607747641e-01	-1.238059943176406774e+00	-7.166618303601201667e+00
-4.490526893423867905e-01	-2.475485891316091092e+00	4.259372248209818856e+00	1.001694692870527703e+00	-1.694006426940549037e+00	-5.741266501926284960e+00
-3.101043663438089459e-01	-2.344448462074144146e+00	6.711381161116940497e+00	8.599148881256390986e-01	-1.114608320588384549e+00	-6.576670285309129227e+00
-3.218346160203484074e-01	-2.489660235103554609e+00	3.987276020551008493e+00	5.491800306222492933e-01	-1.588007468040238512e+00	-6.410694004966563497e+00
-4.399536608439442720e-01	-2.302806756427190571e+00	3.421414617108415879e+00	8.414091819492555135e-01	-1.093956665671469430e+00	-6.697273704131019301e+00
-4.453913562959996852e-01	-2.319236101552217377e+00	6.434368721224437593e+00	5.812437592091264094e-01	-1.517959734707944319e+00	-5.208661065315687289e+00
-4.771431695318500421e-01	-1.715003145830632958e+00	6.732641726351652700e+00	7.579665845463705587e-01	-1.724813779963847438e+00	-6.728633769458499891e+00
-3.745559397699695925e-01	-2.508051311310178555e+00	6.972434386786822813e+00	6.136822789988652938e-01	-1.888891657855746198e+00	-4.365963590153794094e+00
-4.241906149770482415e-01	-2.072684910492138322e+00	5.386796981586026156e+00	6.508904033356341934e-01	-9.370172964746192878e-01	-5.066621519154624664e+00
-3.449444288746643106e-01	-2.199240539560856966e+00	6.060058582241460101e+00	6.342474490026471790e-01	-8.546433484663870095e-01	-5.008251848895749703e+00
-4.343210170662484826e-01	-2.431177458144639036e+00	4.743318712800680181e+00	6.770468426567913811e-01	-1.875044224188107345e+00	-6.772529353475387204e+00
-4.931679433581040439e-01	-2.907196999577563723e+00	5.240534814196146307e+00	4.079744553120289163e-01	-1.835139476763659738e+00	-4.859431315829759512e+00
-4.646928811518080682e-01	-1.590041041135209721e+00	7.535223469566628474e+00	7.709681962508797559e-01	-1.298405296805796638e+00	-5.542818909594134702e+00
-4.463624048418083357e-01	-1.876447872370257786e+00	7.164810649315008995e+00	6.249571136583843556e-01	-2.242172490446065591e+00	-5.414733694074993942e+00
-6.868888676845018582e-01	-1.721333355551217803e+00	6.318685163383007897e+00	5.760604075985586991e-01	-1.593342271698572343e+00	-5.294120965906657261e+00
-5.843872859381875617e-01	-1.788022312476231335e+00	6.682057758882312903e+00	6.682411414623705692e-01	-1.927432644823013685e+00	-4.440755256143432916e+00
-6.129775099139769257e-01	-1.467215508584706285e+00	8.213595949249423711e+00	5.127995109466324530e-01	-1.677457527960955153e+00	-5.836597742407867884e+00
-2.660847620956683368e-01	-1.432835780002508663e+00	5.879642347316293538e+00	6.731652448945835143e-01	-1.253319874638261444e+00	-5.406706840253803215e+00
-5.953807498935522746e-01	-1.304553949413028047e+00	8.022223903980357562e+00	3.017962789497950493e-01	-1.765700480734219369e+00	-5.975952560616082820e+00
-6.164515680936384356e-01	-1.580847661578947516e+00	6.680103880912469094e+00	4.719059350189178659e-01	-1.362724780586091811e+00	-6.975142129311502792e+00
-4.834964265131017069e-01	-1.991823845566422779e+00	6.991869349972253289e+00	6.217092828273375060e-01	-1.754752026248222574e+00	-4.727633797556713091e+00
-7.192503327720224382e-01	-1.294300510432739859e+00	6.632396937729989617e+00	5.991001826081969739e-01	-1.471777248686058304e+00	-5.650106379349951524e+00
-5.522303919881309531e-01	-1.616475863658586087e+00	6.255618071499482014e+00	1.545253784870979086e-01	-1.438211274689577657e+00	-4.855967499331278248e+00
-4.695093204258126152e-01	-1.585000892755149771e+00	8.141893952802668366e+00	6.278845532015245867e-01	-1.434781319396798871e+00	-5.422140629950811253e+00
-5.420246566343979167e-01	-1.635717154881789925e+00	5.152545739950094905e+00	4.910651596371514715e-01	-1.281019249087298029e+00	-4.686372499611046294e+00
-4.868804153197442419e-01	-1.625935771931215967e+00	7.788538679956642063e+00	4.353263431062768807e-01	-2.344381585113136435e+00	-4.968235742990146697e+00
-5.053846681084432912e-01	-1.603324461034355553e+00	7.387447666370896115e+00	6.531489874564360143e-01	-2.419618797570213697e+00	-5.170419754328078987e+00
-6.369537621659471238e-01	-1.450011132690560700e+00	7.765271536630106830e+00	3.273308376273088571e-01	-1.981622112033669003e+00	-3.857736996544669950e+00
-6.313514345881299228e-01	-1.609751747407346834e+00	8.539991474384326153e+00	5.220145869305575781e-01	-1.721481047951751719e+00	-4.599883098293160444e+00
-7.676503529826863570e-01	-1.352299565529656133e+00	7.925191498478800334e+00	2.326404042860298338e-01	-2.551281487674041948e+00	-4.699098839853196097e+00
-6.770536776254172384e-01	-7.883807411935206400e-01	8.324463759721696832e+00	2.883291304606743211e-01	-1.818037608576611008e+00	-4.942552369370544874e+00
-4.860155603900506716e-01	-1.258508036589244261e+00	8.890267341857658323e+00	4.117247127158352726e-01	-1.741838872744034594e+00	-4.368260654759770212e+00
-7.716251220330230254e-01	-1.536834964327804087e+00	6.941994613021880589e+00	3.747435130357909538e-01	-2.215422173272000528e+00	-3.523241496059545952e+00
-6.193798189404864374e-01	-1.167942225516001020e+00	7.662346849124586079e+00	3.115189998045841402e-01	-2.767983234677930504e+00	-3.986939050399328721e+00
-6.531623568482232134e-01	-1.327273874529387498e+00	8.315508876841462893e+00	3.555535849343784416e-01	-1.907799221331540895e+00	-4.341607862717875577e+00
-6.041773831352250657e-01	-1.256484107994032540e+00	6.876071677247979075e+00	4.618914439488993051e-01	-2.238421463884895601e+00	-4.325463113931946602e+00
-7.207333174215688754e-01	-1.024874224560236469e+00	7.702385363975649213e+00	2.309160609019499377e-01	-2.551860939350774071e+00	-4.199779659340763693e+00
-7.202793272520842116e-01	-4.869882921885489435e-01	8.503739126744642718e+00	4.847790910384073837e-01	-2.551343904320333866e+00	-3.028067540879528785e+00
-6.474849982204257115e-01	-4.971039677751475372e-01	8.487686833799754638e+00	6.784669392289895962e-01	-1.702785973581313339e+00	-4.531542687608274278e+00
-7.109057657513098150e-01	-1.446634717506786849e+00	9.098333206678184126e+00	2.459580985778826445e-01	-1.707365449084013109e+00	-4.851277427451991642e+00
-6.939729331947397384e-01	-1.067555226272527857e+00	7.804971139539409464e+00	2.901830166232393649e-01	-2.532217161303109254e+00	-3.592149444423557547e+00
-5.007479471824591855e-01	-4.335791188694697595e-01	6.273494942369410410e+00	1.835668707263688471e-01	-2.037408867764083364e+00	-2.212805481712942779e+00
-4.312176152234128979e-01	-6.948260314281462513e-01	8.873230056385033038e+00	2.063843037848296924e-01	-1.701262175033793067e+00	-3.096126138726964960e+00
-5.027275783393432285e-01	-5.939108734973850279e-01	8.234528788128473664e+00	1.928780795765963063e-01	-2.138591661279732214e+00	-3.318820941096334742e+00
-6.086166517460996905e-01	-9.148240589754509378e-01	8.940068806900345777e+00	3.166047589483756419e-01	-2.692915062566853202e+00	-3.670712980172175843e+00
-6.288383727282523816e-01	-1.108200589007610981e+00	8.009737170781290772e+00	4.335949835344470316e-01	-2.154398621915336598e+00	-4.683503385093368721e+00
-6.596633325621233945e-01	-5.651499895030619447e-01	9.714601796589883875e+00	1.791487072341669817e-01	-2.170887688348758449e+00	-3.712673573285844242e+00
-6.944840505970486522e-01	-5.028390241091981183e-01	8.861961474121555327e+00	1.249615048770839482e-01	-2.579095438146831398e+00	-3.343766317796005527e+00
-7.322772929712695333e-01	4.448243567339815741e-02	8.869774614821587022e+00	6.822264872341390896e-02	-2.576926748827368385e+00	-3.592543955612291118e+00
-6.757428387132748959e-01	-7.388483353325927538e-01	9.236467879673810444e+00	2.405376284730413872e-01	-2.169178987563513683e+00	-4.541574770260532468e+00
-5.982001870019544310e-01	-4.855969792709058375e-01	9.510979651053780515e+00	4.083805651276478654e-02	-2.319792064497052220e+00	-5.008093154168534511e+00
-8.595724191848321816e-01	-6.425581785425917847e-01	9.462717515848872551e+00	3.929620921119725274e-02	-2.020057929340297154e+00	-4.586521546664461546e+00
-7.642352484570618110e-01	-6.109270770040378107e-01	1.100362608633654382e+01	-6.115473033470467112e-02	-2.729717318622714384e+00	-4.507344412164122183e+00
-7.601527493842337169e-01	1.461803008996173103e-01	9.791133720660742057e+00	5.618689669411625065e-02	-2.617246590435743592e+00	-4.362505354568753546e+00
-8.389795868790175248e-01	-3.892058927647630284e-01	8.788294529410665135e+00	-5.265041904552331120e-02	-2.797968598016492336e+00	-4.740187221592219835e+00
-8.187286195223804075e-01	-1.774592166222538347e-01	9.798466669896875203e+00	2.055206653068747946e-01	-2.744191739448877509e+00	-3.989236511875480229e+00
-7.363833717470321671e-01	-9.933773556237792679e-01	6.750547467184464523e+00	-1.983855798169194551e-01	-2.563306442611923419e+00	-3.762227764422426901e+00
-6.008379520415014774e-01	-9.038915384646381557e-02	9.986755834442387680e+00	2.239334546101990064e-01	-2.334140891392610939e+00	-2.967922804575013451e+00
-6.483707623040684265e-01	1.235259774156698687e-01	1.169498222775753860e+01	1.476201206906442298e-01	-2.769762335957144384e+00	-1.741706065495442823e+00
-5.684742128070319200e-01	1.306239106919130366e-01	9.411050302253903155e+00	2.271728307059834029e-01	-2.856772836009758176e+00	-3.201431732992676249e+00
-6.992855164478063434e-01	-6.143986317072870351e-01	8.118962817342213256e+00	-1.484523448601678119e-01	-2.783624572451078638e+00	-3.128923194071473013e+00
-9.004269944995855202e-01	2.076903243540806909e-01	8.927481909012655592e+00	-4.235958216417010785e-02	-2.046968875373294861e+00	-4.370744875551086928e+00
-6.320367018877450782e-01	1.649897164510825687e-01	1.171598036224841977e+01	-1.998288723881805340e-01	-2.523613334099595651e+00	-4.378620384539710919e+00
-8.253637938908389149e-01	3.151784728996593898e-01	9.707016823276619633e+00	2.602394930200587625e-02	-2.645088630563457333e+00	-3.050242947023664275e+00
-6.873665297850495293e-01	-7.194882745925756939e-02	9.547642275263704903e+00	-1.591495063745910765e-01	-3.240342944656248836e+00	-3.167421610035138002e+00
-7.347593637680281953e-01	2.699302834417061092e-01	1.015114832794464306e+01	-3.637067132995761704e-02	-2.821256451107461594e+00	-3.518821326382245207e+00
-5.649256102385677991e-01	4.443811486203683714e-01	8.570312838631940267e+00	2.641459223105454557e-01	-2.549961911401177783e+00	-3.345206632064922303e+00
-6.634920907401433698e-01	4.510760483963386358e-01	9.283800297837860427e+00	2.538300294738398688e-01	-2.166566655425967269e+00	-3.821230767721162103e+00
-5.688488219108791544e-01	6.435370973616995061e-01	9.408573639332271199e+00	-2.326976542402655612e-01	-3.423170636583452886e+00	-3.110230903104161726e+00
-6.783134538693487148e-01	1.008623447967240017e+00	1.017671065842375988e+01	1.193406751346416522e-01	-2.115418376928489774e+00	-3.006261693196996099e+00
-6.431066915574994436e-01	3.820262112907591989e-01	9.128049193320803667e+00	-6.144859531373298572e-02	-2.638559572631203221e+00	-3.890014493411309005e+00
-6.488138107807464028e-01	3.113107443912245809e-01	9.809717001660576585e+00	1.578059630776848521e-01	-2.787091788317954677e+00	-2.713645497723363942e+00
-7.150109542536786655e-01	5.033333328476642388e-01	1.095381761851842128e+01	-2.938473533313839536e-01	-2.650015575558221759e+00	-2.549477511644102634e+00
-5.284740265419637373e-01	9.660533977250197468e-01	1.076871062744400120e+01	-9.889649656915674991e-02	-3.320346647931088135e+00	-2.702357042998936976e+00
-5.138528547925236278e-01	1.189991971043802721e+00	1.074488337744273103e+01	1.091918946978778782e-01	-2.400704954503393829e+00	-4.426816809251410412e+00
-5.900274609451867658e-01	5.659142129390773990e-01	1.025226296774146917e+01	-2.957605917458944189e-01	-2.726190216136547217e+00	-4.083290628552531665e+00
-7.368740153902983980e-01	4.772007889961547566e-01	7.962489631426943326e+00	-1.695856568789117502e-01	-3.570252835318946882e+00	-3.431228528427014091e+00
-7.371825488855480168e-01	7.824162122471247649e-01	9.958373144684140144e+00	9.754166397293026480e-02	-2.759134254676990139e+00	-3.500289235993857329e+00
-5.883328744557303480e-01	7.130380368416845416e-01	1.031128478901255363e+01	-7.998981930473546276e-02	-2.674426472917041941e+00	-3.762026655143984488e+00
-7.727344062937078206e-01	1.029152232122457988e+00	8.607836010401410221e+00	4.665365472329871532e-02	-3.341807170680616501e+00	-2.880579277993636111e+00
-6.605085434114024157e-01	1.284142761301965585e+00	7.371890989064150190e+00	-3.564309322915605316e-01	-2.885066410405071391e+00	-2.733114610242328713e+00
-7.000280645476264496e-01	1.044801029522996361e+00	8.994543030660235416e+00	-1.039200076632243452e-01	-3.232337097084287070e+00	-2.540960352190666960e+00
-6.801430487637992739e-01	1.246797158465547506e+00	7.674183234345167470e+00	-3.163044401368467207e-01	-2.858997224492466405e+00	-4.344073507861470951e+00
-5.966914722296194906e-01	1.326430964568872106e+00	8.942368618126041113e+00	-2.577562402489217974e-01	-3.317781667786319666e+00	-2.413318519882218016e+00
-6.410690151156061001e-01	1.291973545269645696e+00	8.320992596747503356e+00	1.051679737738242526e-02	-3.085736859385830755e+00	-2.458284319907388493e+00
-6.359925462529492091e-01	6.456915925181390126e-01	6.172326832837948807e+00	-5.030435230326812945e-02	-3.509303861717599116e+00	-2.375703806016708164e+00
-5.219341420593934799e-01	9.975787178287405244e-01	8.822950105126317055e+00	3.468687438743367490e-02	-3.041348069121969200e+00	-1.612973275184022004e+00
-7.193460207177836407e-01	1.445735982255032193e+00	8.866834842403344297e+00	-4.133481678770829504e-01	-3.232114728703260109e+00	-2.638003463281968219e+00
-6.278539254412541792e-01	1.460186679828052947e+00	6.523892870986491843e+00	-3.194296926289803551e-01	-2.431605014590688008e+00	-2.513818407594433424e+00
-5.655340253941082418e-01	1.645511716724821216e+00	7.323177387614054901e+00	-2.643002807793752851e-01	-2.697271777698567963e+00	-2.933842507713517289e+00
-4.845405842362157101e-01	9.248171509704962157e-01	5.810437382619690005e+00	-3.898085507302448960e-01	-3.183200697585508721e+00	-3.174665901952976821e+00
-7.026140343816958955e-01	1.030942845003633757e+00	5.990021897580213306e+00	-1.473223603724855280e-01	-3.084024085855102015e+00	-1.825695836284592088e+00
-5.485582331088471042e-01	1.119162931310107689e+00	6.197105157063359293e+00	-2.279358399364118382e-01	-3.303469907104414904e+00	-1.311558649941247490e+00
-4.768329320272174932e-01	1.782636148327156889e+00	7.122871840039385560e+00	-5.363717966328168663e-01	-3.039549145999878466e+00	-2.822506350905069183e+00
-5.953842302352382321e-01	1.517313829416658821e+00	4.462649271822497710e+00	-2.472807359850038855e-01	-3.828946737635440023e+00	-3.601625089268003510e-01
-5.563002452477348037e-01	1.910613318874335498e+00	4.904401791237149588e+00	-1.191528835099316952e-01	-3.186916392324837588e+00	-1.858914133780332989e+00
-6.490773858968614807e-01	2.004955996662020290e+00	6.258906765897147118e+00	-3.747926897746204911e-01	-2.796781372687472622e+00	1.058314550384432007e+00
-4.408920420602150392e-01	1.685970184831603103e+00	5.753092497192063171e+00	-3.530107666718294013e-01	-3.318614023312436156e+00	-1.095232402398621296e+00
-7.836115521397732930e-01	1.928788138410085118e+00	6.439652117007047316e+00	-7.671092329605717630e-01	-3.383423418069441801e+00	-1.107017686711399218e+00
-2.813607755755300754e-01	1.837222514405528528e+00	6.614876407381816037e+00	-3.845661984764859875e-01	-3.439020365024163528e+00	9.124561327922275922e-02
-4.409823028368101139e-01	6.743991835531448764e-01	4.640307396209528257e+00	-5.087412567523097451e-01	-3.554203211297798148e+00	3.669139609333441771e-02
-5.363623384747348011e-01	1.410901978774439236e+00	3.175835850346292677e+00	-4.705689589747540924e-01	-3.251073664769073446e+00	1.473994327813443750e-01
-4.816121091250925024e-01	1.702068079763479291e+00	6.072409888225729802e+00	-8.687031205434847525e-01	-3.214776743404464732e+00	8.038871318890579154e-01
-3.967246918127723121e-01	2.031360516806106187e+00	4.496035866732420949e+00	-6.960452034051118897e-01	-3.604870103788418767e+00	1.263273552195745220e+00
-4.713647514769100932e-01	2.068148998583422049e+00	2.721542943474788867e+00	-4.794416034640703872e-01	-3.518622401097431407e+00	1.746747748060666794e+00
-4.288621592391166359e-01	1.794826338747063099e+00	4.330246018862085933e+00	-5.744157414821122742e-01	-2.870065697455598919e+00	1.236599037588122396e+00
-4.513079854193428608e-01	2.129893862211670097e+00	3.761875767553824801e+00	-2.799155524393318051e-01	-2.620651590442910184e+00	2.109103984005920029e+00
-4.506121487770537448e-01	2.180810028108047138e+00	1.954274985787069152e+00	-8.637754744674085439e-01	-2.937379445213003315e+00	1.819367528102649345e+00
-5.698251634020158329e-01	1.573004394591327904e+00	3.531990607100928603e+00	-5.464584179854362622e-01	-2.950246656842989701e+00	2.262789343513160745e+00
-3.113652845290316717e-01	1.022201980988151071e+00	1.951346243354679544e+00	-6.164670132431305793e-01	-2.324549303047346527e+00	2.151602961130095082e+00
-5.455395149889917805e-01	1.971858011455856818e+00	1.686560125303823154e+00	-5.750382915132378203e-01	-2.589997861995559703e+00	1.832898863936235578e+00
-4.303477414449144445e-01	1.944953743508281319e+00	1.500737864721178871e+00	-5.860090038075780328e-01	-3.029050524055887816e+00	2.246263284844640662e+00
-4.636528234481880340e-01	1.832561510788260017e+00	2.322151199043876346e+00	-8.059781917644694982e-01	-2.323558366935075004e+00	2.627102597721147070e+00
-2.344879183814072010e-01	1.882078260094757871e+00	1.183444667721313737e+00	-8.472462527555655321e-01	-2.857487409407288403e+00	3.997122182678063851e+00
-4.267721498705470129e-01	2.305153233130850854e+00	1.879494760819153676e-01	-8.871421591823309694e-01	-2.540926191720041416e+00	3.808108175508209570e+00
-5.016826698824070618e-01	2.108159314383292404e+00	1.625350806637089196e+00	-9.104965173112700150e-01	-2.989597623211122102e+00	2.975368018859812835e+00
-3.366048536182570383e-01	1.753978479222837672e+00	1.578072491770694086e+00	-9.818504428375968152e-01	-3.433046282821964112e+00	4.164282534112214051e+00
-4.810414493576301576e-01	2.343945096295894537e+00	6.528447921247957364e-01	-7.482369811569932194e-01	-2.578041563124249258e+00	4.018783072388013800e+00
-2.946144236498426938e-01	2.500378945599375236e+00	8.036869136014446191e-01	-8.671126969202050949e-01	-2.746749687580729571e+00	4.107034168335893298e+00
-4.821784736218711065e-01	2.167449407887286572e+00	1.516728691564307452e-01	-9.752846832671209221e-01	-3.302281867950528138e+00	3.162836122188914079e+00
-2.220306844150019832e-01	2.583514330079675680e+00	-1.013327561914952879e+00	-7.256920033776228518e-01	-2.703393846584072779e+00	4.347717269686309116e+00
-3.073438363707432508e-01	1.707879790007138521e+00	3.531856241399933816e-01	-6.476277304681290481e-01	-2.895298190733015087e+00	5.458181295967112767e+00
-2.985185951129268322e-01	2.154497062099964833e+00	-4.660858187043624978e-01	-7.684642629982424422e-01	-3.113499168690998520e+00	5.646501320336552610e+00
-4.353604056093445251e-01	1.552057674087891304e+00	-1.613731908692880523e+00	-8.014398547882527479e-01	-2.824681787542075551e+00	4.532060775780856865e+00
-2.537546556078031368e-01	1.992329309210236099e+00	-1.948316385130418382e+00	-8.906378739393105981e-01	-3.237376778242779807e+00	4.197098529288654234e+00
-2.928913586418407378e-01	1.754254297198670765e+00	-3.103822936178927683e-01	-8.593318239740601605e-01	-2.503148118140166467e+00	5.812711961728078691e+00
-3.402190582172576194e-01	1.879773077320957331e+00	-5.989841606404620045e-01	-1.029780199014658670e+00	-3.139409040945077667e+00	5.403231752493885764e+00
-3.536852285686524211e-01	1.649005648784937605e+00	-1.110027647667298112e+00	-1.060022828115669391e+00	-3.102115726221320813e+00	6.299802398338076870e+00
-2.567931884558603550e-01	2.025034603548134360e+00	6.496389462949865301e-01	-9.136858567097758677e-01	-3.063703687110693075e+00	5.386750863332562922e+00
-3.759524666767630752e-01	2.182414897239394413e+00	-2.431238433024812018e+00	-9.654086775913250928e-01	-2.217197495773715943e+00	4.871872471884474365e+00
-2.296109388233764925e-01	2.004015055873467066e+00	-1.482992013760617400e+00	-1.187620571216372767e+00	-2.532061700064418996e+00	5.865634567138966027e+00
-4.233606746628624240e-01	1.593079912596551573e+00	-2.570551870902520797e+00	-6.865739206259815486e-01	-2.110310105046781626e+00	6.151590074510617789e+00
-6.331010087819854970e-02	1.860087325062902197e+00	-1.346266640940133819e+00	-1.196778743172063342e+00	-2.647015852637118360e+00	5.749056376186941542e+00
-2.406999370949339800e-01	1.737285701327508480e+00	-9.163650099570381791e-01	-8.720882786883650262e-01	-2.591261168384519031e+00	6.100040389738677682e+00
-1.815768349256954572e-01	1.459473859605059376e+00	-3.285018135012170326e+00	-9.504362546345980212e-01	-3.017878867367628004e+00	6.410515740647715788e+00
-3.368052532421537126e-01	2.296143953092974588e+00	-1.780064444502803767e+00	-1.014957251231683566e+00	-2.820547284425915624e+00	7.445881080308868860e+00
-2.960477615380654459e-01	2.259661519275525610e+00	4.218647128924186696e-01	-1.124082096487143634e+00	-2.052026282976444183e+00	6.879277601167514078e+00
-4.289027810601169777e-01	2.043409089564431902e+00	-1.053006036930733469e+00	-9.420302781877132325e-01	-2.619297655910112432e+00	7.014493093092364795e+00
-1.621339043104611521e-01	1.602764087126812065e+00	-1.857946732023879832e+00	-1.359926917594583395e+00	-2.095097610725619397e+00	5.479141040201776391e+00
-1.673035833112481163e-01	1.313928033772236548e+00	-1.295942339980994840e+00	-9.816553569552293190e-01	-2.057203473378217407e+00	6.888957999997127324e+00
-1.596372309807999046e-01	1.965068433083570376e+00	-7.918143010723222019e-01	-1.183308101468722118e+00	-2.105682799814895922e+00	5.670161066080386725e+00
-1.542121347604468451e-01	1.760542149467900108e+00	-1.698238043807423159e+00	-1.375348518591398062e+00	-1.867247365855099428e+00	4.672113457870708864e+00
-5.647021997666973325e-02	1.378492123230733224e+00	-1.751957353766874670e+00	-1.130754482314442644e+00	-1.727902917056089116e+00	5.269531170102491835e+00
-8.536315495742000103e-02	1.579828213721025776e+00	-1.713514364287786140e+00	-1.006090475697654529e+00	-1.599860766006257595e+00	6.815775812372527831e+00
-6.037195761132476551e-02	1.732868426649451399e+00	-9.495262036071235867e-01	-7.469286349294299576e-01	-3.278890525124904087e+00	6.469354929643543528e+00
-7.902556712404536221e-02	1.946421194889016437e+00	-2.783498512439095851e+00	-1.370727495504831195e+00	-1.762961833641928378e+00	5.902764391478207529e+00
-1.933572359981464706e-01	1.566024970777166514e+00	-1.707893842503498183e+00	-1.224839589386194971e+00	-1.755651904624329074e+00	6.494005168355045043e+00
-1.555666876113766528e-01	1.556248849831953773e+00	-1.877706129593092133e+00	-1.437517877750517981e+00	-1.927426602845649484e+00	6.276041557563887707e+00
6.166236072188591155e-02	1.798979883691665949e+00	-1.089870818442470135e+00	-1.281169194766434982e+00	-2.344734978228447897e+00	6.685620541692870233e+00
3.030796687782889159e-02	1.619759828661296197e+00	-7.385706322029326198e-01	-1.380605541514985823e+00	-2.180463184524827458e+00	5.744993603406763683e+00
-1.478924664306824344e-05	1.640829662908500408e+00	-2.578694326663150349e+00	-1.128163932223089194e+00	-1.959056708528263302e+00	5.961588386713986942e+00
-2.418979691324368853e-01	1.343770894214062039e+00	-1.406624708303438887e+00	-1.007383209774351362e+00	-2.234201310298205456e+00	6.763240353147145889e+00
-5.989285236912358229e-03	1.697051482754427854e+00	-3.217137495313103557e+00	-9.597913638989357121e-01	-2.197038956421697886e+00	5.854159482205929521e+00
1.052203117612310335e-05	1.874241552255595300e+00	-3.425652177926801212e+00	-1.250659025297869764e+00	-1.927486157634169750e+00	7.651169018919672382e+00
4.647314544535406655e-02	1.505293455992722462e+00	-2.105981193098908744e+00	-9.811529360785908871e-01	-2.539122774609044342e+00	4.749970171600175206e+00
-7.656826652823270352e-02	1.859217527248069768e+00	-1.426189098081622975e+00	-1.142560865245980661e+00	-1.908727318252539051e+00	7.007823771115601730e+00
2.778296066622236091e-02	1.842728357680888163e+00	-6.700783707533517486e-01	-1.065162437689169739e+00	-1.973278942360856325e+00	6.208250068094597118e+00
-1.708946153206775398e-01	1.609728164023874974e+00	-1.062767645910529968e+00	-1.264391251860808918e+00	-1.305368955678090082e+00	6.084513352650799511e+00
-4.322297992582074810e-04	2.036035784986343522e+00	-3.037236370656444695e+00	-1.593280361484121332e+00	-1.808397105534468530e+00	5.471661075260099594e+00
8.045257266872145319e-02	2.067801026658252272e+00	-3.011935395553495542e+00	-1.213880218501552477e+00	-2.062925713618788848e+00	7.828679139576672164e+00
1.493888524685722530e-01	1.627232270411670623e+00	-2.503248005474317139e+00	-1.375640333484445366e+00	-1.379321024150376385e+00	6.428501267792673168e+00
1.026342803789494079e-01	1.605361186762186199e+00	-2.745214230983222592e+00	-1.248094962465897240e+00	-1.637963727631124522e+00	5.312398689981495004e+00
1.180744198495210229e-01	1.353722985486073727e+00	-1.044187721308913019e+00	-1.038617182317818521e+00	-1.813223867104010623e+00	6.881407761137229961e+00
1.470748767200818208e-01	1.574705170530258824e+00	-1.450139754869235409e+00	-1.343759335657051190e+00	-1.358761333313737829e+00	6.548180632354888786e+00
6.558893855412473162e-03	1.751312791219089782e+00	-3.120772483336934133e+00	-1.439460786640705425e+00	-1.776602287886878573e+00	5.244341630559006262e+00
2.702322529178173838e-01	1.610087104396263014e+00	-1.069369366787108477e+00	-1.544080440136495369e+00	-8.495716377586548518e-01	5.343164954537458655e+00
1.552865939781039595e-01	1.869969617568856712e+00	-2.548812993990091424e+00	-1.179800989438347880e+00	-1.983731632436870118e+00	6.051328610184887324e+00
3.990438535099153500e-02	2.020087350217549371e+00	-1.799121498059888191e+00	-1.417956273317822147e+00	-1.608492347890289720e+00	6.277516089797313903e+00
-2.121593313537591119e-02	1.943677639477454866e+00	-3.035451257696520244e+00	-1.335739350844832751e+00	-1.476526430863088546e+00	4.805017177052786970e+00
8.845298813022064999e-02	1.633969295893425100e+00	-3.713307905397489783e+00	-1.795513228734459510e+00	-9.805395483160230796e-01	6.095832533081904536e+00
2.303547156619534242e-01	1.148728967617878904e+00	-1.894756866437474319e+00	-1.467180935251934715e+00	-2.285828320004649861e+00	4.887419251583785318e+00
2.246985191152147676e-01	1.936979039728471186e+00	-2.020501206818866802e+00	-1.357668691783601389e+00	-1.885025923381083324e+00	6.916621212081111914e+00
1.374331372096865567e-01	1.304367027051060557e+00	-2.338273222754263081e+00	-1.683465445896755286e+00	-6.115893110949611744e-01	6.773256945546457963e+00
-2.865657193753595733e-02	1.886102649714253454e+00	-1.074752755913825242e+00	-1.576301394142030521e+00	-9.402036427141338137e-01	6.565712487887570781e+00
1.354796370355061119e-01	1.862506449147974585e+00	-1.172590654409310540e+00	-1.204887320191833755e+00	-1.248627139974769928e+00	6.176494751485466672e+00
1.924739007734816987e-01	1.624562874683624702e+00	-2.276500201066738338e+00	-1.118821342721600498e+00	-1.438390176353566030e+00	5.250026324477143014e+00
1.428941346301142445e-01	1.510989641032781217e+00	-2.049976824093060035e+00	-1.581291595874932510e+00	-6.704816717075413601e-01	5.925245654106224613e+00
1.969066238187039963e-01	1.446870716720841887e+00	-2.118835407633549384e+00	-1.273692836762577052e+00	-1.026873906602272291e+00	6.293343453526402342e+00
1.652410612754037500e-01	1.741190378048859788e+00	-2.644619943334376888e+00	-1.470152222447131729e+00	-3.135859216256260407e-01	5.377958155983873390e+00
1.463996411932916852e-01	1.527306891402065769e+00	-7.139960661665314401e-01	-1.532659995917435403e+00	-1.001927929731039946e+00	6.477449513101250389e+00
2.610600400334687765e-01	1.376243202011304456e+00	-1.865855571485320219e+00	-1.443275994767197368e+00	-1.301464281549895796e+00	5.537416195567594457e+00
1.851168266449678412e-01	1.736353229001216247e+00	-8.182372205389791819e-01	-1.733489507841275312e+00	-1.203195824074428932e+00	6.522168686016827976e+00
2.157311625755550244e-01	1.566961229488724516e+00	-1.802422557880963172e+00	-1.490937855216031283e+00	-1.019961829933767161e+00	5.821613001524438502e+00
2.719235521779906350e-01	1.648562955561699628e+00	-1.681251714151089427e+00	-1.736357272013605790e+00	-8.195526210126237165e-01	5.874450879314097484e+00
1.022829129820986283e-01	8.053641824917970871e-01	-3.657585227259882998e+00	-1.518254803040106626e+00	-4.646632356555889798e-01	5.906955687816631162e+00
1.153522123273021810e-01	1.032028861822148480e+00	-2.899528554461998198e+00	-1.351325099501268223e+00	-9.358046619519936327e-01	6.322990919652976771e+00
2.048083038776506992e-01	1.552810729685075941e+00	1.155366839386015698e+00	-1.662782627576174566e+00	-9.530804068360677617e-01	5.186329416974951201e+00
1.344814779719558651e-01	1.348474677539737376e+00	-2.538950514327150021e+00	-1.637003178502923317e+00	-5.242782147742537369e-01	4.343973830914040768e+00
2.072928361288066679e-01	1.231323965841222057e+00	-1.993817928190125377e+00	-1.203450742631552384e+00	-9.401022872027008370e-01	5.141192095441343035e+00
5.623870643166097860e-01	7.582342918774223062e-01	-3.604268887431273605e+00	-1.641240750158580175e+00	-5.710839288018105808e-01	4.815325255350074940e+00
2.609478798865884630e-01	1.760757635371536622e+00	-1.270139304474479314e+00	-1.395499290686311067e+00	-1.053420625129538823e+00	4.626797248603707224e+00
3.641118096655520109e-01	1.347429586522054468e+00	-2.022883042623999206e+00	-1.450024998085634564e+00	-2.193191307564168469e-01	6.006191520311658927e+00
3.110075083543715202e-01	1.392867444931396026e+00	-3.123086374521954589e+00	-1.516732382395419965e+00	5.212803732062938344e-01	5.258888218204820220e+00
2.285370700005132094e-01	1.488002779814746601e+00	-3.378803678702368529e+00	-1.792613297029195252e+00	-1.348958208517828439e+00	4.953439303765424739e+00
2.776314058818131203e-01	1.712234984053406572e+00	-3.367352600991108780e+00	-1.688631309159811300e+00	-5.556626192208357073e-01	5.186388131214187958e+00
3.242869375526612474e-01	1.033506155049696229e+00	-3.643217899895288880e+00	-1.421595578954660155e+00	-8.131540147351333792e-01	5.761296262271265789e+00
3.456048880955307490e-01	9.625343687556402461e-01	-2.012647415785616456e+00	-1.379762962403963344e+00	-6.961293538530006764e-01	6.593951852147982073e+00
2.642246822475806667e-01	9.891839047289643361e-01	-2.724215932808869312e+00	-1.463349395324812452e+00	-8.880340718802348654e-01	5.191080233984768810e+00
4.315368094883648142e-01	7.138639000298605541e-01	-4.346888247555016349e+00	-1.381088206946491814e+00	-1.121557645935745140e-01	6.047626705540054992e+00
3.035355042575728080e-01	9.495728032680602615e-01	-2.169137937454001186e+00	-1.527054193389581149e+00	-6.617587113596298254e-01	4.564566692494121725e+00
2.878619221839011089e-01	8.784473154379963677e-01	-1.673800286836454099e+00	-1.630614010069940667e+00	-1.088326568657854043e+00	4.705701841337408098e+00
2.853909913683523314e-01	1.323006397844803894e+00	-4.490147506701569036e+00	-1.491226682793905800e+00	-4.436403147888851595e-01	6.418571333385724387e+00
3.637982945269599977e-01	9.801676059953665643e-01	-3.183653039855821820e+00	-1.781380659304610425e+00	-5.328636950869002353e-01	5.726531593008616916e+00
4.479290553605398961e-01	8.317744492766677711e-01	-3.256274873707102557e+00	-1.564393645607168981e+00	-5.410253996885323602e-01	4.810428487253489926e+00
3.934991413599183696e-01	1.312454046387454110e+00	-5.174979813441442644e-01	-1.693169147348945858e+00	9.640674799612614088e-02	5.689679984556833325e+00
5.343233371167812606e-01	1.343371208199261035e+00	-2.729676557090883637e+00	-1.553685167837383085e+00	6.383032932959414874e-02	5.502399447065868365e+00
3.810253605571667368e-01	1.712165730734015900e+00	-3.147172731192584116e+00	-1.645260587362159299e+00	-8.801058111084003599e-01	5.222454853486557802e+00
3.272989312918334059e-01	5.757297234746646675e-01	-3.857865195363671340e+00	-1.738764861344884283e+00	-3.417394081098355518e-01	4.275653931400958285e+00
4.675247276935253771e-01	1.006942629481413887e+00	-2.612719154233359209e+00	-1.385291097402422622e+00	-6.155495418866123725e-01	4.844564182597384416e+00
3.530840902357007538e-01	8.453490859244042754e-01	-3.855118991440977361e+00	-1.681972063308278864e+00	-1.329021226266967337e-01	3.357633209929299589e+00
4.186967168528302197e-01	7.286608648928669663e-01	-2.170103007637248727e+00	-1.626007393025218795e+00	3.980313029874418818e-01	4.951741182394664875e+00
4.811601873697534670e-01	9.939146992439636952e-01	-3.598664610866582070e+00	-1.492990164417969501e+00	-2.018056193110401575e-01	6.716562261122098754e+00
3.553174884772368203e-01	1.008300734550993560e+00	-3.173531968396215319e+00	-1.488669322864187849e+00	4.350045894333872676e-01	4.628761036167460041e+00
2.210605547376623958e-01	1.184974618899080179e+00	-3.624832185240945304e+00	-1.388152851959199019e+00	1.609540077687687809e-01	4.211825530870964229e+00
3.771987804510809617e-01	1.181194774926760616e+00	-2.873220489185682069e+00	-1.813075665854359864e+00	7.220731702189758794e-01	4.273612911493820832e+00
4.163563800848311680e-01	1.345846323340975426e+00	-2.136099760172401663e+00	-1.515296045698963701e+00	1.679601129927710268e-01	4.338547769528805276e+00
1.269948554638880567e-01	9.736433522051122225e-01	-1.520226519750172756e+00	-1.371580998789437622e+00	-1.482089851467532637e-01	4.329094671570825170e+00
5.394044927927805766e-01	1.158754762650199277e+00	-3.637521619707019038e+00	-1.703747436083283162e+00	3.109142294486089697e-01	4.858432923839289153e+00
5.706767195560747963e-01	3.329046305209361067e-01	-2.247028728154946364e+00	-1.406002736013955978e+00	5.482193519375314072e-02	3.964843541695139084e+00
3.269174323749799438e-01	7.019276294107774650e-01	-4.422978879446237244e+00	-1.472653244609885892e+00	-1.850367836709060076e-01	5.768353237250008370e+00
4.200834794017172524e-01	8.645016127739874046e-01	-2.414962553730837236e+00	-1.565710776256668213e+00	1.851407322179990933e-01	4.259764296945347084e+00
2.881205639225487003e-01	9.432698625634547973e-01	-5.039447466078295079e+00	-1.867548149842330085e+00	-1.279580165787423396e-01	4.111863391027281267e+00
2.838082061147275126e-01	3.819503156184920201e-01	-3.801944148995073380e+00	-1.640887918856006378e+00	5.530381596821247470e-02	4.303218803822138838e+00
2.829186174029953982e-01	6.705524327454990274e-01	-4.450596413726755074e+00	-1.484457966465524636e+00	3.437163294004466074e-01	4.886493920665617274e+00
2.453061341140669593e-01	8.220371619677472319e-01	-4.109566358135710473e+00	-1.705819557126565744e+00	-1.020841909684631066e+00	5.267506684755434598e+00
3.616909837122364579e-01	6.332861625544944362e-01	-3.491337602972295784e+00	-1.221368235392645607e+00	7.857325793988963192e-02	4.127528115537714370e+00
6.309855689773508081e-01	5.403425030836679355e-01	-2.925443697456545422e+00	-1.298955961684833849e+00	3.604408886492533881e-01	4.945285366521144255e+00
2.863446659538479988e-01	9.854133554183370780e-01	-2.181428414321365583e+00	-1.528853081667786329e+00	1.721487239999499874e-01	4.314287870780063372e+00
4.002562234779021844e-01	5.857728305082515741e-01	-1.373048129873411849e+00	-1.463867088171691533e+00	7.237020056185203831e-01	4.170932110916923286e+00
3.631586193805959040e-01	9.860034013560075028e-01	-4.359268110273294639e+00	-1.315174362651723383e+00	2.956389740283730250e-01	4.610098701198138471e+00
4.427782443959306646e-01	5.486404991067970194e-01	-3.122210335186694774e+00	-1.762440517302310550e+00	7.058488441759338539e-01	5.194912928658409257e+00
5.036338373782264233e-01	7.046057878184009970e-01	-2.837750068156053462e+00	-1.669597771411411635e+00	3.763156492590215008e-01	4.698974318089508273e+00
5.337059301312639947e-01	8.631692667089357895e-01	-3.602907655814268306e+00	-1.436813138469909434e+00	6.818869800135587411e-01	5.209926148811574897e+00
5.023875979084018173e-01	6.286344622606487853e-01	-2.492890150373335167e+00	-1.338568917856687523e+00	7.158564572650851776e-01	4.117352305697663084e+00
4.566434588123705063e-01	7.864047952268037323e-01	-3.048327407117708887e+00	-1.558791831932440530e+00	7.223020178100152400e-01	4.389324601550865346e+00
3.698960393144528624e-01	-8.616058133568338384e-02	-1.570571932093034473e+00	-1.320441325608567418e+00	2.923235044715678521e-01	5.324268964916717195e+00
4.111127241841792679e-01	7.341804404386297334e-01	-3.474929500857773412e+00	-1.480328261388104583e+00	4.005401081357806703e-02	4.488248805942598452e+00
4.116500816988609701e-01	2.412716040641353921e-01	-2.081068230236343020e+00	-1.609432729225159120e+00	7.026268870232896813e-01	5.404231808260720804e+00
4.681618172592253990e-01	1.078989210465104431e+00	-3.900805233559243135e+00	-1.537740996721980169e+00	-2.318034147875991380e-01	4.344086535915623770e+00
3.181272271318813516e-01	8.145345698447975513e-02	-3.397456503685457818e+00	-1.420361625457106758e+00	1.206896181603456242e-01	3.741930506946137491e+00
3.764920527383600612e-01	5.533449949882427443e-01	-3.791440698671035836e+00	-1.730307566565451260e+00	6.977798500172092133e-01	4.753294135698144629e+00
6.292185761773210206e-01	7.406891939858876173e-01	-4.835784593699136380e+00	-1.543181991079053850e+00	3.203085334955245167e-01	4.945506989988376567e+00
5.886238481593604188e-01	3.781903652908670255e-01	-3.776659740297587664e+00	-1.397272238455866455e+00	3.586455246658343254e-01	4.060076550383378446e+00
5.225433470119933421e-01	3.925580853389736280e-01	-4.135213376903993598e+00	-1.420228455129706635e+00	1.511864291169929264e-01	3.573986476848248106e+00
5.514435111999225203e-01	6.411523512829608862e-01	-3.896692649670379538e+00	-1.422585865168095820e+00	2.592046254448197029e-01	4.755348926566082213e+00
4.620004105331197986e-01	1.215932801338432290e+00	-3.151676676678574207e+00	-1.602030588149209622e+00	2.690365957164194688e-01	5.443897701308736181e+00
5.707812264215302855e-01	4.844746135064984527e-01	-3.754951723023601140e+00	-1.564674341316783623e+00	5.610136208308981187e-01	4.530093441538591392e+00
5.478388805988858579e-01	4.656176535242491088e-01	-5.053729412072673455e+00	-1.818662253744771862e+00	1.063597738819207938e+00	4.850814952739922248e+00
6.781965148338844340e-01	5.838335555014185774e-01	-4.512898413583761759e+00	-1.640448316890553038e+00	4.487744683885414587e-01	5.082474571536339525e+00
4.524511929341279992e-01	3.671263340509520745e-01	-3.276486561255845587e+00	-1.372350914917952025e+00	1.388034445854320897e-01	4.088287371777877155e+00
3.104571986104386339e-01	1.732040611981301992e-01	-3.793615076822710375e+00	-1.714304529401183830e+00	4.697555310192237932e-01	3.218382197249557208e+00
4.180117048416169268e-01	3.820718758491546962e-01	-5.946495336913240948e+00	-1.553146278850943363e+00	8.218705342721051021e-01	3.825422611447472310e+00
3.884519068223410976e-01	5.817814425579292958e-01	-4.460129758897328323e+00	-1.613028420185538492e+00	1.122347928953872698e+00	2.199719692288312434e+00
3.624596053650918082e-01	2.728689755477238799e-01	-5.478030353552541420e+00	-1.560747700273752203e+00	1.155215627854304428e+00	3.631923217817832672e+00
5.448038969622435168e-01	6.271692091004889003e-01	-4.500995770479204516e+00	-1.879293471836984253e+00	3.986870672329760890e-01	4.761996479698016316e+00
4.781718218104914486e-01	6.611823729297436336e-02	-3.572516255577418143e+00	-1.628794596498918779e+00	1.273080774208745325e+00	3.900894722609183241e+00
3.388548148120878456e-01	1.997439620147269945e-01	-5.706559885213369654e+00	-1.113874708906367861e+00	1.003541902531179364e+00	5.187951546726855767e+00
6.545176686634587293e-01	1.865311532483530099e-01	-4.690476472877161740e+00	-1.188747541687800169e+00	6.251350680975159557e-01	2.790027516989433298e+00
5.123902575864274223e-01	2.305109705679702636e-01	-4.175256438837897655e+00	-1.513036369395037939e+00	6.019874980098965933e-01	3.005273306925475563e+00
5.275329450773591500e-01	-2.921384993830661303e-01	-3.352293622219734814e+00	-1.195535700525672596e+00	4.676347192885187409e-01	3.712363905942084763e+00
5.785146210849436699e-01	-3.004520723039287300e-01	-5.028878965078437346e+00	-1.342819627133176041e+00	7.718153540262573387e-01	3.951690491383571313e+00
4.807794707932306344e-01	3.035455565528731858e-01	-3.459015128085942692e+00	-1.660607475180100767e+00	9.330714276994582779e-01	3.479236009996999446e+00
4.228257589507592451e-01	-9.884864879394343606e-02	-5.801676138817807526e+00	-1.646130823384381880e+00	1.465910700933459765e+00	4.961505694327079219e+00
5.715473043110244067e-01	-3.227483304515625373e-01	-5.099799169029966883e+00	-1.501901405666949962e+00	9.999331602228810345e-01	5.152238207548926141e+00
6.004137334920549574e-01	3.744375279846551829e-01	-5.317520169238250993e+00	-1.553835306376460501e+00	1.055789046078914994e+00	4.843681054889974469e+00
6.274079978489666143e-01	4.776942985778016154e-02	-4.584458321125974400e+00	-1.487879110635403013e+00	8.309071764193516341e-01	3.221300409941241671e+00
4.527810097381863574e-01	-2.171803230833728171e-01	-5.285253301283349359e+00	-1.513688865193602684e+00	9.986760620362469254e-01	3.495947699457242486e+00
5.414192471447794031e-01	-2.126337487783699909e-01	-4.953182565747905386e+00	-1.544668892696998697e+00	1.371431446463750703e+00	4.745582326703267739e+00
3.590096205949711572e-01	-2.587030198091966327e-01	-6.270428615256612659e+00	-1.236872038290542264e+00	9.640861817183432603e-01	4.831166666446677915e+00
4.999429401658151972e-01	5.040775400016601904e-02	-4.519166126794257110e+00	-1.413905139400563948e+00	1.009098084673439200e+00	4.112711104735511825e+00
5.247625145396678237e-01	8.759796533862287959e-03	-4.879058893630668692e+00	-1.595604017222820747e+00	5.425134328526668437e-01	4.367662898713295938e+00
5.364811968037621615e-01	-3.643991486713297201e-01	-3.280011279059946716e+00	-1.439208223647653551e+00	7.956996230721948837e-01	4.643181456115547334e+00
5.980183375063059525e-01	-7.003725620943208885e-02	-3.529756728743255856e+00	-1.696067303182814845e+00	9.862231239228022028e-01	4.384894329250544232e+00
7.923643214325102324e-01	-1.166662294804693828e-01	-6.394087965210664137e+00	-1.357778119795681970e+00	9.602603142416370474e-01	4.436710598511846015e+00
4.459012155534399224e-01	1.114204466871315802e-01	-5.317640700101847528e+00	-1.588119151267588069e+00	1.290014968221735003e+00	3.144495657608159966e+00
6.263313525351451583e-01	-1.677652010764411339e-01	-3.806369247719471716e+00	-1.546662486371970902e+00	1.532143680596492086e+00	4.456379940821437735e+00
5.954749969775039453e-01	-4.410899970075045085e-01	-5.703918074463618204e+00	-1.009405866553346520e+00	1.257599102590372997e+00	5.381796426912060838e+00
4.296569848946512615e-01	-2.392568047950259236e-01	-4.590419997052848977e+00	-1.551173560511689420e+00	1.003441457737970888e+00	2.770977490525906806e+00
5.951704772715851188e-01	-9.733388288396685462e-02	-5.041926072333104081e+00	-1.484470250647398348e+00	1.367235528010626311e+00	3.638352489928863953e+00
4.501826351205254206e-01	-1.977788677505314119e-01	-6.922315988518919383e+00	-1.487556779393390372e+00	1.459386225137497384e+00	3.473311492696178782e+00
6.032555837722106684e-01	2.374292972918379263e-02	-5.111018151502592310e+00	-1.006192214260921425e+00	1.096916536991127789e+00	4.541731657834286118e+00
4.732450083829925491e-01	9.099694456358614625e-02	-3.331184929819587470e+00	-1.330425708896872061e+00	1.082395941070616763e+00	3.918381310535526296e+00
5.029202865899041752e-01	-2.297645252348723688e-01	-5.697265446325022076e+00	-1.350950053159515107e+00	1.426457307386826745e+00	4.455451624240461150e+00
3.786898003568119897e-01	-3.641427536180064650e-01	-6.402442525314476995e+00	-1.486357969533738554e+00	1.502962551489684717e+00	4.207115174034441019e+00
5.312070478474058000e-01	-9.580262260961081022e-01	-3.790227728113663375e+00	-1.192953675197227614e+00	1.388728102007054988e+00	4.419839555375592255e+00
4.886052706141473245e-01	-8.396244908536605323e-01	-5.261937829630865870e+00	-1.665619166889952485e+00	7.652148262940762224e-01	5.028899612610601366e+00
5.313490045030251352e-01	-3.572283861923461479e-01	-3.453446882054051592e+00	-1.410872339284030552e+00	1.238329356588270258e+00	3.956112494970970950e+00
6.553785513931364992e-01	-3.123739441267597283e-01	-4.357274764747832485e+00	-1.366881053801238366e+00	8.040256776456067289e-01	4.073776375374660752e+00
4.339795393144226798e-01	-2.680273326034708914e-01	-4.365676626417205775e+00	-1.477187142355715244e+00	1.743711909558261608e+00	4.508393706555614777e+00
4.342253737571518113e-01	-7.675062336401590191e-01	-5.591720667451633986e+00	-1.484437846506728942e+00	1.026901138728933516e+00	5.043397466374149651e+00
7.238397989010486588e-01	-7.875012683407844882e-03	-5.841326826610663048e+00	-1.320935532397462309e+00	7.977130184318681483e-01	3.004052806682311338e+00
5.341970572664191952e-01	-4.990414610261008077e-01	-6.081770820503516362e+00	-1.098138458526836114e+00	9.248179338346484979e-01	5.279519462635096083e+00
5.201145971804468360e-01	-1.010016660060226279e+00	-6.930444036350753123e+00	-1.125774454735239294e+00	1.360719756619349408e+00	5.471276939166427766e+00
4.155633360398814924e-01	-4.676844462773196431e-01	-4.907290995753186280e+00	-1.384216612585585926e+00	1.192480582418339541e+00	5.830615924630381031e+00
4.859303213863696014e-01	-1.381648738386207942e+00	-3.985591319468765992e+00	-1.247305942021299519e+00	2.300429726079987525e+00	6.080925101809912192e+00
6.148451573624860167e-01	-1.022719812447260068e+00	-4.136537072791879766e+00	-1.307754791127806238e+00	5.589587823014228185e-01	5.157480729330308655e+00
4.445514165433898102e-01	-8.845904357385132588e-01	-6.249313011765362802e+00	-1.412752093567268385e+00	8.745475001122882119e-01	4.496811320143891955e+00
3.966518375960539911e-01	-5.808188774383481467e-01	-5.438415480586434647e+00	-1.565259741914434066e+00	1.044134885339065955e+00	5.257217168722800871e+00
3.431659880218388969e-01	-3.731526880468505336e-02	-6.334208355461704798e+00	-1.306861303002713193e+00	2.394866277876995131e+00	3.184124168558216894e+00
3.486984544839686895e-01	-9.351064713774561721e-01	-4.386050408475031581e+00	-9.945999088824800660e-01	1.311460925826662738e+00	4.018050899568958556e+00
5.447092948874542317e-01	-8.598539529857873731e-01	-6.195798750247091036e+00	-1.517636348548019987e+00	1.435512178049628496e+00	5.191118106221717099e+00
6.505691534178426050e-01	-2.984196171737957259e-01	-5.536494500252492124e+00	-1.011047674946510266e+00	1.485863696946750023e+00	5.368619805297119463e+00
4.181218666841174936e-01	-7.732107052935220937e-01	-5.421172760592083861e+00	-1.008913904197723310e+00	1.407555693472772429e+00	5.230735450758631444e+00
5.858502554283895325e-01	-7.828055054816556169e-01	-5.601913579684223876e+00	-1.031716166921447853e+00	1.067628566049139804e+00	5.383394982865223000e+00
2.679457592269434141e-01	-8.625132327786755315e-01	-4.392635564826436578e+00	-1.317779529860889198e+00	1.293056024653067793e+00	4.247946606021592686e+00
3.566810397925983533e-01	-7.578521821941649472e-01	-3.991771615776844584e+00	-1.176224611186452718e+00	1.590134813383327961e+00	5.690725192343615291e+00
5.983044376872225234e-01	-1.439434119413928403e+00	-7.029698160470583268e+00	-9.698480596417534683e-01	1.978417995765799242e+00	5.986139792280856575e+00
4.599694734116190897e-01	-1.174657252102026428e+00	-5.042105442971079654e+00	-1.339103484926218668e+00	2.230309913611410177e+00	5.190550572140320895e+00
2.824156767189939243e-01	-8.980550660231793048e-01	-5.955657819688115140e+00	-1.072119948039177428e+00	1.599408629850940899e+00	4.429927725278302475e+00
4.286397902063674437e-01	-6.871544828610653965e-01	-5.839485579290646378e+00	-1.258143195513963253e+00	2.281341493873910498e+00	4.941703946764909539e+00
3.606809003231695732e-01	-1.027118215958619185e+00	-5.937656836554221051e+00	-1.065364597301240446e+00	1.777722786341239702e+00	5.933692706926237292e+00
5.229752082480122466e-01	-1.316987170382764694e+00	-6.686387259489588786e+00	-1.190048073709048193e+00	1.823166258743298851e+00	4.722796584567639400e+00
3.165781548565939629e-01	-1.507220737200415162e+00	-5.181447359377384210e+00	-1.103262241171305780e+00	1.578449071287674643e+00	5.750601004284487949e+00
4.521798185368200995e-01	-3.020946507536528269e-01	-5.303550648939296508e+00	-9.723917323612476515e-01	1.569711530412961853e+00	5.231246552383669091e+00
3.836205448191771228e-01	-9.461132094774713508e-01	-4.954024776419799991e+00	-9.819223275646729032e-01	2.085274919222608325e+00	4.052863625141807091e+00
3.772592895611223685e-01	-1.472811359898271499e+00	-5.560349413296600929e+00	-8.383687792989458210e-01	1.988686889421313220e+00	4.767042268566196839e+00
3.477257570802764763e-01	-1.878401538676632399e+00	-6.633752810335524330e+00	-8.968632889233220107e-01	2.020246730132294832e+00	4.568800022100677261e+00
3.903646760225212842e-01	-1.265987382562705044e+00	-5.294615346175882031e+00	-7.475826805828482691e-01	1.659277916962867749e+00	4.562847664280006654e+00
3.910594710213780578e-01	-1.955636014284179325e+00	-4.709381149193543337e+00	-1.075879677150244573e+00	1.718018595728534992e+00	6.230858038656878151e+00
4.598832657747115027e-01	-1.051767501143461292e+00	-4.954850161596402458e+00	-1.272582203319069016e+00	1.643770296678693121e+00	5.280741423468186646e+00
3.685092918079903579e-01	-7.648134733348110892e-01	-5.246554759725563954e+00	-9.796290342749394142e-01	2.166173704796379607e+00	5.546193692316760071e+00
2.181299495777434538e-01	-1.235563855409553158e+00	-7.651570489031577438e+00	-1.058819320248086226e+00	2.560188380502848915e+00	5.490244214618027030e+00
1.469637606157414289e-01	-1.589923507997542229e+00	-7.056909210113814446e+00	-8.972348675241399452e-01	2.257671865505685105e+00	4.677115676988798043e+00
3.584431128550383261e-01	-1.088550236620513534e+00	-5.309328593616883474e+00	-1.030789693250849570e+00	2.437424920908313641e+00	6.613877362559541950e+00
4.786796735225711807e-01	-1.435458510375463792e+00	-4.757539558811451741e+00	-8.916712622446211212e-01	2.584216539896352138e+00	6.218236984279709390e+00
3.494533793732945703e-01	-1.741066012439272059e+00	-5.715532608241830737e+00	-1.417663070281438342e+00	3.001028281993320057e+00	6.385177710430996356e+00
3.946680685054178017e-01	-1.061655642542379319e+00	-7.341221864111485473e+00	-8.333453581249105069e-01	2.559396723788803563e+00	6.506418929596994971e+00
5.925950918139057944e-01	-1.359457686708492208e+00	-3.772575284938363360e+00	-9.341522152012610158e-01	2.586977376799860284e+00	6.124052181738102618e+00
2.415245323266388411e-01	-1.427761567403979859e+00	-6.527762210175692026e+00	-9.219826090844657207e-01	2.690271018321198859e+00	6.017846044956315588e+00
3.075957079748884992e-01	-1.562719686939562314e+00	-6.667051807169951161e+00	-1.147489532778135590e+00	2.451819638734070050e+00	5.972635155905011040e+00
3.010902111355531208e-01	-1.945292832629109681e+00	-5.676937815652997266e+00	-4.542127196352668261e-01	2.655721627421022468e+00	5.072524403024000428e+00
3.155742172802716294e-01	-2.105472826622529769e+00	-4.168765817995698342e+00	-9.270110377634513954e-01	2.675545109662666121e+00	5.002274000134002030e+00
2.107199204877430176e-01	-1.849764483445305752e+00	-7.106700999828770904e+00	-9.625351858297496177e-01	2.716429802469880528e+00	6.902468188678461125e+00
2.889100092499684025e-01	-1.501643850683272996e+00	-6.336946099409559885e+00	-8.188750223837729658e-01	2.616160462612873161e+00	7.280350095261462151e+00
2.924013589202532626e-01	-1.988109021323129832e+00	-5.841269537500740405e+00	-4.440002164012641361e-01	2.835724067058757569e+00	5.379088362078007890e+00
3.232187698271714038e-01	-1.645724444012017340e+00	-6.838834914436731083e+00	-9.760423422903885537e-01	2.835845075418318206e+00	7.160540172026242267e+00
3.103380239530805218e-01	-1.377286474115559045e+00	-5.248747701131293297e+00	-8.380678530105064583e-01	2.545100638341693422e+00	6.308658936849147025e+00
2.211662506579941401e-01	-2.392181922701099861e+00	-5.158316055788958465e+00	-8.631861424347131440e-01	2.601802562883627878e+00	5.239485370630729832e+00
8.265690289692602388e-02	-1.815433670083974604e+00	-5.593592745219983620e+00	-7.380410506835939355e-01	2.356051531491676787e+00	6.928298810431240184e+00
3.293759542612451074e-01	-1.915400540366737570e+00	-6.766705513213747913e+00	-7.460772197300177266e-01	2.932705762897356294e+00	7.036287683356192701e+00
1.506791213843671484e-01	-1.986536877253602507e+00	-6.040565210381863004e+00	-6.630825235905077886e-01	2.980698163332107242e+00	6.868354815597393248e+00
3.012417346029439558e-01	-2.014744903924882813e+00	-7.282079165817364697e+00	-9.027504203928951032e-01	2.762726055095930722e+00	6.721518783059239333e+00
4.999655066768764200e-02	-1.644450672791038848e+00	-4.459971685305535338e+00	-4.965752073919787457e-01	2.777884367653675746e+00	6.935257505245095544e+00
6.036211178037698133e-02	-2.096766744124021642e+00	-6.358311572310601179e+00	-7.161101691000284486e-01	2.295937117937331795e+00	7.004105815393646850e+00
-5.870837241776211135e-02	-1.844748032675920690e+00	-5.125151291744713511e+00	-6.055349141446303429e-01	2.876024517319855534e+00	5.890401870407489859e+00
-2.949457382152197160e-02	-2.072090559894947059e+00	-6.905131147754647536e+00	-5.811009941623933583e-01	3.219769821992627179e+00	7.146471583976976127e+00
3.271791400890440571e-02	-1.645425799587331372e+00	-5.586386983608162993e+00	-7.138178430029905597e-01	2.690054671883009618e+00	6.774565776907941483e+00
2.282233447761266021e-01	-2.205344316976613150e+00	-5.742692103084078958e+00	-5.833348208864153062e-01	2.746914098625738987e+00	6.193591929541186758e+00
1.652063469897249726e-01	-2.476754042746507345e+00	-6.822032301056270676e+00	-6.578772718550823795e-01	3.145421777942094987e+00	6.816425310827584738e+00
9.949743526084256495e-02	-2.396802982956999006e+00	-4.953053603703043706e+00	-5.316146964665373620e-01	3.720626114571063514e+00	7.065252594385567519e+00
1.659694839320319248e-01	-1.824507367071637409e+00	-4.100272540374898966e+00	-7.782157113046632713e-01	2.931071982579310564e+00	7.019123790801859997e+00
1.014263189369087881e-01	-2.337727351312507640e+00	-5.426303170792465380e+00	-4.843361456379481345e-01	3.387359581662623853e+00	6.192588053389092906e+00
9.510106586228142533e-02	-2.196236533236073818e+00	-5.264409495354335000e+00	-6.420133193200776578e-01	2.976709211059931803e+00	7.303106539793247975e+00
-9.792544694855076504e-03	-1.710336933362301082e+00	-2.566586512856498192e+00	-5.024723480234871698e-01	3.378599581286906517e+00	5.442210665279359816e+00
1.905221896192283437e-01	-2.392454564371553793e+00	-3.098760429922686299e+00	-3.835498421007688674e-01	3.445377623318373939e+00	5.659380827361223609e+00
3.020448333043609240e-02	-2.508157696857453267e+00	-4.032666760280566365e+00	-3.606873317018304270e-01	3.432443053254870424e+00	5.168101957602864616e+00
-9.957839700832743501e-02	-2.845149380512420834e+00	-6.389395790747207649e+00	-2.843861997248048334e-01	3.414447878737627562e+00	5.943654883465948835e+00
1.288487073553454265e-01	-2.483503939596652721e+00	-4.580125881940189103e+00	-6.990453166686683151e-01	3.406499179974721070e+00	6.912882638450998485e+00
-2.429317598425835556e-02	-1.962153194646086174e+00	-2.549071426396421813e+00	-5.414548197246797923e-01	3.495271748356484132e+00	5.559841838423831284e+00
4.473759674030354516e-02	-2.010779747732371447e+00	-4.297230635553813904e+00	-4.148461935704387815e-01	3.595187406962099264e+00	4.625490033400843970e+00
5.112011002414004052e-02	-2.519697916183763819e+00	-3.049351746229644888e+00	-3.147679516070974182e-01	3.828682087021067382e+00	5.748966636848051870e+00
3.715955850564431340e-03	-2.503399363778128439e+00	-3.221593893783881501e+00	-7.611726994001095647e-01	2.686010326313837293e+00	4.243111511351422394e+00
-1.413578745218535548e-01	-2.260812844943971722e+00	-2.196915531900110352e+00	-3.916101683663132382e-01	3.760013486870096955e+00	4.029881095450106088e+00
-7.205451199220488934e-03	-2.652098765864342678e+00	-8.923445301517873851e-01	-3.058935198635420738e-01	3.079953737197126173e+00	4.021359156227802600e+00
-1.069930226157093101e-01	-2.339857100908037779e+00	-1.827037324496979531e+00	-4.520994353297310697e-01	3.733344660784109870e+00	3.175763296714685158e+00
-3.677748811676491425e-02	-2.146197513676377344e+00	-2.425935342075332457e+00	-3.485881392194499218e-01	3.417487149940185098e+00	2.695953593710621821e+00
-7.356000947867524786e-02	-2.748205867853697804e+00	-1.855109438648878895e+00	-4.892162822609151807e-01	4.061641865606199886e+00	3.500104082118904003e+00
-2.257106360007092305e-01	-2.531763269566261076e+00	1.610010843570981010e+00	-4.037827159724216575e-02	2.935865905772452322e+00	2.989366241437821259e+00
-1.075463199108464413e-01	-2.514785593560951771e+00	-1.674076076705576011e+00	-3.195774731308717032e-01	4.509439371785859407e+00	2.461513664667526857e+00
-1.355131958137842374e-01	-2.316054251259191510e+00	2.236429917781875609e+00	-2.779656068034351279e-01	3.613919536271954946e+00	2.130811773346858118e+00
-1.633426763740150334e-01	-2.513436062416436467e+00	1.561904185144270762e+00	-3.665691184448754414e-01	3.988692941141954051e+00	1.482068761126605905e+00
-1.451415235002773418e-01	-2.977777443398033519e+00	6.335620438427829182e-01	-3.831109032542910908e-01	3.536114424297909231e+00	1.186948361818491726e-01
-1.585666627209340040e-01	-2.765261175849222930e+00	1.261449115616765093e+00	-1.795571544046863088e-01	3.233530002317124730e+00	1.318467829305846273e+00
-2.479206410964784058e-01	-2.725766765832923433e+00	2.017428056894717603e+00	-3.721667072154780653e-01	4.473779973725211079e+00	1.612861995201723353e+00
-3.018027703000721873e-01	-2.328017008254916309e+00	2.309495612887313420e+00	-5.065171605028979673e-01	3.700363621044941986e+00	-7.638589227633639789e-01
-1.999224611881187941e-01	-2.927171805050996056e+00	2.461765412475930948e+00	-2.796266986131729637e-01	2.894177327656991316e+00	-4.337798104648306063e-01
-4.141202176392375645e-01	-2.481919011828522592e+00	4.565394489839162517e+00	-2.435185703988048678e-01	3.622247923213017806e+00	-3.252540549211959675e-01
-2.142816118549793758e-01	-2.570808669588985573e+00	5.534747353845631324e+00	-1.700811231364154907e-01	3.561398575222993301e+00	-2.839705053273307911e+00
-3.812655487705731150e-01	-2.745666692888090399e+00	3.441618699827613703e+00	-1.392066570262912584e-01	4.288072703035016531e+00	-2.888018963308029541e+00
-3.327161277553425389e-01	-2.737226101627627806e+00	5.461659877394692941e+00	-7.369803319465823011e-03	3.807559061400097811e+00	-1.363838065079529649e+00
-3.000011452229942033e-01	-2.267789246820581361e+00	4.730349254040596030e+00	3.527188672785758206e-02	3.307544082174370459e+00	-2.476966075566789272e+00
-4.268198480071887513e-01	-2.330743895525003051e+00	6.032467753737790872e+00	-3.485112552777137052e-01	3.897394081399427002e+00	-1.576102225791736089e+00
-2.900809595928166562e-01	-2.677563271430401848e+00	5.909284869565139431e+00	-1.784530253730355620e-02	3.673707648045032581e+00	-2.004203204234528801e+00
-4.013890190290343440e-01	-2.537018840880357118e+00	5.808611010377251915e+00	-4.548692373204437506e-02	4.200168856113520199e+00	-1.756121571774033496e+00
-2.264603671751125036e-01	-1.880771984119860019e+00	6.203702909471207505e+00	-1.653540610431846469e-01	3.414359433401819022e+00	-3.581852218732493487e+00
-5.861212388398455708e-01	-2.120065292160588921e+00	7.299353689732445361e+00	4.913223033610501084e-02	3.438351628857620135e+00	-4.088772704629155541e+00
-5.601535175885248297e-01	-2.131687703531381484e+00	8.171027341090450591e+00	6.669034111277338805e-02	3.244124673479899190e+00	-3.629236607109052937e+00
-4.018475850086737355e-01	-2.014532209435560439e+00	6.407727573099124996e+00	1.212904077675744929e-01	3.863983227512859830e+00	-4.329331543807620086e+00
-3.289640203759903181e-01	-2.275910195148793225e+00	7.484063833338630012e+00	1.997866117196262781e-01	3.232686264359444284e+00	-4.975414155598163468e+00
-3.378216781052799100e-01	-1.960135662304111737e+00	8.241460123373748559e+00	-9.148302330393137671e-02	3.114983027718602138e+00	-4.788209587494073993e+00
-3.445573416274694267e-01	-1.463703718497494144e+00	6.955316365606801554e+00	-9.452834653886355021e-03	3.970602993935245628e+00	-4.761355069599273904e+00
-5.112766856832460238e-01	-1.590423276873090153e+00	7.318255899872399439e+00	1.198773096073092459e-01	2.867296440164609717e+00	-4.180635937778817812e+00
-4.054731709778611748e-01	-2.417465777471961008e+00	9.257451031904899708e+00	6.101463338344004228e-02	3.230222949704297353e+00	-5.405491524136178505e+00
-3.377378913758636303e-01	-1.440964015180574931e+00	7.329196870181805323e+00	1.804500285334081910e-01	3.253410425096311620e+00	-3.971468872050968546e+00
-2.735178212007190468e-01	-1.476804154808929903e+00	8.460534900152074655e+00	1.089226051168902532e-01	3.484109840050298779e+00	-5.028934155537626793e+00
-5.422721642845778067e-01	-1.356652744253253884e+00	1.001762434767559995e+01	-3.373161918678583282e-01	3.217336942426418656e+00	-3.700047518373017486e+00
-5.637072371936588944e-01	-1.929619872550703441e+00	8.567488204113280048e+00	1.108579616462106732e-01	3.515452031215608564e+00	-5.554953848768576563e+00
-3.964000721632932600e-01	-1.958273194716720456e+00	9.310849249173790199e+00	1.368788029495468794e-01	3.802347136466254440e+00	-5.558054371529279614e+00
-6.081158835086264425e-01	-1.755085654363643277e+00	7.911501543518426161e+00	2.209441263011102385e-01	2.644593561769695622e+00	-5.200746218858240510e+00
-6.357547071839169117e-01	-1.567416556055060806e+00	8.560187945667063758e+00	2.328877170819041442e-01	3.741560761989164874e+00	-5.283086000857741382e+00
-5.769813887960859589e-01	-1.485617968832109614e+00	9.182347259957339247e+00	7.434314142154901939e-02	3.537176249468908740e+00	-5.237480860464885701e+00
-7.116071935044733232e-01	-1.102221651646297929e+00	1.124561269851143486e+01	4.609720245093973379e-01	3.214305593066931976e+00	-6.317450779958101670e+00
-4.552465024867822785e-01	-1.665868246475647796e+00	9.750098561613507187e+00	3.036446016760436240e-01	3.047138353513387354e+00	-5.789908081172316479e+00
-4.991359027724271979e-01	-1.158102609801018312e+00	1.017908973344058055e+01	3.937594349781018410e-01	3.730504817498415893e+00	-5.144047602127338692e+00
-6.397841208370098620e-01	-1.507691759032029788e+00	7.321169302172323867e+00	3.119680847551912217e-01	2.905092693916654589e+00	-4.194145586035751272e+00
-4.021162450909369079e-01	-1.119023784135165123e+00	9.900667393331236354e+00	2.640973490746201802e-01	3.200403742337934343e+00	-3.973638372653198303e+00
-5.134813793058206066e-01	-1.441859092273962473e+00	9.607227300425453365e+00	5.670059054819125421e-01	2.793668115428208587e+00	-5.496986273396709421e+00
-4.543344302936348500e-01	-1.286652393682292672e+00	7.366845558580175535e+00	5.464744526101406041e-02	3.144550832897409443e+00	-5.224457763383830056e+00
-6.471386179999328858e-01	-1.684343791503747134e+00	1.048996634072139145e+01	2.208033887174037091e-01	2.996167535692461303e+00	-3.816602855101230318e+00
-7.815221229208950682e-01	-9.188299233977332836e-01	8.914242065259106340e+00	2.758972614880365604e-01	2.874366014701174699e+00	-5.203818646407060378e+00
-3.820986356473885515e-01	-1.714283432709121424e+00	8.804815056922230099e+00	6.015882927847876482e-01	3.537543854916855857e+00	-5.128740525301369146e+00
-5.829109531227706364e-01	-1.187869219986237068e+00	9.183603580471174865e+00	5.343881851981104880e-01	2.769668592283962560e+00	-5.059169465770160912e+00
-4.657305920401381139e-01	-1.559019945380375916e+00	8.845564871154103059e+00	3.387973645773235121e-01	2.548056065646734147e+00	-4.378096356955994750e+00
-6.472242753394383818e-01	-1.044511886861757111e+00	8.024774324101530354e+00	3.729887426433221576e-01	2.086715345230545804e+00	-4.792815525420371259e+00
-5.577217162639269699e-01	-1.432220366281531598e+00	1.009233990574771589e+01	5.395128654613637886e-01	2.630659251263515408e+00	-5.860741070475649295e+00
-6.337224257288510687e-01	-1.070742043906556695e+00	7.918388695387234222e+00	2.929200240033273950e-01	2.498983043036667517e+00	-5.937681135033598068e+00
-4.331403187828473667e-01	-5.488835908707001554e-01	1.050964449431755376e+01	7.106494521341472081e-02	3.851250838637595209e+00	-3.772725323967218714e+00
-6.582533651007310693e-01	-6.687939447545725447e-01	9.941342472425050758e+00	3.926617508020872616e-01	2.804958279824182998e+00	-4.617989398256074018e+00
-5.543078899038029750e-01	-4.162398448945893725e-01	1.087440406637406198e+01	4.933206646403341944e-01	2.916984549280001726e+00	-5.485006304084897089e+00
-5.391744141898147102e-01	-6.703588551696896269e-01	8.322094969276653487e+00	5.462102602571561327e-01	2.787132304090672363e+00	-6.666010202129012185e+00
-6.455179445728006504e-01	-3.742356302072432639e-01	1.047774054130104204e+01	8.087758148671368996e-01	2.297013629926966338e+00	-5.281696839977499280e+00
-6.569186829362388957e-01	-3.890321221537192953e-01	1.076285272540571292e+01	8.390131188452440991e-01	2.483253916320430577e+00	-3.750800565228930239e+00
-5.442552730410908923e-01	-4.962811685897199343e-01	8.922268797680789731e+00	6.651859317637727198e-01	2.686940271171547767e+00	-4.802251861326177540e+00
-6.699524812613919522e-01	-5.815311082566229084e-01	9.106547191056554524e+00	3.477095963576051219e-01	2.590663228159801434e+00	-4.543374226840584562e+00
-5.780891376990167085e-01	-5.742322656835807670e-02	9.781908622800861153e+00	1.125550800576790023e+00	2.845136371473137249e+00	-3.510669659017217281e+00
-7.250459261135384637e-01	-1.036933235487380145e+00	7.916406911705918148e+00	5.559576938378670841e-01	1.878830509355598810e+00	-3.235220238700251993e+00
-6.242107433612597012e-01	-1.989941507619741312e-02	1.009474018268683260e+01	5.066342170627006203e-01	2.467308540856558707e+00	-3.561746458628766820e+00
-8.223910556822748852e-01	-6.007386874875162430e-01	8.722239097167008737e+00	7.394752948839790063e-01	2.598304345117060876e+00	-2.475707222042220046e+00
-6.583973071761177742e-01	6.798400656606801151e-02	6.168875709959698916e+00	7.658967948846361340e-01	2.537932771742980709e+00	-3.675265877712595497e+00
-5.670428981112917155e-01	-1.789738498872532890e-01	8.079959416621582236e+00	6.865265375589324481e-01	2.375350338063190403e+00	-2.989869200314296371e+00
-6.778678652858749487e-01	3.966320831008063319e-03	6.890144623924793876e+00	7.399652218301638884e-01	2.270881351336512033e+00	-4.013806481204801990e+00
-4.808755731104565334e-01	-5.699746533051852637e-01	8.353405749561723326e+00	4.601146453469407982e-01	2.367986039114907904e+00	-2.867178373035115690e+00
-8.227661107299890642e-01	-4.550642485833631956e-01	9.437753501418201907e+00	8.197048454506443704e-01	2.300370308951010134e+00	-3.560936251274523290e+00
-6.832429348107946776e-01	-1.437957902429952139e-01	6.622822546427607371e+00	5.873185796161579653e-01	2.094677940385642145e+00	-3.584199456168236431e+00
-6.243652986181671416e-01	2.506082960036210561e-01	8.837916665561149188e+00	4.467568026613058518e-01	2.183767003420146402e+00	-3.209917349043602819e+00
-7.641162608918030674e-01	-6.243361623927520254e-01	7.723928632035350184e+00	7.817186419375287132e-01	2.504249990518742308e+00	-5.433435475551388727e+00
-7.094619614502726268e-01	4.721157082267778970e-01	8.928177028143116090e+00	7.074691904514990304e-01	2.330105630472082190e+00	-5.344182712365970644e+00
-7.059958159668391353e-01	1.015420582897640922e-01	9.453469037577830747e+00	7.914541471806689765e-01	1.899276208506611496e+00	-2.634020103789909584e+00
-7.076319665246079138e-01	1.140778659828203534e-01	1.007890961909269478e+01	8.252562406289620789e-01	1.726092345621759172e+00	-4.415013529846119056e+00
-6.849202637858869958e-01	-3.079056664903727647e-01	8.112452663462416780e+00	4.925586103441474961e-01	2.285606588396101202e+00	-2.603187424541124173e+00
-7.172948810125741037e-01	2.292609254584565270e-01	9.125913451988905578e+00	5.609329189828669016e-01	1.947875129633829250e+00	-5.135187312297238016e+00
-7.437542617175374460e-01	1.079294819747885215e-01	9.139091172272911123e+00	6.604721330595069162e-01	2.479088359399639341e+00	-3.051482840598958468e+00
-8.756293214057794261e-01	5.162727437124556840e-01	8.383126649622941073e+00	9.155555023455701491e-01	2.272077423243997973e+00	-3.216806565926447536e+00
-7.005993247419523007e-01	5.598683235676427117e-01	8.614914464843620223e+00	5.914206517460203205e-01	2.670096662424556122e+00	-6.103588790729368441e+00
-6.351219264179019941e-01	9.656699878281052585e-02	6.593036323475740090e+00	7.732649748902717945e-01	1.905734664168301062e+00	-4.549289949614204076e+00
-2.550478473240950783e-01	-2.055601441061486456e-01	8.957992227224760740e+00	8.951695374395149951e-01	1.665825941013907130e+00	-4.329680756874560998e+00
-6.504509111818790323e-01	4.247520904177918277e-01	6.680959397537643341e+00	8.945079318402942015e-01	1.542944975254995743e+00	-2.275618458318759973e+00
-5.688754037494468951e-01	5.208658861173750543e-01	6.910571835596479140e+00	1.011330321517371900e+00	1.311864053177971279e+00	-3.298627286688727178e+00
-6.953075295165261904e-01	1.044556794481792394e-01	7.242134898458857606e+00	8.305208881698745715e-01	2.272636389887160213e+00	-4.507361143887266941e+00
-4.545624329420014931e-01	4.779269587402499853e-01	7.470658081867703970e+00	9.408032685017855279e-01	2.069401976593704617e+00	-4.222009387062421126e+00
-7.087660016091842374e-01	3.076170613212309002e-01	8.045354312467175362e+00	1.079797296681358043e+00	1.634958942529521231e+00	-4.625055002020962647e+00
-6.089299044937386274e-01	1.601648549439345648e-01	8.603490070226918363e+00	9.130056396552020948e-01	1.948479451281275532e+00	-4.852022561547926216e+00
-5.443230121069118077e-01	6.307505509649791176e-01	7.276435028743398092e+00	7.852230705488696394e-01	1.756412587765644018e+00	-5.013719694146353767e+00
-4.808709158061545974e-01	8.933237491412342468e-01	8.205000156053255722e+00	1.058200351112252857e+00	2.593714905398192716e+00	-2.808293355266446856e+00
-5.251970954481112175e-01	8.754058881143146342e-01	7.955023336685009383e+00	4.829167371105188566e-01	2.235050869280385655e+00	-3.583133731623014739e+00
-7.361577935517219506e-01	4.078192932373734259e-01	7.827458513377704818e+00	1.004543713844734176e+00	1.952760736374939299e+00	-5.241774353523720009e+00
-4.971437772490175377e-01	1.080847941847572935e+00	7.334408795525781066e+00	8.544766828702484718e-01	1.189602292811809292e+00	-3.326213082952011124e+00
-4.391832983961104775e-01	5.922164347473224399e-01	7.619063404218266555e+00	8.043607247452166931e-01	1.286410021191102260e+00	-3.358834069457564908e+00
-6.923710143219428126e-01	7.610970825834855180e-01	6.626789282124504687e+00	1.070410171409970079e+00	1.560539195574773386e+00	-5.834371034621418595e+00
-6.316304115021211807e-01	1.094639862279488618e+00	6.252139896863907254e+00	8.400373096450283184e-01	1.858009950891997386e+00	-4.123052279218689442e+00
-7.926230649749883561e-01	4.958739136775506262e-01	7.261033948410518413e+00	8.670024783832411819e-01	2.152101868500489790e+00	-4.134704039587889568e+00
-5.863038627152210580e-01	3.400792783861047441e-01	5.585047887549949408e+00	8.273351276455143122e-01	1.966307775033016458e+00	-4.850077091068861534e+00
-5.657898683792037531e-01	8.810736591072415580e-01	8.773853071751284816e+00	9.342989513320723027e-01	2.445807130558906639e+00	-5.114634454210968073e+00
-6.833420083867265404e-01	8.220560233352325330e-01	4.241332963071769768e+00	9.462356418349414655e-01	8.680455954603807367e-01	-4.780936513500246399e+00
-4.306782760813452349e-01	1.024833863721194671e+00	6.461080511356430911e+00	1.153299405465890048e+00	2.411260111054911448e+00	-4.912339224728436093e+00
-5.693866904471580614e-01	7.827914531380772978e-01	5.142806726575035015e+00	7.707717786057131093e-01	1.894400959811391116e+00	-3.815120685594608929e+00
-7.625712985796306853e-01	1.415341403015302646e+00	5.873717362404477171e+00	1.129295338177336738e+00	1.573610235524347534e+00	-3.898838699008060793e+00
-6.998352455475724820e-01	7.169136065208816522e-01	5.051759963039654799e+00	8.872564700449997455e-01	1.589632322322915403e+00	-5.825088408625135550e+00
-5.699900274530376176e-01	1.100108228480825900e+00	8.147457924839045518e+00	9.833107656821343801e-01	2.097772765851062537e+00	-4.346759008899095278e+00
-4.509726688156043273e-01	1.504058588512195538e+00	7.759396068420334913e+00	7.441413468014201893e-01	1.977907033904647172e+00	-4.918549706046171366e+00
-4.288154228697904635e-01	1.365919951256783671e+00	5.772015611611869268e+00	8.493828830648653128e-01	1.893751852102148803e+00	-3.972267394025968290e+00
-5.815737122064899012e-01	1.501135598827365802e+00	6.549782047905017279e+00	8.885475028212390658e-01	1.639021320849982200e+00	-5.889535758941008226e+00
-7.852855145426453909e-01	9.957693114457182304e-01	6.847646211859022891e+00	1.055775849046974413e+00	1.334451010909773139e+00	-4.789647266039462892e+00
-4.853499157050156776e-01	1.765725266401928728e+00	5.697552094293938829e+00	9.176001213493097941e-01	1.973987736340141907e+00	-5.894077195502250177e+00
-4.624553307062616581e-01	1.413707892531141264e+00	5.671186151833813582e+00	1.259623003306580280e+00	1.430214680261519433e+00	-5.916762648913786116e+00
-7.217684238745742942e-01	1.349833434445692371e+00	5.852958514742568674e+00	1.538509098633644490e+00	5.663624280062257155e-01	-6.159587050368349637e+00
-6.470987687879989902e-01	1.543889356877939711e+00	6.029225554416764332e+00	1.146624929740557297e+00	1.158178639840521829e+00	-4.617348891306221503e+00
-5.886276705633731732e-01	1.923872755754119535e+00	5.833505196684049210e+00	8.444740952001565937e-01	1.049110301618374264e+00	-4.630257072496651638e+00
-4.640883757874453841e-01	1.524228486632279056e+00	5.899259368773430268e+00	1.234386160173659874e+00	1.615442569641484694e+00	-5.078639431859143016e+00
-4.564240338586326162e-01	1.270193684410773516e+00	4.837546855077663466e+00	1.091823363531142288e+00	1.505354197664962035e+00	-5.388140729763422954e+00
-6.081347169603127378e-01	1.805264214316451010e+00	4.574839830314938460e+00	9.833787739782321458e-01	7.202699708510220677e-01	-6.163084227477007460e+00
-2.918847055968822324e-01	1.387322861288488918e+00	4.893664504705872886e+00	9.007735565185938098e-01	7.669926705466110217e-01	-5.083955489958110974e+00
-3.460001508243343293e-01	1.403505816943380724e+00	5.782444693651349610e+00	1.203448119150276163e+00	7.716532143863780169e-01	-4.883360632263158863e+00
-4.272913054209124817e-01	1.760814700889263174e+00	4.035801255617453620e+00	1.189538865184690763e+00	1.443658149789923462e+00	-5.882905190051770816e+00
-6.322047703737249114e-01	1.671008401880714311e+00	5.503070059474716835e+00	9.454749941241797906e-01	1.049556579614115304e+00	-5.704951280349687792e+00
-3.144560522551845261e-01	9.637062518970388458e-01	4.572026011746508800e+00	1.287650809364521365e+00	1.057733142294106088e+00	-6.801205775684463717e+00
-5.049698562609790109e-01	2.025801783870794903e+00	3.291476938056681512e+00	1.120129070721888054e+00	1.207048984104347245e+00	-6.131470366589050869e+00
-3.899015865314129914e-01	1.475608569195745234e+00	2.590191967810811846e+00	1.252990709450305662e+00	1.346911712955806584e+00	-5.166414218714550088e+00
-5.338713986441390169e-01	1.778903187499732086e+00	6.512062401105865206e+00	1.282555968309768257e+00	1.189289112926362746e+00	-6.328569812774254899e+00
-3.840846419305973813e-01	9.496959469219243832e-01	4.409437648732684956e+00	1.008933853955184645e+00	1.990977110039135578e+00	-5.497304771236341203e+00
-4.490187494625006437e-01	1.718900083863653228e+00	5.404371110057427430e+00	1.035279188523143379e+00	8.445592138730184661e-01	-5.765200222060819613e+00
-3.180218114587141098e-01	1.894620203721671059e+00	2.696581479815223226e+00	1.081102698711449595e+00	8.903662052507459457e-01	-6.121038810140956521e+00
-3.921313118172657930e-01	1.777913910385598983e+00	2.636497690622957801e+00	1.002812576027240166e+00	1.476801988332055116e+00	-6.848962465423411139e+00
-3.300270123068972938e-01	1.919351921236276404e+00	2.874193979828665313e+00	1.202133442948186026e+00	7.494492109346195807e-01	-6.051857260921845061e+00
-2.806703478159430776e-01	2.049395904916423650e+00	4.120182233658720605e+00	1.193909079021007180e+00	1.191569347526975076e+00	-6.489181482544382540e+00
-3.092663851096038585e-01	2.066147503956920151e+00	4.537482455990713426e+00	1.356255661789643074e+00	6.567031717240703337e-01	-4.948000126890442552e+00
-2.629012932699402172e-01	1.820241354361363362e+00	4.888634470606978866e+00	1.058284246797978057e+00	7.949175408870005066e-01	-6.105151318542468175e+00
-5.009638789815756832e-01	1.614139892379115704e+00	3.077094825105744391e+00	1.434991573752159688e+00	9.818113789791627077e-01	-7.362208379868061314e+00
-3.891333338048704737e-01	1.585399999367962831e+00	3.104553649374015123e+00	9.180643689919310013e-01	7.846750939572729733e-01	-6.309927283906384687e+00
-4.942249143405944567e-01	2.243486852552961874e+00	2.260034929998958830e+00	1.272931665789130973e+00	1.087994435518778724e+00	-7.886811392607840254e+00
-4.040902875443494469e-01	1.990329936272380529e+00	4.505227735991129023e+00	1.431209043290024407e+00	7.778645038517904009e-01	-7.664763405358697490e+00
-3.751497188023972806e-01	2.677665970751491820e+00	2.231027404437646133e+00	1.141468317586283643e+00	1.105644570277990457e+00	-5.632621943661489716e+00
-1.923736075156608494e-01	1.683386588222958835e+00	2.445471921142051919e+00	1.028340218592575184e+00	1.594138171761141809e+00	-6.674661520005790827e+00
-1.473892928626489018e-01	1.510293097438042853e+00	2.358577508100272890e+00	1.235831532926940479e+00	5.763459248906127597e-01	-7.276216607640291656e+00
-3.115699643668224383e-01	2.029391784343572258e+00	3.085338884727084174e+00	1.196471979927777429e+00	7.488812916740168468e-01	-6.451227735113219453e+00
-4.486825885996610364e-01	1.589295178103621975e+00	2.333385845938107828e+00	1.227941476243544328e+00	-2.827637192138131583e-01	-7.118378567334230134e+00
-2.321722544833842439e-01	2.286802201781861665e+00	3.803262379366622703e+00	1.316954045665369222e+00	1.690855856032207893e-01	-5.540935819515108385e+00
-3.083276551810578137e-01	2.179038847330113882e+00	3.014038840502793359e+00	1.176816942726993886e+00	4.334664615601830917e-01	-7.155726846348918535e+00
-1.121493673388984369e-01	2.357245319353115320e+00	4.349549083712282993e+00	1.033455329432060976e+00	1.153145005925270361e+00	-6.647309038984653640e+00
-4.212382585135082680e-02	3.095029295612109710e+00	1.096803982207892325e+00	1.376787536561501435e+00	8.346750044550125258e-01	-6.327041895574417651e+00
-3.150592743422439002e-01	1.569388855843443009e+00	1.440571597252287672e+00	1.377886129470270893e+00	6.146633074727728685e-01	-6.378341598883729091e+00
-2.985126097895958175e-01	2.336039790469935706e+00	2.262605225698048450e+00	1.212738448914481015e+00	2.480152487602885758e-01	-4.911581494096080469e+00
-2.311369670690223699e-01	1.554822669227998055e+00	1.461125398993056379e+00	1.268476149850671142e+00	6.176660290610971327e-01	-6.810474991002927858e+00
-1.599614771663788737e-01	1.850998911305798966e+00	2.930325025489112445e+00	1.291633195468153472e+00	1.837385909468095269e-01	-6.874833336189942301e+00
-1.671677106405860536e-01	1.943670595759731556e+00	3.955395081047787365e+00	1.326032136709607734e+00	3.327650179892944760e-01	-7.424967465660899713e+00
-8.068055222239538249e-02	2.044636370665133374e+00	3.884993261430771838e+00	1.269759211394374976e+00	2.503512591713578095e-01	-6.585804741056096923e+00
-8.695146598646075198e-02	2.313377786728020524e+00	1.639786309604344350e+00	1.594917301869004822e+00	-2.694007829494802220e-01	-6.965888223567148430e+00
-1.218216051885914752e-01	2.479998808511408193e+00	1.955747902585529552e+00	1.558410982614758300e+00	-1.737268298481367546e-01	-6.692116918378147261e+00
-1.497485411966346380e-01	2.000455366539915847e+00	-2.980455196962119579e-01	1.021859941732623289e+00	-1.176915252100773912e-01	-7.123054986440572556e+00
7.892276278120849420e-02	1.711837186168369218e+00	2.173850346051698246e+00	1.233177813556519675e+00	-1.224932633118656355e-01	-7.506162004642107810e+00
-1.259836516120706740e-01	2.031451543626206391e+00	3.389615789331232421e+00	1.166735927859631428e+00	2.731720485897481399e-01	-6.259848761813985973e+00
4.195119347618106453e-02	2.194402669889321089e+00	2.158608800197960864e-01	1.543276093727675713e+00	-5.529791557563547011e-01	-6.099281447993573302e+00
-1.688997298043554141e-01	2.700328208246369321e+00	2.473693412909752087e+00	1.114110804846130787e+00	-4.208202495938467291e-01	-6.075495741523443627e+00
7.851426326578078707e-02	2.514666760138929202e+00	2.471255397171797874e+00	1.445291252042568697e+00	2.633042224098930406e-01	-7.491263459580418171e+00
8.096335587294420377e-02	2.241069193380607061e+00	1.115882339724223016e+00	1.818250895053922012e+00	4.704311808374023185e-03	-6.479162256081646198e+00
-1.574486196863532361e-01	2.036376488545608154e+00	-7.202103463672093753e-02	1.274757675511806410e+00	1.516163285404649452e-01	-7.529063425520930330e+00
-5.056997010606946452e-03	2.026378466482851692e+00	2.466375907064255468e+00	1.182634174657662074e+00	-1.733099938069430079e-01	-8.011770688684759278e+00
7.826086504198524751e-02	2.300729354494744250e+00	2.004660478902215548e+00	1.052847398418844227e+00	8.034464089322315150e-01	-6.693157129726929888e+00
-1.349983542809275461e-01	1.990445155874271066e+00	3.061513029375197092e+00	1.053757928887245843e+00	-6.596724758904834451e-02	-5.701929055476917085e+00
3.592648538976373623e-02	2.685909910112255883e+00	3.311127535178808312e-01	9.448512014159826666e-01	-3.389314433790026615e-01	-7.051989682337604926e+00
2.501369842043710962e-02	1.975077471059272005e+00	1.340456282261319298e+00	1.211499741184752343e+00	-6.383201244321858869e-01	-6.960659619088986005e+00
6.406017548421742702e-02	2.619587759315072262e+00	1.302423280639683156e+00	1.228871950848477113e+00	-9.766434441546080203e-01	-7.105885573794367360e+00
1.190859328593626837e-01	1.609963647283010335e+00	2.510401389453035037e+00	1.243687608972547931e+00	-2.212746016417374562e-01	-6.632054483052622906e+00
-9.531775543594214750e-02	2.351997361415658627e+00	3.733351934769502556e+00	1.105260870331340683e+00	-6.412706732304788160e-01	-6.334882085110670857e+00
1.207084071625008914e-01	1.947784700281582460e+00	1.046436928510811715e+00	1.168683873873406220e+00	-7.440914560313622861e-01	-7.446132264204567086e+00
2.241704939476549807e-01	2.207499949785172610e+00	3.378601186903033016e-01	9.759776773033457253e-01	-8.853449029274567117e-01	-6.964222842809364877e+00
2.062313699695105668e-02	2.197959492852000096e+00	1.838612680381436881e+00	1.190277284144300340e+00	-3.081653099396607920e-01	-7.523035289847474161e+00
6.725317473450606598e-02	2.580252734960921668e+00	1.229917405356678817e+00	9.925180688670430795e-01	-7.013451830494752404e-01	-7.143349015268401381e+00
-2.025058009564982553e-02	2.187743032395471854e+00	-2.701457503736786059e-01	1.154565343376275921e+00	-7.541304140874826034e-01	-8.658217300402194283e+00
3.016861205093561704e-01	2.384643630378707968e+00	1.192471549089881844e-01	1.201802635542495779e+00	-4.355328112342159441e-01	-6.854773812607742656e+00
1.099030083543962449e-01	2.513003421249966785e+00	1.820822922539593547e+00	1.105163641028448218e+00	-1.345466982702989700e+00	-7.485639732465321217e+00
2.653964061626894189e-02	2.324138268758245029e+00	2.618228769828241376e-01	1.167127940874466141e+00	-9.904060000838338373e-01	-7.068540797888476668e+00
3.567496408413015629e-01	2.376786834942226090e+00	5.102555752855844062e-01	1.444836797283209240e+00	-8.943585766573050044e-01	-6.636603792876995200e+00
9.515559257253092262e-02	2.193950249546009257e+00	-7.248529195990311980e-01	1.332980440801229349e+00	-1.243680728774922528e+00	-6.385077476132249075e+00
5.160147116695934510e-03	1.942813131445143116e+00	7.514534610412623161e-01	1.163879175327964921e+00	-1.197061877244832040e+00	-6.321605303008930754e+00
3.557196270069931665e-02	2.296376918599051464e+00	-1.349784753288000738e+00	1.050193129768235423e+00	-8.700796230757571470e-01	-5.996339061494173173e+00
2.346245166095196621e-01	2.035946963089422024e+00	1.813744023378738079e+00	9.163896644887312704e-01	-8.804765533058801497e-01	-6.397004062756468379e+00
-5.643404355244965864e-02	2.561925753690536656e+00	5.150576171546028537e-02	1.123509581462861062e+00	-1.123548699351220925e+00	-6.162046984710817910e+00
1.406026407118709520e-01	1.984052854747949013e+00	9.139529288892407344e-01	1.290989881168211673e+00	-1.481427069399923857e+00	-7.174158724824635236e+00
2.046937418906120687e-01	2.539184295682567871e+00	4.940462872569943986e-01	1.102868884434888397e+00	-1.197812593726557795e+00	-6.127028737038631157e+00
1.699540987503474210e-01	2.058834487969576799e+00	7.235326153721697295e-01	1.195850311674050204e+00	-5.228746761242353269e-01	-6.740050926774420859e+00
3.483681359402493460e-01	2.614619329042480178e+00	-3.008394116248440664e-01	9.934269145886724939e-01	-1.142857509702618568e+00	-6.936678933097006450e+00
2.999024874761768711e-01	2.644592237442870974e+00	-7.472081368002664314e-02	1.314347164302434701e+00	-9.775137863539918870e-01	-6.281827905894914466e+00
3.534131609537244922e-01	2.663772136009823654e+00	-4.927129873861871845e-01	8.920444105682008296e-01	-6.434553087228589430e-01	-5.361712998569236888e+00
2.903087430163428517e-01	2.501108631937396076e+00	-1.483739505237725131e+00	1.164202321761055092e+00	-1.165240085464736230e+00	-6.565523478584191608e+00
1.728866937654363056e-01	2.292654430992646652e+00	-1.619746011818898435e+00	1.101923617439083181e+00	-1.705269439534155440e+00	-5.176745443782500899e+00
2.504356726639822561e-01	2.123152632254895256e+00	9.708950839629959528e-02	1.145079479429878200e+00	-5.759414439704779731e-01	-7.678205633923822937e+00
5.146898516401408052e-01	2.640929598927874267e+00	-3.411462485959732005e-01	9.707696195814000673e-01	-1.770434699309912929e+00	-6.768070112035433183e+00
4.901350015081634703e-01	2.463920512133228602e+00	-1.046879558200029869e+00	1.303184357036567986e+00	-9.499310809791630117e-01	-4.627464479247141327e+00
1.980357388352756709e-01	2.351219706588217662e+00	-2.958587302935710150e-01	1.194770681541180268e+00	-9.612718256236247871e-01	-5.948089016707235110e+00
3.336871993612390286e-01	2.867806869379322610e+00	-1.195475653028432728e+00	1.014469405494808907e+00	-1.226817262484473536e+00	-6.014404885154048586e+00
2.254586414230497493e-01	2.461150070175213589e+00	-1.961861543086312887e+00	9.228542370270389483e-01	-8.445828517328146656e-01	-6.167220116440019773e+00
3.347576353625599244e-01	1.958091606242221783e+00	-1.329888702952164214e+00	1.076729050607638571e+00	-1.347630788971452942e+00	-4.434891914299217142e+00
3.244788000031703645e-01	2.284502874293018237e+00	-1.089919472652701282e+00	1.161003774737729088e+00	-9.527008142074455677e-01	-4.970749351311735786e+00
3.542877093876534711e-01	2.327605554820551426e+00	-1.707282826910035745e+00	7.032578831794207286e-01	-1.782780593919168544e+00	-5.957059929461793857e+00
5.914549697333112421e-01	2.600772429802573615e+00	-1.468501967763090610e+00	1.179314927811890623e+00	-1.404151506284171180e+00	-4.679428341314140205e+00
5.269124983236720405e-01	2.106781600632375628e+00	-9.370574434760129412e-01	1.071869783513466956e+00	-1.398689878281425658e+00	-5.638590030370970396e+00
2.824667306659973121e-01	1.707378068519614933e+00	-1.307861199283940845e+00	1.084738590954573478e+00	-1.945786479550840387e+00	-6.535338183842879900e+00
5.526135763859392203e-01	2.027734922016394492e+00	-3.249487293489862427e+00	8.985288516743805687e-01	-1.201402423375643957e+00	-4.333956223309647804e+00
4.888431288414149534e-01	2.366532270624737144e+00	-2.865855993612359320e+00	1.199602210481607756e+00	-1.454172548869984372e+00	-3.793359854980105084e+00
5.022907033833577950e-01	2.334635105205296490e+00	-1.834066239901826822e+00	1.265419135871541423e+00	-2.093697299135397927e+00	-3.596253135105049736e+00
3.452889559693883559e-01	2.404514257151815659e+00	-2.931007430990370644e+00	1.093600642281572721e+00	-1.431927894697060832e+00	-5.073075388799250796e+00
6.230223629738977920e-01	1.174363118727515864e+00	-2.901991081324624577e+00	1.142669313356946326e+00	-1.425718883016648730e+00	-4.416047051860150674e+00
6.432640593451501854e-01	2.447130380655379689e+00	-3.117222230560759755e+00	8.171034961662925200e-01	-1.637378707864116656e+00	-3.760193608092558648e+00
5.273807580764019454e-01	2.331847619884623857e+00	-3.954710108639965860e+00	5.814976278799852683e-01	-1.511303252661802210e+00	-3.969334601737346091e+00
5.360165593419191632e-01	1.948727553627724873e+00	-2.964681630032472981e+00	1.050947965027725584e+00	-1.994871531380678853e+00	-3.873645363015722154e+00
4.618941787654502473e-01	2.077300430686499944e+00	-3.753755424694003917e+00	8.799747171608489626e-01	-1.555665535165283053e+00	-4.458129259027749924e+00
5.220730279586277556e-01	1.845030337115727281e+00	-3.233961218606226318e+00	8.643493557878551004e-01	-1.892455415972771116e+00	-4.095277006988389701e+00
5.587629196826964240e-01	1.940518583710351797e+00	-1.337811983152959128e+00	9.662435458715330494e-01	-1.246326242974726162e+00	-2.944044018315760791e+00
5.507516776824427085e-01	1.969446507057908136e+00	-2.763919951399881558e+00	8.653606618521233473e-01	-1.696799312762132139e+00	-4.589828802883050507e+00
5.258532962410512601e-01	2.013071384126353891e+00	-3.658640127771082717e+00	1.085044731704079224e+00	-2.117206093536739608e+00	-3.176927996627797235e+00
5.942240153465664365e-01	2.137209114473267224e+00	-2.871193085896476482e+00	9.657979031497211375e-01	-1.554418655793255111e+00	-2.032556903561361761e+00
7.878397937812517959e-01	1.677790190289071948e+00	-4.630029242111226573e+00	8.811862701045837243e-01	-1.465247262650139382e+00	-2.377867676625522009e+00
4.557497195725928041e-01	1.789856059419531409e+00	-3.094452403126890516e+00	4.483430555648221794e-01	-1.937027188860917626e+00	-3.605693855640276002e+00
7.015761125994749436e-01	1.646833239977617769e+00	-4.622407205766274174e+00	6.870660997817609195e-01	-1.781392719690569448e+00	-2.135268852093518355e+00
7.189160704703204674e-01	2.140962707287815014e+00	-4.855365207697130536e+00	7.750446936699050271e-01	-2.210109793368387976e+00	-2.414164446144828613e+00
5.313045660608148868e-01	1.896978398202759708e+00	-4.917693625860300344e+00	8.909743374936556215e-01	-1.435913892044353268e+00	-2.570937842275764496e+00
5.439228436347270934e-01	1.894795674466883906e+00	-4.322251205956481712e+00	1.032528239007248105e+00	-2.135752634124258531e+00	-1.537758124454193798e+00
6.356149297749663640e-01	2.269214149996071406e+00	-4.401426550359706980e+00	9.544225963738115492e-01	-3.426933057952269657e+00	-1.253821583467615408e+00
7.147562967718475990e-01	2.229654235839963583e+00	-5.041247653484564495e+00	8.451798531008601900e-01	-1.883345853604458719e+00	-1.285848632592850427e+00
5.129641141047335262e-01	1.552001628551270995e+00	-4.812613154946480343e+00	8.465154624307498210e-01	-1.503964860328333764e+00	-2.007080050382414438e+00
5.642917015292706617e-01	1.869666602786180798e+00	-4.525322835381349940e+00	9.304690291627546461e-01	-1.780489339737487686e+00	-1.529645343429326676e+00
7.274256558061811262e-01	1.638722082166180094e+00	-4.532057685769054878e+00	1.016530987073479775e+00	-1.322474239269439078e+00	-1.203799881254487669e+00
7.030298941413658520e-01	1.556377582899986178e+00	-5.709958479120257557e+00	4.876893209507545679e-01	-1.979905379787793240e+00	-1.261315593379193523e+00
6.350836357039207902e-01	1.788662399393160962e+00	-5.826420618439479782e+00	7.289785154761775354e-01	-1.773255487229705052e+00	-8.521483744340403454e-01
5.816596210800102362e-01	1.547845593063521541e+00	-7.293740024486996099e+00	1.124527179272228006e+00	-2.430207760836680109e+00	2.326932413143012468e-01
7.420120469763357152e-01	2.056722751233456492e+00	-6.457797921604226943e+00	7.165298008815306208e-01	-1.168137804236455413e+00	-7.332437415293979743e-02
7.456148381205865983e-01	1.427657822360878237e+00	-7.112822933826302041e+00	9.020100214919400949e-01	-1.782328613731287925e+00	-6.148697421685356268e-02
6.810390235639672829e-01	2.099271282825072582e+00	-4.790544636232400677e+00	8.185060160538866203e-01	-1.857387060153801617e+00	-1.765332694807047464e-01
5.989429869878920565e-01	1.787571615272557146e+00	-4.334555555031326612e+00	8.224803843015897620e-01	-1.850029528256431410e+00	-6.631071475140755123e-01
8.352038012807463385e-01	9.729705381933325681e-01	-7.555658291816235383e+00	8.986705010982507513e-01	-1.055356916304166059e+00	7.017436235987201121e-01
7.469118786026196499e-01	1.907812193622636876e+00	-7.033859235734528426e+00	9.650952505650041147e-01	-2.087949377348371716e+00	2.454753035528251803e-01
6.348712871950781267e-01	2.026358831509171399e+00	-5.014774852625444979e+00	7.604069513060125463e-01	-2.212925692806946731e+00	3.973601662054316863e-01
6.688057553715204273e-01	1.481432050509575049e+00	-7.514314956487120334e+00	5.884247362904365675e-01	-2.458990628514783339e+00	-8.690604387030915756e-01
8.140575688242585040e-01	1.146912504782413356e+00	-6.894885481007404948e+00	3.415735248594083395e-01	-1.124524051279338188e+00	-5.017851666525668941e-02
7.359014288146695781e-01	1.673381414605191519e+00	-6.943694850399829477e+00	4.180204367609058336e-01	-2.284026110773014651e+00	-3.166273318008119286e-01
8.804390660450545081e-01	1.095373057569694497e+00	-6.430604531249675127e+00	6.102410422337578577e-01	-1.963201267577058928e+00	-3.945583948176351052e-01
8.110155235344169711e-01	5.711309940859471412e-01	-6.964245681870548488e+00	8.657664366347125329e-01	-2.291554537331171648e+00	4.846943593181695098e-01
6.428137187491014259e-01	1.582352687408135949e+00	-7.788643401250562093e+00	7.166145240043831910e-01	-1.897281776435446154e+00	-6.701313181358328208e-01
7.765552348471859156e-01	1.402434424937674562e+00	-7.880040467064244325e+00	8.583195073329802360e-01	-1.494264528375805146e+00	1.207494771726203897e+00
8.977078583821075375e-01	1.221096470303024262e+00	-9.160864201557606279e+00	6.504476932974533332e-01	-2.560583355091677671e+00	3.770467892423645107e-01
8.620133977741376574e-01	1.351193416201386999e+00	-7.656405938634536668e+00	5.463080279884632295e-01	-2.253042790386179384e+00	9.210743006961279455e-01
8.949396406515086611e-01	1.039303896126172910e+00	-6.935952612870885936e+00	5.057830308805116859e-01	-1.454385072832715231e+00	4.797800178643102376e-01
8.021376416045774560e-01	8.401573996009281675e-01	-8.379753682347606869e+00	7.831006118881269629e-01	-1.880392638560066443e+00	8.595456027374634989e-01
7.478849735070449700e-01	9.211411289794521062e-01	-9.118838485126007143e+00	5.244579416548084128e-01	-2.333512997142188627e+00	1.336921556314281778e+00
8.060150614141775582e-01	6.864611559969264754e-01	-7.812936989436147783e+00	6.859651833742003157e-01	-1.890428695427064154e+00	1.977370955893720250e-01
7.701857890609487001e-01	1.484249743595963622e+00	-8.244535543943351641e+00	5.752763758390416760e-01	-1.512139216176299872e+00	1.364482338392239980e+00
6.362985489253211169e-01	5.138404048194282758e-01	-7.115145852189172615e+00	7.739266089971945650e-01	-2.218864235696250020e+00	1.377023433649039230e+00
8.696089066155552327e-01	9.140727515172867301e-01	-8.378447804835444046e+00	7.597288578209409060e-01	-1.466404589483440990e+00	9.141409439151924055e-01
8.431677861928338347e-01	5.876937342328574232e-01	-9.905327580465964843e+00	7.458148957945838209e-01	-1.754959847804929085e+00	1.606574722486649343e+00
9.453892595769697316e-01	1.445244351504182401e+00	-9.283422048451637210e+00	3.556531928795182429e-01	-1.671269670945209729e+00	2.196739225423489650e+00
8.959544933597148875e-01	1.034140354488384483e+00	-7.919261334140456299e+00	4.402807372490880056e-01	-2.122664195637571805e+00	1.038844570156233660e+00
8.371535817811528446e-01	4.059511461630769813e-01	-8.573324993258221838e+00	7.807603599585049015e-01	-1.570039528659210593e+00	1.262682405349534243e+00
8.003065028284487292e-01	7.541613027803678593e-01	-8.355543030701317875e+00	5.403716787204896344e-01	-1.548747614514734749e+00	1.485244919997933621e+00
9.169439222487725250e-01	6.064698681148141812e-01	-1.013909618253368272e+01	5.729755717784150715e-01	-2.369427835043640851e+00	3.219602005329559979e+00
8.285204197828812678e-01	5.193094949760905799e-01	-6.263407327889652265e+00	1.573824034554056617e-01	-2.322079458091795612e+00	5.864893886068551776e-01
7.247690213054494013e-01	1.081381590662330083e+00	-8.013449541323019787e+00	5.767459686200432367e-01	-1.661035587769896349e+00	1.538805675445897414e+00
9.173131471783931845e-01	1.263283909558073903e-01	-8.309880091948256720e+00	2.301176513537530055e-01	-1.155799978879321177e+00	1.251030418911533104e+00
7.686797019766175021e-01	4.896540503154366286e-01	-8.402865344735610975e+00	7.134480943744886394e-01	-1.716999372649968159e+00	1.762580000243184841e+00
6.906546766079715294e-01	7.579141342449856600e-01	-7.895926991589222510e+00	5.713169342951742724e-01	-2.295051820923406982e+00	2.206869177457616349e+00
8.316591552903190854e-01	4.678792124427869625e-01	-9.185364557797795371e+00	3.171440661753094914e-01	-2.062602568568915107e+00	1.664222797103805718e+00
9.902883455580071548e-01	7.716408407978759820e-01	-8.666336668035890867e+00	4.250771899824272726e-01	-1.653136351510746227e+00	2.094922052951181612e+00
8.541148028149921911e-01	6.933457510173601790e-01	-1.062803494477374144e+01	4.964066828782027208e-01	-1.593537729082928678e+00	2.115459333624881477e+00
8.356447834072959768e-01	7.234920196553139282e-02	-7.064360199510538507e+00	5.797330142077821158e-01	-1.243998350466554825e+00	2.357950097222998309e+00
8.147837834315934114e-01	-1.370307566874386374e-01	-9.889158138978205059e+00	5.069056561038565167e-01	-2.066447068892482530e+00	2.704764509456233590e+00
9.596364031036285214e-01	1.761453592564080628e-01	-8.204272647582483202e+00	5.197234031382231834e-01	-1.399581552009536711e+00	8.952516179745448888e-01
8.247259756580627155e-01	4.451631283002019379e-01	-8.147262707847072960e+00	2.688080510971372350e-01	-1.697627915102632334e+00	3.569638224019949568e+00
8.622222214581108934e-01	4.734385309592490376e-01	-6.879289837566273214e+00	6.633182589226183090e-01	-1.516474800545039248e+00	2.472972153606064705e+00
8.320980266901706335e-01	-3.172710494386625224e-01	-9.563915825389340597e+00	4.940932125707163669e-01	-1.760783995947655889e+00	1.521947816614165117e+00
8.041683120717075806e-01	-1.518152651531144981e-01	-9.926097307671533088e+00	5.860107717617204504e-01	-1.986103969267017710e+00	1.130258617011964395e+00
7.374943255565680200e-01	-4.744754330160592115e-01	-8.523432166645182662e+00	2.301420332168820360e-01	-2.279964924434016105e+00	3.645604999310688932e+00
9.949889179569574305e-01	-5.764075324301849435e-01	-8.942908165502650775e+00	9.505431482894055595e-02	-1.978851149471986925e+00	2.799369957003424947e+00
9.050318082028340205e-01	6.160900266525520808e-03	-9.336527865320249475e+00	4.698923787683961795e-01	-1.620491533793682937e+00	1.719049598765701292e+00
9.273340546411262819e-01	-8.000185434348938696e-02	-8.828923347197765281e+00	3.994867974385833409e-01	-1.623694062025418772e+00	9.785203545400384950e-01
9.416142318103434272e-01	-3.130931866270273978e-01	-9.945837853276763951e+00	3.067987531228778542e-01	-1.766508430321413137e+00	2.490074912024125453e+00
9.708955803590828548e-01	-9.814674421259033110e-01	-9.789863818954247066e+00	1.509217351991272993e-01	-1.778716581320792134e+00	2.352433976107535685e+00
8.133049648421499800e-01	-6.480143819901161839e-01	-7.646161412559066228e+00	2.578976155662623948e-01	-1.278601008020085805e+00	2.919792167887399259e+00
8.346791256738145259e-01	-5.514226308722690595e-01	-9.290107735864959082e+00	4.190432730693652297e-01	-1.042115552809957046e+00	2.898855262509511643e+00
7.231011657990424890e-01	-1.973088454137745806e-01	-8.476329796194853827e+00	1.807485266190366757e-01	-9.180209116992493756e-01	3.907181282278758161e+00
8.529704162606758233e-01	-6.962605024734171977e-01	-9.532806690944646277e+00	2.200503456873025010e-01	-2.047760559336980979e+00	2.099766030147650397e+00
1.045013556057410753e+00	-5.046932945487061506e-01	-1.005628474548104379e+01	3.133640633927624597e-01	-1.464504510730453068e+00	2.045954004741088905e+00
8.229144847053428968e-01	-7.261654262818239003e-01	-1.029395303027840214e+01	4.500872764536639759e-01	-2.067905919845903107e+00	2.815172417096857949e+00
9.205782104426876167e-01	-4.609241659592157592e-01	-1.049047320373005832e+01	1.268732012915553264e-01	-1.547473296201392401e+00	2.116578421306904989e+00
8.889105414455703569e-01	-5.848651135901916653e-01	-8.412041298640836828e+00	3.441986990091484011e-01	-1.620956421192282004e+00	3.891259011864614870e+00
8.844316462916014254e-01	-9.274312487808833438e-01	-8.448453134088497407e+00	1.797712353606754909e-01	-1.285521034798850826e+00	3.214985299108833239e+00
9.340838968332847436e-01	-7.009458003398648662e-01	-8.128229166310903864e+00	-5.684165123505663386e-02	-1.089249712013981686e+00	1.575360248990825163e+00
8.902698278520678743e-01	-1.025492892513722998e+00	-8.065609128618721257e+00	2.657967971662871243e-01	-1.460307722215028248e+00	3.063830887940159009e+00
7.733899504224833743e-01	-9.178163241622779855e-01	-7.527719888412503835e+00	3.128499166282721622e-01	-1.421285368160418061e+00	2.133516359908371296e+00
7.569381502003856843e-01	-9.854587850759445322e-01	-7.991744181012403914e+00	-3.929911534121582894e-02	-1.253627624119203254e+00	3.209076718009217899e+00
8.617711052329393162e-01	-1.051717399558917965e+00	-9.460667960295088719e+00	1.655724138023997871e-01	-1.288799429652339734e+00	3.718504343231641585e+00
7.808842363103745132e-01	-5.915665865802706147e-01	-6.800064521525812644e+00	5.638352554122043614e-01	-1.370169885739804583e+00	2.856740125998760593e+00
8.346924156809565343e-01	-1.236048836226841141e+00	-7.419674519992522477e+00	9.577734878090872483e-02	-1.372732388490619959e+00	2.310894311172161597e+00
9.465092658670360981e-01	-1.473147149575786852e+00	-9.123432310127396860e+00	2.437084542910830098e-01	-7.714043104156278474e-01	1.899182911387875317e+00
5.965495634356682286e-01	-9.319208858816219188e-01	-9.089483992513310184e+00	1.255064001944247720e-01	-1.574954853756234119e+00	3.251329695937529074e+00
6.301365230220781211e-01	-1.231539319584291414e+00	-8.651788497923194043e+00	2.179300608063158562e-01	-1.051426688511635454e+00	2.725954296441652325e+00
7.959857482468363221e-01	-1.356872523237390160e+00	-7.220782083097596171e+00	3.980102037769223666e-01	-9.647782124783688129e-01	2.911187572790570499e+00
7.006664330867642398e-01	-1.406353391921893792e+00	-7.713914084302084362e+00	-8.393357562022757401e-02	-1.228761285410156834e+00	2.608491470471645091e+00
8.399398744614033907e-01	-1.307950131994875198e+00	-6.711558805373702974e+00	3.283919598422869179e-01	-1.735377178126165099e+00	3.435957640728472207e+00
7.764060862967356869e-01	-1.427404987804916425e+00	-9.948653441498422012e+00	3.131330252700703642e-01	-2.143823523618439530e+00	2.776255008719684003e+00
7.094839359662653555e-01	-8.769334570490692204e-01	-8.084747443406369527e+00	2.341287306177189387e-01	-1.289167396183394265e+00	4.869529643887900328e+00
9.774378765841054140e-01	-1.070659573706290280e+00	-7.322476712778524188e+00	-1.122692539824102775e-01	-1.339455736126929253e+00	3.561511845572162827e+00
7.214639359233512295e-01	-1.731402851911943763e+00	-8.335550755006440937e+00	6.270576986347475845e-04	-1.366923961535422505e+00	3.438061444026501157e+00
8.321502287624483740e-01	-1.757050064031134839e+00	-6.722799740462215290e+00	-1.104103865818661934e-03	-1.435773458881186126e+00	2.257192211987257835e+00
8.340362643981842350e-01	-1.773017583658585306e+00	-8.919250577823730097e+00	2.076941885052792924e-01	-1.620836021088299050e+00	2.570487891399903191e+00
7.510789869957349429e-01	-1.486517690383170498e+00	-5.557698507762269813e+00	4.896325027180052913e-01	-1.307625668270241182e+00	2.065837136556688769e+00
6.811305580200553988e-01	-1.325469421078011134e+00	-8.563301974244513559e+00	7.599154537632521467e-02	-1.055489807363196197e+00	3.283104714433007665e+00
6.406739978871547336e-01	-1.322313365349054859e+00	-8.244901379120832985e+00	1.519515812551287814e-02	-1.565828976958965502e+00	3.479049314999403730e+00
7.267579763890549271e-01	-1.515493359673810048e+00	-7.445534643097992067e+00	2.692190496772345343e-01	-1.684377910656320143e+00	4.224324323188368702e+00
7.725582796942414010e-01	-1.765760782870801959e+00	-8.173390755152247777e+00	-1.230282755548348650e-01	-1.454588997979697096e+00	3.749035226650756503e+00
6.255324863313346251e-01	-1.924686736995116831e+00	-7.662989683954389619e+00	-2.896670863644984495e-01	-1.361293202737097641e+00	3.511888140824244164e+00
7.370806885823968368e-01	-2.028450200843508355e+00	-9.754353908419876262e+00	1.089782525061902541e-01	-4.302271638830964529e-01	3.902374580826584172e+00
6.820624797627999891e-01	-2.003999169965336780e+00	-7.238672765658209052e+00	6.892886970265296731e-02	-6.650403171207890374e-01	4.222079183341374886e+00
7.247933249778963916e-01	-1.889580796068231816e+00	-7.756365466805858588e+00	-2.695453184727047979e-02	-1.014494571689967817e+00	3.784738316129860003e+00
6.294861700638126889e-01	-2.114168379072103310e+00	-6.908690550885523862e+00	8.726442644545315264e-02	-1.176721765400703834e+00	4.229375826031762209e+00
5.323606200870375504e-01	-2.619701328094622639e+00	-7.068001362416358901e+00	-3.255525317422149068e-02	-1.098514339223161773e+00	3.005493519682299830e+00
5.291472339577125705e-01	-1.300117675459021127e+00	-7.089345274109464690e+00	3.066218354023826920e-01	-7.930115204023768793e-01	3.908654078002246735e+00
4.722579729752045541e-01	-2.273144116308129181e+00	-7.505090507065276917e+00	2.381948283201103245e-01	-7.997680429485535258e-01	3.645258936455074039e+00
6.363490738120868295e-01	-1.950545601325590850e+00	-7.405765792089042954e+00	1.363183438303748329e-01	-1.315952787873876151e+00	3.531143056255216628e+00
7.162174000956474940e-01	-2.923037775704110608e+00	-6.338431895073693312e+00	3.397450861543697964e-02	-8.078052066312247925e-01	3.366493393420029623e+00
5.537475549486762239e-01	-2.217743138322914920e+00	-6.838705948111329036e+00	-1.722571215811440071e-01	-6.165466098848055854e-01	4.318893673123143984e+00
5.194763189522911828e-01	-1.962164519288128739e+00	-6.955923127365457148e+00	1.794152676611142638e-01	-8.280159389409735837e-01	4.738330708087392651e+00
4.597420727847518207e-01	-2.036224599534477431e+00	-6.273577960991088887e+00	-9.417380360914391624e-03	-8.013939236605166494e-01	4.651182303674793239e+00
5.338703379229201573e-01	-2.289039407513017821e+00	-6.766925636712334047e+00	-2.675723426905095292e-02	-4.511474851997176461e-01	3.599929340510725773e+00
5.080662225148034894e-01	-2.866107462427559316e+00	-6.771576425727992010e+00	1.349459955799905686e-01	-1.117801077453703273e+00	3.475551277295477970e+00
5.973271554212190582e-01	-2.364436513587421906e+00	-6.388480617056822020e+00	2.112652161154460889e-02	-9.157543344820494591e-01	5.112644573173053431e+00
2.607498106214892752e-01	-2.447922195750565244e+00	-6.651326437103762146e+00	-6.158295128395433610e-02	-5.953436238177822748e-01	4.213843924924950635e+00
5.060054954275624572e-01	-2.050151846092997499e+00	-7.770830242866260562e+00	-2.087741103880178806e-01	-1.076211455743631529e+00	3.383314777567747456e+00
4.783970672325917328e-01	-2.342897526668116903e+00	-6.103918864257948940e+00	2.233581196825235315e-01	-1.042208834759721592e+00	4.281688351960594829e+00
4.893011993921762004e-01	-2.831685983939118856e+00	-6.297963506319104177e+00	-1.968261958645753928e-01	-5.522546955734125573e-01	3.733620306322078530e+00
5.551548640398531465e-01	-2.731934362099750047e+00	-6.880435660969804523e+00	-5.250384522333972903e-02	-8.625688908915685182e-01	4.337381484566205536e+00
3.090966460011247419e-01	-2.437673526507520894e+00	-4.976817295910225702e+00	-2.986871631867681343e-01	-8.500605986517824064e-01	4.915130626927584956e+00
4.999835774119790743e-01	-2.382166568603147461e+00	-7.196230773007304293e+00	1.406458287062292423e-01	-5.227341838411783126e-01	4.516834049297236753e+00
4.659789227074463969e-01	-2.120400114381294721e+00	-6.661351888282021072e+00	-3.226390079601320626e-01	-6.863722616981129399e-01	3.216559645756133623e+00
4.612606780257557659e-01	-2.651370601309013697e+00	-5.212832950421448786e+00	-1.193284149655139126e-01	-9.880561123797493295e-01	3.390395979852965702e+00
4.519230904458971798e-01	-3.037603517853396440e+00	-6.231306230307059657e+00	-9.008970859663997799e-02	-5.050007003595392563e-01	3.540490997104594140e+00
3.496497263775250053e-01	-2.722736803037545616e+00	-5.616104518448474359e+00	1.691670330409092426e-01	-2.765154066858399040e-01	3.645017531175453129e+00
4.103650850606866407e-01	-2.708282149276972195e+00	-6.975468141453838200e+00	-5.754862176742881613e-02	-3.449929182246930792e-01	3.425283130889313465e+00
3.100004747379893066e-01	-2.808740792713846357e+00	-4.510041585519836360e+00	-2.073454119285819131e-01	-8.440696470365310899e-01	4.150565092087500574e+00
3.335048251173765577e-01	-2.469362064936283296e+00	-5.715315284943276453e+00	-1.687512276862410399e-01	-8.192552262154816356e-01	3.540030779510707770e+00
4.013571990868339268e-01	-2.217749638838471871e+00	-4.166939395908676680e+00	-9.307219332867328054e-02	-3.273680054076203438e-01	4.018360513815486534e+00
9.259398855326783639e-02	-2.592576853406462156e+00	-5.759120166672909491e+00	-1.120643481183531687e-01	-2.935740346888859875e-01	4.169670527641270219e+00
3.699309723270350903e-01	-2.561723734797996865e+00	-5.798969958498441990e+00	6.909471273109617229e-02	-7.071038754053601272e-01	2.968090660631033106e+00
1.468926620579049658e-01	-2.947430030060818051e+00	-4.820905840920497454e+00	-2.133836298634522732e-01	-7.604722763226559046e-01	3.605033238563013054e+00
1.719676881585210371e-01	-2.722601083354050377e+00	-4.522817597808605150e+00	9.786805855059567405e-03	-6.146425940432956869e-01	3.441720185588316827e+00
9.155351360194632915e-02	-2.130780702553343620e+00	-4.839932149975729736e+00	-2.063993352520799088e-02	-8.089737540131181071e-01	2.976162182250046584e+00
1.071619805979874551e-01	-2.964670407168366939e+00	-4.289539154719897773e+00	-5.698823436098005707e-02	-2.220751814834350524e-01	4.591609888435884024e+00
3.546437132862699793e-01	-3.098121966136232697e+00	-3.736617751086712680e+00	-1.771011386918772412e-01	-1.947925047995280878e-01	3.056523888126260413e+00
3.361986159206717395e-01	-3.018494513777405519e+00	-3.444011826464173698e+00	-1.209597877040498315e-01	-2.475477830589937200e-01	2.302919289303712702e+00
3.178760812367234512e-01	-2.974671507524520919e+00	-3.324282364152125524e+00	2.629542441063351804e-02	-6.879132774655747351e-01	2.740002872423889180e+00
2.528456486291600913e-01	-2.778899141491794289e+00	-4.118056032740963879e+00	-1.224955841314324112e-01	-3.862722921159997824e-01	2.979890058367257399e+00
1.755754255202476299e-01	-3.434303676384937276e+00	-3.242754709814079650e+00	-4.970309089905206729e-02	-8.587574757687148619e-01	2.516613313498101689e+00
1.638878030712302147e-01	-3.580047970513348332e+00	-2.135568880090121802e+00	-2.516596209800907036e-01	2.453228002644959882e-01	3.059926563902096497e+00
3.684945101325957095e-01	-3.400248027090879255e+00	-3.311792894535877885e+00	-5.619225640884921713e-01	-1.249009014591073718e+00	3.383643487897907143e+00
1.645940042627951627e-01	-2.858142639028747656e+00	-3.053627564996928889e+00	-7.540103002365960982e-02	-2.280655417582471700e-01	1.621781108508765890e+00
1.801686640449089438e-01	-2.956929409345001147e+00	-2.320081194048702944e+00	8.050824698509700950e-02	-4.753913718392135390e-01	3.628874416360147848e+00
-3.842486493316249474e-02	-3.223598489645067566e+00	-1.674352875243922956e+00	1.557198462655725035e-01	-2.797661346967541540e-01	3.096075371800468101e+00
5.686785242256692935e-02	-3.011745691945726389e+00	-2.749141302484367611e+00	2.231626502733646822e-02	-5.001312314059429553e-01	1.126161064290700509e+00
-7.566693248091091450e-02	-3.073544067425969750e+00	-2.517020008806344578e+00	-2.216856427971411470e-01	-9.578064549223632707e-01	2.164097972104760181e+00
7.341065627424978035e-02	-3.377341810501176766e+00	1.390001570602231062e+00	-1.484729045779461243e-01	-2.292359587060577297e-02	2.606165033147519239e+00
1.543888484364526192e-01	-3.103369572638420948e+00	-2.294264507732672875e-01	-2.065826093629897775e-01	-7.477947863737999246e-02	-3.670016910761666473e-01
3.660302834450926412e-02	-2.945952493998096777e+00	-1.368574713477288762e+00	1.166021874520642709e-01	9.805057904888059284e-05	-4.935531472238028350e-01
1.269923412391446294e-01	-2.718543023331672970e+00	-2.749410934271877549e-01	1.995464326928819421e-01	-6.105408038324153241e-02	7.765193130662488841e-01
7.625293909276957549e-02	-2.605745379106807924e+00	-6.227609310860331426e-01	-1.979355855474894954e-01	-5.512064209980390705e-01	1.620366423530190669e+00
-7.169749348360932029e-02	-3.130066265207329668e+00	1.920896915270660088e+00	1.257686047309485300e-01	1.910399889707616317e-01	1.215490306840811607e+00
7.171464227762316956e-02	-2.690224603049951924e+00	-8.538890911843013409e-01	-1.388598110550526843e-01	1.919899987757319737e-01	2.264818386667588612e-03
-3.493633109913099610e-02	-2.487599087769394757e+00	9.806652022641831890e-01	-2.002777193331566896e-01	-1.661389929004828403e-01	3.570591637792821516e-01
-2.565493028019243393e-01	-2.908001547633156658e+00	5.924435761061473960e-01	-1.534103873005760454e-01	1.712401901967888773e-01	7.061696196541392689e-01
3.410389635038424405e-03	-2.685814496326163425e+00	1.120727073711429433e+00	-1.141857790420698071e-01	-6.315190713378808773e-01	1.141263100189088053e+00
-5.267080398460067397e-02	-3.269846587821505501e+00	1.994273859163223195e+00	-4.058151701642044862e-01	6.525373111445459395e-02	2.783401470220843166e-01
1.111692458338967293e-01	-2.803630961022649082e+00	1.393126446140990016e+00	-7.708146003717102068e-02	-7.622440003898578453e-01	-6.061057779895751008e-01
-2.880342623437043281e-01	-3.069487934331644130e+00	1.294235840140667282e+00	-1.722963572159316448e-01	-1.942104692667210863e-01	-4.988814054483341476e-01
-6.436741048670301113e-02	-2.952390300906825527e+00	6.047165054524468175e-01	-2.438312386541288679e-01	-8.710244945938758199e-02	-1.393060853369588958e+00
-1.283743910946083533e-01	-3.360922754757245112e+00	8.791278403231165273e-01	-3.796489027040386155e-01	1.623957407421824928e-01	-3.915357344956512109e-01
-1.996004806218175387e-01	-3.193295366991766304e+00	2.038191394016895863e+00	-3.928243110503792934e-01	-7.045878813553288489e-02	-1.412420105510682422e+00
-1.227057382643940986e-01	-3.020168535824107270e+00	2.983860800436464178e+00	-2.315097464438052588e-01	-2.980186273554695231e-01	-2.403834257815321562e-01
-3.249232130546806929e-01	-2.776390190408388303e+00	3.269457934337507421e-01	-2.840628016663593325e-01	-5.825746587093771911e-01	-5.614975474830288249e-01
-1.553607266876267934e-01	-2.885995890464295943e+00	3.489438982308001869e+00	-1.113648256638563872e-01	-1.470400169979797222e-01	-2.017510130703472626e+00
-1.342602114638575816e-01	-3.226006595528923437e+00	2.718726980176133345e+00	-7.833222938564909921e-02	-2.612833496771074238e-01	-1.301024921989466065e+00
-3.005725129537939466e-01	-2.911829374818458493e+00	3.422955706312391211e+00	-9.805605206147882669e-02	-2.793158511939287103e-01	-1.149653926167008233e+00
-1.875645242474126839e-01	-2.326445512560390227e+00	3.758226724539277974e+00	-2.681288467470739623e-02	2.048203046049800191e-01	-3.696957453867598886e+00
-1.261246841210789116e-01	-3.427353635949661470e+00	2.654511529060754604e+00	1.069903373111531775e-01	-3.231312967424911364e-01	-2.297287931666655680e+00
-3.909309512385751306e-01	-2.254110132125880295e+00	4.280326826490377989e+00	-4.587131358572787976e-02	-6.835532976277640671e-01	-1.804139719958645971e+00
-4.702392294774306869e-01	-2.504030143902586047e+00	4.807234063452644257e+00	-3.937960904083337987e-01	-1.718699361761399369e-01	-2.285445491187451772e+00
-2.369166413958595507e-01	-3.157764296569534945e+00	3.666206988533718292e+00	-2.678424285064077703e-01	4.003642458342998589e-02	-2.548385452648601390e+00
-4.564804532843740326e-01	-2.900844476684963702e+00	4.821955383613460988e+00	-1.119558226840543652e-01	2.746811540929464668e-01	-2.380507192195555621e+00
-4.111061519652492446e-01	-3.500151874962492027e+00	4.272298444453316968e+00	-3.663829046002731182e-02	-2.499625257887734819e-01	-2.881394518112983416e+00
-3.985464807375520002e-01	-3.154487080241991315e+00	3.929952173129968251e+00	-1.570391369909097667e-01	-3.629547958626428428e-01	-2.722259001393940725e+00
-3.341478403518245432e-01	-3.074824460439616658e+00	5.138599790771564813e+00	-3.592662513757745590e-01	-1.265770442524385642e+00	-3.595039795119867598e+00
-2.580189883861668809e-01	-2.469364195833219089e+00	5.081470648335704610e+00	-5.370531015684108789e-02	3.405261206230068005e-01	-8.565624564478409031e-01
-5.062616276115509129e-01	-2.588529554382967390e+00	5.046451050985112374e+00	1.475292474623278172e-01	-5.622251267697513377e-01	-2.525877375842052963e+00
-3.719223436041187991e-01	-2.976738992781326587e+00	6.587431243404113346e+00	-3.371573428852178700e-01	-5.265651052322658510e-01	-4.031561328220919727e+00
-3.663311811686342234e-01	-2.898072862362855773e+00	5.764085180716903345e+00	9.725980217580226794e-02	-2.670666715517068246e-01	-2.883893884632732885e+00
-5.505583035655083890e-01	-2.524016028921566512e+00	5.325020734333793193e+00	-4.886957642107213340e-02	-2.110360400559140870e-01	-2.836796972831288954e+00
-6.038186391392172947e-01	-3.311169546426161681e+00	6.668019302669542014e+00	-2.422700641174359570e-01	-2.875856894334948288e-01	-4.028528333705202691e+00
-4.179029725398561435e-01	-2.250625997481414231e+00	6.551465602835961022e+00	-2.393360892380907157e-01	-9.496910148292088127e-01	-2.080428413896449502e+00
-3.026710177490850584e-01	-2.679391735418796827e+00	5.574552591089687148e+00	-5.418370347240870633e-01	-8.190248262784808331e-01	-3.714237783124477943e+00
-5.791085882903472815e-01	-2.793910777547190971e+00	4.549715890737510371e+00	-9.620699284641251459e-02	-8.709171963853223897e-01	-4.691122805279811736e+00
-4.579674110104353657e-01	-2.400104612076890298e+00	6.117635766546015041e+00	-5.198736796605998300e-01	-3.613434199624319110e-01	-3.478155420145283117e+00
-6.271366174531747273e-01	-2.339084380904968175e+00	6.183167626103983849e+00	-3.154639866966683082e-01	-5.416353889322613746e-01	-2.576728278692480778e+00
-6.120968409805985777e-01	-2.054712039128427481e+00	5.541708284647693716e+00	1.825414598429301316e-01	-3.474424559842177462e-01	-4.086902471695702310e+00
-5.818110155923571503e-01	-2.528868498048637115e+00	7.131724167031022965e+00	2.784860337993275703e-01	-8.096243711084971650e-02	-3.468278817503552602e+00
-4.306793672617676427e-01	-2.860944847108568112e+00	6.775525577238568964e+00	-1.644146422348529424e-01	-5.000742188326031679e-01	-3.142938773289963184e+00
-5.402160998502349987e-01	-2.268090141798959625e+00	7.529538486811639508e+00	-2.036487786728929383e-01	-2.017927168770018986e-01	-1.901964402729164227e+00
-6.325234968738532304e-01	-2.807102258563792141e+00	6.708914407774940081e+00	2.213879651447622776e-02	-5.751167673920641876e-01	-3.599289847924211028e+00
-6.843668430555452931e-01	-2.551948578073298890e+00	7.137205637720061446e+00	9.940907379513502784e-02	-1.065458357625201025e+00	-2.214877662595963415e+00
-5.333319567719928544e-01	-2.678136644331930327e+00	6.664219333507023890e+00	-9.850007569083453485e-02	-7.112772491434352640e-01	-4.726183410024582976e+00
-4.636919595842011743e-01	-1.830559045008805397e+00	7.995365594999521264e+00	7.296820234660802984e-02	-1.342041537165839626e+00	-3.581170795819850206e+00
-6.441319169127313060e-01	-2.275311862182343159e+00	6.710421707754429477e+00	-2.536045314353211899e-01	-1.045014070378691873e+00	-2.715450626506317189e+00
-7.320060321475575504e-01	-2.232142444373558465e+00	7.810628712162558607e+00	-4.741229032496661888e-02	-5.247930957726045786e-01	-3.059539109199219897e+00
-6.927766574277542944e-01	-2.073549413293742649e+00	6.409426725395801938e+00	-1.633910649594810249e-01	-7.071325271683882585e-01	-2.578613383263078429e+00
-7.059016191503382220e-01	-2.113211943945123572e+00	7.051107419350195471e+00	-2.103321360165952836e-01	-4.254788269947573087e-01	-3.031479701212361100e+00
-6.787821393087842825e-01	-1.960861111600888274e+00	7.264853985916347234e+00	-4.043547334583116326e-01	-1.035903257771874308e+00	-2.247059023174696968e+00
-6.458676905118277967e-01	-2.428876712231139656e+00	7.032603103777291587e+00	-3.306704082336688888e-01	-6.313586731074503078e-01	-3.636679304099930565e+00
-5.575059896220955213e-01	-2.532920337961658053e+00	7.087113416210828021e+00	-2.077412253035779421e-01	-8.891393277242809479e-01	-2.935397623595353167e+00
-7.479932092905614560e-01	-1.540014936022736869e+00	6.086621669412854985e+00	-2.638892192157359373e-01	-1.475294240037761107e+00	-3.010074414264734433e+00
-6.804555466146864351e-01	-1.267277297589091800e+00	6.336079937817373775e+00	-3.723690893086404330e-01	-6.731455965778365691e-01	-4.083589680350389273e+00
-7.273017352195617624e-01	-1.196228677204403068e+00	6.641837189426836652e+00	-1.886847702892942846e-01	-8.951222719627081048e-01	-2.573363234123424714e+00
-7.403240961849985036e-01	-1.381418715040766187e+00	8.224462246727087589e+00	-1.525696228717833280e-01	-3.867037145088581540e-01	-2.638722914446102408e+00
-7.172314891590323427e-01	-1.235212221380585618e+00	6.522343544605230470e+00	9.251219344555436375e-02	-5.640201108044506917e-01	-2.828844698856758377e+00
-7.638457229028239315e-01	-1.069317012338968587e+00	6.338175209225944684e+00	-3.855649961126994540e-02	-1.520033263883757702e+00	-2.503337401414778451e+00
-7.869149265373865942e-01	-1.930003468311698223e+00	7.143233594339949200e+00	8.644888975125886166e-02	-1.521320566562359033e+00	-4.230931626054106331e+00
-6.238736439077149365e-01	-1.692353662428248695e+00	7.112309468365517695e+00	-2.153100529000277485e-01	-7.863140204489140750e-01	-3.313374702172846131e+00
-9.127960018531268149e-01	-1.012099482115495608e+00	7.814316534515270085e+00	-2.712664041607912857e-01	-1.514643044445155518e+00	-2.865470060754288451e+00
-1.057805702449588381e+00	-1.033139422627839643e+00	6.967937271431226876e+00	-2.852025502789615197e-02	-1.591667232512844699e+00	-2.800738045760082340e+00
-6.928597624770155283e-01	-1.176021830841025739e+00	7.709939092864184218e+00	-3.034839613217613086e-02	-1.152931598463610818e+00	-4.402533242230725286e+00
-6.203043161100394443e-01	-8.710674512601389585e-01	7.378385518629099415e+00	-4.297854437756262191e-01	-7.245216425488276712e-01	-2.993051828329957420e+00
-8.142699689037068422e-01	-1.286088032320421792e+00	7.379987391299227539e+00	-2.501133308923719212e-01	-6.683848579748337126e-01	-3.016387169802226875e+00
-5.811860795676333513e-01	-1.189815496337332412e+00	9.882375280788231464e+00	-1.413674399476313459e-01	-8.322835896858389315e-01	-2.760471658946968443e+00
-6.555488882410629436e-01	-1.266179427800952384e+00	7.656407240918043478e+00	2.978318670832397208e-02	-7.002521517080914082e-01	-1.300844184137515347e+00
-8.263801314113554675e-01	-7.749099617768728798e-01	9.394967402896210018e+00	-1.936695191330375099e-01	-1.025046947453485346e+00	-2.270044550352673163e+00
-7.520287741209226162e-01	-1.522998260963862149e+00	7.942838632394384923e+00	-5.192282629971824992e-01	-1.333009781553412321e+00	-1.411093227773153380e+00
-9.199710136039880304e-01	-1.087522431935187495e+00	8.459535416140758102e+00	-3.242713227389218411e-01	-1.149967721771355533e+00	-2.171927645723034761e+00
-8.530742153915493731e-01	-1.142847172577173165e+00	8.948469497981481169e+00	-4.695228802553360614e-01	-1.090532579661491752e+00	-1.863281220827392115e+00
-7.694362794199793854e-01	-1.792853470253257253e+00	8.042293371603570051e+00	-4.397559490848697017e-01	-1.248784819951462843e+00	-2.848847192795745720e+00
-8.500637659499751253e-01	-1.252726678797653426e+00	6.977828085556982529e+00	-3.844910464545162054e-01	-1.357683391135687589e+00	-2.783781596727633811e+00
-8.672201936525156807e-01	-5.967688483062300042e-01	6.806145322628228023e+00	-3.878978636159195470e-01	-1.390857103360723768e+00	-1.246973197731067184e+00
-9.520841299769087218e-01	-1.451550158242504551e+00	6.993450222764709068e+00	-2.899504583582999118e-01	-1.609545947041292724e+00	-1.955608709867679540e+00
-8.708482252259679424e-01	-1.877787786702184825e+00	8.389730546556394941e+00	-4.172608895966094522e-01	-1.426705266993554044e+00	-2.132247957464297183e+00
-9.237892953558022313e-01	-7.061975040135441972e-01	7.967307682370071475e+00	-7.828269206541366154e-02	-1.168176978002621658e+00	-2.500446239584494190e+00
-8.715020282674199592e-01	-2.270979657761718062e-01	9.171226720623774753e+00	-2.630631288141413449e-01	-4.893700749311340470e-01	-2.596001876594285829e+00
-7.715414735755951048e-01	-1.616455586866268002e+00	8.446610880494006324e+00	-2.870725258457308415e-01	-9.986358992744910346e-01	-1.371542738662798300e+00
-1.193629656139646666e+00	-1.348364933515645792e+00	8.136626384941857637e+00	-2.951270213480549631e-01	-1.052309368541125778e+00	-3.049831193664923390e+00
-9.995982049649596579e-01	-6.363613367936169496e-01	9.555701088891501271e+00	-1.396405101966501361e-01	-1.327569577132024614e+00	-2.119930004481973107e+00
-7.888170807888450486e-01	-7.279651799249228228e-01	9.686724089673351301e+00	-5.141086679116979585e-01	-8.661095267016867272e-01	-1.636049712385523991e+00
-8.363970484309148912e-01	-3.602874864410277600e-01	7.876469509088621201e+00	-4.207774737452606439e-01	-1.007036278631767701e+00	-2.109299503690856614e+00
-9.202602298879154485e-01	-4.805653442934080255e-01	8.005360689482657222e+00	-3.109019970810584788e-01	-1.281068964076005789e+00	-2.520831021289108076e+00
-7.846072076372948567e-01	-8.410207698846551283e-01	9.824261041021935981e+00	-4.780804538865735531e-01	-1.440132294313035022e+00	-1.601949362547295586e+00
-8.685359322020473893e-01	-4.509897005342713427e-01	7.769575142638350584e+00	-6.522636621152549941e-02	-1.573648703355245093e+00	-1.542047353816358157e+00
-1.027847878768572976e+00	-6.642830451619126109e-01	8.906092420159396283e+00	-2.882634533732772453e-01	-8.332024445196831719e-01	-3.092091174210103599e+00
-8.784902671485966819e-01	-6.212954681476292595e-01	8.798406972036591611e+00	-7.512752146145691423e-01	-9.707892141813563303e-01	-2.091783722168489845e+00
-9.043057162619029254e-01	-1.316738356298848278e-01	9.651676803243605107e+00	-3.838422588702212757e-01	-1.715144331204976114e+00	-1.346665544284311622e+00
-8.297215726282638482e-01	-1.396017232345307391e-01	8.755136066240941872e+00	-6.515465653739209717e-01	-1.359729268292685811e+00	-2.997527473962871447e+00
-8.820181291498266907e-01	-2.905837611450369229e-01	8.993781902907230119e+00	-8.522208120603533832e-01	-9.673224402827900192e-01	-1.743433398473509754e+00
-9.422107776846089244e-01	-2.677028247376655457e-01	7.500892446288309756e+00	-4.462275953398762152e-01	-1.313505448883422799e+00	-1.596764441404491031e+00
-9.397144738588069091e-01	-3.403057624560654748e-01	9.778001192891988325e+00	-2.331819782313208911e-01	-1.710557635075314886e+00	-1.942528851911753840e+00
-1.040839927595000880e+00	-4.374932150789271335e-01	9.646386849595298685e+00	-4.636013999943708885e-01	-1.045411395687200207e+00	-2.720173129099493714e+00
-8.648034919422993294e-01	-4.086666724455659816e-01	6.495474345878816891e+00	-3.203313436299786710e-01	-1.501286530573721301e+00	-1.976007810898448236e+00
-1.075941997150306584e+00	1.459362151310609201e-01	9.906037739416586163e+00	-5.918230670123095782e-01	-2.006020398253569148e+00	-3.210365542870469824e+00
-8.413317101486692540e-01	-5.592167198486865942e-01	7.463430943613177604e+00	-3.679193947257867192e-01	-1.566449688500807236e+00	-2.148867199560049457e+00
-9.421646227623078351e-01	7.829187942865323269e-02	8.481544436374660378e+00	-2.934182342859279480e-01	-1.372575344044588697e+00	-2.277883576582223846e+00
-9.334097154076470559e-01	1.774113341122180165e-01	8.824471139444078460e+00	-6.169930114759336615e-01	-1.849700530761781758e+00	-2.580844554243053590e+00
-8.934259781664246614e-01	-9.487457012031706716e-03	8.590807224565075728e+00	-4.344141893177498326e-01	-8.093925061646043417e-01	-2.099053661337268561e+00
-8.304247716191757167e-01	6.218313904314471535e-02	8.254424937471659618e+00	-4.868783887407114319e-01	-1.521919696718922799e+00	-1.646923167930276266e+00
-9.075374715815345272e-01	-1.774786161834601417e-01	8.690282364368087542e+00	-6.001723157679916820e-01	-2.175286700564001308e+00	-9.003789099692801612e-01
-9.967880314076761339e-01	-3.960111670724986155e-01	7.736501534200987962e+00	-5.569455486035630454e-01	-1.392648483368155388e+00	-1.080368268514894758e+00
-8.621495344921562554e-01	2.375347114182810304e-01	7.490677502560178169e+00	-3.738898434211568311e-01	-1.822017345179121062e+00	-7.989534788405012744e-01
-1.176607682380106379e+00	6.761060975609811674e-02	7.610734878789800817e+00	-6.228513066950168708e-01	-1.106712716706012900e+00	-2.194786456546035325e+00
-6.784218984268124419e-01	2.500654251549977447e-01	8.575689833613763469e+00	-4.243174416412343053e-01	-1.449328450145489722e+00	-1.804039839224383046e+00
-9.588110076609961396e-01	4.330260959374676588e-01	9.876586755155944530e+00	-3.575671543526085516e-01	-2.023444490536479012e+00	-2.510589025466229529e+00
-1.077925640988663059e+00	2.665418965709334675e-01	8.644767091334319531e+00	-6.895466561921900217e-01	-1.344200507901929464e+00	-2.464298709865960113e+00
-5.997840023507678975e-01	4.704684296704688684e-01	7.971423216990483063e+00	-2.666483405413656027e-01	-1.163077428365063115e+00	-8.256275288412313618e-01
-1.006713429619147560e+00	8.514586713620435621e-01	9.081544528729869725e+00	-4.923523117827993123e-01	-1.572429125913885173e+00	-1.902653492366399579e+00
-8.034674915254554906e-01	2.949335106334046719e-01	9.102691818375399535e+00	-6.024286728703931448e-01	-1.950741899635547449e+00	-9.088672071146478570e-01
-9.476292554665191048e-01	7.285030568130975714e-01	7.029633789519289522e+00	-6.844518218512960495e-01	-2.071160825272517769e+00	-1.455265137385805874e+00
-9.795709188509051923e-01	4.239193623179424719e-01	9.284079790969029133e+00	-7.565752549876405553e-01	-1.567100592022507177e+00	-7.947529897643906827e-01
-8.952865765612834092e-01	9.802671735510606332e-01	7.834635652020254248e+00	-9.308262611587090340e-01	-1.341349734823287010e+00	-1.537818203464069278e+00
-9.302162521211285728e-01	5.669715801896693108e-01	8.146982147706006927e+00	-3.638243536252137589e-01	-1.429502426528240333e+00	-1.097691940505870933e+00
-7.947190539277210197e-01	3.403767917140186339e-01	8.579988225108971633e+00	-5.200786597040429893e-01	-1.153579662408392714e+00	-1.264871981218208763e+00
-9.356734317322594752e-01	7.183483029164581257e-01	8.342747300331868843e+00	-9.887060446045916606e-01	-1.661948762086573161e+00	-8.776656663533888292e-03
-8.588035498233262954e-01	7.157706571363087189e-01	9.727158710754769899e+00	-5.213691375828191088e-01	-1.833544033926182815e+00	-1.107551414456509953e+00
-7.094565219664992206e-01	1.588567611276936464e+00	9.362310425978341399e+00	-7.509426262807372687e-01	-1.812963249608262828e+00	-3.865109516649857246e-01
-9.216325120977514329e-01	7.287102844073769514e-01	8.536687308078928282e+00	-7.075308931904760179e-01	-1.088290374336114752e+00	-3.875617782451556970e-02
-7.573275941093542407e-01	8.411682743084043512e-01	7.665758438816150822e+00	-7.422216975954378793e-01	-6.792308685667970414e-01	-1.539836648090356697e+00
-8.079116235969481252e-01	1.491665623000839380e+00	6.822364616300238715e+00	-7.662095985344885563e-01	-2.065356721900148518e+00	-4.807659227959530934e-01
-7.985894275729145120e-01	1.578973541499956390e+00	8.050829425540872109e+00	-9.327245953667935296e-01	-2.087903209339853738e+00	-2.587627303599746131e+00
-7.481724589412614979e-01	1.132506536267102071e+00	7.684276181304485753e+00	-8.759549588907620254e-01	-1.641336637173452573e+00	-1.643773988161219446e+00
-8.228205678255353650e-01	1.280599844291812728e+00	7.475898052349039702e+00	-3.867363886508181636e-01	-1.638462140355457786e+00	-7.037331042816363791e-01
-9.802346907832863998e-01	1.066804113578478930e+00	8.189197421048966419e+00	-7.960463674479816287e-01	-1.849745593786149334e+00	-7.118061259635161120e-01
-8.674461715745558354e-01	1.301187441582106752e+00	8.381788426757193378e+00	-9.747844505061058484e-01	-1.219312231418015813e+00	-9.884958184350347565e-01
-8.532136353266236428e-01	1.104138752750092767e+00	8.862547128498148297e+00	-4.690680238058192453e-01	-1.876358129331959113e+00	-3.761622134061275435e-01
-6.706454268474166813e-01	8.798994342740436014e-01	7.357846191385889689e+00	-5.352048090110100853e-01	-1.211602669702767976e+00	-5.765745544422036239e-01
-9.545898993027011059e-01	1.285924649379157625e+00	7.019129118150475577e+00	-7.040034140832126530e-01	-1.723277690007121832e+00	-5.970259207207819774e-01
-9.304998357415676935e-01	1.733481994213303956e+00	7.665840055120162866e+00	-5.595313836518868156e-01	-1.631983137128115269e+00	-1.841580310373270413e+00
-6.404329209872816620e-01	1.079936635345909446e+00	7.294932271795115497e+00	-6.019507213598138673e-01	-1.022725867156129897e+00	1.207326638669042884e-01
-1.007072825774547820e+00	1.350874973508383814e+00	6.786174159617606172e+00	-4.955787362673693686e-01	-1.850381958324049281e+00	-9.347729045190538155e-01
-7.949755400760736279e-01	1.172407191792281367e+00	6.852968813552483773e+00	-8.006874085077950731e-01	-1.257072419245025774e+00	1.574682510218102793e-01
