theta1	omega1	alpha1	theta2	omega2	alpha2
1.000000000000000000e+00	0.000000000000000000e+00	-8.802452910894221105e+00	5.000000000000000000e-01	2.999999999999999889e-01	1.510544354383582366e+00
9.998901675465318162e-01	-4.397234589974514940e-02	-8.802199226204265869e+00	5.015174905098194191e-01	3.075402243757301424e-01	1.508102529532806102e+00
9.995606775651803000e-01	-8.794158239361175855e-02	-8.801188063235770187e+00	5.030726187715580666e-01	3.150690835608406792e-01	1.506322545230574406e+00
9.990115548909688226e-01	-1.319038903182153388e-01	-8.799422642545181361e+00	5.046653388315510691e-01	3.225913809741676186e-01	1.505469281492366918e+00
9.982428435135526357e-01	-1.758554531474166849e-01	-8.796883640493334156e+00	5.062956296644368637e-01	3.301117062513404532e-01	1.505527814827331667e+00
9.972546064274520061e-01	-2.197923595868661040e-01	-8.793552100092412616e+00	5.079634920338857995e-01	3.376345187393546832e-01	1.506459599498185753e+00
9.960469270736457270e-01	-2.637106070684023806e-01	-8.789409317188372484e+00	5.096689495810905468e-01	3.451640931200052886e-01	1.508227101814611615e+00
9.946199090032366019e-01	-3.076060853942967910e-01	-8.784431911966436246e+00	5.114120464048862447e-01	3.527044904774840339e-01	1.510784095057516652e+00
9.929736769203427738e-01	-3.514745619767426499e-01	-8.778594373508781246e+00	5.131928467247958148e-01	3.602595313397651267e-01	1.514080945995857519e+00
9.911083761705387074e-01	-3.953116706684216553e-01	-8.771867364408308276e+00	5.150114323619496837e-01	3.678327769198359021e-01	1.518060883765912195e+00
9.890241746969331560e-01	-4.391128887221734112e-01	-8.764218829292218516e+00	5.168679024991001958e-01	3.754274872238750338e-01	1.522662467604760650e+00
9.867212634818036676e-01	-4.828735226721466156e-01	-8.755612975648517704e+00	5.187623717551775870e-01	3.830465969765475265e-01	1.527817760046701778e+00
9.841998574415262713e-01	-5.265886916449150634e-01	-8.746009018165921134e+00	5.206949684926911459e-01	3.906926869333676167e-01	1.533450306627798909e+00
9.814601963020745945e-01	-5.702533110103239489e-01	-8.735367269068660789e+00	5.226658331608061703e-01	3.983679557584700048e-01	1.539485471916322012e+00
9.785025452457511985e-01	-6.138620818543860658e-01	-8.723640219122046346e+00	5.246751170927445029e-01	4.060742023693166280e-01	1.545835594727833495e+00
9.753271972735665374e-01	-6.574094533933209084e-01	-8.710775783725011934e+00	5.267229781202550365e-01	4.138127631193106448e-01	1.552405012254865824e+00
9.719344737995060379e-01	-7.008896090239291610e-01	-8.696720661726033086e+00	5.288095794162728236e-01	4.215844869229751768e-01	1.559096437265253599e+00
9.683247256162758054e-01	-7.442964673503981166e-01	-8.681419213307208338e+00	5.309350879298749826e-01	4.293897416676426548e-01	1.565809063378168275e+00
9.644983345622725190e-01	-7.876236466942609926e-01	-8.664808961143080523e+00	5.330996711748716699e-01	4.372283521906949466e-01	1.572430346514977373e+00
9.604557153771811073e-01	-8.308644473284646503e-01	-8.646824535955431656e+00	5.353034939957386218e-01	4.450995740830281377e-01	1.578843745094985707e+00
9.561973169022593977e-01	-8.740118336163815727e-01	-8.627396750867035280e+00	5.375467163574534357e-01	4.530020640660167852e-01	1.584926116074996116e+00
9.517236241065265556e-01	-9.170584132226199392e-01	-8.606452002383264244e+00	5.398294897920427049e-01	4.609338478849580034e-01	1.590547966764262355e+00
9.470351598702362317e-01	-9.599964171783966771e-01	-8.583913139631704325e+00	5.421519542414607873e-01	4.688922891391736347e-01	1.595573712111558962e+00
9.421324866966269695e-01	-1.002817680565995850e+00	-8.559698715154468118e+00	5.445142350305760548e-01	4.768740587798731001e-01	1.599861667923448749e+00
9.370162091782777702e-01	-1.045513621697689466e+00	-8.533723411589903662e+00	5.469164386348903673e-01	4.848751043659013660e-01	1.603263821462149963e+00
9.316869757088482862e-01	-1.088075223348574871e+00	-8.505898243056208230e+00	5.493586496537220532e-01	4.928906202607099551e-01	1.605627103909910147e+00
9.261454816592933348e-01	-1.130493014053222778e+00	-8.476130076865501906e+00	5.518409255064850027e-01	5.009150217828716167e-01	1.606791739046030898e+00
9.203924698389742698e-01	-1.172757046366076361e+00	-8.444321690862238938e+00	5.543632953091788274e-01	5.089419079017805103e-01	1.606591397164805812e+00
9.144287329038492951e-01	-1.214856877600107188e+00	-8.410372076363614724e+00	5.569257557573679129e-01	5.169640325732725028e-01	1.604854127119438090e+00
9.082551176768962620e-01	-1.256781557469941024e+00	-8.374179424519297754e+00	5.595282640906410476e-01	5.249732909332415209e-01	1.601408949843687424e+00
9.018725287824480574e-01	-1.298519613627491909e+00	-8.335635640079203768e+00	5.621707321059770113e-01	5.329607006874497177e-01	1.596073558781313295e+00
8.952819283908911574e-01	-1.340059024752285888e+00	-8.294629913384937936e+00	5.648530261154192100e-01	5.409163555578525573e-01	1.588662066073368351e+00
8.884843401815391006e-01	-1.381387219457608451e+00	-8.251052742672982276e+00	5.675749605482965920e-01	5.488294265082280798e-01	1.578990717622104967e+00
8.814808519464246706e-01	-1.422491061744625140e+00	-8.204787002431771725e+00	5.703362935632482200e-01	5.566881402922750910e-01	1.566864371708902581e+00
8.742726178379587321e-01	-1.463356825332390976e+00	-8.155714680876258171e+00	5.731367231292563424e-01	5.644797412790741875e-01	1.552086700715449297e+00
8.668608625055010952e-01	-1.503970207703355655e+00	-8.103722533312293308e+00	5.759758803699950303e-01	5.721905145843386720e-01	1.534469120263395325e+00
8.592468840827212073e-01	-1.544316321928886460e+00	-8.048689587005924295e+00	5.788533245982546704e-01	5.798057746625631115e-01	1.513811219395961416e+00
8.514320563332296032e-01	-1.584379683198632316e+00	-7.990498819047616053e+00	5.817685396242177065e-01	5.873098442383991591e-01	1.489918279736059503e+00
8.434178315428776385e-01	-1.624144220946079686e+00	-7.929030722066613635e+00	5.847209289745600724e-01	5.946860715851487456e-01	1.462592122668468164e+00
8.352057437191681144e-01	-1.663593265685425759e+00	-7.864168447614815705e+00	5.877098105858273858e-01	6.019168125335850883e-01	1.431638452249387683e+00
8.267974117194331063e-01	-1.702709585979178764e+00	-7.795799728904057702e+00	5.907344116458345118e-01	6.089834836738410306e-01	1.396869579714007159e+00
8.181945420183568407e-01	-1.741475372825892931e+00	-7.723809332508153602e+00	5.937938639681454855e-01	6.158665398229220544e-01	1.358093488654787961e+00
8.093989312638246725e-01	-1.779872276004655030e+00	-7.648094407200233036e+00	5.968871996618677622e-01	6.225455252544140894e-01	1.315135653887239187e+00
8.004124691371721223e-01	-1.817881419205525262e+00	-7.568546947575782724e+00	6.000133463604142570e-01	6.289990952438989646e-01	1.267814355946654814e+00
7.912371410143780315e-01	-1.855483416474525304e+00	-7.485074239453638256e+00	6.031711227272102960e-01	6.352050391798035323e-01	1.215969280253034412e+00
7.818750299302168472e-01	-1.892658432800816914e+00	-7.397583921125260531e+00	6.063592349540103399e-01	6.411403654175171773e-01	1.159440670461094669e+00
7.723283196871759682e-01	-1.929386179663576284e+00	-7.305993291466393202e+00	6.095762716388277713e-01	6.467812953659564101e-01	1.098082269327449012e+00
7.625992957068122857e-01	-1.965646004086669674e+00	-7.210232685849632617e+00	6.128207018406800488e-01	6.521033876365612825e-01	1.031766015540767967e+00
7.526903481341010727e-01	-2.001416895525246264e+00	-7.110234119306710454e+00	6.160908699690789136e-01	6.570815480782875584e-01	9.603662751234764983e-01
7.426039723523805147e-01	-2.036677567911486797e+00	-7.005953142152407054e+00	6.193849943012753601e-01	6.616901441662379479e-01	8.837901865474009355e-01
7.323427707083816074e-01	-2.071406510821560687e+00	-6.897344147444073315e+00	6.227011638064741117e-01	6.659030765074233083e-01	8.019433721381687974e-01
7.219094539839164826e-01	-2.105582039455010879e+00	-6.784386855400725835e+00	6.260373353221821979e-01	6.696938489035388908e-01	7.147668305642014275e-01
7.113068404207661954e-01	-2.139182400440827081e+00	-6.667067879382784668e+00	6.293913341524599581e-01	6.730357161809558120e-01	6.222111983964282445e-01
7.005378584728532143e-01	-2.172185798859514350e+00	-6.545390707502747318e+00	6.327608494566828723e-01	6.759017221286257593e-01	5.242508272924055746e-01
6.896055438458644771e-01	-2.204570524176635349e+00	-6.419379882102930424e+00	6.361434376283569003e-01	6.782648767156099767e-01	4.208896741388912233e-01
6.785130416019542476e-01	-2.236314996987263548e+00	-6.289067772887165120e+00	6.395365185866848101e-01	6.800982211486649165e-01	3.121426089882106680e-01
6.672636035655385989e-01	-2.267397872433623451e+00	-6.154514374051132108e+00	6.429373786620461440e-01	6.813749750295541308e-01	1.980639682558944514e-01
6.558605870442890673e-01	-2.297798131960878454e+00	-6.015790506109169655e+00	6.463431716304716135e-01	6.820686660054614547e-01	7.872299431056717367e-02
6.443074543718398939e-01	-2.327495161578970961e+00	-5.872986842609634550e+00	6.497509186040211215e-01	6.821532404750368928e-01	-4.578230350836065554e-02
6.326077690057709813e-01	-2.356468844147263653e+00	-5.726213473923735364e+00	6.531575128142883546e-01	6.816031990636395310e-01	-1.753258615916024610e-01
6.207651929536137647e-01	-2.384699672532856862e+00	-5.575603228649470111e+00	6.565597224514182484e-01	6.803937563380684228e-01	-3.097493925480421240e-01
6.087834839463435177e-01	-2.412168826581902348e+00	-5.421295739304014205e+00	6.599541939626953901e-01	6.785009546963515215e-01	-4.488832661076003205e-01
5.966664928773215415e-01	-2.438858231388914000e+00	-5.263453685732656595e+00	6.633374550272039816e-01	6.759017538476761455e-01	-5.925244919712895353e-01
5.844181586257560790e-01	-2.464750673647260193e+00	-5.102258164133218088e+00	6.667059211380121919e-01	6.725742001484503740e-01	-7.404424698767684276e-01
5.720425033093810008e-01	-2.489829887460488500e+00	-4.937906500262215559e+00	6.700559016940612622e-01	6.684975565614228454e-01	-8.923819924189047015e-01
5.595436277982580586e-01	-2.514080624490373506e+00	-4.770607230804898791e+00	6.733836057314547263e-01	6.636524113881159259e-01	-1.048069546704482491e+00
5.469257067322100818e-01	-2.537488706835446806e+00	-4.600583088240455254e+00	6.766851484992434385e-01	6.580207665055313182e-01	-1.207209098855003049e+00
5.341929825742661730e-01	-2.560041107310296660e+00	-4.428069485165906372e+00	6.799565593177870904e-01	6.515861628416340645e-01	-1.369483816599768033e+00
5.213497600001669730e-01	-2.581725997040743348e+00	-4.253311728417656923e+00	6.831937891888767433e-01	6.443337641941386806e-01	-1.534559525460565510e+00
5.084003995569592593e-01	-2.602532797548342547e+00	-4.076563602191299651e+00	6.863927193696627294e-01	6.362504476438615164e-01	-1.702086421369926938e+00
4.953493115872867891e-01	-2.622452209804495116e+00	-3.898084538964212697e+00	6.895491698170167494e-01	6.273248647094353814e-01	-1.871702543796402551e+00
4.822009494429447818e-01	-2.641476248686810635e+00	-3.718139622940725530e+00	6.926589085837816517e-01	6.175475110023143088e-01	-2.043033584388126656e+00
4.689598032332576438e-01	-2.659598255516674392e+00	-3.536995310880911347e+00	6.957176607217820941e-01	6.069107670429523260e-01	-2.215698459037923840e+00
4.556303928400059489e-01	-2.676812908727963514e+00	-3.354919502693746836e+00	6.987211182011668908e-01	5.954089383821629111e-01	-2.389308905944119488e+00
4.422172615330389189e-01	-2.693116218747838797e+00	-3.172177582372114557e+00	7.016649492274504851e-01	5.830382741741257924e-01	-2.563474914351900225e+00
4.287249690996743356e-01	-2.708505515660861729e+00	-2.989031974065483155e+00	7.045448082860972239e-01	5.697969779692242387e-01	-2.737804855845297425e+00
4.151580856303628275e-01	-2.722979426708582285e+00	-2.805739276372605673e+00	7.073563454876173884e-01	5.556852035014544500e-01	-2.911909826249598154e+00
4.015211847195825912e-01	-2.736537843064344333e+00	-2.622548547539963693e+00	7.100952167823270100e-01	5.407050387670511160e-01	-3.085404865895895909e+00
3.878188370181512301e-01	-2.749181878481974373e+00	-2.439700281797513526e+00	7.127570938496810005e-01	5.248604784907640042e-01	-3.257911869852762266e+00
3.740556055125797696e-01	-2.760913823105755949e+00	-2.257423868468777073e+00	7.153376719083086588e-01	5.081573844382649696e-01	-3.429062123277645924e+00
3.602360383055366322e-01	-2.771737078773488072e+00	-2.075935490078109069e+00	7.178326808529462699e-01	4.906034310024352529e-01	-3.598498645018139541e+00
3.463646639976147856e-01	-2.781656103342626807e+00	-1.895441552182319356e+00	7.202378931159492126e-01	4.722080521752027304e-01	-3.765874174155811716e+00
3.324459867147497305e-01	-2.790676341351288947e+00	-1.716129747822378704e+00	7.225491321283055157e-01	4.529823726299956332e-01	-3.930860086190392622e+00
3.184844805436173876e-01	-2.798804137798281744e+00	-1.538174532158109287e+00	7.247622817010184182e-01	4.329391198665332174e-01	-4.093141744014303640e+00
3.044845862668063008e-01	-2.806046681756484418e+00	-1.361736461569762469e+00	7.268732923497223108e-01	4.120925630749467938e-01	-4.252419661309289722e+00
2.904507066364509504e-01	-2.812411906473096579e+00	-1.186954632341894467e+00	7.288781898357934441e-01	3.904584046742718972e-01	-4.408417849659286958e+00
2.763872029294260346e-01	-2.817908411361641718e+00	-1.013957938549083337e+00	7.307730819657995980e-01	3.680536923962864915e-01	-4.560872351317357243e+00
2.622983922761712994e-01	-2.822545394570695532e+00	-8.428539428275598766e-01	7.325541643724546859e-01	3.448967402739638310e-01	-4.709543777507690265e+00
2.481885443174964012e-01	-2.826332542335265874e+00	-6.737335444963719056e-01	7.342177275663884783e-01	3.210070002625174945e-01	-4.854212656696802242e+00
2.340618793009507925e-01	-2.829279972434935342e+00	-5.066765319722890126e-01	7.357601616892720520e-01	2.964049913895144828e-01	-4.994673666514017896e+00
2.199225660897734802e-01	-2.831398142459732981e+00	-3.417400151136007480e-01	7.371779617802869389e-01	2.711121871602835687e-01	-5.130749119569742334e+00
2.057747205706200733e-01	-2.832697764033722532e+00	-1.789703907522834925e-01	7.384677324968913492e-01	2.451509075957167827e-01	-5.262275773276400059e+00
1.916224045823060051e-01	-2.833189751077744845e+00	-1.839885339381908125e-02	7.396261917898643290e-01	2.185442481597649478e-01	-5.389110452387456007e+00
1.774696252307609856e-01	-2.832885124067282767e+00	1.399602898102330073e-01	7.406501747087144150e-01	1.913159553309205507e-01	-5.511132451787901232e+00
1.633203343349863557e-01	-2.831794956429397381e+00	2.961003862053530611e-01	7.415366364396615007e-01	1.634903496391619249e-01	-5.628232996721436621e+00
1.491784283498304720e-01	-2.829930314287468995e+00	4.500316808027946536e-01	7.422826548892914600e-01	1.350922384544115395e-01	-5.740326843379307320e+00
1.350477488190512942e-01	-2.827302185874058349e+00	6.017736389296715060e-01	7.428854328087048930e-01	1.061468140994131365e-01	-5.847343348552790587e+00
1.209320823816319168e-01	-2.823921444339951403e+00	7.513543670363560523e-01	7.433422997995857706e-01	7.667959111043795573e-02	-5.949226164454508137e+00
1.068351619566337007e-01	-2.819798790169869118e+00	8.988135847014291357e-01	7.436507133998382368e-01	4.671631506127964240e-02	-6.045937560895968232e+00
9.276066758960473113e-02	-2.814944710204406064e+00	1.044196688985039145e+00	7.438082601527944426e-01	1.628289078913469634e-02	-6.137450966993395873e+00
7.871222723263021637e-02	-2.809369446178220375e+00	1.187557113563116218e+00	7.438126565021829784e-01	-1.459467907498628036e-02	-6.223754937615519900e+00
6.469341875726224156e-02	-2.803082956235044332e+00	1.328954154610755722e+00	7.436617485703992392e-01	-4.589036882034197573e-02	-6.304850525802123684e+00
5.070777076307984160e-02	-2.796094891711187636e+00	1.468451404796041970e+00	7.433535126726841247e-01	-7.757818333948218736e-02	-6.380749247759389675e+00
3.675876448816056685e-02	-2.788414575031818554e+00	1.606116696652634346e+00	7.428860547482262211e-01	-1.096322153665120619e-01	-6.451474426953424768e+00
2.284983570783922016e-02	-2.780050982091013534e+00	1.742020946955335603e+00	7.422576096173235660e-01	-1.420266982701354208e-01	-6.517058896823314740e+00
8.984375844230894567e-03	-2.771012728438325023e+00	1.876237014133948833e+00	7.414665407250293772e-01	-1.747360521716530002e-01	-6.577544475672794988e+00
-4.834265473107314526e-03	-2.761308063881974917e+00	2.008838618175559532e+00	7.405113384467310045e-01	-2.077349268927268233e-01	-6.632981185672207403e+00
-1.860277899351193628e-02	-2.750944865259609795e+00	2.139901211857704766e+00	7.393906192249657394e-01	-2.409982429109383817e-01	-6.683427263358453274e+00
-3.231789403442843212e-02	-2.739930635748263121e+00	2.269498574770977939e+00	7.381031241718598590e-01	-2.745012272148921739e-01	-6.728946917887071777e+00
-4.597637619207230880e-02	-2.728272511279076884e+00	2.397704543421468770e+00	7.366477170643358496e-01	-3.082194437292331557e-01	-6.769611216899761530e+00
-5.957502622450670804e-02	-2.715977258011577966e+00	2.524591937050445267e+00	7.350233832444224014e-01	-3.421288288457485782e-01	-6.805497174746591327e+00
-7.311067750158031786e-02	-2.703051290698113007e+00	2.650229392890196323e+00	7.332292270043576643e-01	-3.762057110350582323e-01	-6.836685277777888814e+00
-8.658019410855680165e-02	-2.689500686146804043e+00	2.774684307698180419e+00	7.312644694093428654e-01	-4.104268332122370522e-01	-6.863261503777778216e+00
-9.998047037345676735e-02	-2.675331178780923747e+00	2.898024312063625985e+00	7.291284473083314843e-01	-4.447693879193062583e-01	-6.885318308236350049e+00
-1.133084284267821262e-01	-2.660548189001266550e+00	3.020308692875914858e+00	7.268206102845815586e-01	-4.792110269460252980e-01	-6.902947979197932682e+00
-1.265610162878784972e-01	-2.645156846941287387e+00	3.141594570959796329e+00	7.243405179362832902e-01	-5.137298737107856006e-01	-6.916247182680137939e+00
-1.397352071975699328e-01	-2.629161994779870781e+00	3.261939380417288703e+00	7.216878382442479811e-01	-5.483045514557863820e-01	-6.925318771743718571e+00
-1.528279980472819211e-01	-2.612568211594482381e+00	3.381391073291979410e+00	7.188623448357420731e-01	-5.829141933538207754e-01	-6.930264063925449136e+00
-1.658364076489345917e-01	-2.595379845388422257e+00	3.499994405579172962e+00	7.158639139045435140e-01	-6.175384463762599863e-01	-6.931187568110999564e+00
-1.787574760800762219e-01	-2.577601021595783859e+00	3.617794211148066097e+00	7.126925221195792304e-01	-6.521574924244940563e-01	-6.928199277415899360e+00
-1.915882637752766293e-01	-2.559235661658951333e+00	3.734826063755463110e+00	7.093482440788803078e-01	-6.867520610540774895e-01	-6.921407478899084253e+00
-2.043258500703009350e-01	-2.540287520984007230e+00	3.851121554003157144e+00	7.058312489595097716e-01	-7.213034268525267967e-01	-6.910922588258131327e+00
-2.169673326497494337e-01	-2.520760202243073955e+00	3.966711189867055509e+00	7.021417980735985553e-01	-7.557934243395428853e-01	-6.896859003308009051e+00
-2.295098270426121634e-01	-2.500657168656656992e+00	4.081618255305556886e+00	6.982802423504387290e-01	-7.902044618550329025e-01	-6.879330587363313043e+00
-2.419504656865731074e-01	-2.479981782727593398e+00	4.195861092715404084e+00	6.942470189462616181e-01	-8.245195166180590007e-01	-6.858452128561225436e+00
-2.542863975557373979e-01	-2.458737322308245155e+00	4.309455927643512041e+00	6.900426485450854575e-01	-8.587221448176074468e-01	-6.834341023304602913e+00
-2.665147878957475625e-01	-2.436926991609522197e+00	4.422414080972203010e+00	6.856677327457720850e-01	-8.927964938413861518e-01	-6.807115287059900766e+00
-2.786328178312915127e-01	-2.414553955773487637e+00	4.534741286051485076e+00	6.811229507322701382e-01	-9.267272984491981003e-01	-6.776892946733653389e+00
-2.906376842287717865e-01	-2.391621358538667419e+00	4.646440718175199436e+00	6.764090563861466787e-01	-9.604998868884327967e-01	-6.743793711107855415e+00
-3.025265995880391801e-01	-2.368132332633642090e+00	4.757512242786788192e+00	6.715268755477867835e-01	-9.941001900061335883e-01	-6.707938334459697671e+00
-3.142967921329720138e-01	-2.344090027638650042e+00	4.867950290803037205e+00	6.664773027709725017e-01	-1.027514739726456128e+00	-6.669447261960044671e+00
-3.259455059423040368e-01	-2.319497627768032366e+00	4.977746771934789649e+00	6.612612983068267836e-01	-1.060730672246604112e+00	-6.628442007325702434e+00
-3.374700009695009162e-01	-2.294358361287874626e+00	5.086891251958604698e+00	6.558798852784898381e-01	-1.093735734148540750e+00	-6.585045005986785327e+00
-3.488675535142628514e-01	-2.268675522945466483e+00	5.195368233595672791e+00	6.503341464570252528e-01	-1.126518281826549783e+00	-6.539378243408691560e+00
-3.601354566645802446e-01	-2.242452490964518930e+00	5.303159644651486815e+00	6.446252211470507865e-01	-1.159067282537546761e+00	-6.491564203737993921e+00
-3.712710205832992494e-01	-2.215692737339007845e+00	5.410246709810962784e+00	6.387543022405914872e-01	-1.191372317227338273e+00	-6.441726315204959974e+00
-3.822715727481324488e-01	-2.188399834984266601e+00	5.516606543841362509e+00	6.327226333376005929e-01	-1.223423583604966947e+00	-6.389987611493893382e+00
-3.931344590375872028e-01	-2.160577479659956168e+00	5.622213776669468643e+00	6.265315053338271767e-01	-1.255211893314917893e+00	-6.336471151167302196e+00
-4.038570442620362799e-01	-2.132229498103818788e+00	5.727041338458320752e+00	6.201822534262033670e-01	-1.286728673128362921e+00	-6.281300056423560818e+00
-4.144367123646006679e-01	-2.103359854579084587e+00	5.831060955696784731e+00	6.136762542330134185e-01	-1.317965964622016539e+00	-6.224597333623250961e+00
-4.248708674799460683e-01	-2.073972661754131863e+00	5.934241732228656474e+00	6.070149225840156815e-01	-1.348916423393098141e+00	-6.166485789739795109e+00
-4.351569349045335544e-01	-2.044072189524767769e+00	6.036551603874613647e+00	6.001997083679090350e-01	-1.379573317840931290e+00	-6.107087943786837059e+00
-4.452923616973100684e-01	-2.013662870833891283e+00	6.137957489981204162e+00	5.932320935618864421e-01	-1.409930527162928993e+00	-6.046525723168656441e+00
-4.552746170763164457e-01	-1.982749306365322539e+00	6.238425157806432253e+00	5.861135893843213429e-01	-1.439982538275954127e+00	-5.984920645254646843e+00
-4.651011939554544061e-01	-1.951336270533024386e+00	6.337919466444532191e+00	5.788457329508027716e-01	-1.469724444137899377e+00	-5.922393696047492995e+00
-4.747696097228361056e-01	-1.919428714747535514e+00	6.436404642714364854e+00	5.714300843018828013e-01	-1.499151940204232814e+00	-5.859065054199618316e+00
-4.842774066615762041e-01	-1.887031771364124477e+00	6.533844123194626263e+00	5.638682236268888204e-01	-1.528261318988963779e+00	-5.795053648865291507e+00
-4.936221530831126358e-01	-1.854150755087044189e+00	6.630201471134228086e+00	5.561617481778370342e-01	-1.557049466116838810e+00	-5.730477951717602991e+00
-5.028014445513373509e-01	-1.820791163243207889e+00	6.725440047005577071e+00	5.483122691660242687e-01	-1.585513856028816448e+00	-5.665455214295093356e+00
-5.118129046228410139e-01	-1.786958676829347503e+00	6.819522733492476618e+00	5.403214089270058640e-01	-1.613652545536905292e+00	-5.600101172071958899e+00
-5.206541853028865408e-01	-1.752659162997191489e+00	6.912412682823173782e+00	5.321907982926543657e-01	-1.641464165641261186e+00	-5.534530264208910921e+00
-5.293229685794074157e-01	-1.717898670194181188e+00	7.004073786029039184e+00	5.239220733709076816e-01	-1.668947916573625401e+00	-5.468855689387510211e+00
-5.378169672697749037e-01	-1.682683426707012098e+00	7.094470181496490113e+00	5.155168727510616167e-01	-1.696103559737002886e+00	-5.403188917953684722e+00
-5.461339255810496729e-01	-1.647019841838080811e+00	7.183565337513755367e+00	5.069768349696639476e-01	-1.722931407759484390e+00	-5.337639165851214784e+00
-5.542716200586492725e-01	-1.610914502521621605e+00	7.271324791295228351e+00	4.983035957257292980e-01	-1.749432315487052358e+00	-5.272314315135758989e+00
-5.622278607829768182e-01	-1.574374166695371224e+00	7.357714493513981324e+00	4.894987849445048833e-01	-1.775607671351274730e+00	-5.207320056395587926e+00
-5.700004920814563114e-01	-1.537405761404980087e+00	7.442700292684662600e+00	4.805640242561446396e-01	-1.801459385999074847e+00	-5.142759583341899088e+00
-5.775873929812748164e-01	-1.500016385206055514e+00	7.526248865598176963e+00	4.715009248136355913e-01	-1.826989878780159726e+00	-5.078733716613783145e+00
-5.849864785476565077e-01	-1.462213295456022299e+00	7.608329053538454900e+00	4.623110842260310105e-01	-1.852202068200928808e+00	-5.015341156730755756e+00
-5.921957006530346179e-01	-1.424003904165749068e+00	7.688910377117963435e+00	4.529960841138291894e-01	-1.877099358760335956e+00	-4.952677832997665064e+00
-5.992130487060430832e-01	-1.385395774378141764e+00	7.767961872608225349e+00	4.435574877685939388e-01	-1.901685626774126892e+00	-4.890836384891372290e+00
-6.060365498190831701e-01	-1.346396628952463592e+00	7.845452697036421341e+00	4.339968386343643347e-01	-1.925965201573451191e+00	-4.829906172782671092e+00
-6.126642701719939854e-01	-1.307014331143429908e+00	7.921355792866052070e+00	4.243156571622531681e-01	-1.949942854410789073e+00	-4.769974218562879287e+00
-6.190943156789890933e-01	-1.267256880443418554e+00	7.995644157013202857e+00	4.145154386612753261e-01	-1.973623781861774784e+00	-4.711123898492928674e+00
-6.253248326153799663e-01	-1.227132409613702180e+00	8.068290494148868675e+00	4.045976512926681146e-01	-1.997013587989684424e+00	-4.653434653129693288e+00
-6.313540081018207406e-01	-1.186649194659536555e+00	8.139266777066950453e+00	3.945637348846247616e-01	-2.020118261598600640e+00	-4.596981676683185469e+00
-6.371800709295952769e-01	-1.145815637189866676e+00	8.208549187893822818e+00	3.844150982214325496e-01	-2.042944161219773846e+00	-4.541837282273149867e+00
-6.428012921941385072e-01	-1.104640259758151055e+00	8.276113549420301752e+00	3.741531171590440907e-01	-2.065497995187123959e+00	-4.488069305269846154e+00
-6.482159858829799060e-01	-1.063131704442282999e+00	8.341935207477263248e+00	3.637791330020135883e-01	-2.087786799766543133e+00	-4.435740802603731936e+00
-6.534225095360399749e-01	-1.021298746833507298e+00	8.405987339119860735e+00	3.532944518370725873e-01	-2.109817910494901749e+00	-4.384909243394304212e+00
-6.584192647790924058e-01	-9.791502808108175637e-01	8.468247936109833063e+00	3.427003422657333709e-01	-2.131598943605554020e+00	-4.335628953960394938e+00
-6.632046978771365398e-01	-9.366953142592996384e-01	8.528693734655121261e+00	3.319980338387646390e-01	-2.153137772475628431e+00	-4.287948665957628691e+00
-6.677773003055557099e-01	-8.939429711446190696e-01	8.587300610237718956e+00	3.211887159305417683e-01	-2.174442500751229357e+00	-4.241911381286854521e+00
-6.721356097577113609e-01	-8.509025099955737081e-01	8.644040468921502907e+00	3.102735376580089688e-01	-2.195521426686484645e+00	-4.197552752408228116e+00
-6.762782104453347598e-01	-8.075833142044570589e-01	8.698890272690221082e+00	2.992536062145508824e-01	-2.216383019771670515e+00	-4.154905120050898404e+00
-6.802037335342379087e-01	-7.639948889541308130e-01	8.751824536507058383e+00	2.881299856678997129e-01	-2.237035893421033261e+00	-4.113993844743390582e+00
-6.839108578107750969e-01	-7.201468685262627512e-01	8.802816424537013518e+00	2.769036964439578474e-01	-2.257488771937604000e+00	-4.074837570187582969e+00
-6.873983109129465641e-01	-6.760490373143879239e-01	8.851833346178011652e+00	2.655757157405951863e-01	-2.277750448412923845e+00	-4.037445548746518398e+00
-6.906648698658360841e-01	-6.317113339115141279e-01	8.898845897667285954e+00	2.541469769691896974e-01	-2.297829751512815655e+00	-4.001822594154873514e+00
-6.937093614872166247e-01	-5.871438527475467684e-01	8.943821022270924459e+00	2.426183691171838186e-01	-2.317735512876340831e+00	-3.967965014880974195e+00
-6.965306634494135007e-01	-5.423568605881488036e-01	8.986722449397461787e+00	2.309907371415308996e-01	-2.337476524577144943e+00	-3.935860325643943725e+00
-6.991277054126635582e-01	-4.973608122003282395e-01	9.027511675851570772e+00	2.192648824354290205e-01	-2.357061495444387145e+00	-3.905488162078654568e+00
-7.014994694759694172e-01	-4.521663608305190318e-01	9.066147307861257332e+00	2.074415628777815934e-01	-2.376499012237797359e+00	-3.876819579761331624e+00
-7.036449912903087744e-01	-4.067843766354127810e-01	9.102582972106489478e+00	1.955214935947803823e-01	-2.395797493114323551e+00	-3.849815354339170881e+00
-7.055633619879316809e-01	-3.612259811451031255e-01	9.136766203335952241e+00	1.835053488955147305e-01	-2.414965129164650115e+00	-3.824425082287689293e+00
-7.072537287064547540e-01	-3.155025582829719677e-01	9.168642965869906902e+00	1.713937626169851902e-01	-2.434009842295733250e+00	-3.800590325668736114e+00
-7.087152957877419501e-01	-2.696257779646459296e-01	9.198152938668243905e+00	1.591873294197269639e-01	-2.452939233381525419e+00	-3.778241050787300992e+00
-7.099473269489725569e-01	-2.236076317299120486e-01	9.225227427442163730e+00	1.468866072063642336e-01	-2.471760519874028450e+00	-3.757293552938335779e+00
-7.109491470119280176e-01	-1.774604645230349054e-01	9.249794073083691615e+00	1.344921192236370466e-01	-2.490480476188841497e+00	-3.737654534369312387e+00
-7.117201428897651505e-01	-1.311970004151396529e-01	9.271773039178015097e+00	1.220043555810824965e-01	-2.509105379096115307e+00	-3.719217684523073331e+00
-7.122597659613991716e-01	-8.483038313155552568e-02	9.291075338669415373e+00	1.094237762810675307e-01	-2.527640939728629466e+00	-3.701862121490648860e+00
-7.125675352003142393e-01	-3.837422435996269698e-02	9.307604076638600787e+00	9.675081517872144432e-02	-2.546092228324384532e+00	-3.685453439100001560e+00
-7.126430382908228722e-01	8.157364259738675294e-03	9.321254712429345446e+00	8.398588200048616448e-02	-2.564463613212891069e+00	-3.669843880662938318e+00
-7.124859343519792665e-01	5.474972376447059808e-02	9.331912600597028984e+00	7.112936615430326404e-02	-2.582758685786223474e+00	-3.654870074276686864e+00
-7.120959579388852490e-01	1.013875938630427742e-01	9.339452001141410165e+00	5.818164193771666048e-02	-2.600980179051278096e+00	-3.640352057095697091e+00
-7.114729214050323769e-01	1.480550641887942442e-01	9.343737989313979142e+00	4.514307226055833816e-02	-2.619129890833301832e+00	-3.626095004138960576e+00
-7.106167177528283085e-01	1.947355213654033690e-01	9.344624003052700800e+00	3.201401299227742137e-02	-2.637208602895623866e+00	-3.611886916388357349e+00
-7.095273249715846609e-01	2.414115921365252437e-01	9.341952429512090816e+00	1.879481893021585359e-02	-2.655215996522565902e+00	-3.597499279758721968e+00
-7.082048105798047777e-01	2.880650851053046524e-01	9.335552942558791756e+00	5.485850113283043117e-03	-2.673150566717866994e+00	-3.582685237390023758e+00
-7.066493344794326781e-01	3.346769260618541186e-01	9.325242512071667988e+00	-7.912523411692899689e-03	-2.691009529456596550e+00	-3.567179690556031346e+00
-7.048611538971679691e-01	3.812270962378462857e-01	9.310827036918709609e+00	-2.139991460158098546e-02	-2.708788732521645759e+00	-3.550701064877785029e+00
-7.028406292823182744e-01	4.276945835261152240e-01	9.292100572229713862e+00	-3.497591135057302736e-02	-2.726482580185130011e+00	-3.532950524936040892e+00
-7.005882284743116806e-01	4.740573027931202499e-01	9.268841092607743803e+00	-4.864006998441284396e-02	-2.744083925333794305e+00	-3.513607523401788058e+00
-6.981045322156135269e-01	5.202920308865361942e-01	9.240816187168974238e+00	-6.239190728929853991e-02	-2.761583977373742282e+00	-3.492335903280945786e+00
-6.953902403610494609e-01	5.663743725274511531e-01	9.207786007874233292e+00	-7.623089174497353626e-02	-2.778972243459710612e+00	-3.468787114263477633e+00
-6.924461777481496494e-01	6.122786799113020262e-01	9.169490917389737206e+00	-9.015643490630144419e-02	-2.796236420326085881e+00	-3.442587012724288797e+00
-6.892733005113441669e-01	6.579779832246008819e-01	9.125661594154053091e+00	-1.041678822179693265e-01	-2.813362298038391884e+00	-3.413346753558244018e+00
-6.858727028709670215e-01	7.034439743103688691e-01	9.076032293157993536e+00	-1.182645032848731875e-01	-2.830333721613339737e+00	-3.380677264618270783e+00
-6.822456239383104526e-01	7.486469636364410096e-01	9.020315094945658529e+00	-1.324454820029767332e-01	-2.847132523627355027e+00	-3.344161320243756563e+00
-6.783934546938540366e-01	7.935558229100059258e-01	8.958221858798253834e+00	-1.467099063045908813e-01	-2.863738442215723712e+00	-3.303377530270836360e+00
-6.743177452393455118e-01	8.381379706864432455e-01	8.889459963449496627e+00	-1.610567576017478686e-01	-2.880129085693814428e+00	-3.257895735237525514e+00
-6.700202120917428950e-01	8.823593591261948976e-01	8.813735453666481590e+00	-1.754849000645345714e-01	-2.896279898961392263e+00	-3.207280524788075127e+00
-6.655027455205647646e-01	9.261844750191582376e-01	8.730756082126617912e+00	-1.899930697506750921e-01	-2.912164145924597936e+00	-3.151094658693864403e+00
-6.607674168310934126e-01	9.695763563778311278e-01	8.640234674345492749e+00	-2.045798637050338653e-01	-2.927752909420988647e+00	-3.088902851873854161e+00
-6.558164855234840385e-01	1.012496626806385969e+00	8.541892857242146420e+00	-2.192437291058639826e-01	-2.943015111152723406e+00	-3.020275974707374189e+00
-6.506524062314952284e-01	1.054905549808756948e+00	8.435465256233101172e+00	-2.339829525650520270e-01	-2.957917554105201408e+00	-2.944795790980379024e+00
-6.452778353230133046e-01	1.096762105604602633e+00	8.320704750991239962e+00	-2.487956497134200529e-01	-2.972424990404917367e+00	-2.862060906450324183e+00
-6.396956369487264427e-01	1.138024096400142460e+00	8.197385920511351287e+00	-2.636797552977429016e-01	-2.986500221427339063e+00	-2.771690678935101460e+00
-6.339088891741997411e-01	1.178648246550763945e+00	8.065307087631595095e+00	-2.786330132049191222e-01	-3.000104192142709625e+00	-2.673327562441045302e+00
-6.279208882420910243e-01	1.218590384974222784e+00	7.924309287494338605e+00	-2.936529683001019020e-01	-3.013196179080555037e+00	-2.566658669882826871e+00
-6.217351530453586461e-01	1.257805623743868173e+00	7.774266001586738639e+00	-3.087369580246913103e-01	-3.025733973788376829e+00	-2.451404163095048716e+00
-6.153554280052305758e-01	1.296248544164212868e+00	7.615094317202192542e+00	-3.238821058528806862e-01	-3.037674076141321233e+00	-2.327330140515869061e+00
-6.087856853649195044e-01	1.333873450061970223e+00	7.446764398331993107e+00	-3.390853150993227150e-01	-3.048971963343095393e+00	-2.194259364105164423e+00
-6.020301256407307733e-01	1.370634620885333055e+00	7.269299316184969939e+00	-3.543432648955758824e-01	-3.059582361098265313e+00	-2.052071462816456915e+00
-5.950931775320140726e-01	1.406486607199480598e+00	7.082783963333667998e+00	-3.696524065937107362e-01	-3.069459562296894095e+00	-1.900713133210956585e+00
-5.879794950798270525e-01	1.441384540184863061e+00	6.887367852581519401e+00	-3.850089632750169910e-01	-3.078557765089204867e+00	-1.740201775756759162e+00
-5.806939546538744112e-01	1.475284470520632496e+00	6.683268614021471876e+00	-4.004089293492734125e-01	-3.086831443678426101e+00	-1.570629739644346046e+00
-5.732416488560532208e-01	1.508143709646608599e+00	6.470776216150625260e+00	-4.158480736482987883e-01	-3.094235726417852828e+00	-1.392169576843343748e+00
-5.656278798992390167e-01	1.539921204978676572e+00	6.250252640335020260e+00	-4.313219429981805519e-01	-3.100726812061338489e+00	-1.205074276338336858e+00
-5.578581500058815701e-01	1.570577892526230812e+00	6.022136207550261133e+00	-4.468258692180509528e-01	-3.106262366166569144e+00	-1.009682562116950066e+00
-5.499381509512307753e-01	1.600077084623966028e+00	5.786934746945917141e+00	-4.623549769868807724e-01	-3.110801957269844209e+00	-8.064121360459921561e-01
-5.418737509944784314e-01	1.628384811974873836e+00	5.545234560399876500e+00	-4.779041947667909684e-01	-3.114307447688245301e+00	-5.957699550938286848e-01
-5.336709806524160271e-01	1.655470213142811842e+00	5.297684231947528133e+00	-4.934682669082490758e-01	-3.116743437904762715e+00	-3.783353026774420869e-01
-5.253360162094573571e-01	1.681305805810403564e+00	5.044998031555223861e+00	-5.090417685930395120e-01	-3.118077586370370913e+00	-1.547641051215578045e-01
-5.168751618154866501e-01	1.705867856872163024e+00	4.787949989487970015e+00	-5.246191221270021243e-01	-3.118281039051682413e+00	7.421707917296771484e-02
-5.082948307880573724e-01	1.729136587596027397e+00	4.527359027213151421e+00	-5.401946145439631142e-01	-3.117328681905850996e+00	3.078266366637762985e-01
-4.996015242404403534e-01	1.751096465219614817e+00	4.264093963480831917e+00	-5.557624179984352875e-01	-3.115199491174243107e+00	5.452219228081958136e-01
-4.908018106115938917e-01	1.771736330613951527e+00	3.999044442443846492e+00	-5.713166095927031396e-01	-3.111876705493948236e+00	7.855307246641132224e-01
-4.819023020915060851e-01	1.791049577677997773e+00	3.733134365663772769e+00	-5.868511945455596734e-01	-3.107348058830772697e+00	1.027835793807753362e+00
-4.729096330351565403e-01	1.809034202175876738e+00	3.467285338332999345e+00	-6.023601275489288698e-01	-3.101605870122354780e+00	1.271215097853200859e+00
-4.638304356841335685e-01	1.825692845011171350e+00	3.202430458909589106e+00	-6.178373371322438690e-01	-3.094647131001878826e+00	1.514725515639611331e+00
-4.546713178974419733e-01	1.841032756155224215e+00	2.939481027370447919e+00	-6.332767481046625013e-01	-3.086473505829931518e+00	1.757440232263434154e+00
-4.454388398628873480e-01	1.855065703702686530e+00	2.679332746412455890e+00	-6.486723052884838525e-01	-3.077091274252228281e+00	1.998440333058852048e+00
-4.361394917964050433e-01	1.867807845221493013e+00	2.422845017357076358e+00	-6.640179963688690457e-01	-3.066511232488635219e+00	2.236839030850433119e+00
-4.267796730860404786e-01	1.879279527223148394e+00	2.170834102015305689e+00	-6.793078734177382394e-01	-3.054748515712202739e+00	2.471787354833622885e+00
-4.173656714715718308e-01	1.889505064377170251e+00	1.924072290374056138e+00	-6.945360745333877261e-01	-3.041822399182267489e+00	2.702477212376834359e+00
-4.079036449474046644e-01	1.898512465088059598e+00	1.683260907584212873e+00	-7.096968427622938336e-01	-3.027756038702580366e+00	2.928168281144280627e+00
-3.983995989258139470e-01	1.906333061836962273e+00	1.449032860201896256e+00	-7.247845503394088063e-01	-3.012576114427655494e+00	3.148186690813417954e+00
-3.888593757717982990e-01	1.913001248553239053e+00	1.221980616471228132e+00	-7.397937097049523958e-01	-2.996312576406068739e+00	3.361897607305763813e+00
-3.792886432061813862e-01	1.918554147331097637e+00	1.002599464023319342e+00	-7.547189859477786422e-01	-2.978998315695629007e+00	3.568763013131274420e+00
-3.696928768397027554e-01	1.923031179591600637e+00	7.913163708707315891e-01	-7.695552157498869450e-01	-2.960668739169197927e+00	3.768311793779503205e+00
-3.600773474885096137e-01	1.926473690607046096e+00	5.884720503759126586e-01	-7.842974212787011679e-01	-2.941361396697771635e+00	3.960160204269413953e+00
-3.504471149020149667e-01	1.928924561281891936e+00	3.943509583072000169e-01	-7.989408174069709823e-01	-2.921115588398262908e+00	4.143980375489036305e+00
-3.408070239313730765e-01	1.930427922543088481e+00	2.091542800322940820e-01	-8.134808163386864077e-01	-2.899972080106956618e+00	4.319528860749414889e+00
-3.311616964744288905e-01	1.931028702727120239e+00	3.301374905106513324e-02	-8.279130370269072170e-01	-2.877972643237926675e+00	4.486632129551253456e+00
-3.215155277347337415e-01	1.930772349391997489e+00	-1.340039195299596031e-01	-8.422333098624759096e-01	-2.855159777382562325e+00	4.645182410741199419e+00
-3.118726855911550522e-01	1.929704452443105955e+00	-2.918985650800323128e-01	-8.564376783589214837e-01	-2.831576324611827733e+00	4.795139732258121512e+00
-3.022371102535666987e-01	1.927870495418407382e+00	-4.407200538604456597e-01	-8.705224004526858073e-01	-2.807265220386313764e+00	4.936514407027289053e+00
-2.926125160608995524e-01	1.925315541509323936e+00	-5.805797359485040943e-01	-8.844839477180571619e-01	-2.782269172583856864e+00	5.069379664189682444e+00
-2.830023933227264754e-01	1.922084008266036870e+00	-7.116275721889451233e-01	-8.983190044682849429e-01	-2.756630434804372864e+00	5.193847282562273904e+00
-2.734100128529527440e-01	1.918219434454934813e+00	-8.340624225999135888e-01	-9.120244641620799397e-01	-2.730390569015659352e+00	5.310079162792135321e+00
-2.638384303895486838e-01	1.913764288784219669e+00	-9.481135127349489267e-01	-9.255974259303009211e-01	-2.703590252272040306e+00	5.418267411550004908e+00
-2.542904925813459505e-01	1.908759806588139041e+00	-1.054044546221916789e+00	-9.390351895010091710e-01	-2.676269111820374746e+00	5.518639337990862259e+00
-2.447688434417471248e-01	1.903245843079176547e+00	-1.152143241274984575e+00	-9.523352496616644958e-01	-2.648465576913515029e+00	5.611446075464755268e+00
-2.352759313130872165e-01	1.897260762662702716e+00	-1.242717898096998397e+00	-9.654952902056004316e-01	-2.620216768170491317e+00	5.696959614055913335e+00
-2.258140180274752773e-01	1.890841347499098157e+00	-1.326093728490263857e+00	-9.785131756506567635e-01	-2.591558405626049222e+00	5.775468649611639194e+00
-2.163851841125682962e-01	1.884022719384335964e+00	-1.402607597991618604e+00	-9.913869470095615366e-01	-2.562524732186303833e+00	5.847273258111044925e+00
-2.069913399831300460e-01	1.876838307533111427e+00	-1.472601528378504554e+00	-1.004114811447945899e+00	-2.533148482487543429e+00	5.912678415221762407e+00
-1.976342330306819217e-01	1.869319800219017225e+00	-1.536429228420615800e+00	-1.016695136157317547e+00	-2.503460835688550823e+00	5.972000612599231317e+00
-1.883154563971633222e-01	1.861497133970889895e+00	-1.594436955527953614e+00	-1.029126440513385754e+00	-2.473491406827203587e+00	6.025548169568764934e+00
-1.790364589321294664e-01	1.853398510155600754e+00	-1.646975964409307380e+00	-1.041407387030270248e+00	-2.443268266126339849e+00	6.073634199807656842e+00
-1.697985518456259779e-01	1.845050372802219840e+00	-1.694392572400261088e+00	-1.053536775707819784e+00	-2.412817917726234995e+00	6.116566355050963466e+00
-1.606029193931615973e-01	1.836477472415436019e+00	-1.737023215954422994e+00	-1.065513534269489471e+00	-2.382165367552942836e+00	6.154641760252616223e+00
-1.514506260085511091e-01	1.827702867771994200e+00	-1.775205721634506517e+00	-1.077336712031727872e+00	-2.351334126042264216e+00	6.188158868870687002e+00
-1.423426249884575945e-01	1.818747977715499786e+00	-1.809258986899749289e+00	-1.089005472204512603e+00	-2.320346262678922855e+00	6.217396310388949132e+00
-1.332797670452602334e-01	1.809632639494822115e+00	-1.839499855166423004e+00	-1.100519084329010022e+00	-2.289222466907189890e+00	6.242630637990259856e+00
-1.242628071105966459e-01	1.800375130547493319e+00	-1.866230906807686551e+00	-1.111876918490228183e+00	-2.257982070327877011e+00	6.264123640758498368e+00
-1.152924129980691936e-01	1.790992260152134197e+00	-1.889741722312692218e+00	-1.123078437672415220e+00	-2.226643141584195185e+00	6.282123757190447577e+00
-1.063691719052364121e-01	1.781499399112163484e+00	-1.910315529086688002e+00	-1.134123192272084912e+00	-2.195222515924360351e+00	6.296873123128534644e+00
-9.749359771053620061e-02	1.771910554444788843e+00	-1.928216300753661017e+00	-1.145010813841301101e+00	-2.163735871402361344e+00	6.308594164317582909e+00
-8.866613772995249332e-02	1.762238433545473937e+00	-1.943701651711535305e+00	-1.155741009362471150e+00	-2.132197793631208871e+00	6.317503168569373884e+00
-7.988717875443057670e-02	1.752494490311287567e+00	-1.957013073398456982e+00	-1.166313556228963044e+00	-2.100621821226124286e+00	6.323800172884602944e+00
-7.115705346301989809e-02	1.742689008642726023e+00	-1.968380064304596999e+00	-1.176728296896550674e+00	-2.069020529859036728e+00	6.327673361662618845e+00
-6.247604593029482817e-02	1.732831145468862744e+00	-1.978022282078313765e+00	-1.186985134368456318e+00	-2.037405573645009849e+00	6.329301397278413788e+00
-5.384439715160636852e-02	1.722929002208905436e+00	-1.986143875987750107e+00	-1.197084027725122679e+00	-2.005787755720307874e+00	6.328847604145266814e+00
-4.526231019483670237e-02	1.712989682243133416e+00	-1.992940578858792833e+00	-1.207024987979667952e+00	-1.974177083853749126e+00	6.326467423593953754e+00
-3.672995501782243266e-02	1.703019343176355394e+00	-1.998594383142403785e+00	-1.216808074249549065e+00	-1.942582820211886885e+00	6.322302980594599831e+00
-2.824747301765384230e-02	1.693023261616305009e+00	-2.003277156056697095e+00	-1.226433390239882293e+00	-1.911013543676567172e+00	6.316486904317571316e+00
-1.981498142138721219e-02	1.683005878208596151e+00	-2.007150557905788446e+00	-1.235901080774769234e+00	-1.879477191363159827e+00	6.309142330193708403e+00
-1.143257714904979613e-02	1.672970858050485177e+00	-2.010364280143562610e+00	-1.245211328960012853e+00	-1.847981115497576710e+00	6.300381180261410918e+00
-3.100340593674019707e-03	1.662921139970171103e+00	-2.013060059073609409e+00	-1.254364353338146998e+00	-1.816532128468024476e+00	6.290308343253400380e+00
5.181660594904250253e-03	1.652858975345460557e+00	-2.015369945713587185e+00	-1.263360404932601488e+00	-1.785136536818437536e+00	6.279020006982591440e+00
1.341336859911917458e-02	1.642785983856761778e+00	-2.017415936831639556e+00	-1.272199765347950651e+00	-1.753800191955100507e+00	6.266603375569047785e+00
2.159473222666049089e-02	1.632703194803239333e+00	-2.019312394319172199e+00	-1.280882744391295347e+00	-1.722528525894219564e+00	6.253139141661677058e+00
2.972570380400711698e-02	1.622611086875472175e+00	-2.021165128249094778e+00	-1.289409677744885574e+00	-1.691326585133649640e+00	6.238700735277234344e+00
3.780623699456350795e-02	1.612509630457441778e+00	-2.023072128547141801e+00	-1.297780925698034826e+00	-1.660199066230678477e+00	6.223355116400625775e+00
4.583628406674387923e-02	1.602398324637565263e+00	-2.025124125999241187e+00	-1.305996871124830871e+00	-1.629150346183628528e+00	6.207163301323021187e+00
5.381579353277281957e-02	1.592276232909356048e+00	-2.027404842153032405e+00	-1.314057917839343892e+00	-1.598184510964437699e+00	6.190180892038029015e+00
6.174470844465715369e-02	1.582142017109919641e+00	-2.029991384730465143e+00	-1.321964489680666821e+00	-1.567305381429571431e+00	6.172458432202006406e+00
6.962296410190509099e-02	1.571993970983162292e+00	-2.032954123937884106e+00	-1.329717028804847878e+00	-1.536516539337948073e+00	6.154041240155379455e+00
7.745048636144018228e-02	1.561830050459887875e+00	-2.036358016313670305e+00	-1.337315994633232918e+00	-1.505821349177540069e+00	6.134971081613571187e+00
8.522719028371905647e-02	1.551647901397646301e+00	-2.040262151337060459e+00	-1.344761863133467239e+00	-1.475222976866749525e+00	6.115285569682100686e+00
9.295297827797459334e-02	1.541444889809357788e+00	-2.044719769817447741e+00	-1.352055125421149917e+00	-1.444724411657274832e+00	6.095018181483737862e+00
1.006277389685489992e-01	1.531218126433996796e+00	-2.049779751552932794e+00	-1.359196287159617045e+00	-1.414328481057562481e+00	6.074200092874434631e+00
1.082513461094181118e-01	1.520964490533818214e+00	-2.055485757818246384e+00	-1.366185867944445631e+00	-1.384037864858634448e+00	6.052859099530905951e+00
1.158236571447961577e-01	1.510680656565402291e+00	-2.061876587377810210e+00	-1.373024400188435079e+00	-1.353855112809621009e+00	6.031020045732816470e+00
1.233445125185661656e-01	1.500363113751127075e+00	-2.068987360291657751e+00	-1.379712428835147220e+00	-1.323782653509158802e+00	6.008706287119366607e+00
1.308137347891435986e-01	1.490008187399831430e+00	-2.076848402306950447e+00	-1.386250510766421584e+00	-1.293822805591108960e+00	5.985938255360565563e+00
1.382311275405697371e-01	1.479612062331860267e+00	-2.085486314660215612e+00	-1.392639213895032313e+00	-1.263977791746655033e+00	5.962734803417447438e+00
1.455964751659793166e-01	1.469170797104662141e+00	-2.094924600750346144e+00	-1.398879117227241897e+00	-1.234249741031014258e+00	5.939113986819279489e+00
1.529095422781095170e-01	1.458680342151495779e+00	-2.105183219391619787e+00	-1.404970810408776583e+00	-1.204640696345308015e+00	5.915092461877179630e+00
1.601700731370861996e-01	1.448136557772006672e+00	-2.116277833322897095e+00	-1.410914893222996014e+00	-1.175152621975444456e+00	5.890684408488027657e+00
1.673777907102473594e-01	1.437535236177002851e+00	-2.128221085228688025e+00	-1.416711974588020784e+00	-1.145787416852677598e+00	5.865903226319232999e+00
1.745323969051130186e-01	1.426872110608252475e+00	-2.141023167039747932e+00	-1.422362672860032928e+00	-1.116546910432348216e+00	5.840762272424512958e+00
1.816335720712860535e-01	1.416142872469978720e+00	-2.154690861657627465e+00	-1.427867615208563423e+00	-1.087432869637721566e+00	5.815273524605345301e+00
1.886809748747161897e-01	1.405343184771264298e+00	-2.169229331474525679e+00	-1.433227437375733881e+00	-1.058447001429685175e+00	5.789449659188676378e+00
1.956742428524607391e-01	1.394468689293412389e+00	-2.184640761169930556e+00	-1.438442784212733638e+00	-1.029590948333332090e+00	5.763302490848104753e+00
2.026129914516762442e-01	1.383515027373682260e+00	-2.200924050066078053e+00	-1.443514308249774336e+00	-1.000866299493860412e+00	5.736842594141933205e+00
2.094968141806593243e-01	1.372477850604074900e+00	-2.218075959565112498e+00	-1.448442669586860188e+00	-9.722745905015861556e-01	5.710080564996587782e+00
2.163252827982959370e-01	1.361352830761798360e+00	-2.236092224759090641e+00	-1.453228535768871454e+00	-9.438173025229721347e-01	5.683028245117895949e+00
2.230979479881347038e-01	1.350135664365263111e+00	-2.254966057862930029e+00	-1.457872582212283996e+00	-9.154958555363004180e-01	5.655696979431240834e+00
2.298143387978270891e-01	1.338822090738867487e+00	-2.274688011472790095e+00	-1.462375490986024040e+00	-8.873116171310639899e-01	5.628097413084731215e+00
2.364739630203610832e-01	1.327407899763740629e+00	-2.295247066023193838e+00	-1.466737950729291695e+00	-8.592658998475801724e-01	5.600240674059136836e+00
2.430763075321236422e-01	1.315888940051916034e+00	-2.316630986987775032e+00	-1.470960656459822102e+00	-8.313599593320328829e-01	5.572138680495129393e+00
2.496208388328120253e-01	1.304261124809693362e+00	-2.338825661852069970e+00	-1.475044309601450943e+00	-8.035949903076093914e-01	5.543803374401761630e+00
2.561070030940871267e-01	1.292520443275663622e+00	-2.361815158168724338e+00	-1.478989617254098610e+00	-7.759721288077954249e-01	5.515246722547601621e+00
2.625342266249240386e-01	1.280662967404582187e+00	-2.385582203838225723e+00	-1.482797291984985222e+00	-7.484924496379687930e-01	5.486481164595716109e+00
2.689019163247128863e-01	1.268684858481398336e+00	-2.410108440741510094e+00	-1.486468051559483694e+00	-7.211569640523015634e-01	5.457519846568345656e+00
2.752094602145372937e-01	1.256582372434901229e+00	-2.435374105404434886e+00	-1.490002618761689046e+00	-6.939666162978850306e-01	5.428376165281292742e+00
2.814562278318963884e-01	1.244351867676223300e+00	-2.461358129218297108e+00	-1.493401720853915426e+00	-6.669222835321838572e-01	5.399063799281407228e+00
2.876415707741731831e-01	1.231989810403801622e+00	-2.488038390983319914e+00	-1.496666089273721578e+00	-6.400247732189061622e-01	5.369596913765462887e+00
2.937648232614836208e-01	1.219492779575074071e+00	-2.515391969251595583e+00	-1.499796459305992036e+00	-6.132748205100484462e-01	5.339990414477028935e+00
2.998253027543782423e-01	1.206857470847323421e+00	-2.543394898353312783e+00	-1.502793569810636720e+00	-5.866730847471804955e-01	5.310259498671314304e+00
3.058223104874610021e-01	1.194080702280791995e+00	-2.572022285252273832e+00	-1.505658162697862235e+00	-5.602201489639960785e-01	5.280419700889183332e+00
3.117551321008705245e-01	1.181159418076163981e+00	-2.601248498643712992e+00	-1.508390982563918570e+00	-5.339165172609752208e-01	5.250487035231287791e+00
3.176230382894862925e-01	1.168090692030662625e+00	-2.631047352202131151e+00	-1.510992776315724040e+00	-5.077626122284160104e-01	5.220478225810410322e+00
3.234252854932990751e-01	1.154871730259314333e+00	-2.661391960018590908e+00	-1.513464292843825998e+00	-4.817587717064174546e-01	5.190410256128814126e+00
3.291611165143835116e-01	1.141499874886383825e+00	-2.692254849219580137e+00	-1.515806282465805177e+00	-4.559052482911074566e-01	5.160300427337062956e+00
3.348297612123908862e-01	1.127972606383321752e+00	-2.723608094644191624e+00	-1.518019496519605882e+00	-4.302022069841990870e-01	5.130166458954761310e+00
3.404304372109528409e-01	1.114287545627423714e+00	-2.755423451104434207e+00	-1.520104686944187655e+00	-4.046497228921927536e-01	5.100026719485555304e+00
3.459623506298107887e-01	1.100442455453691126e+00	-2.787672278968329920e+00	-1.522062605888738540e+00	-3.792477784694620602e-01	5.069899716977488424e+00
3.514246967536876487e-01	1.086435242620047203e+00	-2.820325655572673895e+00	-1.523894005140754571e+00	-3.539962634419299703e-01	5.039804221164587261e+00
3.568166607648280975e-01	1.072263958835641517e+00	-2.853354470130284426e+00	-1.525599635683873911e+00	-3.288949728276655549e-01	5.009759331414585404e+00
3.621374184661168560e-01	1.057926801612141698e+00	-2.886729473765285547e+00	-1.527180247213959063e+00	-3.039436056152898802e-01	4.979784420185382032e+00
3.673861370352219380e-01	1.043422114718353777e+00	-2.920421369621863050e+00	-1.528636587705021421e+00	-2.791417624758299465e-01	4.949899451310841414e+00
3.725619757522502518e-01	1.028748388406882208e+00	-2.954400818324984357e+00	-1.529969402911969034e+00	-2.544889447670940497e-01	4.920124199821927391e+00
3.776640867144220315e-01	1.013904259368680005e+00	-2.988638544111097417e+00	-1.531179435842105585e+00	-2.299845542336661219e-01	4.890478787686603823e+00
3.826916155813211984e-01	9.988885102777713687e-01	-3.023105388218880307e+00	-1.532267426288813184e+00	-2.056278915993669520e-01	4.860983531478936470e+00
3.876437023048280861e-01	9.837000691519895978e-01	-3.057772266260485594e+00	-1.533234110330918609e+00	-1.814181558124287053e-01	4.831658756627035700e+00
3.925194818113526551e-01	9.683380093900505470e-01	-3.092610202491528071e+00	-1.534080219675644674e+00	-1.573544449293836078e-01	4.802524739849616253e+00
3.973180847638118074e-01	9.528015477399155442e-01	-3.127590685884058530e+00	-1.534806481294849645e+00	-1.334357542718906664e-01	4.773602165093294047e+00
4.020386382764848388e-01	9.370900428959825224e-01	-3.162685436365904934e+00	-1.535413616917448598e+00	-1.096609761085903384e-01	4.744911649526791564e+00
4.066802666189354709e-01	9.212029939348963525e-01	-3.197866540151096615e+00	-1.535902342509291696e+00	-8.602889958864015640e-02	4.716473858634650185e+00
4.112420919065991054e-01	9.051400386742836091e-01	-3.233106308409276153e+00	-1.536273367731413542e+00	-6.253821112721706654e-02	4.688309133341622470e+00
4.157232347644718717e-01	8.889009522560248344e-01	-3.268377593239222278e+00	-1.536527395331220625e+00	-3.918749574267020586e-02	4.660437975330733451e+00
4.201228150446192910e-01	8.724856439122443685e-01	-3.303653763233853624e+00	-1.536665120788725192e+00	-1.597523551001159281e-02	4.632880903049853671e+00
4.244399524819109093e-01	8.558941548042555691e-01	-3.338908665003600618e+00	-1.536687231768389728e+00	7.100189507367665048e-03	4.605658287426949826e+00
4.286737673494884771e-01	8.391266553771519199e-01	-3.374116690170183119e+00	-1.536594407622829950e+00	3.004050078101959398e-02	4.578790380332076637e+00
4.328233810786414337e-01	8.221834428506301640e-01	-3.409252699955402477e+00	-1.536387318806041735e+00	5.284751977972823589e-02	4.552296968423444667e+00
4.368879168861183881e-01	8.050649382302940138e-01	-3.444292290327553019e+00	-1.536066626384128497e+00	7.552316727277402775e-02	4.526198049357610387e+00
4.408665004020500544e-01	7.877716829372759522e-01	-3.479211652143362699e+00	-1.535632981618724857e+00	9.806946322537550553e-02	4.500513310768859299e+00
4.447582602543969643e-01	7.703043356954112353e-01	-3.513987637421394084e+00	-1.535087025439464847e+00	1.204885254268878853e-01	4.475262231905347221e+00
4.485623286462461223e-01	7.526636691498160836e-01	-3.548597794467468702e+00	-1.534429387959452384e+00	1.427825683928167777e-01	4.450464025301698712e+00
4.522778419221246682e-01	7.348505662779243330e-01	-3.583020394818163368e+00	-1.533660687975939574e+00	1.649539017053510137e-01	4.426137601235566876e+00
4.559039411051611368e-01	7.168660168460065929e-01	-3.617234425510275742e+00	-1.532781532516000800e+00	1.870049291601051933e-01	4.402301716594408276e+00
4.594397724212855305e-01	6.987111136911023923e-01	-3.651219634905771727e+00	-1.531792516371432988e+00	2.089381474389613302e-01	4.378974814300491403e+00
4.628844878056083134e-01	6.803870488993301047e-01	-3.684956542145812364e+00	-1.530694221638156938e+00	2.307561446582773457e-01	4.356175056799727940e+00
4.662372453877916545e-01	6.618951098593912619e-01	-3.718426488135492036e+00	-1.529487217259094756e+00	2.524615988036688075e-01	4.333920228000337715e+00
4.694972099562635948e-01	6.432366751424621887e-01	-3.751611601912770766e+00	-1.528172058561516833e+00	2.740572758739662218e-01	4.312227847527481117e+00
4.726635534070486866e-01	6.244132106319124631e-01	-3.784494820755185174e+00	-1.526749286845860976e+00	2.955460287971286015e-01	4.291115145616856807e+00
4.757354551685595845e-01	6.054262653472393119e-01	-3.817059919275493485e+00	-1.525219428948949796e+00	3.169307956920240921e-01	4.270599012530595928e+00
4.787121026065254692e-01	5.862774672707761203e-01	-3.849291513854268487e+00	-1.523582996822868019e+00	3.382145982479320412e-01	4.250696009390992458e+00
4.815926914062801933e-01	5.669685189970408157e-01	-3.881175118552050662e+00	-1.521840487118067520e+00	3.594005398055259981e-01	4.231422263009022799e+00
4.843764259354488289e-01	5.475011934563267513e-01	-3.912697054186594414e+00	-1.519992380779173091e+00	3.804918036729668662e-01	4.212793676635328666e+00
4.870625195869536239e-01	5.278773297236181161e-01	-3.943844524106168592e+00	-1.518039142653716755e+00	4.014916516932854895e-01	4.194825778720428389e+00
4.896501950983254692e-01	5.080988286218633965e-01	-3.974605603340478410e+00	-1.515981221102959298e+00	4.224034224265511561e-01	4.177533757593664632e+00
4.921386848496145938e-01	4.881676483515660636e-01	-4.004969254384178612e+00	-1.513819047623313763e+00	4.432305294415654351e-01	4.160932437102673020e+00
4.945272311300326629e-01	4.680857999614630449e-01	-4.034925339209223694e+00	-1.511553036474379663e+00	4.639764593088452349e-01	4.145036259246978716e+00
4.968150863995525190e-01	4.478553430519767176e-01	-4.064464571604702314e+00	-1.509183584318909199e+00	4.846447701403079900e-01	4.129859395384386289e+00
4.990015135213325959e-01	4.274783813610262273e-01	-4.093578563375842805e+00	-1.506711069869657749e+00	5.052390899088656795e-01	4.115415652457301121e+00
5.010857859704567208e-01	4.069570583169477285e-01	-4.122259812256515943e+00	-1.504135853544110724e+00	5.257631147273401639e-01	4.101718504986081371e+00
5.030671880178581024e-01	3.862935525763926403e-01	-4.150501724726922248e+00	-1.501458277130476970e+00	5.462206071005462071e-01	4.088781037420289977e+00
5.049450148853752429e-01	3.654900735079421592e-01	-4.178298579127499579e+00	-1.498678663466096239e+00	5.666153940494714769e-01	4.076616048398875591e+00
5.067185729075301959e-01	3.445488569075513818e-01	-4.205645531886972321e+00	-1.495797316106385777e+00	5.869513658836373882e-01	4.065236036240889916e+00
5.083871796480173844e-01	3.234721605332615546e-01	-4.232538629039794387e+00	-1.492814519015993824e+00	6.072324744900393645e-01	4.054653169102778065e+00
5.099501640002592762e-01	3.022622596944152806e-01	-4.258974797176762195e+00	-1.489730536264077809e+00	6.274627317770888890e-01	4.044879310561611874e+00
5.114068662675828048e-01	2.809214428606726099e-01	-4.284951840217615882e+00	-1.486545611726278748e+00	6.476462081753678879e-01	4.035926028680478339e+00
5.127566382046071514e-01	2.594520072170042879e-01	-4.310468479811689235e+00	-1.483259968805966666e+00	6.677870309052437170e-01	4.027804432534708212e+00
5.139988430118332952e-01	2.378562541339367953e-01	-4.335524282607551072e+00	-1.479873810180162730e+00	6.878893818858916598e-01	4.020525452620972828e+00
5.151328554148548733e-01	2.161364850717481523e-01	-4.360119674068045015e+00	-1.476387317478974115e+00	7.079574973210732702e-01	4.014099780430854025e+00
5.161580616327759996e-01	1.942949971478902804e-01	-4.384255958769074368e+00	-1.472800651033744801e+00	7.279956659293375099e-01	4.008537782112625791e+00
5.170738593463769517e-01	1.723340788030991444e-01	-4.407935305288376071e+00	-1.469113949617200765e+00	7.480082275288428839e-01	4.003849551113034977e+00
5.178796576480561020e-01	1.502560054943836432e-01	-4.431160742558034826e+00	-1.465327330187881527e+00	7.679995716939471695e-01	4.000044915744126683e+00
5.185748769518342405e-01	1.280630355027961853e-01	-4.453936097235256852e+00	-1.461440887659919197e+00	7.879741363758551165e-01	3.997133401675853293e+00
5.191589488568575383e-01	1.057574058893668428e-01	-4.476266083632090442e+00	-1.457454694704702680e+00	8.079364064615681684e-01	3.995124310921028155e+00
5.196313161021192117e-01	8.334132793011363172e-02	-4.498156272579215909e+00	-1.453368801446044634e+00	8.278909127817151159e-01	3.994026708090586908e+00
5.199914324048878767e-01	6.081698304126427479e-02	-4.519613057463708117e+00	-1.449183235257235136e+00	8.478422307932251822e-01	3.993849404178718032e+00
5.202387623012950657e-01	3.818651861899767519e-02	-4.540643664359777176e+00	-1.444898000540956184e+00	8.677949793749990537e-01	3.994600973631349916e+00
5.203727809692867412e-01	1.545204389077330792e-02	-4.561256147654158433e+00	-1.440513078511898470e+00	8.877538196600606168e-01	3.996289759809542375e+00
5.203929740173238727e-01	-7.384373971725172181e-03	-4.581459240831483370e+00	-1.436028427001005303e+00	9.077234539508507449e-01	3.998923914372085164e+00
5.202988372356245339e-01	-3.032071342145417625e-02	-4.601262586029200463e+00	-1.431443980285075801e+00	9.277086247289993981e-01	4.002511346507958478e+00
5.200898764074854963e-01	-5.335500337413250083e-02	-4.620676654127649385e+00	-1.426759648828723970e+00	9.477141133812785334e-01	4.007059744985667749e+00
5.197656070318685817e-01	-7.648532688277180636e-02	-4.639712672100380075e+00	-1.421975319111170588e+00	9.677447392154714390e-01	4.012576597954250701e+00
5.193255540430955497e-01	-9.970982504515328582e-02	-4.658382650540588088e+00	-1.417090853438429665e+00	9.878053584325782177e-01	4.019069188435537399e+00
5.187692515130349902e-01	-1.230267009012792206e-01	-4.676699376814873688e+00	-1.412106089757865890e+00	1.007900863109932876e+00	4.026544597334975606e+00
5.180962423283926865e-01	-1.464342229087210456e-01	-4.694676176736763296e+00	-1.407020841494974306e+00	1.028036180341300732e+00	4.035009791488619157e+00
5.173060778425748740e-01	-1.699307279436937101e-01	-4.712327286334414111e+00	-1.401834897414569348e+00	1.048216271549930356e+00	4.044471485135318289e+00
5.163983175414024185e-01	-1.935146262694970587e-01	-4.729667710856645613e+00	-1.396548021390301431e+00	1.068446131066898452e+00	4.054936190476496449e+00
5.153725286623457302e-01	-2.171844046716594478e-01	-4.746713117318293484e+00	-1.391159952262485788e+00	1.088730785378087873e+00	4.066410255031541965e+00
5.142282858026979708e-01	-2.409386299580394963e-01	-4.763479874105954082e+00	-1.385670403679701845e+00	1.109075292221823217e+00	4.078899843710246387e+00
5.129651705107404203e-01	-2.647759524297051414e-01	-4.779985037755750454e+00	-1.380079063942577067e+00	1.129484739678857208e+00	4.092410939568594586e+00
5.115827708668010398e-01	-2.886951087977220887e-01	-4.796246052038242169e+00	-1.374385595863491849e+00	1.149964245327203649e+00	4.106949380927289894e+00
5.100806810547878767e-01	-3.126949245267309219e-01	-4.812281210221641459e+00	-1.368589636642464358e+00	1.170518955460085220e+00	4.122520799026119676e+00
5.084585008816836504e-01	-3.367743185195490874e-01	-4.828109458403787357e+00	-1.362690797685799371e+00	1.191154043986150324e+00	4.139130639924360366e+00
5.067158353130936099e-01	-3.609323055301061345e-01	-4.843750266857512088e+00	-1.356688664483093554e+00	1.211874711603300403e+00	4.156784176671521891e+00
5.048522939856975311e-01	-3.851679989914994495e-01	-4.859223668104277749e+00	-1.350582796474889768e+00	1.232686184894249415e+00	4.175486498957639014e+00
5.028674907042444131e-01	-4.094806137626336162e-01	-4.874550231821984880e+00	-1.344372726923223960e+00	1.253593715402882891e+00	4.195242509893091665e+00
5.007610429482278747e-01	-4.338694681246926255e-01	-4.889750675909994015e+00	-1.338057962801602052e+00	1.274602578500644956e+00	4.216056810071336258e+00
4.985325713871737729e-01	-4.583339850600566256e-01	-4.904846448433687556e+00	-1.331637984703364364e+00	1.295718072050609182e+00	4.237933880706236778e+00
4.961816992676932880e-01	-4.828736963473958532e-01	-4.919859449764771853e+00	-1.325112246679475358e+00	1.316945515957127055e+00	4.260878000970933499e+00
4.937080518932734918e-01	-5.074882437801903068e-01	-4.934811873010715999e+00	-1.318480176148419503e+00	1.338290250841911666e+00	4.284893201299610155e+00
4.911112560675401917e-01	-5.321773808472100020e-01	-4.949726235460957469e+00	-1.311741173794142012e+00	1.359757636873978326e+00	4.309983275072454489e+00
4.883909395258419495e-01	-5.569409742397821717e-01	-4.964625333183903422e+00	-1.304894613467748821e+00	1.381353052554573635e+00	4.336151766004263663e+00
4.855467304043103449e-01	-5.817790042891226587e-01	-4.979531710480841866e+00	-1.297939842122250109e+00	1.403081892737711778e+00	4.363401551569609182e+00
4.825782567397570721e-01	-6.066915644526184037e-01	-4.994468431665495700e+00	-1.290876179776015542e+00	1.424949565989918732e+00	4.391735514058495937e+00
4.794851457488982227e-01	-6.316788643625736999e-01	-5.009458671980155486e+00	-1.283702919353311600e+00	1.446961495060052449e+00	4.421156227168125952e+00
4.762670232994741237e-01	-6.567412290326011259e-01	-5.024525508270357932e+00	-1.276419326649693264e+00	1.469123114284842213e+00	4.451665810231588694e+00
4.729235133295716098e-01	-6.818790985948343097e-01	-5.039691938843134267e+00	-1.269024640275321580e+00	1.491439867584171131e+00	4.483265974662572262e+00
4.694542372627178994e-01	-7.070930277136719955e-01	-5.054980804959143370e+00	-1.261518071604447622e+00	1.513917206338158516e+00	4.515957989318394539e+00
4.658588135022778132e-01	-7.323836832859706991e-01	-5.070413960523865171e+00	-1.253898804795433808e+00	1.536560585534901380e+00	4.549741759253151940e+00
4.621368569865969556e-01	-7.577518407324693728e-01	-5.086013474956871505e+00	-1.246165996866114956e+00	1.559375458563230232e+00	4.584617312413570289e+00
4.582879784000017387e-01	-7.831983855836991415e-01	-5.101800953010410922e+00	-1.238318777506137058e+00	1.582367278594304594e+00	4.620584061694216871e+00
4.543117837155420946e-01	-8.087243091636813208e-01	-5.117797228974666268e+00	-1.230356249156028037e+00	1.605541493321695601e+00	4.657640512851571657e+00
4.502078736667555758e-01	-8.343307050385488921e-01	-5.134022378994416158e+00	-1.222277487036321109e+00	1.628903540961892826e+00	4.695784351789029643e+00
4.459758432285440000e-01	-8.600187649006431068e-01	-5.150495588060550745e+00	-1.214081539188895942e+00	1.652458845958081124e+00	4.735012363081068543e+00
4.416152812483651879e-01	-8.857897714972563508e-01	-5.167233727419443312e+00	-1.205767426665116382e+00	1.676212811338127828e+00	4.775318692584619384e+00
4.371257701842669596e-01	-9.116450893376404352e-01	-5.184253448936658515e+00	-1.197334143817604835e+00	1.700170808691797930e+00	4.816697641407245101e+00
4.325068852987569157e-01	-9.375861641976073191e-01	-5.201569958809272975e+00	-1.188780658065074158e+00	1.724338179972964902e+00	4.859142189717999827e+00
4.277581944153181492e-01	-9.636145126809233519e-01	-5.219196543874147665e+00	-1.180105910199209296e+00	1.748720227024765927e+00	4.902643493756158932e+00
4.228792575722592484e-01	-9.897317130988509959e-01	-5.237144583296128530e+00	-1.171308814589138825e+00	1.773322203346143766e+00	4.947191012173334457e+00
4.178696267085482141e-01	-1.015939395385518917e+00	-5.255423323994023121e+00	-1.162388259412461045e+00	1.798149305184804980e+00	4.992772332900131005e+00
4.127288456235813641e-01	-1.042239225781274925e+00	-5.274037366517859482e+00	-1.153343107174410687e+00	1.823206656636248812e+00	5.039370141248014079e+00
4.074564501159656515e-01	-1.068632887960620836e+00	-5.292990447827378375e+00	-1.144172195409744353e+00	1.848499290866890243e+00	5.086967066480951871e+00
4.020519672411626000e-01	-1.095122079330320686e+00	-5.312283170488171891e+00	-1.134874336407881268e+00	1.874032150899183957e+00	5.135542962984345650e+00
3.965149155252917779e-01	-1.121708490045967732e+00	-5.331912260497915668e+00	-1.125448317965764833e+00	1.899810069401129731e+00	5.185074107494301643e+00
3.908448050207110613e-01	-1.148393784430292719e+00	-5.351870582914443730e+00	-1.115892903949666115e+00	1.925837752116571489e+00	5.235533348576495882e+00
3.850411374325943825e-01	-1.175179580744930119e+00	-5.372146760884675132e+00	-1.106206834914323700e+00	1.952119759897439577e+00	5.286889764919237678e+00
3.791034066301676719e-01	-1.202067423756448816e+00	-5.392721807649309085e+00	-1.096388829134504084e+00	1.978660482720829394e+00	5.339104768759057151e+00
3.730310995076536740e-01	-1.229058750717128223e+00	-5.413573305739305397e+00	-1.086437584006775703e+00	2.005464106447471639e+00	5.392137203483002850e+00
3.668236958088010868e-01	-1.256154875333242105e+00	-5.434672811816540161e+00	-1.076351776237346680e+00	2.032534601611793779e+00	5.445940374769520531e+00
3.604806691180298950e-01	-1.283356950667973617e+00	-5.455984666776998893e+00	-1.066130063327498156e+00	2.059875687739342709e+00	5.500460759370753294e+00
3.540014877600244914e-01	-1.310665933283450046e+00	-5.477465743522429875e+00	-1.055771084918371905e+00	2.087490799780164608e+00	5.555637837844187743e+00
3.473856158480270739e-01	-1.338082545435175685e+00	-5.499065327948869708e+00	-1.045273464274601549e+00	2.115383053254894730e+00	5.611404254529361424e+00
3.406325145269140098e-01	-1.365607233222332573e+00	-5.520723219109413549e+00	-1.034635809947380691e+00	2.143555205187090529e+00	5.667683384598831253e+00
3.337416434541567445e-01	-1.393240118096404467e+00	-5.542369637215870171e+00	-1.023856717650065251e+00	2.172009607104991691e+00	5.724389570267703675e+00
3.267124624662620103e-01	-1.420980947084848678e+00	-5.563924264474053416e+00	-1.012934772316270271e+00	2.200748158060914506e+00	5.781427104862814303e+00
3.195444334948011056e-01	-1.448829037663884156e+00	-5.585294950451952900e+00	-1.001868550389316992e+00	2.229772251818767259e+00	5.838688842312649285e+00
3.122370235298486674e-01	-1.476783204757786461e+00	-5.606372560270642680e+00	-9.906566232432540975e-01	2.259082703673894077e+00	5.896050262324479263e+00
3.047897071428132820e-01	-1.504841694485721915e+00	-5.627038653919498756e+00	-9.792975600583150309e-01	2.288679686028400440e+00	5.953378704991791892e+00
2.972019688467187892e-01	-1.533002120053266637e+00	-5.647157720309792239e+00	-9.677899304612445075e-01	2.318562667305628988e+00	6.010524355870074942e+00
2.894733067331259346e-01	-1.561261375975005583e+00	-5.666577341288416392e+00	-9.561323085477345662e-01	2.348730326083295239e+00	6.067320608129648463e+00
2.816032362133697453e-01	-1.589615550365143903e+00	-5.685126891069671728e+00	-9.443232769659019032e-01	2.379180463800198986e+00	6.123582706307843182e+00
2.735912948823580049e-01	-1.618059831588845032e+00	-5.702616358035470512e+00	-9.323614322396909238e-01	2.409909911823710615e+00	6.179106561599837733e+00
2.654370469134429422e-01	-1.646588404461907240e+00	-5.718833749028476632e+00	-9.202453894543042301e-01	2.440914426875733234e+00	6.233665793310137815e+00
2.571400880735304484e-01	-1.675194338321064347e+00	-5.733544127450954875e+00	-9.079737875817286419e-01	2.472188577810213950e+00	6.287010843122288861e+00
2.487000517210203598e-01	-1.703869467327002507e+00	-5.746487575339756404e+00	-8.955452958689131826e-01	2.503725624266283756e+00	6.338866746734083790e+00
2.401166152541612531e-01	-1.732604261689994374e+00	-5.757378272578876022e+00	-8.829586206573301066e-01	2.535517385400155366e+00	6.388932059534454311e+00
2.313895076393117645e-01	-1.761387701085989299e+00	-5.765903527076602586e+00	-8.702125133708090710e-01	2.567554109986232014e+00	6.436877719020912991e+00
2.225185168999997964e-01	-1.790207117807516513e+00	-5.771717175163416869e+00	-8.573057783486401906e-01	2.599824315447781142e+00	6.482340278012316048e+00
2.135034986518018207e-01	-1.819048037694027675e+00	-5.774441470757551542e+00	-8.442372817973931021e-01	2.632314623709460122e+00	6.524923588002366159e+00
2.043443855484183280e-01	-1.847894013320288797e+00	-5.773663732505269763e+00	-8.310059616980114416e-01	2.665009588287452491e+00	6.564195238997399429e+00
1.950411975346085236e-01	-1.876726446929950498e+00	-5.768938118881123955e+00	-8.176108385423799252e-01	2.697891510243654700e+00	6.599688366995223987e+00
1.855940537151331837e-01	-1.905524469566900470e+00	-5.759793531163040825e+00	-8.040510278883098438e-01	2.730940313415366472e+00	6.630909930812549646e+00
1.760031832695951870e-01	-1.934264676841255692e+00	-5.745698806401151160e+00	-7.903257515876314088e-01	2.764133266661335853e+00	6.657303721808602859e+00
1.662689391780338977e-01	-1.962920988248865406e+00	-5.726098052534212002e+00	-7.764343523193477647e-01	2.797444837860002309e+00	6.678287774956743306e+00
1.563918116136513159e-01	-1.991464414263847793e+00	-5.700392984027303100e+00	-7.623763074894883696e-01	2.830846448271852722e+00	6.693235530025731350e+00
1.463724432887487381e-01	-2.019862884430398520e+00	-5.667945201850557169e+00	-7.481512453817131814e-01	2.864306292061299608e+00	6.701478087804844108e+00
1.362116452503839281e-01	-2.048081042622690973e+00	-5.628078051372312984e+00	-7.337589616751568622e-01	2.897789119992496332e+00	6.702306153905738029e+00
1.259104138060472833e-01	-2.076080057981975369e+00	-5.580077361721805573e+00	-7.191994371927781238e-01	2.931256039506478839e+00	6.694970719221373656e+00
1.154699481483310447e-01	-2.103817442937110371e+00	-5.523193826224314762e+00	-7.044728563933264631e-01	2.964664321964034954e+00	6.678685491074929814e+00
1.048916693426297370e-01	-2.131246884274357711e+00	-5.456645792045947019e+00	-6.895796272836818286e-01	2.997967223105762802e+00	6.652629810605503735e+00
9.417723959709181636e-02	-2.158318094794066333e+00	-5.379624488514537006e+00	-6.745204016597939889e-01	3.031113825359136982e+00	6.615954115166459815e+00
8.332858261423889412e-02	-2.184976686759483755e+00	-5.291299116617210530e+00	-6.592960964791281242e-01	3.064048902849104916e+00	6.567785360809011763e+00
7.234790417827775821e-02	-2.211164084156935772e+00	-5.190823825762208799e+00	-6.439079154977570552e-01	3.096712827721729511e+00	6.507234381889247743e+00
6.123771326988707020e-02	-2.236817468654895613e+00	-5.077348316405050355e+00	-6.283573714651493614e-01	3.129041512178951656e+00	6.433407219322589299e+00
5.000084333512529872e-02	-2.261869775629923751e+00	-4.950025801102356127e+00	-6.126463084861101249e-01	3.160966403890189014e+00	6.345413585818960200e+00
3.864047327292140233e-02	-2.286249752487223397e+00	-4.808026915543678115e+00	-5.967769240842102363e-01	3.192414548048813749e+00	6.242381757482462490e+00
2.716014818848078161e-02	-2.309882075143222302e+00	-4.650554925414326135e+00	-5.807517910152315554e-01	3.223308711612186350e+00	6.123474882254413387e+00
1.556379919868626852e-02	-2.332687546465669559e+00	-4.476859986105637290e+00	-5.645738780689364411e-01	3.253567595462651507e+00	5.987906260319277862e+00
3.855761797330135160e-03	-2.354583382838548289e+00	-4.286255280107525323e+00	-5.482465693287744690e-01	3.283106141206519890e+00	5.834956655109181156e+00
-7.959205460203171156e-03	-2.375483547424152242e+00	-4.078134612897201805e+00	-5.317736837762953028e-01	3.311835887714039917e+00	5.663993190134078759e+00
-1.987590817824728961e-02	-2.395299266797592086e+00	-3.852007460476897904e+00	-5.151594885644866784e-01	3.339665525503711319e+00	5.474507152667683840e+00
-3.188870277586709767e-02	-2.413939600343339986e+00	-3.607502385309771853e+00	-4.984087129042858444e-01	3.366501507403075522e+00	5.266117513235712977e+00
-4.399148698637066202e-02	-2.431312083904261456e+00	-3.344384546175660944e+00	-4.815265578133540725e-01	3.392248738782587481e+00	5.038589723177210544e+00
-5.617769475246114225e-02	-2.447323528965851924e+00	-3.062604325873280686e+00	-4.645187011560030221e-01	3.416811435427092203e+00	4.791888223273417680e+00
-6.844029466204992751e-02	-2.461880919453051764e+00	-2.762275959713178963e+00	-4.473912988907605692e-01	3.440094086083860692e+00	4.526153008756637064e+00
-8.077179244596423280e-02	-2.474892320944053647e+00	-2.443732974972590455e+00	-4.301509819445126226e-01	3.462002427276472005e+00	4.241759576752201610e+00
-9.316423989720068466e-02	-2.486268012702831598e+00	-2.107516801812380436e+00	-4.128048462094023319e-01	3.482444658726049802e+00	3.939306237171422254e+00
-1.056092480062855860e-01	-2.495921498789443138e+00	-1.754393456963725839e+00	-3.953604380183106670e-01	3.501332525746168045e+00	3.619631943237891392e+00
-1.180980067915626402e-01	-2.503770747344147729e+00	-1.385369996152803651e+00	-3.778257324299901798e-01	3.518582648211745045e+00	3.283833820094969269e+00
-1.306213092006283383e-01	-2.509739258231988401e+00	-1.001665732021820077e+00	-3.602091071923897991e-01	3.534117660576789888e+00	2.933235417271134793e+00
-1.431695830028137106e-01	-2.513757266175547844e+00	-6.047479496101004770e-01	-3.425193081139893958e-01	3.547867497813284032e+00	2.569425302428953728e+00
-1.557329260826955941e-01	-2.515762796890911979e+00	-1.962674553417400602e-01	-3.247654108668985296e-01	3.559770519420641044e+00	2.194186475450351281e+00
-1.683011482297199768e-01	-2.515702667137543980e+00	2.219083135269102058e-01	-3.069567758483587316e-01	3.569774570312075124e+00	1.809531986421461625e+00
-1.808638182648662496e-01	-2.513533419858056117e+00	6.477641476403732668e-01	-2.891029973686450871e-01	3.577837969289293429e+00	1.417629749292018460e+00
-1.934103122211986159e-01	-2.509222017293023743e+00	1.079142562465221999e+00	-2.712138518515865848e-01	3.583930232485768475e+00	1.020796023758975934e+00
-2.059298704020794679e-01	-2.502746472594135962e+00	1.513787420986091092e+00	-2.532992365260828826e-01	3.588032727590868110e+00	6.214478322096965712e-01
-2.184116496726877799e-01	-2.494096226986144416e+00	1.949387744991327054e+00	-2.353691134769925752e-01	3.590139051157315020e+00	2.220549417033907957e-01
-2.308447848251549139e-01	-2.483272312654605241e+00	2.383616300011908606e+00	-2.174334439966569832e-01	3.590255169576265004e+00	-1.749024132038812240e-01
-2.432184437241884101e-01	-2.470287393234297912e+00	2.814160244649656306e+00	-1.995021298650866415e-01	3.588399428686748216e+00	-5.669665860334589524e-01
-2.555218864154417124e-01	-2.455165457038485766e+00	3.238797970875793908e+00	-1.815849505256173502e-01	3.584602182880218812e+00	-9.517867967101665272e-01
-2.677445204672229129e-01	-2.437941440774475943e+00	3.655376396894553181e+00	-1.636915045086194398e-01	3.578905350535276142e+00	-1.327093431413231883e+00
-2.798759535413193333e-01	-2.418660600648550485e+00	4.061928701617489423e+00	-1.458311540653623728e-01	3.571361694909300777e+00	-1.690826891587221326e+00
-2.919060438393205059e-01	-2.397377650556514528e+00	4.456624376995250714e+00	-1.280129722986798058e-01	3.562033851992912226e+00	-2.041082121294266472e+00
-3.038249447189970143e-01	-2.374155999947355600e+00	4.837834043941256823e+00	-1.102456967379908115e-01	3.550993471084947561e+00	-2.376179011308749978e+00
-3.156231454297723782e-01	-2.349066621030843738e+00	5.204156735489959829e+00	-9.253768736188738853e-02	3.538319952106104616e+00	-2.694691775176806914e+00
-3.272915068535029448e-01	-2.322186911053896186e+00	5.554419749758835678e+00	-7.489689017129443072e-02	3.524099180835321921e+00	-2.995447890624745924e+00
-3.388212902794131010e-01	-2.293599597556983838e+00	5.887661358490731800e+00	-5.733080845104138179e-02	3.508422315074235520e+00	-3.277508626464168628e+00
-3.502041806435264304e-01	-2.263391612430717625e+00	6.203163064226600909e+00	-3.984648016794689607e-02	3.491384540079130794e+00	-3.540203483549930752e+00
-3.614323054413851044e-01	-2.231652901866553407e+00	6.500432982828669992e+00	-2.245046017226589447e-02	3.473083757051015130e+00	-3.783111535452007956e+00
-3.724982469843373667e-01	-2.198475343561360873e+00	6.779188016859961863e+00	-5.148809706057390356e-03	3.453619392830642898e+00	-4.006041013059984834e+00
-3.833950492430887591e-01	-2.163951721610602785e+00	7.039344136461295420e+00	1.205290813461886573e-02	3.433091275089194205e+00	-4.209018379077178906e+00
-3.941162195099409127e-01	-2.128174788665453843e+00	7.280997475477306580e+00	2.914962726756979011e-02	3.411598606719989046e+00	-4.392266738719627028e+00
-4.046557269770880150e-01	-2.091236389150353148e+00	7.504407130801837411e+00	4.613677412856397736e-02	3.389239009571406225e+00	-4.556186658557862756e+00
-4.150079956099417267e-01	-2.053226732129270982e+00	7.709970560785677662e+00	6.301025695467070420e-02	3.366107734470041191e+00	-4.701328848623006706e+00
-4.251678946658889457e-01	-2.014233721099268237e+00	7.898203530147952733e+00	7.976645251431879746e-02	3.342296934565653466e+00	-4.828371856778403526e+00
-4.351307254919373757e-01	-1.974342439636164404e+00	8.069721568614113494e+00	9.640218882143296308e-02	3.317895112061447715e+00	-4.938101370579943250e+00
-4.448922065993521913e-01	-1.933634689843815258e+00	8.225214284575713464e+00	1.129147259929513258e-01	3.292986623535934410e+00	-5.031381946347664780e+00
-4.544484561740300688e-01	-1.892188665473046871e+00	8.365437089719648611e+00	1.293017343724729706e-01	3.267651333664927105e+00	-5.109147803498672147e+00
-4.637959734718073990e-01	-1.850078699186031184e+00	8.491173253548140565e+00	1.455612714875528235e-01	3.241964350771040948e+00	-5.172361135308847224e+00
-4.729316191789668666e-01	-1.807375155916301601e+00	8.603232026730324833e+00	1.616917579645373582e-01	3.215995922782950434e+00	-5.222010011207657953e+00
-4.818525948699548533e-01	-1.764144256449023063e+00	8.702454048083268390e+00	1.776919524411615658e-01	3.189811257306522041e+00	-5.259114205284049604e+00
-4.905564229461412684e-01	-1.720448066079589999e+00	8.789666012346287971e+00	1.935609271378780916e-01	3.163470521785185507e+00	-5.284675804307880753e+00
-4.990409265378922821e-01	-1.676344522282455785e+00	8.865683612577754502e+00	2.092980434432308856e-01	3.137028886258911964e+00	-5.299682221942475735e+00
-5.073042069531285003e-01	-1.631887579970188407e+00	8.931295496417419599e+00	2.249029248677027470e-01	3.110536695883890701e+00	-5.305088669468659646e+00
-5.153446243372153956e-01	-1.587127273868039978e+00	8.987274529549949875e+00	2.403754335567642453e-01	3.084039551183289429e+00	-5.301830734106488308e+00
-5.231607800306018463e-01	-1.542109857129421169e+00	9.034363500898848542e+00	2.557156487873784023e-01	3.057578471534220022e+00	-5.290808751386066433e+00
-5.307514984907050204e-01	-1.496877942612593104e+00	9.073273959872494743e+00	2.709238450053101932e-01	3.031190061642211830e+00	-5.272886516775315613e+00
-5.381158079793600946e-01	-1.451470727466760424e+00	9.104663020875477741e+00	2.860004685245005063e-01	3.004906768253182481e+00	-5.248866180839286244e+00
-5.452529232740552789e-01	-1.405924199918755502e+00	9.129157774556460936e+00	3.009461165043598174e-01	2.978757116893470336e+00	-5.219514927357295164e+00
-5.521622313747408528e-01	-1.360271309038032062e+00	9.147349432010969394e+00	3.157615193331028136e-01	2.952765908630296643e+00	-5.185558343480806798e+00
-5.588432777021101749e-01	-1.314542157459199112e+00	9.159784687159117311e+00	3.304475236149946871e-01	2.926954442067721818e+00	-5.147671280951726658e+00
-5.652957514057327382e-01	-1.268764220618897154e+00	9.166967739915889979e+00	3.450050741334281246e-01	2.901340762791544403e+00	-5.106480392052617390e+00
-5.715194721557326218e-01	-1.222962557204310130e+00	9.169364355559991964e+00	3.594351974745174649e-01	2.875939902037529361e+00	-5.062568293413050924e+00
-5.775143790224172013e-01	-1.177159991562388930e+00	9.167403032459787937e+00	3.737389880821705423e-01	2.850764086827453525e+00	-5.016474747646498145e+00
-5.832805203075553946e-01	-1.131377297240154567e+00	9.161475746649102803e+00	3.879175953973708624e-01	2.825822951474967759e+00	-4.968697506022408561e+00
-5.888180433556116089e-01	-1.085633381660051189e+00	9.151938689042481201e+00	4.019722109594477955e-01	2.801123748856004347e+00	-4.919693369375181646e+00
-5.941271855582419548e-01	-1.039945455645964190e+00	9.139115028766696014e+00	4.159040568792806147e-01	2.776671544612823617e+00	-4.869881246106160688e+00
-5.992082663001180309e-01	-9.943291952863215766e-01	9.123296556771322230e+00	4.297143754089952083e-01	2.752469404278918841e+00	-4.819643598524180561e+00
-6.040616798218712002e-01	-9.487988906111349818e-01	9.104746578406832214e+00	4.434044195582501624e-01	2.728518566408658419e+00	-4.769329601108893257e+00
-6.086878886143963774e-01	-9.033675873918999288e-01	9.083700393164860998e+00	4.569754443357140761e-01	2.704818607901478877e+00	-4.719255818592955620e+00
-6.130874174847688041e-01	-8.580472186741455731e-01	9.060368551469935028e+00	4.704286987831081679e-01	2.681367597890317978e+00	-4.669709738727988224e+00
-6.172608483259840462e-01	-8.128487258426538853e-01	9.034937780047584965e+00	4.837654188361655838e-01	2.658162240661801956e+00	-4.620950551264058959e+00
-6.212088154510603255e-01	-7.677821706659553325e-01	9.007574052744928395e+00	4.969868208426230227e-01	2.635198009503365579e+00	-4.573212472773548143e+00
-6.249320014847665750e-01	-7.228568371237936718e-01	8.978422705563218642e+00	5.100940957454086488e-01	2.612469269412488693e+00	-4.526704933927476304e+00
-6.284311335992718295e-01	-6.780813308235866810e-01	8.947610586078326378e+00	5.230884037271238407e-01	2.589969397064542544e+00	-4.481614795116229288e+00
-6.317069804543431477e-01	-6.334636597084738474e-01	8.915250668752548791e+00	5.359708696498892699e-01	2.567690881415614523e+00	-4.438111169162084479e+00
-6.347603494797410262e-01	-5.890113099749323400e-01	8.881438494433325559e+00	5.487425789379465346e-01	2.545625419297137260e+00	-4.396341686334380938e+00
-6.375920842825731905e-01	-5.447313252030860919e-01	8.846256438396039812e+00	5.614045736770582051e-01	2.523764014470704975e+00	-4.356436948307873536e+00
-6.402030626944570368e-01	-5.006303641846365782e-01	8.809776285414102404e+00	5.739578494655567242e-01	2.502097053991940712e+00	-4.318513360178712901e+00
-6.425941949935101150e-01	-4.567147590228649578e-01	8.772057144341800949e+00	5.864033525271463709e-01	2.480614385249557241e+00	-4.282670672469748752e+00
-6.447664223356297519e-01	-4.129905711465700069e-01	8.733148723893805254e+00	5.987419771211950348e-01	2.459305391190221624e+00	-4.248995552997257619e+00
-6.467207155965931653e-01	-3.694636327802396925e-01	8.693092997855842441e+00	6.109745634615472154e-01	2.438159050015948903e+00	-4.217563283841627708e+00
-6.484580743231184163e-01	-3.261395893711339644e-01	8.651923055662820161e+00	6.231018958389801243e-01	2.417163996174533480e+00	-4.188436503715138315e+00
-6.499795258707993240e-01	-2.830239379160972568e-01	8.609665492339274806e+00	6.351247010233228574e-01	2.396308577187284072e+00	-4.161667712907501482e+00
-6.512861247360056671e-01	-2.401220565618724379e-01	8.566341243842217068e+00	6.470436469439195815e-01	2.375580901293121272e+00	-4.137300141418336352e+00
-6.523789520473172177e-01	-1.974392337771446182e-01	8.521965527809584273e+00	6.588593416282373383e-01	2.354968884909305782e+00	-4.115367622657231550e+00
-6.532591151833065934e-01	-1.549806933228126959e-01	8.476549203566477786e+00	6.705723323564533045e-01	2.334460295764219762e+00	-4.095896018971870944e+00
-6.539277474928766321e-01	-1.127516140086810975e-01	8.430099375463953493e+00	6.821831050023103860e-01	2.314042790741784650e+00	-4.078903819427296185e+00
-6.543860081285186592e-01	-7.075714848644013011e-02	8.382619610711056879e+00	6.936920835862377954e-01	2.293703952672028201e+00	-4.064402380987303331e+00
-6.546350819577648750e-01	-2.900243852838742253e-02	8.334110788601320152e+00	7.050996299933763867e-01	2.273431323572174367e+00	-4.052396779586842968e+00
-6.546761795154995012e-01	1.250737271547262136e-02	8.284571516256612256e+00	7.164060438155522847e-01	2.253212434817603693e+00	-4.042886242306849454e+00
-6.545105370638480968e-01	5.376713012370423067e-02	8.233998502289260557e+00	7.276115624012085004e-01	2.233034835548640906e+00	-4.035864540396687516e+00
-6.541394166719985970e-01	9.477165839780965495e-02	8.182387020082693141e+00	7.387163610084288567e-01	2.212886118642036326e+00	-4.031320446874360641e+00
-6.535641063096946368e-01	1.355157557626683607e-01	8.129731260293844741e+00	7.497205530550027364e-01	2.192753944792933840e+00	-4.029238120043601157e+00
-6.527859200193540934e-01	1.759941894177303456e-01	8.076024668347528745e+00	7.606241905460853214e-01	2.172626064564389115e+00	-4.029597472980640305e+00
-6.518061980732822169e-01	2.162016925004592305e-01	8.021260195849606589e+00	7.714272645681788942e-01	2.152490338951797089e+00	-4.032374414202422486e+00
-6.506263071267892606e-01	2.561329623253967291e-01	7.965430625228833605e+00	7.821297058654608225e-01	2.132334758600299640e+00	-4.037541220543744203e+00
-6.492476404266482870e-01	2.957826602800028293e-01	7.908528813213507647e+00	7.927313855627581285e-01	2.112147461096929746e+00	-4.045066806178738261e+00
-6.476716179677277641e-01	3.351454124067699825e-01	7.850547767594292736e+00	8.032321159172031155e-01	2.091916747610095939e+00	-4.054916778672122746e+00
-6.458996866517547897e-01	3.742158110921967040e-01	7.791481097602485306e+00	8.136316511580885535e-01	2.071631098251189407e+00	-4.067054005644195058e+00
-6.439333205016234407e-01	4.129884184636011257e-01	7.731323077125466625e+00	8.239296884757807415e-01	2.051279185309279107e+00	-4.081438671931209683e+00
-6.417740208149038672e-01	4.514577700923266268e-01	7.670068841611481503e+00	8.341258690269801601e-01	2.030849886192302556e+00	-4.098028523771404252e+00
-6.394233162716426166e-01	4.896183791133381646e-01	7.607714095379805030e+00	8.442197789746517245e-01	2.010332295861377183e+00	-4.116778484548035522e+00
-6.368827628483112457e-01	5.274647389311787338e-01	7.544255686225426416e+00	8.542109503974815166e-01	1.989715741107195734e+00	-4.137641402352301156e+00
-6.341539441364063556e-01	5.649913317587957895e-01	7.479691978524101614e+00	8.640988627306691594e-01	1.968989787231907318e+00	-4.160568541772477147e+00
-6.312384713566014938e-01	6.021926343374101043e-01	7.414022531109935699e+00	8.738829439519978370e-01	1.948144248339588103e+00	-4.185509178376264572e+00
-6.281379833812528179e-01	6.390631245786633219e-01	7.347248076941866657e+00	8.835625718596005207e-01	1.927169196339413082e+00	-4.212410608397021861e+00
-6.248541465060559741e-01	6.755972854440714936e-01	7.279370300911637059e+00	8.931370751687695009e-01	1.906054973213829884e+00	-4.241217903675874368e+00
-6.213886545701552411e-01	7.117896146842330740e-01	7.210393171404916757e+00	9.026057350488297937e-01	1.884792195896995537e+00	-4.271875588412626712e+00
-6.177432289036991486e-01	7.476346329224907716e-01	7.140321966196381709e+00	9.119677865572026754e-01	1.863371763025631678e+00	-4.304326472329194075e+00
-6.139196181876662717e-01	7.831268912819708827e-01	7.069163573004516365e+00	9.212224200575592770e-01	1.841784862067104012e+00	-4.338512066219095686e+00
-6.099195981691755142e-01	8.182609775131466368e-01	6.996925786627400612e+00	9.303687825640594156e-01	1.820022977871362135e+00	-4.374371829076721951e+00
-6.057449714651380601e-01	8.530315243133936853e-01	6.923618890370221379e+00	9.394059792480247140e-01	1.798077898476703407e+00	-4.411845021503950193e+00
-6.013975674330106491e-01	8.874332194847278643e-01	6.849254614000130914e+00	9.483330750837567491e-01	1.775941718562665139e+00	-4.450869570166901212e+00
-5.968792418423690682e-01	9.214608137234464591e-01	6.773846424687690160e+00	9.571490963594272428e-01	1.753606845336679765e+00	-4.491382453498090399e+00
-5.921918765125707695e-01	9.551091285103734396e-01	6.697409039231956740e+00	9.658530322258745970e-01	1.731066003927913100e+00	-4.533319261091151020e+00
-5.873373788587801236e-01	9.883730631624502161e-01	6.619959216066206409e+00	9.744438362232556994e-01	1.708312243339189296e+00	-4.576615070343791558e+00
-5.823176816067024975e-01	1.021247605675566383e+00	6.541515480129419302e+00	9.829204280239884906e-01	1.685338938186045743e+00	-4.621204226550617022e+00
-5.771347422990442677e-01	1.053727840603011723e+00	6.462098022581471923e+00	9.912816950429341745e-01	1.662139793166946378e+00	-4.667020304204925196e+00
-5.717905427918915651e-01	1.085808957448566314e+00	6.381728549001991269e+00	9.995264940950531196e-01	1.638708846632043414e+00	-4.713996055750158121e+00
-5.662870886375833690e-01	1.117486257507359859e+00	6.300430361671033097e+00	1.007653652999406235e+00	1.615040475141948928e+00	-4.762063552230870300e+00
-5.606264085791204943e-01	1.148755163826452375e+00	6.218228704185094102e+00	1.015661972349595432e+00	1.591129394981498191e+00	-4.811154552016432717e+00
-5.548105539175359757e-01	1.179611229282124363e+00	6.135150364040100612e+00	1.023550227213781749e+00	1.566970664939467905e+00	-4.861200230603685668e+00
-5.488415978436733678e-01	1.210050144647186521e+00	6.051223704414155691e+00	1.031317168852424304e+00	1.542559688721928390e+00	-4.912131293729999015e+00
-5.427216346881890141e-01	1.240067745510308850e+00	5.966478427683455266e+00	1.038961526402340851e+00	1.517892217790365539e+00	-4.963877884042062760e+00
-5.364527792013464857e-01	1.269660020676497414e+00	5.880946109277147116e+00	1.046482008644291861e+00	1.492964352764070135e+00	-5.016370038676086551e+00
-5.300371657852854801e-01	1.298823120179098289e+00	5.794659730710918666e+00	1.053877305769704398e+00	1.467772544707498295e+00	-5.069537436211248860e+00
-5.234769476651839337e-01	1.327553362543586690e+00	5.707653754987177308e+00	1.061146091129965940e+00	1.442313596546718202e+00	-5.123309533285691941e+00
-5.167742960168264510e-01	1.355847241544992698e+00	5.619963839346041823e+00	1.068287022978922085e+00	1.416584664366768553e+00	-5.177615471526905822e+00
-5.099313990649524397e-01	1.383701432915363627e+00	5.531627240032548798e+00	1.075298746228386726e+00	1.390583258325057248e+00	-5.232384407969448148e+00
-5.029504611806938641e-01	1.411112801806270856e+00	5.442682479711038468e+00	1.082179894252058405e+00	1.364307242676589871e+00	-5.287545400406315821e+00
-4.958337019124628986e-01	1.438078408953800125e+00	5.353169340457952785e+00	1.088929090646114650e+00	1.337754836142519332e+00	-5.343027493960562424e+00
-4.885833549925564512e-01	1.464595516700782918e+00	5.263128698503010128e+00	1.095544950996513611e+00	1.310924611914102922e+00	-5.398759707722774692e+00
-4.812016673056427885e-01	1.490661594294090397e+00	5.172602596469459968e+00	1.102026084625366442e+00	1.283815497643512771e+00	-5.454671184550079488e+00
-4.736908978526647163e-01	1.516274323983709316e+00	5.081634184976678625e+00	1.108371096391776334e+00	1.256426774381541822e+00	-5.510691257759162909e+00
-4.660533166717216180e-01	1.541431605957788165e+00	4.990267573473943230e+00	1.114578588449327778e+00	1.228758075754000867e+00	-5.566749461555559719e+00
-4.582912037374680114e-01	1.566131563016807782e+00	4.898547731583789755e+00	1.120647162003883146e+00	1.200809386778750820e+00	-5.622775551635527336e+00
-4.504068478350094495e-01	1.590372544419383027e+00	4.806520411732208231e+00	1.126575419036681014e+00	1.172581042901475357e+00	-5.678699573098924702e+00
-4.424025454209596364e-01	1.614153130275118420e+00	4.714232211337957779e+00	1.132361964082747585e+00	1.144073727557600506e+00	-5.734452102189834477e+00
-4.342805994622440657e-01	1.637472134983256833e+00	4.621730333496770982e+00	1.138005405966653116e+00	1.115288470024164758e+00	-5.789964133871080776e+00
-4.260433182587232692e-01	1.660328610187160159e+00	4.529062541495591176e+00	1.143504359526222425e+00	1.086226642963922684e+00	-5.845167208575048789e+00
-4.176930142529026724e-01	1.682721847338699561e+00	4.436277061653299825e+00	1.148857447330266179e+00	1.056889959513251709e+00	-5.899993482165768910e+00
-4.092320028246486108e-01	1.704651379154439761e+00	4.343422181029268359e+00	1.154063301332326485e+00	1.027280471215022750e+00	-5.954375208547276088e+00
-4.006626010778469027e-01	1.726116980631366093e+00	4.250546722368767405e+00	1.159120564516032292e+00	9.974005654389093145e-01	-6.008245949717945678e+00
-3.919871266311812374e-01	1.747118671110924559e+00	4.157699573604418219e+00	1.164027892655763896e+00	9.672529593237221279e-01	-6.061539945282220287e+00
-3.832078963951209283e-01	1.767656714096418336e+00	4.064929601128596914e+00	1.168783955919618922e+00	9.368406966402449410e-01	-6.114192243683646666e+00
-3.743272253516348180e-01	1.787731616967179304e+00	3.972285554635277549e+00	1.173387440492652090e+00	9.061671433261093700e-01	-6.166138827502948061e+00
-3.653474253375924574e-01	1.807344130114296732e+00	3.879815975831093056e+00	1.177837050177362954e+00	8.752359828467207725e-01	-6.217316435573479794e+00
-3.562708038464240667e-01	1.826495245797502998e+00	3.787569085976883798e+00	1.182131507953374294e+00	8.440512138612049631e-01	-6.267662515412496305e+00
-3.470996628151529206e-01	1.845186195681661534e+00	3.695592526411815015e+00	1.186269557544524567e+00	8.126171424570629576e-01	-6.317116258804787776e+00
-3.378362974354811032e-01	1.863418448033549835e+00	3.603933346427766082e+00	1.190249964942870609e+00	7.809383765287998269e-01	-6.365617734530701455e+00
-3.284829949832965279e-01	1.881193704302319691e+00	3.512637828205924961e+00	1.194071519900449907e+00	7.490198203560533008e-01	-6.413108224858660833e+00
-3.190420336654224975e-01	1.898513894931421309e+00	3.421751344229733149e+00	1.197733037393593269e+00	7.168666683776928616e-01	-6.459530289664030533e+00
-3.095156814746713447e-01	1.915381175078503251e+00	3.331318546218881238e+00	1.201233359073660356e+00	6.844844001384144949e-01	-6.504827035810478719e+00
-2.999061950670937615e-01	1.931797919788152518e+00	3.241382613581322403e+00	1.204571354689678797e+00	6.518787753750386882e-01	-6.548943605852741712e+00
-2.902158187184643579e-01	1.947766716324127012e+00	3.151985435901679011e+00	1.207745923414192069e+00	6.190558238544797698e-01	-6.591826444319337952e+00
-2.804467832665529237e-01	1.963290357803911590e+00	3.063167478689706513e+00	1.210755995193179668e+00	5.860218398255309102e-01	-6.633423305357155186e+00
-2.706013051038727024e-01	1.978371835523929034e+00	2.974967591855715909e+00	1.213600532041950952e+00	5.527833749421614540e-01	-6.673683386878792589e+00
-2.606815852088846808e-01	1.993014330615195284e+00	2.887423004058632614e+00	1.216278529310101053e+00	5.193472311181147605e-01	-6.712557152669887728e+00
-2.506898081663756495e-01	2.007221206794494339e+00	2.800569339398407465e+00	1.218789017053128809e+00	4.857204559083015960e-01	-6.749996115424096388e+00
-2.406281413352046594e-01	2.020995999079140404e+00	2.714439699502690928e+00	1.221131061106020654e+00	4.519103330481747394e-01	-6.785953961106997667e+00
-2.304987340278912278e-01	2.034342403100708463e+00	2.629065213920398492e+00	1.223303764223161449e+00	4.179243748726555463e-01	-6.820385548177824830e+00
-2.203037167284568332e-01	2.047264264274307966e+00	2.544474693744973592e+00	1.225306267225360068e+00	3.837703155773604657e-01	-6.853247193411363014e+00
-2.100452003820293401e-01	2.059765565846054081e+00	2.460694483155748458e+00	1.227137750076333189e+00	3.494561039475441722e-01	-6.884496665081599076e+00
-1.997252756995208933e-01	2.071850416838288744e+00	2.377748674375425253e+00	1.228797432994960470e+00	3.149898967824483753e-01	-6.914092803225429407e+00
-1.893460124924333243e-01	2.083523039753635508e+00	2.295658352999225826e+00	1.230284577585816219e+00	2.803800529110379580e-01	-6.941996108622390693e+00
-1.789094592884869495e-01	2.094787754857369677e+00	2.214441726197946991e+00	1.231598487603662306e+00	2.456351246345644945e-01	-6.968168435698856911e+00
-1.684176428313110818e-01	2.105648966223010898e+00	2.134114068814142229e+00	1.232738509976195163e+00	2.107638518521248172e-01	-6.992572861173115939e+00
-1.578725677060628940e-01	2.116111146478526717e+00	2.054687528490603654e+00	1.233704035714808578e+00	1.757751558248086821e-01	-7.015173686874518921e+00
-1.472762160436001388e-01	2.126178820885714860e+00	1.976171045492492340e+00	1.234494500793535954e+00	1.406781332076666169e-01	-7.035936393861476290e+00
-1.366305471684191031e-01	2.135856551555684213e+00	1.898570331856262783e+00	1.235109387207756093e+00	1.054820501077244899e-01	-7.054827610608064958e+00
-1.259374975654292406e-01	2.145148919753213423e+00	1.821887379829831843e+00	1.235548223649503896e+00	7.019633711156622602e-02	-7.071814865722345189e+00
-1.151989808651664171e-01	2.154060507996722329e+00	1.746120663594410871e+00	1.235810586262831468e+00	3.483058460680132223e-02	-7.086866627622796955e+00
-1.044168878573074333e-01	2.162595881938362830e+00	1.671264936252782718e+00	1.235896099471295750e+00	-6.054615317888020765e-04	-7.099952156226940758e+00
-9.359308663436852194e-02	2.170759571499439211e+00	1.597311120163794840e+00	1.235804436730074896e+00	-3.610190359782654290e-02	-7.111041381349510360e+00
-8.272942277872959160e-02	2.178556051461948861e+00	1.524246197404181657e+00	1.235535321315774926e+00	-7.164869603878903925e-02	-7.120105354521413688e+00
-7.182771957711911459e-02	2.185989721537342056e+00	1.452053116357546969e+00	1.235088527176584794e+00	-1.072356500412217917e-01	-7.127115207885658776e+00
-6.088977864185945305e-02	2.193064885985981594e+00	1.380710694570325359e+00	1.234463879447622592e+00	-1.428524322813754521e-01	-7.132042271989305959e+00
-4.991738038142944089e-02	2.199785732741585953e+00	1.310193527034698491e+00	1.233661255227297859e+00	-1.784885672938370804e-01	-7.134858185591625102e+00
-3.891228463919837316e-02	2.206156312109300188e+00	1.240471903198795189e+00	1.232680584283787573e+00	-2.141334380457622089e-01	-7.135534601712365088e+00
-2.787623144532810904e-02	2.212180515057293739e+00	1.171511723858657206e+00	1.231521849753882680e+00	-2.497762857089049215e-01	-7.134043275743394474e+00
-1.681094173884742360e-02	2.217862051037460258e+00	1.103274411595066340e+00	1.230185088903934965e+00	-2.854062134696913056e-01	-7.130356791236749814e+00
-5.718118420381529399e-03	2.223204425608392043e+00	1.035716896827580058e+00	1.228670393802841598e+00	-3.210121820900300182e-01	-7.124445770689305846e+00
5.400552518046376066e-03	2.228210917721775708e+00	9.687915159743170079e-01	1.226977912021305572e+00	-3.565830059295812537e-01	-7.116280888982629449e+00
1.654340083467925951e-02	2.232884556672980025e+00	9.024459715678858629e-01	1.225107847383563930e+00	-3.921073511240665832e-01	-7.105832095350791633e+00
2.770877072080412187e-02	2.237228098838473844e+00	8.366232879816379864e-01	1.223060460721046683e+00	-4.275737314971519987e-01	-7.093068426621186973e+00
3.889501941256937045e-02	2.241244004581296689e+00	7.712620146926383313e-01	1.220836070614568891e+00	-4.629705058754120528e-01	-7.077959338887580998e+00
5.010051578098773106e-02	2.244934415739435085e+00	7.062958694496046519e-01	1.218435054094343828e+00	-4.982858791592137959e-01	-7.060472417283449431e+00
6.132363847042279076e-02	2.248301130594082764e+00	6.416537520294696151e-01	1.215857847602071384e+00	-5.335078871105469744e-01	-7.040573383496450788e+00
7.256277417956372155e-02	2.251345580737879715e+00	5.772599095664645574e-01	1.213104947804055644e+00	-5.686243926762134526e-01	-7.018227005819767328e+00
8.381631576626928648e-02	2.254068807558167631e+00	5.130338746446341247e-01	1.210176912482465283e+00	-6.036230789942513830e-01	-6.993396499574316749e+00
9.508266022492468938e-02	2.256471438787567063e+00	4.488906514081918431e-01	1.207074361472600055e+00	-6.384914413923143961e-01	-6.966043769702480404e+00
1.063602067566992992e-01	2.258553669215678017e+00	3.847416877028990712e-01	1.203797977317861534e+00	-6.732167882038621043e-01	-6.936131493809000403e+00
1.176473544269956151e-01	2.260315236179091247e+00	3.204925163088319096e-01	1.200348506425624739e+00	-7.077862280160255315e-01	-6.903617277014177489e+00
1.289424997049068988e-01	2.261755395404868807e+00	2.560447936491527798e-01	1.196726760275038881e+00	-7.421866564514285614e-01	-6.868458215300279335e+00
1.402440340606413149e-01	2.262872900560132017e+00	1.912958758864533593e-01	1.192933616411215869e+00	-7.764047503111080051e-01	-6.830609590042399759e+00
1.515503413783552411e-01	2.263665982041775049e+00	1.261389327726192278e-01	1.188970019604834949e+00	-8.104269583522307752e-01	-6.790024812299009227e+00
1.628597953357956707e-01	2.264132328164873975e+00	6.046434440827397339e-02	1.184836982940959960e+00	-8.442394944621254282e-01	-6.746657245958772364e+00
1.741707569405991363e-01	2.264269072981028419e+00	-5.841289819500161684e-03	1.180535588529763924e+00	-8.778283394004986473e-01	-6.700458505352912653e+00
1.854815713374996788e-01	2.264072771331903766e+00	-7.289549829238239909e-02	1.176066989309771937e+00	-9.111792225091674968e-01	-6.651377689752450806e+00
1.967905649695188830e-01	2.263539384985615133e+00	-1.408183905848545692e-01	1.171432410160946125e+00	-9.442776184343277812e-01	-6.599363394137128580e+00
2.080960425909261780e-01	2.262664268880674179e+00	-2.097327515730285086e-01	1.166633149165233974e+00	-9.771087426502684803e-01	-6.544363248596994254e+00
2.193962842336970587e-01	2.261442158341965936e+00	-2.797637978990223928e-01	1.161670578909908436e+00	-1.009657544924329908e+00	-6.486323269414526749e+00
2.306895420715685541e-01	2.259867158527665953e+00	-3.510385105919340276e-01	1.156546147839806471e+00	-1.041908706063643386e+00	-6.425189944171620482e+00
2.419740371841637150e-01	2.257932736340770408e+00	-4.236853696513662726e-01	1.151261381658196692e+00	-1.073846638414920784e+00	-6.360909270625825229e+00
2.532479563311641479e-01	2.255631714204252791e+00	-4.978338246617113327e-01	1.145817884723048685e+00	-1.105455484710146541e+00	-6.293427394182003809e+00
2.645094487257352855e-01	2.252956267567422621e+00	-5.736128025412199349e-01	1.140217341387313121e+00	-1.136719121176479108e+00	-6.222692237149090033e+00
2.757566232395187722e-01	2.249897933031432817e+00	-6.511501582187975146e-01	1.134461516690096650e+00	-1.167621172684504938e+00	-6.148653917879414621e+00
2.869875447407101432e-01	2.246447605266314707e+00	-7.305740096094268665e-01	1.128552258270219655e+00	-1.198145012385048780e+00	-6.071262787564137398e+00
2.982002309243827476e-01	2.242595545719746397e+00	-8.120098547792622412e-01	1.122491497562027707e+00	-1.228273774790472617e+00	-5.990472776414321743e+00
3.093926491899744446e-01	2.238331395685050573e+00	-8.955803266976545274e-01	1.116281250921506540e+00	-1.257990372896224507e+00	-5.906241403059425465e+00
3.205627137270768978e-01	2.233644191179612992e+00	-9.814051451198793075e-01	1.109923620520673726e+00	-1.287277514848678583e+00	-5.818528909390920489e+00
3.317082827228687303e-01	2.228522382194360052e+00	-1.069598650404486762e+00	1.103420795101170082e+00	-1.316117724272877654e+00	-5.727302094515607678e+00
3.428271551121504501e-01	2.222953861641520756e+00	-1.160269604860786785e+00	1.096775051262005807e+00	-1.344493374443746392e+00	-5.632533626310191721e+00
3.539170679930466745e-01	2.216925995216678658e+00	-1.253520055372518982e+00	1.089988753989190151e+00	-1.372386718709042164e+00	-5.534203137439021702e+00
3.649756940608220868e-01	2.210425657749229167e+00	-1.349444687280083599e+00	1.083064357184362114e+00	-1.399779928143525920e+00	-5.432297745792197929e+00
3.760006393839946393e-01	2.203439267450934214e+00	-1.448130597360432148e+00	1.076004403873775717e+00	-1.426655125077746833e+00	-5.326812006263935473e+00
3.869894411486305974e-01	2.195952838599546375e+00	-1.549652770202555985e+00	1.068811526406041601e+00	-1.452994437323530397e+00	-5.217753058847847569e+00
3.979395657272883358e-01	2.187952036546340295e+00	-1.654075527314716965e+00	1.061488446339204250e+00	-1.478780053532397831e+00	-5.105138531649231481e+00
4.088484070784575986e-01	2.179422236578476557e+00	-1.761450426629608046e+00	1.054037974009360168e+00	-1.503994281495287355e+00	-4.988998734873007379e+00
4.197132854544073921e-01	2.170348583160156775e+00	-1.871819839346017034e+00	1.046463007772790998e+00	-1.528619605675886728e+00	-4.869372309333471094e+00
4.305314465046344297e-01	2.160716041900601514e+00	-1.985209138604886903e+00	1.038766532826741695e+00	-1.552638735104426626e+00	-4.746314887705807450e+00
4.413000605887525962e-01	2.150509501038146976e+00	-2.101626483088011810e+00	1.030951619923126783e+00	-1.576034706522251527e+00	-4.619899068754762084e+00
4.520162226342763767e-01	2.139713845635215161e+00	-2.221064012678652944e+00	1.023021423469087088e+00	-1.598790954954280696e+00	-4.490212772097038396e+00
4.626769524102856135e-01	2.128314044930620152e+00	-2.343496464953204850e+00	1.014979179237080364e+00	-1.620891397933681422e+00	-4.357360584240495882e+00
4.732791946559351537e-01	2.116295220704060842e+00	-2.468887359709015072e+00	1.006828202354202784e+00	-1.642320497940457535e+00	-4.221456785745999696e+00
4.838198201702305079e-01	2.103642739933158978e+00	-2.597174796318768131e+00	9.985718842560031838e-01	-1.663063350226960724e+00	-4.082640624163104803e+00
4.942956276148441352e-01	2.090342319827533046e+00	-2.728280596554895965e+00	9.902136889103627659e-01	-1.683105782999429145e+00	-3.941066102026979934e+00
5.047033453406036818e-01	2.076380116843210999e+00	-2.862106004779434443e+00	9.817571491316825494e-01	-1.702434439043803538e+00	-3.796906531998615719e+00
5.150396339013717517e-01	2.061742838809900391e+00	-2.998530899503521141e+00	9.732058621071977278e-01	-1.721036882275277513e+00	-3.650355195565452959e+00
5.253010890635747554e-01	2.046417833731436708e+00	-3.137417631547691599e+00	9.645634846299409038e-01	-1.738901676326250145e+00	-3.501620702008608532e+00
5.354842453886800024e-01	2.030393191192966018e+00	-3.278607336229242719e+00	9.558337277134620891e-01	-1.756018476412534390e+00	-3.350930984815931879e+00
5.455855799973347020e-01	2.013657833545030140e+00	-3.421927597963644985e+00	9.470203511287837994e-01	-1.772378109276587121e+00	-3.198524840921550094e+00
5.556015163284362401e-01	1.996201587833057012e+00	-3.567185148952944473e+00	9.381271581071064514e-01	-1.787972631373912824e+00	-3.044659458190835721e+00
5.655284299163955142e-01	1.978015296588159666e+00	-3.714169474545428784e+00	9.291579878087156130e-01	-1.802795427188342403e+00	-2.889606341367766618e+00
5.753626534795556191e-01	1.959090888762804683e+00	-3.862655238140177971e+00	9.201167087686457080e-01	-1.816841263972238885e+00	-2.733648540226113255e+00
5.851004820930023609e-01	1.939421469482736970e+00	-4.012397465181265943e+00	9.110072122647254744e-01	-1.830106366828922138e+00	-2.577085989807301303e+00
5.947381792300733272e-01	1.919001387169780193e+00	-4.163143940848840430e+00	9.018334049234147942e-01	-1.842588467466294455e+00	-2.420221269191529245e+00
6.042719834302476833e-01	1.897826282198673997e+00	-4.314629802497847777e+00	8.925992008080341211e-01	-1.854286831540767899e+00	-2.263365731843123285e+00
6.136981147580148344e-01	1.875893142237085698e+00	-4.466580144921408646e+00	8.833085137928318176e-01	-1.865202293523635424e+00	-2.106836564392096989e+00
6.230127818014824514e-01	1.853200353619903762e+00	-4.618711833167139957e+00	8.739652494717660147e-01	-1.875337287531803065e+00	-1.950954756435749005e+00
6.322121886677432023e-01	1.829747721207456213e+00	-4.770739442732633506e+00	8.645732972542279349e-01	-1.884695841569959063e+00	-1.796038234708362324e+00
6.412925422259145858e-01	1.805536483885005206e+00	-4.922375097839562841e+00	8.551365223067272092e-01	-1.893283567520379629e+00	-1.642402258323954811e+00
6.502500592528399626e-01	1.780569329048439009e+00	-5.073324882827705551e+00	8.456587577146216228e-01	-1.901107649998531546e+00	-1.490363272871491063e+00
6.590809732561693224e-01	1.754850410930169247e+00	-5.223300215773406308e+00	8.361437971014816783e-01	-1.908176839330899544e+00	-1.340226464953161667e+00
6.677815420480058828e-01	1.728385304467303873e+00	-5.372018358943591920e+00	8.265953866726649668e-01	-1.914501374062931083e+00	-1.192285251354860520e+00
6.763480545118256693e-01	1.701180984183270350e+00	-5.519202328863229923e+00	8.170172182016627316e-01	-1.920092931196477615e+00	-1.046821445763612246e+00
6.847768382157186640e-01	1.673245803739659809e+00	-5.664577550908575176e+00	8.074129211915795912e-01	-1.924964577244647312e+00	-9.041089138418101356e-01
6.930642660962095247e-01	1.644589447533495452e+00	-5.807886673315806547e+00	7.977860562272816036e-01	-1.929130689544812371e+00	-7.643976994930881119e-01
7.012067622926601018e-01	1.615222859002797051e+00	-5.948883012068449716e+00	7.881401094183800859e-01	-1.932606853043341566e+00	-6.279212284133564026e-01
7.092008085151204622e-01	1.585158180159427221e+00	-6.087332661940763501e+00	7.784784863333504834e-01	-1.935409769788437817e+00	-4.948940366934948543e-01
7.170429504396655940e-01	1.554408693701985644e+00	-6.223015080391178344e+00	7.688045059936886583e-01	-1.937557170514937033e+00	-3.655112393091712875e-01
7.247298025787808351e-01	1.522988732245639909e+00	-6.355729164674812637e+00	7.591213967238885640e-01	-1.939067694167260436e+00	-2.399426395666068856e-01
7.322580531209106347e-01	1.490913593973119733e+00	-6.485289973175895284e+00	7.494322921133083071e-01	-1.939960774432836210e+00	-1.183361300116985149e-01
7.396244688010681356e-01	1.458199454592284283e+00	-6.611531601019919435e+00	7.397402270454189743e-01	-1.940256522629825175e+00	-8.144842463480017614e-04
7.468259000333949960e-01	1.424863271881271265e+00	-6.734306146280459870e+00	7.300481335477270184e-01	-1.939975602764528073e+00	1.125226964381909056e-01
7.538592832462248650e-01	1.390922698106117794e+00	-6.853483945375614894e+00	7.203588397811928612e-01	-1.939139120052276954e+00	2.215990440372479497e-01
7.607216443537135886e-01	1.356395986979193946e+00	-6.968954118919214125e+00	7.106750678785698216e-01	-1.937768502472815735e+00	3.263619173798133488e-01
7.674101019340804353e-01	1.321301885980619817e+00	-7.080629737853200822e+00	7.009994321930632655e-01	-1.935885366655408335e+00	4.267882384604035906e-01
7.739218694736158533e-01	1.285659543876391364e+00	-7.188436377212269690e+00	6.913344386268932551e-01	-1.933511403104306137e+00	5.228706416032764537e-01
7.802542567154973074e-01	1.249488434681546467e+00	-7.292318386073816328e+00	6.816824849885345650e-01	-1.930668282097809385e+00	6.146247224886565164e-01
7.864046711359542474e-01	1.212808267055421441e+00	-7.392239166143781404e+00	6.720458612837866275e-01	-1.927377543407236882e+00	7.020890095119511898e-01
7.923706192844179874e-01	1.175638872960254933e+00	-7.488182114675623779e+00	6.624267502796932217e-01	-1.923660464015636284e+00	7.853257880847195338e-01
7.981497069819045720e-01	1.138000150461409232e+00	-7.580139798663822148e+00	6.528272292312411462e-01	-1.919537988473008605e+00	8.644085829700998147e-01
8.037396394567511981e-01	1.099911993171859281e+00	-7.668120428057818572e+00	6.432492717606779209e-01	-1.915030645202782100e+00	9.394292914356583424e-01
8.091382211212940767e-01	1.061394213548294774e+00	-7.752150086075062063e+00	6.336947501879209854e-01	-1.910158457169485624e+00	1.010500324730173816e+00
8.143433548167051672e-01	1.022466458829142333e+00	-7.832264752804348973e+00	6.241654384969080871e-01	-1.904940845766316393e+00	1.077745570461388525e+00
8.193530412060880952e-01	9.831481796274412766e-01	-7.908509659576452577e+00	6.146630150358735056e-01	-1.899396593943584399e+00	1.141299456434694548e+00
8.241653776277442223e-01	9.434585727229420904e-01	-7.980940522427204087e+00	6.051890658952708835e-01	-1.893543781956768202e+00	1.201308085119990210e+00
8.287785563927242416e-01	9.034165258570312496e-01	-8.049625196481258627e+00	5.957450889422672979e-01	-1.887399727051729759e+00	1.257930621475225053e+00
8.331908631669294740e-01	8.630405767209661239e-01	-8.114635293322635334e+00	5.863324977151375128e-01	-1.880980939348839920e+00	1.311330287218083868e+00
8.374006755388566647e-01	8.223488870601671774e-01	-8.176049797978180322e+00	5.769526250523779876e-01	-1.874303094754846466e+00	1.361677891387785166e+00
8.414064609994681421e-01	7.813592103553662627e-01	-8.233953013515929342e+00	5.676067274222450498e-01	-1.867381002445970495e+00	1.409149340563658370e+00
8.452067742087759905e-01	7.400888673471186507e-01	-8.288433597006189757e+00	5.582959900427811872e-01	-1.860228582929695618e+00	1.453924315680296786e+00
8.488002553178942700e-01	6.985547279533242948e-01	-8.339583317468452606e+00	5.490215307497611219e-01	-1.852858851899901182e+00	1.496185181167334122e+00
8.521856278083400626e-01	6.567731967704314444e-01	-8.387496550074047263e+00	5.397844043950971171e-01	-1.845283909523905974e+00	1.536115953083594832e+00
8.553616959992974556e-01	6.147602049526132983e-01	-8.432267682725182567e+00	5.305856075965592611e-01	-1.837514938035303080e+00	1.573899130933568813e+00
8.583273422094942484e-01	5.725312117165779480e-01	-8.473992397278209410e+00	5.214260838497299932e-01	-1.829562211316201559e+00	1.609717294176562064e+00
8.610815249977316066e-01	5.301011941871162092e-01	-8.512767039655159351e+00	5.123067273642410990e-01	-1.821435089908286287e+00	1.643752287924371558e+00
8.636232766885705292e-01	4.874846501386098652e-01	-8.548687122813220185e+00	5.032283876843257620e-01	-1.813142032372769163e+00	1.676183325718284323e+00
8.659517007552836043e-01	4.446956103565645191e-01	-8.581843889643522516e+00	4.941918744171654443e-01	-1.804690618214498388e+00	1.707182875583384885e+00
8.680659694601028376e-01	4.017476475555994408e-01	-8.612329905903038707e+00	4.851979616326614897e-01	-1.796087567011926733e+00	1.736923231026594294e+00
8.699653218614291639e-01	3.586538784474433972e-01	-8.640234845269276320e+00	4.762473918124374150e-01	-1.787338749734971310e+00	1.765571449437288720e+00
8.716490615034327982e-01	3.154269783252567905e-01	-8.665645086404992981e+00	4.673408800988204659e-01	-1.778449215196786559e+00	1.793288842100992042e+00
8.731165540863912167e-01	2.720792052680824913e-01	-8.688642486100150109e+00	4.584791185035128613e-01	-1.769423227873041293e+00	1.820229488786367256e+00
8.743672255214751665e-01	2.286224084152314040e-01	-8.709307988094209918e+00	4.496627796549053091e-01	-1.760264287659087268e+00	1.846544338679223074e+00
8.754005599564681495e-01	1.850680432381995033e-01	-8.727718488477364644e+00	4.408925205169804684e-01	-1.750975158057392678e+00	1.872377519190877138e+00
8.762160978412228962e-01	1.414271918365108682e-01	-8.743945947955651832e+00	4.321689859995078153e-01	-1.741557900448771790e+00	1.897865284492013416e+00
8.768134340851662101e-01	9.771058800359125329e-02	-8.758059009000149331e+00	4.234928123939479816e-01	-1.732013914060440474e+00	1.923137772443510585e+00
8.771922163647429826e-01	5.392862864213708585e-02	-8.770123058128049820e+00	4.148646306204640810e-01	-1.722343960864365364e+00	1.948319006073575110e+00
8.773521434813631448e-01	1.009139483192122988e-02	-8.780199313143967288e+00	4.062850693318889594e-01	-1.712548201719247931e+00	1.973525796997364523e+00
8.772929638813583564e-01	-3.379132584655257510e-02	-8.788343995241996609e+00	3.977547577654001465e-01	-1.702626234127380567e+00	1.998866795168737553e+00
8.770144742397418813e-01	-7.771001890440910886e-02	-8.794610421161159763e+00	3.892743284662312231e-01	-1.692577128230874806e+00	2.024444693036343779e+00
8.765165180719143301e-01	-1.216554259930898718e-01	-8.799047717587399120e+00	3.808444199287857046e-01	-1.682399459383313145e+00	2.050354766213217772e+00
8.757989845156001207e-01	-1.656185244015075941e-01	-8.801701051135580656e+00	3.724656789627118769e-01	-1.672091344880487274e+00	2.076685077971887949e+00
8.748618073126604999e-01	-2.095905066560582175e-01	-8.802611583207522017e+00	3.641387627548933192e-01	-1.661650480669549790e+00	2.103516391126504459e+00
8.737049636894073101e-01	-2.535627624865371410e-01	-8.801817019009689602e+00	3.558643409979053707e-01	-1.651074176115096215e+00	2.130922627362110688e+00
8.723284733865998009e-01	-2.975268605413459722e-01	-8.799351328736094047e+00	3.476430977707148373e-01	-1.640359389233385201e+00	2.158970562509352931e+00
8.707323978382268681e-01	-3.414745304158731121e-01	-8.795245032075342806e+00	3.394757331729111871e-01	-1.629502761749512363e+00	2.187720122944256218e+00
8.689168395182280680e-01	-3.853976457131256805e-01	-8.789525217838388471e+00	3.313629646902372938e-01	-1.618500653111857979e+00	2.217224286581767956e+00
8.668819411230204164e-01	-4.292882068526466810e-01	-8.782215636417532778e+00	3.233055286846426291e-01	-1.607349175632778016e+00	2.247529115796396582e+00
8.646278849914612596e-01	-4.731383249348089515e-01	-8.773336884533165403e+00	3.153041815284007843e-01	-1.596044228388177055e+00	2.278673945704554171e+00
8.621548926941713376e-01	-5.169402074567954752e-01	-8.762906991541171919e+00	3.073597004662980692e-01	-1.584581529084083229e+00	2.310692083494586768e+00
8.594632245779844082e-01	-5.606861433808820738e-01	-8.750940480792621656e+00	2.994728844513010468e-01	-1.572956647221860349e+00	2.343609457897741777e+00
8.565531792464565752e-01	-6.043684873351802267e-01	-8.737449190762561102e+00	2.916445549740850351e-01	-1.561165038841937802e+00	2.377445648288130542e+00
8.534250932697822201e-01	-6.479796461582808531e-01	-8.722442185848422014e+00	2.838755565454080809e-01	-1.549202078494312129e+00	2.412213687088410552e+00
8.500793409032253445e-01	-6.915120654198569916e-01	-8.705926266262508761e+00	2.761667570857552212e-01	-1.537063091624642164e+00	2.447920664053299333e+00
8.465163344189889916e-01	-7.349582234037405071e-01	-8.687907093154819904e+00	2.685190475289337408e-01	-1.524743377407698830e+00	2.484569151124446762e+00
8.427365236315440544e-01	-7.783106147787330897e-01	-8.668386034338880108e+00	2.609333422603584696e-01	-1.512238245597888664e+00	2.522152952144097071e+00
8.387403956896211099e-01	-8.215617373798111966e-01	-8.647362887394649533e+00	2.534105791626418691e-01	-1.499543049559459496e+00	2.560660657826588249e+00
8.345284751613462060e-01	-8.647040824117134816e-01	-8.624835205991473686e+00	2.459517192369091998e-01	-1.486653215036103814e+00	2.600074698109779092e+00
8.301013240912384905e-01	-9.077301244017266235e-01	-8.600799288109499230e+00	2.385577461708797697e-01	-1.473564269540549976e+00	2.640372575963283452e+00
8.254595424584869612e-01	-9.506323182839272468e-01	-8.575249875637098285e+00	2.312296653913610833e-01	-1.460271862721886027e+00	2.681526437066395374e+00
8.206037679249732486e-01	-9.934030824979077634e-01	-8.548178519274813425e+00	2.239685037662851042e-01	-1.446771805046666026e+00	2.723500916127818527e+00
8.155346760615476143e-01	-1.036034790674370987e+00	-8.519575482497089070e+00	2.167753087091276176e-01	-1.433060095508358556e+00	2.766255576441608355e+00
8.102529805957908726e-01	-1.078519763216585048e+00	-8.489429192199054341e+00	2.096511471641836766e-01	-1.419132949593008952e+00	2.809744177389006836e+00
8.047594337545669330e-01	-1.120850260216141869e+00	-8.457727535415187958e+00	2.025971044011803668e-01	-1.404986825610551993e+00	2.853916335075268762e+00
7.990548268188043535e-01	-1.163018477957174168e+00	-8.424456116309215759e+00	1.956142824999964058e-01	-1.390618446438980360e+00	2.898715268255614319e+00
7.931399901285204335e-01	-1.205016534030974418e+00	-8.389598573035186746e+00	1.887037992826436361e-01	-1.376024835969184013e+00	2.944078211214900875e+00
7.870157935832576834e-01	-1.246836461525630213e+00	-8.353137233247593940e+00	1.818667866535626509e-01	-1.361203343795786669e+00	2.989937272797078549e+00
7.806831470766703029e-01	-1.288470201237171153e+00	-8.315052841534793515e+00	1.751043889059564762e-01	-1.346151672372341679e+00	3.036219107387864824e+00
7.741430010290487607e-01	-1.329909596108036496e+00	-8.275325636982756805e+00	1.684177608718898933e-01	-1.330867901145052157e+00	3.082846342157154140e+00
7.673963469298400453e-01	-1.371146384794371675e+00	-8.233933272099875467e+00	1.618080659524651355e-01	-1.315350511623569085e+00	3.129734927481194973e+00
7.604442177760510901e-01	-1.412172190530726734e+00	-8.190852120709337214e+00	1.552764740821544476e-01	-1.299598418292780222e+00	3.176795883923546171e+00
7.532876886976132003e-01	-1.452978514904883722e+00	-8.146057045918041695e+00	1.488241594924097078e-01	-1.283610992869713918e+00	3.223935068039395446e+00
7.459278775737506750e-01	-1.493556729986098564e+00	-8.099521429397441352e+00	1.424522983672535104e-01	-1.267388090336135420e+00	3.271053277324881492e+00
7.383659457596184472e-01	-1.533898073059047462e+00	-8.051217756125424785e+00	1.361620663579956036e-01	-1.250930071420058853e+00	3.318047043229853443e+00
7.306030987555565126e-01	-1.573993637510850307e+00	-8.001116007786663431e+00	1.299546359867308765e-01	-1.234237829276004783e+00	3.364806784383631566e+00
7.226405869163923246e-01	-1.613834363494018875e+00	-7.949184830753324604e+00	1.238311739227224428e-01	-1.217312815920256419e+00	3.411218329329244625e+00
7.144797062532939336e-01	-1.653411030272675220e+00	-7.895391153069454049e+00	1.177928381234075450e-01	-1.200157066051220855e+00	3.457162575166080387e+00
7.061217992565098633e-01	-1.692714247724252719e+00	-7.839700387960988337e+00	1.118407748625673270e-01	-1.182773221281432807e+00	3.502515835089184293e+00
6.975682557518703142e-01	-1.731734450117772273e+00	-7.782076448212706055e+00	1.059761157301600809e-01	-1.165164551233046630e+00	3.547149992573622512e+00
6.888205138198137956e-01	-1.770461884792628560e+00	-7.722480848442842216e+00	1.001999743372100626e-01	-1.147334979454174952e+00	3.590931676544641959e+00
6.798800607523495243e-01	-1.808886602868441607e+00	-7.660873425860472707e+00	9.451344298790820275e-02	-1.129289106338885462e+00	3.633723209373670215e+00
6.707484340574977333e-01	-1.846998449926066321e+00	-7.597212039727764932e+00	8.891758924602281844e-02	-1.111032231223987310e+00	3.675382457970272299e+00
6.614272225004904637e-01	-1.884787056748954637e+00	-7.531453062480750305e+00	8.341345240812632345e-02	-1.092570373627255620e+00	3.715763468956424731e+00
6.519180671516231484e-01	-1.922241832118958049e+00	-7.463550712473534077e+00	7.800203997278182255e-02	-1.073910291649696092e+00	3.754716041391361614e+00
6.422226626048187503e-01	-1.959351949098680601e+00	-7.393456799443811178e+00	7.268432372114283502e-02	-1.055059505431482636e+00	3.792085696788149107e+00
6.323427581671560160e-01	-1.996106335491587336e+00	-7.321121198332775748e+00	6.746123589387202635e-02	-1.036026315660497410e+00	3.827714340027569051e+00
6.222801591198982019e-01	-2.032493663296071507e+00	-7.246491616277239700e+00	6.233366523252636265e-02	-1.016819821875400986e+00	3.861440278151803795e+00
6.120367279607975552e-01	-2.068502339861757466e+00	-7.169514646671586888e+00	5.730245303341788971e-02	-9.974499381337511572e-01	3.893099367150000489e+00
6.016143856814409885e-01	-2.104120499522408316e+00	-7.090133873566628608e+00	5.236838914510669185e-02	-9.779274069996946039e-01	3.922523656820544602e+00
5.910151133438736881e-01	-2.139335988913082964e+00	-7.008290896651260482e+00	4.753220752980966135e-02	-9.582638175686530868e-01	3.949542544964231183e+00
5.802409534896384447e-01	-2.174136358225002841e+00	-6.923925347636668448e+00	4.279458207891667643e-02	-9.384716169866518243e-01	3.973983087488363708e+00
5.692940116693080421e-01	-2.208508850990795747e+00	-6.836974949742170793e+00	3.815612226830439324e-02	-9.185641217033478911e-01	3.995670355247284533e+00
5.581764578110067765e-01	-2.242440398513455779e+00	-6.747376905432474814e+00	3.361736901536642452e-02	-8.985555233993558488e-01	4.014428875684927789e+00
5.468905278669573544e-01	-2.275917610230571153e+00	-6.655065107397604152e+00	2.917879021702737136e-02	-8.784608964465729919e-01	4.030080758082476677e+00
5.354385256189037046e-01	-2.308926762520298048e+00	-6.559972418694769658e+00	2.484077612019332248e-02	-8.582962048033133673e-01	4.042447886504476173e+00
5.238228243043956400e-01	-2.341453792857672855e+00	-6.462030311500029711e+00	2.060363493975079369e-02	-8.380783027280238606e-01	4.051352023532217572e+00
5.120458683472532968e-01	-2.373484293602059925e+00	-6.361169491609643956e+00	1.646758838787265242e-02	-8.178249338081303721e-01	4.056615680796085144e+00
5.001101747272119757e-01	-2.405003512498415486e+00	-6.257320717924585551e+00	1.243276762560831424e-02	-7.975547230334971704e-01	4.058063152445242849e+00
4.880183350378076712e-01	-2.435996345458972367e+00	-6.150412892278382060e+00	8.499208539552896569e-03	-7.772871719993382778e-01	4.055519643047432510e+00
4.757730173254715589e-01	-2.466447334376347555e+00	-6.040375323840407873e+00	4.666847309703896218e-03	-7.570426480977489048e-01	4.048813372632366736e+00
4.633769678254147095e-01	-2.496340668517400996e+00	-5.927137601971935510e+00	9.355161563003655057e-04	-7.368423685956333458e-01	4.037776016623695341e+00
4.508330126873006938e-01	-2.525660187696081138e+00	-5.810630584229556916e+00	-2.695060832738991469e-03	-7.167083810250525211e-01	4.022243735739493786e+00
4.381440592429794445e-01	-2.554389391064846304e+00	-5.690786547833340592e+00	-6.225271350786324570e-03	-6.966635381102097568e-01	4.002058009216682422e+00
4.253130982710431884e-01	-2.582511441556649245e+00	-5.567539179286541184e+00	-9.655619365362555148e-03	-6.767314699017575874e-01	3.977066470262968778e+00
4.123432055749224889e-01	-2.610009177983847461e+00	-5.440825020405327450e+00	-1.298672884795914334e-02	-6.569365493569083725e-01	3.947124218472652046e+00
3.992375435785399107e-01	-2.636865130099722787e+00	-5.310583928456708236e+00	-1.621934739610054327e-02	-6.373038524776994951e-01	3.912094896907547081e+00
3.859993626904151820e-01	-2.663061536000420837e+00	-5.176759231405412720e+00	-1.935434952993308338e-02	-6.178591152883131654e-01	3.871850360909945721e+00
3.726320023562900152e-01	-2.688580362392840151e+00	-5.039299492671489133e+00	-2.239273957827902020e-02	-5.986286874811500569e-01	3.826274272516911878e+00
3.591388929546257547e-01	-2.713403333789002225e+00	-4.898159056963550029e+00	-2.533565507233978553e-02	-5.796394680793451881e-01	3.775262548962814435e+00
3.455235567656633755e-01	-2.737511962403534227e+00	-4.753298839118997421e+00	-2.818436920198295198e-02	-5.609188441745859288e-01	3.718724313538245951e+00
3.317896089845702168e-01	-2.760887583948645307e+00	-4.604687324165979589e+00	-3.094029310337365057e-02	-5.424946202954099572e-01	3.656583404104537749e+00
3.179407583741598042e-01	-2.783511390905677896e+00	-4.452298526653521549e+00	-3.360497771535410350e-02	-5.243949514024346392e-01	3.588775452398976995e+00
3.039808077704961864e-01	-2.805364473132518910e+00	-4.296118229424109813e+00	-3.618011526355489199e-02	-5.066482658327281507e-01	3.515256607187069449e+00
2.899136546092990763e-01	-2.826427873561347948e+00	-4.136141599566371951e+00	-3.866754041615769188e-02	-4.892831674315111790e-01	3.436000058801454315e+00
2.757432908977320851e-01	-2.846682637716774433e+00	-3.972374713818453529e+00	-4.106923085028635345e-02	-4.723283470252935268e-01	3.350998126590525317e+00
2.614738033922744953e-01	-2.866109869748073802e+00	-3.804835195377563650e+00	-4.338730776474485767e-02	-4.558124832980878782e-01	3.260263579410235479e+00
2.471093730905802033e-01	-2.884690794964934302e+00	-3.633554104587574329e+00	-4.562403548818796256e-02	-4.397641373624112671e-01	3.163830939680053689e+00
2.326542742789772522e-01	-2.902406827901427011e+00	-3.458576314558968079e+00	-4.778182041512820527e-02	-4.242116411646523755e-01	3.061757651284779058e+00
2.181128735446989930e-01	-2.919239643418015895e+00	-3.279960525331944154e+00	-4.986320967908091512e-02	-4.091829809979777854e-01	2.954123789538328992e+00
2.034896281957309094e-01	-2.935171235540715351e+00	-3.097777166616879185e+00	-5.187088920127495839e-02	-3.947056980395439174e-01	2.841029198254659605e+00
1.887890844104023469e-01	-2.950183999041266159e+00	-2.912115585716264832e+00	-5.380768100508222934e-02	-3.808067603422902181e-01	2.722602593059747278e+00
1.740158749413835138e-01	-2.964260811169225018e+00	-2.723079864191049637e+00	-5.567653988382280372e-02	-3.675124356243132939e-01	2.598995994252845776e+00
1.591747169116012328e-01	-2.977385109640921623e+00	-2.530790397896225841e+00	-5.748055007680259731e-02	-3.548481683360850125e-01	2.470387037728670521e+00
1.442704088041920629e-01	-2.989540975655371913e+00	-2.335384495946982497e+00	-5.922292081830929367e-02	-3.428384525640600922e-01	2.336978607193515245e+00
1.293078267215647392e-01	-3.000713219163788636e+00	-2.137016521468467545e+00	-6.090698087573790526e-02	-3.315067041744519938e-01	2.198999355364207986e+00
1.142919207258022707e-01	-3.010887452481358473e+00	-1.935852360171111286e+00	-6.253617314060067045e-02	-3.208751472447971542e-01	2.056696512370223218e+00
9.922771059538464111e-02	-3.020050162453382203e+00	-1.732077938210068169e+00	-6.411404840665776983e-02	-3.109647041141346824e-01	1.910346019616696367e+00
8.412028096857285253e-02	-3.028188804564804215e+00	-1.525894043252264964e+00	-6.564425805226424548e-02	-3.017948601436123979e-01	1.760245843490594098e+00
6.897477652268907411e-02	-3.035291871397046926e+00	-1.317514601607172153e+00	-6.713054690431173588e-02	-2.933835610860336396e-01	1.606713849151731210e+00
5.379639725681097107e-02	-3.041348958865366825e+00	-1.107168283502232953e+00	-6.857674613919442774e-02	-2.857471141168948514e-01	1.450088993195095100e+00
3.859039188134041898e-02	-3.046350840612519040e+00	-8.950970821035753033e-01	-6.998676360861272316e-02	-2.789000830836906308e-01	1.290729289359376253e+00
2.336205203189664278e-02	-3.050289526847604460e+00	-6.815534006698271696e-01	-7.136457523803604874e-02	-2.728552028709996802e-01	1.129008134346037195e+00
8.116706435239037093e-03	-3.053158311590737028e+00	-4.667997173894491425e-01	-7.271421636987393522e-02	-2.676233092137182412e-01	9.653133076019742020e-01
-7.140286280069811989e-03	-3.054951826771639123e+00	-2.511080617584866559e-01	-7.403977119687872588e-02	-2.632132645349861133e-01	8.000457259589666137e-01
-2.240354436437379942e-02	-3.055666080206866919e+00	-3.475730636841944943e-02	-7.534536277003277271e-02	-2.596319042118032661e-01	6.336160940709589795e-01
-3.766766908427486571e-02	-3.055298488051999772e+00	1.819681851254699723e-01	-7.663514385768059600e-02	-2.568839900350552985e-01	4.664428328660790157e-01
-5.292725251633070838e-02	-3.053847894697343524e+00	3.987811492181663198e-01	-7.791328557396258458e-02	-2.549721843556539413e-01	2.989479159698333888e-01
-6.817688483405752453e-02	-3.051314584360005355e+00	6.153922962528213247e-01	-7.918396669049562742e-02	-2.538970353229705323e-01	1.315559188596324702e-01
-8.341116095656951612e-02	-3.047700293470793742e+00	8.315107209757570672e-01	-8.045136378825033796e-02	-2.536569610405211006e-01	-3.530668235498524155e-02
-9.862468807934640647e-02	-3.043008199162097416e+00	1.046850414708842436e+00	-8.171964026684787330e-02	-2.542482680289298580e-01	-2.012208074951331582e-01
-1.138120930801768405e-01	-3.037242898630830634e+00	1.261128865266528010e+00	-8.299293553506953414e-02	-2.556651827306672398e-01	-3.657728207273152066e-01
-1.289680291981581683e-01	-3.030410398423418972e+00	1.474064956371194057e+00	-8.427535516697579054e-02	-2.578998702546955180e-01	-5.285519457484042505e-01
-1.440871829937024340e-01	-3.022518079290118731e+00	1.685390243132815158e+00	-8.557096072882128257e-02	-2.609424869734557340e-01	-6.891655984841804639e-01
-1.591642813528152678e-01	-3.013574641783187236e+00	1.894844803654677889e+00	-8.688375959064696674e-02	-2.647812598537720441e-01	-8.472339789533123167e-01
-1.741940978720313282e-01	-3.003590069855174960e+00	2.102173961109656375e+00	-8.821769557100156423e-02	-2.694025427573201181e-01	-1.002385982133006337e+00
-1.891714590704871857e-01	-2.992575582410577528e+00	2.307140259141078786e+00	-8.957663985840297327e-02	-2.747908897949563056e-01	-1.154275230793984974e+00
-2.040912503921262777e-01	-2.980543549553401839e+00	2.509519391850062675e+00	-9.096438228748512933e-02	-2.809291763556978627e-01	-1.302574897706477941e+00
-2.189484218523489734e-01	-2.967507434037753633e+00	2.709096927752625561e+00	-9.238462310947327671e-02	-2.877986878584077313e-01	-1.446973594711806754e+00
-2.337379934691138084e-01	-2.953481733427402389e+00	2.905676225014531155e+00	-9.384096510206055286e-02	-2.953792085968705572e-01	-1.587186001883679864e+00
-2.484550598728758886e-01	-2.938481880314789851e+00	3.099077726293671731e+00	-9.533690686446512352e-02	-3.036491668294045709e-01	-1.722952132030627581e+00
-2.630947948864973962e-01	-2.922524168268424205e+00	3.289135602827855109e+00	-9.687583619327511109e-02	-3.125857468554545382e-01	-1.854033049980046144e+00
-2.776524561118006162e-01	-2.905625684064969683e+00	3.475700580961984087e+00	-9.846102351014425491e-02	-3.221649934821634864e-01	-1.980214803236890475e+00
-2.921233880308673481e-01	-2.887804208734616740e+00	3.658642268993389735e+00	-1.000956173697318263e-01	-3.323619589202346236e-01	-2.101311692622005012e+00
-3.065030253052380971e-01	-2.869078135778725169e+00	3.837845796732381132e+00	-1.017826397643955272e-01	-3.431508275345138137e-01	-2.217161884730444399e+00
-3.207868963144164809e-01	-2.849466395325964019e+00	4.013212087511419668e+00	-1.035249811732547320e-01	-3.545050328411294416e-01	-2.327627897353153230e+00
-3.349706249843551475e-01	-2.828988366634594964e+00	4.184659641533244212e+00	-1.053253980085764041e-01	-3.663973916930874930e-01	-2.432599281077045816e+00
-3.490499327007446917e-01	-2.807663797962685948e+00	4.352122392941737417e+00	-1.071865100236702451e-01	-3.788002288755424329e-01	-2.531989685014536917e+00
-3.630206406528082019e-01	-2.785512728123180182e+00	4.515549816376051240e+00	-1.091107972040298163e-01	-3.916854988856166564e-01	-2.625736962663381746e+00
-3.768786706948676901e-01	-2.762555413047698583e+00	4.674905437984079981e+00	-1.111005987711452675e-01	-4.050249029342494200e-01	-2.713801719449691063e+00
-3.906200459371652611e-01	-2.738812256329634209e+00	4.830166662461124361e+00	-1.131581126390352326e-01	-4.187900008820792941e-01	-2.796166814360191211e+00
-4.042408918499393877e-01	-2.714303735886280489e+00	4.981326017415540264e+00	-1.152853942283666860e-01	-4.329523271444341570e-01	-2.872838813143630432e+00
-4.177374364111118288e-01	-2.689050341928632015e+00	5.128385753914017187e+00	-1.174843566956544627e-01	-4.474834927861970346e-01	-2.943841457763284097e+00
-4.311060095889048815e-01	-2.663072524538417252e+00	5.271359647722874797e+00	-1.197567721750244785e-01	-4.623552755376119650e-01	-3.009217662074632926e+00
-4.443430433228841014e-01	-2.636390632382812349e+00	5.410274930658488302e+00	-1.221042723766011667e-01	-4.775397200152882715e-01	-3.069031845765977096e+00
-4.574450710786599483e-01	-2.609024858719720452e+00	5.545165268395294333e+00	-1.245283498644645520e-01	-4.930092283784697216e-01	-3.123361063436988161e+00
-4.704087265296340026e-01	-2.580995208402705909e+00	5.676072846186571041e+00	-1.270303606837130672e-01	-5.087366241267173850e-01	-3.172297441944465390e+00
-4.832307426716698218e-01	-2.552321451635795935e+00	5.803050178925104774e+00	-1.296115264018967150e-01	-5.246952317673805322e-01	-3.215950386184147192e+00
-4.959079507709463486e-01	-2.523023078705425970e+00	5.926154738596778770e+00	-1.322729364391350693e-01	-5.408589546503028700e-01	-3.254439537606231170e+00
-5.084372786226002416e-01	-2.493119282956637317e+00	6.045448986889823573e+00	-1.350155515567272313e-01	-5.572023157460664899e-01	-3.287894639489479687e+00
-5.208157490509472964e-01	-2.462628929834675073e+00	6.161002206956936789e+00	-1.378402069922037843e-01	-5.737005155026289049e-01	-3.316457788589502798e+00
-5.330404782974826894e-01	-2.431570523413720597e+00	6.272887864616450315e+00	-1.407476157699444896e-01	-5.903294924226769602e-01	-3.340279782146296839e+00
-5.451086741177615380e-01	-2.399962199010143848e+00	6.381181254297189298e+00	-1.437383726521906102e-01	-6.070659481366450505e-01	-3.359516806318765703e+00
-5.570176339034877966e-01	-2.367821706418870686e+00	6.485961541438655331e+00	-1.468129580287064195e-01	-6.238873840292029627e-01	-3.374333018738525425e+00
-5.687647426662568728e-01	-2.335166389548119170e+00	6.587310836932147140e+00	-1.499717419850656319e-01	-6.407721422631291741e-01	-3.384899133061765042e+00
-5.803474710739554565e-01	-2.302013184241180621e+00	6.685311081222153007e+00	-1.532149885199487471e-01	-6.576994205618620359e-01	-3.391387882208505289e+00
-5.917633734155238745e-01	-2.268378612935557204e+00	6.780045782392562614e+00	-1.565428598564810592e-01	-6.746492905030179177e-01	-3.393976302918986221e+00
-6.030100853776917402e-01	-2.234278776333680216e+00	6.871599780836277205e+00	-1.599554209779402436e-01	-6.916027197463399112e-01	-3.392845321890035848e+00
-6.140853220406609081e-01	-2.199729354678046978e+00	6.960056748345550659e+00	-1.634526440265385294e-01	-7.085415788704392259e-01	-3.388175748435742207e+00
-6.249868758581244021e-01	-2.164745610230714323e+00	7.045500274679170616e+00	-1.670344127545683455e-01	-7.254486455510851250e-01	-3.380149807961799979e+00
-6.357126144077430707e-01	-2.129342388243518069e+00	7.128013634562648804e+00	-1.707005272449620137e-01	-7.423076110431920949e-01	-3.368950848153986044e+00
-6.462604783534502406e-01	-2.093534121615414190e+00	7.207678575916588670e+00	-1.744507084329765256e-01	-7.591030793870741089e-01	-3.354760815040776833e+00
-6.566284795504104821e-01	-2.057334837735793176e+00	7.284575669291825761e+00	-1.782846024897844495e-01	-7.758205618071760679e-01	-3.337760897569694407e+00
-6.668146988766050498e-01	-2.020758165564798592e+00	7.358783803594178607e+00	-1.822017855283293575e-01	-7.924464714900374407e-01	-3.318130959999962215e+00
-6.768172842071983331e-01	-1.983817343963644619e+00	7.430380288697620017e+00	-1.862017681512829481e-01	-8.089681148845543346e-01	-3.296048609673391638e+00
-6.866344487542820341e-01	-1.946525230110288440e+00	7.499440582833358349e+00	-1.902839995643078319e-01	-8.253736797388343538e-01	-3.271689051891542022e+00
-6.962644691470049052e-01	-1.908894309279233870e+00	7.566037918406209428e+00	-1.944478719926831245e-01	-8.416522220848480229e-01	-3.245224564251657284e+00
-7.057056831845385236e-01	-1.870936707944141020e+00	7.630243084756330063e+00	-1.986927254986648184e-01	-8.577936500696436983e-01	-3.216824110275410931e+00
-7.149564884307604284e-01	-1.832664202032942891e+00	7.692125356333235686e+00	-2.030178517369958802e-01	-8.737887082079300871e-01	-3.186653428551380784e+00
-7.240153405507261386e-01	-1.794088227357869769e+00	7.751751701633452285e+00	-2.074224980079729941e-01	-8.896289596602359184e-01	-3.154874521274905419e+00
-7.328807515040177689e-01	-1.755219892798671300e+00	7.809185727371868779e+00	-2.119058714859659021e-01	-9.053067651385785508e-01	-3.121644371673085061e+00
-7.415512877782183265e-01	-1.716069994331143045e+00	7.864489692616416505e+00	-2.164671433791938160e-01	-9.208152598569381286e-01	-3.087116579972189356e+00
-7.500255691612665032e-01	-1.676649021596750888e+00	7.917723616149487498e+00	-2.211054523053044563e-01	-9.361483363368402477e-01	-3.051440379673408643e+00
-7.583022671854509067e-01	-1.636967170421977036e+00	7.968944933330135427e+00	-2.258199080982192242e-01	-9.513006209656017509e-01	-3.014760137606742774e+00
-7.663801034678943136e-01	-1.597034358718218749e+00	8.018207974452025155e+00	-2.306095957442166611e-01	-9.662674463158903437e-01	-2.977214682752162389e+00
-7.742578484967896912e-01	-1.556860234740308879e+00	8.065566048487198714e+00	-2.354735786229892047e-01	-9.810448302960879108e-01	-2.938939228238552914e+00
-7.819343203822310961e-01	-1.516454186886684985e+00	8.111069986369784601e+00	-2.404109017601278597e-01	-9.956294531483854682e-01	-2.900063815272858392e+00
-7.894083835270391258e-01	-1.475825356431635482e+00	8.154767556074716595e+00	-2.454205951738196723e-01	-1.010018630788397598e+00	-2.860712507232449298e+00
-7.966789473059475712e-01	-1.434982651780767560e+00	8.196704904053149221e+00	-2.505016771934273634e-01	-1.024210285824087796e+00	-2.821004869442106155e+00
-8.037449650847164895e-01	-1.393934754296960010e+00	8.236926325727495168e+00	-2.556531571294496374e-01	-1.038202927349171301e+00	-2.781055623924544307e+00
-8.106054330882069836e-01	-1.352690129752542214e+00	8.275473822153912806e+00	-2.608740381837453270e-01	-1.051995624107976202e+00	-2.740974065235036505e+00
-8.172593892819456363e-01	-1.311257041732001749e+00	8.312386566389250220e+00	-2.661633203362460121e-01	-1.065587974835064289e+00	-2.700863340026785409e+00
-8.237059124120904574e-01	-1.269643560478517008e+00	8.347702689317998193e+00	-2.715200028585165737e-01	-1.078980083612092855e+00	-2.660822490815803576e+00
-8.299441210985794015e-01	-1.227857571401456571e+00	8.381458092674620275e+00	-2.769430866860436713e-01	-1.092172535323383542e+00	-2.620944998840059270e+00
-8.359731729232623421e-01	-1.185906786010482605e+00	8.413686287197720048e+00	-2.824315767952595424e-01	-1.105166367907351566e+00	-2.581318487449038912e+00
-8.417922635603257708e-01	-1.143798754139702112e+00	8.444418928104482802e+00	-2.879844845112386476e-01	-1.117963042622666103e+00	-2.542025373350952577e+00
-8.474006260145436897e-01	-1.101540870800270300e+00	8.473686031131933305e+00	-2.936008294249374817e-01	-1.130564421082922655e+00	-2.503143115069065061e+00
-8.527975298683542205e-01	-1.059140386296262948e+00	8.501515557248580990e+00	-2.992796413389757770e-01	-1.142972737937509420e+00	-2.464743645783300963e+00
-8.579822805907623140e-01	-1.016604417322596987e+00	8.527933067957519597e+00	-3.050199621158593555e-01	-1.155190571923254694e+00	-2.426892833803208305e+00
-8.629542188878684961e-01	-9.739399564688280275e-01	8.552962712803548584e+00	-3.108208473255719695e-01	-1.167220819160841305e+00	-2.389651913701982267e+00
-8.677127200957368558e-01	-9.311538808398555078e-01	8.576626558208829465e+00	-3.166813677210159050e-01	-1.179066667731421214e+00	-2.353076513521159541e+00
-8.722571936352619959e-01	-8.882529624141377589e-01	8.598944516295148333e+00	-3.226006106430804321e-01	-1.190731569687337954e+00	-2.317216501537018303e+00
-8.765870825518411458e-01	-8.452438792782834831e-01	8.619934497331655621e+00	-3.285776813055487633e-01	-1.202219211515432651e+00	-2.282116274242753207e+00
-8.807018630114634705e-01	-8.021332240566269034e-01	8.639612619406136673e+00	-3.346117038605633254e-01	-1.213533489604800675e+00	-2.247815155019679878e+00
-8.846010438996718683e-01	-7.589275142639195781e-01	8.657992881556140219e+00	-3.407018223768106813e-01	-1.224678482594811824e+00	-2.214346875683645521e+00
-8.882841664749271393e-01	-7.156332028658827227e-01	8.675086971638677369e+00	-3.468472016784611700e-01	-1.235658423552443264e+00	-2.181739231908750298e+00
-8.917508041837139965e-01	-6.722566910968336140e-01	8.690904213192084171e+00	-3.530470280847641251e-01	-1.246477667961646718e+00	-2.150014054637040317e+00
-8.950005623074855921e-01	-6.288043375092340348e-01	8.705452119648839471e+00	-3.593005099316279316e-01	-1.257140669670839372e+00	-2.119188408973968762e+00
-8.980330777729295111e-01	-5.852824694169354025e-01	8.718735737916404105e+00	-3.656068779953370318e-01	-1.267651952531612336e+00	-2.089273383134468531e+00
-9.008480190291853207e-01	-5.416973948325540800e-01	8.730757713134778442e+00	-3.719653857758039583e-01	-1.278016081506101909e+00	-2.060274225933426351e+00
-9.034450861084043494e-01	-4.980554149201985581e-01	8.741518169313224007e+00	-3.783753095773557118e-01	-1.288237632024008761e+00	-2.032190096194767648e+00
-9.058240105159461875e-01	-4.543628362479319449e-01	8.751014771372069845e+00	-3.848359485363151977e-01	-1.298321162401263829e+00	-2.005014809147837695e+00
-9.079845552599156155e-01	-4.106259837174393579e-01	8.759242504758390169e+00	-3.913466244730991472e-01	-1.308271184831080847e+00	-1.978736117133848893e+00
-9.099265149843451805e-01	-3.668512140846844627e-01	8.766193628601484988e+00	-3.979066815824457426e-01	-1.318092135483542870e+00	-1.953335773574167433e+00
-9.116497162692286382e-01	-3.230449295435408597e-01	8.771857646111840268e+00	-4.045154859341364428e-01	-1.327788343530477588e+00	-1.928789250402246580e+00
-9.131540178301963406e-01	-2.792135923614951221e-01	8.776220998049097943e+00	-4.111724248944068627e-01	-1.337364001274564673e+00	-1.905066220821140632e+00
-9.144393108002645265e-01	-2.353637400469144880e-01	8.779267095349823080e+00	-4.178769063925053540e-01	-1.346823133790701732e+00	-1.882130054931849372e+00
-9.155055191558350014e-01	-1.915020008874832314e-01	8.780976199160932083e+00	-4.246283580061539498e-01	-1.356169567542322651e+00	-1.859937866161089914e+00
-9.163526002928951142e-01	-1.476351087785157112e-01	8.781325721250468064e+00	-4.314262258309510822e-01	-1.365406899366870652e+00	-1.838440584540535383e+00
-9.169805455802790828e-01	-1.037699199996747756e-01	8.780289206224303200e+00	-4.382699732658585368e-01	-1.374538464564549534e+00	-1.817582547291522133e+00
-9.173893809383368847e-01	-5.991343134840664691e-02	8.777836851556767073e+00	-4.451590796804452688e-01	-1.383567304298443545e+00	-1.797301649122573508e+00
-9.175791676066806790e-01	-1.607279750311171873e-02	8.773935252032766030e+00	-4.520930388473864969e-01	-1.392496133074496711e+00	-1.777529221237955426e+00
-9.175500030070975477e-01	2.774465259610214840e-02	8.768548126846997803e+00	-4.590713572115320829e-01	-1.401327307349409690e+00	-1.758190654887243909e+00
-9.173020216782528102e-01	7.153139794580255784e-02	8.761634608632583365e+00	-4.660935520063813620e-01	-1.410062793063655562e+00	-1.739204005472402059e+00
-9.168353962344755193e-01	1.152797038929345430e-01	8.753150161835954179e+00	-4.731591492472163041e-01	-1.418704130145801434e+00	-1.720480774167299387e+00
-9.161503384958711305e-01	1.589816035571163244e-01	8.743046301665316378e+00	-4.802676815101270535e-01	-1.427252399615703826e+00	-1.701925698463583103e+00
-9.152471006885652960e-01	2.026288802178304316e-01	8.731271801471024219e+00	-4.874186855713194544e-01	-1.435708192127455707e+00	-1.683438051154553250e+00
-9.141259767426951344e-01	2.462130503436693596e-01	8.717770414437595150e+00	-4.946116998830930034e-01	-1.444071577408285512e+00	-1.664909335586003181e+00
-9.127873037080749263e-01	2.897253384426753398e-01	8.702481929405422534e+00	-5.018462618325221225e-01	-1.452342065492392864e+00	-1.646224423761964317e+00
-9.112314632605060805e-01	3.331566585730304508e-01	8.685342150339380396e+00	-5.091219048694086702e-01	-1.460518575073530334e+00	-1.627261584340544687e+00
-9.094588832660243094e-01	3.764975965182766338e-01	8.666284418295248315e+00	-5.164381555138753965e-01	-1.468599403068875819e+00	-1.607894272779844869e+00
-9.074700393688182043e-01	4.197383961914349371e-01	8.645237348746462658e+00	-5.237945302931292790e-01	-1.476582199253373862e+00	-1.587988627595450453e+00
-9.052654569484062108e-01	4.628689320942506735e-01	8.622125316418191687e+00	-5.311905321872526509e-01	-1.484463925399035267e+00	-1.567404076276147862e+00
-9.028457129784993596e-01	5.058786928066246746e-01	8.596869215422970001e+00	-5.386256471560404435e-01	-1.492240827183502372e+00	-1.545994253402682261e+00
-9.002114379561225732e-01	5.487567649830656924e-01	8.569388066808016902e+00	-5.460993405400433875e-01	-1.499908407100486007e+00	-1.523608975701904455e+00
-8.973633176681123924e-01	5.914918262979009800e-01	8.539597431641084313e+00	-5.536110536154141837e-01	-1.507461408252307455e+00	-1.500092419949851319e+00
-8.943020956962450807e-01	6.340721185515481029e-01	8.507408608100604397e+00	-5.611601992322592380e-01	-1.514893774942719817e+00	-1.475282228889000180e+00
-8.910285755824419729e-01	6.764854357276187669e-01	8.472730684152850245e+00	-5.687461578205177393e-01	-1.522198631245607281e+00	-1.449011996962781268e+00
-8.875436230621535083e-01	7.187191131354480067e-01	8.435471932941482009e+00	-5.763682732798137698e-01	-1.529368261209147706e+00	-1.421113037895679554e+00
-8.838481678461392876e-01	7.607600299997352433e-01	8.395539569158870563e+00	-5.840258493749184154e-01	-1.536394105688906109e+00	-1.391414136351500019e+00
-8.799432065703921557e-01	8.025945889165078118e-01	8.352837180961728336e+00	-5.917181447046803155e-01	-1.543266731264558933e+00	-1.359738469929880011e+00
-8.758298051808465212e-01	8.442087117383646477e-01	8.307268364479966749e+00	-5.994443683148461544e-01	-1.549975819388379028e+00	-1.325908079602186262e+00
-8.715091013187301616e-01	8.855878385961115651e-01	8.258737608072863168e+00	-6.072036752817235872e-01	-1.556510159626377066e+00	-1.289745039008039384e+00
-8.669823059323795711e-01	9.267169422584498051e-01	8.207151713473137988e+00	-6.149951632030435933e-01	-1.562857662288381633e+00	-1.251073261465649011e+00
-8.622507063841290398e-01	9.675805221667138634e-01	8.152415803459916788e+00	-6.228178668582714517e-01	-1.569005345750440261e+00	-1.209713528501197288e+00
-8.573156689193321967e-01	1.008162612281191528e+00	8.094438182754004174e+00	-6.306707536142844850e-01	-1.574939341192957754e+00	-1.165489599152124356e+00
-8.521786409315190713e-01	1.048446795617872240e+00	8.033130629124002553e+00	-6.385527190546687049e-01	-1.580644905865014715e+00	-1.118228649491811666e+00
-8.468411522201576558e-01	1.088416230806667606e+00	7.968410776611904112e+00	-6.464625838219677512e-01	-1.586106452319609339e+00	-1.067764403785531613e+00
-8.413048177621873513e-01	1.128053669349414090e+00	7.900198749542823862e+00	-6.543990885864772178e-01	-1.591307564996651713e+00	-1.013932592796095378e+00
-8.355713400499424903e-01	1.167341481033762784e+00	7.828421655131478474e+00	-6.623608895261284824e-01	-1.596231027404123592e+00	-9.565768864256369852e-01
-8.296425108409567484e-01	1.206261688897965811e+00	7.753013735249169258e+00	-6.703465545082015753e-01	-1.600858861757083140e+00	-8.955491094791341311e-01
-8.235202119015075928e-01	1.244796007032811458e+00	7.673917302505856242e+00	-6.783545605146780177e-01	-1.605172374040273464e+00	-8.307109247857624723e-01
-8.172064168128351236e-01	1.282925885171130709e+00	7.591084417749470958e+00	-6.863832897201559424e-01	-1.609152205668112012e+00	-7.619348965600920565e-01
-8.107031928198414894e-01	1.320632559596027322e+00	7.504477792747707099e+00	-6.944310254985117670e-01	-1.612778392869960165e+00	-6.891064689234553953e-01
-8.040127016008631333e-01	1.357897109807490121e+00	7.414071887550903739e+00	-7.024959497610632209e-01	-1.616030434988092290e+00	-6.121252403377184237e-01
-7.971371993326451522e-01	1.394700506969073439e+00	7.319848844975695101e+00	-7.105761412045048520e-01	-1.618887355038393094e+00	-5.309009410837006726e-01
-7.900790369902286336e-01	1.431023678799555165e+00	7.221810295751652120e+00	-7.186695732215986343e-01	-1.621327779319986506e+00	-4.453663112443564387e-01
