No,TIME,Vel_TX@StRq2,Vel_TY@StRq2,Vel_TZ@StRq2
1,0.0000000e+00,0.0000000e+00,0.0000000e+00,0.0000000e+00
2,1.0000000e-04,-1.2576419e+00,8.1893247e-02,-2.6696104e-02
3,2.0000000e-04,-3.0500238e+00,2.8480850e-01,-1.1180187e-01
4,3.0000000e-04,-5.0973704e+00,5.3055992e-01,-2.3978684e-01
5,4.0000000e-04,-7.5005338e+00,8.3599510e-01,-4.2164068e-01
6,5.0000000e-04,-1.0440003e+01,1.1966830e+00,-6.7490287e-01
7,6.0000000e-04,-1.3838653e+01,1.4753059e+00,-9.8567581e-01
8,7.0000000e-04,-1.7507052e+01,1.5370953e+00,-1.3117948e+00
9,8.0000000e-04,-2.1368353e+01,1.3864310e+00,-1.6063722e+00
10,9.0000000e-04,-2.5370137e+01,1.1341375e+00,-1.8481435e+00
11,1.0000000e-03,-2.9459167e+01,8.4990352e-01,-2.0240325e+00
12,1.1000000e-03,-3.3590615e+01,5.9467041e-01,-2.1365729e+00
13,1.2000000e-03,-3.7726209e+01,3.9671960e-01,-2.2027498e+00
14,1.3000000e-03,-4.1846181e+01,2.4184166e-01,-2.2356630e+00
15,1.4000000e-03,-4.5942662e+01,1.2429786e-01,-2.2340419e+00
16,1.5000000e-03,-5.0012378e+01,3.9917417e-02,-2.2096736e+00
17,1.6000000e-03,-5.4053238e+01,-1.8930244e-02,-2.1683902e+00
18,1.7000000e-03,-5.8063616e+01,-5.7943934e-02,-2.1208712e+00
19,1.8000000e-03,-6.2046394e+01,-8.4068551e-02,-2.0646308e+00
20,1.9000000e-03,-6.6007449e+01,-9.9987030e-02,-1.9957041e+00
21,2.0000000e-03,-6.9949649e+01,-1.0498670e-01,-1.9221174e+00
22,2.1000000e-03,-7.3875129e+01,-1.0136724e-01,-1.8463720e+00
23,2.2000000e-03,-7.7783574e+01,-9.0532878e-02,-1.7758348e+00
24,2.3000000e-03,-8.1677362e+01,-7.6074186e-02,-1.7061027e+00
25,2.4000000e-03,-8.5558573e+01,-5.8107156e-02,-1.6374497e+00
26,2.5000000e-03,-8.9430648e+01,-3.7186699e-02,-1.5650430e+00
27,2.6000000e-03,-9.3293082e+01,-1.1499968e-02,-1.4948283e+00
28,2.7000000e-03,-9.7144713e+01,1.7673912e-02,-1.4279191e+00
29,2.8000000e-03,-1.0098221e+02,4.9670835e-02,-1.3699161e+00
30,2.9000000e-03,-1.0480597e+02,7.7028305e-02,-1.3169377e+00
31,3.0000000e-03,-1.0861591e+02,1.0647382e-01,-1.2678663e+00
32,3.1000000e-03,-1.1241125e+02,1.3753279e-01,-1.2226229e+00
33,3.2000000e-03,-1.1619311e+02,1.6938836e-01,-1.1766981e+00
34,3.3000000e-03,-1.1995929e+02,2.0338295e-01,-1.1349028e+00
35,3.4000000e-03,-1.2370734e+02,2.3829563e-01,-1.0978224e+00
36,3.5000000e-03,-1.2743525e+02,2.7326512e-01,-1.0656221e+00
37,3.6000000e-03,-1.3114131e+02,3.0772325e-01,-1.0383335e+00
38,3.7000000e-03,-1.3482396e+02,3.4128861e-01,-1.0159356e+00
39,3.8000000e-03,-1.3847975e+02,3.7393857e-01,-1.0023954e+00
40,3.9000000e-03,-1.4210808e+02,4.0388195e-01,-9.9356735e-01
41,4.0000000e-03,-1.4570840e+02,4.3164699e-01,-9.8897688e-01
42,4.1000000e-03,-1.4927976e+02,4.5751214e-01,-9.8846111e-01
43,4.2000000e-03,-1.5282091e+02,4.8156074e-01,-9.9194014e-01
44,4.3000000e-03,-1.5633017e+02,5.0781287e-01,-9.9865364e-01
45,4.4000000e-03,-1.5980617e+02,5.3071318e-01,-1.0092482e+00
46,4.5000000e-03,-1.6324769e+02,5.5066802e-01,-1.0237700e+00
47,4.6000000e-03,-1.6665349e+02,5.6795443e-01,-1.0421652e+00
48,4.7000000e-03,-1.7002231e+02,5.8271286e-01,-1.0643542e+00
49,4.8000000e-03,-1.7335286e+02,5.9500145e-01,-1.0902479e+00
50,4.9000000e-03,-1.7664387e+02,6.0483036e-01,-1.1197520e+00
51,5.0000000e-03,-1.7989410e+02,6.1218704e-01,-1.1527669e+00
52,5.1000000e-03,-1.8310233e+02,6.1705319e-01,-1.1891878e+00
53,5.2000000e-03,-1.8626734e+02,6.1941491e-01,-1.2289024e+00
54,5.3000000e-03,-1.8938796e+02,6.1926799e-01,-1.2717906e+00
55,5.4000000e-03,-1.9246306e+02,6.1661556e-01,-1.3177272e+00
56,5.5000000e-03,-1.9549184e+02,6.1144846e-01,-1.3665094e+00
57,5.6000000e-03,-1.9847429e+02,6.0368047e-01,-1.4149027e+00
58,5.7000000e-03,-2.0140981e+02,5.9441816e-01,-1.4651157e+00
59,5.8000000e-03,-2.0429811e+02,5.8338638e-01,-1.5167121e+00
60,5.9000000e-03,-2.0713897e+02,5.7060670e-01,-1.5689865e+00
61,6.0000000e-03,-2.0993197e+02,5.5630723e-01,-1.6213041e+00
62,6.1000000e-03,-2.1267644e+02,5.4083888e-01,-1.6755764e+00
63,6.2000000e-03,-2.1537182e+02,5.2366082e-01,-1.7286413e+00
64,6.3000000e-03,-2.1801667e+02,5.0543291e-01,-1.7789924e+00
65,6.4000000e-03,-2.2060986e+02,4.8698646e-01,-1.8234025e+00
66,6.5000000e-03,-2.2315004e+02,4.6689599e-01,-1.8639718e+00
67,6.6000000e-03,-2.2563561e+02,4.4944381e-01,-1.9035286e+00
68,6.7000000e-03,-2.2806454e+02,4.3324917e-01,-1.9392527e+00
69,6.8000000e-03,-2.3043417e+02,4.1844495e-01,-1.9665503e+00
70,6.9000000e-03,-2.3274197e+02,4.0660710e-01,-1.9914802e+00
71,7.0000000e-03,-2.3498522e+02,3.9657809e-01,-2.0116526e+00
72,7.1000000e-03,-2.3715978e+02,3.8872588e-01,-2.0235972e+00
73,7.2000000e-03,-2.3926292e+02,3.8429070e-01,-2.0331198e+00
74,7.3000000e-03,-2.4129054e+02,3.8231322e-01,-2.0353194e+00
75,7.4000000e-03,-2.4323794e+02,3.8387062e-01,-2.0339202e+00
76,7.5000000e-03,-2.4510274e+02,3.8809257e-01,-2.0329114e+00
77,7.6000000e-03,-2.4687909e+02,3.9369315e-01,-2.0275135e+00
78,7.7000000e-03,-2.4856493e+02,4.0231709e-01,-2.0240382e+00
79,7.8000000e-03,-2.5015350e+02,4.1114788e-01,-2.0204893e+00
80,7.9000000e-03,-2.5164324e+02,4.2003862e-01,-2.0227199e+00
81,8.0000000e-03,-2.5302738e+02,4.2774163e-01,-2.0294912e+00
82,8.1000000e-03,-2.5430647e+02,4.3308743e-01,-2.0449926e+00
83,8.2000000e-03,-2.5547509e+02,4.3496150e-01,-2.0693374e+00
84,8.3000000e-03,-2.5653536e+02,4.3162073e-01,-2.1054191e+00
85,8.4000000e-03,-2.5748706e+02,4.2198266e-01,-2.1541757e+00
86,8.5000000e-03,-2.5832363e+02,4.0321461e-01,-2.2176348e+00
87,8.6000000e-03,-2.5905032e+02,3.7511918e-01,-2.2944060e+00
88,8.7000000e-03,-2.5966195e+02,3.3858031e-01,-2.3865951e+00
89,8.8000000e-03,-2.6015857e+02,2.9302693e-01,-2.4922688e+00
90,8.9000000e-03,-2.6054748e+02,2.3850157e-01,-2.6079742e+00
91,9.0000000e-03,-2.6082784e+02,1.7688807e-01,-2.7341383e+00
92,9.1000000e-03,-2.6099066e+02,1.0932330e-01,-2.8719718e+00
93,9.2000000e-03,-2.6103591e+02,3.4046292e-02,-3.0174447e+00
94,9.3000000e-03,-2.6097066e+02,-5.0327545e-02,-3.1656762e+00
95,9.4000000e-03,-2.6079243e+02,-1.4220915e-01,-3.3179156e+00
96,9.5000000e-03,-2.6048992e+02,-2.4078783e-01,-3.4764829e+00
97,9.6000000e-03,-2.6006065e+02,-3.4797016e-01,-3.6363868e+00
98,9.7000000e-03,-2.5950206e+02,-4.6544003e-01,-3.7962254e+00
99,9.8000000e-03,-2.5881720e+02,-5.9585057e-01,-3.9514417e+00
100,9.9000000e-03,-2.5799887e+02,-7.3658689e-01,-4.1050966e+00
101,1.0000000e-02,-2.5703632e+02,-8.8824182e-01,-4.2567939e+00
102,1.0100000e-02,-2.5592267e+02,-1.0527180e+00,-4.4061558e+00
103,1.0200000e-02,-2.5464351e+02,-1.2289773e+00,-4.5568152e+00
104,1.0300000e-02,-2.5319559e+02,-1.4220260e+00,-4.7042303e+00
105,1.0400000e-02,-2.5158093e+02,-1.6332277e+00,-4.8484939e+00
106,1.0500000e-02,-2.4979918e+02,-1.8626717e+00,-4.9904869e+00
107,1.0600000e-02,-2.4785313e+02,-2.0976160e+00,-5.1298742e+00
108,1.0700000e-02,-2.4574172e+02,-2.3174664e+00,-5.2590452e+00
109,1.0800000e-02,-2.4345075e+02,-2.5019701e+00,-5.3791425e+00
110,1.0900000e-02,-2.4095882e+02,-2.6491051e+00,-5.4864160e+00
111,1.1000000e-02,-2.3825447e+02,-2.7708815e+00,-5.5789263e+00
112,1.1100000e-02,-2.3533402e+02,-2.8669492e+00,-5.6539031e+00
113,1.1200000e-02,-2.3219508e+02,-2.9589551e+00,-5.7124236e+00
114,1.1300000e-02,-2.2884628e+02,-3.0450588e+00,-5.7542001e+00
115,1.1400000e-02,-2.2528711e+02,-3.1195901e+00,-5.7822199e+00
116,1.1500000e-02,-2.2152225e+02,-3.1950939e+00,-5.7937770e+00
117,1.1600000e-02,-2.1756031e+02,-3.2780562e+00,-5.7910744e+00
118,1.1700000e-02,-2.1341048e+02,-3.3577020e+00,-5.7740997e+00
119,1.1800000e-02,-2.0907479e+02,-3.4331596e+00,-5.7433044e+00
120,1.1900000e-02,-2.0454915e+02,-3.5046590e+00,-5.6988527e+00
121,1.2000000e-02,-1.9983123e+02,-3.5642769e+00,-5.6394081e+00
122,1.2100000e-02,-1.9491968e+02,-3.6219587e+00,-5.5664220e+00
123,1.2200000e-02,-1.8981613e+02,-3.6770206e+00,-5.4804336e+00
124,1.2300000e-02,-1.8451795e+02,-3.7291984e+00,-5.3816195e+00
125,1.2400000e-02,-1.7902098e+02,-3.7784221e+00,-5.2699420e+00
126,1.2500000e-02,-1.7332204e+02,-3.8328576e+00,-5.1469929e+00
127,1.2600000e-02,-1.6741498e+02,-3.8816460e+00,-5.0111907e+00
128,1.2700000e-02,-1.6129699e+02,-3.9252394e+00,-4.8621667e+00
129,1.2800000e-02,-1.5496628e+02,-3.9641221e+00,-4.6998785e+00
130,1.2900000e-02,-1.4842085e+02,-3.9988166e+00,-4.5243376e+00
131,1.3000000e-02,-1.4166131e+02,-4.0295815e+00,-4.3356996e+00
132,1.3100000e-02,-1.3468433e+02,-4.0569643e+00,-4.1340240e+00
133,1.3200000e-02,-1.2748588e+02,-4.0814202e+00,-3.9192950e+00
134,1.3300000e-02,-1.2006270e+02,-4.1031368e+00,-3.6915665e+00
135,1.3400000e-02,-1.1241242e+02,-4.1221708e+00,-3.4509664e+00
136,1.3500000e-02,-1.0453028e+02,-4.1387661e+00,-3.1975378e+00
137,1.3600000e-02,-9.6415875e+01,-4.1528174e+00,-2.9314926e+00
138,1.3700000e-02,-8.8069841e+01,-4.1642368e+00,-2.6531838e+00
139,1.3800000e-02,-7.9492409e+01,-4.1731410e+00,-2.3629550e+00
140,1.3900000e-02,-7.0683378e+01,-4.1797321e+00,-2.0611384e+00
141,1.4000000e-02,-6.1642418e+01,-4.1842033e+00,-1.7480793e+00
142,1.4100000e-02,-5.2371533e+01,-4.1772632e+00,-1.4222978e+00
143,1.4200000e-02,-4.2869410e+01,-4.1719009e+00,-1.0859905e+00
144,1.4300000e-02,-3.3135145e+01,-4.1669519e+00,-7.3984036e-01
145,1.4400000e-02,-2.3168801e+01,-4.1615982e+00,-3.8437138e-01
146,1.4500000e-02,-1.2971254e+01,-4.1553303e+00,-2.0116046e-02
147,1.4600000e-02,-2.5439128e+00,-4.1478785e+00,3.5236670e-01
148,1.4700000e-02,8.1114624e+00,-4.1391429e+00,7.3248908e-01
149,1.4800000e-02,1.8995961e+01,-4.1292884e+00,1.1197781e+00
150,1.4900000e-02,3.0106221e+01,-4.1182054e+00,1.5135723e+00
151,1.5000000e-02,4.1437921e+01,-4.1057881e+00,1.9130554e+00
152,1.5100000e-02,5.2987194e+01,-4.0921026e+00,2.3174140e+00
153,1.5200000e-02,6.4750570e+01,-4.0772668e+00,2.7258385e+00
154,1.5300000e-02,7.6724647e+01,-4.0613726e+00,3.1374985e+00
155,1.5400000e-02,8.8905864e+01,-4.0444707e+00,3.5515287e+00
156,1.5500000e-02,1.0129039e+02,-4.0265808e+00,3.9670236e+00
157,1.5600000e-02,1.1387407e+02,-4.0077048e+00,4.3830376e+00
158,1.5700000e-02,1.2664929e+02,-3.9876824e+00,4.7984358e+00
159,1.5800000e-02,1.3961242e+02,-3.9666409e+00,5.2121927e+00
160,1.5900000e-02,1.5276019e+02,-3.9447128e+00,5.6233592e+00
161,1.6000000e-02,1.6608834e+02,-3.9218598e+00,6.0308997e+00
162,1.6100000e-02,1.7959164e+02,-3.8979880e+00,6.4336997e+00
163,1.6200000e-02,1.9326428e+02,-3.8730172e+00,6.8305965e+00
164,1.6300000e-02,2.0710010e+02,-3.8468915e+00,7.2203960e+00
165,1.6400000e-02,2.2109272e+02,-3.8195696e+00,7.6018703e+00
166,1.6500000e-02,2.3523556e+02,-3.7910163e+00,7.9737685e+00
167,1.6600000e-02,2.4952191e+02,-3.7611949e+00,8.3348210e+00
168,1.6700000e-02,2.6394490e+02,-3.7300635e+00,8.6837424e+00
169,1.6800000e-02,2.7850063e+02,-3.6977099e+00,9.0193735e+00
170,1.6900000e-02,2.9318085e+02,-3.6639517e+00,9.3404053e+00
171,1.7000000e-02,3.0797658e+02,-3.6285966e+00,9.6454141e+00
172,1.7100000e-02,3.2287955e+02,-3.5916051e+00,9.9330082e+00
173,1.7200000e-02,3.3788207e+02,-3.5529842e+00,1.0201835e+01
174,1.7300000e-02,3.5297626e+02,-3.5212843e+00,1.0448603e+01
175,1.7400000e-02,3.6815416e+02,-3.4845095e+00,1.0673799e+01
176,1.7500000e-02,3.8340875e+02,-3.4442619e+00,1.0876406e+01
177,1.7600000e-02,3.9873305e+02,-3.4012987e+00,1.1055197e+01
178,1.7700000e-02,4.1411992e+02,-3.3559835e+00,1.1208894e+01
179,1.7800000e-02,4.2956210e+02,-3.3084757e+00,1.1336202e+01
180,1.7900000e-02,4.4505224e+02,-3.2588196e+00,1.1435826e+01
181,1.8000000e-02,4.6058301e+02,-3.2070017e+00,1.1506477e+01
182,1.8100000e-02,4.7614709e+02,-3.1529847e+00,1.1546883e+01
183,1.8200000e-02,4.9173431e+02,-3.0966061e+00,1.1555684e+01
184,1.8300000e-02,5.0733867e+02,-3.0379416e+00,1.1531655e+01
185,1.8400000e-02,5.2295475e+02,-2.9770720e+00,1.1473689e+01
186,1.8500000e-02,5.3857651e+02,-2.9139449e+00,1.1380665e+01
187,1.8600000e-02,5.5419743e+02,-2.8484751e+00,1.1251463e+01
188,1.8700000e-02,5.6981083e+02,-2.7806010e+00,1.1084976e+01
189,1.8800000e-02,5.8541010e+02,-2.7102922e+00,1.0880127e+01
190,1.8900000e-02,6.0098883e+02,-2.6375396e+00,1.0635875e+01
191,1.9000000e-02,6.1654079e+02,-2.5623461e+00,1.0351212e+01
192,1.9100000e-02,6.3206138e+02,-2.4848001e+00,1.0025173e+01
193,1.9200000e-02,6.4754292e+02,-2.4047806e+00,9.6568338e+00
194,1.9300000e-02,6.6297969e+02,-2.3223039e+00,9.2452618e+00
195,1.9400000e-02,6.7836678e+02,-2.2374597e+00,8.7896105e+00
196,1.9500000e-02,6.9369944e+02,-2.1502998e+00,8.2890674e+00
197,1.9600000e-02,7.0897295e+02,-2.0608567e+00,7.7428487e+00
198,1.9700000e-02,7.2418527e+02,-1.9692668e+00,7.1502625e+00
199,1.9800000e-02,7.3933095e+02,-1.8754777e+00,6.5105955e+00
200,1.9900000e-02,7.5440433e+02,-1.7794538e+00,5.8231068e+00
201,2.0000000e-02,7.6940069e+02,-1.6812838e+00,5.0871203e+00
202,2.0100000e-02,7.8431611e+02,-1.5810935e+00,4.3020194e+00
203,2.0200000e-02,7.9914714e+02,-1.4789979e+00,3.4672319e+00
204,2.0300000e-02,8.1389062e+02,-1.3750968e+00,2.5822213e+00
205,2.0400000e-02,8.2854359e+02,-1.2694833e+00,1.6464832e+00
206,2.0500000e-02,8.4310325e+02,-1.1622519e+00,6.5954504e-01
207,2.0600000e-02,8.5756697e+02,-1.0535021e+00,-3.7903448e-01
208,2.0700000e-02,8.7193227e+02,-9.4333965e-01,-1.4696662e+00
209,2.0800000e-02,8.8619685e+02,-8.3187636e-01,-2.6127310e+00
210,2.0900000e-02,9.0035858e+02,-7.1922923e-01,-3.8085806e+00
211,2.1000000e-02,9.1441546e+02,-6.0551994e-01,-5.0575383e+00
212,2.1100000e-02,9.2836569e+02,-4.9087414e-01,-6.3598994e+00
213,2.1200000e-02,9.4220758e+02,-3.7542077e-01,-7.7159327e+00
214,2.1300000e-02,9.5593932e+02,-2.5492906e-01,-9.1249131e+00
215,2.1400000e-02,9.6956041e+02,-1.3568862e-01,-1.0588029e+01
216,2.1500000e-02,9.8306962e+02,-1.6894107e-02,-1.2105576e+01
217,2.1600000e-02,9.9646353e+02,1.0179528e-01,-1.3677741e+01
218,2.1700000e-02,1.0097419e+03,2.2036970e-01,-1.5304687e+01
219,2.1800000e-02,1.0229047e+03,3.3873346e-01,-1.6986510e+01
220,2.1900000e-02,1.0359518e+03,4.5682025e-01,-1.8723289e+01
221,2.2000000e-02,1.0488826e+03,5.7455250e-01,-2.0515088e+01
222,2.2100000e-02,1.0616963e+03,6.9182394e-01,-2.2361948e+01
223,2.2200000e-02,1.0743923e+03,8.0850665e-01,-2.4263894e+01
224,2.2300000e-02,1.0869700e+03,9.2446295e-01,-2.6220932e+01
225,2.2400000e-02,1.0994291e+03,1.0395535e+00,-2.8233049e+01
226,2.2500000e-02,1.1117692e+03,1.1536414e+00,-3.0300215e+01
227,2.2600000e-02,1.1239902e+03,1.2665930e+00,-3.2422386e+01
228,2.2700000e-02,1.1360917e+03,1.3782787e+00,-3.4599499e+01
229,2.2800000e-02,1.1480739e+03,1.4885761e+00,-3.6831473e+01
230,2.2900000e-02,1.1599365e+03,1.5973779e+00,-3.9118208e+01
231,2.3000000e-02,1.1716797e+03,1.7045772e+00,-4.1459586e+01
232,2.3100000e-02,1.1833034e+03,1.8101084e+00,-4.3855464e+01
233,2.3200000e-02,1.1948078e+03,1.9138656e+00,-4.6305685e+01
234,2.3300000e-02,1.2061930e+03,2.0157970e+00,-4.8810071e+01
235,2.3400000e-02,1.2174600e+03,2.1142040e+00,-5.1368740e+01
236,2.3500000e-02,1.2286077e+03,2.2113725e+00,-5.3981075e+01
237,2.3600000e-02,1.2396360e+03,2.3069564e+00,-5.6646827e+01
238,2.3700000e-02,1.2505470e+03,2.4006020e+00,-5.9365837e+01
239,2.3800000e-02,1.2613401e+03,2.4921235e+00,-6.2137864e+01
240,2.3900000e-02,1.2720150e+03,2.5818861e+00,-6.4962544e+01
241,2.4000000e-02,1.2825715e+03,2.6696031e+00,-6.7839599e+01
242,2.4100000e-02,1.2930098e+03,2.7550575e+00,-7.0768770e+01
243,2.4200000e-02,1.3033305e+03,2.8387878e+00,-7.3749625e+01
244,2.4300000e-02,1.3135337e+03,2.9204381e+00,-7.6781863e+01
245,2.4400000e-02,1.3236198e+03,2.9998487e+00,-7.9865187e+01
246,2.4500000e-02,1.3335891e+03,3.0777542e+00,-8.2999089e+01
247,2.4600000e-02,1.3434418e+03,3.1537431e+00,-8.6183221e+01
248,2.4700000e-02,1.3531781e+03,3.2276313e+00,-8.9417252e+01
249,2.4800000e-02,1.3627973e+03,3.3012604e+00,-9.2700415e+01
250,2.4900000e-02,1.3723007e+03,3.3727331e+00,-9.6032623e+01
251,2.5000000e-02,1.3816888e+03,3.4428342e+00,-9.9413311e+01
252,2.5100000e-02,1.3909617e+03,3.5118437e+00,-1.0284191e+02
253,2.5200000e-02,1.4001191e+03,3.5792996e+00,-1.0631801e+02
254,2.5300000e-02,1.4091609e+03,3.6460228e+00,-1.0984100e+02
255,2.5400000e-02,1.4180872e+03,3.7121844e+00,-1.1341029e+02
256,2.5500000e-02,1.4268978e+03,3.7772183e+00,-1.1702547e+02
257,2.5600000e-02,1.4355926e+03,3.8416272e+00,-1.2068596e+02
258,2.5700000e-02,1.4441724e+03,3.9043109e+00,-1.2439146e+02
259,2.5800000e-02,1.4526285e+03,3.9658038e+00,-1.2813590e+02
260,2.5900000e-02,1.4609618e+03,4.0282321e+00,-1.3192390e+02
261,2.6000000e-02,1.4691768e+03,4.0906636e+00,-1.3575545e+02
262,2.6100000e-02,1.4772760e+03,4.1534816e+00,-1.3962995e+02
263,2.6200000e-02,1.4852603e+03,4.2157518e+00,-1.4354692e+02
264,2.6300000e-02,1.4931288e+03,4.2779742e+00,-1.4750563e+02
265,2.6400000e-02,1.5008822e+03,4.3403390e+00,-1.5150540e+02
266,2.6500000e-02,1.5085209e+03,4.4020617e+00,-1.5554569e+02
267,2.6600000e-02,1.5160432e+03,4.4626025e+00,-1.5962590e+02
268,2.6700000e-02,1.5234480e+03,4.5215212e+00,-1.6374549e+02
269,2.6800000e-02,1.5307355e+03,4.5784698e+00,-1.6790396e+02
270,2.6900000e-02,1.5379035e+03,4.6347126e+00,-1.7210027e+02
271,2.7000000e-02,1.5449508e+03,4.6900631e+00,-1.7633371e+02
272,2.7100000e-02,1.5518757e+03,4.7445811e+00,-1.8060356e+02
273,2.7200000e-02,1.5586787e+03,4.7976488e+00,-1.8490919e+02
274,2.7300000e-02,1.5653592e+03,4.8500628e+00,-1.8924963e+02
275,2.7400000e-02,1.5719167e+03,4.9015551e+00,-1.9362400e+02
276,2.7500000e-02,1.5783517e+03,4.9518508e+00,-1.9803147e+02
277,2.7600000e-02,1.5846609e+03,4.9998010e+00,-2.0247122e+02
278,2.7700000e-02,1.5908424e+03,5.0453654e+00,-2.0694246e+02
279,2.7800000e-02,1.5968939e+03,5.0870463e+00,-2.1144475e+02
280,2.7900000e-02,1.6028158e+03,5.1280529e+00,-2.1597676e+02
281,2.8000000e-02,1.6086072e+03,5.1679683e+00,-2.2053717e+02
282,2.8100000e-02,1.6142688e+03,5.2081480e+00,-2.2512447e+02
283,2.8200000e-02,1.6197968e+03,5.2451956e+00,-2.2973781e+02
284,2.8300000e-02,1.6251864e+03,5.2763683e+00,-2.3437676e+02
285,2.8400000e-02,1.6304380e+03,5.3055660e+00,-2.3903997e+02
286,2.8500000e-02,1.6355530e+03,5.3362473e+00,-2.4372540e+02
287,2.8600000e-02,1.6405275e+03,5.3638178e+00,-2.4843200e+02
288,2.8700000e-02,1.6453585e+03,5.3883312e+00,-2.5315856e+02
289,2.8800000e-02,1.6500417e+03,5.4056299e+00,-2.5790434e+02
290,2.8900000e-02,1.6545775e+03,5.4214438e+00,-2.6266747e+02
291,2.9000000e-02,1.6589674e+03,5.4402066e+00,-2.6744537e+02
292,2.9100000e-02,1.6632118e+03,5.4541827e+00,-2.7224234e+02
293,2.9200000e-02,1.6673023e+03,5.4571275e+00,-2.7705313e+02
294,2.9300000e-02,1.6712352e+03,5.4583619e+00,-2.8187472e+02
295,2.9400000e-02,1.6750109e+03,5.4640636e+00,-2.8670317e+02
296,2.9500000e-02,1.6786246e+03,5.4660896e+00,-2.9153733e+02
297,2.9600000e-02,1.6820697e+03,5.4581531e+00,-2.9637686e+02
298,2.9700000e-02,1.6853459e+03,5.4493063e+00,-3.0121918e+02
299,2.9800000e-02,1.6884540e+03,5.4463662e+00,-3.0606075e+02
300,2.9900000e-02,1.6913889e+03,5.4395395e+00,-3.1090041e+02
301,3.0000000e-02,1.6941430e+03,5.4217534e+00,-3.1573767e+02
302,3.0100000e-02,1.6967173e+03,5.4034856e+00,-3.2056903e+02
303,3.0200000e-02,1.6991125e+03,5.3924893e+00,-3.2539045e+02
304,3.0300000e-02,1.7013224e+03,5.3778703e+00,-3.3020050e+02
305,3.0400000e-02,1.7033386e+03,5.3524499e+00,-3.3499822e+02
306,3.0500000e-02,1.7051604e+03,5.3359202e+00,-3.3977815e+02
307,3.0600000e-02,1.7067815e+03,5.3169500e+00,-3.4453826e+02
308,3.0700000e-02,1.7081964e+03,5.2956819e+00,-3.4927481e+02
309,3.0800000e-02,1.7093989e+03,5.2639877e+00,-3.5398650e+02
310,3.0900000e-02,1.7103851e+03,5.2343788e+00,-3.5866875e+02
311,3.1000000e-02,1.7111491e+03,5.2157634e+00,-3.6331558e+02
312,3.1100000e-02,1.7116765e+03,5.1963405e+00,-3.6791923e+02
313,3.1200000e-02,1.7119570e+03,5.1680553e+00,-3.7248017e+02
314,3.1300000e-02,1.7119837e+03,5.1435270e+00,-3.7699278e+02
315,3.1400000e-02,1.7117493e+03,5.1313608e+00,-3.8145007e+02
316,3.1500000e-02,1.7112385e+03,5.1190636e+00,-3.8584605e+02
317,3.1600000e-02,1.7104347e+03,5.1078596e+00,-3.9017371e+02
318,3.1700000e-02,1.7093180e+03,5.0901118e+00,-3.9442596e+02
319,3.1800000e-02,1.7078715e+03,5.0797880e+00,-3.9859201e+02
320,3.1900000e-02,1.7060809e+03,5.0872074e+00,-4.0266011e+02
321,3.2000000e-02,1.7039281e+03,5.1004657e+00,-4.0662053e+02
322,3.2100000e-02,1.7014018e+03,5.1215612e+00,-4.1046375e+02
323,3.2200000e-02,1.6985090e+03,5.1522628e+00,-4.1418784e+02
324,3.2300000e-02,1.6952546e+03,5.1855159e+00,-4.1779332e+02
325,3.2400000e-02,1.6916471e+03,5.2351012e+00,-4.2128324e+02
326,3.2500000e-02,1.6876958e+03,5.3005453e+00,-4.2466085e+02
327,3.2600000e-02,1.6833944e+03,5.3814374e+00,-4.2792158e+02
328,3.2700000e-02,1.6787405e+03,5.4775899e+00,-4.3106778e+02
329,3.2800000e-02,1.6737265e+03,5.5865460e+00,-4.3410592e+02
330,3.2900000e-02,1.6683439e+03,5.7113922e+00,-4.3703853e+02
331,3.3000000e-02,1.6625721e+03,5.8380330e+00,-4.3985323e+02
332,3.3100000e-02,1.6563786e+03,5.9688584e+00,-4.4254100e+02
333,3.3200000e-02,1.6497397e+03,6.1038637e+00,-4.4511514e+02
334,3.3300000e-02,1.6426319e+03,6.2376238e+00,-4.4755225e+02
335,3.3400000e-02,1.6350196e+03,6.3712437e+00,-4.4988024e+02
336,3.3500000e-02,1.6268687e+03,6.4936379e+00,-4.5210046e+02
337,3.3600000e-02,1.6181339e+03,6.5972607e+00,-4.5422183e+02
338,3.3700000e-02,1.6087443e+03,6.6722175e+00,-4.5626410e+02
339,3.3800000e-02,1.5985792e+03,6.7046467e+00,-4.5823519e+02
340,3.3900000e-02,1.5874636e+03,6.6805214e+00,-4.6008764e+02
341,3.4000000e-02,1.5752356e+03,6.5920680e+00,-4.6161301e+02
342,3.4100000e-02,1.5617408e+03,6.4771218e+00,-4.6261111e+02
343,3.4200000e-02,1.5469496e+03,6.3526392e+00,-4.6295197e+02
344,3.4300000e-02,1.5309306e+03,6.2948797e+00,-4.6261294e+02
345,3.4400000e-02,1.5137085e+03,6.2953955e+00,-4.6160469e+02
346,3.4500000e-02,1.4953117e+03,6.3474809e+00,-4.5997212e+02
347,3.4600000e-02,1.4757647e+03,6.4922586e+00,-4.5774696e+02
348,3.4700000e-02,1.4550856e+03,6.6854717e+00,-4.5497179e+02
349,3.4800000e-02,1.4332351e+03,6.9371835e+00,-4.5163277e+02
350,3.4900000e-02,1.4101726e+03,7.2560475e+00,-4.4773297e+02
351,3.5000000e-02,1.3858706e+03,7.5965670e+00,-4.4328453e+02
352,3.5100000e-02,1.3602682e+03,7.9698094e+00,-4.3825788e+02
353,3.5200000e-02,1.3334205e+03,7.9386020e+00,-4.3243708e+02
354,3.5300000e-02,1.3052798e+03,7.5554933e+00,-4.2588344e+02
355,3.5400000e-02,1.2757331e+03,6.9130203e+00,-4.1870259e+02
356,3.5500000e-02,1.2446747e+03,6.1376178e+00,-4.1092776e+02
357,3.5600000e-02,1.2120041e+03,5.2637496e+00,-4.0255328e+02
358,3.5700000e-02,1.1776278e+03,4.3160864e+00,-3.9354898e+02
359,3.5800000e-02,1.1414583e+03,3.3399071e+00,-3.8386770e+02
360,3.5900000e-02,1.1034316e+03,2.3640629e+00,-3.7347240e+02
361,3.6000000e-02,1.0634767e+03,1.3745161e+00,-3.6231595e+02
362,3.6100000e-02,1.0215266e+03,3.7363919e-01,-3.5036070e+02
363,3.6200000e-02,9.7752499e+02,-6.0799426e-01,-3.3756804e+02
364,3.6300000e-02,9.3142640e+02,-1.5497791e+00,-3.2390435e+02
365,3.6400000e-02,8.8319789e+02,-2.4628211e+00,-3.0934839e+02
366,3.6500000e-02,8.3281412e+02,-3.3378820e+00,-2.9387995e+02
367,3.6600000e-02,7.8026089e+02,-4.1793130e+00,-2.7748850e+02
368,3.6700000e-02,7.2553278e+02,-4.9626386e+00,-2.6016293e+02
369,3.6800000e-02,6.6860835e+02,-5.6871920e+00,-2.4187784e+02
370,3.6900000e-02,6.0951731e+02,-6.3297991e+00,-2.2265189e+02
371,3.7000000e-02,5.4831785e+02,-6.9074862e+00,-2.0250739e+02
372,3.7100000e-02,4.8506914e+02,-7.4150374e+00,-1.8146948e+02
373,3.7200000e-02,4.1986070e+02,-7.8492613e+00,-1.5957610e+02
374,3.7300000e-02,3.5279589e+02,-8.2089766e+00,-1.3686851e+02
375,3.7400000e-02,2.8400485e+02,-8.5015435e+00,-1.1340671e+02
376,3.7500000e-02,2.1364752e+02,-8.7096064e+00,-8.9257182e+01
377,3.7600000e-02,1.4188697e+02,-8.8355348e+00,-6.4491382e+01
378,3.7700000e-02,6.8900838e+01,-8.8799436e+00,-3.9188208e+01
379,3.7800000e-02,-5.1183299e+00,-8.8326944e+00,-1.3430860e+01
380,3.7900000e-02,-7.9961432e+01,-8.7090140e+00,1.2684566e+01
381,3.8000000e-02,-1.5541196e+02,-8.5067376e+00,3.9059612e+01
382,3.8100000e-02,-2.3117515e+02,-8.2267087e+00,6.5548252e+01
383,3.8200000e-02,-3.0705885e+02,-7.8741718e+00,9.2078414e+01
384,3.8300000e-02,-3.8288917e+02,-7.4527238e+00,1.1855989e+02
385,3.8400000e-02,-4.5846233e+02,-6.9481749e+00,1.4489536e+02
386,3.8500000e-02,-5.3356449e+02,-6.3664484e+00,1.7098313e+02
387,3.8600000e-02,-6.0797085e+02,-5.7136602e+00,1.9671967e+02
388,3.8700000e-02,-6.8145542e+02,-4.9954076e+00,2.2200275e+02
389,3.8800000e-02,-7.5380382e+02,-4.2078134e+00,2.4673765e+02
390,3.8900000e-02,-8.2481276e+02,-3.3673511e+00,2.7083118e+02
391,3.9000000e-02,-8.9430188e+02,-2.4761641e+00,2.9420173e+02
392,3.9100000e-02,-9.6212314e+02,-1.5379059e+00,3.1678072e+02
393,3.9200000e-02,-1.0281397e+03,-5.5676586e-01,3.3850517e+02
394,3.9300000e-02,-1.0922366e+03,4.6240643e-01,3.5932191e+02
395,3.9400000e-02,-1.1543249e+03,1.5140094e+00,3.7918863e+02
396,3.9500000e-02,-1.2143390e+03,2.5927638e+00,3.9807290e+02
397,3.9600000e-02,-1.2722347e+03,3.6845221e+00,4.1594989e+02
398,3.9700000e-02,-1.3279908e+03,4.7947085e+00,4.3280756e+02
399,3.9800000e-02,-1.3816102e+03,5.9146938e+00,4.4864245e+02
400,3.9900000e-02,-1.4330988e+03,7.0380650e+00,4.6345296e+02
401,4.0000000e-02,-1.4824787e+03,8.1568076e+00,4.7724515e+02
402,4.0100000e-02,-1.5297826e+03,9.2651763e+00,4.9002944e+02
403,4.0200000e-02,-1.5750603e+03,1.0355448e+01,5.0182373e+02
404,4.0300000e-02,-1.6183711e+03,1.1421203e+01,5.1264946e+02
405,4.0400000e-02,-1.6597737e+03,1.2457414e+01,5.2252883e+02
406,4.0500000e-02,-1.6993401e+03,1.3456758e+01,5.3148981e+02
407,4.0600000e-02,-1.7371385e+03,1.4414842e+01,5.3955947e+02
408,4.0700000e-02,-1.7732488e+03,1.5325027e+01,5.4677210e+02
409,4.0800000e-02,-1.8077431e+03,1.6184650e+01,5.5315961e+02
410,4.0900000e-02,-1.8407040e+03,1.6988841e+01,5.5875732e+02
411,4.1000000e-02,-1.8722033e+03,1.7735898e+01,5.6359734e+02
412,4.1100000e-02,-1.9023211e+03,1.8421808e+01,5.6771226e+02
413,4.1200000e-02,-1.9311218e+03,1.9045138e+01,5.7113457e+02
414,4.1300000e-02,-1.9586823e+03,1.9603463e+01,5.7389497e+02
415,4.1400000e-02,-1.9850663e+03,2.0095975e+01,5.7602539e+02
416,4.1500000e-02,-2.0103346e+03,2.0522205e+01,5.7755340e+02
417,4.1600000e-02,-2.0345574e+03,2.0880692e+01,5.7851076e+02
418,4.1700000e-02,-2.0577898e+03,2.1171993e+01,5.7892475e+02
419,4.1800000e-02,-2.0800840e+03,2.1395937e+01,5.7882066e+02
420,4.1900000e-02,-2.1014894e+03,2.1567060e+01,5.7822829e+02
421,4.2000000e-02,-2.1220670e+03,2.1668588e+01,5.7717130e+02
422,4.2100000e-02,-2.1418576e+03,2.1703559e+01,5.7567269e+02
423,4.2200000e-02,-2.1609018e+03,2.1675366e+01,5.7375525e+02
424,4.2300000e-02,-2.1792471e+03,2.1587663e+01,5.7145293e+02
425,4.2400000e-02,-2.1969315e+03,2.1447727e+01,5.6877838e+02
426,4.2500000e-02,-2.2139889e+03,2.1257385e+01,5.6575139e+02
427,4.2600000e-02,-2.2304517e+03,2.1020309e+01,5.6239095e+02
428,4.2700000e-02,-2.2463461e+03,2.0740628e+01,5.5871400e+02
429,4.2800000e-02,-2.2616975e+03,2.0421977e+01,5.5473595e+02
430,4.2900000e-02,-2.2765134e+03,2.0067407e+01,5.5045117e+02
431,4.3000000e-02,-2.2908175e+03,1.9660282e+01,5.4587935e+02
432,4.3100000e-02,-2.3046325e+03,1.9224770e+01,5.4103638e+02
433,4.3200000e-02,-2.3179750e+03,1.8761328e+01,5.3593030e+02
434,4.3300000e-02,-2.3308754e+03,1.8269817e+01,5.3058103e+02
435,4.3400000e-02,-2.3433398e+03,1.7754209e+01,5.2498706e+02
436,4.3500000e-02,-2.3553689e+03,1.7213043e+01,5.1915106e+02
437,4.3600000e-02,-2.3669489e+03,1.6646428e+01,5.1307422e+02
438,4.3700000e-02,-2.3780862e+03,1.6053517e+01,5.0676247e+02
439,4.3800000e-02,-2.3887901e+03,1.5435799e+01,5.0022389e+02
440,4.3900000e-02,-2.3990825e+03,1.4794077e+01,4.9346327e+02
441,4.4000000e-02,-2.4089662e+03,1.4129826e+01,4.8649478e+02
442,4.4100000e-02,-2.4184268e+03,1.3446999e+01,4.7933204e+02
443,4.4200000e-02,-2.4274663e+03,1.2762146e+01,4.7197434e+02
444,4.4300000e-02,-2.4360991e+03,1.2054873e+01,4.6441563e+02
445,4.4400000e-02,-2.4443175e+03,1.1328028e+01,4.5668638e+02
446,4.4500000e-02,-2.4521218e+03,1.0588880e+01,4.4877979e+02
447,4.4600000e-02,-2.4595168e+03,9.8360262e+00,4.4068647e+02
448,4.4700000e-02,-2.4664873e+03,9.0684533e+00,4.3244612e+02
449,4.4800000e-02,-2.4730290e+03,8.2945244e+00,4.2404777e+02
450,4.4900000e-02,-2.4791442e+03,7.5108926e+00,4.1547297e+02
451,4.5000000e-02,-2.4848273e+03,6.7138791e+00,4.0677230e+02
452,4.5100000e-02,-2.4900710e+03,5.9120217e+00,3.9791151e+02
453,4.5200000e-02,-2.4948578e+03,5.0991350e+00,3.8893701e+02
454,4.5300000e-02,-2.4991794e+03,4.2706753e+00,3.7980383e+02
455,4.5400000e-02,-2.5030231e+03,3.4368388e+00,3.7057081e+02
456,4.5500000e-02,-2.5063724e+03,2.6048684e+00,3.6120201e+02
457,4.5600000e-02,-2.5092120e+03,1.7674021e+00,3.5174973e+02
458,4.5700000e-02,-2.5115247e+03,9.3280090e-01,3.4217352e+02
459,4.5800000e-02,-2.5132984e+03,9.4004671e-02,3.3253425e+02
460,4.5900000e-02,-2.5145161e+03,-7.3580933e-01,3.2282259e+02
461,4.6000000e-02,-2.5151516e+03,-1.5573787e+00,3.1302388e+02
462,4.6100000e-02,-2.5151992e+03,-2.3749371e+00,3.0319526e+02
463,4.6200000e-02,-2.5146314e+03,-3.1641322e+00,2.9330935e+02
464,4.6300000e-02,-2.5134459e+03,-3.9462149e+00,2.8341913e+02
465,4.6400000e-02,-2.5116181e+03,-4.7064766e+00,2.7349786e+02
466,4.6500000e-02,-2.5091420e+03,-5.4482699e+00,2.6359165e+02
467,4.6600000e-02,-2.5059963e+03,-6.1620568e+00,2.5367430e+02
468,4.6700000e-02,-2.5021769e+03,-6.8535548e+00,2.4378834e+02
469,4.6800000e-02,-2.4976649e+03,-7.5260301e+00,2.3390779e+02
470,4.6900000e-02,-2.4924435e+03,-8.1729421e+00,2.2405855e+02
471,4.7000000e-02,-2.4865208e+03,-8.7949241e+00,2.1426398e+02
472,4.7100000e-02,-2.4798642e+03,-9.3917734e+00,2.0450126e+02
473,4.7200000e-02,-2.4724738e+03,-9.9774716e+00,1.9480287e+02
474,4.7300000e-02,-2.4643247e+03,-1.0538921e+01,1.8516232e+02
475,4.7400000e-02,-2.4553820e+03,-1.1102833e+01,1.7556975e+02
476,4.7500000e-02,-2.4456225e+03,-1.1703434e+01,1.6603624e+02
477,4.7600000e-02,-2.4350365e+03,-1.2321451e+01,1.5658036e+02
478,4.7700000e-02,-2.4235942e+03,-1.2958818e+01,1.4719482e+02
479,4.7800000e-02,-2.4112328e+03,-1.3617762e+01,1.3787263e+02
480,4.7900000e-02,-2.3979217e+03,-1.4348709e+01,1.2862298e+02
481,4.8000000e-02,-2.3836257e+03,-1.5117905e+01,1.1945673e+02
482,4.8100000e-02,-2.3683236e+03,-1.5971981e+01,1.1038230e+02
483,4.8200000e-02,-2.3519469e+03,-1.6875317e+01,1.0139866e+02
484,4.8300000e-02,-2.3344428e+03,-1.7869237e+01,9.2506461e+01
485,4.8400000e-02,-2.3157470e+03,-1.8952620e+01,8.3698592e+01
486,4.8500000e-02,-2.2958132e+03,-2.0139971e+01,7.4991848e+01
487,4.8600000e-02,-2.2745596e+03,-2.1369484e+01,6.6407533e+01
488,4.8700000e-02,-2.2519134e+03,-2.2563695e+01,5.7993612e+01
489,4.8800000e-02,-2.2277374e+03,-2.3587691e+01,4.9791618e+01
490,4.8900000e-02,-2.2018665e+03,-2.4340781e+01,4.1870039e+01
491,4.9000000e-02,-2.1741482e+03,-2.4808065e+01,3.4283552e+01
492,4.9100000e-02,-2.1444491e+03,-2.5102466e+01,2.7044408e+01
493,4.9200000e-02,-2.1127262e+03,-2.5302919e+01,2.0176359e+01
494,4.9300000e-02,-2.0789699e+03,-2.5451966e+01,1.3680166e+01
495,4.9400000e-02,-2.0431917e+03,-2.5628858e+01,7.5523599e+00
496,4.9500000e-02,-2.0053580e+03,-2.5838265e+01,1.7731236e+00
497,4.9600000e-02,-1.9654028e+03,-2.6107266e+01,-3.6640725e+00
498,4.9700000e-02,-1.9232106e+03,-2.6359492e+01,-8.7519549e+00
499,4.9800000e-02,-1.8786897e+03,-2.6646959e+01,-1.3471626e+01
500,4.9900000e-02,-1.8317651e+03,-2.6991176e+01,-1.7817240e+01
501,5.0000000e-02,-1.7823517e+03,-2.7343409e+01,-2.1767044e+01
502,5.0100000e-02,-1.7303899e+03,-2.7707425e+01,-2.5288432e+01
503,5.0200000e-02,-1.6757864e+03,-2.8046638e+01,-2.8373465e+01
504,5.0300000e-02,-1.6184420e+03,-2.8412685e+01,-3.1014441e+01
505,5.0400000e-02,-1.5582709e+03,-2.8803347e+01,-3.3199245e+01
506,5.0500000e-02,-1.4951644e+03,-2.9216703e+01,-3.4935136e+01
507,5.0600000e-02,-1.4290619e+03,-2.9659219e+01,-3.6193818e+01
508,5.0700000e-02,-1.3599380e+03,-3.0158069e+01,-3.6976143e+01
509,5.0800000e-02,-1.2877712e+03,-3.0661417e+01,-3.7271237e+01
510,5.0900000e-02,-1.2125479e+03,-3.1174804e+01,-3.7078170e+01
511,5.1000000e-02,-1.1343129e+03,-3.1700218e+01,-3.6379329e+01
512,5.1100000e-02,-1.0530867e+03,-3.2230515e+01,-3.5206395e+01
513,5.1200000e-02,-9.6888982e+02,-3.2772386e+01,-3.3573148e+01
514,5.1300000e-02,-8.8177297e+02,-3.3328026e+01,-3.1497517e+01
515,5.1400000e-02,-7.9181986e+02,-3.3896147e+01,-2.9003057e+01
516,5.1500000e-02,-6.9914551e+02,-3.4473596e+01,-2.6118439e+01
517,5.1600000e-02,-6.0387567e+02,-3.5017127e+01,-2.2866284e+01
518,5.1700000e-02,-5.0613507e+02,-3.5578140e+01,-1.9319526e+01
519,5.1800000e-02,-4.0615300e+02,-3.6149670e+01,-1.5495777e+01
520,5.1900000e-02,-3.0418751e+02,-3.6713515e+01,-1.1443986e+01
521,5.2000000e-02,-2.0050739e+02,-3.7258171e+01,-7.2179889e+00
522,5.2100000e-02,-9.5397502e+01,-3.7775628e+01,-2.8757307e+00
523,5.2200000e-02,1.0823890e+01,-3.8258802e+01,1.5222343e+00
524,5.2300000e-02,1.1784525e+02,-3.8701232e+01,5.9143968e+00
525,5.2400000e-02,2.2534616e+02,-3.9096177e+01,1.0238654e+01
526,5.2500000e-02,3.3299453e+02,-3.9436185e+01,1.4432311e+01
527,5.2600000e-02,4.4039057e+02,-3.9710238e+01,1.8459728e+01
528,5.2700000e-02,5.4723178e+02,-3.9904988e+01,2.2230134e+01
529,5.2800000e-02,6.5320640e+02,-4.0023025e+01,2.5684811e+01
530,5.2900000e-02,7.5799845e+02,-4.0061197e+01,2.8769067e+01
531,5.3000000e-02,8.6130559e+02,-4.0014305e+01,3.1433066e+01
532,5.3100000e-02,9.6284570e+02,-3.9876787e+01,3.3632301e+01
533,5.3200000e-02,1.0623599e+03,-3.9643363e+01,3.5328063e+01
534,5.3300000e-02,1.1596146e+03,-3.9309370e+01,3.6487540e+01
535,5.3400000e-02,1.2543907e+03,-3.8870567e+01,3.7083200e+01
536,5.3500000e-02,1.3465154e+03,-3.8355334e+01,3.7086520e+01
537,5.3600000e-02,1.4358459e+03,-3.7717212e+01,3.6490041e+01
538,5.3700000e-02,1.5222693e+03,-3.6961700e+01,3.5285450e+01
539,5.3800000e-02,1.6056991e+03,-3.6091058e+01,3.3468602e+01
540,5.3900000e-02,1.6860752e+03,-3.5106987e+01,3.1039848e+01
541,5.4000000e-02,1.7633626e+03,-3.4011310e+01,2.8003756e+01
542,5.4100000e-02,1.8375972e+03,-3.2808966e+01,2.4347344e+01
543,5.4200000e-02,1.9087817e+03,-3.1506930e+01,2.0105845e+01
544,5.4300000e-02,1.9769188e+03,-3.0101038e+01,1.5294300e+01
545,5.4400000e-02,2.0420389e+03,-2.8592260e+01,9.9289417e+00
546,5.4500000e-02,2.1041960e+03,-2.6984341e+01,4.0278227e+00
547,5.4600000e-02,2.1634616e+03,-2.5282448e+01,-2.3895846e+00
548,5.4700000e-02,2.2199200e+03,-2.3492711e+01,-9.3031303e+00
549,5.4800000e-02,2.2736643e+03,-2.1619554e+01,-1.6691653e+01
550,5.4900000e-02,2.3247932e+03,-1.9669906e+01,-2.4534219e+01
551,5.5000000e-02,2.3734028e+03,-1.7648916e+01,-3.2809690e+01
552,5.5100000e-02,2.4196006e+03,-1.5562698e+01,-4.1497263e+01
553,5.5200000e-02,2.4634947e+03,-1.3419395e+01,-5.0575220e+01
554,5.5300000e-02,2.5051916e+03,-1.1222213e+01,-6.0021750e+01
555,5.5400000e-02,2.5447938e+03,-8.9780900e+00,-6.9816928e+01
556,5.5500000e-02,2.5824000e+03,-6.6929848e+00,-7.9943649e+01
557,5.5600000e-02,2.6181063e+03,-4.3716077e+00,-9.0384100e+01
558,5.5700000e-02,2.6520051e+03,-2.0215989e+00,-1.0112041e+02
559,5.5800000e-02,2.6841901e+03,3.6414797e-01,-1.1213708e+02
560,5.5900000e-02,2.7147441e+03,2.7657946e+00,-1.2342222e+02
561,5.6000000e-02,2.7437434e+03,5.1793629e+00,-1.3496091e+02
562,5.6100000e-02,2.7712621e+03,7.6026612e+00,-1.4673790e+02
563,5.6200000e-02,2.7973713e+03,1.0036524e+01,-1.5873956e+02
564,5.6300000e-02,2.8221383e+03,1.2483942e+01,-1.7095177e+02
565,5.6400000e-02,2.8456090e+03,1.4948938e+01,-1.8335224e+02
566,5.6500000e-02,2.8678484e+03,1.7412951e+01,-1.9593977e+02
567,5.6600000e-02,2.8889157e+03,1.9896189e+01,-2.0869494e+02
568,5.6700000e-02,2.9088600e+03,2.2393745e+01,-2.2160529e+02
569,5.6800000e-02,2.9277276e+03,2.4892506e+01,-2.3466228e+02
570,5.6900000e-02,2.9455608e+03,2.7399556e+01,-2.4785487e+02
571,5.7000000e-02,2.9623940e+03,2.9874046e+01,-2.6118148e+02
572,5.7100000e-02,2.9782561e+03,3.2292210e+01,-2.7464079e+02
573,5.7200000e-02,2.9931719e+03,3.4617142e+01,-2.8823295e+02
574,5.7300000e-02,3.0071612e+03,3.6853373e+01,-3.0195361e+02
575,5.7400000e-02,3.0202392e+03,3.9002820e+01,-3.1579703e+02
576,5.7500000e-02,3.0324333e+03,4.1038989e+01,-3.2976115e+02
577,5.7600000e-02,3.0437483e+03,4.2949126e+01,-3.4384171e+02
578,5.7700000e-02,3.0542003e+03,4.4729168e+01,-3.5802990e+02
579,5.7800000e-02,3.0638043e+03,4.6374303e+01,-3.7231638e+02
580,5.7900000e-02,3.0725684e+03,4.7854108e+01,-3.8670611e+02
581,5.8000000e-02,3.0805120e+03,4.9188641e+01,-4.0117686e+02
582,5.8100000e-02,3.0876397e+03,5.0357028e+01,-4.1572110e+02
583,5.8200000e-02,3.0939391e+03,5.1343394e+01,-4.3033176e+02
584,5.8300000e-02,3.0994244e+03,5.2197393e+01,-4.4498305e+02
585,5.8400000e-02,3.1040703e+03,5.2871259e+01,-4.5966510e+02
586,5.8500000e-02,3.1078850e+03,5.3427167e+01,-4.7434905e+02
587,5.8600000e-02,3.1108548e+03,5.3813834e+01,-4.8902375e+02
588,5.8700000e-02,3.1129721e+03,5.4104802e+01,-5.0364752e+02
589,5.8800000e-02,3.1142095e+03,5.4246802e+01,-5.1821494e+02
590,5.8900000e-02,3.1145709e+03,5.4306765e+01,-5.3269596e+02
591,5.9000000e-02,3.1140226e+03,5.4227888e+01,-5.4707529e+02
592,5.9100000e-02,3.1125617e+03,5.4047669e+01,-5.6133735e+02
593,5.9200000e-02,3.1101687e+03,5.3793484e+01,-5.7544033e+02
594,5.9300000e-02,3.1067996e+03,5.3435075e+01,-5.8936175e+02
595,5.9400000e-02,3.1023960e+03,5.2958898e+01,-6.0306456e+02
596,5.9500000e-02,3.0969311e+03,5.2404038e+01,-6.1653850e+02
597,5.9600000e-02,3.0903814e+03,5.1787018e+01,-6.2975877e+02
598,5.9700000e-02,3.0827257e+03,5.1068868e+01,-6.4273889e+02
599,5.9800000e-02,3.0739355e+03,5.0224788e+01,-6.5545343e+02
600,5.9900000e-02,3.0639762e+03,4.9294533e+01,-6.6784804e+02
601,6.0000000e-02,3.0528235e+03,4.8277318e+01,-6.7997538e+02
602,6.0100000e-02,3.0404534e+03,4.7176476e+01,-6.9178615e+02
603,6.0200000e-02,3.0268066e+03,4.5961752e+01,-7.0324936e+02
604,6.0300000e-02,3.0118018e+03,4.4635502e+01,-7.1437849e+02
605,6.0400000e-02,2.9953455e+03,4.3183633e+01,-7.2520938e+02
606,6.0500000e-02,2.9773036e+03,4.1556870e+01,-7.3568816e+02
607,6.0600000e-02,2.9575228e+03,3.9782912e+01,-7.4578961e+02
608,6.0700000e-02,2.9357926e+03,3.7844935e+01,-7.5543172e+02
609,6.0800000e-02,2.9118879e+03,3.5769022e+01,-7.6447646e+02
610,6.0900000e-02,2.8855006e+03,3.3535960e+01,-7.7271253e+02
611,6.1000000e-02,2.8563090e+03,3.1160964e+01,-7.7985893e+02
612,6.1100000e-02,2.8241512e+03,2.8742162e+01,-7.8558463e+02
613,6.1200000e-02,2.7888918e+03,2.6385133e+01,-7.8972406e+02
614,6.1300000e-02,2.7504410e+03,2.4060390e+01,-7.9220034e+02
615,6.1400000e-02,2.7087501e+03,2.1845579e+01,-7.9299268e+02
616,6.1500000e-02,2.6637296e+03,1.9768966e+01,-7.9208542e+02
617,6.1600000e-02,2.6153332e+03,1.7750935e+01,-7.8948268e+02
618,6.1700000e-02,2.5633986e+03,1.5858968e+01,-7.8515536e+02
619,6.1800000e-02,2.5076622e+03,1.4007885e+01,-7.7900874e+02
620,6.1900000e-02,2.4478006e+03,1.2239537e+01,-7.7090030e+02
621,6.2000000e-02,2.3835687e+03,1.0582629e+01,-7.6074444e+02
622,6.2100000e-02,2.3146851e+03,8.9938645e+00,-7.4840655e+02
623,6.2200000e-02,2.2408569e+03,8.3975580e+00,-7.3354427e+02
624,6.2300000e-02,2.1617166e+03,8.0776241e+00,-7.1619432e+02
625,6.2400000e-02,2.0769561e+03,7.7322647e+00,-6.9626258e+02
626,6.2500000e-02,1.9863472e+03,7.2561818e+00,-6.7365923e+02
627,6.2600000e-02,1.8896220e+03,6.6517483e+00,-6.4823773e+02
628,6.2700000e-02,1.7865186e+03,5.9367366e+00,-6.1987163e+02
629,6.2800000e-02,1.6768180e+03,5.0750505e+00,-5.8847128e+02
630,6.2900000e-02,1.5602868e+03,4.0752831e+00,-5.5391751e+02
631,6.3000000e-02,1.4368163e+03,2.9335493e+00,-5.1619313e+02
632,6.3100000e-02,1.3064133e+03,1.6949074e+00,-4.7529465e+02
633,6.3200000e-02,1.1691662e+03,3.9189518e-01,-4.3125030e+02
634,6.3300000e-02,1.0253433e+03,-9.9928151e-01,-3.8421317e+02
635,6.3400000e-02,8.7524342e+02,-2.4985160e+00,-3.3430504e+02
636,6.3500000e-02,7.1927560e+02,-4.0390872e+00,-2.8171466e+02
637,6.3600000e-02,5.5800383e+02,-5.5761140e+00,-2.2669918e+02
638,6.3700000e-02,3.9210302e+02,-7.1355022e+00,-1.6957658e+02
639,6.3800000e-02,2.2243717e+02,-8.6870592e+00,-1.1075098e+02
640,6.3900000e-02,4.9998293e+01,-1.0239924e+01,-5.0680736e+01
641,6.4000000e-02,-1.2423757e+02,-1.1733721e+01,1.0229131e+01
642,6.4100000e-02,-2.9913235e+02,-1.3110123e+01,7.1433352e+01
643,6.4200000e-02,-4.7349161e+02,-1.4399472e+01,1.3238797e+02
644,6.4300000e-02,-6.4617493e+02,-1.5575493e+01,1.9257793e+02
645,6.4400000e-02,-8.1607428e+02,-1.6638399e+01,2.5149835e+02
646,6.4500000e-02,-9.8219661e+02,-1.7528757e+01,3.0870569e+02
647,6.4600000e-02,-1.1436383e+03,-1.8207333e+01,3.6379846e+02
648,6.4700000e-02,-1.2996328e+03,-1.8687813e+01,4.1642549e+02
649,6.4800000e-02,-1.4495500e+03,-1.8950206e+01,4.6630453e+02
650,6.4900000e-02,-1.5929172e+03,-1.8974798e+01,5.1320671e+02
651,6.5000000e-02,-1.7293686e+03,-1.8780500e+01,5.5695673e+02
652,6.5100000e-02,-1.8586742e+03,-1.8343038e+01,5.9744961e+02
653,6.5200000e-02,-1.9807017e+03,-1.7672392e+01,6.3462644e+02
654,6.5300000e-02,-2.0953595e+03,-1.6762243e+01,6.6842175e+02
655,6.5400000e-02,-2.2027233e+03,-1.5657383e+01,6.9890358e+02
656,6.5500000e-02,-2.3029813e+03,-1.4356088e+01,7.2615141e+02
657,6.5600000e-02,-2.3963763e+03,-1.2868265e+01,7.5026651e+02
658,6.5700000e-02,-2.4831967e+03,-1.1211029e+01,7.7136300e+02
659,6.5800000e-02,-2.5637635e+03,-9.4065972e+00,7.8957414e+02
660,6.5900000e-02,-2.6384190e+03,-7.4781039e+00,8.0504342e+02
661,6.6000000e-02,-2.7075172e+03,-5.4491065e+00,8.1791774e+02
662,6.6100000e-02,-2.7714159e+03,-3.3572036e+00,8.2834062e+02
663,6.6200000e-02,-2.8304712e+03,-1.2100414e+00,8.3647654e+02
664,6.6300000e-02,-2.8850321e+03,9.7078714e-01,8.4248850e+02
665,6.6400000e-02,-2.9354254e+03,3.1684068e+00,8.4652451e+02
666,6.6500000e-02,-2.9819620e+03,5.3643904e+00,8.4872360e+02
667,6.6600000e-02,-3.0249358e+03,7.5436708e+00,8.4923577e+02
668,6.6700000e-02,-3.0646243e+03,9.6981412e+00,8.4819948e+02
669,6.6800000e-02,-3.1012914e+03,1.1818895e+01,8.4573082e+02
670,6.6900000e-02,-3.1351810e+03,1.3898207e+01,8.4194268e+02
671,6.7000000e-02,-3.1665245e+03,1.5927260e+01,8.3694048e+02
672,6.7100000e-02,-3.1955597e+03,1.7897648e+01,8.3089537e+02
673,6.7200000e-02,-3.2225597e+03,1.9824596e+01,8.2398048e+02
674,6.7300000e-02,-3.2478032e+03,2.1724078e+01,8.1628919e+02
675,6.7400000e-02,-3.2714808e+03,2.3592881e+01,8.0785867e+02
676,6.7500000e-02,-3.2937220e+03,2.5410121e+01,7.9870472e+02
677,6.7600000e-02,-3.3145381e+03,2.7149207e+01,7.8879480e+02
678,6.7700000e-02,-3.3339875e+03,2.8785991e+01,7.7815893e+02
679,6.7800000e-02,-3.3521727e+03,3.0285649e+01,7.6683197e+02
680,6.7900000e-02,-3.3691323e+03,3.1642140e+01,7.5481939e+02
681,6.8000000e-02,-3.3848528e+03,3.2842218e+01,7.4212920e+02
682,6.8100000e-02,-3.3993872e+03,3.3866645e+01,7.2873072e+02
683,6.8200000e-02,-3.4127373e+03,3.4695183e+01,7.1467663e+02
684,6.8300000e-02,-3.4249189e+03,3.5316369e+01,6.9991313e+02
685,6.8400000e-02,-3.4359230e+03,3.5710674e+01,6.8450483e+02
686,6.8500000e-02,-3.4457339e+03,3.5871676e+01,6.6839825e+02
687,6.8600000e-02,-3.4543123e+03,3.5771408e+01,6.5155946e+02
688,6.8700000e-02,-3.4615695e+03,3.5362616e+01,6.3399639e+02
689,6.8800000e-02,-3.4673602e+03,3.4661849e+01,6.1568377e+02
690,6.8900000e-02,-3.4716005e+03,3.3658623e+01,5.9679021e+02
691,6.9000000e-02,-3.4742947e+03,3.2401570e+01,5.7752837e+02
692,6.9100000e-02,-3.4754759e+03,3.0988771e+01,5.5802114e+02
693,6.9200000e-02,-3.4752206e+03,2.9434965e+01,5.3838334e+02
694,6.9300000e-02,-3.4736115e+03,2.7791134e+01,5.1866569e+02
695,6.9400000e-02,-3.4707484e+03,2.6059196e+01,4.9894236e+02
696,6.9500000e-02,-3.4667207e+03,2.4310635e+01,4.7928213e+02
697,6.9600000e-02,-3.4615457e+03,2.2589602e+01,4.5967025e+02
698,6.9700000e-02,-3.4552139e+03,2.0852416e+01,4.4007979e+02
699,6.9800000e-02,-3.4477309e+03,1.9092712e+01,4.2057538e+02
700,6.9900000e-02,-3.4390831e+03,1.7302748e+01,4.0113854e+02
701,7.0000000e-02,-3.4292211e+03,1.5509775e+01,3.8175980e+02
702,7.0100000e-02,-3.4181029e+03,1.3702231e+01,3.6248112e+02
703,7.0200000e-02,-3.4057057e+03,1.1904961e+01,3.4335275e+02
704,7.0300000e-02,-3.3919683e+03,1.0098747e+01,3.2435933e+02
705,7.0400000e-02,-3.3768231e+03,8.2812862e+00,3.0551500e+02
706,7.0500000e-02,-3.3601761e+03,6.4331540e+00,2.8680537e+02
707,7.0600000e-02,-3.3419325e+03,4.5683242e+00,2.6827738e+02
708,7.0700000e-02,-3.3220130e+03,2.6812899e+00,2.4995131e+02
709,7.0800000e-02,-3.3003351e+03,7.6457295e-01,2.3187198e+02
710,7.0900000e-02,-3.2767874e+03,-1.1747107e+00,2.1403546e+02
711,7.1000000e-02,-3.2512680e+03,-3.1952906e+00,1.9645230e+02
712,7.1100000e-02,-3.2236483e+03,-5.3535650e+00,1.7910238e+02
713,7.1200000e-02,-3.1938030e+03,-7.6341187e+00,1.6203550e+02
714,7.1300000e-02,-3.1616455e+03,-1.0127145e+01,1.4525575e+02
715,7.1400000e-02,-3.1270415e+03,-1.2781492e+01,1.2879088e+02
716,7.1500000e-02,-3.0898869e+03,-1.5685402e+01,1.1267456e+02
717,7.1600000e-02,-3.0500295e+03,-1.8827018e+01,9.6895799e+01
718,7.1700000e-02,-3.0072864e+03,-2.2169264e+01,8.1486589e+01
719,7.1800000e-02,-2.9614572e+03,-2.5670080e+01,6.6454264e+01
720,7.1900000e-02,-2.9122994e+03,-2.9095641e+01,5.1926300e+01
721,7.2000000e-02,-2.8594206e+03,-3.2017264e+01,3.8080532e+01
722,7.2100000e-02,-2.8023974e+03,-3.4168476e+01,2.5152798e+01
723,7.2200000e-02,-2.7408627e+03,-3.5807494e+01,1.3203676e+01
724,7.2300000e-02,-2.6746338e+03,-3.7155032e+01,2.2616959e+00
725,7.2400000e-02,-2.6036045e+03,-3.8574400e+01,-7.7453563e+00
726,7.2500000e-02,-2.5277240e+03,-4.0095079e+01,-1.6800044e+01
727,7.2600000e-02,-2.4468917e+03,-4.1729281e+01,-2.4910700e+01
728,7.2700000e-02,-2.3610095e+03,-4.3406116e+01,-3.2027527e+01
729,7.2800000e-02,-2.2698994e+03,-4.5199638e+01,-3.8181457e+01
730,7.2900000e-02,-2.1733776e+03,-4.7023509e+01,-4.3338697e+01
731,7.3000000e-02,-2.0711935e+03,-4.8829910e+01,-4.7492984e+01
732,7.3100000e-02,-1.9632053e+03,-5.0700584e+01,-5.0594088e+01
733,7.3200000e-02,-1.8493009e+03,-5.2613877e+01,-5.2624544e+01
734,7.3300000e-02,-1.7294919e+03,-5.4554254e+01,-5.3540864e+01
735,7.3400000e-02,-1.6037629e+03,-5.6553417e+01,-5.3397847e+01
736,7.3500000e-02,-1.4721364e+03,-5.8543701e+01,-5.2200512e+01
737,7.3600000e-02,-1.3346559e+03,-6.0539885e+01,-5.0019822e+01
738,7.3700000e-02,-1.1915105e+03,-6.2554778e+01,-4.6860964e+01
739,7.3800000e-02,-1.0429725e+03,-6.4569165e+01,-4.2786470e+01
740,7.3900000e-02,-8.8938685e+02,-6.6566543e+01,-3.7875079e+01
741,7.4000000e-02,-7.3124068e+02,-6.8526696e+01,-3.2177077e+01
742,7.4100000e-02,-5.6901826e+02,-7.0359842e+01,-2.5841439e+01
743,7.4200000e-02,-4.0328416e+02,-7.2150871e+01,-1.9014606e+01
744,7.4300000e-02,-2.3469078e+02,-7.3876332e+01,-1.1840579e+01
745,7.4400000e-02,-6.3980736e+01,-7.5513613e+01,-4.4707185e+00
746,7.4500000e-02,1.0818375e+02,-7.7046781e+01,2.8935007e+00
747,7.4600000e-02,2.8098242e+02,-7.8464652e+01,1.0144268e+01
748,7.4700000e-02,4.5355902e+02,-7.9729838e+01,1.7121820e+01
749,7.4800000e-02,6.2506945e+02,-8.0816196e+01,2.3667499e+01
750,7.4900000e-02,7.9471633e+02,-8.1705033e+01,2.9630755e+01
751,7.5000000e-02,9.6170592e+02,-8.2379625e+01,3.4871412e+01
752,7.5100000e-02,1.1252942e+03,-8.2824621e+01,3.9264017e+01
753,7.5200000e-02,1.2847186e+03,-8.3020945e+01,4.2736851e+01
754,7.5300000e-02,1.4394259e+03,-8.2950866e+01,4.5155453e+01
755,7.5400000e-02,1.5889413e+03,-8.2619420e+01,4.6448121e+01
756,7.5500000e-02,1.7328867e+03,-8.2073334e+01,4.6551736e+01
757,7.5600000e-02,1.8709636e+03,-8.1239203e+01,4.5444015e+01
758,7.5700000e-02,2.0029554e+03,-8.0125089e+01,4.3112560e+01
759,7.5800000e-02,2.1287210e+03,-7.8734207e+01,3.9559143e+01
760,7.5900000e-02,2.2481915e+03,-7.7069613e+01,3.4798728e+01
761,7.6000000e-02,2.3613805e+03,-7.5135383e+01,2.8858259e+01
762,7.6100000e-02,2.4683402e+03,-7.2936837e+01,2.1773650e+01
763,7.6200000e-02,2.5692377e+03,-7.0485125e+01,1.3561327e+01
764,7.6300000e-02,2.6641988e+03,-6.7792381e+01,4.3015760e+00
765,7.6400000e-02,2.7533802e+03,-6.4859418e+01,-5.9507989e+00
766,7.6500000e-02,2.8369840e+03,-6.1695166e+01,-1.7143745e+01
767,7.6600000e-02,2.9152416e+03,-5.8310125e+01,-2.9219860e+01
768,7.6700000e-02,2.9883907e+03,-5.4722334e+01,-4.2123326e+01
769,7.6800000e-02,3.0566937e+03,-5.0947144e+01,-5.5802475e+01
770,7.6900000e-02,3.1204160e+03,-4.6998255e+01,-7.0201517e+01
771,7.7000000e-02,3.1798160e+03,-4.2893465e+01,-8.5263421e+01
772,7.7100000e-02,3.2351095e+03,-3.8636157e+01,-1.0090337e+02
773,7.7200000e-02,3.2865618e+03,-3.4344057e+01,-1.1730473e+02
774,7.7300000e-02,3.3344333e+03,-2.9956496e+01,-1.3423323e+02
775,7.7400000e-02,3.3789463e+03,-2.5472299e+01,-1.5162247e+02
776,7.7500000e-02,3.4203080e+03,-2.0892242e+01,-1.6942788e+02
777,7.7600000e-02,3.4587114e+03,-1.6229385e+01,-1.8761601e+02
778,7.7700000e-02,3.4943404e+03,-1.1476935e+01,-2.0614821e+02
779,7.7800000e-02,3.5273705e+03,-6.6352342e+00,-2.2493061e+02
780,7.7900000e-02,3.5579496e+03,-1.7274347e+00,-2.4401232e+02
781,7.8000000e-02,3.5862244e+03,3.2511323e+00,-2.6336546e+02
782,7.8100000e-02,3.6123286e+03,8.3130491e+00,-2.8295791e+02
783,7.8200000e-02,3.6363749e+03,1.3405368e+01,-3.0277047e+02
784,7.8300000e-02,3.6584647e+03,1.8552454e+01,-3.2277241e+02
785,7.8400000e-02,3.6786947e+03,2.3724457e+01,-3.4294386e+02
786,7.8500000e-02,3.6971433e+03,2.8870904e+01,-3.6326868e+02
787,7.8600000e-02,3.7138870e+03,3.3983198e+01,-3.8374771e+02
788,7.8700000e-02,3.7289825e+03,3.8958052e+01,-4.0436031e+02
789,7.8800000e-02,3.7424543e+03,4.3789433e+01,-4.2509007e+02
790,7.8900000e-02,3.7543533e+03,4.8631019e+01,-4.4553047e+02
791,7.9000000e-02,3.7646901e+03,5.3298493e+01,-4.6604247e+02
792,7.9100000e-02,3.7735048e+03,5.7764156e+01,-4.8666778e+02
793,7.9200000e-02,3.7809258e+03,6.2297356e+01,-5.0668562e+02
794,7.9300000e-02,3.7868804e+03,6.6659283e+01,-5.2671443e+02
795,7.9400000e-02,3.7913600e+03,7.0804877e+01,-5.4681761e+02
796,7.9500000e-02,3.7943559e+03,7.4634289e+01,-5.6699439e+02
797,7.9600000e-02,3.7958930e+03,7.8145800e+01,-5.8721803e+02
798,7.9700000e-02,3.7959819e+03,8.1360075e+01,-6.0744057e+02
799,7.9800000e-02,3.7945851e+03,8.4217076e+01,-6.2762943e+02
800,7.9900000e-02,3.7916713e+03,8.6826447e+01,-6.4771133e+02
801,8.0000000e-02,3.7871852e+03,8.9134629e+01,-6.6765776e+02
802,8.0100000e-02,3.7811056e+03,9.1241674e+01,-6.8741111e+02
803,8.0200000e-02,3.7733806e+03,9.3070172e+01,-7.0695722e+02
804,8.0300000e-02,3.7639643e+03,9.4707740e+01,-7.2621796e+02
805,8.0400000e-02,3.7527456e+03,9.6076959e+01,-7.4511250e+02
806,8.0500000e-02,3.7396857e+03,9.7220780e+01,-7.6367250e+02
807,8.0600000e-02,3.7247433e+03,9.8136087e+01,-7.8180810e+02
808,8.0700000e-02,3.7078363e+03,9.8770415e+01,-7.9945991e+02
809,8.0800000e-02,3.6888783e+03,9.9084051e+01,-8.1667239e+02
810,8.0900000e-02,3.6677871e+03,9.9089718e+01,-8.3338705e+02
811,8.1000000e-02,3.6444233e+03,9.8765258e+01,-8.4950083e+02
812,8.1100000e-02,3.6185960e+03,9.8134272e+01,-8.6502658e+02
813,8.1200000e-02,3.5900588e+03,9.7114148e+01,-8.7988443e+02
814,8.1300000e-02,3.5584567e+03,9.5648295e+01,-8.9403658e+02
815,8.1400000e-02,3.5234653e+03,9.3760699e+01,-9.0715285e+02
816,8.1500000e-02,3.4846750e+03,9.1530693e+01,-9.1889932e+02
817,8.1600000e-02,3.4416643e+03,8.8959884e+01,-9.2889966e+02
818,8.1700000e-02,3.3941532e+03,8.6072878e+01,-9.3675230e+02
819,8.1800000e-02,3.3419256e+03,8.3021594e+01,-9.4222238e+02
820,8.1900000e-02,3.2847900e+03,7.9887113e+01,-9.4517823e+02
821,8.2000000e-02,3.2225200e+03,7.6577255e+01,-9.4554816e+02
822,8.2100000e-02,3.1550179e+03,7.3156572e+01,-9.4325771e+02
823,8.2200000e-02,3.0819659e+03,6.9632428e+01,-9.3820446e+02
824,8.2300000e-02,3.0028550e+03,6.5896636e+01,-9.3018431e+02
825,8.2400000e-02,2.9172493e+03,6.1999769e+01,-9.1903371e+02
826,8.2500000e-02,2.8246056e+03,5.7969042e+01,-9.0447441e+02
827,8.2600000e-02,2.7251845e+03,5.7236296e+01,-8.8471485e+02
828,8.2700000e-02,2.6182971e+03,5.6625529e+01,-8.6066269e+02
829,8.2800000e-02,2.5031971e+03,5.5510730e+01,-8.3260793e+02
830,8.2900000e-02,2.3791441e+03,5.3711218e+01,-8.0053618e+02
831,8.3000000e-02,2.2455397e+03,5.1415013e+01,-7.6428511e+02
832,8.3100000e-02,2.1019912e+03,4.8553207e+01,-7.2373310e+02
833,8.3200000e-02,1.9481295e+03,4.5288290e+01,-6.7866081e+02
834,8.3300000e-02,1.7836573e+03,4.1541177e+01,-6.2893699e+02
835,8.3400000e-02,1.6085037e+03,3.7439164e+01,-5.7449534e+02
836,8.3500000e-02,1.4227229e+03,3.3068869e+01,-5.1530379e+02
837,8.3600000e-02,1.2267160e+03,2.8367630e+01,-4.5157190e+02
838,8.3700000e-02,1.0211650e+03,2.3454953e+01,-3.8357684e+02
839,8.3800000e-02,8.0700438e+02,1.8369348e+01,-3.1171475e+02
840,8.3900000e-02,5.8551980e+02,1.3115896e+01,-2.3659856e+02
841,8.4000000e-02,3.5815719e+02,7.7530263e+00,-1.5885250e+02
842,8.4100000e-02,1.2652736e+02,2.3930601e+00,-7.9182185e+01
843,8.4200000e-02,-1.0752642e+02,-2.9575960e+00,1.5702859e+00
844,8.4300000e-02,-3.4204662e+02,-8.1807475e+00,8.2538216e+01
845,8.4400000e-02,-5.7504201e+02,-1.3232069e+01,1.6283547e+02
846,8.4500000e-02,-8.0458640e+02,-1.8101246e+01,2.4159444e+02
847,8.4600000e-02,-1.0289987e+03,-2.2640166e+01,3.1812101e+02
848,8.4700000e-02,-1.2466242e+03,-2.6838480e+01,3.9162541e+02
849,8.4800000e-02,-1.4560192e+03,-3.0650850e+01,4.6147179e+02
850,8.4900000e-02,-1.6560301e+03,-3.4035753e+01,5.2715474e+02
851,8.5000000e-02,-1.8457957e+03,-3.6983125e+01,5.8828995e+02
852,8.5100000e-02,-2.0247765e+03,-3.9402489e+01,6.4465182e+02
853,8.5200000e-02,-2.1926882e+03,-4.1307844e+01,6.9608135e+02
854,8.5300000e-02,-2.3494466e+03,-4.2693434e+01,7.4253358e+02
855,8.5400000e-02,-2.4951497e+03,-4.3568198e+01,7.8404968e+02
856,8.5500000e-02,-2.6300375e+03,-4.3947499e+01,8.2073455e+02
857,8.5600000e-02,-2.7544700e+03,-4.3852304e+01,8.5274255e+02
858,8.5700000e-02,-2.8689141e+03,-4.3298728e+01,8.8026647e+02
859,8.5800000e-02,-2.9738907e+03,-4.2321139e+01,9.0353177e+02
860,8.5900000e-02,-3.0699597e+03,-4.0974633e+01,9.2277666e+02
861,8.6000000e-02,-3.1577223e+03,-3.9292544e+01,9.3824524e+02
862,8.6100000e-02,-3.2377829e+03,-3.7315291e+01,9.5019610e+02
863,8.6200000e-02,-3.3107359e+03,-3.5082719e+01,9.5888512e+02
864,8.6300000e-02,-3.3771541e+03,-3.2633867e+01,9.6456233e+02
865,8.6400000e-02,-3.4375809e+03,-2.9993310e+01,9.6748512e+02
866,8.6500000e-02,-3.4924845e+03,-2.7208939e+01,9.6786188e+02
867,8.6600000e-02,-3.5423562e+03,-2.4312368e+01,9.6593680e+02
868,8.6700000e-02,-3.5876477e+03,-2.1322287e+01,9.6193401e+02
869,8.6800000e-02,-3.6287652e+03,-1.8241678e+01,9.5607112e+02
870,8.6900000e-02,-3.6661026e+03,-1.5098205e+01,9.4860625e+02
871,8.7000000e-02,-3.7000426e+03,-1.1883462e+01,9.3970143e+02
872,8.7100000e-02,-3.7311161e+03,-8.6119910e+00,9.2964249e+02
873,8.7200000e-02,-3.7597888e+03,-5.2555970e+00,9.1856070e+02
874,8.7300000e-02,-3.7863111e+03,-1.8411035e+00,9.0651726e+02
875,8.7400000e-02,-3.8108044e+03,1.5890537e+00,8.9353678e+02
876,8.7500000e-02,-3.8332771e+03,4.9875242e+00,8.7959099e+02
877,8.7600000e-02,-3.8537927e+03,8.3014653e+00,8.6471328e+02
878,8.7700000e-02,-3.8724700e+03,1.1499261e+01,8.4894274e+02
879,8.7800000e-02,-3.8893601e+03,1.4557410e+01,8.3229906e+02
880,8.7900000e-02,-3.9044586e+03,1.7445834e+01,8.1478516e+02
881,8.8000000e-02,-3.9178086e+03,2.0140544e+01,7.9638925e+02
882,8.8100000e-02,-3.9294914e+03,2.2580282e+01,7.7698332e+02
883,8.8200000e-02,-3.9394847e+03,2.4689955e+01,7.5654188e+02
884,8.8300000e-02,-3.9476819e+03,2.6402517e+01,7.3479806e+02
885,8.8400000e-02,-3.9537911e+03,2.7604025e+01,7.1159828e+02
886,8.8500000e-02,-3.9574011e+03,2.8227982e+01,6.8715777e+02
887,8.8600000e-02,-3.9581828e+03,2.8273348e+01,6.6190661e+02
888,8.8700000e-02,-3.9562407e+03,2.7857199e+01,6.3632191e+02
889,8.8800000e-02,-3.9519905e+03,2.7179493e+01,6.1071679e+02
890,8.8900000e-02,-3.9458675e+03,2.6285725e+01,5.8516987e+02
891,8.9000000e-02,-3.9381482e+03,2.5383859e+01,5.5974709e+02
892,8.9100000e-02,-3.9289491e+03,2.4470175e+01,5.3441271e+02
893,8.9200000e-02,-3.9182748e+03,2.3494740e+01,5.0913092e+02
894,8.9300000e-02,-3.9060912e+03,2.2527898e+01,4.8399646e+02
895,8.9400000e-02,-3.8923659e+03,2.1483883e+01,4.5898917e+02
896,8.9500000e-02,-3.8770142e+03,2.0384768e+01,4.3413398e+02
897,8.9600000e-02,-3.8599369e+03,1.9230537e+01,4.0942655e+02
898,8.9700000e-02,-3.8410664e+03,1.7945912e+01,3.8491512e+02
899,8.9800000e-02,-3.8203212e+03,1.6569206e+01,3.6063075e+02
900,8.9900000e-02,-3.7975949e+03,1.5101406e+01,3.3660102e+02
901,9.0000000e-02,-3.7727729e+03,1.3562961e+01,3.1289216e+02
902,9.0100000e-02,-3.7457301e+03,1.1918448e+01,2.8949383e+02
903,9.0200000e-02,-3.7163154e+03,1.0129588e+01,2.6642343e+02
904,9.0300000e-02,-3.6843700e+03,8.1933065e+00,2.4370960e+02
905,9.0400000e-02,-3.6497369e+03,6.0930863e+00,2.2138334e+02
906,9.0500000e-02,-3.6122364e+03,3.7360805e+00,1.9942137e+02
907,9.0600000e-02,-3.5716805e+03,1.1277835e+00,1.7789153e+02
908,9.0700000e-02,-3.5279240e+03,-1.8179348e+00,1.5681004e+02
909,9.0800000e-02,-3.4807678e+03,-5.0855670e+00,1.3620809e+02
910,9.0900000e-02,-3.4299740e+03,-8.6595328e+00,1.1612464e+02
911,9.1000000e-02,-3.3753090e+03,-1.2459321e+01,9.6666477e+01
912,9.1100000e-02,-3.3164751e+03,-1.6326453e+01,7.7884536e+01
913,9.1200000e-02,-3.2530519e+03,-1.9961555e+01,5.9932121e+01
914,9.1300000e-02,-3.1845307e+03,-2.3069143e+01,4.3010034e+01
915,9.1400000e-02,-3.1103567e+03,-2.5601447e+01,2.7243955e+01
916,9.1500000e-02,-3.0301891e+03,-2.7764440e+01,1.2778596e+01
917,9.1600000e-02,-2.9438494e+03,-2.9892036e+01,-3.7530988e-01
918,9.1700000e-02,-2.8511884e+03,-3.2178901e+01,-1.2236977e+01
919,9.1800000e-02,-2.7520694e+03,-3.4547392e+01,-2.2742639e+01
920,9.1900000e-02,-2.6462375e+03,-3.7109140e+01,-3.1939396e+01
921,9.2000000e-02,-2.5334171e+03,-3.9715442e+01,-3.9773145e+01
922,9.2100000e-02,-2.4133002e+03,-4.2494880e+01,-4.6274695e+01
923,9.2200000e-02,-2.2857047e+03,-4.5368266e+01,-5.1350867e+01
924,9.2300000e-02,-2.1504669e+03,-4.8321992e+01,-5.4971116e+01
925,9.2400000e-02,-2.0075342e+03,-5.1287064e+01,-5.7053892e+01
926,9.2500000e-02,-1.8568125e+03,-5.4323733e+01,-5.7660379e+01
927,9.2600000e-02,-1.6983252e+03,-5.7426030e+01,-5.6814382e+01
928,9.2700000e-02,-1.5322248e+03,-6.0647470e+01,-5.4578601e+01
929,9.2800000e-02,-1.3587029e+03,-6.3888421e+01,-5.1060795e+01
930,9.2900000e-02,-1.1781493e+03,-6.7160282e+01,-4.6289684e+01
931,9.3000000e-02,-9.9108351e+02,-7.0431603e+01,-4.0379205e+01
932,9.3100000e-02,-7.9811273e+02,-7.3675285e+01,-3.3474817e+01
933,9.3200000e-02,-6.0011533e+02,-7.6857860e+01,-2.5695445e+01
934,9.3300000e-02,-3.9795410e+02,-7.9939215e+01,-1.7300582e+01
935,9.3400000e-02,-1.9257974e+02,-8.2911428e+01,-8.5023629e+00
936,9.3500000e-02,1.4925144e+01,-8.5750653e+01,4.7318273e-01
937,9.3600000e-02,2.2356559e+02,-8.8436737e+01,9.3368213e+00
938,9.3700000e-02,4.3215678e+02,-9.0951721e+01,1.7920062e+01
939,9.3800000e-02,6.3948350e+02,-9.3243777e+01,2.5993085e+01
940,9.3900000e-02,8.4439695e+02,-9.5275488e+01,3.3336725e+01
941,9.4000000e-02,1.0457661e+03,-9.7016784e+01,3.9748881e+01
942,9.4100000e-02,1.2425391e+03,-9.8441900e+01,4.5048035e+01
943,9.4200000e-02,1.4337771e+03,-9.9529821e+01,4.9078782e+01
944,9.4300000e-02,1.6185616e+03,-1.0025568e+02,5.1758035e+01
945,9.4400000e-02,1.7962370e+03,-1.0059718e+02,5.2935601e+01
946,9.4500000e-02,1.9663351e+03,-1.0056159e+02,5.2541077e+01
947,9.4600000e-02,2.1285033e+03,-1.0014922e+02,5.0539318e+01
948,9.4700000e-02,2.2825001e+03,-9.9356451e+01,4.6921938e+01
949,9.4800000e-02,2.4281949e+03,-9.8180463e+01,4.1703205e+01
950,9.4900000e-02,2.5655804e+03,-9.6621167e+01,3.4917482e+01
951,9.5000000e-02,2.6947177e+03,-9.4682369e+01,2.6614348e+01
952,9.5100000e-02,2.8158253e+03,-9.2376127e+01,1.6823238e+01
953,9.5200000e-02,2.9290871e+03,-8.9715033e+01,5.6543288e+00
954,9.5300000e-02,3.0347353e+03,-8.6701758e+01,-6.8158040e+00
955,9.5400000e-02,3.1330648e+03,-8.3346260e+01,-2.0507108e+01
956,9.5500000e-02,3.2243984e+03,-7.9666449e+01,-3.5336859e+01
957,9.5600000e-02,3.3090997e+03,-7.5680572e+01,-5.1220401e+01
958,9.5700000e-02,3.3875437e+03,-7.1410913e+01,-6.8085865e+01
959,9.5800000e-02,3.4600522e+03,-6.6877079e+01,-8.5824312e+01
960,9.5900000e-02,3.5270203e+03,-6.2222836e+01,-1.0463370e+02
961,9.6000000e-02,3.5888254e+03,-5.7367457e+01,-1.2419414e+02
962,9.6100000e-02,3.6458206e+03,-5.2307003e+01,-1.4440574e+02
963,9.6200000e-02,3.6983331e+03,-4.6998512e+01,-1.6509374e+02
964,9.6300000e-02,3.7466597e+03,-4.1499094e+01,-1.8631251e+02
965,9.6400000e-02,3.7911227e+03,-3.6121555e+01,-2.0865971e+02
966,9.6500000e-02,3.8319824e+03,-3.0666766e+01,-2.3142305e+02
967,9.6600000e-02,3.8694773e+03,-2.4968464e+01,-2.5423804e+02
968,9.6700000e-02,3.9037947e+03,-1.9068745e+01,-2.7728468e+02
969,9.6800000e-02,3.9351153e+03,-1.2983838e+01,-3.0057189e+02
970,9.6900000e-02,3.9636183e+03,-6.6785205e+00,-3.2406847e+02
971,9.7000000e-02,3.9895553e+03,-5.0364805e-01,-3.4858079e+02
972,9.7100000e-02,4.0131116e+03,5.7696587e+00,-3.7325034e+02
973,9.7200000e-02,4.0344008e+03,1.2245783e+01,-3.9756116e+02
974,9.7300000e-02,4.0534462e+03,1.8870208e+01,-4.2173868e+02
975,9.7400000e-02,4.0702815e+03,2.5616677e+01,-4.4593653e+02
976,9.7500000e-02,4.0849624e+03,3.2316327e+01,-4.7018944e+02
977,9.7600000e-02,4.0975862e+03,3.8920484e+01,-4.9452189e+02
978,9.7700000e-02,4.1081354e+03,4.5483773e+01,-5.1832514e+02
979,9.7800000e-02,4.1166244e+03,5.1878113e+01,-5.4223034e+02
980,9.7900000e-02,4.1231493e+03,5.7999878e+01,-5.6626807e+02
981,9.8000000e-02,4.1277131e+03,6.3783771e+01,-5.9058714e+02
982,9.8100000e-02,4.1302919e+03,6.9275671e+01,-6.1444558e+02
983,9.8200000e-02,4.1308904e+03,7.4412225e+01,-6.3828016e+02
984,9.8300000e-02,4.1296279e+03,7.9398263e+01,-6.6150520e+02
985,9.8400000e-02,4.1264450e+03,8.4137836e+01,-6.8463801e+02
986,9.8500000e-02,4.1214814e+03,8.8916303e+01,-7.0671451e+02
987,9.8600000e-02,4.1146987e+03,9.3651563e+01,-7.2841934e+02
988,9.8700000e-02,4.1059881e+03,9.8165896e+01,-7.4997298e+02
989,9.8800000e-02,4.0952370e+03,1.0250248e+02,-7.7131927e+02
990,9.8900000e-02,4.0823523e+03,1.0653933e+02,-7.9248461e+02
991,9.9000000e-02,4.0672834e+03,1.1030189e+02,-8.1339006e+02
992,9.9100000e-02,4.0499245e+03,1.1369985e+02,-8.3392585e+02
993,9.9200000e-02,4.0301689e+03,1.1668280e+02,-8.5408740e+02
994,9.9300000e-02,4.0079123e+03,1.1925833e+02,-8.7387621e+02
995,9.9400000e-02,3.9830054e+03,1.2140799e+02,-8.9318974e+02
996,9.9500000e-02,3.9551987e+03,1.2305001e+02,-9.1195544e+02
997,9.9600000e-02,3.9241925e+03,1.2411978e+02,-9.3005465e+02
998,9.9700000e-02,3.8896022e+03,1.2466419e+02,-9.4738646e+02
999,9.9800000e-02,3.8510001e+03,1.2468666e+02,-9.6355803e+02
1000,9.9900000e-02,3.8079700e+03,1.2415887e+02,-9.7812316e+02
1001,1.0000000e-01,3.7601321e+03,1.2311878e+02,-9.9066445e+02
1002,1.0010000e-01,3.7072195e+03,1.2175899e+02,-1.0008483e+03
1003,1.0020000e-01,3.6489443e+03,1.2006228e+02,-1.0084594e+03
1004,1.0030000e-01,3.5850969e+03,1.1800448e+02,-1.0133580e+03
1005,1.0040000e-01,3.5154119e+03,1.1570686e+02,-1.0153848e+03
1006,1.0050000e-01,3.4394980e+03,1.1309627e+02,-1.0143534e+03
1007,1.0060000e-01,3.3571847e+03,1.1012019e+02,-1.0101651e+03
1008,1.0070000e-01,3.2678725e+03,1.0682432e+02,-1.0025271e+03
1009,1.0080000e-01,3.1709395e+03,1.0322729e+02,-9.9117299e+02
1010,1.0090000e-01,3.0656457e+03,9.9256107e+01,-9.7575427e+02
1011,1.0100000e-01,2.9527027e+03,9.8715107e+01,-9.5335972e+02
1012,1.0110000e-01,2.8313093e+03,9.7722797e+01,-9.2540361e+02
1013,1.0120000e-01,2.7003264e+03,9.5374433e+01,-8.9264001e+02
1014,1.0130000e-01,2.5586595e+03,9.1955850e+01,-8.5517123e+02
1015,1.0140000e-01,2.4054480e+03,8.7548506e+01,-8.1289316e+02
1016,1.0150000e-01,2.2400643e+03,8.2482197e+01,-7.6554090e+02
1017,1.0160000e-01,2.0621410e+03,7.6787748e+01,-7.1291449e+02
1018,1.0170000e-01,1.8714114e+03,7.0551982e+01,-6.5482936e+02
1019,1.0180000e-01,1.6678086e+03,6.3793385e+01,-5.9121044e+02
1020,1.0190000e-01,1.4515231e+03,5.6612998e+01,-5.2207694e+02
1021,1.0200000e-01,1.2232461e+03,4.9107660e+01,-4.4770834e+02
1022,1.0210000e-01,9.8407057e+02,4.1347041e+01,-3.6853464e+02
1023,1.0220000e-01,7.3542931e+02,3.3471927e+01,-2.8514880e+02
1024,1.0230000e-01,4.7909486e+02,2.5468835e+01,-1.9834211e+02
1025,1.0240000e-01,2.1719310e+02,1.7424441e+01,-1.0907887e+02
1026,1.0250000e-01,-4.7957873e+01,9.4635395e+00,-1.8343417e+01
1027,1.0260000e-01,-3.1389427e+02,1.7220687e+00,7.2790503e+01
1028,1.0270000e-01,-5.7808653e+02,-5.8807396e+00,1.6316825e+02
1029,1.0280000e-01,-8.3808488e+02,-1.3171292e+01,2.5171871e+02
1030,1.0290000e-01,-1.0915805e+03,-2.0088860e+01,3.3742464e+02
1031,1.0300000e-01,-1.3365971e+03,-2.6474873e+01,4.1942844e+02
1032,1.0310000e-01,-1.5715574e+03,-3.2406943e+01,4.9706058e+02
1033,1.0320000e-01,-1.7951207e+03,-3.7740630e+01,5.6968563e+02
1034,1.0330000e-01,-2.0062326e+03,-4.2480952e+01,6.3683794e+02
1035,1.0340000e-01,-2.2042923e+03,-4.6548964e+01,6.9825653e+02
1036,1.0350000e-01,-2.3890357e+03,-4.9896415e+01,7.5381719e+02
1037,1.0360000e-01,-2.5604674e+03,-5.2554652e+01,8.0350556e+02
1038,1.0370000e-01,-2.7188104e+03,-5.4520712e+01,8.4740854e+02
1039,1.0380000e-01,-2.8644585e+03,-5.5816403e+01,8.8569419e+02
1040,1.0390000e-01,-2.9979580e+03,-5.6473594e+01,9.1858763e+02
1041,1.0400000e-01,-3.1199621e+03,-5.6527721e+01,9.4636060e+02
1042,1.0410000e-01,-3.2311515e+03,-5.6032673e+01,9.6930540e+02
1043,1.0420000e-01,-3.3322614e+03,-5.5014075e+01,9.8773254e+02
1044,1.0430000e-01,-3.4240258e+03,-5.3546967e+01,1.0019468e+03
1045,1.0440000e-01,-3.5071785e+03,-5.1679827e+01,1.0122638e+03
1046,1.0450000e-01,-3.5824349e+03,-4.9462987e+01,1.0189840e+03
1047,1.0460000e-01,-3.6504708e+03,-4.6946600e+01,1.0224174e+03
1048,1.0470000e-01,-3.7119280e+03,-4.4161957e+01,1.0228595e+03
1049,1.0480000e-01,-3.7673814e+03,-4.1163601e+01,1.0205793e+03
1050,1.0490000e-01,-3.8173677e+03,-3.7984405e+01,1.0158486e+03
1051,1.0500000e-01,-3.8623879e+03,-3.4650265e+01,1.0089309e+03
1052,1.0510000e-01,-3.9029142e+03,-3.1166102e+01,1.0000910e+03
1053,1.0520000e-01,-3.9394269e+03,-2.7556762e+01,9.8961376e+02
1054,1.0530000e-01,-3.9726302e+03,-2.3811281e+01,9.7785981e+02
1055,1.0540000e-01,-4.0030655e+03,-1.9895355e+01,9.6497664e+02
1056,1.0550000e-01,-4.0309878e+03,-1.5858002e+01,9.5101934e+02
1057,1.0560000e-01,-4.0565068e+03,-1.1752434e+01,9.3601166e+02
1058,1.0570000e-01,-4.0796213e+03,-7.6473472e+00,9.1992039e+02
1059,1.0580000e-01,-4.1003812e+03,-3.5866639e+00,9.0279122e+02
1060,1.0590000e-01,-4.1189383e+03,3.9321838e-01,8.8467802e+02
1061,1.0600000e-01,-4.1353432e+03,4.2602476e+00,8.6560529e+02
1062,1.0610000e-01,-4.1497004e+03,7.9581976e+00,8.4553784e+02
1063,1.0620000e-01,-4.1620750e+03,1.1429102e+01,8.2444726e+02
1064,1.0630000e-01,-4.1725202e+03,1.4599550e+01,8.0214060e+02
1065,1.0640000e-01,-4.1809538e+03,1.7366397e+01,7.7845150e+02
1066,1.0650000e-01,-4.1870005e+03,1.9587701e+01,7.5281603e+02
1067,1.0660000e-01,-4.1899538e+03,2.1092018e+01,7.2536846e+02
1068,1.0670000e-01,-4.1893105e+03,2.1826470e+01,6.9704097e+02
1069,1.0680000e-01,-4.1853842e+03,2.1898373e+01,6.6839545e+02
1070,1.0690000e-01,-4.1788317e+03,2.1643034e+01,6.3984341e+02
1071,1.0700000e-01,-4.1702020e+03,2.1144221e+01,6.1133266e+02
1072,1.0710000e-01,-4.1598158e+03,2.0642978e+01,5.8295890e+02
1073,1.0720000e-01,-4.1477622e+03,2.0138934e+01,5.5468955e+02
1074,1.0730000e-01,-4.1339918e+03,1.9578535e+01,5.2648919e+02
1075,1.0740000e-01,-4.1184100e+03,1.9060659e+01,4.9844664e+02
1076,1.0750000e-01,-4.1009469e+03,1.8470240e+01,4.7058375e+02
1077,1.0760000e-01,-4.0815283e+03,1.7846305e+01,4.4298194e+02
1078,1.0770000e-01,-4.0600678e+03,1.7100411e+01,4.1562377e+02
1079,1.0780000e-01,-4.0364594e+03,1.6234478e+01,3.8853883e+02
1080,1.0790000e-01,-4.0105783e+03,1.5247062e+01,3.6176052e+02
1081,1.0800000e-01,-3.9823003e+03,1.4084048e+01,3.3531057e+02
1082,1.0810000e-01,-3.9514611e+03,1.2751662e+01,3.0918513e+02
1083,1.0820000e-01,-3.9178922e+03,1.1245013e+01,2.8345918e+02
1084,1.0830000e-01,-3.8814391e+03,9.5223320e+00,2.5816552e+02
1085,1.0840000e-01,-3.8419432e+03,7.5328739e+00,2.3332978e+02
1086,1.0850000e-01,-3.7991825e+03,5.2822520e+00,2.0898879e+02
1087,1.0860000e-01,-3.7529891e+03,2.6924288e+00,1.8520704e+02
1088,1.0870000e-01,-3.7031306e+03,-2.2999065e-01,1.6197955e+02
1089,1.0880000e-01,-3.6493320e+03,-3.4861773e+00,1.3934848e+02
1090,1.0890000e-01,-3.5912758e+03,-7.0185852e+00,1.1737922e+02
1091,1.0900000e-01,-3.5286035e+03,-1.0685944e+01,9.6172388e+01
1092,1.0910000e-01,-3.4608713e+03,-1.4242622e+01,7.5831864e+01
1093,1.0920000e-01,-3.3876051e+03,-1.7481608e+01,5.6588062e+01
1094,1.0930000e-01,-3.3082998e+03,-2.0261230e+01,3.8627759e+01
1095,1.0940000e-01,-3.2225466e+03,-2.2811708e+01,2.2040002e+01
1096,1.0950000e-01,-3.1300353e+03,-2.5249165e+01,6.8954261e+00
1097,1.0960000e-01,-3.0305843e+03,-2.7745887e+01,-6.7311157e+00
1098,1.0970000e-01,-2.9239048e+03,-3.0305855e+01,-1.8852858e+01
1099,1.0980000e-01,-2.8096793e+03,-3.3100945e+01,-2.9470234e+01
1100,1.0990000e-01,-2.6875356e+03,-3.6032804e+01,-3.8586181e+01
1101,1.1000000e-01,-2.5571979e+03,-3.9058953e+01,-4.6086538e+01
1102,1.1010000e-01,-2.4184695e+03,-4.2301947e+01,-5.1957051e+01
1103,1.1020000e-01,-2.2711500e+03,-4.5650181e+01,-5.6154854e+01
1104,1.1030000e-01,-2.1151777e+03,-4.9097212e+01,-5.8601597e+01
1105,1.1040000e-01,-1.9504400e+03,-5.2556464e+01,-5.9338796e+01
1106,1.1050000e-01,-1.7769745e+03,-5.6126679e+01,-5.8411045e+01
1107,1.1060000e-01,-1.5948730e+03,-5.9792284e+01,-5.5936210e+01
1108,1.1070000e-01,-1.4045284e+03,-6.3618230e+01,-5.1951010e+01
1109,1.1080000e-01,-1.2064373e+03,-6.7462732e+01,-4.6551242e+01
1110,1.1090000e-01,-1.0012197e+03,-7.1305678e+01,-3.9880863e+01
1111,1.1100000e-01,-7.8972979e+02,-7.5115896e+01,-3.2058532e+01
1112,1.1110000e-01,-5.7287268e+02,-7.8849285e+01,-2.3366089e+01
1113,1.1120000e-01,-3.5168978e+02,-8.2495221e+01,-1.4044234e+01
1114,1.1130000e-01,-1.2735869e+02,-8.6027283e+01,-4.3478665e+00
1115,1.1140000e-01,9.8811891e+01,-8.9409812e+01,5.4509778e+00
1116,1.1150000e-01,3.2562052e+02,-9.2615417e+01,1.5012742e+01
1117,1.1160000e-01,5.5167259e+02,-9.5619906e+01,2.4134734e+01
1118,1.1170000e-01,7.7555917e+02,-9.8363191e+01,3.2553295e+01
1119,1.1180000e-01,9.9596645e+02,-1.0080198e+02,4.0023881e+01
1120,1.1190000e-01,1.2116282e+03,-1.0290091e+02,4.6322801e+01
1121,1.1200000e-01,1.4213928e+03,-1.0463031e+02,5.1254358e+01
1122,1.1210000e-01,1.6242585e+03,-1.0596670e+02,5.4657044e+01
1123,1.1220000e-01,1.8192733e+03,-1.0688298e+02,5.6451928e+01
1124,1.1230000e-01,2.0057925e+03,-1.0735637e+02,5.6490617e+01
1125,1.1240000e-01,2.1833902e+03,-1.0739618e+02,5.4718899e+01
1126,1.1250000e-01,2.3517770e+03,-1.0700366e+02,5.1120923e+01
1127,1.1260000e-01,2.5107931e+03,-1.0617594e+02,4.5709577e+01
1128,1.1270000e-01,2.6604215e+03,-1.0491101e+02,3.8522751e+01
1129,1.1280000e-01,2.8007293e+03,-1.0321144e+02,2.9617270e+01
1130,1.1290000e-01,2.9319641e+03,-1.0108836e+02,1.9030005e+01
1131,1.1300000e-01,3.0543430e+03,-9.8555465e+01,6.8873410e+00
1132,1.1310000e-01,3.1681411e+03,-9.5615072e+01,-6.7208588e+00
1133,1.1320000e-01,3.2737069e+03,-9.2276617e+01,-2.1699338e+01
1134,1.1330000e-01,3.3714262e+03,-8.8562845e+01,-3.7952781e+01
1135,1.1340000e-01,3.4617156e+03,-8.4492304e+01,-5.5379368e+01
1136,1.1350000e-01,3.5449548e+03,-8.0084619e+01,-7.3860514e+01
1137,1.1360000e-01,3.6215667e+03,-7.5515397e+01,-9.3615704e+01
1138,1.1370000e-01,3.6920696e+03,-7.0685957e+01,-1.1430276e+02
1139,1.1380000e-01,3.7568855e+03,-6.5597243e+01,-1.3577364e+02
1140,1.1390000e-01,3.8164099e+03,-6.0197986e+01,-1.5782762e+02
1141,1.1400000e-01,3.8709992e+03,-5.4551090e+01,-1.8050776e+02
1142,1.1410000e-01,3.9210420e+03,-4.9018675e+01,-2.0451021e+02
1143,1.1420000e-01,3.9668506e+03,-4.3352129e+01,-2.2896587e+02
1144,1.1430000e-01,4.0087116e+03,-3.7368364e+01,-2.5348012e+02
1145,1.1440000e-01,4.0468582e+03,-3.1132783e+01,-2.7827864e+02
1146,1.1450000e-01,4.0816391e+03,-2.5121227e+01,-3.0448489e+02
1147,1.1460000e-01,4.1132914e+03,-1.8904496e+01,-3.3083078e+02
1148,1.1470000e-01,4.1420211e+03,-1.2283239e+01,-3.5663000e+02
1149,1.1480000e-01,4.1679131e+03,-5.2664132e+00,-3.8233931e+02
1150,1.1490000e-01,4.1910359e+03,2.0588371e+00,-4.0812904e+02
1151,1.1500000e-01,4.2114983e+03,9.5813213e+00,-4.3398289e+02
1152,1.1510000e-01,4.2294048e+03,1.7270099e+01,-4.5989437e+02
1153,1.1520000e-01,4.2450717e+03,2.5004125e+01,-4.8542660e+02
1154,1.1530000e-01,4.2588233e+03,3.2583091e+01,-5.1103500e+02
1155,1.1540000e-01,4.2706312e+03,3.9993706e+01,-5.3680524e+02
1156,1.1550000e-01,4.2803446e+03,4.7237110e+01,-5.6271994e+02
1157,1.1560000e-01,4.2878685e+03,5.4280252e+01,-5.8873503e+02
1158,1.1570000e-01,4.2931381e+03,6.1093598e+01,-6.1479376e+02
1159,1.1580000e-01,4.2959853e+03,6.7650094e+01,-6.4109506e+02
1160,1.1590000e-01,4.2963253e+03,7.3974839e+01,-6.6694638e+02
1161,1.1600000e-01,4.2942363e+03,7.9967861e+01,-6.9262970e+02
1162,1.1610000e-01,4.2897235e+03,8.5626576e+01,-7.1769669e+02
1163,1.1620000e-01,4.2827779e+03,9.0905146e+01,-7.4268773e+02
1164,1.1630000e-01,4.2734925e+03,9.5970680e+01,-7.6697984e+02
1165,1.1640000e-01,4.2619097e+03,1.0100765e+02,-7.9024719e+02
1166,1.1650000e-01,4.2481099e+03,1.0616239e+02,-8.1224856e+02
1167,1.1660000e-01,4.2319683e+03,1.1124609e+02,-8.3387776e+02
1168,1.1670000e-01,4.2134351e+03,1.1613476e+02,-8.5522062e+02
1169,1.1680000e-01,4.1923962e+03,1.2063305e+02,-8.7627874e+02
1170,1.1690000e-01,4.1687168e+03,1.2471026e+02,-8.9707629e+02
1171,1.1700000e-01,4.1421878e+03,1.2831251e+02,-9.1761043e+02
1172,1.1710000e-01,4.1124895e+03,1.3130226e+02,-9.3765217e+02
1173,1.1720000e-01,4.0792024e+03,1.3362642e+02,-9.5705064e+02
1174,1.1730000e-01,4.0418996e+03,1.3533098e+02,-9.7545707e+02
1175,1.1740000e-01,4.0002442e+03,1.3647249e+02,-9.9233902e+02
1176,1.1750000e-01,3.9539200e+03,1.3701937e+02,-1.0073977e+03
1177,1.1760000e-01,3.9026836e+03,1.3710318e+02,-1.0203478e+03
1178,1.1770000e-01,3.8463319e+03,1.3680927e+02,-1.0309736e+03
1179,1.1780000e-01,3.7845633e+03,1.3604488e+02,-1.0391044e+03
1180,1.1790000e-01,3.7170243e+03,1.3489557e+02,-1.0445261e+03
1181,1.1800000e-01,3.6433580e+03,1.3338749e+02,-1.0470324e+03
1182,1.1810000e-01,3.5630774e+03,1.3145139e+02,-1.0463654e+03
1183,1.1820000e-01,3.4759518e+03,1.2908433e+02,-1.0423588e+03
1184,1.1830000e-01,3.3812441e+03,1.2623145e+02,-1.0346631e+03
1185,1.1840000e-01,3.2782178e+03,1.2294369e+02,-1.0229470e+03
1186,1.1850000e-01,3.1661115e+03,1.1924443e+02,-1.0068174e+03
1187,1.1860000e-01,3.0458413e+03,1.1894038e+02,-9.8275919e+02
1188,1.1870000e-01,2.9164869e+03,1.1765640e+02,-9.5247305e+02
1189,1.1880000e-01,2.7767458e+03,1.1479578e+02,-9.1688265e+02
1190,1.1890000e-01,2.6253392e+03,1.1049169e+02,-8.7622192e+02
1191,1.1900000e-01,2.4612922e+03,1.0502666e+02,-8.3038979e+02
1192,1.1910000e-01,2.2839094e+03,9.8807273e+01,-7.7909212e+02
1193,1.1920000e-01,2.0927988e+03,9.1822650e+01,-7.2212311e+02
1194,1.1930000e-01,1.8876935e+03,8.4352071e+01,-6.5924480e+02
1195,1.1940000e-01,1.6686418e+03,7.6236952e+01,-5.9044540e+02
1196,1.1950000e-01,1.4359796e+03,6.7699239e+01,-5.1577853e+02
1197,1.1960000e-01,1.1906061e+03,5.8836297e+01,-4.3559400e+02
1198,1.1970000e-01,9.3387393e+02,4.9659676e+01,-3.5044951e+02
1199,1.1980000e-01,6.6753666e+02,4.0480171e+01,-2.6102495e+02
1200,1.1990000e-01,3.9368846e+02,3.1184361e+01,-1.6827016e+02
1201,1.2000000e-01,1.1490284e+02,2.1947883e+01,-7.3335575e+01
1202,1.2010000e-01,-1.6615826e+02,1.2806721e+01,2.2657644e+01
1203,1.2020000e-01,-4.4673135e+02,3.9271388e+00,1.1849237e+02
1204,1.2030000e-01,-7.2402591e+02,-4.7576342e+00,2.1288355e+02
1205,1.2040000e-01,-9.9540915e+02,-1.3057630e+01,3.0469982e+02
1206,1.2050000e-01,-1.2584690e+03,-2.0892574e+01,3.9288596e+02
1207,1.2060000e-01,-1.5111993e+03,-2.8133744e+01,4.7657224e+02
1208,1.2070000e-01,-1.7519749e+03,-3.4779484e+01,5.5503731e+02
1209,1.2080000e-01,-1.9797375e+03,-4.0752929e+01,6.2786020e+02
1210,1.2090000e-01,-2.1936111e+03,-4.5983539e+01,6.9460481e+02
1211,1.2100000e-01,-2.3931226e+03,-5.0459181e+01,7.5505483e+02
1212,1.2110000e-01,-2.5781712e+03,-5.4162630e+01,8.0915885e+02
1213,1.2120000e-01,-2.7489690e+03,-5.7085279e+01,8.5699745e+02
1214,1.2130000e-01,-2.9059287e+03,-5.9237987e+01,8.9873728e+02
1215,1.2140000e-01,-3.0496134e+03,-6.0652940e+01,9.3461313e+02
1216,1.2150000e-01,-3.1807148e+03,-6.1373780e+01,9.6490888e+02
1217,1.2160000e-01,-3.2999951e+03,-6.1452489e+01,9.8994995e+02
1218,1.2170000e-01,-3.4082547e+03,-6.0937319e+01,1.0100761e+03
1219,1.2180000e-01,-3.5063146e+03,-5.9864511e+01,1.0256279e+03
1220,1.2190000e-01,-3.5949780e+03,-5.8311873e+01,1.0369485e+03
1221,1.2200000e-01,-3.6750144e+03,-5.6341480e+01,1.0443633e+03
1222,1.2210000e-01,-3.7471675e+03,-5.4007350e+01,1.0482103e+03
1223,1.2220000e-01,-3.8121403e+03,-5.1357574e+01,1.0488100e+03
1224,1.2230000e-01,-3.8705863e+03,-4.8436675e+01,1.0464629e+03
1225,1.2240000e-01,-3.9231051e+03,-4.5273684e+01,1.0414686e+03
1226,1.2250000e-01,-3.9702319e+03,-4.1916135e+01,1.0341073e+03
1227,1.2260000e-01,-4.0125061e+03,-3.8385262e+01,1.0246773e+03
1228,1.2270000e-01,-4.0504539e+03,-3.4686161e+01,1.0135077e+03
1229,1.2280000e-01,-4.0848369e+03,-3.0794315e+01,1.0009716e+03
1230,1.2290000e-01,-4.1162037e+03,-2.6710481e+01,9.8722773e+02
1231,1.2300000e-01,-4.1448603e+03,-2.2465505e+01,9.7234628e+02
1232,1.2310000e-01,-4.1709333e+03,-1.8108853e+01,9.5635837e+02
1233,1.2320000e-01,-4.1944209e+03,-1.3718973e+01,9.3922852e+02
1234,1.2330000e-01,-4.2153708e+03,-9.3746866e+00,9.2100276e+02
1235,1.2340000e-01,-4.2339456e+03,-5.0980176e+00,9.0174431e+02
1236,1.2350000e-01,-4.2502073e+03,-9.1762917e-01,8.8148090e+02
1237,1.2360000e-01,-4.2642644e+03,3.1083746e+00,8.6013026e+02
1238,1.2370000e-01,-4.2762123e+03,6.8839902e+00,8.3766251e+02
1239,1.2380000e-01,-4.2860745e+03,1.0329658e+01,8.1391105e+02
1240,1.2390000e-01,-4.2937286e+03,1.3327697e+01,7.8844531e+02
1241,1.2400000e-01,-4.2985988e+03,1.5687720e+01,7.6090230e+02
1242,1.2410000e-01,-4.2997492e+03,1.7285788e+01,7.3159140e+02
1243,1.2420000e-01,-4.2969398e+03,1.7997668e+01,7.0156615e+02
1244,1.2430000e-01,-4.2908078e+03,1.8087611e+01,6.7138923e+02
1245,1.2440000e-01,-4.2821690e+03,1.7873423e+01,6.4136523e+02
1246,1.2450000e-01,-4.2715830e+03,1.7536193e+01,6.1149228e+02
1247,1.2460000e-01,-4.2592534e+03,1.7106773e+01,5.8170479e+02
1248,1.2470000e-01,-4.2451219e+03,1.6712138e+01,5.5198946e+02
1249,1.2480000e-01,-4.2290658e+03,1.6375352e+01,5.2242337e+02
1250,1.2490000e-01,-4.2110119e+03,1.6058450e+01,4.9309058e+02
1251,1.2500000e-01,-4.1908790e+03,1.5686581e+01,4.6398589e+02
1252,1.2510000e-01,-4.1685333e+03,1.5268302e+01,4.3515069e+02
1253,1.2520000e-01,-4.1438842e+03,1.4712782e+01,4.0661090e+02
1254,1.2530000e-01,-4.1168248e+03,1.3964782e+01,3.7835174e+02
1255,1.2540000e-01,-4.0872157e+03,1.3049358e+01,3.5045020e+02
1256,1.2550000e-01,-4.0549376e+03,1.1939911e+01,3.2294248e+02
1257,1.2560000e-01,-4.0198307e+03,1.0607983e+01,2.9585806e+02
1258,1.2570000e-01,-3.9817002e+03,9.0678175e+00,2.6923917e+02
1259,1.2580000e-01,-3.9404013e+03,7.2500810e+00,2.4315487e+02
1260,1.2590000e-01,-3.8956876e+03,5.1592469e+00,2.1760197e+02
1261,1.2600000e-01,-3.8473281e+03,2.7213241e+00,1.9260661e+02
1262,1.2610000e-01,-3.7950703e+03,-5.9312371e-02,1.6821345e+02
1263,1.2620000e-01,-3.7386179e+03,-3.1683464e+00,1.4447829e+02
1264,1.2630000e-01,-3.6776477e+03,-6.5486947e+00,1.2147376e+02
1265,1.2640000e-01,-3.6117218e+03,-1.0042740e+01,9.9264411e+01
1266,1.2650000e-01,-3.5404259e+03,-1.3423836e+01,7.8060864e+01
1267,1.2660000e-01,-3.4632593e+03,-1.6541077e+01,5.8038946e+01
1268,1.2670000e-01,-3.3797331e+03,-1.9340981e+01,3.9358771e+01
1269,1.2680000e-01,-3.2894280e+03,-2.1915683e+01,2.2129775e+01
1270,1.2690000e-01,-3.1920633e+03,-2.4443394e+01,6.4658878e+00
1271,1.2700000e-01,-3.0873361e+03,-2.7027563e+01,-7.6429752e+00
1272,1.2710000e-01,-2.9749088e+03,-2.9692822e+01,-2.0151162e+01
1273,1.2720000e-01,-2.8543740e+03,-3.2609351e+01,-3.1096361e+01
1274,1.2730000e-01,-2.7254292e+03,-3.5695911e+01,-4.0371599e+01
1275,1.2740000e-01,-2.5877913e+03,-3.8874039e+01,-4.7909290e+01
1276,1.2750000e-01,-2.4412464e+03,-4.2279440e+01,-5.3697308e+01
1277,1.2760000e-01,-2.2856753e+03,-4.5799527e+01,-5.7634959e+01
1278,1.2770000e-01,-2.1209209e+03,-4.9414757e+01,-5.9765862e+01
1279,1.2780000e-01,-1.9468909e+03,-5.3071019e+01,-6.0084687e+01
1280,1.2790000e-01,-1.7636861e+03,-5.6859000e+01,-5.8646143e+01
1281,1.2800000e-01,-1.5714629e+03,-6.0755336e+01,-5.5582271e+01
1282,1.2810000e-01,-1.3706992e+03,-6.4822909e+01,-5.0945882e+01
1283,1.2820000e-01,-1.1619900e+03,-6.8909885e+01,-4.4855017e+01
1284,1.2830000e-01,-9.4606680e+02,-7.2994454e+01,-3.7480472e+01
1285,1.2840000e-01,-7.2391232e+02,-7.7040877e+01,-2.8964066e+01
1286,1.2850000e-01,-4.9656345e+02,-8.1001722e+01,-1.9617796e+01
1287,1.2860000e-01,-2.6519751e+02,-8.4861923e+01,-9.7105780e+00
1288,1.2870000e-01,-3.1127432e+01,-8.8591670e+01,4.7329818e-01
1289,1.2880000e-01,2.0420790e+02,-9.2152391e+01,1.0634647e+01
1290,1.2890000e-01,4.3949584e+02,-9.5514170e+01,2.0408792e+01
1291,1.2900000e-01,6.7324039e+02,-9.8649873e+01,2.9579269e+01
1292,1.2910000e-01,9.0398388e+02,-1.0149722e+02,3.7875587e+01
1293,1.2920000e-01,1.1303138e+03,-1.0400842e+02,4.5044645e+01
1294,1.2930000e-01,1.3509315e+03,-1.0614620e+02,5.0860572e+01
1295,1.2940000e-01,1.5646924e+03,-1.0788191e+02,5.5132677e+01
1296,1.2950000e-01,1.7705036e+03,-1.0918403e+02,5.7757805e+01
1297,1.2960000e-01,1.9675979e+03,-1.1002575e+02,5.8563266e+01
1298,1.2970000e-01,2.1554461e+03,-1.1041379e+02,5.7472470e+01
1299,1.2980000e-01,2.3336725e+03,-1.1034781e+02,5.4455076e+01
1300,1.2990000e-01,2.5020476e+03,-1.0982284e+02,4.9513836e+01
1301,1.3000000e-01,2.6604842e+03,-1.0883464e+02,4.2679913e+01
1302,1.3010000e-01,2.8090428e+03,-1.0738450e+02,3.4008325e+01
1303,1.3020000e-01,2.9479582e+03,-1.0548353e+02,2.3534584e+01
1304,1.3030000e-01,3.0774337e+03,-1.0314295e+02,1.1390388e+01
1305,1.3040000e-01,3.1977430e+03,-1.0036395e+02,-2.3284148e+00
1306,1.3050000e-01,3.3092462e+03,-9.7156495e+01,-1.7522364e+01
1307,1.3060000e-01,3.4123447e+03,-9.3543269e+01,-3.4090011e+01
1308,1.3070000e-01,3.5074911e+03,-8.9543606e+01,-5.1920499e+01
1309,1.3080000e-01,3.5950935e+03,-8.5176685e+01,-7.0881995e+01
1310,1.3090000e-01,3.6756449e+03,-8.0472305e+01,-9.0932513e+01
1311,1.3100000e-01,3.7496455e+03,-7.5629413e+01,-1.1228357e+02
1312,1.3110000e-01,3.8175466e+03,-7.0531397e+01,-1.3450892e+02
1313,1.3120000e-01,3.8797853e+03,-6.5105201e+01,-1.5736795e+02
1314,1.3130000e-01,3.9367545e+03,-5.9385216e+01,-1.8088517e+02
1315,1.3140000e-01,3.9888794e+03,-5.3808994e+01,-2.0581106e+02
1316,1.3150000e-01,4.0365496e+03,-4.7940962e+01,-2.3089658e+02
1317,1.3160000e-01,4.0800220e+03,-4.1812307e+01,-2.5636114e+02
1318,1.3170000e-01,4.1195224e+03,-3.5435640e+01,-2.8214522e+02
1319,1.3180000e-01,4.1554349e+03,-2.9298422e+01,-3.0942687e+02
1320,1.3190000e-01,4.1881564e+03,-2.2688490e+01,-3.3610583e+02
1321,1.3200000e-01,4.2177545e+03,-1.5747114e+01,-3.6282262e+02
1322,1.3210000e-01,4.2442944e+03,-8.4186163e+00,-3.8963400e+02
1323,1.3220000e-01,4.2678793e+03,-7.8508940e-01,-4.1650828e+02
1324,1.3230000e-01,4.2891934e+03,6.9103322e+00,-4.4375060e+02
1325,1.3240000e-01,4.3085997e+03,1.4659795e+01,-4.7098322e+02
1326,1.3250000e-01,4.3258257e+03,2.2413775e+01,-4.9808526e+02
1327,1.3260000e-01,4.3407088e+03,3.0129701e+01,-5.2501694e+02
1328,1.3270000e-01,4.3531185e+03,3.7837222e+01,-5.5188627e+02
1329,1.3280000e-01,4.3629727e+03,4.5534648e+01,-5.7871928e+02
1330,1.3290000e-01,4.3702585e+03,5.3142622e+01,-6.0553022e+02
1331,1.3300000e-01,4.3748429e+03,6.0681399e+01,-6.3211293e+02
1332,1.3310000e-01,4.3767602e+03,6.8051424e+01,-6.5854669e+02
1333,1.3320000e-01,4.3761143e+03,7.5111571e+01,-6.8491863e+02
1334,1.3330000e-01,4.3728853e+03,8.1832832e+01,-7.1092733e+02
1335,1.3340000e-01,4.3669810e+03,8.8062737e+01,-7.3699874e+02
1336,1.3350000e-01,4.3584548e+03,9.3829180e+01,-7.6263513e+02
1337,1.3360000e-01,4.3473532e+03,9.9107023e+01,-7.8808105e+02
1338,1.3370000e-01,4.3337302e+03,1.0405812e+02,-8.1291738e+02
1339,1.3380000e-01,4.3176244e+03,1.0889110e+02,-8.3664474e+02
1340,1.3390000e-01,4.2992649e+03,1.1413066e+02,-8.5852708e+02
1341,1.3400000e-01,4.2784725e+03,1.1938061e+02,-8.7993448e+02
1342,1.3410000e-01,4.2550495e+03,1.2438529e+02,-9.0124178e+02
1343,1.3420000e-01,4.2287019e+03,1.2894368e+02,-9.2243146e+02
1344,1.3430000e-01,4.1990071e+03,1.3282210e+02,-9.4327542e+02
1345,1.3440000e-01,4.1655630e+03,1.3603258e+02,-9.6333909e+02
1346,1.3450000e-01,4.1280597e+03,1.3864047e+02,-9.8218616e+02
1347,1.3460000e-01,4.0862018e+03,1.4059966e+02,-9.9956777e+02
1348,1.3470000e-01,4.0398397e+03,1.4201605e+02,-1.0152040e+03
1349,1.3480000e-01,3.9888027e+03,1.4297645e+02,-1.0288855e+03
1350,1.3490000e-01,3.9328583e+03,1.4344174e+02,-1.0404457e+03
1351,1.3500000e-01,3.8717039e+03,1.4338571e+02,-1.0497008e+03
1352,1.3510000e-01,3.8049320e+03,1.4288871e+02,-1.0564196e+03
1353,1.3520000e-01,3.7321357e+03,1.4197357e+02,-1.0603435e+03
1354,1.3530000e-01,3.6527527e+03,1.4057482e+02,-1.0611806e+03
1355,1.3540000e-01,3.5665173e+03,1.3868883e+02,-1.0587211e+03
1356,1.3550000e-01,3.4726815e+03,1.3626628e+02,-1.0526027e+03
1357,1.3560000e-01,3.3704785e+03,1.3335862e+02,-1.0424634e+03
1358,1.3570000e-01,3.2590993e+03,1.2994683e+02,-1.0278976e+03
1359,1.3580000e-01,3.1396123e+03,1.2980577e+02,-1.0051049e+03
1360,1.3590000e-01,3.0110771e+03,1.2842881e+02,-9.7589342e+02
1361,1.3600000e-01,2.8720544e+03,1.2527003e+02,-9.4128443e+02
1362,1.3610000e-01,2.7212547e+03,1.2052890e+02,-9.0159513e+02
1363,1.3620000e-01,2.5574957e+03,1.1452505e+02,-8.5666089e+02
1364,1.3630000e-01,2.3799700e+03,1.0772846e+02,-8.0615407e+02
1365,1.3640000e-01,2.1882034e+03,1.0012734e+02,-7.4982131e+02
1366,1.3650000e-01,1.9818533e+03,9.2023213e+01,-6.8737779e+02
1367,1.3660000e-01,1.7608937e+03,8.3258004e+01,-6.1876310e+02
1368,1.3670000e-01,1.5257186e+03,7.4065890e+01,-5.4404314e+02
1369,1.3680000e-01,1.2770176e+03,6.4535801e+01,-4.6344440e+02
1370,1.3690000e-01,1.0160861e+03,5.4765110e+01,-3.7748982e+02
1371,1.3700000e-01,7.4471252e+02,4.4911284e+01,-2.8689081e+02
1372,1.3710000e-01,4.6498430e+02,3.4961628e+01,-1.9257535e+02
1373,1.3720000e-01,1.7946026e+02,2.5089910e+01,-9.5654842e+01
1374,1.3730000e-01,-1.0889688e+02,1.5345688e+01,2.5616780e+00
1375,1.3740000e-01,-3.9716583e+02,5.8690819e+00,1.0083167e+02
1376,1.3750000e-01,-6.8245450e+02,-3.4054644e+00,1.9781525e+02
1377,1.3760000e-01,-9.6199332e+02,-1.2274323e+01,2.9232214e+02
1378,1.3770000e-01,-1.2332192e+03,-2.0651092e+01,3.8322965e+02
1379,1.3780000e-01,-1.4939813e+03,-2.8400953e+01,4.6960300e+02
1380,1.3790000e-01,-1.7425249e+03,-3.5522555e+01,5.5066199e+02
1381,1.3800000e-01,-1.9776886e+03,-4.1934355e+01,6.2594066e+02
1382,1.3810000e-01,-2.1985105e+03,-4.7560296e+01,6.9496437e+02
1383,1.3820000e-01,-2.4044500e+03,-5.2424264e+01,7.5747959e+02
1384,1.3830000e-01,-2.5954024e+03,-5.6423019e+01,8.1344333e+02
1385,1.3840000e-01,-2.7715545e+03,-5.9601502e+01,8.6291888e+02
1386,1.3850000e-01,-2.9333189e+03,-6.1965354e+01,9.0607219e+02
1387,1.3860000e-01,-3.0812758e+03,-6.3547068e+01,9.4314488e+02
1388,1.3870000e-01,-3.2161467e+03,-6.4393218e+01,9.7443163e+02
1389,1.3880000e-01,-3.3387287e+03,-6.4556302e+01,1.0002721e+03
1390,1.3890000e-01,-3.4498607e+03,-6.4087224e+01,1.0210212e+03
1391,1.3900000e-01,-3.5504032e+03,-6.3025559e+01,1.0370349e+03
1392,1.3910000e-01,-3.6411891e+03,-6.1458721e+01,1.0486692e+03
1393,1.3920000e-01,-3.7230457e+03,-5.9437808e+01,1.0562676e+03
1394,1.3930000e-01,-3.7967405e+03,-5.7030597e+01,1.0601794e+03
1395,1.3940000e-01,-3.8630043e+03,-5.4287368e+01,1.0607343e+03
1396,1.3950000e-01,-3.9225180e+03,-5.1256972e+01,1.0582427e+03
1397,1.3960000e-01,-3.9759071e+03,-4.7972407e+01,1.0530213e+03
1398,1.3970000e-01,-4.0237327e+03,-4.4482309e+01,1.0453538e+03
1399,1.3980000e-01,-4.0665571e+03,-4.0810884e+01,1.0355635e+03
1400,1.3990000e-01,-4.1049415e+03,-3.6961829e+01,1.0239850e+03
1401,1.4000000e-01,-4.1396745e+03,-3.2910756e+01,1.0110324e+03
1402,1.4010000e-01,-4.1713408e+03,-2.8651663e+01,9.9686086e+02
1403,1.4020000e-01,-4.2002086e+03,-2.4220979e+01,9.8153018e+02
1404,1.4030000e-01,-4.2263866e+03,-1.9666936e+01,9.6507211e+02
1405,1.4040000e-01,-4.2498509e+03,-1.5085492e+01,9.4743984e+02
1406,1.4050000e-01,-4.2707053e+03,-1.0526361e+01,9.2869379e+02
1407,1.4060000e-01,-4.2891151e+03,-6.0353441e+00,9.0889435e+02
1408,1.4070000e-01,-4.3051483e+03,-1.6472849e+00,8.8805761e+02
1409,1.4080000e-01,-4.3189270e+03,2.5820892e+00,8.6610795e+02
1410,1.4090000e-01,-4.3305311e+03,6.5506156e+00,8.4299656e+02
1411,1.4100000e-01,-4.3399704e+03,1.0167028e+01,8.1856371e+02
1412,1.4110000e-01,-4.3470724e+03,1.3296177e+01,7.9220315e+02
1413,1.4120000e-01,-4.3510584e+03,1.5736288e+01,7.6343673e+02
1414,1.4130000e-01,-4.3510094e+03,1.7287277e+01,7.3317691e+02
1415,1.4140000e-01,-4.3469194e+03,1.7950199e+01,7.0239108e+02
1416,1.4150000e-01,-4.3395832e+03,1.8073088e+01,6.7163003e+02
1417,1.4160000e-01,-4.3298635e+03,1.7835246e+01,6.4094469e+02
1418,1.4170000e-01,-4.3182033e+03,1.7560838e+01,6.1036468e+02
1419,1.4180000e-01,-4.3047173e+03,1.7227342e+01,5.7984278e+02
1420,1.4190000e-01,-4.2893829e+03,1.6863740e+01,5.4943571e+02
1421,1.4200000e-01,-4.2721083e+03,1.6568589e+01,5.1924064e+02
1422,1.4210000e-01,-4.2527314e+03,1.6336236e+01,4.8927290e+02
1423,1.4220000e-01,-4.2311422e+03,1.6057201e+01,4.5956552e+02
1424,1.4230000e-01,-4.2072412e+03,1.5645143e+01,4.3014267e+02
1425,1.4240000e-01,-4.1808994e+03,1.5085353e+01,4.0100098e+02
1426,1.4250000e-01,-4.1519943e+03,1.4353801e+01,3.7221511e+02
1427,1.4260000e-01,-4.1204238e+03,1.3401389e+01,3.4381465e+02
1428,1.4270000e-01,-4.0860453e+03,1.2248326e+01,3.1583968e+02
1429,1.4280000e-01,-4.0486641e+03,1.0891994e+01,2.8833054e+02
1430,1.4290000e-01,-4.0081285e+03,9.2672609e+00,2.6135802e+02
1431,1.4300000e-01,-3.9642175e+03,7.3774525e+00,2.3492040e+02
1432,1.4310000e-01,-3.9166914e+03,5.1433121e+00,2.0904164e+02
1433,1.4320000e-01,-3.8652822e+03,2.5609823e+00,1.8376528e+02
1434,1.4330000e-01,-3.8097304e+03,-3.8310255e-01,1.5913968e+02
1435,1.4340000e-01,-3.7497137e+03,-3.6371583e+00,1.3523286e+02
1436,1.4350000e-01,-3.6848201e+03,-7.0720774e+00,1.1209654e+02
1437,1.4360000e-01,-3.6146140e+03,-1.0537022e+01,8.9917513e+01
1438,1.4370000e-01,-3.5386533e+03,-1.3802914e+01,6.8872822e+01
1439,1.4380000e-01,-3.4564281e+03,-1.6818213e+01,4.9122615e+01
1440,1.4390000e-01,-3.3674507e+03,-1.9518441e+01,3.0820910e+01
1441,1.4400000e-01,-3.2713860e+03,-2.2125685e+01,1.4095242e+01
1442,1.4410000e-01,-3.1679009e+03,-2.4743792e+01,-1.0505873e+00
1443,1.4420000e-01,-3.0566640e+03,-2.7536176e+01,-1.4593225e+01
1444,1.4430000e-01,-2.9373252e+03,-3.0408745e+01,-2.6462669e+01
1445,1.4440000e-01,-2.8094602e+03,-3.3525133e+01,-3.6690596e+01
1446,1.4450000e-01,-2.6727604e+03,-3.6745078e+01,-4.5147770e+01
1447,1.4460000e-01,-2.5269959e+03,-4.0141389e+01,-5.1798951e+01
1448,1.4470000e-01,-2.3720382e+03,-4.3753608e+01,-5.6566594e+01
1449,1.4480000e-01,-2.2076995e+03,-4.7455805e+01,-5.9476318e+01
1450,1.4490000e-01,-2.0338459e+03,-5.1200844e+01,-6.0511470e+01
1451,1.4500000e-01,-1.8505351e+03,-5.5086330e+01,-5.9717867e+01
1452,1.4510000e-01,-1.6578806e+03,-5.9091538e+01,-5.7220533e+01
1453,1.4520000e-01,-1.4563194e+03,-6.3281513e+01,-5.3062427e+01
1454,1.4530000e-01,-1.2464090e+03,-6.7504670e+01,-4.7353809e+01
1455,1.4540000e-01,-1.0288486e+03,-7.1738455e+01,-4.0259141e+01
1456,1.4550000e-01,-8.0459728e+02,-7.5947170e+01,-3.1916581e+01
1457,1.4560000e-01,-5.7467794e+02,-8.0081962e+01,-2.2637324e+01
1458,1.4570000e-01,-3.4026553e+02,-8.4127842e+01,-1.2694825e+01
1459,1.4580000e-01,-1.0268414e+02,-8.8054328e+01,-2.3777356e+00
1460,1.4590000e-01,1.3660193e+02,-9.1821361e+01,8.0073097e+00
1461,1.4600000e-01,3.7624434e+02,-9.5397659e+01,1.8083332e+01
1462,1.4610000e-01,6.1469690e+02,-9.8754522e+01,2.7622270e+01
1463,1.4620000e-01,8.5040930e+02,-1.0182612e+02,3.6336698e+01
1464,1.4630000e-01,1.0819468e+03,-1.0456398e+02,4.3960004e+01
1465,1.4640000e-01,1.3079429e+03,-1.0692865e+02,5.0251282e+01
1466,1.4650000e-01,1.5271701e+03,-1.0888767e+02,5.5003273e+01
1467,1.4660000e-01,1.7384531e+03,-1.1040663e+02,5.8099353e+01
1468,1.4670000e-01,1.9409543e+03,-1.1145649e+02,5.9350810e+01
1469,1.4680000e-01,2.1340846e+03,-1.1204313e+02,5.8669013e+01
1470,1.4690000e-01,2.3174177e+03,-1.1216502e+02,5.6014543e+01
1471,1.4700000e-01,2.4906823e+03,-1.1181597e+02,5.1383535e+01
1472,1.4710000e-01,2.6537585e+03,-1.1099074e+02,4.4802637e+01
1473,1.4720000e-01,2.8066841e+03,-1.0968913e+02,3.6324451e+01
1474,1.4730000e-01,2.9495897e+03,-1.0791588e+02,2.6021057e+01
1475,1.4740000e-01,3.0827945e+03,-1.0568170e+02,1.3944072e+01
1476,1.4750000e-01,3.2065821e+03,-1.0300649e+02,2.3379171e-01
1477,1.4760000e-01,3.3212941e+03,-9.9891662e+01,-1.5006230e+01
1478,1.4770000e-01,3.4273282e+03,-9.6355178e+01,-3.1671960e+01
1479,1.4780000e-01,3.5251423e+03,-9.2414996e+01,-4.9647426e+01
1480,1.4790000e-01,3.6151539e+03,-8.8088618e+01,-6.8791719e+01
1481,1.4800000e-01,3.6978706e+03,-8.3409040e+01,-8.9067427e+01
1482,1.4810000e-01,3.7738101e+03,-7.8585934e+01,-1.1069703e+02
1483,1.4820000e-01,3.8434399e+03,-7.3494050e+01,-1.3323432e+02
1484,1.4830000e-01,3.9072129e+03,-6.8061505e+01,-1.5643172e+02
1485,1.4840000e-01,3.9655379e+03,-6.2320753e+01,-1.8030919e+02
1486,1.4850000e-01,4.0188588e+03,-5.6727074e+01,-2.0565003e+02
1487,1.4860000e-01,4.0675804e+03,-5.0821189e+01,-2.3113841e+02
1488,1.4870000e-01,4.1119701e+03,-4.4639232e+01,-2.5701815e+02
1489,1.4880000e-01,4.1522626e+03,-3.8196612e+01,-2.8322682e+02
1490,1.4890000e-01,4.1888593e+03,-3.1997409e+01,-3.1098031e+02
1491,1.4900000e-01,4.2221707e+03,-2.5310105e+01,-3.3810385e+02
1492,1.4910000e-01,4.2522683e+03,-1.8267072e+01,-3.6526026e+02
1493,1.4920000e-01,4.2792222e+03,-1.0812377e+01,-3.9249114e+02
1494,1.4930000e-01,4.3031369e+03,-3.0321650e+00,-4.1980482e+02
1495,1.4940000e-01,4.3247380e+03,4.8198940e+00,-4.4752931e+02
1496,1.4950000e-01,4.3443938e+03,1.2727290e+01,-4.7519015e+02
1497,1.4960000e-01,4.3618099e+03,2.0650947e+01,-5.0269783e+02
1498,1.4970000e-01,4.3768171e+03,2.8547638e+01,-5.3003888e+02
1499,1.4980000e-01,4.3892789e+03,3.6451042e+01,-5.5728612e+02
1500,1.4990000e-01,4.3991149e+03,4.4358466e+01,-5.8450107e+02
1501,1.5000000e-01,4.4063154e+03,5.2186539e+01,-6.1168919e+02
1502,1.5010000e-01,4.4108884e+03,5.9869772e+01,-6.3882344e+02
1503,1.5020000e-01,4.4127539e+03,6.7430150e+01,-6.6567596e+02
1504,1.5030000e-01,4.4119152e+03,7.4728736e+01,-6.9235634e+02
1505,1.5040000e-01,4.4084291e+03,8.1626917e+01,-7.1888726e+02
1506,1.5050000e-01,4.4023049e+03,8.8115813e+01,-7.4511074e+02
1507,1.5060000e-01,4.3934791e+03,9.4101424e+01,-7.7131599e+02
1508,1.5070000e-01,4.3819856e+03,9.9599732e+01,-7.9713407e+02
1509,1.5080000e-01,4.3678349e+03,1.0478549e+02,-8.2226125e+02
1510,1.5090000e-01,4.3510830e+03,1.0986903e+02,-8.4616729e+02
1511,1.5100000e-01,4.3319706e+03,1.1535304e+02,-8.6826104e+02
1512,1.5110000e-01,4.3103639e+03,1.2086528e+02,-8.8986147e+02
1513,1.5120000e-01,4.2860110e+03,1.2612030e+02,-9.1149337e+02
1514,1.5130000e-01,4.2586395e+03,1.3086213e+02,-9.3306044e+02
1515,1.5140000e-01,4.2277134e+03,1.3487268e+02,-9.5432731e+02
1516,1.5150000e-01,4.1926802e+03,1.3818317e+02,-9.7455544e+02
1517,1.5160000e-01,4.1533048e+03,1.4090619e+02,-9.9322359e+02
1518,1.5170000e-01,4.1094614e+03,1.4301414e+02,-1.0102125e+03
1519,1.5180000e-01,4.0610836e+03,1.4461612e+02,-1.0253971e+03
1520,1.5190000e-01,4.0080447e+03,1.4577147e+02,-1.0386117e+03
1521,1.5200000e-01,3.9500627e+03,1.4638398e+02,-1.0497056e+03
1522,1.5210000e-01,3.8867430e+03,1.4653404e+02,-1.0584508e+03
1523,1.5220000e-01,3.8177019e+03,1.4620538e+02,-1.0646105e+03
1524,1.5230000e-01,3.7424164e+03,1.4543550e+02,-1.0678920e+03
1525,1.5240000e-01,3.6603738e+03,1.4414823e+02,-1.0680127e+03
1526,1.5250000e-01,3.5712493e+03,1.4230559e+02,-1.0647373e+03
1527,1.5260000e-01,3.4742443e+03,1.3996372e+02,-1.0576644e+03
1528,1.5270000e-01,3.3685481e+03,1.3710240e+02,-1.0464171e+03
1529,1.5280000e-01,3.2533323e+03,1.3375088e+02,-1.0305649e+03
1530,1.5290000e-01,3.1296963e+03,1.3361224e+02,-1.0062071e+03
1531,1.5300000e-01,2.9966734e+03,1.3217140e+02,-9.7519631e+02
1532,1.5310000e-01,2.8528135e+03,1.2888059e+02,-9.3860291e+02
1533,1.5320000e-01,2.6966930e+03,1.2395151e+02,-8.9672078e+02
1534,1.5330000e-01,2.5272224e+03,1.1772898e+02,-8.4944789e+02
1535,1.5340000e-01,2.3436356e+03,1.1068956e+02,-7.9645875e+02
1536,1.5350000e-01,2.1454891e+03,1.0282719e+02,-7.3751732e+02
1537,1.5360000e-01,1.9325023e+03,9.4453688e+01,-6.7236130e+02
1538,1.5370000e-01,1.7047365e+03,8.5334767e+01,-6.0098939e+02
1539,1.5380000e-01,1.4627153e+03,7.5889900e+01,-5.2349036e+02
1540,1.5390000e-01,1.2072742e+03,6.6018118e+01,-4.4018321e+02
1541,1.5400000e-01,9.3987599e+02,5.5932592e+01,-3.5165251e+02
1542,1.5410000e-01,6.6244564e+02,4.5855793e+01,-2.5865551e+02
1543,1.5420000e-01,3.7730474e+02,3.5658999e+01,-1.6224376e+02
1544,1.5430000e-01,8.7184977e+01,2.5542747e+01,-6.3598811e+01
1545,1.5440000e-01,-2.0483169e+02,1.5566035e+01,3.5914719e+01
1546,1.5450000e-01,-4.9574727e+02,5.8762538e+00,1.3500188e+02
1547,1.5460000e-01,-7.8266001e+02,-3.5965548e+00,2.3235677e+02
1548,1.5470000e-01,-1.0627888e+03,-1.2629238e+01,3.2677148e+02
1549,1.5480000e-01,-1.3336611e+03,-2.1138396e+01,4.1716141e+02
1550,1.5490000e-01,-1.5931729e+03,-2.8989502e+01,5.0262066e+02
1551,1.5500000e-01,-1.8396901e+03,-3.6181438e+01,5.8242626e+02
1552,1.5510000e-01,-2.0721869e+03,-4.2633744e+01,6.5617304e+02
1553,1.5520000e-01,-2.2899061e+03,-4.8362883e+01,7.2341185e+02
1554,1.5530000e-01,-2.4924415e+03,-5.3217137e+01,7.8401819e+02
1555,1.5540000e-01,-2.6797065e+03,-5.7169906e+01,8.3800320e+02
1556,1.5550000e-01,-2.8520532e+03,-6.0290345e+01,8.8546111e+02
1557,1.5560000e-01,-3.0100092e+03,-6.2594699e+01,9.2659548e+02
1558,1.5570000e-01,-3.1542310e+03,-6.4115608e+01,9.6167073e+02
1559,1.5580000e-01,-3.2854912e+03,-6.4902403e+01,9.9100776e+02
1560,1.5590000e-01,-3.4046212e+03,-6.5008641e+01,1.0149616e+03
1561,1.5600000e-01,-3.5124835e+03,-6.4487892e+01,1.0338917e+03
1562,1.5610000e-01,-3.6099495e+03,-6.3382272e+01,1.0481667e+03
1563,1.5620000e-01,-3.6978557e+03,-6.1779745e+01,1.0581455e+03
1564,1.5630000e-01,-3.7770296e+03,-5.9731241e+01,1.0641753e+03
1565,1.5640000e-01,-3.8482320e+03,-5.7303895e+01,1.0666066e+03
1566,1.5650000e-01,-3.9121859e+03,-5.4546913e+01,1.0657664e+03
1567,1.5660000e-01,-3.9695583e+03,-5.1507149e+01,1.0619785e+03
1568,1.5670000e-01,-4.0209518e+03,-4.8222771e+01,1.0555466e+03
1569,1.5680000e-01,-4.0669389e+03,-4.4714249e+01,1.0467719e+03
1570,1.5690000e-01,-4.1080980e+03,-4.1018278e+01,1.0359835e+03
1571,1.5700000e-01,-4.1451345e+03,-3.7131439e+01,1.0235932e+03
1572,1.5710000e-01,-4.1787284e+03,-3.3015134e+01,1.0098793e+03
1573,1.5720000e-01,-4.2093304e+03,-2.8696155e+01,9.9495569e+02
1574,1.5730000e-01,-4.2371426e+03,-2.4223347e+01,9.7886903e+02
1575,1.5740000e-01,-4.2621842e+03,-1.9648196e+01,9.6158900e+02
1576,1.5750000e-01,-4.2845096e+03,-1.5078910e+01,9.4316664e+02
1577,1.5760000e-01,-4.3042943e+03,-1.0538939e+01,9.2366940e+02
1578,1.5770000e-01,-4.3216439e+03,-6.0706894e+00,9.0309689e+02
1579,1.5780000e-01,-4.3365975e+03,-1.7267224e+00,8.8146448e+02
1580,1.5790000e-01,-4.3492726e+03,2.4342363e+00,8.5872136e+02
1581,1.5800000e-01,-4.3597682e+03,6.3026858e+00,8.3473087e+02
1582,1.5810000e-01,-4.3680421e+03,9.7593773e+00,8.0914140e+02
1583,1.5820000e-01,-4.3736183e+03,1.2634600e+01,7.8131998e+02
1584,1.5830000e-01,-4.3755392e+03,1.4714970e+01,7.5132639e+02
1585,1.5840000e-01,-4.3731885e+03,1.5871972e+01,7.2034520e+02
1586,1.5850000e-01,-4.3670803e+03,1.6206778e+01,6.8910514e+02
1587,1.5860000e-01,-4.3581389e+03,1.6137867e+01,6.5799931e+02
1588,1.5870000e-01,-4.3470917e+03,1.5902004e+01,6.2704572e+02
1589,1.5880000e-01,-4.3342360e+03,1.5537976e+01,5.9618030e+02
1590,1.5890000e-01,-4.3195345e+03,1.5216572e+01,5.6539145e+02
1591,1.5900000e-01,-4.3028722e+03,1.4990146e+01,5.3480006e+02
1592,1.5910000e-01,-4.2841325e+03,1.4802263e+01,5.0441657e+02
1593,1.5920000e-01,-4.2631964e+03,1.4575863e+01,4.7427227e+02
1594,1.5930000e-01,-4.2399193e+03,1.4303057e+01,4.4441293e+02
1595,1.5940000e-01,-4.2141936e+03,1.3872552e+01,4.1482535e+02
1596,1.5950000e-01,-4.1859219e+03,1.3283733e+01,3.8558985e+02
1597,1.5960000e-01,-4.1550010e+03,1.2479003e+01,3.5673433e+02
1598,1.5970000e-01,-4.1212863e+03,1.1487752e+01,3.2830219e+02
1599,1.5980000e-01,-4.0846063e+03,1.0271908e+01,3.0032612e+02
1600,1.5990000e-01,-4.0448099e+03,8.7979032e+00,2.7288030e+02
1601,1.6000000e-01,-4.0016777e+03,7.0695014e+00,2.4596449e+02
1602,1.6010000e-01,-3.9549717e+03,5.0063123e+00,2.1960328e+02
1603,1.6020000e-01,-3.9044267e+03,2.6033269e+00,1.9384048e+02
1604,1.6030000e-01,-3.8497872e+03,-1.6088918e-01,1.6872299e+02
1605,1.6040000e-01,-3.7907415e+03,-3.2398922e+00,1.4431719e+02
1606,1.6050000e-01,-3.7268758e+03,-6.5410144e+00,1.2066531e+02
1607,1.6060000e-01,-3.6577932e+03,-9.9135366e+00,9.7944365e+01
1608,1.6070000e-01,-3.5830435e+03,-1.3205731e+01,7.6309001e+01
1609,1.6080000e-01,-3.5021256e+03,-1.6197656e+01,5.5946041e+01
1610,1.6090000e-01,-3.4145365e+03,-1.8984835e+01,3.6986361e+01
1611,1.6100000e-01,-3.3199198e+03,-2.1619865e+01,1.9588366e+01
1612,1.6110000e-01,-3.2179191e+03,-2.4220402e+01,3.7694495e+00
1613,1.6120000e-01,-3.1081768e+03,-2.6908327e+01,-1.0425182e+01
1614,1.6130000e-01,-2.9903363e+03,-2.9692335e+01,-2.2936900e+01
1615,1.6140000e-01,-2.8639735e+03,-3.2737314e+01,-3.3798525e+01
1616,1.6150000e-01,-2.7287793e+03,-3.5958646e+01,-4.2896598e+01
1617,1.6160000e-01,-2.5844714e+03,-3.9277314e+01,-5.0163008e+01
1618,1.6170000e-01,-2.4308467e+03,-4.2835101e+01,-5.5586185e+01
1619,1.6180000e-01,-2.2678088e+03,-4.6516148e+01,-5.9066950e+01
1620,1.6190000e-01,-2.0952027e+03,-5.0301806e+01,-6.0659492e+01
1621,1.6200000e-01,-1.9130164e+03,-5.4132365e+01,-6.0371409e+01
1622,1.6210000e-01,-1.7213127e+03,-5.8105622e+01,-5.8334271e+01
1623,1.6220000e-01,-1.5204781e+03,-6.2206521e+01,-5.4565675e+01
1624,1.6230000e-01,-1.3110392e+03,-6.6462306e+01,-4.9204172e+01
1625,1.6240000e-01,-1.0936623e+03,-7.0725642e+01,-4.2392509e+01
1626,1.6250000e-01,-8.6918636e+02,-7.4977017e+01,-3.4328560e+01
1627,1.6260000e-01,-6.3871840e+02,-7.9179505e+01,-2.5174108e+01
1628,1.6270000e-01,-4.0341630e+02,-8.3282348e+01,-1.5271436e+01
1629,1.6280000e-01,-1.6457508e+02,-8.7267926e+01,-4.9127829e+00
1630,1.6290000e-01,7.6346841e+01,-9.1103115e+01,5.5924246e+00
1631,1.6300000e-01,3.1799410e+02,-9.4759128e+01,1.5861702e+01
1632,1.6310000e-01,5.5880174e+02,-9.8207373e+01,2.5660717e+01
1633,1.6320000e-01,7.9719005e+02,-1.0138064e+02,3.4692549e+01
1634,1.6330000e-01,1.0316857e+03,-1.0422904e+02,4.2680598e+01
1635,1.6340000e-01,1.2608755e+03,-1.0671137e+02,4.9372832e+01
1636,1.6350000e-01,1.4834797e+03,-1.0879328e+02,5.4550197e+01
1637,1.6360000e-01,1.6983928e+03,-1.1044751e+02,5.8033648e+01
1638,1.6370000e-01,1.9045519e+03,-1.1164258e+02,5.9734564e+01
1639,1.6380000e-01,2.1013017e+03,-1.1235475e+02,5.9495201e+01
1640,1.6390000e-01,2.2881981e+03,-1.1259368e+02,5.7262970e+01
1641,1.6400000e-01,2.4649438e+03,-1.1235886e+02,5.3026304e+01
1642,1.6410000e-01,2.6313912e+03,-1.1164640e+02,4.6806167e+01
1643,1.6420000e-01,2.7875547e+03,-1.1045455e+02,3.8651395e+01
1644,1.6430000e-01,2.9335456e+03,-1.0878685e+02,2.8631689e+01
1645,1.6440000e-01,3.0696698e+03,-1.0665356e+02,1.6796770e+01
1646,1.6450000e-01,3.1962010e+03,-1.0407267e+02,3.2895863e+00
1647,1.6460000e-01,3.3134752e+03,-1.0104538e+02,-1.1787821e+01
1648,1.6470000e-01,3.4219023e+03,-9.7589049e+01,-2.8330704e+01
1649,1.6480000e-01,3.5219228e+03,-9.3720826e+01,-4.6220217e+01
1650,1.6490000e-01,3.6139565e+03,-8.9457121e+01,-6.5309450e+01
1651,1.6500000e-01,3.6985230e+03,-8.4832382e+01,-8.5564302e+01
1652,1.6510000e-01,3.7761529e+03,-8.0064839e+01,-1.0721674e+02
1653,1.6520000e-01,3.8473244e+03,-7.5021264e+01,-1.2980518e+02
1654,1.6530000e-01,3.9124998e+03,-6.9630807e+01,-1.5307761e+02
1655,1.6540000e-01,3.9720981e+03,-6.3922302e+01,-1.7705071e+02
1656,1.6550000e-01,4.0265747e+03,-5.8367988e+01,-2.0252851e+02
1657,1.6560000e-01,4.0763436e+03,-5.2471784e+01,-2.2812442e+02
1658,1.6570000e-01,4.1216814e+03,-4.6300748e+01,-2.5414220e+02
1659,1.6580000e-01,4.1628287e+03,-3.9867450e+01,-2.8051400e+02
1660,1.6590000e-01,4.2002008e+03,-3.3687247e+01,-3.0846348e+02
1661,1.6600000e-01,4.2342152e+03,-2.7024514e+01,-3.3577592e+02
1662,1.6610000e-01,4.2649470e+03,-1.9987053e+01,-3.6312244e+02
1663,1.6620000e-01,4.2924660e+03,-1.2515991e+01,-3.9056337e+02
1664,1.6630000e-01,4.3168829e+03,-4.7049389e+00,-4.1807685e+02
1665,1.6640000e-01,4.3389471e+03,3.1915911e+00,-4.4599561e+02
1666,1.6650000e-01,4.3590316e+03,1.1093698e+01,-4.7387142e+02
1667,1.6660000e-01,4.3768324e+03,1.9080531e+01,-5.0158030e+02
1668,1.6670000e-01,4.3921844e+03,2.7060387e+01,-5.2911396e+02
1669,1.6680000e-01,4.4049534e+03,3.5064090e+01,-5.5654165e+02
1670,1.6690000e-01,4.4154439e+03,4.3078945e+01,-5.8335224e+02
1671,1.6700000e-01,4.4235484e+03,5.1060804e+01,-6.1025610e+02
1672,1.6710000e-01,4.4291074e+03,5.8952538e+01,-6.3731049e+02
1673,1.6720000e-01,4.4320654e+03,6.6690882e+01,-6.6445713e+02
1674,1.6730000e-01,4.4319318e+03,7.4300840e+01,-6.9158047e+02
1675,1.6740000e-01,4.4287663e+03,8.1648782e+01,-7.1858037e+02
1676,1.6750000e-01,4.4227003e+03,8.8586595e+01,-7.4527698e+02
1677,1.6760000e-01,4.4138305e+03,9.4958696e+01,-7.7180176e+02
1678,1.6770000e-01,4.4021621e+03,1.0072581e+02,-7.9805465e+02
1679,1.6780000e-01,4.3877268e+03,1.0599176e+02,-8.2356964e+02
1680,1.6790000e-01,4.3706230e+03,1.1104663e+02,-8.4791472e+02
1681,1.6800000e-01,4.3510724e+03,1.1639459e+02,-8.7065163e+02
1682,1.6810000e-01,4.3290483e+03,1.2183218e+02,-8.9267670e+02
1683,1.6820000e-01,4.3043572e+03,1.2702666e+02,-9.1463402e+02
1684,1.6830000e-01,4.2764995e+03,1.3178139e+02,-9.3676293e+02
1685,1.6840000e-01,4.2448817e+03,1.3575432e+02,-9.5844575e+02
1686,1.6850000e-01,4.2089972e+03,1.3908679e+02,-9.7871237e+02
1687,1.6860000e-01,4.1687414e+03,1.4182290e+02,-9.9720475e+02
1688,1.6870000e-01,4.1241038e+03,1.4402978e+02,-1.0138731e+03
1689,1.6880000e-01,4.0751052e+03,1.4584040e+02,-1.0287637e+03
1690,1.6890000e-01,4.0215325e+03,1.4716450e+02,-1.0417834e+03
1691,1.6900000e-01,3.9631180e+03,1.4794418e+02,-1.0527488e+03
1692,1.6910000e-01,3.8994468e+03,1.4824857e+02,-1.0614315e+03
1693,1.6920000e-01,3.8301117e+03,1.4809896e+02,-1.0675622e+03
1694,1.6930000e-01,3.7545365e+03,1.4742677e+02,-1.0708554e+03
1695,1.6940000e-01,3.6721907e+03,1.4622495e+02,-1.0710095e+03
1696,1.6950000e-01,3.5824574e+03,1.4444845e+02,-1.0676985e+03
1697,1.6960000e-01,3.4849016e+03,1.4216217e+02,-1.0606168e+03
1698,1.6970000e-01,3.3787338e+03,1.3933422e+02,-1.0493808e+03
1699,1.6980000e-01,3.2630726e+03,1.3599721e+02,-1.0335408e+03
1700,1.6990000e-01,3.1390087e+03,1.3588001e+02,-1.0091113e+03
1701,1.7000000e-01,3.0055176e+03,1.3441796e+02,-9.7796315e+02
1702,1.7010000e-01,2.8611125e+03,1.3106550e+02,-9.4118899e+02
1703,1.7020000e-01,2.7043836e+03,1.2604560e+02,-8.9911011e+02
1704,1.7030000e-01,2.5341354e+03,1.1970294e+02,-8.5157941e+02
1705,1.7040000e-01,2.3495429e+03,1.1253092e+02,-7.9826154e+02
1706,1.7050000e-01,2.1502023e+03,1.0453109e+02,-7.3893707e+02
1707,1.7060000e-01,1.9358929e+03,9.6011989e+01,-6.7335807e+02
1708,1.7070000e-01,1.7066504e+03,8.6736506e+01,-6.0150385e+02
1709,1.7080000e-01,1.4630119e+03,7.7059075e+01,-5.2349485e+02
1710,1.7090000e-01,1.2058448e+03,6.7051294e+01,-4.3962290e+02
1711,1.7100000e-01,9.3666351e+02,5.6813785e+01,-3.5049580e+02
1712,1.7110000e-01,6.5746994e+02,4.6582918e+01,-2.5691598e+02
1713,1.7120000e-01,3.7061271e+02,3.6226825e+01,-1.5994030e+02
1714,1.7130000e-01,7.8819456e+01,2.5945497e+01,-6.0742369e+01
1715,1.7140000e-01,-2.1483144e+02,1.5816904e+01,3.9290317e+01
1716,1.7150000e-01,-5.0733175e+02,5.9725596e+00,1.3887135e+02
1717,1.7160000e-01,-7.9571406e+02,-3.6469657e+00,2.3666470e+02
1718,1.7170000e-01,-1.0771777e+03,-1.2816964e+01,3.3145327e+02
1719,1.7180000e-01,-1.3492165e+03,-2.1453939e+01,4.2213980e+02
1720,1.7190000e-01,-1.6097305e+03,-2.9423378e+01,5.0782055e+02
1721,1.7200000e-01,-1.8570708e+03,-3.6817981e+01,5.8770067e+02
1722,1.7210000e-01,-2.0901548e+03,-4.3442120e+01,6.6142994e+02
1723,1.7220000e-01,-2.3082307e+03,-4.9220005e+01,7.2863636e+02
1724,1.7230000e-01,-2.5109063e+03,-5.4142467e+01,7.8913962e+02
1725,1.7240000e-01,-2.6982048e+03,-5.8204291e+01,8.4294326e+02
1726,1.7250000e-01,-2.8704646e+03,-6.1400201e+01,8.9018620e+02
1727,1.7260000e-01,-3.0281981e+03,-6.3719245e+01,9.3110691e+02
1728,1.7270000e-01,-3.1721492e+03,-6.5247077e+01,9.6595682e+02
1729,1.7280000e-01,-3.3031182e+03,-6.6035503e+01,9.9505845e+02
1730,1.7290000e-01,-3.4219568e+03,-6.6137610e+01,1.0187707e+03
1731,1.7300000e-01,-3.5295385e+03,-6.5608043e+01,1.0374544e+03
1732,1.7310000e-01,-3.6267358e+03,-6.4490089e+01,1.0514813e+03
1733,1.7320000e-01,-3.7143843e+03,-6.2872442e+01,1.0612092e+03
1734,1.7330000e-01,-3.7933021e+03,-6.0812943e+01,1.0669865e+03
1735,1.7340000e-01,-3.8642661e+03,-5.8363655e+01,1.0691696e+03
1736,1.7350000e-01,-3.9279902e+03,-5.5584107e+01,1.0680800e+03
1737,1.7360000e-01,-3.9851268e+03,-5.2520062e+01,1.0640435e+03
1738,1.7370000e-01,-4.0362915e+03,-4.9209540e+01,1.0573660e+03
1739,1.7380000e-01,-4.0820618e+03,-4.5672904e+01,1.0483539e+03
1740,1.7390000e-01,-4.1229946e+03,-4.1945129e+01,1.0373355e+03
1741,1.7400000e-01,-4.1598524e+03,-3.8022082e+01,1.0247409e+03
1742,1.7410000e-01,-4.1933086e+03,-3.3876474e+01,1.0108337e+03
1743,1.7420000e-01,-4.2237565e+03,-2.9507774e+01,9.9570908e+02
1744,1.7430000e-01,-4.2514065e+03,-2.4988801e+01,9.7942299e+02
1745,1.7440000e-01,-4.2762571e+03,-2.0369977e+01,9.6193890e+02
1746,1.7450000e-01,-4.2983815e+03,-1.5757306e+01,9.4331707e+02
1747,1.7460000e-01,-4.3179626e+03,-1.1173503e+01,9.2361547e+02
1748,1.7470000e-01,-4.3351020e+03,-6.6633358e+00,9.0283635e+02
1749,1.7480000e-01,-4.3498343e+03,-2.2816956e+00,8.8099072e+02
1750,1.7490000e-01,-4.3622711e+03,1.9132405e+00,8.5802505e+02
1751,1.7500000e-01,-4.3725044e+03,5.8082520e+00,8.3378286e+02
1752,1.7510000e-01,-4.3804743e+03,9.2747738e+00,8.0786431e+02
1753,1.7520000e-01,-4.3856508e+03,1.2133992e+01,7.7962578e+02
1754,1.7530000e-01,-4.3870352e+03,1.4171702e+01,7.4930193e+02
1755,1.7540000e-01,-4.3841024e+03,1.5281580e+01,7.1814174e+02
1756,1.7550000e-01,-4.3775010e+03,1.5590223e+01,6.8680123e+02
1757,1.7560000e-01,-4.3681260e+03,1.5542881e+01,6.5554883e+02
1758,1.7570000e-01,-4.3566665e+03,1.5333313e+01,6.2444030e+02
1759,1.7580000e-01,-4.3433775e+03,1.4982532e+01,5.9337794e+02
1760,1.7590000e-01,-4.3282426e+03,1.4667364e+01,5.6243584e+02
1761,1.7600000e-01,-4.3111514e+03,1.4431800e+01,5.3169804e+02
1762,1.7610000e-01,-4.2919424e+03,1.4291110e+01,5.0118519e+02
1763,1.7620000e-01,-4.2704862e+03,1.4134363e+01,4.7093163e+02
1764,1.7630000e-01,-4.2466755e+03,1.3868747e+01,4.4096497e+02
1765,1.7640000e-01,-4.2203666e+03,1.3484546e+01,4.1128718e+02
1766,1.7650000e-01,-4.1914819e+03,1.2904175e+01,3.8196698e+02
1767,1.7660000e-01,-4.1599103e+03,1.2107652e+01,3.5303594e+02
1768,1.7670000e-01,-4.1255013e+03,1.1117781e+01,3.2453738e+02
1769,1.7680000e-01,-4.0880851e+03,9.8847560e+00,2.9650104e+02
1770,1.7690000e-01,-4.0474913e+03,8.4067073e+00,2.6900904e+02
1771,1.7700000e-01,-4.0035014e+03,6.6623233e+00,2.4205889e+02
1772,1.7710000e-01,-3.9558748e+03,4.5750213e+00,2.1567591e+02
1773,1.7720000e-01,-3.9043481e+03,2.1332963e+00,1.8990204e+02
1774,1.7730000e-01,-3.8486420e+03,-6.5738845e-01,1.6479161e+02
1775,1.7740000e-01,-3.7884494e+03,-3.7614524e+00,1.4041137e+02
1776,1.7750000e-01,-3.7233314e+03,-7.0539664e+00,1.1681326e+02
1777,1.7760000e-01,-3.6528601e+03,-1.0398501e+01,9.4181663e+01
1778,1.7770000e-01,-3.5765999e+03,-1.3574104e+01,7.2690140e+01
1779,1.7780000e-01,-3.4940439e+03,-1.6532764e+01,5.2495751e+01
1780,1.7790000e-01,-3.4046991e+03,-1.9201978e+01,3.3753903e+01
1781,1.7800000e-01,-3.3082170e+03,-2.1787347e+01,1.6597195e+01
1782,1.7810000e-01,-3.2042465e+03,-2.4382988e+01,1.0354691e+00
1783,1.7820000e-01,-3.0924394e+03,-2.7151070e+01,-1.2902127e+01
1784,1.7830000e-01,-2.9724304e+03,-2.9998366e+01,-2.5140598e+01
1785,1.7840000e-01,-2.8437831e+03,-3.3093048e+01,-3.5707892e+01
1786,1.7850000e-01,-2.7061777e+03,-3.6295481e+01,-4.4472951e+01
1787,1.7860000e-01,-2.5593738e+03,-3.9680432e+01,-5.1398120e+01
1788,1.7870000e-01,-2.4032333e+03,-4.3288418e+01,-5.6402900e+01
1789,1.7880000e-01,-2.2375584e+03,-4.6993452e+01,-5.9511838e+01
1790,1.7890000e-01,-2.0622064e+03,-5.0748190e+01,-6.0706905e+01
1791,1.7900000e-01,-1.8772286e+03,-5.4651019e+01,-6.0032955e+01
1792,1.7910000e-01,-1.6827165e+03,-5.8682129e+01,-5.7614801e+01
1793,1.7920000e-01,-1.4791313e+03,-6.2905416e+01,-5.3495357e+01
1794,1.7930000e-01,-1.2670369e+03,-6.7167437e+01,-4.7786868e+01
1795,1.7940000e-01,-1.0471360e+03,-7.1446349e+01,-4.0656268e+01
1796,1.7950000e-01,-8.2039786e+02,-7.5705829e+01,-3.2243943e+01
1797,1.7960000e-01,-5.8786170e+02,-7.9896018e+01,-2.2865827e+01
1798,1.7970000e-01,-3.5072455e+02,-8.4000894e+01,-1.2801866e+01
1799,1.7980000e-01,-1.1033768e+02,-8.7989244e+01,-2.3475822e+00
1800,1.7990000e-01,1.3180339e+02,-9.1820164e+01,8.1829326e+00
1801,1.8000000e-01,3.7431878e+02,-9.5461523e+01,1.8404138e+01
1802,1.8010000e-01,6.1562782e+02,-9.8883656e+01,2.8081801e+01
1803,1.8020000e-01,8.5414586e+02,-1.0201938e+02,3.6921767e+01
1804,1.8030000e-01,1.0884064e+03,-1.0481896e+02,4.4650927e+01
1805,1.8040000e-01,1.3170139e+03,-1.0724193e+02,5.1022686e+01
1806,1.8050000e-01,1.5387159e+03,-1.0925499e+02,5.5825147e+01
1807,1.8060000e-01,1.7523158e+03,-1.1082293e+02,5.8938859e+01
1808,1.8070000e-01,1.9569617e+03,-1.1191617e+02,6.0172122e+01
1809,1.8080000e-01,2.1520564e+03,-1.1254043e+02,5.9435308e+01
1810,1.8090000e-01,2.3371694e+03,-1.1269405e+02,5.6689153e+01
1811,1.8100000e-01,2.5120301e+03,-1.1237067e+02,5.1930817e+01
1812,1.8110000e-01,2.6765227e+03,-1.1156478e+02,4.5188728e+01
1813,1.8120000e-01,2.8306918e+03,-1.1027638e+02,3.6517736e+01
1814,1.8130000e-01,2.9746773e+03,-1.0851023e+02,2.5992561e+01
1815,1.8140000e-01,3.1088102e+03,-1.0627679e+02,1.3667382e+01
1816,1.8150000e-01,3.2333853e+03,-1.0359689e+02,-3.1449099e-01
1817,1.8160000e-01,3.3487559e+03,-1.0047118e+02,-1.5846166e+01
1818,1.8170000e-01,3.4553314e+03,-9.6919840e+01,-3.2822731e+01
1819,1.8180000e-01,3.5535816e+03,-9.2960102e+01,-5.1123884e+01
1820,1.8190000e-01,3.6439345e+03,-8.8612554e+01,-7.0613162e+01
1821,1.8200000e-01,3.7269084e+03,-8.3910026e+01,-9.1246541e+01
1822,1.8210000e-01,3.8030315e+03,-7.9069840e+01,-1.1326160e+02
1823,1.8220000e-01,3.8727876e+03,-7.3903734e+01,-1.3607659e+02
1824,1.8230000e-01,3.9366302e+03,-6.8437138e+01,-1.5967276e+02
1825,1.8240000e-01,3.9949676e+03,-6.2669965e+01,-1.8395799e+02
1826,1.8250000e-01,4.0482527e+03,-5.7058868e+01,-2.0972757e+02
1827,1.8260000e-01,4.0968944e+03,-5.1127677e+01,-2.3563050e+02
1828,1.8270000e-01,4.1411652e+03,-4.4917319e+01,-2.6192294e+02
1829,1.8280000e-01,4.1813041e+03,-3.8435593e+01,-2.8852450e+02
1830,1.8290000e-01,4.2177221e+03,-3.2178884e+01,-3.1668816e+02
1831,1.8300000e-01,4.2508332e+03,-2.5411569e+01,-3.4419667e+02
1832,1.8310000e-01,4.2807039e+03,-1.8276048e+01,-3.7171755e+02
1833,1.8320000e-01,4.3074047e+03,-1.0725473e+01,-3.9929756e+02
1834,1.8330000e-01,4.3316913e+03,-3.0159847e+00,-4.2731689e+02
1835,1.8340000e-01,4.3539058e+03,4.7921218e+00,-4.5537892e+02
1836,1.8350000e-01,4.3737246e+03,1.2770488e+01,-4.8325506e+02
1837,1.8360000e-01,4.3909923e+03,2.0848342e+01,-5.1091934e+02
1838,1.8370000e-01,4.4055794e+03,2.8967955e+01,-5.3843671e+02
1839,1.8380000e-01,4.4177838e+03,3.7095222e+01,-5.6528403e+02
1840,1.8390000e-01,4.4275838e+03,4.5285736e+01,-5.9223474e+02
1841,1.8400000e-01,4.4348260e+03,5.3414848e+01,-6.1935139e+02
1842,1.8410000e-01,4.4394222e+03,6.1418346e+01,-6.4660443e+02
1843,1.8420000e-01,4.4412580e+03,6.9282268e+01,-6.7383646e+02
1844,1.8430000e-01,4.4399868e+03,7.6933870e+01,-7.0104450e+02
1845,1.8440000e-01,4.4357021e+03,8.4211857e+01,-7.2816213e+02
1846,1.8450000e-01,4.4285298e+03,9.1001187e+01,-7.5495257e+02
1847,1.8460000e-01,4.4185675e+03,9.7166972e+01,-7.8157509e+02
1848,1.8470000e-01,4.4058309e+03,1.0271059e+02,-8.0783932e+02
1849,1.8480000e-01,4.3903737e+03,1.0781714e+02,-8.3333726e+02
1850,1.8490000e-01,4.3722781e+03,1.1273087e+02,-8.5775870e+02
1851,1.8500000e-01,4.3517000e+03,1.1781579e+02,-8.8065241e+02
1852,1.8510000e-01,4.3287038e+03,1.2315557e+02,-9.0252972e+02
1853,1.8520000e-01,4.3028435e+03,1.2834314e+02,-9.2460040e+02
1854,1.8530000e-01,4.2735433e+03,1.3288866e+02,-9.4660236e+02
1855,1.8540000e-01,4.2402679e+03,1.3671503e+02,-9.6781082e+02
1856,1.8550000e-01,4.2026422e+03,1.3992938e+02,-9.8740146e+02
1857,1.8560000e-01,4.1606460e+03,1.4255004e+02,-1.0050410e+03
1858,1.8570000e-01,4.1143569e+03,1.4479582e+02,-1.0209460e+03
1859,1.8580000e-01,4.0636476e+03,1.4656265e+02,-1.0350993e+03
1860,1.8590000e-01,4.0083150e+03,1.4777977e+02,-1.0473492e+03
1861,1.8600000e-01,3.9479934e+03,1.4851347e+02,-1.0574974e+03
1862,1.8610000e-01,3.8823116e+03,1.4878395e+02,-1.0652858e+03
1863,1.8620000e-01,3.8107480e+03,1.4852559e+02,-1.0704449e+03
1864,1.8630000e-01,3.7327362e+03,1.4773357e+02,-1.0726694e+03
1865,1.8640000e-01,3.6477205e+03,1.4635914e+02,-1.0716573e+03
1866,1.8650000e-01,3.5550421e+03,1.4446258e+02,-1.0670386e+03
1867,1.8660000e-01,3.4542866e+03,1.4203257e+02,-1.0585276e+03
1868,1.8670000e-01,3.3446682e+03,1.3904211e+02,-1.0457321e+03
1869,1.8680000e-01,3.2272569e+03,1.3904184e+02,-1.0245922e+03
1870,1.8690000e-01,3.1009492e+03,1.3756177e+02,-9.9692706e+02
1871,1.8700000e-01,2.9642431e+03,1.3411651e+02,-9.6388308e+02
1872,1.8710000e-01,2.8157065e+03,1.2888484e+02,-9.2580061e+02
1873,1.8720000e-01,2.6540340e+03,1.2242113e+02,-8.8245712e+02
1874,1.8730000e-01,2.4782972e+03,1.1510571e+02,-8.3348984e+02
1875,1.8740000e-01,2.2878013e+03,1.0695300e+02,-7.7855038e+02
1876,1.8750000e-01,2.0822883e+03,9.8296683e+01,-7.1736894e+02
1877,1.8760000e-01,1.8616787e+03,8.9038197e+01,-6.4981667e+02
1878,1.8770000e-01,1.6262004e+03,7.9320422e+01,-5.7588750e+02
1879,1.8780000e-01,1.3765773e+03,6.9188766e+01,-4.9584117e+02
1880,1.8790000e-01,1.1138625e+03,5.8838496e+01,-4.1003302e+02
1881,1.8800000e-01,8.3976631e+02,4.8435772e+01,-3.1916113e+02
1882,1.8810000e-01,5.5645944e+02,3.8024880e+01,-2.2414897e+02
1883,1.8820000e-01,2.6642526e+02,2.7587995e+01,-1.2609884e+02
1884,1.8830000e-01,-2.7492231e+01,1.7323077e+01,-2.6250416e+01
1885,1.8840000e-01,-3.2215076e+02,7.3587331e+00,7.3993960e+01
1886,1.8850000e-01,-6.1453238e+02,-2.4149771e+00,1.7328683e+02
1887,1.8860000e-01,-9.0168859e+02,-1.1771621e+01,2.7035598e+02
1888,1.8870000e-01,-1.1808958e+03,-2.0618888e+01,3.6400400e+02
1889,1.8880000e-01,-1.4497821e+03,-2.8816809e+01,4.5320220e+02
1890,1.8890000e-01,-1.7063948e+03,-3.6366748e+01,5.3708622e+02
1891,1.8900000e-01,-1.9492244e+03,-4.3184507e+01,6.1500306e+02
1892,1.8910000e-01,-2.1773704e+03,-4.9207181e+01,6.8661026e+02
1893,1.8920000e-01,-2.3902513e+03,-5.4418304e+01,7.5157388e+02
1894,1.8930000e-01,-2.5876528e+03,-5.8718413e+01,8.0980415e+02
1895,1.8940000e-01,-2.7697003e+03,-6.2160781e+01,8.6134353e+02
1896,1.8950000e-01,-2.9368025e+03,-6.4750509e+01,9.0636155e+02
1897,1.8960000e-01,-3.0895998e+03,-6.6506564e+01,9.4511062e+02
1898,1.8970000e-01,-3.2288524e+03,-6.7472143e+01,9.7788592e+02
1899,1.8980000e-01,-3.3553820e+03,-6.7704674e+01,1.0050322e+03
1900,1.8990000e-01,-3.4700593e+03,-6.7262172e+01,1.0269146e+03
1901,1.9000000e-01,-3.5737738e+03,-6.6190261e+01,1.0438995e+03
1902,1.9010000e-01,-3.6673810e+03,-6.4580780e+01,1.0563528e+03
1903,1.9020000e-01,-3.7517316e+03,-6.2489511e+01,1.0646264e+03
1904,1.9030000e-01,-3.8276174e+03,-5.9987470e+01,1.0690737e+03
1905,1.9040000e-01,-3.8957924e+03,-5.7130357e+01,1.0700363e+03
1906,1.9050000e-01,-3.9569602e+03,-5.3970941e+01,1.0678245e+03
1907,1.9060000e-01,-4.0117685e+03,-5.0558303e+01,1.0627728e+03
1908,1.9070000e-01,-4.0608229e+03,-4.6916744e+01,1.0551761e+03
1909,1.9080000e-01,-4.1046850e+03,-4.3090898e+01,1.0453697e+03
1910,1.9090000e-01,-4.1439207e+03,-3.9084579e+01,1.0336870e+03
1911,1.9100000e-01,-4.1793779e+03,-3.4874280e+01,1.0205985e+03
1912,1.9110000e-01,-4.2116495e+03,-3.0447165e+01,1.0062457e+03
1913,1.9120000e-01,-4.2410374e+03,-2.5838459e+01,9.9071713e+02
1914,1.9130000e-01,-4.2676609e+03,-2.1093748e+01,9.7404615e+02
1915,1.9140000e-01,-4.2914822e+03,-1.6309354e+01,9.5619570e+02
1916,1.9150000e-01,-4.3125747e+03,-1.1535041e+01,9.3721523e+02
1917,1.9160000e-01,-4.3311263e+03,-6.8168281e+00,9.1715642e+02
1918,1.9170000e-01,-4.3472190e+03,-2.1970026e+00,8.9603660e+02
1919,1.9180000e-01,-4.3609687e+03,2.2680733e+00,8.7379106e+02
1920,1.9190000e-01,-4.3724838e+03,6.4822402e+00,8.5036343e+02
1921,1.9200000e-01,-4.3817874e+03,1.0335954e+01,8.2556537e+02
1922,1.9210000e-01,-4.3886913e+03,1.3674715e+01,7.9864962e+02
1923,1.9220000e-01,-4.3923409e+03,1.6270610e+01,7.6930691e+02
1924,1.9230000e-01,-4.3917426e+03,1.7945780e+01,7.3842437e+02
1925,1.9240000e-01,-4.3869872e+03,1.8631482e+01,7.0705202e+02
1926,1.9250000e-01,-4.3789762e+03,1.8797065e+01,6.7572410e+02
1927,1.9260000e-01,-4.3686013e+03,1.8605384e+01,6.4447627e+02
1928,1.9270000e-01,-4.3563329e+03,1.8300782e+01,6.1331249e+02
1929,1.9280000e-01,-4.3422218e+03,1.8036367e+01,5.8221924e+02
1930,1.9290000e-01,-4.3262287e+03,1.7790581e+01,5.5130089e+02
1931,1.9300000e-01,-4.3082072e+03,1.7607764e+01,5.2056993e+02
1932,1.9310000e-01,-4.2880034e+03,1.7409698e+01,4.9006166e+02
1933,1.9320000e-01,-4.2654758e+03,1.7193006e+01,4.5982975e+02
1934,1.9330000e-01,-4.2405092e+03,1.6828124e+01,4.2985983e+02
1935,1.9340000e-01,-4.2130117e+03,1.6306547e+01,4.0023362e+02
1936,1.9350000e-01,-4.1828951e+03,1.5565398e+01,3.7097878e+02
1937,1.9360000e-01,-4.1500196e+03,1.4634291e+01,3.4213782e+02
1938,1.9370000e-01,-4.1142441e+03,1.3481632e+01,3.1374572e+02
1939,1.9380000e-01,-4.0754110e+03,1.2082096e+01,2.8587709e+02
1940,1.9390000e-01,-4.0332988e+03,1.0444250e+01,2.5853333e+02
1941,1.9400000e-01,-3.9876827e+03,8.4840156e+00,2.3173951e+02
1942,1.9410000e-01,-3.9382894e+03,6.1928400e+00,2.0553761e+02
1943,1.9420000e-01,-3.8848685e+03,3.5226499e+00,1.7996686e+02
1944,1.9430000e-01,-3.8271330e+03,5.0601530e-01,1.5508716e+02
1945,1.9440000e-01,-3.7647037e+03,-2.8020807e+00,1.3092669e+02
1946,1.9450000e-01,-3.6971798e+03,-6.3020909e+00,1.0764102e+02
1947,1.9460000e-01,-3.6241375e+03,-9.7681486e+00,8.5385964e+01
1948,1.9470000e-01,-3.5450875e+03,-1.3061971e+01,6.4328223e+01
1949,1.9480000e-01,-3.4595227e+03,-1.6028004e+01,4.4649333e+01
1950,1.9490000e-01,-3.3670124e+03,-1.8799447e+01,2.6517194e+01
1951,1.9500000e-01,-3.2671465e+03,-2.1483160e+01,9.9610866e+00
1952,1.9510000e-01,-3.1595810e+03,-2.4213442e+01,-4.9648962e+00
1953,1.9520000e-01,-3.0439858e+03,-2.7141473e+01,-1.8232647e+01
1954,1.9530000e-01,-2.9199134e+03,-3.0157022e+01,-2.9819830e+01
1955,1.9540000e-01,-2.7870553e+03,-3.3442498e+01,-3.9648110e+01
1956,1.9550000e-01,-2.6451142e+03,-3.6818091e+01,-4.7641482e+01
1957,1.9560000e-01,-2.4938528e+03,-4.0366822e+01,-5.3768387e+01
1958,1.9570000e-01,-2.3331558e+03,-4.4133849e+01,-5.7954892e+01
1959,1.9580000e-01,-2.1628612e+03,-4.7992778e+01,-6.0236409e+01
1960,1.9590000e-01,-1.9828748e+03,-5.1895277e+01,-6.0607704e+01
1961,1.9600000e-01,-1.7933082e+03,-5.5938407e+01,-5.9126350e+01
1962,1.9610000e-01,-1.5943367e+03,-6.0098993e+01,-5.5933016e+01
1963,1.9620000e-01,-1.3864762e+03,-6.4441567e+01,-5.1087462e+01
1964,1.9630000e-01,-1.1703711e+03,-6.8808424e+01,-4.4719651e+01
1965,1.9640000e-01,-9.4681394e+02,-7.3175925e+01,-3.7015881e+01
1966,1.9650000e-01,-7.1686346e+02,-7.7505298e+01,-2.8130771e+01
1967,1.9660000e-01,-4.8163892e+02,-8.1745558e+01,-1.8398393e+01
1968,1.9670000e-01,-2.4240751e+02,-8.5879140e+01,-8.1085781e+00
1969,1.9680000e-01,-5.5776236e-01,-8.9874901e+01,2.4337262e+00
1970,1.9690000e-01,2.4234742e+02,-9.3689636e+01,1.2907721e+01
1971,1.9700000e-01,4.8490487e+02,-9.7290808e+01,2.2926702e+01
1972,1.9710000e-01,7.2553762e+02,-1.0064995e+02,3.2262247e+01
1973,1.9720000e-01,9.6271716e+02,-1.0370155e+02,4.0631179e+01
1974,1.9730000e-01,1.1949716e+03,-1.0639499e+02,4.7770100e+01
1975,1.9740000e-01,1.4209579e+03,-1.0869108e+02,5.3446267e+01
1976,1.9750000e-01,1.6395031e+03,-1.1056017e+02,5.7465893e+01
1977,1.9760000e-01,1.8494998e+03,-1.1196982e+02,5.9727564e+01
1978,1.9770000e-01,2.0501867e+03,-1.1289326e+02,6.0057946e+01
1979,1.9780000e-01,2.2410542e+03,-1.1333860e+02,5.8389462e+01
1980,1.9790000e-01,2.4217559e+03,-1.1330561e+02,5.4700173e+01
1981,1.9800000e-01,2.5921002e+03,-1.1278980e+02,4.9002422e+01
1982,1.9810000e-01,2.7520440e+03,-1.1178712e+02,4.1337689e+01
1983,1.9820000e-01,2.9016923e+03,-1.1030072e+02,3.1771288e+01
1984,1.9830000e-01,3.0413281e+03,-1.0834125e+02,2.0348743e+01
1985,1.9840000e-01,3.1711995e+03,-1.0592345e+02,7.2119411e+00
1986,1.9850000e-01,3.2916241e+03,-1.0304948e+02,-7.5372495e+00
1987,1.9860000e-01,3.4030034e+03,-9.9728490e+01,-2.3787861e+01
1988,1.9870000e-01,3.5057748e+03,-9.5989887e+01,-4.1435745e+01
1989,1.9880000e-01,3.6003588e+03,-9.1843568e+01,-6.0318481e+01
1990,1.9890000e-01,3.6872820e+03,-8.7322006e+01,-8.0403611e+01
1991,1.9900000e-01,3.7670850e+03,-8.2660346e+01,-1.0194579e+02
1992,1.9910000e-01,3.8402564e+03,-7.7711200e+01,-1.2445800e+02
1993,1.9920000e-01,3.9072670e+03,-7.2406491e+01,-1.4768541e+02
1994,1.9930000e-01,3.9685456e+03,-6.6791162e+01,-1.7164312e+02
1995,1.9940000e-01,4.0245614e+03,-6.1312033e+01,-1.9716207e+02
1996,1.9950000e-01,4.0757430e+03,-5.5474341e+01,-2.2278472e+02
1997,1.9960000e-01,4.1223774e+03,-4.9341035e+01,-2.4883435e+02
1998,1.9970000e-01,4.1647098e+03,-4.2942645e+01,-2.7526512e+02
1999,1.9980000e-01,4.2031718e+03,-3.6816671e+01,-3.0332155e+02
2000,1.9990000e-01,4.2381883e+03,-3.0216129e+01,-3.3073413e+02
2001,2.0000000e-01,4.2698526e+03,-2.3137084e+01,-3.5816743e+02
2002,2.0010000e-01,4.2982256e+03,-1.5686493e+01,-3.8570534e+02
2003,2.0020000e-01,4.3234172e+03,-7.8751486e+00,-4.1333299e+02
2004,2.0030000e-01,4.3462061e+03,4.2964190e-02,-4.4137384e+02
2005,2.0040000e-01,4.3669678e+03,7.9907475e+00,-4.6939422e+02
2006,2.0050000e-01,4.3855011e+03,1.6018487e+01,-4.9722656e+02
2007,2.0060000e-01,4.4015184e+03,2.4070323e+01,-5.2487743e+02
2008,2.0070000e-01,4.4148603e+03,3.2189046e+01,-5.5240844e+02
2009,2.0080000e-01,4.4258638e+03,4.0351901e+01,-5.7931376e+02
2010,2.0090000e-01,4.4344411e+03,4.8499203e+01,-6.0631648e+02
2011,2.0100000e-01,4.4404377e+03,5.6569042e+01,-6.3347549e+02
2012,2.0110000e-01,4.4437926e+03,6.4490981e+01,-6.6074004e+02
2013,2.0120000e-01,4.4442727e+03,7.2302654e+01,-6.8770943e+02
2014,2.0130000e-01,4.4416829e+03,7.9886946e+01,-7.1488020e+02
2015,2.0140000e-01,4.4361586e+03,8.7018745e+01,-7.4197443e+02
2016,2.0150000e-01,4.4277523e+03,9.3582724e+01,-7.6872102e+02
2017,2.0160000e-01,4.4164540e+03,9.9564897e+01,-7.9518777e+02
2018,2.0170000e-01,4.4023685e+03,1.0493531e+02,-8.2129632e+02
2019,2.0180000e-01,4.3855856e+03,1.0985206e+02,-8.4663878e+02
2020,2.0190000e-01,4.3661866e+03,1.1464604e+02,-8.7090904e+02
2021,2.0200000e-01,4.3444264e+03,1.1992359e+02,-8.9315235e+02
2022,2.0210000e-01,4.3200294e+03,1.2524311e+02,-9.1499640e+02
2023,2.0220000e-01,4.2927156e+03,1.3023044e+02,-9.3684851e+02
2024,2.0230000e-01,4.2618445e+03,1.3454648e+02,-9.5861289e+02
2025,2.0240000e-01,4.2266379e+03,1.3821165e+02,-9.7922498e+02
2026,2.0250000e-01,4.1867799e+03,1.4123494e+02,-9.9813654e+02
2027,2.0260000e-01,4.1424124e+03,1.4362811e+02,-1.0152053e+03
2028,2.0270000e-01,4.0936805e+03,1.4559636e+02,-1.0300981e+03
2029,2.0280000e-01,4.0403852e+03,1.4717445e+02,-1.0430970e+03
2030,2.0290000e-01,3.9823032e+03,1.4824854e+02,-1.0540923e+03
2031,2.0300000e-01,3.9190677e+03,1.4885069e+02,-1.0628851e+03
2032,2.0310000e-01,3.8502203e+03,1.4899464e+02,-1.0692120e+03
2033,2.0320000e-01,3.7752574e+03,1.4859189e+02,-1.0727857e+03
2034,2.0330000e-01,3.6935836e+03,1.4764293e+02,-1.0732892e+03
2035,2.0340000e-01,3.6045349e+03,1.4610596e+02,-1.0703834e+03
2036,2.0350000e-01,3.5074717e+03,1.4403297e+02,-1.0637072e+03
2037,2.0360000e-01,3.4019696e+03,1.4140476e+02,-1.0529686e+03
2038,2.0370000e-01,3.2871743e+03,1.3825328e+02,-1.0377085e+03
2039,2.0380000e-01,3.1641742e+03,1.3820468e+02,-1.0139115e+03
2040,2.0390000e-01,3.0319203e+03,1.3673018e+02,-9.8343551e+02
2041,2.0400000e-01,2.8888517e+03,1.3331241e+02,-9.4737512e+02
2042,2.0410000e-01,2.7334154e+03,1.2819307e+02,-9.0601285e+02
2043,2.0420000e-01,2.5644983e+03,1.2173682e+02,-8.5924843e+02
2044,2.0430000e-01,2.3812150e+03,1.1443570e+02,-8.0670851e+02
2045,2.0440000e-01,2.1830946e+03,1.0629955e+02,-7.4814254e+02
2046,2.0450000e-01,1.9698828e+03,9.7646957e+01,-6.8328469e+02
2047,2.0460000e-01,1.7416003e+03,8.8316315e+01,-6.1208582e+02
2048,2.0470000e-01,1.4987386e+03,7.8553505e+01,-5.3464942e+02
2049,2.0480000e-01,1.2421266e+03,6.8378973e+01,-4.5126936e+02
2050,2.0490000e-01,9.7321967e+02,5.7997967e+01,-3.6251635e+02
2051,2.0500000e-01,6.9398320e+02,4.7633979e+01,-2.6915822e+02
2052,2.0510000e-01,4.0672604e+02,3.7150257e+01,-1.7223731e+02
2053,2.0520000e-01,1.1416747e+02,2.6749695e+01,-7.2923185e+01
2054,2.0530000e-01,-1.8057019e+02,1.6501149e+01,2.7383579e+01
2055,2.0540000e-01,-4.7445583e+02,6.5450394e+00,1.2737512e+02
2056,2.0550000e-01,-7.6460396e+02,-3.1964009e+00,2.2575866e+02
2057,2.0560000e-01,-1.0481676e+03,-1.2484099e+01,3.2128722e+02
2058,2.0570000e-01,-1.3225473e+03,-2.1235957e+01,4.1282172e+02
2059,2.0580000e-01,-1.5855469e+03,-2.9318547e+01,4.9941840e+02
2060,2.0590000e-01,-1.8354129e+03,-3.6732330e+01,5.8030989e+02
2061,2.0600000e-01,-2.0710631e+03,-4.3489324e+01,6.5500617e+02
2062,2.0610000e-01,-2.2916181e+03,-4.9392579e+01,7.2314385e+02
2063,2.0620000e-01,-2.4966602e+03,-5.4427582e+01,7.8454146e+02
2064,2.0630000e-01,-2.6861644e+03,-5.8589402e+01,8.3918596e+02
2065,2.0640000e-01,-2.8604251e+03,-6.1825666e+01,8.8723816e+02
2066,2.0650000e-01,-3.0200108e+03,-6.4234358e+01,9.2888686e+02
2067,2.0660000e-01,-3.1656621e+03,-6.5836232e+01,9.6441086e+02
2068,2.0670000e-01,-3.2981982e+03,-6.6673952e+01,9.9413396e+02
2069,2.0680000e-01,-3.4184706e+03,-6.6804327e+01,1.0184133e+03
2070,2.0690000e-01,-3.5273636e+03,-6.6286840e+01,1.0376137e+03
2071,2.0700000e-01,-3.6257504e+03,-6.5168313e+01,1.0521062e+03
2072,2.0710000e-01,-3.7144768e+03,-6.3539112e+01,1.0622531e+03
2073,2.0720000e-01,-3.7943706e+03,-6.1458640e+01,1.0684009e+03
2074,2.0730000e-01,-3.8662152e+03,-5.8981771e+01,1.0709091e+03
2075,2.0740000e-01,-3.9307307e+03,-5.6168964e+01,1.0701051e+03
2076,2.0750000e-01,-3.9885854e+03,-5.3066722e+01,1.0663141e+03
2077,2.0760000e-01,-4.0403970e+03,-4.9714828e+01,1.0598424e+03
2078,2.0770000e-01,-4.0867469e+03,-4.6135477e+01,1.0509975e+03
2079,2.0780000e-01,-4.1281930e+03,-4.2364772e+01,1.0401068e+03
2080,2.0790000e-01,-4.1654458e+03,-3.8400222e+01,1.0275908e+03
2081,2.0800000e-01,-4.1992305e+03,-3.4215687e+01,1.0137458e+03
2082,2.0810000e-01,-4.2299783e+03,-2.9803555e+01,9.9867348e+02
2083,2.0820000e-01,-4.2579111e+03,-2.5236058e+01,9.8243435e+02
2084,2.0830000e-01,-4.2830194e+03,-2.0563752e+01,9.6499798e+02
2085,2.0840000e-01,-4.3053724e+03,-1.5891154e+01,9.4641720e+02
2086,2.0850000e-01,-4.3251335e+03,-1.1243481e+01,9.2674894e+02
2087,2.0860000e-01,-4.3424239e+03,-6.6648555e+00,9.0599455e+02
2088,2.0870000e-01,-4.3572883e+03,-2.2119673e+00,8.8417482e+02
2089,2.0880000e-01,-4.3698423e+03,2.0597686e+00,8.6123467e+02
2090,2.0890000e-01,-4.3801820e+03,6.0402956e+00,8.3702596e+02
2091,2.0900000e-01,-4.3882544e+03,9.5955602e+00,8.1115744e+02
2092,2.0910000e-01,-4.3935640e+03,1.2548635e+01,7.8295537e+02
2093,2.0920000e-01,-4.3951012e+03,1.4675002e+01,7.5258733e+02
2094,2.0930000e-01,-4.3922777e+03,1.5852375e+01,7.2132981e+02
2095,2.0940000e-01,-4.3857360e+03,1.6199904e+01,6.8987625e+02
2096,2.0950000e-01,-4.3763822e+03,1.6174907e+01,6.5850545e+02
2097,2.0960000e-01,-4.3649193e+03,1.5975386e+01,6.2727557e+02
2098,2.0970000e-01,-4.3516383e+03,1.5630520e+01,5.9609173e+02
2099,2.0980000e-01,-4.3365189e+03,1.5324071e+01,5.6502702e+02
2100,2.0990000e-01,-4.3194398e+03,1.5095667e+01,5.3416478e+02
2101,2.1000000e-01,-4.3002279e+03,1.4966115e+01,5.0352663e+02
2102,2.1010000e-01,-4.2787405e+03,1.4824287e+01,4.7314720e+02
2103,2.1020000e-01,-4.2548888e+03,1.4572879e+01,4.4305666e+02
2104,2.1030000e-01,-4.2285227e+03,1.4200612e+01,4.1325532e+02
2105,2.1040000e-01,-4.1995740e+03,1.3612431e+01,3.8380803e+02
2106,2.1050000e-01,-4.1679191e+03,1.2829483e+01,3.5475491e+02
2107,2.1060000e-01,-4.1334169e+03,1.1847109e+01,3.2613701e+02
2108,2.1070000e-01,-4.0959025e+03,1.0617936e+01,2.9798393e+02
2109,2.1080000e-01,-4.0551995e+03,9.1518887e+00,2.7038101e+02
2110,2.1090000e-01,-4.0111020e+03,7.4019156e+00,2.4332010e+02
2111,2.1100000e-01,-3.9633550e+03,5.3210372e+00,2.1683178e+02
2112,2.1110000e-01,-3.9117048e+03,2.8739857e+00,1.9095379e+02
2113,2.1120000e-01,-3.8558705e+03,7.5355414e-02,1.6574041e+02
2114,2.1130000e-01,-3.7955238e+03,-3.0312596e+00,1.4126208e+02
2115,2.1140000e-01,-3.7302324e+03,-6.3351418e+00,1.1756930e+02
2116,2.1150000e-01,-3.6595729e+03,-9.7009099e+00,9.4845584e+01
2117,2.1160000e-01,-3.5831111e+03,-1.2908570e+01,7.3263362e+01
2118,2.1170000e-01,-3.5003380e+03,-1.5904274e+01,5.2980533e+01
2119,2.1180000e-01,-3.4107565e+03,-1.8611229e+01,3.4154546e+01
2120,2.1190000e-01,-3.3140126e+03,-2.1230676e+01,1.6920294e+01
2121,2.1200000e-01,-3.2097590e+03,-2.3913271e+01,1.2750878e+00
2122,2.1210000e-01,-3.0976325e+03,-2.6681370e+01,-1.2723137e+01
2123,2.1220000e-01,-2.9772644e+03,-2.9539913e+01,-2.5009353e+01
2124,2.1230000e-01,-2.8482198e+03,-3.2655067e+01,-3.5614278e+01
2125,2.1240000e-01,-2.7101799e+03,-3.5883462e+01,-4.4407762e+01
2126,2.1250000e-01,-2.5629044e+03,-3.9297535e+01,-5.1352395e+01
2127,2.1260000e-01,-2.4062552e+03,-4.2936508e+01,-5.6367414e+01
2128,2.1270000e-01,-2.2400344e+03,-4.6673608e+01,-5.9477760e+01
2129,2.1280000e-01,-2.0641088e+03,-5.0529938e+01,-6.0682902e+01
2130,2.1290000e-01,-1.8785200e+03,-5.4435727e+01,-5.9994754e+01
2131,2.1300000e-01,-1.6833764e+03,-5.8484725e+01,-5.7552122e+01
2132,2.1310000e-01,-1.4791211e+03,-6.2731516e+01,-5.3400124e+01
2133,2.1320000e-01,-1.2663226e+03,-6.7025268e+01,-4.7653610e+01
2134,2.1330000e-01,-1.0456957e+03,-7.1336578e+01,-4.0481149e+01
2135,2.1340000e-01,-8.1822155e+02,-7.5627871e+01,-3.2024812e+01
2136,2.1350000e-01,-5.8494940e+02,-7.9848935e+01,-2.2602886e+01
2137,2.1360000e-01,-3.4708576e+02,-8.3983484e+01,-1.2497216e+01
2138,2.1370000e-01,-1.0599111e+02,-8.8000110e+01,-2.0053259e+00
2139,2.1380000e-01,1.3682996e+02,-9.1857702e+01,8.5567075e+00
2140,2.1390000e-01,3.7998947e+02,-9.5523903e+01,1.8801389e+01
2141,2.1400000e-01,6.2189897e+02,-9.8968850e+01,2.8493267e+01
2142,2.1410000e-01,8.6096717e+02,-1.0212517e+02,3.7337044e+01
2143,2.1420000e-01,1.0957226e+03,-1.0494293e+02,4.5058704e+01
2144,2.1430000e-01,1.3247663e+03,-1.0738161e+02,5.1411106e+01
2145,2.1440000e-01,1.5468440e+03,-1.0940792e+02,5.6182179e+01
2146,2.1450000e-01,1.7607735e+03,-1.1098758e+02,5.9252302e+01
2147,2.1460000e-01,1.9656834e+03,-1.1208982e+02,6.0431038e+01
2148,2.1470000e-01,2.1609778e+03,-1.1272024e+02,5.9628735e+01
2149,2.1480000e-01,2.3462348e+03,-1.1287800e+02,5.6807374e+01
2150,2.1490000e-01,2.5211914e+03,-1.1255708e+02,5.1965351e+01
2151,2.1500000e-01,2.6857384e+03,-1.1175196e+02,4.5132268e+01
2152,2.1510000e-01,2.8399259e+03,-1.1046285e+02,3.6364077e+01
2153,2.1520000e-01,2.9838987e+03,-1.0869462e+02,2.5736543e+01
2154,2.1530000e-01,3.1179925e+03,-1.0645761e+02,1.3304858e+01
2155,2.1540000e-01,3.2425065e+03,-1.0377317e+02,-7.8695067e-01
2156,2.1550000e-01,3.3577980e+03,-1.0064173e+02,-1.6430804e+01
2157,2.1560000e-01,3.4642797e+03,-9.7085073e+01,-3.3523188e+01
2158,2.1570000e-01,3.5624245e+03,-9.3119644e+01,-5.1941070e+01
2159,2.1580000e-01,3.6526633e+03,-8.8767920e+01,-7.1552202e+01
2160,2.1590000e-01,3.7355163e+03,-8.4062322e+01,-9.2308954e+01
2161,2.1600000e-01,3.8115144e+03,-7.9226509e+01,-1.1446009e+02
2162,2.1610000e-01,3.8811425e+03,-7.4067360e+01,-1.3741588e+02
2163,2.1620000e-01,3.9448544e+03,-6.8606116e+01,-1.6114764e+02
2164,2.1630000e-01,4.0030592e+03,-6.2841806e+01,-1.8556138e+02
2165,2.1640000e-01,4.0562119e+03,-5.7238216e+01,-2.1146989e+02
2166,2.1650000e-01,4.1047217e+03,-5.1315897e+01,-2.3751777e+02
2167,2.1660000e-01,4.1488581e+03,-4.5109610e+01,-2.6392894e+02
2168,2.1670000e-01,4.1888607e+03,-3.8625049e+01,-2.9063715e+02
2169,2.1680000e-01,4.2253040e+03,-3.2097655e+01,-3.1808912e+02
2170,2.1690000e-01,4.2584359e+03,-2.5231042e+01,-3.4575874e+02
2171,2.1700000e-01,4.2882490e+03,-1.8014756e+01,-3.7354016e+02
2172,2.1710000e-01,4.3148285e+03,-1.0409077e+01,-4.0138433e+02
2173,2.1720000e-01,4.3389537e+03,-2.6628526e+00,-4.2964240e+02
2174,2.1730000e-01,4.3609956e+03,5.1545339e+00,-4.5790434e+02
2175,2.1740000e-01,4.3807387e+03,1.3092550e+01,-4.8591809e+02
2176,2.1750000e-01,4.3978938e+03,2.1132934e+01,-5.1369616e+02
2177,2.1760000e-01,4.4123182e+03,2.9229510e+01,-5.4131426e+02
2178,2.1770000e-01,4.4243764e+03,3.7360452e+01,-5.6825105e+02
2179,2.1780000e-01,4.4339705e+03,4.5532894e+01,-5.9526932e+02
2180,2.1790000e-01,4.4409622e+03,5.3650833e+01,-6.2244069e+02
2181,2.1800000e-01,4.4452935e+03,6.1644667e+01,-6.4973726e+02
2182,2.1810000e-01,4.4467465e+03,6.9559214e+01,-6.7676586e+02
2183,2.1820000e-01,4.4453049e+03,7.7243272e+01,-7.0377391e+02
2184,2.1830000e-01,4.4408818e+03,8.4508128e+01,-7.3101071e+02
2185,2.1840000e-01,4.4335237e+03,9.1276686e+01,-7.5794200e+02
2186,2.1850000e-01,4.4233222e+03,9.7445275e+01,-7.8464070e+02
2187,2.1860000e-01,4.4103135e+03,1.0299345e+02,-8.1099757e+02
2188,2.1870000e-01,4.3945707e+03,1.0812156e+02,-8.3649861e+02
2189,2.1880000e-01,4.3761590e+03,1.1303544e+02,-8.6102960e+02
2190,2.1890000e-01,4.3552335e+03,1.1806342e+02,-8.8415341e+02
2191,2.1900000e-01,4.3319113e+03,1.2337420e+02,-9.0607997e+02
2192,2.1910000e-01,4.3057246e+03,1.2853919e+02,-9.2816589e+02
2193,2.1920000e-01,4.2760415e+03,1.3306885e+02,-9.5020615e+02
2194,2.1930000e-01,4.2423419e+03,1.3686379e+02,-9.7134172e+02
2195,2.1940000e-01,4.2041768e+03,1.4008788e+02,-9.9061459e+02
2196,2.1950000e-01,4.1616075e+03,1.4276817e+02,-1.0079826e+03
2197,2.1960000e-01,4.1147051e+03,1.4506952e+02,-1.0236812e+03
2198,2.1970000e-01,4.0633994e+03,1.4685656e+02,-1.0376141e+03
2199,2.1980000e-01,4.0074462e+03,1.4808639e+02,-1.0496475e+03
2200,2.1990000e-01,3.9464613e+03,1.4882393e+02,-1.0595639e+03
2201,2.2000000e-01,3.8800661e+03,1.4909187e+02,-1.0670992e+03
2202,2.2010000e-01,3.8077317e+03,1.4882563e+02,-1.0719787e+03
2203,2.2020000e-01,3.7288919e+03,1.4802188e+02,-1.0738951e+03
2204,2.2030000e-01,3.6429680e+03,1.4663006e+02,-1.0725384e+03
2205,2.2040000e-01,3.5492898e+03,1.4471162e+02,-1.0675329e+03
2206,2.2050000e-01,3.4471455e+03,1.4225118e+02,-1.0585022e+03
2207,2.2060000e-01,3.3361214e+03,1.3923756e+02,-1.0451636e+03
2208,2.2070000e-01,3.2173978e+03,1.3923955e+02,-1.0234704e+03
2209,2.2080000e-01,3.0897766e+03,1.3775929e+02,-9.9522283e+02
2210,2.2090000e-01,2.9517045e+03,1.3430798e+02,-9.6155977e+02
2211,2.2100000e-01,2.8017063e+03,1.2906236e+02,-9.2281253e+02
2212,2.2110000e-01,2.6384496e+03,1.2258008e+02,-8.7875162e+02
2213,2.2120000e-01,2.4610269e+03,1.1524285e+02,-8.2902391e+02
2214,2.2130000e-01,2.2687168e+03,1.0706221e+02,-7.7327213e+02
2215,2.2140000e-01,2.0612786e+03,9.8374545e+01,-7.1123701e+02
2216,2.2150000e-01,1.8386845e+03,8.9083778e+01,-6.4280968e+02
2217,2.2160000e-01,1.6012300e+03,7.9260916e+01,-5.6803710e+02
2218,2.2170000e-01,1.3496958e+03,6.9124267e+01,-4.8715751e+02
2219,2.2180000e-01,1.0852046e+03,5.8753501e+01,-4.0057881e+02
2220,2.2190000e-01,8.0950432e+02,4.8319649e+01,-3.0901775e+02
2221,2.2200000e-01,5.2482516e+02,3.7874582e+01,-2.1341674e+02
2222,2.2210000e-01,2.3370326e+02,2.7411715e+01,-1.1492034e+02
2223,2.2220000e-01,-6.0988661e+01,1.7107204e+01,-1.4758946e+01
2224,2.2230000e-01,-3.5603811e+02,7.1111439e+00,8.5626173e+01
2225,2.2240000e-01,-6.4839659e+02,-2.6829994e+00,1.8486510e+02
2226,2.2250000e-01,-9.3526987e+02,-1.2061768e+01,2.8176147e+02
2227,2.2260000e-01,-1.2139617e+03,-2.0919661e+01,3.7512172e+02
2228,2.2270000e-01,-1.4821112e+03,-2.9119518e+01,4.6392296e+02
2229,2.2280000e-01,-1.7377345e+03,-3.6665685e+01,5.4729503e+02
2230,2.2290000e-01,-1.9793667e+03,-4.3475350e+01,6.2460847e+02
2231,2.2300000e-01,-2.2061763e+03,-4.9485739e+01,6.9555036e+02
2232,2.2310000e-01,-2.4176932e+03,-5.4679158e+01,7.5982829e+02
2233,2.2320000e-01,-2.6136790e+03,-5.8959328e+01,8.1734949e+02
2234,2.2330000e-01,-2.7942412e+03,-6.2383678e+01,8.6815691e+02
2235,2.2340000e-01,-2.9597894e+03,-6.4957789e+01,9.1242494e+02
2236,2.2350000e-01,-3.1109809e+03,-6.6705209e+01,9.5041963e+02
2237,2.2360000e-01,-3.2486172e+03,-6.7669829e+01,9.8246222e+02
2238,2.2370000e-01,-3.3735987e+03,-6.7896597e+01,1.0089187e+03
2239,2.2380000e-01,-3.4868436e+03,-6.7437458e+01,1.0301567e+03
2240,2.2390000e-01,-3.5892545e+03,-6.6343529e+01,1.0465451e+03
2241,2.2400000e-01,-3.6816931e+03,-6.4711792e+01,1.0584500e+03
2242,2.2410000e-01,-3.7650042e+03,-6.2601304e+01,1.0662199e+03
2243,2.2420000e-01,-3.8399648e+03,-6.0084850e+01,1.0702104e+03
2244,2.2430000e-01,-3.9073177e+03,-5.7217112e+01,1.0707559e+03
2245,2.2440000e-01,-3.9677510e+03,-5.4049740e+01,1.0681689e+03
2246,2.2450000e-01,-4.0218940e+03,-5.0630564e+01,1.0627689e+03
2247,2.2460000e-01,-4.0703418e+03,-4.6984409e+01,1.0548621e+03
2248,2.2470000e-01,-4.1136577e+03,-4.3151853e+01,1.0447809e+03
2249,2.2480000e-01,-4.1524317e+03,-3.9134951e+01,1.0328788e+03
2250,2.2490000e-01,-4.1874695e+03,-3.4907032e+01,1.0195861e+03
2251,2.2500000e-01,-4.2193654e+03,-3.0461960e+01,1.0050384e+03
2252,2.2510000e-01,-4.2483829e+03,-2.5840031e+01,9.8931491e+02
2253,2.2520000e-01,-4.2746625e+03,-2.1088059e+01,9.7245264e+02
2254,2.2530000e-01,-4.2981715e+03,-1.6302095e+01,9.5441614e+02
2255,2.2540000e-01,-4.3189753e+03,-1.1532176e+01,9.3525030e+02
2256,2.2550000e-01,-4.3372498e+03,-6.8251288e+00,9.1500271e+02
2257,2.2560000e-01,-4.3530684e+03,-2.2228973e+00,8.9369449e+02
2258,2.2570000e-01,-4.3665395e+03,2.2193212e+00,8.7124772e+02
2259,2.2580000e-01,-4.3777636e+03,6.3982953e+00,8.4759618e+02
2260,2.2590000e-01,-4.3867471e+03,1.0199644e+01,8.2252518e+02
2261,2.2600000e-01,-4.3932563e+03,1.3468210e+01,7.9530606e+02
2262,2.2610000e-01,-4.3963639e+03,1.5985750e+01,7.6561671e+02
2263,2.2620000e-01,-4.3951142e+03,1.7556158e+01,7.3449521e+02
2264,2.2630000e-01,-4.3898234e+03,1.8114668e+01,7.0280185e+02
2265,2.2640000e-01,-4.3814425e+03,1.8133489e+01,6.7104885e+02
2266,2.2650000e-01,-4.3707354e+03,1.7798373e+01,6.3977414e+02
2267,2.2660000e-01,-4.3580952e+03,1.7437386e+01,6.0862442e+02
2268,2.2670000e-01,-4.3436290e+03,1.7174880e+01,5.7763546e+02
2269,2.2680000e-01,-4.3272707e+03,1.6982536e+01,5.4678633e+02
2270,2.2690000e-01,-4.3088659e+03,1.6834762e+01,5.1611278e+02
2271,2.2700000e-01,-4.2882619e+03,1.6669187e+01,4.8565451e+02
2272,2.2710000e-01,-4.2653026e+03,1.6452596e+01,4.5542096e+02
2273,2.2720000e-01,-4.2398699e+03,1.6132171e+01,4.2549680e+02
2274,2.2730000e-01,-4.2119003e+03,1.5622320e+01,3.9591547e+02
2275,2.2740000e-01,-4.1812919e+03,1.4892152e+01,3.6670603e+02
2276,2.2750000e-01,-4.1478951e+03,1.3973656e+01,3.3791276e+02
2277,2.2760000e-01,-4.1115918e+03,1.2827961e+01,3.0961225e+02
2278,2.2770000e-01,-4.0721838e+03,1.1433577e+01,2.8179521e+02
2279,2.2780000e-01,-4.0294440e+03,9.7799336e+00,2.5450182e+02
2280,2.2790000e-01,-3.9831519e+03,7.7918009e+00,2.2776133e+02
2281,2.2800000e-01,-3.9330331e+03,5.4657174e+00,2.0161838e+02
2282,2.2810000e-01,-3.8788237e+03,2.7765813e+00,1.7612017e+02
2283,2.2820000e-01,-3.8202004e+03,-2.4935327e-01,1.5128134e+02
2284,2.2830000e-01,-3.7568175e+03,-3.5610598e+00,1.2723183e+02
2285,2.2840000e-01,-3.6882883e+03,-7.0130427e+00,1.0408959e+02
2286,2.2850000e-01,-3.6141681e+03,-1.0414547e+01,8.2007297e+01
2287,2.2860000e-01,-3.5339424e+03,-1.3587942e+01,6.1160840e+01
2288,2.2870000e-01,-3.4470910e+03,-1.6469144e+01,4.1716454e+01
2289,2.2880000e-01,-3.3532284e+03,-1.9251453e+01,2.3818634e+01
2290,2.2890000e-01,-3.2519563e+03,-2.1951163e+01,7.5044662e+00
2291,2.2900000e-01,-3.1429194e+03,-2.4648273e+01,-7.1574947e+00
2292,2.2910000e-01,-3.0257800e+03,-2.7570284e+01,-2.0149512e+01
2293,2.2920000e-01,-2.9000873e+03,-3.0591901e+01,-3.1450527e+01
2294,2.2930000e-01,-2.7655339e+03,-3.3887374e+01,-4.0981711e+01
2295,2.2940000e-01,-2.6218287e+03,-3.7273591e+01,-4.8667480e+01
2296,2.2950000e-01,-2.4687441e+03,-4.0832930e+01,-5.4476541e+01
2297,2.2960000e-01,-2.3061791e+03,-4.4610070e+01,-5.8336997e+01
2298,2.2970000e-01,-2.1339881e+03,-4.8478481e+01,-6.0288791e+01
2299,2.2980000e-01,-1.9520996e+03,-5.2388512e+01,-6.0332057e+01
2300,2.2990000e-01,-1.7605499e+03,-5.6443426e+01,-5.8593133e+01
2301,2.3000000e-01,-1.5596790e+03,-6.0630477e+01,-5.5082995e+01
2302,2.3010000e-01,-1.3500420e+03,-6.4975991e+01,-4.9937628e+01
2303,2.3020000e-01,-1.1322943e+03,-6.9332601e+01,-4.3297629e+01
2304,2.3030000e-01,-9.0725190e+02,-7.3682877e+01,-3.5357815e+01
2305,2.3040000e-01,-6.7600286e+02,-7.7989967e+01,-2.6278000e+01
2306,2.3050000e-01,-4.3969461e+02,-8.2202706e+01,-1.6398642e+01
2307,2.3060000e-01,-1.9961944e+02,-8.6302746e+01,-6.0146928e+00
2308,2.3070000e-01,4.2759055e+01,-9.0256617e+01,4.5620380e+00
2309,2.3080000e-01,2.8607442e+02,-9.4035157e+01,1.4944429e+01
2310,2.3090000e-01,5.2874337e+02,-9.7609478e+01,2.4893728e+01
2311,2.3100000e-01,7.6916212e+02,-1.0091123e+02,3.4106347e+01
2312,2.3110000e-01,1.0058290e+03,-1.0388961e+02,4.2298614e+01
2313,2.3120000e-01,1.2372984e+03,-1.0650251e+02,4.9210919e+01
2314,2.3130000e-01,1.4622567e+03,-1.0871454e+02,5.4616459e+01
2315,2.3140000e-01,1.6795639e+03,-1.1049752e+02,5.8328649e+01
2316,2.3150000e-01,1.8881493e+03,-1.1181976e+02,6.0253668e+01
2317,2.3160000e-01,2.0872885e+03,-1.1265511e+02,6.0226029e+01
2318,2.3170000e-01,2.2765075e+03,-1.1301240e+02,5.8186288e+01
2319,2.3180000e-01,2.4555046e+03,-1.1289247e+02,5.4119447e+01
2320,2.3190000e-01,2.6241031e+03,-1.1229036e+02,4.8043781e+01
2321,2.3200000e-01,2.7823047e+03,-1.1120328e+02,4.0006213e+01
2322,2.3210000e-01,2.9302143e+03,-1.0963468e+02,3.0075714e+01
2323,2.3220000e-01,3.0681345e+03,-1.0759496e+02,1.8301253e+01
2324,2.3230000e-01,3.1963360e+03,-1.0510124e+02,4.8269562e+00
2325,2.3240000e-01,3.3151535e+03,-1.0215489e+02,-1.0243596e+01
2326,2.3250000e-01,3.4249989e+03,-9.8766832e+01,-2.6798078e+01
2327,2.3260000e-01,3.5263157e+03,-9.4967470e+01,-4.4733882e+01
2328,2.3270000e-01,3.6195275e+03,-9.0768455e+01,-6.3894669e+01
2329,2.3280000e-01,3.7051608e+03,-8.6203997e+01,-8.4245523e+01
2330,2.3290000e-01,3.7837551e+03,-8.1509395e+01,-1.0604669e+02
2331,2.3300000e-01,3.8557954e+03,-7.6535279e+01,-1.2880026e+02
2332,2.3310000e-01,3.9217492e+03,-7.1209509e+01,-1.5225361e+02
2333,2.3320000e-01,3.9820415e+03,-6.5555803e+01,-1.7641092e+02
2334,2.3330000e-01,4.0371389e+03,-6.0068892e+01,-2.0211921e+02
2335,2.3340000e-01,4.0874618e+03,-5.4237772e+01,-2.2795298e+02
2336,2.3350000e-01,4.1332872e+03,-4.8111245e+01,-2.5418135e+02
2337,2.3360000e-01,4.1748607e+03,-4.1706828e+01,-2.8074706e+02
2338,2.3370000e-01,4.2126116e+03,-3.5562621e+01,-3.0893403e+02
2339,2.3380000e-01,4.2469609e+03,-2.8923860e+01,-3.3646478e+02
2340,2.3390000e-01,4.2779827e+03,-2.1889596e+01,-3.6401394e+02
2341,2.3400000e-01,4.3057513e+03,-1.4401891e+01,-3.9163828e+02
2342,2.3410000e-01,4.3303780e+03,-6.5575946e+00,-4.1932678e+02
2343,2.3420000e-01,4.3526279e+03,1.3849724e+00,-4.4743224e+02
2344,2.3430000e-01,4.3728745e+03,9.3365284e+00,-4.7551463e+02
2345,2.3440000e-01,4.3909092e+03,1.7349442e+01,-5.0336917e+02
2346,2.3450000e-01,4.4064390e+03,2.5377822e+01,-5.3103239e+02
2347,2.3460000e-01,4.4197449e+03,3.3436739e+01,-5.5804932e+02
2348,2.3470000e-01,4.4306492e+03,4.1575420e+01,-5.8501190e+02
2349,2.3480000e-01,4.4389262e+03,4.9725434e+01,-6.1211881e+02
2350,2.3490000e-01,4.4445033e+03,5.7818958e+01,-6.3938744e+02
2351,2.3500000e-01,4.4473870e+03,6.5765902e+01,-6.6673682e+02
2352,2.3510000e-01,4.4473388e+03,7.3574769e+01,-6.9376719e+02
2353,2.3520000e-01,4.4441871e+03,8.1134966e+01,-7.2098937e+02
2354,2.3530000e-01,4.4380085e+03,8.8274192e+01,-7.4792156e+02
2355,2.3540000e-01,4.4289334e+03,9.4817151e+01,-7.7471053e+02
2356,2.3550000e-01,4.4169935e+03,1.0071842e+02,-8.0116498e+02
2357,2.3560000e-01,4.4022245e+03,1.0603092e+02,-8.2688457e+02
2358,2.3570000e-01,4.3847619e+03,1.1112052e+02,-8.5154454e+02
2359,2.3580000e-01,4.3648282e+03,1.1643853e+02,-8.7456802e+02
2360,2.3590000e-01,4.3424364e+03,1.2191370e+02,-8.9673221e+02
2361,2.3600000e-01,4.3173833e+03,1.2721354e+02,-9.1883311e+02
2362,2.3610000e-01,4.2890976e+03,1.3202510e+02,-9.4114269e+02
2363,2.3620000e-01,4.2569573e+03,1.3605397e+02,-9.6296332e+02
2364,2.3630000e-01,4.2204414e+03,1.3944688e+02,-9.8326020e+02
2365,2.3640000e-01,4.1794349e+03,1.4222696e+02,-1.0015737e+03
2366,2.3650000e-01,4.1340595e+03,1.4458380e+02,-1.0180044e+03
2367,2.3660000e-01,4.0843186e+03,1.4656132e+02,-1.0326878e+03
2368,2.3670000e-01,4.0300343e+03,1.4798992e+02,-1.0455025e+03
2369,2.3680000e-01,3.9708885e+03,1.4893729e+02,-1.0562780e+03
2370,2.3690000e-01,3.9065126e+03,1.4942215e+02,-1.0647620e+03
2371,2.3700000e-01,3.8364357e+03,1.4937758e+02,-1.0707023e+03
2372,2.3710000e-01,3.7600569e+03,1.4880488e+02,-1.0737880e+03
2373,2.3720000e-01,3.6768101e+03,1.4765117e+02,-1.0737178e+03
2374,2.3730000e-01,3.5860928e+03,1.4597105e+02,-1.0701462e+03
2375,2.3740000e-01,3.4871890e+03,1.4375477e+02,-1.0626887e+03
2376,2.3750000e-01,3.3793751e+03,1.4098257e+02,-1.0509738e+03
2377,2.3760000e-01,3.2621835e+03,1.3769619e+02,-1.0346695e+03
2378,2.3770000e-01,3.1367626e+03,1.3760789e+02,-1.0097424e+03
2379,2.3780000e-01,3.0019888e+03,1.3612815e+02,-9.7806114e+02
2380,2.3790000e-01,2.8562276e+03,1.3271638e+02,-9.4070283e+02
2381,2.3800000e-01,2.6980363e+03,1.2760863e+02,-8.9799654e+02
2382,2.3810000e-01,2.5261306e+03,1.2116273e+02,-8.4977421e+02
2383,2.3820000e-01,2.3397301e+03,1.1387219e+02,-7.9571509e+02
2384,2.3830000e-01,2.1383609e+03,1.0573962e+02,-7.3557704e+02
2385,2.3840000e-01,1.9218054e+03,9.7006151e+01,-6.6913002e+02
2386,2.3850000e-01,1.6902231e+03,8.7622772e+01,-5.9636886e+02
2387,2.3860000e-01,1.4441884e+03,7.7820663e+01,-5.1743873e+02
2388,2.3870000e-01,1.1846329e+03,6.7680518e+01,-4.3265516e+02
2389,2.3880000e-01,9.1313426e+02,5.7307925e+01,-3.4265378e+02
2390,2.3890000e-01,6.3176030e+02,4.6941595e+01,-2.4826482e+02
2391,2.3900000e-01,3.4296298e+02,3.6451850e+01,-1.5058963e+02
2392,2.3910000e-01,4.9462126e+01,2.6036016e+01,-5.0800240e+01
2393,2.3920000e-01,-2.4558653e+02,1.5769440e+01,4.9654452e+01
2394,2.3930000e-01,-5.3914387e+02,5.7965623e+00,1.4952905e+02
2395,2.3940000e-01,-8.2825639e+02,-3.9356859e+00,2.4746981e+02
2396,2.3950000e-01,-1.1101818e+03,-1.3203183e+01,3.4227855e+02
2397,2.3960000e-01,-1.3824723e+03,-2.1928926e+01,4.3288930e+02
2398,2.3970000e-01,-1.6430321e+03,-3.0062407e+01,5.1831955e+02
2399,2.3980000e-01,-1.8901289e+03,-3.7494587e+01,5.9789272e+02
2400,2.3990000e-01,-2.1227072e+03,-4.4149185e+01,6.7121645e+02
2401,2.4000000e-01,-2.3400280e+03,-4.9956630e+01,7.3792151e+02
2402,2.4010000e-01,-2.5417343e+03,-5.4905370e+01,7.9784417e+02
2403,2.4020000e-01,-2.7279021e+03,-5.8988055e+01,8.5101223e+02
2404,2.4030000e-01,-2.8989812e+03,-6.2201276e+01,8.9759569e+02
2405,2.4040000e-01,-3.0554989e+03,-6.4576678e+01,9.3782156e+02
2406,2.4050000e-01,-3.1981455e+03,-6.6106970e+01,9.7199863e+02
2407,2.4060000e-01,-3.3277652e+03,-6.6897401e+01,1.0004431e+03
2408,2.4070000e-01,-3.4452817e+03,-6.6990813e+01,1.0235268e+03
2409,2.4080000e-01,-3.5516287e+03,-6.6435816e+01,1.0416146e+03
2410,2.4090000e-01,-3.6477024e+03,-6.5282157e+01,1.0550829e+03
2411,2.4100000e-01,-3.7343478e+03,-6.3624543e+01,1.0642883e+03
2412,2.4110000e-01,-3.8123744e+03,-6.1525537e+01,1.0695827e+03
2413,2.4120000e-01,-3.8825440e+03,-5.9037584e+01,1.0713194e+03
2414,2.4130000e-01,-3.9455478e+03,-5.6220305e+01,1.0698059e+03
2415,2.4140000e-01,-4.0020364e+03,-5.3121668e+01,1.0653734e+03
2416,2.4150000e-01,-4.0526168e+03,-4.9777671e+01,1.0583278e+03
2417,2.4160000e-01,-4.0978653e+03,-4.6206684e+01,1.0489842e+03
2418,2.4170000e-01,-4.1383318e+03,-4.2439990e+01,1.0376675e+03
2419,2.4180000e-01,-4.1747679e+03,-3.8471948e+01,1.0248203e+03
2420,2.4190000e-01,-4.2078256e+03,-3.4273332e+01,1.0106606e+03
2421,2.4200000e-01,-4.2379108e+03,-2.9852775e+01,9.9528636e+02
2422,2.4210000e-01,-4.2651980e+03,-2.5287754e+01,9.7874886e+02
2423,2.4220000e-01,-4.2897002e+03,-2.0641227e+01,9.6101897e+02
2424,2.4230000e-01,-4.3114926e+03,-1.5986553e+01,9.4215191e+02
2425,2.4240000e-01,-4.3307288e+03,-1.1370202e+01,9.2219598e+02
2426,2.4250000e-01,-4.3475206e+03,-6.8354961e+00,9.0116269e+02
2427,2.4260000e-01,-4.3619336e+03,-2.4382512e+00,8.7903424e+02
2428,2.4270000e-01,-4.3740302e+03,1.7576097e+00,8.5579480e+02
2429,2.4280000e-01,-4.3839006e+03,5.6403628e+00,8.3119118e+02
2430,2.4290000e-01,-4.3914359e+03,9.0535903e+00,8.0475979e+02
2431,2.4300000e-01,-4.3960230e+03,1.1814050e+01,7.7602069e+02
2432,2.4310000e-01,-4.3966137e+03,1.3747944e+01,7.4535701e+02
2433,2.4320000e-01,-4.3928716e+03,1.4702779e+01,7.1398976e+02
2434,2.4330000e-01,-4.3855750e+03,1.4971496e+01,6.8250930e+02
2435,2.4340000e-01,-4.3756577e+03,1.4861807e+01,6.5118021e+02
2436,2.4350000e-01,-4.3636899e+03,1.4677562e+01,6.1996293e+02
2437,2.4360000e-01,-4.3498942e+03,1.4426097e+01,5.8880936e+02
2438,2.4370000e-01,-4.3342706e+03,1.4194789e+01,5.5781919e+02
2439,2.4380000e-01,-4.3166791e+03,1.3985965e+01,5.2699119e+02
2440,2.4390000e-01,-4.2969341e+03,1.3843273e+01,4.9638186e+02
2441,2.4400000e-01,-4.2748645e+03,1.3731843e+01,4.6604532e+02
2442,2.4410000e-01,-4.2503677e+03,1.3492308e+01,4.3596792e+02
2443,2.4420000e-01,-4.2233350e+03,1.3111280e+01,4.0622859e+02
2444,2.4430000e-01,-4.1937012e+03,1.2519071e+01,3.7685692e+02
2445,2.4440000e-01,-4.1613245e+03,1.1745807e+01,3.4789409e+02
2446,2.4450000e-01,-4.1260717e+03,1.0744213e+01,3.1937191e+02
2447,2.4460000e-01,-4.0877928e+03,9.5006771e+00,2.9136533e+02
2448,2.4470000e-01,-4.0462654e+03,8.0176405e+00,2.6387434e+02
2449,2.4480000e-01,-4.0012813e+03,6.2223431e+00,2.3692672e+02
2450,2.4490000e-01,-3.9525714e+03,4.1035502e+00,2.1056371e+02
2451,2.4500000e-01,-3.8998768e+03,1.6255204e+00,1.8482824e+02
2452,2.4510000e-01,-3.8429270e+03,-1.1994542e+00,1.5977560e+02
2453,2.4520000e-01,-3.7813376e+03,-4.3046357e+00,1.3543547e+02
2454,2.4530000e-01,-3.7147084e+03,-7.5985885e+00,1.1196106e+02
2455,2.4540000e-01,-3.6426216e+03,-1.0867822e+01,8.9504613e+01
2456,2.4550000e-01,-3.5645994e+03,-1.3990013e+01,6.8226343e+01
2457,2.4560000e-01,-3.4801450e+03,-1.6813245e+01,4.8302457e+01
2458,2.4570000e-01,-3.3888322e+03,-1.9461696e+01,2.9899409e+01
2459,2.4580000e-01,-3.2902475e+03,-2.2028052e+01,1.3049691e+01
2460,2.4590000e-01,-3.1840394e+03,-2.4638254e+01,-2.1883723e+00
2461,2.4600000e-01,-3.0698690e+03,-2.7440182e+01,-1.5782565e+01
2462,2.4610000e-01,-2.9472830e+03,-3.0327075e+01,-2.7707367e+01
2463,2.4620000e-01,-2.8159644e+03,-3.3482515e+01,-3.7881145e+01
2464,2.4630000e-01,-2.6756064e+03,-3.6728888e+01,-4.6226142e+01
2465,2.4640000e-01,-2.5259587e+03,-4.0150035e+01,-5.2708063e+01
2466,2.4650000e-01,-2.3668898e+03,-4.3792255e+01,-5.7249752e+01
2467,2.4660000e-01,-2.1982193e+03,-4.7530604e+01,-5.9881823e+01
2468,2.4670000e-01,-2.0198308e+03,-5.1317539e+01,-6.0593844e+01
2469,2.4680000e-01,-1.8318099e+03,-5.5250787e+01,-5.9438067e+01
2470,2.4690000e-01,-1.6343041e+03,-5.9308166e+01,-5.6548740e+01
2471,2.4700000e-01,-1.4277974e+03,-6.3554852e+01,-5.1979157e+01
2472,2.4710000e-01,-1.2129013e+03,-6.7834622e+01,-4.5852397e+01
2473,2.4720000e-01,-9.9037605e+02,-7.2124502e+01,-3.8347914e+01
2474,2.4730000e-01,-7.6124857e+02,-7.6386471e+01,-2.9615186e+01
2475,2.4740000e-01,-5.2661056e+02,-8.0570067e+01,-1.9981599e+01
2476,2.4750000e-01,-2.8770596e+02,-8.4658017e+01,-9.7350532e+00
2477,2.4760000e-01,-4.5925615e+01,-8.8618626e+01,8.2126895e-01
2478,2.4770000e-01,1.9720440e+02,-9.2410801e+01,1.1367707e+01
2479,2.4780000e-01,4.4028527e+02,-9.6002169e+01,2.1516479e+01
2480,2.4790000e-01,6.8172817e+02,-9.9363144e+01,3.1035182e+01
2481,2.4800000e-01,9.1995410e+02,-1.0242675e+02,3.9633522e+01
2482,2.4810000e-01,1.1535116e+03,-1.0514366e+02,4.7043786e+01
2483,2.4820000e-01,1.3810333e+03,-1.0747433e+02,5.3026956e+01
2484,2.4830000e-01,1.6013044e+03,-1.0938689e+02,5.7380529e+01
2485,2.4840000e-01,1.8131741e+03,-1.1084766e+02,5.9994563e+01
2486,2.4850000e-01,2.0158399e+03,-1.1182889e+02,6.0688676e+01
2487,2.4860000e-01,2.2087560e+03,-1.1233767e+02,5.9385397e+01
2488,2.4870000e-01,2.3915421e+03,-1.1237348e+02,5.6056110e+01
2489,2.4880000e-01,2.5639757e+03,-1.1193116e+02,5.0707371e+01
2490,2.4890000e-01,2.7259859e+03,-1.1100596e+02,4.3375937e+01
2491,2.4900000e-01,2.8776562e+03,-1.0959992e+02,3.4123552e+01
2492,2.4910000e-01,3.0192518e+03,-1.0772347e+02,2.2992578e+01
2493,2.4920000e-01,3.1510061e+03,-1.0539001e+02,1.0123732e+01
2494,2.4930000e-01,3.2732248e+03,-1.0260084e+02,-4.3803316e+00
2495,2.4940000e-01,3.3863023e+03,-9.9365071e+01,-2.0410791e+01
2496,2.4950000e-01,3.4906721e+03,-9.5712394e+01,-3.7866051e+01
2497,2.4960000e-01,3.5867524e+03,-9.1652758e+01,-5.6580999e+01
2498,2.4970000e-01,3.6750710e+03,-8.7217908e+01,-7.6523709e+01
2499,2.4980000e-01,3.7561564e+03,-8.2451633e+01,-9.7588813e+01
2500,2.4990000e-01,3.8305208e+03,-7.7571088e+01,-1.2003695e+02
2501,2.5000000e-01,3.8986452e+03,-7.2380660e+01,-1.4326814e+02
2502,2.5010000e-01,3.9609581e+03,-6.6889685e+01,-1.6724609e+02
2503,2.5020000e-01,4.0178586e+03,-6.1096668e+01,-1.9187647e+02
2504,2.5030000e-01,4.0698517e+03,-5.5305840e+01,-2.1760833e+02
2505,2.5040000e-01,4.1172841e+03,-4.9343450e+01,-2.4391264e+02
2506,2.5050000e-01,4.1603819e+03,-4.3127503e+01,-2.7053998e+02
2507,2.5060000e-01,4.1994002e+03,-3.6635458e+01,-2.9743915e+02
2508,2.5070000e-01,4.2349104e+03,-3.0091635e+01,-3.2509030e+02
2509,2.5080000e-01,4.2671616e+03,-2.3168844e+01,-3.5291991e+02
2510,2.5090000e-01,4.2961583e+03,-1.5912080e+01,-3.8082333e+02
2511,2.5100000e-01,4.3219673e+03,-8.2917488e+00,-4.0875111e+02
2512,2.5110000e-01,4.3450246e+03,-3.3996978e-01,-4.3595975e+02
2513,2.5120000e-01,4.3661484e+03,7.5341933e+00,-4.6429166e+02
2514,2.5130000e-01,4.3851970e+03,1.5391501e+01,-4.9276799e+02
2515,2.5140000e-01,4.4017465e+03,2.3261251e+01,-5.2080329e+02
2516,2.5150000e-01,4.4155890e+03,3.1228955e+01,-5.4861755e+02
2517,2.5160000e-01,4.4270633e+03,3.9271277e+01,-5.7569679e+02
2518,2.5170000e-01,4.4360893e+03,4.7325038e+01,-6.0280380e+02
2519,2.5180000e-01,4.4425168e+03,5.5324084e+01,-6.3001657e+02
2520,2.5190000e-01,4.4462992e+03,6.3195407e+01,-6.5731966e+02
2521,2.5200000e-01,4.4471806e+03,7.0967928e+01,-6.8432605e+02
2522,2.5210000e-01,4.4449723e+03,7.8531194e+01,-7.1155959e+02
2523,2.5220000e-01,4.4397536e+03,8.5713676e+01,-7.3853540e+02
2524,2.5230000e-01,4.4316523e+03,9.2299666e+01,-7.6541154e+02
2525,2.5240000e-01,4.4207033e+03,9.8286139e+01,-7.9197450e+02
2526,2.5250000e-01,4.4069834e+03,1.0365930e+02,-8.1818100e+02
2527,2.5260000e-01,4.3905676e+03,1.0858085e+02,-8.4362400e+02
2528,2.5270000e-01,4.3715335e+03,1.1338120e+02,-8.6800528e+02
2529,2.5280000e-01,4.3500041e+03,1.1833289e+02,-8.9089271e+02
2530,2.5290000e-01,4.3259691e+03,1.2365358e+02,-9.1282443e+02
2531,2.5300000e-01,4.2990958e+03,1.2866716e+02,-9.3460608e+02
2532,2.5310000e-01,4.2687360e+03,1.3308122e+02,-9.5634362e+02
2533,2.5320000e-01,4.2341623e+03,1.3681204e+02,-9.7701356e+02
2534,2.5330000e-01,4.1950853e+03,1.3998121e+02,-9.9579076e+02
2535,2.5340000e-01,4.1515392e+03,1.4261323e+02,-1.0127605e+03
2536,2.5350000e-01,4.1035792e+03,1.4483217e+02,-1.0280314e+03
2537,2.5360000e-01,4.0511097e+03,1.4652239e+02,-1.0414877e+03
2538,2.5370000e-01,3.9938431e+03,1.4765139e+02,-1.0529890e+03
2539,2.5380000e-01,3.9314477e+03,1.4827625e+02,-1.0622960e+03
2540,2.5390000e-01,3.8635119e+03,1.4843780e+02,-1.0691549e+03
2541,2.5400000e-01,3.7894815e+03,1.4806759e+02,-1.0732740e+03
2542,2.5410000e-01,3.7087988e+03,1.4715910e+02,-1.0743471e+03
2543,2.5420000e-01,3.6208365e+03,1.4566863e+02,-1.0720454e+03
2544,2.5430000e-01,3.5249270e+03,1.4365675e+02,-1.0659941e+03
2545,2.5440000e-01,3.4203841e+03,1.4110162e+02,-1.0558324e+03
2546,2.5450000e-01,3.3064399e+03,1.3799189e+02,-1.0411492e+03
2547,2.5460000e-01,3.1845133e+03,1.3798670e+02,-1.0180076e+03
2548,2.5470000e-01,3.0536560e+03,1.3653908e+02,-9.8829070e+02
2549,2.5480000e-01,2.9122528e+03,1.3314370e+02,-9.5307402e+02
2550,2.5490000e-01,2.7588081e+03,1.2796849e+02,-9.1269283e+02
2551,2.5500000e-01,2.5920223e+03,1.2155950e+02,-8.6693339e+02
2552,2.5510000e-01,2.4109873e+03,1.1428904e+02,-8.1544931e+02
2553,2.5520000e-01,2.2150076e+03,1.0616900e+02,-7.5790536e+02
2554,2.5530000e-01,2.0038892e+03,9.7540723e+01,-6.9407097e+02
2555,2.5540000e-01,1.7775723e+03,8.8226401e+01,-6.2384954e+02
2556,2.5550000e-01,1.5364932e+03,7.8481268e+01,-5.4732181e+02
2557,2.5560000e-01,1.2814121e+03,6.8400348e+01,-4.6472855e+02
2558,2.5570000e-01,1.0137515e+03,5.8012112e+01,-3.7664680e+02
2559,2.5580000e-01,7.3543978e+02,4.7651338e+01,-2.8381822e+02
2560,2.5590000e-01,4.4879869e+02,3.7184639e+01,-1.8726829e+02
2561,2.5600000e-01,1.5649243e+02,2.6800479e+01,-8.8157016e+01
2562,2.5610000e-01,-1.3845803e+02,1.6558115e+01,1.2158912e+01
2563,2.5620000e-01,-4.3308149e+02,6.6087167e+00,1.1240320e+02
2564,2.5630000e-01,-7.2429523e+02,-3.1379013e+00,2.1118680e+02
2565,2.5640000e-01,-1.0092789e+03,-1.2444364e+01,3.0728975e+02
2566,2.5650000e-01,-1.2854323e+03,-2.1219086e+01,3.9955772e+02
2567,2.5660000e-01,-1.5505471e+03,-2.9324912e+01,4.8703073e+02
2568,2.5670000e-01,-1.8028517e+03,-3.6770781e+01,5.6893586e+02
2569,2.5680000e-01,-2.0409203e+03,-4.3468905e+01,6.4465782e+02
2570,2.5690000e-01,-2.2639601e+03,-4.9365023e+01,7.1390698e+02
2571,2.5700000e-01,-2.4714891e+03,-5.4414183e+01,7.7640861e+02
2572,2.5710000e-01,-2.6633915e+03,-5.8605912e+01,8.3211280e+02
2573,2.5720000e-01,-2.8399926e+03,-6.1936339e+01,8.8114914e+02
2574,2.5730000e-01,-3.0017450e+03,-6.4421012e+01,9.2371119e+02
2575,2.5740000e-01,-3.1492929e+03,-6.6090748e+01,9.6006435e+02
2576,2.5750000e-01,-3.2834582e+03,-6.6990085e+01,9.9054268e+02
2577,2.5760000e-01,-3.4051382e+03,-6.7169939e+01,1.0155186e+03
2578,2.5770000e-01,-3.5153120e+03,-6.6676198e+01,1.0353742e+03
2579,2.5780000e-01,-3.6148667e+03,-6.5566580e+01,1.0504864e+03
2580,2.5790000e-01,-3.7046555e+03,-6.3933591e+01,1.0612196e+03
2581,2.5800000e-01,-3.7855628e+03,-6.1825394e+01,1.0679205e+03
2582,2.5810000e-01,-3.8583662e+03,-5.9312872e+01,1.0709442e+03
2583,2.5820000e-01,-3.9237958e+03,-5.6452899e+01,1.0706173e+03
2584,2.5830000e-01,-3.9825094e+03,-5.3299278e+01,1.0672573e+03
2585,2.5840000e-01,-4.0351218e+03,-4.9896677e+01,1.0611731e+03
2586,2.5850000e-01,-4.0822120e+03,-4.6268635e+01,1.0526717e+03
2587,2.5860000e-01,-4.1243369e+03,-4.2453085e+01,1.0420740e+03
2588,2.5870000e-01,-4.1621656e+03,-3.8450267e+01,1.0297936e+03
2589,2.5880000e-01,-4.1964094e+03,-3.4234910e+01,1.0161545e+03
2590,2.5890000e-01,-4.2275687e+03,-2.9789643e+01,1.0012738e+03
2591,2.5900000e-01,-4.2558685e+03,-2.5184346e+01,9.8521617e+02
2592,2.5910000e-01,-4.2814094e+03,-2.0466288e+01,9.6801517e+02
2593,2.5920000e-01,-4.3041957e+03,-1.5727637e+01,9.4963559e+02
2594,2.5930000e-01,-4.3243131e+03,-1.1018609e+01,9.3012488e+02
2595,2.5940000e-01,-4.3419207e+03,-6.3877906e+00,9.0953105e+02
2596,2.5950000e-01,-4.3571097e+03,-1.8746024e+00,8.8787219e+02
2597,2.5960000e-01,-4.3699703e+03,2.4643370e+00,8.6509142e+02
2598,2.5970000e-01,-4.3805936e+03,6.5202855e+00,8.4106384e+02
2599,2.5980000e-01,-4.3889564e+03,1.0163121e+01,8.1538576e+02
2600,2.5990000e-01,-4.3946570e+03,1.3194607e+01,7.8741481e+02
2601,2.6000000e-01,-4.3967276e+03,1.5432296e+01,7.5723932e+02
2602,2.6010000e-01,-4.3944430e+03,1.6723151e+01,7.2601389e+02
2603,2.6020000e-01,-4.3882721e+03,1.7149893e+01,6.9450154e+02
2604,2.6030000e-01,-4.3791463e+03,1.7142073e+01,6.6310122e+02
2605,2.6040000e-01,-4.3678600e+03,1.6952851e+01,6.3184518e+02
2606,2.6050000e-01,-4.3547268e+03,1.6609232e+01,6.0062834e+02
2607,2.6060000e-01,-4.3397761e+03,1.6298116e+01,5.6952453e+02
2608,2.6070000e-01,-4.3229154e+03,1.6068275e+01,5.3861987e+02
2609,2.6080000e-01,-4.3039501e+03,1.5938528e+01,5.0793239e+02
2610,2.6090000e-01,-4.2827201e+03,1.5799482e+01,4.7749698e+02
2611,2.6100000e-01,-4.2591299e+03,1.5554718e+01,4.4734467e+02
2612,2.6110000e-01,-4.2330314e+03,1.5191766e+01,4.1747635e+02
2613,2.6120000e-01,-4.2043623e+03,1.4612539e+01,3.8795710e+02
2614,2.6130000e-01,-4.1730049e+03,1.3839194e+01,3.5882735e+02
2615,2.6140000e-01,-4.1388225e+03,1.2870739e+01,3.3012911e+02
2616,2.6150000e-01,-4.1016625e+03,1.1655031e+01,3.0189166e+02
2617,2.6160000e-01,-4.0613444e+03,1.0193724e+01,2.7419609e+02
2618,2.6170000e-01,-4.0176478e+03,8.4686098e+00,2.4704067e+02
2619,2.6180000e-01,-3.9703431e+03,6.4047344e+00,2.2045190e+02
2620,2.6190000e-01,-3.9191545e+03,3.9879741e+00,1.9447058e+02
2621,2.6200000e-01,-3.8638029e+03,1.2198307e+00,1.6915070e+02
2622,2.6210000e-01,-3.8039811e+03,-1.8724054e+00,1.4455766e+02
2623,2.6220000e-01,-3.7392735e+03,-5.1723880e+00,1.2073888e+02
2624,2.6230000e-01,-3.6692582e+03,-8.5673546e+00,9.7869051e+01
2625,2.6240000e-01,-3.5935011e+03,-1.1860368e+01,7.6111107e+01
2626,2.6250000e-01,-3.5114949e+03,-1.4906946e+01,5.5638744e+01
2627,2.6260000e-01,-3.4227365e+03,-1.7713479e+01,3.6598294e+01
2628,2.6270000e-01,-3.3268593e+03,-2.0390499e+01,1.9141045e+01
2629,2.6280000e-01,-3.2235014e+03,-2.3053167e+01,3.2823163e+00
2630,2.6290000e-01,-3.1122974e+03,-2.5810276e+01,-1.0930168e+01
2631,2.6300000e-01,-2.9928825e+03,-2.8664903e+01,-2.3434347e+01
2632,2.6310000e-01,-2.8648261e+03,-3.1781364e+01,-3.4261946e+01
2633,2.6320000e-01,-2.7278167e+03,-3.5074710e+01,-4.3297279e+01
2634,2.6330000e-01,-2.5815964e+03,-3.8464884e+01,-5.0473015e+01
2635,2.6340000e-01,-2.4260165e+03,-4.2093405e+01,-5.5718216e+01
2636,2.6350000e-01,-2.2608711e+03,-4.5828082e+01,-5.9057836e+01
2637,2.6360000e-01,-2.0860158e+03,-4.9686036e+01,-6.0488747e+01
2638,2.6370000e-01,-1.9014772e+03,-5.3596098e+01,-6.0019661e+01
2639,2.6380000e-01,-1.7073468e+03,-5.7651088e+01,-5.7785754e+01
2640,2.6390000e-01,-1.5040397e+03,-6.1832719e+01,-5.3809165e+01
2641,2.6400000e-01,-1.2921123e+03,-6.6167444e+01,-4.8235362e+01
2642,2.6410000e-01,-1.0722626e+03,-7.0506269e+01,-4.1214628e+01
2643,2.6420000e-01,-8.4544930e+02,-7.4820908e+01,-3.2882933e+01
2644,2.6430000e-01,-6.1270101e+02,-7.9065020e+01,-2.3553973e+01
2645,2.6440000e-01,-3.7520650e+02,-8.3224863e+01,-1.3506958e+01
2646,2.6450000e-01,-1.3431243e+02,-8.7270276e+01,-3.0371347e+00
2647,2.6460000e-01,1.0848584e+02,-9.1160693e+01,7.5406432e+00
2648,2.6470000e-01,3.5180446e+02,-9.4864084e+01,1.7838566e+01
2649,2.6480000e-01,5.9405412e+02,-9.8350677e+01,2.7619538e+01
2650,2.6490000e-01,8.3363741e+02,-1.0155295e+02,3.6585313e+01
2651,2.6500000e-01,1.0690717e+03,-1.0442084e+02,4.4458340e+01
2652,2.6510000e-01,1.2989422e+03,-1.0691353e+02,5.0987168e+01
2653,2.6520000e-01,1.5219756e+03,-1.0899727e+02,5.5954808e+01
2654,2.6530000e-01,1.7369676e+03,-1.1063721e+02,5.9237430e+01
2655,2.6540000e-01,1.9430238e+03,-1.1180191e+02,6.0637942e+01
2656,2.6550000e-01,2.1395254e+03,-1.1249682e+02,6.0061828e+01
2657,2.6560000e-01,2.3260283e+03,-1.1272061e+02,5.7466384e+01
2658,2.6570000e-01,2.5022491e+03,-1.1246683e+02,5.2846005e+01
2659,2.6580000e-01,2.6680596e+03,-1.1172977e+02,4.6226911e+01
2660,2.6590000e-01,2.8234943e+03,-1.1050877e+02,3.7662404e+01
2661,2.6600000e-01,2.9686845e+03,-1.0880830e+02,2.7226239e+01
2662,2.6610000e-01,3.1039557e+03,-1.0663902e+02,1.4971803e+01
2663,2.6620000e-01,3.2295985e+03,-1.0402106e+02,1.0434836e+00
2664,2.6630000e-01,3.3459643e+03,-1.0095509e+02,-1.4452049e+01
2665,2.6640000e-01,3.4534625e+03,-9.7463661e+01,-3.1414701e+01
2666,2.6650000e-01,3.5525638e+03,-9.3561640e+01,-4.9717392e+01
2667,2.6660000e-01,3.6436980e+03,-8.9272778e+01,-6.9228578e+01
2668,2.6670000e-01,3.7273866e+03,-8.4628452e+01,-8.9900419e+01
2669,2.6680000e-01,3.8041638e+03,-7.9864330e+01,-1.1200353e+02
2670,2.6690000e-01,3.8745163e+03,-7.4783691e+01,-1.3493833e+02
2671,2.6700000e-01,3.9388988e+03,-6.9394696e+01,-1.5864348e+02
2672,2.6710000e-01,3.9977240e+03,-6.3695590e+01,-1.8303275e+02
2673,2.6720000e-01,4.0514536e+03,-5.8168265e+01,-2.0895296e+02
2674,2.6730000e-01,4.1004983e+03,-5.2315353e+01,-2.3500551e+02
2675,2.6740000e-01,4.1451290e+03,-4.6169521e+01,-2.6141592e+02
2676,2.6750000e-01,4.1855888e+03,-3.9738716e+01,-2.8811709e+02
2677,2.6760000e-01,4.2224599e+03,-3.3271989e+01,-3.1559473e+02
2678,2.6770000e-01,4.2559931e+03,-2.6469825e+01,-3.4328808e+02
2679,2.6780000e-01,4.2861821e+03,-1.9312081e+01,-3.7108015e+02
2680,2.6790000e-01,4.3131143e+03,-1.1751522e+01,-3.9892288e+02
2681,2.6800000e-01,4.3372397e+03,-3.8248742e+00,-4.2603315e+02
2682,2.6810000e-01,4.3593830e+03,4.0639390e+00,-4.5434523e+02
2683,2.6820000e-01,4.3794099e+03,1.1970844e+01,-4.8279493e+02
2684,2.6830000e-01,4.3968970e+03,1.9957045e+01,-5.1081428e+02
2685,2.6840000e-01,4.4116498e+03,2.8019281e+01,-5.3861445e+02
2686,2.6850000e-01,4.4240339e+03,3.6127509e+01,-5.6573070e+02
2687,2.6860000e-01,4.4339434e+03,4.4291108e+01,-5.9280381e+02
2688,2.6870000e-01,4.4412320e+03,5.2417801e+01,-6.1998382e+02
2689,2.6880000e-01,4.4458479e+03,6.0432715e+01,-6.4727517e+02
2690,2.6890000e-01,4.4475774e+03,6.8377157e+01,-6.7429764e+02
2691,2.6900000e-01,4.4463942e+03,7.6081760e+01,-7.0131430e+02
2692,2.6910000e-01,4.4422379e+03,8.3393556e+01,-7.2856709e+02
2693,2.6920000e-01,4.4351463e+03,9.0204770e+01,-7.5551633e+02
2694,2.6930000e-01,4.4252195e+03,9.6395089e+01,-7.8228489e+02
2695,2.6940000e-01,4.4124893e+03,1.0196819e+02,-8.0867187e+02
2696,2.6950000e-01,4.3970184e+03,1.0712367e+02,-8.3420817e+02
2697,2.6960000e-01,4.3788769e+03,1.1206946e+02,-8.5877952e+02
2698,2.6970000e-01,4.3582328e+03,1.1715312e+02,-8.8186423e+02
2699,2.6980000e-01,4.3351916e+03,1.2252269e+02,-9.0379835e+02
2700,2.6990000e-01,4.3092975e+03,1.2776048e+02,-9.2590514e+02
2701,2.7000000e-01,4.2801903e+03,1.3233717e+02,-9.4790120e+02
2702,2.7010000e-01,4.2470428e+03,1.3625897e+02,-9.6922632e+02
2703,2.7020000e-01,4.2094226e+03,1.3956328e+02,-9.8888644e+02
2704,2.7030000e-01,4.1673478e+03,1.4226458e+02,-1.0066691e+03
2705,2.7040000e-01,4.1209081e+03,1.4456167e+02,-1.0225972e+03
2706,2.7050000e-01,4.0700699e+03,1.4638589e+02,-1.0367441e+03
2707,2.7060000e-01,4.0146008e+03,1.4767298e+02,-1.0489934e+03
2708,2.7070000e-01,3.9541377e+03,1.4847911e+02,-1.0591434e+03
2709,2.7080000e-01,3.8882972e+03,1.4882101e+02,-1.0669327e+03
2710,2.7090000e-01,3.8165695e+03,1.4863243e+02,-1.0720956e+03
2711,2.7100000e-01,3.7383830e+03,1.4790765e+02,-1.0743230e+03
2712,2.7110000e-01,3.6531665e+03,1.4659673e+02,-1.0733085e+03
2713,2.7120000e-01,3.5602668e+03,1.4476190e+02,-1.0686844e+03
2714,2.7130000e-01,3.4589886e+03,1.4238544e+02,-1.0600787e+03
2715,2.7140000e-01,3.3486009e+03,1.3944986e+02,-1.0471114e+03
2716,2.7150000e-01,3.2303406e+03,1.3946851e+02,-1.0257552e+03
2717,2.7160000e-01,3.1034084e+03,1.3800105e+02,-9.9792357e+02
2718,2.7170000e-01,2.9663689e+03,1.3455849e+02,-9.6478504e+02
2719,2.7180000e-01,2.8176799e+03,1.2931930e+02,-9.2665127e+02
2720,2.7190000e-01,2.6559901e+03,1.2284018e+02,-8.8329495e+02
2721,2.7200000e-01,2.4802838e+03,1.1549899e+02,-8.3433061e+02
2722,2.7210000e-01,2.2898330e+03,1.0730999e+02,-7.7940480e+02
2723,2.7220000e-01,2.0842287e+03,9.8620686e+01,-7.1819849e+02
2724,2.7230000e-01,1.8633964e+03,8.9318641e+01,-6.5058204e+02
2725,2.7240000e-01,1.6275358e+03,7.9552117e+01,-5.7654530e+02
2726,2.7250000e-01,1.3774331e+03,6.9374016e+01,-4.9636749e+02
2727,2.7260000e-01,1.1141215e+03,5.8973200e+01,-4.1039203e+02
2728,2.7270000e-01,8.3930514e+02,4.8521549e+01,-3.1931053e+02
2729,2.7280000e-01,5.5521882e+02,3.8062620e+01,-2.2406705e+02
2730,2.7290000e-01,2.6443429e+02,2.7577157e+01,-1.2579819e+02
2731,2.7300000e-01,-3.0189172e+01,1.7259519e+01,-2.5746225e+01
2732,2.7310000e-01,-3.2552465e+02,7.2376757e+00,7.4699425e+01
2733,2.7320000e-01,-6.1852464e+02,-2.5888258e+00,1.7416099e+02
2734,2.7330000e-01,-9.0630518e+02,-1.2000894e+01,2.7139154e+02
2735,2.7340000e-01,-1.1861562e+03,-2.0906726e+01,3.6520726e+02
2736,2.7350000e-01,-1.4556867e+03,-2.9154726e+01,4.5456345e+02
2737,2.7360000e-01,-1.7128941e+03,-3.6746163e+01,5.3857555e+02
2738,2.7370000e-01,-1.9563498e+03,-4.3605194e+01,6.1663098e+02
2739,2.7380000e-01,-2.1851033e+03,-4.9662809e+01,6.8836304e+02
2740,2.7390000e-01,-2.3984593e+03,-5.4907724e+01,7.5340180e+02
2741,2.7400000e-01,-2.5961569e+03,-5.9243268e+01,8.1164713e+02
2742,2.7410000e-01,-2.7783842e+03,-6.2720162e+01,8.6316803e+02
2743,2.7420000e-01,-2.9455310e+03,-6.5339988e+01,9.0812711e+02
2744,2.7430000e-01,-3.0981778e+03,-6.7128843e+01,9.4676685e+02
2745,2.7440000e-01,-3.2370879e+03,-6.8129782e+01,9.7939498e+02
2746,2.7450000e-01,-3.3632189e+03,-6.8385633e+01,1.0063950e+03
2747,2.7460000e-01,-3.4774677e+03,-6.7954904e+01,1.0281377e+03
2748,2.7470000e-01,-3.5807225e+03,-6.6884954e+01,1.0449891e+03
2749,2.7480000e-01,-3.6738484e+03,-6.5268274e+01,1.0573176e+03
2750,2.7490000e-01,-3.7577597e+03,-6.3158731e+01,1.0654872e+03
2751,2.7500000e-01,-3.8332995e+03,-6.0622656e+01,1.0698544e+03
2752,2.7510000e-01,-3.9012435e+03,-5.7721068e+01,1.0707596e+03
2753,2.7520000e-01,-3.9622695e+03,-5.4511334e+01,1.0685061e+03
2754,2.7530000e-01,-4.0170005e+03,-5.1048002e+01,1.0634195e+03
2755,2.7540000e-01,-4.0660101e+03,-4.7357182e+01,1.0557905e+03
2756,2.7550000e-01,-4.1098533e+03,-4.3483535e+01,1.0459522e+03
2757,2.7560000e-01,-4.1490866e+03,-3.9430646e+01,1.0342402e+03
2758,2.7570000e-01,-4.1845123e+03,-3.5174718e+01,1.0211182e+03
2759,2.7580000e-01,-4.2167459e+03,-3.0701204e+01,1.0067274e+03
2760,2.7590000e-01,-4.2460688e+03,-2.6046744e+01,9.9115394e+02
2761,2.7600000e-01,-4.2726023e+03,-2.1257714e+01,9.7443225e+02
2762,2.7610000e-01,-4.2963267e+03,-1.6429066e+01,9.5653250e+02
2763,2.7620000e-01,-4.3173518e+03,-1.1609630e+01,9.3750458e+02
2764,2.7630000e-01,-4.3358495e+03,-6.8488604e+00,9.1739657e+02
2765,2.7640000e-01,-4.3518910e+03,-2.1904508e+00,8.9622514e+02
2766,2.7650000e-01,-4.3655999e+03,2.3115739e+00,8.7392596e+02
2767,2.7660000e-01,-4.3770689e+03,6.5612437e+00,8.5043781e+02
2768,2.7670000e-01,-4.3863235e+03,1.0445510e+01,8.2556391e+02
2769,2.7680000e-01,-4.3931430e+03,1.3804680e+01,7.9853472e+02
2770,2.7690000e-01,-4.3966858e+03,1.6412621e+01,7.6907078e+02
2771,2.7700000e-01,-4.3959697e+03,1.8091357e+01,7.3810797e+02
2772,2.7710000e-01,-4.3910801e+03,1.8777599e+01,7.0667389e+02
2773,2.7720000e-01,-4.3829123e+03,1.8947377e+01,6.7528415e+02
2774,2.7730000e-01,-4.3723361e+03,1.8769686e+01,6.4396726e+02
2775,2.7740000e-01,-4.3597949e+03,1.8465796e+01,6.1268511e+02
2776,2.7750000e-01,-4.3454188e+03,1.8197600e+01,5.8151712e+02
2777,2.7760000e-01,-4.3291991e+03,1.7968328e+01,5.5053507e+02
2778,2.7770000e-01,-4.3109687e+03,1.7797427e+01,5.1974485e+02
2779,2.7780000e-01,-4.2905696e+03,1.7616347e+01,4.8918466e+02
2780,2.7790000e-01,-4.2678406e+03,1.7392030e+01,4.5889819e+02
2781,2.7800000e-01,-4.2426427e+03,1.7076152e+01,4.2889019e+02
2782,2.7810000e-01,-4.2148948e+03,1.6566049e+01,3.9922593e+02
2783,2.7820000e-01,-4.1845260e+03,1.5832501e+01,3.6993697e+02
2784,2.7830000e-01,-4.1513858e+03,1.4907463e+01,3.4106463e+02
2785,2.7840000e-01,-4.1153307e+03,1.3754466e+01,3.1264342e+02
2786,2.7850000e-01,-4.0762022e+03,1.2355155e+01,2.8474964e+02
2787,2.7860000e-01,-4.0337702e+03,1.0709609e+01,2.5738307e+02
2788,2.7870000e-01,-3.9878199e+03,8.7439427e+00,2.3057193e+02
2789,2.7880000e-01,-3.9380774e+03,6.4412931e+00,2.0435688e+02
2790,2.7890000e-01,-3.8842761e+03,3.7749981e+00,1.7878317e+02
2791,2.7900000e-01,-3.8261392e+03,7.5799686e-01,1.5390773e+02
2792,2.7910000e-01,-3.7632666e+03,-2.5389142e+00,1.2976319e+02
2793,2.7920000e-01,-3.6952652e+03,-6.0091735e+00,1.0650801e+02
2794,2.7930000e-01,-3.6217110e+03,-9.4318058e+00,8.4300074e+01
2795,2.7940000e-01,-3.5420936e+03,-1.2684465e+01,6.3303531e+01
2796,2.7950000e-01,-3.4558987e+03,-1.5632505e+01,4.3694519e+01
2797,2.7960000e-01,-3.3627303e+03,-1.8411927e+01,2.5636115e+01
2798,2.7970000e-01,-3.2621812e+03,-2.1112566e+01,9.1581131e+00
2799,2.7980000e-01,-3.1538990e+03,-2.3859671e+01,-5.6829124e+00
2800,2.7990000e-01,-3.0375492e+03,-2.6804929e+01,-1.8857240e+01
2801,2.8000000e-01,-2.9126809e+03,-2.9836463e+01,-3.0341620e+01
2802,2.8010000e-01,-2.7789844e+03,-3.3136808e+01,-4.0057422e+01
2803,2.8020000e-01,-2.6361643e+03,-3.6525915e+01,-4.7928679e+01
2804,2.8030000e-01,-2.4839870e+03,-4.0087512e+01,-5.3924126e+01
2805,2.8040000e-01,-2.3223433e+03,-4.3867148e+01,-5.7971091e+01
2806,2.8050000e-01,-2.1510788e+03,-4.7738174e+01,-6.0107192e+01
2807,2.8060000e-01,-1.9701088e+03,-5.1651706e+01,-6.0329758e+01
2808,2.8070000e-01,-1.7795561e+03,-5.5704793e+01,-5.8698428e+01
2809,2.8080000e-01,-1.5796086e+03,-5.9873784e+01,-5.5357134e+01
2810,2.8090000e-01,-1.3707974e+03,-6.4223238e+01,-5.0369209e+01
2811,2.8100000e-01,-1.1537828e+03,-6.8594531e+01,-4.3868470e+01
2812,2.8110000e-01,-9.2937425e+02,-7.2963959e+01,-3.6045222e+01
2813,2.8120000e-01,-6.9864759e+02,-7.7292457e+01,-2.7056923e+01
2814,2.8130000e-01,-4.6273791e+02,-8.1528776e+01,-1.7241371e+01
2815,2.8140000e-01,-2.2292678e+02,-8.5655085e+01,-6.8910381e+00
2816,2.8150000e-01,1.9330415e+01,-8.9638059e+01,3.6837261e+00
2817,2.8160000e-01,2.6267202e+02,-9.3448633e+01,1.4096118e+01
2818,2.8170000e-01,5.0551590e+02,-9.7058182e+01,2.4106660e+01
2819,2.8180000e-01,7.4625552e+02,-1.0039822e+02,3.3409224e+01
2820,2.8190000e-01,9.8338216e+02,-1.0341805e+02,4.1717539e+01
2821,2.8200000e-01,1.2154392e+03,-1.0607546e+02,4.8768707e+01
2822,2.8210000e-01,1.4410989e+03,-1.0833481e+02,5.4332055e+01
2823,2.8220000e-01,1.6592049e+03,-1.1016758e+02,5.8216801e+01
2824,2.8230000e-01,1.8686679e+03,-1.1154173e+02,6.0324800e+01
2825,2.8240000e-01,2.0687448e+03,-1.1243078e+02,6.0486164e+01
2826,2.8250000e-01,2.2589432e+03,-1.1284316e+02,5.8637315e+01
2827,2.8260000e-01,2.4389334e+03,-1.1277886e+02,5.4759610e+01
2828,2.8270000e-01,2.6085385e+03,-1.1223372e+02,4.8868365e+01
2829,2.8280000e-01,2.7677477e+03,-1.1120438e+02,4.1008253e+01
2830,2.8290000e-01,2.9166503e+03,-1.0969357e+02,3.1246081e+01
2831,2.8300000e-01,3.0555370e+03,-1.0771166e+02,1.9629014e+01
2832,2.8310000e-01,3.1846698e+03,-1.0527498e+02,6.3005428e+00
2833,2.8320000e-01,3.3043771e+03,-1.0238532e+02,-8.6359329e+00
2834,2.8330000e-01,3.4150672e+03,-9.9052395e+01,-2.5068549e+01
2835,2.8340000e-01,3.5171814e+03,-9.5308588e+01,-4.2898177e+01
2836,2.8350000e-01,3.6111422e+03,-9.1164857e+01,-6.1965048e+01
2837,2.8360000e-01,3.6974763e+03,-8.6654566e+01,-8.2234498e+01
2838,2.8370000e-01,3.7767080e+03,-8.1816594e+01,-1.0359495e+02
2839,2.8380000e-01,3.8493021e+03,-7.6823453e+01,-1.2619874e+02
2840,2.8390000e-01,3.9157971e+03,-7.1560023e+01,-1.4969357e+02
2841,2.8400000e-01,3.9766163e+03,-6.5998147e+01,-1.7391241e+02
2842,2.8410000e-01,4.0321408e+03,-6.0171164e+01,-1.9876117e+02
2843,2.8420000e-01,4.0828540e+03,-5.4358087e+01,-2.2472417e+02
2844,2.8430000e-01,4.1290926e+03,-4.8370512e+01,-2.5121094e+02
2845,2.8440000e-01,4.1710801e+03,-4.2118510e+01,-2.7798249e+02
2846,2.8450000e-01,4.2090659e+03,-3.5583837e+01,-3.0499867e+02
2847,2.8460000e-01,4.2436126e+03,-2.8972021e+01,-3.3278447e+02
2848,2.8470000e-01,4.2750000e+03,-2.2065986e+01,-3.6078592e+02
2849,2.8480000e-01,4.3032212e+03,-1.4762892e+01,-3.8880033e+02
2850,2.8490000e-01,4.3286071e+03,-7.0412981e+00,-4.1601157e+02
2851,2.8500000e-01,4.3513702e+03,9.9212481e-01,-4.4336009e+02
2852,2.8510000e-01,4.3719956e+03,8.9438878e+00,-4.7177617e+02
2853,2.8520000e-01,4.3903692e+03,1.6905932e+01,-5.0032775e+02
2854,2.8530000e-01,4.4061554e+03,2.4886365e+01,-5.2843211e+02
2855,2.8540000e-01,4.4196249e+03,3.2931492e+01,-5.5570776e+02
2856,2.8550000e-01,4.4306432e+03,4.1066476e+01,-5.8289777e+02
2857,2.8560000e-01,4.4390185e+03,4.9202707e+01,-6.1014415e+02
2858,2.8570000e-01,4.4446832e+03,5.7270042e+01,-6.3748951e+02
2859,2.8580000e-01,4.4474345e+03,6.5298064e+01,-6.6457967e+02
2860,2.8590000e-01,4.4472350e+03,7.3122207e+01,-6.9165538e+02
2861,2.8600000e-01,4.4440508e+03,8.0606397e+01,-7.1898556e+02
2862,2.8610000e-01,4.4379190e+03,8.7608306e+01,-7.4602078e+02
2863,2.8620000e-01,4.4289416e+03,9.3985401e+01,-7.7289751e+02
2864,2.8630000e-01,4.4171449e+03,9.9726671e+01,-7.9941092e+02
2865,2.8640000e-01,4.4025803e+03,1.0495573e+02,-8.2517441e+02
2866,2.8650000e-01,4.3853564e+03,1.0999614e+02,-8.4982675e+02
2867,2.8660000e-01,4.3656465e+03,1.1521092e+02,-8.7296019e+02
2868,2.8670000e-01,4.3435314e+03,1.2068531e+02,-8.9510888e+02
2869,2.8680000e-01,4.3188046e+03,1.2601567e+02,-9.1715512e+02
2870,2.8690000e-01,4.2909100e+03,1.3083170e+02,-9.3937642e+02
2871,2.8700000e-01,4.2592714e+03,1.3495412e+02,-9.6114508e+02
2872,2.8710000e-01,4.2233648e+03,1.3843696e+02,-9.8149077e+02
2873,2.8720000e-01,4.1830606e+03,1.4128624e+02,-1.0000606e+03
2874,2.8730000e-01,4.1383723e+03,1.4367357e+02,-1.0168065e+03
2875,2.8740000e-01,4.0893152e+03,1.4565666e+02,-1.0317816e+03
2876,2.8750000e-01,4.0356855e+03,1.4709548e+02,-1.0448956e+03
2877,2.8760000e-01,3.9771988e+03,1.4805055e+02,-1.0559620e+03
2878,2.8770000e-01,3.9134384e+03,1.4855288e+02,-1.0647385e+03
2879,2.8780000e-01,3.8439837e+03,1.4852698e+02,-1.0709709e+03
2880,2.8790000e-01,3.7682806e+03,1.4797671e+02,-1.0743706e+03
2881,2.8800000e-01,3.6857460e+03,1.4684915e+02,-1.0746291e+03
2882,2.8810000e-01,3.5957764e+03,1.4520185e+02,-1.0714027e+03
2883,2.8820000e-01,3.4976586e+03,1.4302397e+02,-1.0643082e+03
2884,2.8830000e-01,3.3906894e+03,1.4029811e+02,-1.0529850e+03
2885,2.8840000e-01,3.2741070e+03,1.3705755e+02,-1.0370110e+03
2886,2.8850000e-01,3.1490882e+03,1.3698167e+02,-1.0123812e+03
2887,2.8860000e-01,3.0149195e+03,1.3553880e+02,-9.8108036e+02
2888,2.8870000e-01,2.8699793e+03,1.3218638e+02,-9.4417280e+02
2889,2.8880000e-01,2.7128418e+03,1.2715412e+02,-9.0198424e+02
2890,2.8890000e-01,2.5423003e+03,1.2078279e+02,-8.5437292e+02
2891,2.8900000e-01,2.3574899e+03,1.1356646e+02,-8.0099722e+02
2892,2.8910000e-01,2.1579394e+03,1.0550220e+02,-7.4162093e+02
2893,2.8920000e-01,1.9432874e+03,9.6901381e+01,-6.7595234e+02
2894,2.8930000e-01,1.7135324e+03,8.7554762e+01,-6.0397041e+02
2895,2.8940000e-01,1.4692017e+03,7.7787481e+01,-5.2577710e+02
2896,2.8950000e-01,1.2110795e+03,6.7678337e+01,-4.4163258e+02
2897,2.8960000e-01,9.4075516e+02,5.7343445e+01,-3.5218156e+02
2898,2.8970000e-01,6.6021481e+02,4.7009688e+01,-2.5820871e+02
2899,2.8980000e-01,3.7189403e+02,3.6542577e+01,-1.6079689e+02
2900,2.8990000e-01,7.8601190e+01,2.6152399e+01,-6.1158357e+01
2901,2.9000000e-01,-2.1650963e+02,1.5904831e+01,3.9299550e+01
2902,2.9010000e-01,-5.1047156e+02,5.9400400e+00,1.3930394e+02
2903,2.9020000e-01,-8.0032002e+02,-3.8029701e+00,2.3751592e+02
2904,2.9030000e-01,-1.0832574e+03,-1.3096861e+01,3.3272475e+02
2905,2.9040000e-01,-1.3567477e+03,-2.1848215e+01,4.2381144e+02
2906,2.9050000e-01,-1.6186479e+03,-2.9921030e+01,5.0985255e+02
2907,2.9060000e-01,-1.8673208e+03,-3.7411255e+01,5.9006873e+02
2908,2.9070000e-01,-2.1014848e+03,-4.4117109e+01,6.6397996e+02
2909,2.9080000e-01,-2.3204934e+03,-4.9990995e+01,7.3136764e+02
2910,2.9090000e-01,-2.5240217e+03,-5.4991060e+01,7.9203243e+02
2911,2.9100000e-01,-2.7120132e+03,-5.9116763e+01,8.4594660e+02
2912,2.9110000e-01,-2.8847007e+03,-6.2380292e+01,8.9321324e+02
2913,2.9120000e-01,-3.0426989e+03,-6.4752258e+01,9.3411684e+02
2914,2.9130000e-01,-3.1867036e+03,-6.6329514e+01,9.6889788e+02
2915,2.9140000e-01,-3.3174999e+03,-6.7158311e+01,9.9787940e+02
2916,2.9150000e-01,-3.4359689e+03,-6.7286763e+01,1.0214311e+03
2917,2.9160000e-01,-3.5431361e+03,-6.6760431e+01,1.0399511e+03
2918,2.9170000e-01,-3.6399130e+03,-6.5628425e+01,1.0538224e+03
2919,2.9180000e-01,-3.7271203e+03,-6.3984545e+01,1.0633947e+03
2920,2.9190000e-01,-3.8055652e+03,-6.1890721e+01,1.0690170e+03
2921,2.9200000e-01,-3.8760998e+03,-5.9387046e+01,1.0710567e+03
2922,2.9210000e-01,-3.9394721e+03,-5.6550637e+01,1.0698412e+03
2923,2.9220000e-01,-3.9963909e+03,-5.3426177e+01,1.0657069e+03
2924,2.9230000e-01,-4.0474823e+03,-5.0049201e+01,1.0589555e+03
2925,2.9240000e-01,-4.0932767e+03,-4.6441043e+01,1.0498832e+03
2926,2.9250000e-01,-4.1342728e+03,-4.2640033e+01,1.0388055e+03
2927,2.9260000e-01,-4.1711320e+03,-3.8643177e+01,1.0261395e+03
2928,2.9270000e-01,-4.2045056e+03,-3.4422314e+01,1.0121445e+03
2929,2.9280000e-01,-4.2348382e+03,-2.9974957e+01,9.9692056e+02
2930,2.9290000e-01,-4.2623396e+03,-2.5377182e+01,9.8052510e+02
2931,2.9300000e-01,-4.2870458e+03,-2.0693144e+01,9.6293085e+02
2932,2.9310000e-01,-4.3090290e+03,-1.5998702e+01,9.4419670e+02
2933,2.9320000e-01,-4.3284542e+03,-1.1339802e+01,9.2437453e+02
2934,2.9330000e-01,-4.3454450e+03,-6.7599617e+00,9.0347090e+02
2935,2.9340000e-01,-4.3600597e+03,-2.3126860e+00,8.8149802e+02
2936,2.9350000e-01,-4.3723957e+03,1.9423007e+00,8.5839698e+02
2937,2.9360000e-01,-4.3825176e+03,5.8875808e+00,8.3399253e+02
2938,2.9370000e-01,-4.3903263e+03,9.3839951e+00,8.0778886e+02
2939,2.9380000e-01,-4.3952612e+03,1.2234907e+01,7.7921445e+02
2940,2.9390000e-01,-4.3963096e+03,1.4245291e+01,7.4868208e+02
2941,2.9400000e-01,-4.3930730e+03,1.5311622e+01,7.1736550e+02
2942,2.9410000e-01,-4.3862402e+03,1.5618029e+01,6.8590120e+02
2943,2.9420000e-01,-4.3766953e+03,1.5583244e+01,6.5458659e+02
2944,2.9430000e-01,-4.3650259e+03,1.5398371e+01,6.2336676e+02
2945,2.9440000e-01,-4.3514328e+03,1.5134848e+01,5.9219351e+02
2946,2.9450000e-01,-4.3359406e+03,1.4843788e+01,5.6112428e+02
2947,2.9460000e-01,-4.3184623e+03,1.4624265e+01,5.3025638e+02
2948,2.9470000e-01,-4.2988315e+03,1.4471991e+01,4.9960714e+02
2949,2.9480000e-01,-4.2768817e+03,1.4353995e+01,4.6922906e+02
2950,2.9490000e-01,-4.2525448e+03,1.4121839e+01,4.3915010e+02
2951,2.9500000e-01,-4.2256890e+03,1.3758850e+01,4.0936883e+02
2952,2.9510000e-01,-4.1962528e+03,1.3176925e+01,3.7995017e+02
2953,2.9520000e-01,-4.1641036e+03,1.2411585e+01,3.5093750e+02
2954,2.9530000e-01,-4.1291109e+03,1.1417954e+01,3.2236300e+02
2955,2.9540000e-01,-4.0911242e+03,1.0184465e+01,2.9430146e+02
2956,2.9550000e-01,-4.0499187e+03,8.7173872e+00,2.6675336e+02
2957,2.9560000e-01,-4.0052851e+03,6.9410765e+00,2.3974579e+02
2958,2.9570000e-01,-3.9569537e+03,4.8467289e+00,2.1332004e+02
2959,2.9580000e-01,-3.9046747e+03,2.3856987e+00,1.8751488e+02
2960,2.9590000e-01,-3.8481648e+03,-4.1846647e-01,1.6238752e+02
2961,2.9600000e-01,-3.7870390e+03,-3.5134204e+00,1.3796423e+02
2962,2.9610000e-01,-3.7209214e+03,-6.8092221e+00,1.1439646e+02
2963,2.9620000e-01,-3.6494128e+03,-1.0092208e+01,9.1833735e+01
2964,2.9630000e-01,-3.5720220e+03,-1.3250860e+01,7.0430511e+01
2965,2.9640000e-01,-3.4882346e+03,-1.6156797e+01,5.0355446e+01
2966,2.9650000e-01,-3.3976364e+03,-1.8811665e+01,3.1802019e+01
2967,2.9660000e-01,-3.2998107e+03,-2.1382771e+01,1.4795520e+01
2968,2.9670000e-01,-3.1943992e+03,-2.3993275e+01,-6.0510877e-01
2969,2.9680000e-01,-3.0810605e+03,-2.6792067e+01,-1.4367178e+01
2970,2.9690000e-01,-2.9593421e+03,-2.9675680e+01,-2.6465414e+01
2971,2.9700000e-01,-2.8289268e+03,-3.2827612e+01,-3.6817547e+01
2972,2.9710000e-01,-2.6895046e+03,-3.6070165e+01,-4.5345683e+01
2973,2.9720000e-01,-2.5408204e+03,-3.9486824e+01,-5.2014723e+01
2974,2.9730000e-01,-2.3827350e+03,-4.3123786e+01,-5.6746056e+01
2975,2.9740000e-01,-2.2150589e+03,-4.6856734e+01,-5.9568024e+01
2976,2.9750000e-01,-2.0376648e+03,-5.0638350e+01,-6.0467299e+01
2977,2.9760000e-01,-1.8506247e+03,-5.4566760e+01,-5.9493468e+01
2978,2.9770000e-01,-1.6540711e+03,-5.8620242e+01,-5.6777360e+01
2979,2.9780000e-01,-1.4484709e+03,-6.2864209e+01,-5.2368469e+01
2980,2.9790000e-01,-1.2344173e+03,-6.7143273e+01,-4.6385840e+01
2981,2.9800000e-01,-1.0126518e+03,-7.1434692e+01,-3.9004805e+01
2982,2.9810000e-01,-7.8418294e+02,-7.5700948e+01,-3.0372172e+01
2983,2.9820000e-01,-5.5008553e+02,-7.9891905e+01,-2.0811822e+01
2984,2.9830000e-01,-3.1158870e+02,-8.3990828e+01,-1.0609386e+01
2985,2.9840000e-01,-7.0071410e+01,-8.7966201e+01,-6.6063894e-02
2986,2.9850000e-01,1.7294852e+02,-9.1777051e+01,1.0499573e+01
2987,2.9860000e-01,4.1607603e+02,-9.5391174e+01,2.0699563e+01
2988,2.9870000e-01,6.5772199e+02,-9.8778947e+01,3.0299850e+01
2989,2.9880000e-01,8.9633424e+02,-1.0187431e+02,3.9009689e+01
2990,2.9890000e-01,1.1304073e+03,-1.0462615e+02,4.6556305e+01
2991,2.9900000e-01,1.3585555e+03,-1.0699449e+02,5.2695953e+01
2992,2.9910000e-01,1.5795570e+03,-1.0894840e+02,5.7222610e+01
2993,2.9920000e-01,1.7922496e+03,-1.1045416e+02,6.0022610e+01
2994,2.9930000e-01,1.9958149e+03,-1.1148333e+02,6.0911664e+01
2995,2.9940000e-01,2.1896883e+03,-1.1204236e+02,5.9807668e+01
2996,2.9950000e-01,2.3734711e+03,-1.1213029e+02,5.6678031e+01
2997,2.9960000e-01,2.5469228e+03,-1.1174160e+02,5.1525896e+01
2998,2.9970000e-01,2.7099561e+03,-1.1087138e+02,4.4385124e+01
2999,2.9980000e-01,2.8626409e+03,-1.0952100e+02,3.5315177e+01
3000,2.9990000e-01,3.0051394e+03,-1.0769541e+02,2.4394817e+01
3001,3.0000000e-01,3.1378008e+03,-1.0540600e+02,1.1681535e+01
3002,3.0010000e-01,3.2609356e+03,-1.0267443e+02,-2.6798607e+00
3003,3.0020000e-01,3.3749097e+03,-9.9500839e+01,-1.8579388e+01
3004,3.0030000e-01,3.4801412e+03,-9.5911259e+01,-3.5918555e+01
3005,3.0040000e-01,3.5770391e+03,-9.1913728e+01,-5.4529460e+01
3006,3.0050000e-01,3.6661273e+03,-8.7538713e+01,-7.4379712e+01
3007,3.0060000e-01,3.7479334e+03,-8.2830285e+01,-9.5363799e+01
3008,3.0070000e-01,3.8229710e+03,-7.8017350e+01,-1.1776062e+02
3009,3.0080000e-01,3.8917223e+03,-7.2900105e+01,-1.4096529e+02
3010,3.0090000e-01,3.9546160e+03,-6.7475832e+01,-1.6490885e+02
3011,3.0100000e-01,4.0120539e+03,-6.1743556e+01,-1.8950507e+02
3012,3.0110000e-01,4.0645459e+03,-5.6022820e+01,-2.1523550e+02
3013,3.0120000e-01,4.1124410e+03,-5.0123709e+01,-2.4152202e+02
3014,3.0130000e-01,4.1559683e+03,-4.3963648e+01,-2.6813600e+02
3015,3.0140000e-01,4.1953845e+03,-3.7527255e+01,-2.9501754e+02
3016,3.0150000e-01,4.2312676e+03,-3.1049737e+01,-3.2268300e+02
3017,3.0160000e-01,4.2638698e+03,-2.4203488e+01,-3.5052143e+02
3018,3.0170000e-01,4.2932336e+03,-1.7008776e+01,-3.7846496e+02
3019,3.0180000e-01,4.3194184e+03,-9.4398088e+00,-4.0643091e+02
3020,3.0190000e-01,4.3428183e+03,-1.5140015e+00,-4.3361096e+02
3021,3.0200000e-01,4.3642290e+03,6.3442637e+00,-4.6192292e+02
3022,3.0210000e-01,4.3835257e+03,1.4204021e+01,-4.9033812e+02
3023,3.0220000e-01,4.4003020e+03,2.2084418e+01,-5.1834910e+02
3024,3.0230000e-01,4.4143633e+03,3.0065307e+01,-5.4614626e+02
3025,3.0240000e-01,4.4260574e+03,3.8118505e+01,-5.7324817e+02
3026,3.0250000e-01,4.4353009e+03,4.6184948e+01,-6.0031297e+02
3027,3.0260000e-01,4.4419403e+03,5.4206370e+01,-6.2747755e+02
3028,3.0270000e-01,4.4459222e+03,6.2107210e+01,-6.5473815e+02
3029,3.0280000e-01,4.4470142e+03,6.9926026e+01,-6.8171140e+02
3030,3.0290000e-01,4.4450236e+03,7.7533269e+01,-7.0892389e+02
3031,3.0300000e-01,4.4400275e+03,8.4758052e+01,-7.3588758e+02
3032,3.0310000e-01,4.4321556e+03,9.1385343e+01,-7.6276258e+02
3033,3.0320000e-01,4.4215019e+03,9.7414469e+01,-7.8924898e+02
3034,3.0330000e-01,4.4080750e+03,1.0283334e+02,-8.1548919e+02
3035,3.0340000e-01,4.3919464e+03,1.0781452e+02,-8.4088528e+02
3036,3.0350000e-01,4.3731793e+03,1.1267135e+02,-8.6533328e+02
3037,3.0360000e-01,4.3519156e+03,1.1766209e+02,-8.8830142e+02
3038,3.0370000e-01,4.3281655e+03,1.2301421e+02,-9.1024710e+02
3039,3.0380000e-01,4.3015847e+03,1.2808334e+02,-9.3210530e+02
3040,3.0390000e-01,4.2715713e+03,1.3254665e+02,-9.5386217e+02
3041,3.0400000e-01,4.2375409e+03,1.3631376e+02,-9.7482983e+02
3042,3.0410000e-01,4.1989699e+03,1.3950445e+02,-9.9386373e+02
3043,3.0420000e-01,4.1559072e+03,1.4216121e+02,-1.0110328e+03
3044,3.0430000e-01,4.1084302e+03,1.4442118e+02,-1.0265060e+03
3045,3.0440000e-01,4.0564598e+03,1.4615848e+02,-1.0401749e+03
3046,3.0450000e-01,3.9997228e+03,1.4733760e+02,-1.0519056e+03
3047,3.0460000e-01,3.9378702e+03,1.4801720e+02,-1.0614647e+03
3048,3.0470000e-01,3.8705249e+03,1.4822920e+02,-1.0685962e+03
3049,3.0480000e-01,3.7971588e+03,1.4791107e+02,-1.0730231e+03
3050,3.0490000e-01,3.7172145e+03,1.4705656e+02,-1.0744390e+03
3051,3.0500000e-01,3.6300624e+03,1.4562271e+02,-1.0725163e+03
3052,3.0510000e-01,3.5350290e+03,1.4367065e+02,-1.0668804e+03
3053,3.0520000e-01,3.4314383e+03,1.4117640e+02,-1.0571728e+03
3054,3.0530000e-01,3.3185375e+03,1.3817142e+02,-1.0429774e+03
3055,3.0540000e-01,3.1975169e+03,1.3814681e+02,-1.0203084e+03
3056,3.0550000e-01,3.0673521e+03,1.3667263e+02,-9.9099997e+02
3057,3.0560000e-01,2.9267643e+03,1.3327483e+02,-9.5626544e+02
3058,3.0570000e-01,2.7743835e+03,1.2810982e+02,-9.1645190e+02
3059,3.0580000e-01,2.6089136e+03,1.2171937e+02,-8.7133832e+02
3060,3.0590000e-01,2.4294317e+03,1.1447572e+02,-8.2057322e+02
3061,3.0600000e-01,2.2352426e+03,1.0638616e+02,-7.6382289e+02
3062,3.0610000e-01,2.0259848e+03,9.7800121e+01,-7.0080286e+02
3063,3.0620000e-01,1.8016300e+03,8.8600118e+01,-6.3140786e+02
3064,3.0630000e-01,1.5625012e+03,7.8847398e+01,-5.5571153e+02
3065,3.0640000e-01,1.3093095e+03,6.8757512e+01,-4.7392952e+02
3066,3.0650000e-01,1.0432696e+03,5.8429709e+01,-3.8655029e+02
3067,3.0660000e-01,7.6626984e+02,4.8034464e+01,-2.9432956e+02
3068,3.0670000e-01,4.8053961e+02,3.7613216e+01,-1.9821470e+02
3069,3.0680000e-01,1.8870141e+02,2.7179261e+01,-9.9376424e+01
3070,3.0690000e-01,-1.0613263e+02,1.6903683e+01,8.1832018e-01
3071,3.0700000e-01,-4.0094348e+02,6.9087653e+00,1.0110074e+02
3072,3.0710000e-01,-6.9276916e+02,-2.8693121e+00,2.0009124e+02
3073,3.0720000e-01,-9.7873087e+02,-1.2221240e+01,2.9655489e+02
3074,3.0730000e-01,-1.2561557e+03,-2.1052012e+01,3.8931287e+02
3075,3.0740000e-01,-1.5227404e+03,-2.9222708e+01,4.7736665e+02
3076,3.0750000e-01,-1.7766335e+03,-3.6738190e+01,5.5990963e+02
3077,3.0760000e-01,-2.0164089e+03,-4.3505679e+01,6.3632352e+02
3078,3.0770000e-01,-2.2413013e+03,-4.9472277e+01,7.0633229e+02
3079,3.0780000e-01,-2.4507272e+03,-5.4615627e+01,7.6960701e+02
3080,3.0790000e-01,-2.6444950e+03,-5.8847052e+01,8.2608348e+02
3081,3.0800000e-01,-2.8228755e+03,-6.2229021e+01,8.7587287e+02
3082,3.0810000e-01,-2.9863194e+03,-6.4764070e+01,9.1916103e+02
3083,3.0820000e-01,-3.1354607e+03,-6.6479058e+01,9.5620695e+02
3084,3.0830000e-01,-3.2710954e+03,-6.7418244e+01,9.8733435e+02
3085,3.0840000e-01,-3.3941758e+03,-6.7630794e+01,1.0129319e+03
3086,3.0850000e-01,-3.5055512e+03,-6.7169833e+01,1.0333507e+03
3087,3.0860000e-01,-3.6060850e+03,-6.6081966e+01,1.0489546e+03
3088,3.0870000e-01,-3.6967365e+03,-6.4453527e+01,1.0601347e+03
3089,3.0880000e-01,-3.7783680e+03,-6.2343384e+01,1.0672385e+03
3090,3.0890000e-01,-3.8517329e+03,-5.9827441e+01,1.0706193e+03
3091,3.0900000e-01,-3.9176451e+03,-5.6952655e+01,1.0706193e+03
3092,3.0910000e-01,-3.9767522e+03,-5.3782310e+01,1.0675508e+03
3093,3.0920000e-01,-4.0296870e+03,-5.0372626e+01,1.0617294e+03
3094,3.0930000e-01,-4.0770852e+03,-4.6724449e+01,1.0534682e+03
3095,3.0940000e-01,-4.1195240e+03,-4.2880150e+01,1.0430890e+03
3096,3.0950000e-01,-4.1576489e+03,-3.8843910e+01,1.0309934e+03
3097,3.0960000e-01,-4.1921841e+03,-3.4598839e+01,1.0175155e+03
3098,3.0970000e-01,-4.2235781e+03,-3.0126729e+01,1.0027958e+03
3099,3.0980000e-01,-4.2520996e+03,-2.5488016e+01,9.8689772e+02
3100,3.0990000e-01,-4.2778813e+03,-2.0730316e+01,9.6985710e+02
3101,3.1000000e-01,-4.3009412e+03,-1.5947823e+01,9.5163681e+02
3102,3.1010000e-01,-4.3213482e+03,-1.1193732e+01,9.3229172e+02
3103,3.1020000e-01,-4.3392571e+03,-6.5141956e+00,9.1186527e+02
3104,3.1030000e-01,-4.3547579e+03,-1.9481775e+00,8.9037845e+02
3105,3.1040000e-01,-4.3679610e+03,2.4477198e+00,8.6774419e+02
3106,3.1050000e-01,-4.3789574e+03,6.5598618e+00,8.4387801e+02
3107,3.1060000e-01,-4.3877113e+03,1.0269784e+01,8.1846988e+02
3108,3.1070000e-01,-4.3938773e+03,1.3403150e+01,7.9087650e+02
3109,3.1080000e-01,-4.3964467e+03,1.5779614e+01,7.6090494e+02
3110,3.1090000e-01,-4.3946701e+03,1.7189711e+01,7.2974881e+02
3111,3.1100000e-01,-4.3889654e+03,1.7694232e+01,6.9825658e+02
3112,3.1110000e-01,-4.3802593e+03,1.7736536e+01,6.6683794e+02
3113,3.1120000e-01,-4.3693302e+03,1.7511341e+01,6.3556902e+02
3114,3.1130000e-01,-4.3564735e+03,1.7197710e+01,6.0434077e+02
3115,3.1140000e-01,-4.3417092e+03,1.6905563e+01,5.7321576e+02
3116,3.1150000e-01,-4.3249544e+03,1.6721085e+01,5.4228698e+02
3117,3.1160000e-01,-4.3060782e+03,1.6570484e+01,5.1155686e+02
3118,3.1170000e-01,-4.2849517e+03,1.6421460e+01,4.8107309e+02
3119,3.1180000e-01,-4.2614952e+03,1.6178235e+01,4.5087087e+02
3120,3.1190000e-01,-4.2355676e+03,1.5825822e+01,4.2095284e+02
3121,3.1200000e-01,-4.2071097e+03,1.5260309e+01,3.9138388e+02
3122,3.1210000e-01,-4.1760031e+03,1.4501946e+01,3.6220350e+02
3123,3.1220000e-01,-4.1421084e+03,1.3550181e+01,3.3345294e+02
3124,3.1230000e-01,-4.1052578e+03,1.2350275e+01,3.0515895e+02
3125,3.1240000e-01,-4.0652878e+03,1.0908746e+01,2.7740457e+02
3126,3.1250000e-01,-4.0219776e+03,9.2093780e+00,2.5018754e+02
3127,3.1260000e-01,-3.9750837e+03,7.1747415e+00,2.2353293e+02
3128,3.1270000e-01,-3.9243417e+03,4.7901106e+00,1.9748194e+02
3129,3.1280000e-01,-3.8694739e+03,2.0562788e+00,1.7208730e+02
3130,3.1290000e-01,-3.8101718e+03,-1.0016350e+00,1.4741348e+02
3131,3.1300000e-01,-3.7460224e+03,-4.2949884e+00,1.2350141e+02
3132,3.1310000e-01,-3.6766313e+03,-7.6850351e+00,1.0052439e+02
3133,3.1320000e-01,-3.6015494e+03,-1.1023914e+01,7.8634125e+01
3134,3.1330000e-01,-3.5202746e+03,-1.4089128e+01,5.8016131e+01
3135,3.1340000e-01,-3.4322999e+03,-1.6966639e+01,3.8804497e+01
3136,3.1350000e-01,-3.3372556e+03,-1.9690254e+01,2.1163154e+01
3137,3.1360000e-01,-3.2347709e+03,-2.2368613e+01,5.1154147e+00
3138,3.1370000e-01,-3.1244763e+03,-2.5124635e+01,-9.2887466e+00
3139,3.1380000e-01,-3.0059887e+03,-2.7971203e+01,-2.1987145e+01
3140,3.1390000e-01,-2.8789060e+03,-3.1077757e+01,-3.3012165e+01
3141,3.1400000e-01,-2.7429190e+03,-3.4361047e+01,-4.2248897e+01
3142,3.1410000e-01,-2.5977601e+03,-3.7742052e+01,-4.9630525e+01
3143,3.1420000e-01,-2.4431864e+03,-4.1365307e+01,-5.5144612e+01
3144,3.1430000e-01,-2.2790940e+03,-4.5115031e+01,-5.8690146e+01
3145,3.1440000e-01,-2.1053317e+03,-4.8970739e+01,-6.0322435e+01
3146,3.1450000e-01,-1.9218928e+03,-5.2871634e+01,-6.0049733e+01
3147,3.1460000e-01,-1.7288440e+03,-5.6916347e+01,-5.8004904e+01
3148,3.1470000e-01,-1.5265782e+03,-6.1089670e+01,-5.4206433e+01
3149,3.1480000e-01,-1.3156295e+03,-6.5418849e+01,-4.8795226e+01
3150,3.1490000e-01,-1.0966745e+03,-6.9755464e+01,-4.1916876e+01
3151,3.1500000e-01,-8.7064984e+02,-7.4071788e+01,-3.3703522e+01
3152,3.1510000e-01,-6.3856439e+02,-7.8321429e+01,-2.4465656e+01
3153,3.1520000e-01,-4.0158929e+02,-8.2491194e+01,-1.4478547e+01
3154,3.1530000e-01,-1.6105651e+02,-8.6551017e+01,-4.0353477e+00
3155,3.1540000e-01,8.1549360e+01,-9.0460487e+01,6.5508140e+00
3156,3.1550000e-01,3.2485035e+02,-9.4187682e+01,1.6892553e+01
3157,3.1560000e-01,5.6725856e+02,-9.7702849e+01,2.6751715e+01
3158,3.1570000e-01,8.0717290e+02,-1.0093836e+02,3.5827621e+01
3159,3.1580000e-01,1.0431020e+03,-1.0384414e+02,4.3839839e+01
3160,3.1590000e-01,1.2736177e+03,-1.0637916e+02,5.0533235e+01
3161,3.1600000e-01,1.4974298e+03,-1.0850923e+02,5.5686455e+01
3162,3.1610000e-01,1.7134262e+03,-1.1020742e+02,5.9119081e+01
3163,3.1620000e-01,1.9205404e+03,-1.1144250e+02,6.0742351e+01
3164,3.1630000e-01,2.1181180e+03,-1.1219119e+02,6.0397521e+01
3165,3.1640000e-01,2.3057192e+03,-1.1246385e+02,5.8033939e+01
3166,3.1650000e-01,2.4830528e+03,-1.1226019e+02,5.3641540e+01
3167,3.1660000e-01,2.6499792e+03,-1.1157648e+02,4.7243200e+01
3168,3.1670000e-01,2.8065218e+03,-1.1041141e+02,3.8889834e+01
3169,3.1680000e-01,2.9528015e+03,-1.0876882e+02,2.8653370e+01
3170,3.1690000e-01,3.0891346e+03,-1.0665891e+02,1.6585676e+01
3171,3.1700000e-01,3.2158040e+03,-1.0410049e+02,2.8319001e+00
3172,3.1710000e-01,3.3331550e+03,-1.0109417e+02,-1.2503184e+01
3173,3.1720000e-01,3.4415928e+03,-9.7652726e+01,-2.9306096e+01
3174,3.1730000e-01,3.5415849e+03,-9.3809662e+01,-4.7479465e+01
3175,3.1740000e-01,3.6335594e+03,-8.9581580e+01,-6.6878244e+01
3176,3.1750000e-01,3.7180373e+03,-8.4997121e+01,-8.7450951e+01
3177,3.1760000e-01,3.7955368e+03,-8.0089374e+01,-1.0908294e+02
3178,3.1770000e-01,3.8665659e+03,-7.5043877e+01,-1.3197671e+02
3179,3.1780000e-01,3.9315895e+03,-6.9738774e+01,-1.5569836e+02
3180,3.1790000e-01,3.9910221e+03,-6.4133569e+01,-1.8011467e+02
3181,3.1800000e-01,4.0452450e+03,-5.8262556e+01,-2.0513563e+02
3182,3.1810000e-01,4.0947385e+03,-5.2414105e+01,-2.3126807e+02
3183,3.1820000e-01,4.1398379e+03,-4.6389785e+01,-2.5788484e+02
3184,3.1830000e-01,4.1807645e+03,-4.0103837e+01,-2.8476968e+02
3185,3.1840000e-01,4.2179308e+03,-3.3343431e+01,-3.1131245e+02
3186,3.1850000e-01,4.2517524e+03,-2.6635942e+01,-3.3930415e+02
3187,3.1860000e-01,4.2823724e+03,-1.9628671e+01,-3.6749194e+02
3188,3.1870000e-01,4.3097846e+03,-1.2243678e+01,-3.9566799e+02
3189,3.1880000e-01,4.3343619e+03,-4.4737248e+00,-4.2310207e+02
3190,3.1890000e-01,4.3563345e+03,3.5543357e+00,-4.5053950e+02
3191,3.1900000e-01,4.3761941e+03,1.1528145e+01,-4.7896640e+02
3192,3.1910000e-01,4.3938408e+03,1.9426375e+01,-5.0749121e+02
3193,3.1920000e-01,4.4089270e+03,2.7313708e+01,-5.3559208e+02
3194,3.1930000e-01,4.4217059e+03,3.5241633e+01,-5.6287013e+02
3195,3.1940000e-01,4.4320470e+03,4.3242968e+01,-5.9006610e+02
3196,3.1950000e-01,4.4397654e+03,5.1236301e+01,-6.1730917e+02
3197,3.1960000e-01,4.4447948e+03,5.9147771e+01,-6.4464350e+02
3198,3.1970000e-01,4.4469149e+03,6.7019705e+01,-6.7170659e+02
3199,3.1980000e-01,4.4461045e+03,7.4690240e+01,-6.9876616e+02
3200,3.1990000e-01,4.4423031e+03,8.1963986e+01,-7.2606371e+02
3201,3.2000000e-01,4.4355793e+03,8.8754209e+01,-7.5309537e+02
3202,3.2010000e-01,4.4259879e+03,9.4996435e+01,-7.7973019e+02
3203,3.2020000e-01,4.4135662e+03,1.0062971e+02,-8.0613720e+02
3204,3.2030000e-01,4.3984141e+03,1.0583451e+02,-8.3171005e+02
3205,3.2040000e-01,4.3805933e+03,1.1083513e+02,-8.5627128e+02
3206,3.2050000e-01,4.3602565e+03,1.1595270e+02,-8.7942660e+02
3207,3.2060000e-01,4.3375269e+03,1.2134338e+02,-9.0142514e+02
3208,3.2070000e-01,4.3119899e+03,1.2660320e+02,-9.2350311e+02
3209,3.2080000e-01,4.2832879e+03,1.3123398e+02,-9.4546891e+02
3210,3.2090000e-01,4.2508286e+03,1.3519513e+02,-9.6696015e+02
3211,3.2100000e-01,4.2139149e+03,1.3856069e+02,-9.8679801e+02
3212,3.2110000e-01,4.1724793e+03,1.4133399e+02,-1.0048849e+03
3213,3.2120000e-01,4.1266779e+03,1.4366777e+02,-1.0210799e+03
3214,3.2130000e-01,4.0764267e+03,1.4553620e+02,-1.0355068e+03
3215,3.2140000e-01,4.0215359e+03,1.4685956e+02,-1.0480301e+03
3216,3.2150000e-01,3.9616835e+03,1.4770481e+02,-1.0584679e+03
3217,3.2160000e-01,3.8964989e+03,1.4809057e+02,-1.0665646e+03
3218,3.2170000e-01,3.8255082e+03,1.4794985e+02,-1.0720638e+03
3219,3.2180000e-01,3.7481182e+03,1.4728476e+02,-1.0746571e+03
3220,3.2190000e-01,3.6637516e+03,1.4604188e+02,-1.0740367e+03
3221,3.2200000e-01,3.5717563e+03,1.4428058e+02,-1.0698372e+03
3222,3.2210000e-01,3.4714484e+03,1.4198346e+02,-1.0616924e+03
3223,3.2220000e-01,3.3621209e+03,1.3913319e+02,-1.0492319e+03
3224,3.2230000e-01,3.2429426e+03,1.3577166e+02,-1.0319968e+03
3225,3.2240000e-01,3.1151302e+03,1.3566261e+02,-1.0060433e+03
3226,3.2250000e-01,2.9776987e+03,1.3420908e+02,-9.7325440e+02
3227,3.2260000e-01,2.8293375e+03,1.3088923e+02,-9.3479086e+02
3228,3.2270000e-01,2.6686291e+03,1.2591040e+02,-8.9095545e+02
3229,3.2280000e-01,2.4943301e+03,1.1961726e+02,-8.4160841e+02
3230,3.2290000e-01,2.3057344e+03,1.1249008e+02,-7.8644927e+02
3231,3.2300000e-01,2.1024742e+03,1.0452203e+02,-7.2528711e+02
3232,3.2310000e-01,1.8842705e+03,9.5946850e+01,-6.5788386e+02
3233,3.2320000e-01,1.6512636e+03,8.6706165e+01,-5.8424672e+02
3234,3.2330000e-01,1.4039006e+03,7.7061163e+01,-5.0449920e+02
3235,3.2340000e-01,1.1431901e+03,6.7054690e+01,-4.1898390e+02
3236,3.2350000e-01,8.7076749e+02,5.6787494e+01,-3.2838079e+02
3237,3.2360000e-01,5.8862173e+02,4.6502801e+01,-2.3350080e+02
3238,3.2370000e-01,2.9930077e+02,3.6092788e+01,-1.3549814e+02
3239,3.2380000e-01,5.5570252e+00,2.5744351e+01,-3.5546975e+01
3240,3.2390000e-01,-2.8942119e+02,1.5534614e+01,6.4905436e+01
3241,3.2400000e-01,-5.8254987e+02,5.6178318e+00,1.6458535e+02
3242,3.2410000e-01,-8.7083821e+02,-4.0655004e+00,2.6213717e+02
3243,3.2420000e-01,-1.1516201e+03,-1.3296619e+01,3.5640554e+02
3244,3.2430000e-01,-1.4224414e+03,-2.1979194e+01,4.4631036e+02
3245,3.2440000e-01,-1.6813168e+03,-3.0069359e+01,5.3093459e+02
3246,3.2450000e-01,-1.9265821e+03,-3.7453033e+01,6.0962293e+02
3247,3.2460000e-01,-2.1572149e+03,-4.4053285e+01,6.8199844e+02
3248,3.2470000e-01,-2.3725564e+03,-4.9853447e+01,7.4772676e+02
3249,3.2480000e-01,-2.5722846e+03,-5.4730479e+01,8.0667804e+02
3250,3.2490000e-01,-2.7564871e+03,-5.8755430e+01,8.5888818e+02
3251,3.2500000e-01,-2.9254894e+03,-6.1924480e+01,9.0449393e+02
3252,3.2510000e-01,-3.0799115e+03,-6.4261681e+01,9.4375335e+02
3253,3.2520000e-01,-3.2205812e+03,-6.5764304e+01,9.7702122e+02
3254,3.2530000e-01,-3.3483285e+03,-6.6529358e+01,1.0046068e+03
3255,3.2540000e-01,-3.4639864e+03,-6.6608997e+01,1.0268600e+03
3256,3.2550000e-01,-3.5684851e+03,-6.6055563e+01,1.0441537e+03
3257,3.2560000e-01,-3.6628114e+03,-6.4909138e+01,1.0568936e+03
3258,3.2570000e-01,-3.7477802e+03,-6.3260216e+01,1.0654213e+03
3259,3.2580000e-01,-3.8241929e+03,-6.1170299e+01,1.0700937e+03
3260,3.2590000e-01,-3.8928834e+03,-5.8684120e+01,1.0712759e+03
3261,3.2600000e-01,-3.9545298e+03,-5.5867171e+01,1.0692669e+03
3262,3.2610000e-01,-4.0097295e+03,-5.2774296e+01,1.0643857e+03
3263,3.2620000e-01,-4.0591284e+03,-4.9430249e+01,1.0569406e+03
3264,3.2630000e-01,-4.1033344e+03,-4.5879352e+01,1.0472762e+03
3265,3.2640000e-01,-4.1428790e+03,-4.2103194e+01,1.0356999e+03
3266,3.2650000e-01,-4.1785904e+03,-3.8119064e+01,1.0226552e+03
3267,3.2660000e-01,-4.2110820e+03,-3.3898379e+01,1.0083274e+03
3268,3.2670000e-01,-4.2406629e+03,-2.9461313e+01,9.9279248e+02
3269,3.2680000e-01,-4.2675118e+03,-2.4890294e+01,9.7609905e+02
3270,3.2690000e-01,-4.2916154e+03,-2.0249527e+01,9.5820946e+02
3271,3.2700000e-01,-4.3130494e+03,-1.5613615e+01,9.3917551e+02
3272,3.2710000e-01,-4.3319735e+03,-1.1029426e+01,9.1905298e+02
3273,3.2720000e-01,-4.3484433e+03,-6.5381553e+00,8.9786127e+02
3274,3.2730000e-01,-4.3625602e+03,-2.1890859e+00,8.7554032e+02
3275,3.2740000e-01,-4.3744241e+03,1.9293367e+00,8.5206022e+02
3276,3.2750000e-01,-4.3840669e+03,5.7124026e+00,8.2722425e+02
3277,3.2760000e-01,-4.3913242e+03,9.0173702e+00,8.0055721e+02
3278,3.2770000e-01,-4.3955354e+03,1.1667858e+01,7.7151622e+02
3279,3.2780000e-01,-4.3957011e+03,1.3472439e+01,7.4071522e+02
3280,3.2790000e-01,-4.3916979e+03,1.4321110e+01,7.0933299e+02
3281,3.2800000e-01,-4.3843139e+03,1.4574853e+01,6.7788883e+02
3282,3.2810000e-01,-4.3743711e+03,1.4426210e+01,6.4659610e+02
3283,3.2820000e-01,-4.3623181e+03,1.4225883e+01,6.1540346e+02
3284,3.2830000e-01,-4.3482783e+03,1.3971001e+01,5.8425893e+02
3285,3.2840000e-01,-4.3322251e+03,1.3730937e+01,5.5323080e+02
3286,3.2850000e-01,-4.3141070e+03,1.3493915e+01,5.2240130e+02
3287,3.2860000e-01,-4.2937927e+03,1.3324022e+01,4.9179931e+02
3288,3.2870000e-01,-4.2711535e+03,1.3182186e+01,4.6148043e+02
3289,3.2880000e-01,-4.2460941e+03,1.2915740e+01,4.3143085e+02
3290,3.2890000e-01,-4.2185347e+03,1.2514063e+01,4.0173319e+02
3291,3.2900000e-01,-4.1883914e+03,1.1903183e+01,3.7241358e+02
3292,3.2910000e-01,-4.1555299e+03,1.1104178e+01,3.4351237e+02
3293,3.2920000e-01,-4.1197916e+03,1.0067470e+01,3.1505617e+02
3294,3.2930000e-01,-4.0810107e+03,8.7978542e+00,2.8712492e+02
3295,3.2940000e-01,-4.0389714e+03,7.2820378e+00,2.5971671e+02
3296,3.2950000e-01,-3.9934379e+03,5.4435829e+00,2.3285590e+02
3297,3.2960000e-01,-3.9441458e+03,3.2791585e+00,2.0658617e+02
3298,3.2970000e-01,-3.8908407e+03,7.6546054e-01,1.8095399e+02
3299,3.2980000e-01,-3.8332212e+03,-2.0779872e+00,1.5601865e+02
3300,3.2990000e-01,-3.7708886e+03,-5.1799700e+00,1.3181386e+02
3301,3.3000000e-01,-3.7034757e+03,-8.4134531e+00,1.0850367e+02
3302,3.3010000e-01,-3.6305300e+03,-1.1632326e+01,8.6232460e+01
3303,3.3020000e-01,-3.5515606e+03,-1.4615667e+01,6.5180588e+01
3304,3.3030000e-01,-3.4660620e+03,-1.7376037e+01,4.5495596e+01
3305,3.3040000e-01,-3.3736618e+03,-2.0042625e+01,2.7326396e+01
3306,3.3050000e-01,-3.2739751e+03,-2.2620812e+01,1.0716122e+01
3307,3.3060000e-01,-3.1666162e+03,-2.5190231e+01,-4.2633455e+00
3308,3.3070000e-01,-3.0512192e+03,-2.7978751e+01,-1.7590288e+01
3309,3.3080000e-01,-2.9273584e+03,-3.0862183e+01,-2.9240071e+01
3310,3.3090000e-01,-2.7947250e+03,-3.4015774e+01,-3.9133144e+01
3311,3.3100000e-01,-2.6530363e+03,-3.7259649e+01,-4.7191653e+01
3312,3.3110000e-01,-2.5020155e+03,-4.0678178e+01,-5.3381395e+01
3313,3.3120000e-01,-2.3415374e+03,-4.4317136e+01,-5.7626067e+01
3314,3.3130000e-01,-2.1714146e+03,-4.8050634e+01,-5.9958648e+01
3315,3.3140000e-01,-1.9915908e+03,-5.1828461e+01,-6.0374065e+01
3316,3.3150000e-01,-1.8021755e+03,-5.5747994e+01,-5.8931980e+01
3317,3.3160000e-01,-1.6033694e+03,-5.9787617e+01,-5.5768489e+01
3318,3.3170000e-01,-1.3956337e+03,-6.4012958e+01,-5.0943641e+01
3319,3.3180000e-01,-1.1795979e+03,-6.8267321e+01,-4.4585214e+01
3320,3.3190000e-01,-9.5602158e+02,-7.2527208e+01,-3.6877433e+01
3321,3.3200000e-01,-7.2601294e+02,-7.6752158e+01,-2.7976177e+01
3322,3.3210000e-01,-4.9069685e+02,-8.0891210e+01,-1.8216904e+01
3323,3.3220000e-01,-2.5133039e+02,-8.4928677e+01,-7.8894548e+00
3324,3.3230000e-01,-9.3485616e+00,-8.8832286e+01,2.6981524e+00
3325,3.3240000e-01,2.3389913e+02,-9.2573089e+01,1.3160134e+01
3326,3.3250000e-01,4.7683550e+02,-9.6122382e+01,2.3256552e+01
3327,3.3260000e-01,7.1785268e+02,-9.9411552e+01,3.2679442e+01
3328,3.3270000e-01,9.5543484e+02,-1.0238983e+02,4.1139726e+01
3329,3.3280000e-01,1.1881130e+03,-1.0501485e+02,4.8370766e+01
3330,3.3290000e-01,1.4145427e+03,-1.0725073e+02,5.4137460e+01
3331,3.3300000e-01,1.6335479e+03,-1.0906848e+02,5.8244004e+01
3332,3.3310000e-01,1.8440170e+03,-1.1043558e+02,6.0587251e+01
3333,3.3320000e-01,2.0451833e+03,-1.1132491e+02,6.0993417e+01
3334,3.3330000e-01,2.2365321e+03,-1.1174408e+02,5.9392270e+01
3335,3.3340000e-01,2.4177232e+03,-1.1169352e+02,5.5761079e+01
3336,3.3350000e-01,2.5885429e+03,-1.1116765e+02,5.0111222e+01
3337,3.3360000e-01,2.7489614e+03,-1.1016265e+02,4.2483980e+01
3338,3.3370000e-01,2.8990559e+03,-1.0868103e+02,3.2943831e+01
3339,3.3380000e-01,3.0390171e+03,-1.0672746e+02,2.1573889e+01
3340,3.3390000e-01,3.1692213e+03,-1.0431641e+02,8.4353188e+00
3341,3.3400000e-01,3.2900006e+03,-1.0146965e+02,-6.3263577e+00
3342,3.3410000e-01,3.4017352e+03,-9.8186893e+01,-2.2598523e+01
3343,3.3420000e-01,3.5048503e+03,-9.4497140e+01,-4.0284257e+01
3344,3.3430000e-01,3.5997596e+03,-9.0411534e+01,-5.9226032e+01
3345,3.3440000e-01,3.6869856e+03,-8.5960413e+01,-7.9383446e+01
3346,3.3450000e-01,3.7670522e+03,-8.1182323e+01,-1.0064416e+02
3347,3.3460000e-01,3.8404763e+03,-7.6263447e+01,-1.2321400e+02
3348,3.3470000e-01,3.9077282e+03,-7.1082755e+01,-1.4664786e+02
3349,3.3480000e-01,3.9692256e+03,-6.5614139e+01,-1.7081390e+02
3350,3.3490000e-01,4.0253646e+03,-5.9844883e+01,-1.9560790e+02
3351,3.3500000e-01,4.0766448e+03,-5.4101460e+01,-2.2154339e+02
3352,3.3510000e-01,4.1234092e+03,-4.8185521e+01,-2.4800036e+02
3353,3.3520000e-01,4.1658853e+03,-4.2006486e+01,-2.7475368e+02
3354,3.3530000e-01,4.2043593e+03,-3.5548328e+01,-3.0177102e+02
3355,3.3540000e-01,4.2393969e+03,-2.9032352e+01,-3.2960133e+02
3356,3.3550000e-01,4.2712095e+03,-2.2221119e+01,-3.5758925e+02
3357,3.3560000e-01,4.2997940e+03,-1.4980855e+01,-3.8558710e+02
3358,3.3570000e-01,4.3254890e+03,-7.3176356e+00,-4.1289282e+02
3359,3.3580000e-01,4.3485595e+03,6.6664087e-01,-4.4017433e+02
3360,3.3590000e-01,4.3694894e+03,8.5747000e+00,-4.6855891e+02
3361,3.3600000e-01,4.3881617e+03,1.6493787e+01,-4.9705352e+02
3362,3.3610000e-01,4.4042405e+03,2.4431389e+01,-5.2513250e+02
3363,3.3620000e-01,4.4179995e+03,3.2436848e+01,-5.5237040e+02
3364,3.3630000e-01,4.4293042e+03,4.0537314e+01,-5.7953167e+02
3365,3.3640000e-01,4.4379684e+03,4.8643072e+01,-6.0675762e+02
3366,3.3650000e-01,4.4439162e+03,5.6680193e+01,-6.3408470e+02
3367,3.3660000e-01,4.4469371e+03,6.4681635e+01,-6.6116968e+02
3368,3.3670000e-01,4.4470085e+03,7.2494439e+01,-6.8824496e+02
3369,3.3680000e-01,4.4441027e+03,7.9979655e+01,-7.1558557e+02
3370,3.3690000e-01,4.4382593e+03,8.6992457e+01,-7.4263902e+02
3371,3.3700000e-01,4.4295808e+03,9.3384660e+01,-7.6954456e+02
3372,3.3710000e-01,4.4180889e+03,9.9138982e+01,-7.9609185e+02
3373,3.3720000e-01,4.4038326e+03,1.0437287e+02,-8.2189641e+02
3374,3.3730000e-01,4.3869155e+03,1.0941225e+02,-8.4658686e+02
3375,3.3740000e-01,4.3675216e+03,1.1463574e+02,-8.6969651e+02
3376,3.3750000e-01,4.3457198e+03,1.2011324e+02,-8.9191809e+02
3377,3.3760000e-01,4.3213209e+03,1.2543853e+02,-9.1403520e+02
3378,3.3770000e-01,4.2938104e+03,1.3025936e+02,-9.3627589e+02
3379,3.3780000e-01,4.2626336e+03,1.3441141e+02,-9.5808824e+02
3380,3.3790000e-01,4.2273481e+03,1.3791159e+02,-9.7876515e+02
3381,3.3800000e-01,4.1876946e+03,1.4073956e+02,-9.9761016e+02
3382,3.3810000e-01,4.1436387e+03,1.4312412e+02,-1.0146283e+03
3383,3.3820000e-01,4.0952161e+03,1.4511448e+02,-1.0298804e+03
3384,3.3830000e-01,4.0422138e+03,1.4656783e+02,-1.0432887e+03
3385,3.3840000e-01,3.9843964e+03,1.4753402e+02,-1.0546595e+03
3386,3.3850000e-01,3.9213488e+03,1.4801031e+02,-1.0637744e+03
3387,3.3860000e-01,3.8526771e+03,1.4802225e+02,-1.0703687e+03
3388,3.3870000e-01,3.7778250e+03,1.4750606e+02,-1.0741627e+03
3389,3.3880000e-01,3.6961779e+03,1.4641605e+02,-1.0748401e+03
3390,3.3890000e-01,3.6071828e+03,1.4480551e+02,-1.0720784e+03
3391,3.3900000e-01,3.5101362e+03,1.4266652e+02,-1.0654961e+03
3392,3.3910000e-01,3.4043386e+03,1.3998316e+02,-1.0547326e+03
3393,3.3920000e-01,3.2890409e+03,1.3679141e+02,-1.0393726e+03
3394,3.3930000e-01,3.1654085e+03,1.3671706e+02,-1.0154279e+03
3395,3.3940000e-01,3.0324020e+03,1.3525333e+02,-9.8474518e+02
3396,3.3950000e-01,2.8887565e+03,1.3189764e+02,-9.4853584e+02
3397,3.3960000e-01,2.7331310e+03,1.2687154e+02,-9.0712980e+02
3398,3.3970000e-01,2.5642441e+03,1.2051398e+02,-8.6035057e+02
3399,3.3980000e-01,2.3812212e+03,1.1332148e+02,-8.0785258e+02
3400,3.3990000e-01,2.1834245e+03,1.0528681e+02,-7.4932952e+02
3401,3.4000000e-01,1.9706663e+03,9.6729157e+01,-6.8456652e+02
3402,3.4010000e-01,1.7428815e+03,8.7473237e+01,-6.1348254e+02
3403,3.4020000e-01,1.5004434e+03,7.7793448e+01,-5.3615443e+02
3404,3.4030000e-01,1.2441118e+03,6.7681626e+01,-4.5284392e+02
3405,3.4040000e-01,9.7529288e+02,5.7344472e+01,-3.6410125e+02
3406,3.4050000e-01,6.9602471e+02,4.7025456e+01,-2.7073272e+02
3407,3.4060000e-01,4.0862038e+02,3.6575787e+01,-1.7377043e+02
3408,3.4070000e-01,1.1580145e+02,2.6197459e+01,-7.4385276e+01
3409,3.4080000e-01,-1.7925394e+02,1.5963706e+01,2.6007064e+01
3410,3.4090000e-01,-4.7351585e+02,6.0111751e+00,1.2610483e+02
3411,3.4100000e-01,-7.6405775e+02,-3.7347421e+00,2.2459651e+02
3412,3.4110000e-01,-1.0480318e+03,-1.3035188e+01,3.2023601e+02
3413,3.4120000e-01,-1.3228885e+03,-2.1808111e+01,4.1190979e+02
3414,3.4130000e-01,-1.5864187e+03,-2.9907479e+01,4.9865820e+02
3415,3.4140000e-01,-1.8368259e+03,-3.7332837e+01,5.7969504e+02
3416,3.4150000e-01,-2.0728733e+03,-4.4012503e+01,6.5449934e+02
3417,3.4160000e-01,-2.2938888e+03,-4.9942009e+01,7.2276750e+02
3418,3.4170000e-01,-2.4993585e+03,-5.5010265e+01,7.8427266e+02
3419,3.4180000e-01,-2.6892437e+03,-5.9132648e+01,8.3906330e+02
3420,3.4190000e-01,-2.8638122e+03,-6.2408187e+01,8.8720266e+02
3421,3.4200000e-01,-3.0235737e+03,-6.4850919e+01,9.2889625e+02
3422,3.4210000e-01,-3.1692383e+03,-6.6485852e+01,9.6442693e+02
3423,3.4220000e-01,-3.3017153e+03,-6.7354272e+01,9.9415714e+02
3424,3.4230000e-01,-3.4218582e+03,-6.7507733e+01,1.0184439e+03
3425,3.4240000e-01,-3.5304560e+03,-6.7004233e+01,1.0376215e+03
3426,3.4250000e-01,-3.6284229e+03,-6.5887979e+01,1.0520739e+03
3427,3.4260000e-01,-3.7167494e+03,-6.4240308e+01,1.0621952e+03
3428,3.4270000e-01,-3.7962629e+03,-6.2130216e+01,1.0683302e+03
3429,3.4280000e-01,-3.8676937e+03,-5.9620608e+01,1.0708286e+03
3430,3.4290000e-01,-3.9318246e+03,-5.6760016e+01,1.0700183e+03
3431,3.4300000e-01,-3.9893663e+03,-5.3611540e+01,1.0662394e+03
3432,3.4310000e-01,-4.0410018e+03,-5.0211330e+01,1.0598051e+03
3433,3.4320000e-01,-4.0873225e+03,-4.6579594e+01,1.0510232e+03
3434,3.4330000e-01,-4.1288251e+03,-4.2753478e+01,1.0402029e+03
3435,3.4340000e-01,-4.1661676e+03,-3.8735111e+01,1.0277543e+03
3436,3.4350000e-01,-4.1999769e+03,-3.4499864e+01,1.0139613e+03
3437,3.4360000e-01,-4.2306770e+03,-3.0037654e+01,9.9892352e+02
3438,3.4370000e-01,-4.2585246e+03,-2.5419372e+01,9.8270995e+02
3439,3.4380000e-01,-4.2835769e+03,-2.0707524e+01,9.6529878e+02
3440,3.4390000e-01,-4.3059308e+03,-1.5978104e+01,9.4675096e+02
3441,3.4400000e-01,-4.3256806e+03,-1.1279963e+01,9.2709262e+02
3442,3.4410000e-01,-4.3429841e+03,-6.6614307e+00,9.0636409e+02
3443,3.4420000e-01,-4.3579091e+03,-2.1660511e+00,8.8457113e+02
3444,3.4430000e-01,-4.3705451e+03,2.1467093e+00,8.6165810e+02
3445,3.4440000e-01,-4.3809689e+03,6.1674804e+00,8.3747919e+02
3446,3.4450000e-01,-4.3891035e+03,9.7631044e+00,8.1164790e+02
3447,3.4460000e-01,-4.3944804e+03,1.2759008e+01,7.8349628e+02
3448,3.4470000e-01,-4.3960756e+03,1.4931526e+01,7.5307534e+02
3449,3.4480000e-01,-4.3933668e+03,1.6126775e+01,7.2178996e+02
3450,3.4490000e-01,-4.3869266e+03,1.6509236e+01,6.9033851e+02
3451,3.4500000e-01,-4.3776037e+03,1.6505648e+01,6.5895537e+02
3452,3.4510000e-01,-4.3661026e+03,1.6323491e+01,6.2770472e+02
3453,3.4520000e-01,-4.3527161e+03,1.5988770e+01,5.9649204e+02
3454,3.4530000e-01,-4.3374579e+03,1.5688644e+01,5.6539521e+02
3455,3.4540000e-01,-4.3202473e+03,1.5458059e+01,5.3449978e+02
3456,3.4550000e-01,-4.3009080e+03,1.5327886e+01,5.0382723e+02
3457,3.4560000e-01,-4.2793026e+03,1.5187726e+01,4.7341531e+02
3458,3.4570000e-01,-4.2553384e+03,1.4948660e+01,4.4329649e+02
3459,3.4580000e-01,-4.2288628e+03,1.4588302e+01,4.1346971e+02
3460,3.4590000e-01,-4.1998077e+03,1.4012433e+01,3.8399970e+02
3461,3.4600000e-01,-4.1680437e+03,1.3254123e+01,3.5492976e+02
3462,3.4610000e-01,-4.1334456e+03,1.2274791e+01,3.2629380e+02
3463,3.4620000e-01,-4.0958793e+03,1.1055381e+01,2.9816600e+02
3464,3.4630000e-01,-4.0551123e+03,9.6097055e+00,2.7054689e+02
3465,3.4640000e-01,-4.0109394e+03,7.8572660e+00,2.4346335e+02
3466,3.4650000e-01,-3.9630993e+03,5.7861702e+00,2.1695541e+02
3467,3.4660000e-01,-3.9113486e+03,3.3474554e+00,1.9106095e+02
3468,3.4670000e-01,-3.8554096e+03,5.5939947e-01,1.6583506e+02
3469,3.4680000e-01,-3.7949132e+03,-2.5283274e+00,1.4130007e+02
3470,3.4690000e-01,-3.7294815e+03,-5.8278925e+00,1.1760789e+02
3471,3.4700000e-01,-3.6586940e+03,-9.1785980e+00,9.4893113e+01
3472,3.4710000e-01,-3.5821061e+03,-1.2367577e+01,7.3324814e+01
3473,3.4720000e-01,-3.4992070e+03,-1.5352700e+01,5.3057359e+01
3474,3.4730000e-01,-3.4094998e+03,-1.8057418e+01,3.4246518e+01
3475,3.4740000e-01,-3.3126303e+03,-2.0680448e+01,1.7026930e+01
3476,3.4750000e-01,-3.2082490e+03,-2.3368220e+01,1.3966833e+00
3477,3.4760000e-01,-3.0959900e+03,-2.6140425e+01,-1.2585072e+01
3478,3.4770000e-01,-2.9754631e+03,-2.9001598e+01,-2.4851855e+01
3479,3.4780000e-01,-2.8462595e+03,-3.2116824e+01,-3.5433595e+01
3480,3.4790000e-01,-2.7080634e+03,-3.5342792e+01,-4.4200832e+01
3481,3.4800000e-01,-2.5606300e+03,-3.8753502e+01,-5.1116036e+01
3482,3.4810000e-01,-2.4038179e+03,-4.2388619e+01,-5.6098489e+01
3483,3.4820000e-01,-2.2374288e+03,-4.6121257e+01,-5.9173379e+01
3484,3.4830000e-01,-2.0613309e+03,-4.9972289e+01,-6.0340747e+01
3485,3.4840000e-01,-1.8755679e+03,-5.3871486e+01,-5.9612952e+01
3486,3.4850000e-01,-1.6802509e+03,-5.7912706e+01,-5.7129283e+01
3487,3.4860000e-01,-1.4758176e+03,-6.2077263e+01,-5.2917149e+01
3488,3.4870000e-01,-1.2628484e+03,-6.6391642e+01,-4.7127878e+01
3489,3.4880000e-01,-1.0420660e+03,-7.0706203e+01,-3.9917512e+01
3490,3.4890000e-01,-8.1445340e+02,-7.4992213e+01,-3.1426610e+01
3491,3.4900000e-01,-5.8106169e+02,-7.9203352e+01,-2.1973586e+01
3492,3.4910000e-01,-3.4309919e+02,-8.3325355e+01,-1.1840631e+01
3493,3.4920000e-01,-1.0192833e+02,-8.7327846e+01,-1.3259922e+00
3494,3.4930000e-01,1.4094459e+02,-9.1170387e+01,9.2534890e+00
3495,3.4940000e-01,3.8413025e+02,-9.4821086e+01,1.9509843e+01
3496,3.4950000e-01,6.2603967e+02,-9.8250377e+01,2.9207214e+01
3497,3.4960000e-01,8.6508183e+02,-1.0139121e+02,3.8050095e+01
3498,3.4970000e-01,1.0997862e+03,-1.0419402e+02,4.5764224e+01
3499,3.4980000e-01,1.3287555e+03,-1.0661873e+02,5.2102407e+01
3500,3.4990000e-01,1.5507379e+03,-1.0863249e+02,5.6852633e+01
3501,3.5000000e-01,1.7645397e+03,-1.1020068e+02,5.9895111e+01
3502,3.5010000e-01,1.9693135e+03,-1.1129441e+02,6.1039900e+01
3503,3.5020000e-01,2.1644681e+03,-1.1191977e+02,6.0198474e+01
3504,3.5030000e-01,2.3495805e+03,-1.1207548e+02,5.7333020e+01
3505,3.5040000e-01,2.5243874e+03,-1.1175561e+02,5.2442220e+01
3506,3.5050000e-01,2.6887809e+03,-1.1095495e+02,4.5556111e+01
3507,3.5060000e-01,2.8428133e+03,-1.0967398e+02,3.6731133e+01
3508,3.5070000e-01,2.9866318e+03,-1.0791774e+02,2.6043552e+01
3509,3.5080000e-01,3.1205741e+03,-1.0569649e+02,1.3549055e+01
3510,3.5090000e-01,3.2449410e+03,-1.0303177e+02,-6.0753977e-01
3511,3.5100000e-01,3.3600911e+03,-9.9923511e+01,-1.6317831e+01
3512,3.5110000e-01,3.4664385e+03,-9.6387053e+01,-3.3468139e+01
3513,3.5120000e-01,3.5643891e+03,-9.2451377e+01,-5.1924121e+01
3514,3.5130000e-01,3.6544662e+03,-8.8136758e+01,-7.1635287e+01
3515,3.5140000e-01,3.7371982e+03,-8.3486092e+01,-9.2495055e+01
3516,3.5150000e-01,3.8131015e+03,-7.8738961e+01,-1.1479828e+02
3517,3.5160000e-01,3.8826501e+03,-7.3685118e+01,-1.3792498e+02
3518,3.5170000e-01,3.9462891e+03,-6.8322210e+01,-1.6179781e+02
3519,3.5180000e-01,4.0044249e+03,-6.2646530e+01,-1.8632946e+02
3520,3.5190000e-01,4.0575701e+03,-5.6986512e+01,-2.1202269e+02
3521,3.5200000e-01,4.1060738e+03,-5.1142188e+01,-2.3826459e+02
3522,3.5210000e-01,4.1501750e+03,-4.5036013e+01,-2.6485047e+02
3523,3.5220000e-01,4.1901209e+03,-3.8650310e+01,-2.9169665e+02
3524,3.5230000e-01,4.2263392e+03,-3.1796513e+01,-3.1822668e+02
3525,3.5240000e-01,4.2592554e+03,-2.4957592e+01,-3.4618451e+02
3526,3.5250000e-01,4.2890488e+03,-1.7836807e+01,-3.7447277e+02
3527,3.5260000e-01,4.3157194e+03,-1.0381852e+01,-4.0272457e+02
3528,3.5270000e-01,4.3396697e+03,-2.6122969e+00,-4.3011322e+02
3529,3.5280000e-01,4.3610101e+03,5.4072498e+00,-4.5747478e+02
3530,3.5290000e-01,4.3802023e+03,1.3381065e+01,-4.8580666e+02
3531,3.5300000e-01,4.3971658e+03,2.1283054e+01,-5.1426253e+02
3532,3.5310000e-01,4.4115970e+03,2.9167266e+01,-5.4229911e+02
3533,3.5320000e-01,4.4237262e+03,3.7109313e+01,-5.6954462e+02
3534,3.5330000e-01,4.4334220e+03,4.5073432e+01,-5.9671219e+02
3535,3.5340000e-01,4.4405047e+03,5.3013715e+01,-6.2393252e+02
3536,3.5350000e-01,4.4447303e+03,6.0970883e+01,-6.5089024e+02
3537,3.5360000e-01,4.4460332e+03,6.8819292e+01,-6.7789237e+02
3538,3.5370000e-01,4.4445443e+03,7.6406612e+01,-7.0497547e+02
3539,3.5380000e-01,4.4400716e+03,8.3599669e+01,-7.3208656e+02
3540,3.5390000e-01,4.4326934e+03,9.0248391e+01,-7.5912274e+02
3541,3.5400000e-01,4.4225012e+03,9.6314542e+01,-7.8575082e+02
3542,3.5410000e-01,4.4095098e+03,1.0177781e+02,-8.1211780e+02
3543,3.5420000e-01,4.3937908e+03,1.0680045e+02,-8.3762885e+02
3544,3.5430000e-01,4.3754108e+03,1.1168645e+02,-8.6219601e+02
3545,3.5440000e-01,4.3545194e+03,1.1669468e+02,-8.8528325e+02
3546,3.5450000e-01,4.3311273e+03,1.2202240e+02,-9.0731740e+02
3547,3.5460000e-01,4.3049503e+03,1.2713688e+02,-9.2918084e+02
3548,3.5470000e-01,4.2754181e+03,1.3167700e+02,-9.5094413e+02
3549,3.5480000e-01,4.2419568e+03,1.3553807e+02,-9.7197899e+02
3550,3.5490000e-01,4.2040569e+03,1.3881714e+02,-9.9129204e+02
3551,3.5500000e-01,4.1617021e+03,1.4152165e+02,-1.0088411e+03
3552,3.5510000e-01,4.1149813e+03,1.4379551e+02,-1.0246445e+03
3553,3.5520000e-01,4.0637612e+03,1.4556825e+02,-1.0386685e+03
3554,3.5530000e-01,4.0078164e+03,1.4678158e+02,-1.0507465e+03
3555,3.5540000e-01,3.9467850e+03,1.4751074e+02,-1.0606742e+03
3556,3.5550000e-01,3.8802823e+03,1.4777911e+02,-1.0681887e+03
3557,3.5560000e-01,3.8077971e+03,1.4752348e+02,-1.0730229e+03
3558,3.5570000e-01,3.7287701e+03,1.4673936e+02,-1.0748703e+03
3559,3.5580000e-01,3.6426229e+03,1.4537664e+02,-1.0734211e+03
3560,3.5590000e-01,3.5486860e+03,1.4349744e+02,-1.0683014e+03
3561,3.5600000e-01,3.4463022e+03,1.4108212e+02,-1.0591616e+03
3562,3.5610000e-01,3.3347041e+03,1.3811876e+02,-1.0455938e+03
3563,3.5620000e-01,3.2150906e+03,1.3812976e+02,-1.0236024e+03
3564,3.5630000e-01,3.0864548e+03,1.3666423e+02,-9.9502532e+02
3565,3.5640000e-01,2.9473732e+03,1.3324057e+02,-9.6102454e+02
3566,3.5650000e-01,2.7965303e+03,1.2806127e+02,-9.2198209e+02
3567,3.5660000e-01,2.6327078e+03,1.2166683e+02,-8.7769648e+02
3568,3.5670000e-01,2.4549713e+03,1.1442499e+02,-8.2780164e+02
3569,3.5680000e-01,2.2625401e+03,1.0635971e+02,-7.7193037e+02
3570,3.5690000e-01,2.0551743e+03,9.7788237e+01,-7.0982649e+02
3571,3.5700000e-01,1.8328056e+03,8.8607489e+01,-6.4137392e+02
3572,3.5710000e-01,1.5957495e+03,7.8955601e+01,-5.6662028e+02
3573,3.5720000e-01,1.3446594e+03,6.8866205e+01,-4.8580905e+02
3574,3.5730000e-01,1.0806014e+03,5.8538799e+01,-3.9932109e+02
3575,3.5740000e-01,8.0520267e+02,4.8165575e+01,-3.0783247e+02
3576,3.5750000e-01,5.2069164e+02,3.7765856e+01,-2.1228441e+02
3577,3.5760000e-01,2.2961653e+02,2.7329170e+01,-1.1381144e+02
3578,3.5770000e-01,-6.4983624e+01,1.7058727e+01,-1.3759277e+01
3579,3.5780000e-01,-3.6003353e+02,7.0663641e+00,8.6580327e+01
3580,3.5790000e-01,-6.5252579e+02,-2.7193506e+00,1.8584149e+02
3581,3.5800000e-01,-9.3955378e+02,-1.2083330e+01,2.8273419e+02
3582,3.5810000e-01,-1.2184424e+03,-2.0945409e+01,3.7610179e+02
3583,3.5820000e-01,-1.4867911e+03,-2.9151273e+01,4.6490270e+02
3584,3.5830000e-01,-1.7426213e+03,-3.6702334e+01,5.4826840e+02
3585,3.5840000e-01,-1.9845094e+03,-4.3520807e+01,6.2559341e+02
3586,3.5850000e-01,-2.2115610e+03,-4.9531955e+01,6.9653524e+02
3587,3.5860000e-01,-2.4232294e+03,-5.4731858e+01,7.6079089e+02
3588,3.5870000e-01,-2.6192465e+03,-5.9009626e+01,8.1825235e+02
3589,3.5880000e-01,-2.7996909e+03,-6.2428385e+01,8.6895891e+02
3590,3.5890000e-01,-2.9651465e+03,-6.5002020e+01,9.1315255e+02
3591,3.5900000e-01,-3.1162333e+03,-6.6747622e+01,9.5108057e+02
3592,3.5910000e-01,-3.2536902e+03,-6.7709697e+01,9.8304282e+02
3593,3.5920000e-01,-3.3783755e+03,-6.7940267e+01,1.0093985e+03
3594,3.5930000e-01,-3.4912729e+03,-6.7490102e+01,1.0305426e+03
3595,3.5940000e-01,-3.5932503e+03,-6.6402171e+01,1.0468339e+03
3596,3.5950000e-01,-3.6851742e+03,-6.4769601e+01,1.0586388e+03
3597,3.5960000e-01,-3.7679469e+03,-6.2646083e+01,1.0663151e+03
3598,3.5970000e-01,-3.8423595e+03,-6.0107588e+01,1.0702220e+03
3599,3.5980000e-01,-3.9091447e+03,-5.7212274e+01,1.0706871e+03
3600,3.5990000e-01,-3.9690765e+03,-5.4007557e+01,1.0680409e+03
3601,3.6000000e-01,-4.0227515e+03,-5.0552606e+01,1.0625924e+03
3602,3.6010000e-01,-4.0707603e+03,-4.6883583e+01,1.0546536e+03
3603,3.6020000e-01,-4.1136759e+03,-4.3017005e+01,1.0445479e+03
3604,3.6030000e-01,-4.1521537e+03,-3.8959651e+01,1.0326550e+03
3605,3.6040000e-01,-4.1870066e+03,-3.4700119e+01,1.0193717e+03
3606,3.6050000e-01,-4.2187593e+03,-3.0205867e+01,1.0048545e+03
3607,3.6060000e-01,-4.2476616e+03,-2.5538829e+01,9.8916263e+02
3608,3.6070000e-01,-4.2738318e+03,-2.0747256e+01,9.7232742e+02
3609,3.6080000e-01,-4.2972794e+03,-1.5926029e+01,9.5431475e+02
3610,3.6090000e-01,-4.3180733e+03,-1.1127227e+01,9.3517559e+02
3611,3.6100000e-01,-4.3363679e+03,-6.3975739e+00,9.1495559e+02
3612,3.6110000e-01,-4.3522472e+03,-1.7760151e+00,8.9367498e+02
3613,3.6120000e-01,-4.3658191e+03,2.6830795e+00,8.7125250e+02
3614,3.6130000e-01,-4.3771524e+03,6.8710758e+00,8.4761473e+02
3615,3.6140000e-01,-4.3862624e+03,1.0677323e+01,8.2254782e+02
3616,3.6150000e-01,-4.3928769e+03,1.3944958e+01,7.9532425e+02
3617,3.6160000e-01,-4.3960903e+03,1.6461062e+01,7.6564003e+02
3618,3.6170000e-01,-4.3949647e+03,1.8032242e+01,7.3453447e+02
3619,3.6180000e-01,-4.3898139e+03,1.8597559e+01,7.0284394e+02
3620,3.6190000e-01,-4.3815495e+03,1.8624048e+01,6.7108580e+02
3621,3.6200000e-01,-4.3708864e+03,1.8294916e+01,6.3979898e+02
3622,3.6210000e-01,-4.3582034e+03,1.7938626e+01,6.0862897e+02
3623,3.6220000e-01,-4.3436057e+03,1.7672139e+01,5.7761157e+02
3624,3.6230000e-01,-4.3270383e+03,1.7468547e+01,5.4672941e+02
3625,3.6240000e-01,-4.3083952e+03,1.7303154e+01,5.1602243e+02
3626,3.6250000e-01,-4.2875820e+03,1.7119166e+01,4.8553664e+02
3627,3.6260000e-01,-4.2644336e+03,1.6921271e+01,4.5528953e+02
3628,3.6270000e-01,-4.2388541e+03,1.6576027e+01,4.2535077e+02
3629,3.6280000e-01,-4.2107676e+03,1.6049987e+01,3.9575818e+02
3630,3.6290000e-01,-4.1800621e+03,1.5308985e+01,3.6654101e+02
3631,3.6300000e-01,-4.1465809e+03,1.4381126e+01,3.3774291e+02
3632,3.6310000e-01,-4.1102085e+03,1.3212467e+01,3.0943607e+02
3633,3.6320000e-01,-4.0707284e+03,1.1813325e+01,2.8161729e+02
3634,3.6330000e-01,-4.0279163e+03,1.0150308e+01,2.5432411e+02
3635,3.6340000e-01,-3.9815525e+03,8.1516171e+00,2.2758548e+02
3636,3.6350000e-01,-3.9313617e+03,5.8150438e+00,2.0144592e+02
3637,3.6360000e-01,-3.8770883e+03,3.1188892e+00,1.7595368e+02
3638,3.6370000e-01,-3.8183922e+03,8.8542817e-02,1.5112280e+02
3639,3.6380000e-01,-3.7549236e+03,-3.2207225e+00,1.2708529e+02
3640,3.6390000e-01,-3.6863015e+03,-6.6516184e+00,1.0396205e+02
3641,3.6400000e-01,-3.6120728e+03,-1.0052053e+01,8.1899579e+01
3642,3.6410000e-01,-3.5317333e+03,-1.3194851e+01,6.1082116e+01
3643,3.6420000e-01,-3.4447627e+03,-1.6094622e+01,4.1660973e+01
3644,3.6430000e-01,-3.3507830e+03,-1.8891975e+01,2.3785736e+01
3645,3.6440000e-01,-3.2494122e+03,-2.1600219e+01,7.4956866e+00
3646,3.6450000e-01,-3.1402692e+03,-2.4302811e+01,-7.1405135e+00
3647,3.6460000e-01,-3.0230120e+03,-2.7228878e+01,-2.0104084e+01
3648,3.6470000e-01,-2.8971934e+03,-3.0252151e+01,-3.1373679e+01
3649,3.6480000e-01,-2.7625098e+03,-3.3547294e+01,-4.0870918e+01
3650,3.6490000e-01,-2.6186953e+03,-3.6930842e+01,-4.8520921e+01
3651,3.6500000e-01,-2.4655007e+03,-4.0548882e+01,-5.4308043e+01
3652,3.6510000e-01,-2.3028109e+03,-4.4294232e+01,-5.8129499e+01
3653,3.6520000e-01,-2.1304600e+03,-4.8144296e+01,-6.0036543e+01
3654,3.6530000e-01,-1.9484224e+03,-5.2040656e+01,-6.0033324e+01
3655,3.6540000e-01,-1.7567449e+03,-5.6082611e+01,-5.8248647e+01
3656,3.6550000e-01,-1.5557963e+03,-6.0255966e+01,-5.4695960e+01
3657,3.6560000e-01,-1.3460855e+03,-6.4588104e+01,-4.9510373e+01
3658,3.6570000e-01,-1.1282623e+03,-6.8931433e+01,-4.2831642e+01
3659,3.6580000e-01,-9.0311773e+02,-7.3267608e+01,-3.4853680e+01
3660,3.6590000e-01,-6.7179696e+02,-7.7557690e+01,-2.5739273e+01
3661,3.6600000e-01,-4.3545883e+02,-8.1750381e+01,-1.5831910e+01
3662,3.6610000e-01,-1.9538972e+02,-8.5829408e+01,-5.4259935e+00
3663,3.6620000e-01,4.6953023e+01,-8.9761922e+01,5.1667991e+00
3664,3.6630000e-01,2.9020623e+02,-9.3518761e+01,1.5559546e+01
3665,3.6640000e-01,5.3278830e+02,-9.7070905e+01,2.5513283e+01
3666,3.6650000e-01,7.7309681e+02,-1.0035026e+02,3.4724593e+01
3667,3.6660000e-01,1.0096317e+03,-1.0330632e+02,4.2909745e+01
3668,3.6670000e-01,1.2409496e+03,-1.0589749e+02,4.9809263e+01
3669,3.6680000e-01,1.4657395e+03,-1.0808885e+02,5.5196543e+01
3670,3.6690000e-01,1.6828648e+03,-1.0985270e+02,5.8885323e+01
3671,3.6700000e-01,1.8912315e+03,-1.1115709e+02,6.0780833e+01
3672,3.6710000e-01,2.0901568e+03,-1.1197785e+02,6.0719344e+01
3673,3.6720000e-01,2.2791736e+03,-1.1232433e+02,5.8642987e+01
3674,3.6730000e-01,2.4579645e+03,-1.1219591e+02,5.4536565e+01
3675,3.6740000e-01,2.6263655e+03,-1.1158863e+02,4.8418476e+01
3676,3.6750000e-01,2.7843790e+03,-1.1050016e+02,4.0336078e+01
3677,3.6760000e-01,2.9321079e+03,-1.0893384e+02,3.0358456e+01
3678,3.6770000e-01,3.0697648e+03,-1.0689451e+02,1.8572489e+01
3679,3.6780000e-01,3.1977425e+03,-1.0439861e+02,5.0421737e+00
3680,3.6790000e-01,3.3163885e+03,-1.0146716e+02,-1.0086733e+01
3681,3.6800000e-01,3.4260935e+03,-9.8102637e+01,-2.6699729e+01
3682,3.6810000e-01,3.5272893e+03,-9.4334937e+01,-4.4701558e+01
3683,3.6820000e-01,3.6203939e+03,-9.0178054e+01,-6.3942676e+01
3684,3.6830000e-01,3.7059293e+03,-8.5659953e+01,-8.4372512e+01
3685,3.6840000e-01,3.7844165e+03,-8.0815649e+01,-1.0587685e+02
3686,3.6850000e-01,3.8563677e+03,-7.5838950e+01,-1.2867620e+02
3687,3.6860000e-01,3.9222494e+03,-7.0601214e+01,-1.5231382e+02
3688,3.6870000e-01,3.9824738e+03,-6.5057577e+01,-1.7665345e+02
3689,3.6880000e-01,4.0374329e+03,-5.9242538e+01,-2.0160301e+02
3690,3.6890000e-01,4.0876148e+03,-5.3455850e+01,-2.2769168e+02
3691,3.6900000e-01,4.1333951e+03,-4.7503298e+01,-2.5431914e+02
3692,3.6910000e-01,4.1749818e+03,-4.1310357e+01,-2.8126330e+02
3693,3.6920000e-01,4.2127331e+03,-3.4612107e+01,-3.0775210e+02
3694,3.6930000e-01,4.2470620e+03,-2.7982551e+01,-3.3569639e+02
3695,3.6940000e-01,4.2781382e+03,-2.1037548e+01,-3.6385448e+02
3696,3.6950000e-01,4.3059810e+03,-1.3693730e+01,-3.9200421e+02
3697,3.6960000e-01,4.3309662e+03,-5.9458259e+00,-4.1938355e+02
3698,3.6970000e-01,4.3533232e+03,2.0775901e+00,-4.4677505e+02
3699,3.6980000e-01,4.3735532e+03,1.0059541e+01,-4.7518961e+02
3700,3.6990000e-01,4.3915520e+03,1.7974676e+01,-5.0367538e+02
3701,3.7000000e-01,4.4069823e+03,2.5884709e+01,-5.3176479e+02
3702,3.7010000e-01,4.4201045e+03,3.3841791e+01,-5.5901432e+02
3703,3.7020000e-01,4.4307866e+03,4.1877045e+01,-5.8618838e+02
3704,3.7030000e-01,4.4388451e+03,4.9909206e+01,-6.1341566e+02
3705,3.7040000e-01,4.4442096e+03,5.7867256e+01,-6.4073464e+02
3706,3.7050000e-01,4.4466701e+03,6.5791485e+01,-6.6779472e+02
3707,3.7060000e-01,4.4461878e+03,7.3509253e+01,-6.9485679e+02
3708,3.7070000e-01,4.4427218e+03,8.0863173e+01,-7.2216423e+02
3709,3.7080000e-01,4.4363362e+03,8.7731544e+01,-7.4921424e+02
3710,3.7090000e-01,4.4271195e+03,9.3997249e+01,-7.7604002e+02
3711,3.7100000e-01,4.4151029e+03,9.9701103e+01,-8.0247706e+02
3712,3.7110000e-01,4.4003218e+03,1.0491237e+02,-8.2815520e+02
3713,3.7120000e-01,4.3828692e+03,1.0993473e+02,-8.5274527e+02
3714,3.7130000e-01,4.3629102e+03,1.1511443e+02,-8.7583141e+02
3715,3.7140000e-01,4.3405498e+03,1.2056549e+02,-8.9784359e+02
3716,3.7150000e-01,4.3155638e+03,1.2588140e+02,-9.1979959e+02
3717,3.7160000e-01,4.2874065e+03,1.3066098e+02,-9.4189831e+02
3718,3.7170000e-01,4.2554782e+03,1.3474123e+02,-9.6355512e+02
3719,3.7180000e-01,4.2191978e+03,1.3818102e+02,-9.8377534e+02
3720,3.7190000e-01,4.1784610e+03,1.4097846e+02,-1.0021318e+03
3721,3.7200000e-01,4.1333393e+03,1.4336864e+02,-1.0186239e+03
3722,3.7210000e-01,4.0837726e+03,1.4529880e+02,-1.0333590e+03
3723,3.7220000e-01,4.0295977e+03,1.4668547e+02,-1.0462083e+03
3724,3.7230000e-01,3.9705114e+03,1.4759519e+02,-1.0569995e+03
3725,3.7240000e-01,3.9061561e+03,1.4804658e+02,-1.0654822e+03
3726,3.7250000e-01,3.8360681e+03,1.4797318e+02,-1.0714059e+03
3727,3.7260000e-01,3.7596754e+03,1.4737753e+02,-1.0744693e+03
3728,3.7270000e-01,3.6763911e+03,1.4620582e+02,-1.0743635e+03
3729,3.7280000e-01,3.5856006e+03,1.4451510e+02,-1.0707403e+03
3730,3.7290000e-01,3.4865898e+03,1.4229323e+02,-1.0632161e+03
3731,3.7300000e-01,3.3786553e+03,1.3952214e+02,-1.0514271e+03
3732,3.7310000e-01,3.2610422e+03,1.3623737e+02,-1.0349534e+03
3733,3.7320000e-01,3.1349112e+03,1.3614414e+02,-1.0098038e+03
3734,3.7330000e-01,2.9993009e+03,1.3468268e+02,-9.7787440e+02
3735,3.7340000e-01,2.8526844e+03,1.3131484e+02,-9.4025341e+02
3736,3.7350000e-01,2.6937513e+03,1.2630787e+02,-8.9730611e+02
3737,3.7360000e-01,2.5213312e+03,1.1998842e+02,-8.4890426e+02
3738,3.7370000e-01,2.3346738e+03,1.1283634e+02,-7.9472043e+02
3739,3.7380000e-01,2.1333986e+03,1.0484970e+02,-7.3454916e+02
3740,3.7390000e-01,1.9172886e+03,9.6338151e+01,-6.6815143e+02
3741,3.7400000e-01,1.6862498e+03,8.7082613e+01,-5.9548201e+02
3742,3.7410000e-01,1.4408780e+03,7.7418416e+01,-5.1668599e+02
3743,3.7420000e-01,1.1820425e+03,6.7409324e+01,-4.3206025e+02
3744,3.7430000e-01,9.1127698e+02,5.7145752e+01,-3.4223909e+02
3745,3.7440000e-01,6.3062852e+02,4.6858396e+01,-2.4805096e+02
3746,3.7450000e-01,3.4240113e+02,3.6452501e+01,-1.5055792e+02
3747,3.7460000e-01,4.9335657e+01,2.6089132e+01,-5.0924222e+01
3748,3.7470000e-01,-2.4548328e+02,1.5858955e+01,4.9461535e+01
3749,3.7480000e-01,-5.3902275e+02,5.9154809e+00,1.4929251e+02
3750,3.7490000e-01,-8.2826557e+02,-3.8085701e+00,2.4722227e+02
3751,3.7500000e-01,-1.1104220e+03,-1.3089848e+01,3.4205031e+02
3752,3.7510000e-01,-1.3830013e+03,-2.1833035e+01,4.3268351e+02
3753,3.7520000e-01,-1.6438518e+03,-2.9897864e+01,5.1820153e+02
3754,3.7530000e-01,-1.8913335e+03,-3.7292127e+01,5.9789689e+02
3755,3.7540000e-01,-2.1243785e+03,-4.4008110e+01,6.7129129e+02
3756,3.7550000e-01,-2.3422214e+03,-4.9916810e+01,7.3806433e+02
3757,3.7560000e-01,-2.5444405e+03,-5.4889842e+01,7.9805921e+02
3758,3.7570000e-01,-2.7309730e+03,-5.8993199e+01,8.5125234e+02
3759,3.7580000e-01,-2.9022419e+03,-6.2240904e+01,8.9782921e+02
3760,3.7590000e-01,-3.0587684e+03,-6.4595918e+01,9.3803843e+02
3761,3.7600000e-01,-3.2012899e+03,-6.6156688e+01,9.7214252e+02
3762,3.7610000e-01,-3.3307613e+03,-6.6972168e+01,1.0005219e+03
3763,3.7620000e-01,-3.4480775e+03,-6.7086771e+01,1.0235418e+03
3764,3.7630000e-01,-3.5541397e+03,-6.6555932e+01,1.0415648e+03
3765,3.7640000e-01,-3.6499062e+03,-6.5423696e+01,1.0549864e+03
3766,3.7650000e-01,-3.7362194e+03,-6.3779179e+01,1.0641563e+03
3767,3.7660000e-01,-3.8138807e+03,-6.1683568e+01,1.0694202e+03
3768,3.7670000e-01,-3.8836518e+03,-5.9189656e+01,1.0711298e+03
3769,3.7680000e-01,-3.9462637e+03,-5.6355536e+01,1.0695943e+03
3770,3.7690000e-01,-4.0023541e+03,-5.3235930e+01,1.0651447e+03
3771,3.7700000e-01,-4.0525799e+03,-4.9863226e+01,1.0580904e+03
3772,3.7710000e-01,-4.0974321e+03,-4.6266797e+01,1.0487334e+03
3773,3.7720000e-01,-4.1374682e+03,-4.2485211e+01,1.0374061e+03
3774,3.7730000e-01,-4.1734744e+03,-3.8492785e+01,1.0245456e+03
3775,3.7740000e-01,-4.2061655e+03,-3.4264609e+01,1.0103877e+03
3776,3.7750000e-01,-4.2359775e+03,-2.9808372e+01,9.9503989e+02
3777,3.7760000e-01,-4.2631317e+03,-2.5204171e+01,9.7854807e+02
3778,3.7770000e-01,-4.2876267e+03,-2.0522616e+01,9.6087472e+02
3779,3.7780000e-01,-4.3095060e+03,-1.5840084e+01,9.4206876e+02
3780,3.7790000e-01,-4.3289015e+03,-1.1203313e+01,9.2217731e+02
3781,3.7800000e-01,-4.3458743e+03,-6.6552953e+00,9.0120320e+02
3782,3.7810000e-01,-4.3604822e+03,-2.2458375e+00,8.7912646e+02
3783,3.7820000e-01,-4.3727667e+03,1.9578637e+00,8.5592760e+02
3784,3.7830000e-01,-4.3827785e+03,5.8455775e+00,8.3135275e+02
3785,3.7840000e-01,-4.3904102e+03,9.2642471e+00,8.0495479e+02
3786,3.7850000e-01,-4.3951127e+03,1.2032608e+01,7.7626709e+02
3787,3.7860000e-01,-4.3959031e+03,1.3982025e+01,7.4565431e+02
3788,3.7870000e-01,-4.3924638e+03,1.4989538e+01,7.1426399e+02
3789,3.7880000e-01,-4.3855996e+03,1.5232703e+01,6.8255630e+02
3790,3.7890000e-01,-4.3760879e+03,1.5049614e+01,6.5114678e+02
3791,3.7900000e-01,-4.3643756e+03,1.4820996e+01,6.1999437e+02
3792,3.7910000e-01,-4.3506241e+03,1.4561102e+01,5.8889567e+02
3793,3.7920000e-01,-4.3348623e+03,1.4293734e+01,5.5793061e+02
3794,3.7930000e-01,-4.3169952e+03,1.4095675e+01,5.2711429e+02
3795,3.7940000e-01,-4.2969109e+03,1.3981978e+01,4.9651435e+02
3796,3.7950000e-01,-4.2745376e+03,1.3844789e+01,4.6617627e+02
3797,3.7960000e-01,-4.2497833e+03,1.3593344e+01,4.3609469e+02
3798,3.7970000e-01,-4.2225647e+03,1.3215452e+01,4.0635571e+02
3799,3.7980000e-01,-4.1927956e+03,1.2632598e+01,3.7698699e+02
3800,3.7990000e-01,-4.1603396e+03,1.1864450e+01,3.4802968e+02
3801,3.8000000e-01,-4.1250579e+03,1.0874906e+01,3.1955377e+02
3802,3.8010000e-01,-4.0867648e+03,9.6427204e+00,2.9155241e+02
3803,3.8020000e-01,-4.0452360e+03,8.1643847e+00,2.6406321e+02
3804,3.8030000e-01,-4.0002408e+03,6.3707291e+00,2.3711489e+02
3805,3.8040000e-01,-3.9515217e+03,4.2502360e+00,2.1075048e+02
3806,3.8050000e-01,-3.8988304e+03,1.7783383e+00,1.8501544e+02
3807,3.8060000e-01,-3.8418790e+03,-1.0345738e+00,1.5996481e+02
3808,3.8070000e-01,-3.7802639e+03,-4.1273266e+00,1.3562888e+02
3809,3.8080000e-01,-3.7136291e+03,-7.3938793e+00,1.1216436e+02
3810,3.8090000e-01,-3.6415479e+03,-1.0628681e+01,8.9721670e+01
3811,3.8100000e-01,-3.5635201e+03,-1.3722709e+01,6.8457988e+01
3812,3.8110000e-01,-3.4790401e+03,-1.6532636e+01,4.8546574e+01
3813,3.8120000e-01,-3.3877117e+03,-1.9177867e+01,3.0153351e+01
3814,3.8130000e-01,-3.2891438e+03,-2.1744056e+01,1.3310067e+01
3815,3.8140000e-01,-3.1829584e+03,-2.4355329e+01,-1.9247577e+00
3816,3.8150000e-01,-3.0687910e+03,-2.7157720e+01,-1.5516428e+01
3817,3.8160000e-01,-2.9462152e+03,-3.0041181e+01,-2.7437959e+01
3818,3.8170000e-01,-2.8149192e+03,-3.3189268e+01,-3.7607640e+01
3819,3.8180000e-01,-2.6746144e+03,-3.6425054e+01,-4.5948523e+01
3820,3.8190000e-01,-2.5250160e+03,-3.9834873e+01,-5.2425665e+01
3821,3.8200000e-01,-2.3659870e+03,-4.3465351e+01,-5.6960739e+01
3822,3.8210000e-01,-2.1973257e+03,-4.7191147e+01,-5.9583516e+01
3823,3.8220000e-01,-2.0189427e+03,-5.0963830e+01,-6.0284551e+01
3824,3.8230000e-01,-1.8309528e+03,-5.4879470e+01,-5.9117412e+01
3825,3.8240000e-01,-1.6335307e+03,-5.8916482e+01,-5.6218346e+01
3826,3.8250000e-01,-1.4271076e+03,-6.3142855e+01,-5.1639090e+01
3827,3.8260000e-01,-1.2122832e+03,-6.7402838e+01,-4.5501132e+01
3828,3.8270000e-01,-9.8982263e+02,-7.1671968e+01,-3.7984434e+01
3829,3.8280000e-01,-7.6075880e+02,-7.5911823e+01,-2.9238710e+01
3830,3.8290000e-01,-5.2618636e+02,-8.0072162e+01,-1.9591742e+01
3831,3.8300000e-01,-2.8735001e+02,-8.4136109e+01,-9.3317582e+00
3832,3.8310000e-01,-4.5675741e+01,-8.8071463e+01,1.2356061e+00
3833,3.8320000e-01,1.9736582e+02,-9.1839833e+01,1.1790061e+01
3834,3.8330000e-01,4.4037538e+02,-9.5409467e+01,2.1951041e+01
3835,3.8340000e-01,6.8175522e+02,-9.8748034e+01,3.1482260e+01
3836,3.8350000e-01,9.1995231e+02,-1.0179003e+02,4.0094186e+01
3837,3.8360000e-01,1.1534682e+03,-1.0448536e+02,4.7516309e+01
3838,3.8370000e-01,1.3809304e+03,-1.0679505e+02,5.3508083e+01
3839,3.8380000e-01,1.6011338e+03,-1.0868905e+02,5.7867304e+01
3840,3.8390000e-01,1.8129357e+03,-1.1013440e+02,6.0484301e+01
3841,3.8400000e-01,2.0155383e+03,-1.1110349e+02,6.1178806e+01
3842,3.8410000e-01,2.2083968e+03,-1.1160342e+02,5.9873364e+01
3843,3.8420000e-01,2.3911315e+03,-1.1163372e+02,5.6539186e+01
3844,3.8430000e-01,2.5635199e+03,-1.1118936e+02,5.1182696e+01
3845,3.8440000e-01,2.7254905e+03,-1.1026575e+02,4.3840596e+01
3846,3.8450000e-01,2.8771265e+03,-1.0886503e+02,3.4574602e+01
3847,3.8460000e-01,3.0186017e+03,-1.0699203e+02,2.3465407e+01
3848,3.8470000e-01,3.1502735e+03,-1.0465913e+02,1.0571901e+01
3849,3.8480000e-01,3.2724594e+03,-1.0188823e+02,-3.9607457e+00
3850,3.8490000e-01,3.3855307e+03,-9.8678654e+01,-2.0021334e+01
3851,3.8500000e-01,3.4899083e+03,-9.5059795e+01,-3.7515078e+01
3852,3.8510000e-01,3.5860036e+03,-9.1041441e+01,-5.6278808e+01
3853,3.8520000e-01,3.6743398e+03,-8.6653299e+01,-7.6274727e+01
3854,3.8530000e-01,3.7554431e+03,-8.1935872e+01,-9.7391242e+01
3855,3.8540000e-01,3.8297840e+03,-7.7079050e+01,-1.1981943e+02
3856,3.8550000e-01,3.8979040e+03,-7.1953909e+01,-1.4315667e+02
3857,3.8560000e-01,3.9602309e+03,-6.6543685e+01,-1.6723582e+02
3858,3.8570000e-01,4.0171518e+03,-6.0830963e+01,-1.9195223e+02
3859,3.8580000e-01,4.0691658e+03,-5.5147556e+01,-2.1783127e+02
3860,3.8590000e-01,4.1166154e+03,-4.9285958e+01,-2.4423420e+02
3861,3.8600000e-01,4.1597636e+03,-4.3165855e+01,-2.7097038e+02
3862,3.8610000e-01,4.1988528e+03,-3.6760683e+01,-2.9794437e+02
3863,3.8620000e-01,4.2344495e+03,-3.0307359e+01,-3.2575971e+02
3864,3.8630000e-01,4.2667793e+03,-2.3562935e+01,-3.5373914e+02
3865,3.8640000e-01,4.2958458e+03,-1.6378128e+01,-3.8172335e+02
3866,3.8650000e-01,4.3217150e+03,-8.8009191e+00,-4.0968372e+02
3867,3.8660000e-01,4.3448049e+03,-8.7532487e-01,-4.3694075e+02
3868,3.8670000e-01,4.3658935e+03,6.9778780e+00,-4.6520689e+02
3869,3.8680000e-01,4.3848720e+03,1.4830500e+01,-4.9352475e+02
3870,3.8690000e-01,4.4013500e+03,2.2698085e+01,-5.2148005e+02
3871,3.8700000e-01,4.4155689e+03,3.0643341e+01,-5.4858323e+02
3872,3.8710000e-01,4.4273623e+03,3.8706278e+01,-5.7563622e+02
3873,3.8720000e-01,4.4365180e+03,4.6801374e+01,-6.0278179e+02
3874,3.8730000e-01,4.4429561e+03,5.4860421e+01,-6.3004732e+02
3875,3.8740000e-01,4.4464532e+03,6.2913703e+01,-6.5709312e+02
3876,3.8750000e-01,4.4470072e+03,7.0822333e+01,-6.8412570e+02
3877,3.8760000e-01,4.4445762e+03,7.8430810e+01,-7.1143993e+02
3878,3.8770000e-01,4.4392022e+03,8.5589943e+01,-7.3848998e+02
3879,3.8780000e-01,4.4309872e+03,9.2138802e+01,-7.6541296e+02
3880,3.8790000e-01,4.4199994e+03,9.8051499e+01,-7.9191617e+02
3881,3.8800000e-01,4.4062006e+03,1.0338396e+02,-8.1778433e+02
3882,3.8810000e-01,4.3896619e+03,1.0826020e+02,-8.4325619e+02
3883,3.8820000e-01,4.3705418e+03,1.1298192e+02,-8.6776440e+02
3884,3.8830000e-01,4.3491577e+03,1.1825525e+02,-8.8998974e+02
3885,3.8840000e-01,4.3251937e+03,1.2361162e+02,-9.1188229e+02
3886,3.8850000e-01,4.2983741e+03,1.2861187e+02,-9.3377067e+02
3887,3.8860000e-01,4.2680864e+03,1.3297601e+02,-9.5557413e+02
3888,3.8870000e-01,4.2335977e+03,1.3670725e+02,-9.7636287e+02
3889,3.8880000e-01,4.1946114e+03,1.3979144e+02,-9.9530734e+02
3890,3.8890000e-01,4.1511748e+03,1.4234600e+02,-1.0124211e+03
3891,3.8900000e-01,4.1033158e+03,1.4450267e+02,-1.0278200e+03
3892,3.8910000e-01,4.0509399e+03,1.4614223e+02,-1.0413885e+03
3893,3.8920000e-01,3.9937893e+03,1.4722862e+02,-1.0529856e+03
3894,3.8930000e-01,3.9314707e+03,1.4782722e+02,-1.0623823e+03
3895,3.8940000e-01,3.8635979e+03,1.4796219e+02,-1.0693120e+03
3896,3.8950000e-01,3.7896440e+03,1.4756962e+02,-1.0734993e+03
3897,3.8960000e-01,3.7090624e+03,1.4664272e+02,-1.0746405e+03
3898,3.8970000e-01,3.6212115e+03,1.4513827e+02,-1.0724047e+03
3899,3.8980000e-01,3.5253984e+03,1.4311610e+02,-1.0664103e+03
3900,3.8990000e-01,3.4209609e+03,1.4055448e+02,-1.0563055e+03
3901,3.9000000e-01,3.3071357e+03,1.3748436e+02,-1.0416698e+03
3902,3.9010000e-01,3.1850907e+03,1.3743358e+02,-1.0185177e+03
3903,3.9020000e-01,3.0538280e+03,1.3595713e+02,-9.8869610e+02
3904,3.9030000e-01,2.9118946e+03,1.3254690e+02,-9.5334961e+02
3905,3.9040000e-01,2.7578795e+03,1.2736808e+02,-9.1281682e+02
3906,3.9050000e-01,2.5906075e+03,1.2100354e+02,-8.6693414e+02
3907,3.9060000e-01,2.4092773e+03,1.1380461e+02,-8.1537150e+02
3908,3.9070000e-01,2.2133012e+03,1.0577141e+02,-7.5782043e+02
3909,3.9080000e-01,2.0023790e+03,9.7239657e+01,-6.9401613e+02
3910,3.9090000e-01,1.7765612e+03,8.8034220e+01,-6.2390998e+02
3911,3.9100000e-01,1.5362532e+03,7.8397757e+01,-5.4757606e+02
3912,3.9110000e-01,1.2821579e+03,6.8415969e+01,-4.6524638e+02
3913,3.9120000e-01,1.0156350e+03,5.8182455e+01,-3.7747397e+02
3914,3.9130000e-01,7.3844608e+02,4.7850037e+01,-2.8498040e+02
3915,3.9140000e-01,4.5276830e+02,3.7435214e+01,-1.8874139e+02
3916,3.9150000e-01,1.6119469e+02,2.7075166e+01,-8.9875651e+01
3917,3.9160000e-01,-1.3327419e+02,1.6824664e+01,1.0270668e+01
3918,3.9170000e-01,-4.2757886e+02,6.8558251e+00,1.1039210e+02
3919,3.9180000e-01,-7.1879886e+02,-2.9131318e+00,2.0914054e+02
3920,3.9190000e-01,-1.0040437e+03,-1.2267713e+01,3.0527796e+02
3921,3.9200000e-01,-1.2806474e+03,-2.1101364e+01,3.9763618e+02
3922,3.9210000e-01,-1.5463393e+03,-2.9277696e+01,4.8523999e+02
3923,3.9220000e-01,-1.7992660e+03,-3.6799145e+01,5.6728547e+02
3924,3.9230000e-01,-2.0379995e+03,-4.3574088e+01,6.4316176e+02
3925,3.9240000e-01,-2.2617206e+03,-4.9540557e+01,7.1257018e+02
3926,3.9250000e-01,-2.4699739e+03,-5.4695312e+01,7.7524953e+02
3927,3.9260000e-01,-2.6625927e+03,-5.8930001e+01,8.3113869e+02
3928,3.9270000e-01,-2.8398440e+03,-6.2313709e+01,8.8035162e+02
3929,3.9280000e-01,-3.0021303e+03,-6.4841579e+01,9.2305829e+02
3930,3.9290000e-01,-3.1500532e+03,-6.6542331e+01,9.5951306e+02
3931,3.9300000e-01,-3.2844956e+03,-6.7469397e+01,9.9007868e+02
3932,3.9310000e-01,-3.4063387e+03,-6.7668880e+01,1.0151192e+03
3933,3.9320000e-01,-3.5164981e+03,-6.7196644e+01,1.0350071e+03
3934,3.9330000e-01,-3.6159523e+03,-6.6100642e+01,1.0501419e+03
3935,3.9340000e-01,-3.7055969e+03,-6.4470239e+01,1.0608933e+03
3936,3.9350000e-01,-3.7862999e+03,-6.2362331e+01,1.0676082e+03
3937,3.9360000e-01,-3.8588896e+03,-5.9848796e+01,1.0706572e+03
3938,3.9370000e-01,-3.9240926e+03,-5.6983453e+01,1.0703597e+03
3939,3.9380000e-01,-3.9825629e+03,-5.3820410e+01,1.0670279e+03
3940,3.9390000e-01,-4.0349505e+03,-5.0401585e+01,1.0609729e+03
3941,3.9400000e-01,-4.0817686e+03,-4.6755503e+01,1.0524902e+03
3942,3.9410000e-01,-4.1234752e+03,-4.2924073e+01,1.0418854e+03
3943,3.9420000e-01,-4.1608314e+03,-3.8894025e+01,1.0295983e+03
3944,3.9430000e-01,-4.1946310e+03,-3.4654705e+01,1.0159532e+03
3945,3.9440000e-01,-4.2253844e+03,-3.0180886e+01,1.0010906e+03
3946,3.9450000e-01,-4.2533490e+03,-2.5535792e+01,9.8506561e+02
3947,3.9460000e-01,-4.2787178e+03,-2.0777875e+01,9.6792250e+02
3948,3.9470000e-01,-4.3015136e+03,-1.5998520e+01,9.4962311e+02
3949,3.9480000e-01,-4.3217984e+03,-1.1255012e+01,9.3021336e+02
3950,3.9490000e-01,-4.3396794e+03,-6.5917638e+00,9.0972620e+02
3951,3.9500000e-01,-4.3551661e+03,-2.0497688e+00,8.8816955e+02
3952,3.9510000e-01,-4.3683490e+03,2.3137169e+00,8.6545247e+02
3953,3.9520000e-01,-4.3793062e+03,6.3849332e+00,8.4152161e+02
3954,3.9530000e-01,-4.3879867e+03,1.0054535e+01,8.1595384e+02
3955,3.9540000e-01,-4.3939903e+03,1.3119451e+01,7.8809445e+02
3956,3.9550000e-01,-4.3963733e+03,1.5399665e+01,7.5801485e+02
3957,3.9560000e-01,-4.3944826e+03,1.6741823e+01,7.2685089e+02
3958,3.9570000e-01,-4.3887574e+03,1.7218277e+01,6.9538304e+02
3959,3.9580000e-01,-4.3800603e+03,1.7258376e+01,6.6401656e+02
3960,3.9590000e-01,-4.3690768e+03,1.7103820e+01,6.3277060e+02
3961,3.9600000e-01,-4.3560544e+03,1.6791282e+01,6.0153752e+02
3962,3.9610000e-01,-4.3409668e+03,1.6499302e+01,5.7039051e+02
3963,3.9620000e-01,-4.3237628e+03,1.6306909e+01,5.3943499e+02
3964,3.9630000e-01,-4.3044027e+03,1.6139099e+01,5.0868483e+02
3965,3.9640000e-01,-4.2828347e+03,1.5970873e+01,4.7819336e+02
3966,3.9650000e-01,-4.2589881e+03,1.5715662e+01,4.4799599e+02
3967,3.9660000e-01,-4.2327377e+03,1.5351222e+01,4.1809590e+02
3968,3.9670000e-01,-4.2039808e+03,1.4793416e+01,3.8855844e+02
3969,3.9680000e-01,-4.1726124e+03,1.4018453e+01,3.5941496e+02
3970,3.9690000e-01,-4.1384506e+03,1.3048915e+01,3.3070438e+02
3971,3.9700000e-01,-4.1013251e+03,1.1837107e+01,3.0245660e+02
3972,3.9710000e-01,-4.0610618e+03,1.0392130e+01,2.7475609e+02
3973,3.9720000e-01,-4.0174267e+03,8.6679692e+00,2.4759257e+02
3974,3.9730000e-01,-3.9701812e+03,6.6092881e+00,2.2099499e+02
3975,3.9740000e-01,-3.9190699e+03,4.2032148e+00,1.9500601e+02
3976,3.9750000e-01,-3.8637980e+03,1.4484920e+00,1.6967810e+02
3977,3.9760000e-01,-3.8040426e+03,-1.6303323e+00,1.4507638e+02
3978,3.9770000e-01,-3.7394056e+03,-4.9150031e+00,1.2124946e+02
3979,3.9780000e-01,-3.6694812e+03,-8.2932106e+00,9.8371720e+01
3980,3.9790000e-01,-3.5938187e+03,-1.1547973e+01,7.6609536e+01
3981,3.9800000e-01,-3.5118913e+03,-1.4606561e+01,5.6122729e+01
3982,3.9810000e-01,-3.4232266e+03,-1.7424218e+01,3.7063286e+01
3983,3.9820000e-01,-3.3274782e+03,-2.0106646e+01,1.9584202e+01
3984,3.9830000e-01,-3.2242561e+03,-2.2766544e+01,3.7025273e+00
3985,3.9840000e-01,-3.1131881e+03,-2.5518265e+01,-1.0532790e+01
3986,3.9850000e-01,-2.9938928e+03,-2.8365976e+01,-2.3059133e+01
3987,3.9860000e-01,-2.8659694e+03,-3.1473192e+01,-3.3907918e+01
3988,3.9870000e-01,-2.7291328e+03,-3.4754491e+01,-4.2965118e+01
3989,3.9880000e-01,-2.5830890e+03,-3.8132693e+01,-5.0163185e+01
3990,3.9890000e-01,-2.4276809e+03,-4.1749811e+01,-5.5429972e+01
3991,3.9900000e-01,-2.2626789e+03,-4.5473073e+01,-5.8789104e+01
3992,3.9910000e-01,-2.0879778e+03,-4.9317618e+01,-6.0238060e+01
3993,3.9920000e-01,-1.9036091e+03,-5.3212056e+01,-5.9786549e+01
3994,3.9930000e-01,-1.7096563e+03,-5.7250766e+01,-5.7568972e+01
3995,3.9940000e-01,-1.5065264e+03,-6.1415875e+01,-5.3606757e+01
3996,3.9950000e-01,-1.2947703e+03,-6.5733764e+01,-4.8044730e+01
3997,3.9960000e-01,-1.0750824e+03,-7.0055331e+01,-4.1032623e+01
3998,3.9970000e-01,-8.4841814e+02,-7.4352421e+01,-3.2706103e+01
3999,3.9980000e-01,-6.1580375e+02,-7.8578799e+01,-2.3378590e+01
4000,3.9990000e-01,-3.7842552e+02,-8.2720931e+01,-1.3328765e+01
4001,4.0000000e-01,-1.3762789e+02,-8.6748826e+01,-2.8516407e+00
4002,4.0010000e-01,1.0509562e+02,-9.0622143e+01,7.7379751e+00
4003,4.0020000e-01,3.4836210e+02,-9.4309074e+01,1.8052284e+01
4004,4.0030000e-01,5.9058286e+02,-9.7779972e+01,2.7853704e+01
4005,4.0040000e-01,8.3019379e+02,-1.0096850e+02,3.6845358e+01
4006,4.0050000e-01,1.0656646e+03,-1.0382322e+02,4.4746813e+01
4007,4.0060000e-01,1.2955741e+03,-1.0630336e+02,5.1304692e+01
4008,4.0070000e-01,1.5186563e+03,-1.0837680e+02,5.6301804e+01
4009,4.0080000e-01,1.7336979e+03,-1.1000844e+02,5.9613644e+01
4010,4.0090000e-01,1.9398266e+03,-1.1116829e+02,6.1042983e+01
4011,4.0100000e-01,2.1364234e+03,-1.1186179e+02,6.0494953e+01
4012,4.0110000e-01,2.3230371e+03,-1.1208692e+02,5.7925881e+01
4013,4.0120000e-01,2.4993781e+03,-1.1183713e+02,5.3329327e+01
4014,4.0130000e-01,2.6653138e+03,-1.1110694e+02,4.6730914e+01
4015,4.0140000e-01,2.8208760e+03,-1.0989575e+02,3.8183541e+01
4016,4.0150000e-01,2.9661941e+03,-1.0820812e+02,2.7760721e+01
4017,4.0160000e-01,3.1015919e+03,-1.0605472e+02,1.5515714e+01
4018,4.0170000e-01,3.2273589e+03,-1.0345558e+02,1.5933170e+00
4019,4.0180000e-01,3.3438455e+03,-1.0041110e+02,-1.3900012e+01
4020,4.0190000e-01,3.4514665e+03,-9.6935497e+01,-3.0850852e+01
4021,4.0200000e-01,3.5506154e+03,-9.3058148e+01,-4.9125912e+01
4022,4.0210000e-01,3.6418142e+03,-8.8797641e+01,-6.8668855e+01
4023,4.0220000e-01,3.7255943e+03,-8.4197053e+01,-8.9376462e+01
4024,4.0230000e-01,3.8024569e+03,-7.9279060e+01,-1.1112983e+02
4025,4.0240000e-01,3.8729003e+03,-7.4238544e+01,-1.3415713e+02
4026,4.0250000e-01,3.9373823e+03,-6.8939738e+01,-1.5799741e+02
4027,4.0260000e-01,3.9963073e+03,-6.3339509e+01,-1.8251450e+02
4028,4.0270000e-01,4.0500956e+03,-5.7349637e+01,-2.0734987e+02
4029,4.0280000e-01,4.0992258e+03,-5.1501879e+01,-2.3365945e+02
4030,4.0290000e-01,4.1439975e+03,-4.5507349e+01,-2.6042385e+02
4031,4.0300000e-01,4.1846126e+03,-3.9282836e+01,-2.8751465e+02
4032,4.0310000e-01,4.2214358e+03,-3.2560924e+01,-3.1415599e+02
4033,4.0320000e-01,4.2548846e+03,-2.5859776e+01,-3.4221153e+02
4034,4.0330000e-01,4.2851331e+03,-1.8846217e+01,-3.7045690e+02
4035,4.0340000e-01,4.3122021e+03,-1.1454388e+01,-3.9867631e+02
4036,4.0350000e-01,4.3364581e+03,-3.6836620e+00,-4.2610703e+02
4037,4.0360000e-01,4.3581284e+03,4.3330920e+00,-4.5353489e+02
4038,4.0370000e-01,4.3777031e+03,1.2282605e+01,-4.8195314e+02
4039,4.0380000e-01,4.3950714e+03,2.0151091e+01,-5.1043407e+02
4040,4.0390000e-01,4.4099077e+03,2.8002148e+01,-5.3852641e+02
4041,4.0400000e-01,4.4224371e+03,3.5918163e+01,-5.6578236e+02
4042,4.0410000e-01,4.4325237e+03,4.3866314e+01,-5.9296198e+02
4043,4.0420000e-01,4.4399859e+03,5.1805361e+01,-6.2018534e+02
4044,4.0430000e-01,4.4445250e+03,5.9792167e+01,-6.4713443e+02
4045,4.0440000e-01,4.4461516e+03,6.7684035e+01,-6.7414871e+02
4046,4.0450000e-01,4.4449974e+03,7.5296144e+01,-7.0125187e+02
4047,4.0460000e-01,4.4408658e+03,8.2522663e+01,-7.2838931e+02
4048,4.0470000e-01,4.4338365e+03,8.9213141e+01,-7.5545988e+02
4049,4.0480000e-01,4.4240003e+03,9.5326902e+01,-7.8212484e+02
4050,4.0490000e-01,4.4113686e+03,1.0083679e+02,-8.0854133e+02
4051,4.0500000e-01,4.3960252e+03,1.0594205e+02,-8.3410184e+02
4052,4.0510000e-01,4.3780185e+03,1.1087030e+02,-8.5865181e+02
4053,4.0520000e-01,4.3574962e+03,1.1592479e+02,-8.8179716e+02
4054,4.0530000e-01,4.3345974e+03,1.2126796e+02,-9.0366759e+02
4055,4.0540000e-01,4.3088964e+03,1.2650157e+02,-9.2563445e+02
4056,4.0550000e-01,4.2798426e+03,1.3113405e+02,-9.4753387e+02
4057,4.0560000e-01,4.2469047e+03,1.3506893e+02,-9.6873043e+02
4058,4.0570000e-01,4.2096825e+03,1.3839222e+02,-9.8840242e+02
4059,4.0580000e-01,4.1680959e+03,1.4110449e+02,-1.0062776e+03
4060,4.0590000e-01,4.1221314e+03,1.4340830e+02,-1.0224348e+03
4061,4.0600000e-01,4.0716622e+03,1.4521675e+02,-1.0368155e+03
4062,4.0610000e-01,4.0164758e+03,1.4646958e+02,-1.0492575e+03
4063,4.0620000e-01,3.9562445e+03,1.4724236e+02,-1.0595679e+03
4064,4.0630000e-01,3.8905996e+03,1.4755783e+02,-1.0674907e+03
4065,4.0640000e-01,3.8190695e+03,1.4735058e+02,-1.0727715e+03
4066,4.0650000e-01,3.7410623e+03,1.4662326e+02,-1.0750998e+03
4067,4.0660000e-01,3.6560028e+03,1.4532296e+02,-1.0741682e+03
4068,4.0670000e-01,3.5632334e+03,1.4351058e+02,-1.0696094e+03
4069,4.0680000e-01,3.4620744e+03,1.4116802e+02,-1.0610606e+03
4070,4.0690000e-01,3.3518190e+03,1.3827716e+02,-1.0481519e+03
4071,4.0700000e-01,3.2336957e+03,1.3829852e+02,-1.0268923e+03
4072,4.0710000e-01,3.1066984e+03,1.3682241e+02,-9.9910898e+02
4073,4.0720000e-01,2.9693615e+03,1.3338171e+02,-9.6595192e+02
4074,4.0730000e-01,2.8202193e+03,1.2816206e+02,-9.2775008e+02
4075,4.0740000e-01,2.6580019e+03,1.2171609e+02,-8.8429298e+02
4076,4.0750000e-01,2.4818569e+03,1.1446374e+02,-8.3525940e+02
4077,4.0760000e-01,2.2911799e+03,1.0639305e+02,-7.8031325e+02
4078,4.0770000e-01,2.0855498e+03,9.7826554e+01,-7.1912067e+02
4079,4.0780000e-01,1.8649515e+03,8.8672354e+01,-6.5157607e+02
4080,4.0790000e-01,1.6297199e+03,7.9071090e+01,-5.7772047e+02
4081,4.0800000e-01,1.3804915e+03,6.9058707e+01,-4.9778368e+02
4082,4.0810000e-01,1.1182929e+03,5.8820266e+01,-4.1212590e+02
4083,4.0820000e-01,8.4465686e+02,4.8535413e+01,-3.2138685e+02
4084,4.0830000e-01,5.6167919e+02,3.8226678e+01,-2.2646109e+02
4085,4.0840000e-01,2.7192847e+02,2.7863596e+01,-1.2849650e+02
4086,4.0850000e-01,-2.1813829e+01,1.7623345e+01,-2.8705966e+01
4087,4.0860000e-01,-3.1655876e+02,7.6500555e+00,7.1554713e+01
4088,4.0870000e-01,-6.0926313e+02,-2.1319926e+00,1.7093084e+02
4089,4.0880000e-01,-8.9709940e+02,-1.1520859e+01,2.6817096e+02
4090,4.0890000e-01,-1.1773234e+03,-2.0422702e+01,3.6209045e+02
4091,4.0900000e-01,-1.4474648e+03,-2.8685036e+01,4.5162585e+02
4092,4.0910000e-01,-1.7054872e+03,-3.6307903e+01,5.3588506e+02
4093,4.0920000e-01,-1.9498304e+03,-4.3206285e+01,6.1420482e+02
4094,4.0930000e-01,-2.1794985e+03,-4.9307179e+01,6.8620621e+02
4095,4.0940000e-01,-2.3938253e+03,-5.4597395e+01,7.5153984e+02
4096,4.0950000e-01,-2.5925010e+03,-5.8968971e+01,8.1008063e+02
4097,4.0960000e-01,-2.7755902e+03,-6.2477504e+01,8.6185702e+02
4098,4.0970000e-01,-2.9435091e+03,-6.5131617e+01,9.0705274e+02
4099,4.0980000e-01,-3.0968166e+03,-6.6944020e+01,9.4590054e+02
4100,4.0990000e-01,-3.2362386e+03,-6.7956441e+01,9.7869567e+02
4101,4.1000000e-01,-3.3627140e+03,-6.8227979e+01,1.0058301e+03
4102,4.1010000e-01,-3.4771497e+03,-6.7804893e+01,1.0276740e+03
4103,4.1020000e-01,-3.5804736e+03,-6.6733322e+01,1.0446027e+03
4104,4.1030000e-01,-3.6736679e+03,-6.5104283e+01,1.0570179e+03
4105,4.1040000e-01,-3.7575743e+03,-6.2985643e+01,1.0652592e+03
4106,4.1050000e-01,-3.8330182e+03,-6.0444150e+01,1.0696859e+03
4107,4.1060000e-01,-3.9008187e+03,-5.7538601e+01,1.0706488e+03
4108,4.1070000e-01,-3.9616772e+03,-5.4324730e+01,1.0684575e+03
4109,4.1080000e-01,-4.0162135e+03,-5.0854419e+01,1.0634253e+03
4110,4.1090000e-01,-4.0650414e+03,-4.7152595e+01,1.0558542e+03
4111,4.1100000e-01,-4.1086364e+03,-4.3267098e+01,1.0460518e+03
4112,4.1110000e-01,-4.1475382e+03,-3.9199932e+01,1.0343655e+03
4113,4.1120000e-01,-4.1825560e+03,-3.4930013e+01,1.0212457e+03
4114,4.1130000e-01,-4.2143519e+03,-3.0440148e+01,1.0068776e+03
4115,4.1140000e-01,-4.2432805e+03,-2.5770022e+01,9.9134346e+02
4116,4.1150000e-01,-4.2695182e+03,-2.0971351e+01,9.7467750e+02
4117,4.1160000e-01,-4.2931581e+03,-1.6113831e+01,9.5686959e+02
4118,4.1170000e-01,-4.3142891e+03,-1.1266220e+01,9.3794971e+02
4119,4.1180000e-01,-4.3330111e+03,-6.4834437e+00,9.1795439e+02
4120,4.1190000e-01,-4.3493647e+03,-1.8094560e+00,8.9689574e+02
4121,4.1200000e-01,-4.3634344e+03,2.7049793e+00,8.7470351e+02
4122,4.1210000e-01,-4.3752653e+03,6.9564801e+00,8.5130787e+02
4123,4.1220000e-01,-4.3848521e+03,1.0841877e+01,8.2651565e+02
4124,4.1230000e-01,-4.3919793e+03,1.4206327e+01,7.9958772e+02
4125,4.1240000e-01,-4.3958602e+03,1.6827289e+01,7.7023702e+02
4126,4.1250000e-01,-4.3955709e+03,1.8529282e+01,7.3935860e+02
4127,4.1260000e-01,-4.3912319e+03,1.9250413e+01,7.0798234e+02
4128,4.1270000e-01,-4.3836488e+03,1.9455522e+01,6.7663546e+02
4129,4.1280000e-01,-4.3735720e+03,1.9297888e+01,6.4534098e+02
4130,4.1290000e-01,-4.3613410e+03,1.9076107e+01,6.1410702e+02
4131,4.1300000e-01,-4.3469922e+03,1.8800625e+01,5.8289964e+02
4132,4.1310000e-01,-4.3305198e+03,1.8532689e+01,5.5184223e+02
4133,4.1320000e-01,-4.3118826e+03,1.8315902e+01,5.2096808e+02
4134,4.1330000e-01,-4.2910542e+03,1.8079955e+01,4.9032601e+02
4135,4.1340000e-01,-4.2679781e+03,1.7843232e+01,4.5998026e+02
4136,4.1350000e-01,-4.2425954e+03,1.7461036e+01,4.2991759e+02
4137,4.1360000e-01,-4.2147790e+03,1.6926849e+01,4.0021412e+02
4138,4.1370000e-01,-4.1844228e+03,1.6172893e+01,3.7089531e+02
4139,4.1380000e-01,-4.1513443e+03,1.5233432e+01,3.4199989e+02
4140,4.1390000e-01,-4.1153704e+03,1.4063192e+01,3.1355781e+02
4141,4.1400000e-01,-4.0763510e+03,1.2647656e+01,2.8564554e+02
4142,4.1410000e-01,-4.0340376e+03,1.0988274e+01,2.5826042e+02
4143,4.1420000e-01,-3.9881995e+03,9.0095435e+00,2.3142961e+02
4144,4.1430000e-01,-3.9385845e+03,6.7012172e+00,2.0519643e+02
4145,4.1440000e-01,-3.8849247e+03,4.0173961e+00,1.7959951e+02
4146,4.1450000e-01,-3.8269128e+03,9.9321076e-01,1.5470038e+02
4147,4.1460000e-01,-3.7641816e+03,-2.3127419e+00,1.3053033e+02
4148,4.1470000e-01,-3.6963421e+03,-5.8004569e+00,1.0724602e+02
4149,4.1480000e-01,-3.6229613e+03,-9.2455287e+00,8.5004104e+01
4150,4.1490000e-01,-3.5435156e+03,-1.2522568e+01,6.3969120e+01
4151,4.1500000e-01,-3.4575093e+03,-1.5485402e+01,4.4320467e+01
4152,4.1510000e-01,-3.3645629e+03,-1.8270343e+01,2.6221661e+01
4153,4.1520000e-01,-3.2642600e+03,-2.0972078e+01,9.7020729e+00
4154,4.1530000e-01,-3.1562203e+03,-2.3720501e+01,-5.1818046e+00
4155,4.1540000e-01,-3.0400926e+03,-2.6668199e+01,-1.8399753e+01
4156,4.1550000e-01,-2.9154604e+03,-2.9699899e+01,-2.9928132e+01
4157,4.1560000e-01,-2.7820429e+03,-3.2997032e+01,-3.9690037e+01
4158,4.1570000e-01,-2.6395337e+03,-3.6381786e+01,-4.7609673e+01
4159,4.1580000e-01,-2.4876589e+03,-3.9939721e+01,-5.3654236e+01
4160,4.1590000e-01,-2.3262811e+03,-4.3715864e+01,-5.7748585e+01
4161,4.1600000e-01,-2.1552614e+03,-4.7581340e+01,-5.9929307e+01
4162,4.1610000e-01,-1.9745609e+03,-5.1485423e+01,-6.0195266e+01
4163,4.1620000e-01,-1.7842994e+03,-5.5526602e+01,-5.8606748e+01
4164,4.1630000e-01,-1.5846804e+03,-5.9682473e+01,-5.5307526e+01
4165,4.1640000e-01,-1.3761777e+03,-6.4019338e+01,-5.0358036e+01
4166,4.1650000e-01,-1.1594373e+03,-6.8378839e+01,-4.3889259e+01
4167,4.1660000e-01,-9.3523555e+02,-7.2736510e+01,-3.6088804e+01
4168,4.1670000e-01,-7.0469749e+02,-7.7051322e+01,-2.7116107e+01
4169,4.1680000e-01,-4.6896295e+02,-8.1272077e+01,-1.7310256e+01
4170,4.1690000e-01,-2.2930178e+02,-8.5383131e+01,-6.9622455e+00
4171,4.1700000e-01,1.2841360e+01,-8.9351799e+01,3.6186282e+00
4172,4.1710000e-01,2.5611075e+02,-9.3148918e+01,1.4046135e+01
4173,4.1720000e-01,4.9892663e+02,-9.6745809e+01,2.4080576e+01
4174,4.1730000e-01,7.3968277e+02,-1.0007398e+02,3.3415065e+01
4175,4.1740000e-01,9.7686913e+02,-1.0308297e+02,4.1762478e+01
4176,4.1750000e-01,1.2090265e+03,-1.0573088e+02,4.8858856e+01
4177,4.1760000e-01,1.4348233e+03,-1.0798231e+02,5.4472310e+01
4178,4.1770000e-01,1.6530988e+03,-1.0980889e+02,5.8410627e+01
4179,4.1780000e-01,1.8627321e+03,-1.1117803e+02,6.0572960e+01
4180,4.1790000e-01,2.0630131e+03,-1.1206491e+02,6.0789567e+01
4181,4.1800000e-01,2.2534481e+03,-1.1247816e+02,5.8996462e+01
4182,4.1810000e-01,2.4336944e+03,-1.1241671e+02,5.5173334e+01
4183,4.1820000e-01,2.6035645e+03,-1.1187623e+02,4.9334103e+01
4184,4.1830000e-01,2.7630404e+03,-1.1085363e+02,4.1522472e+01
4185,4.1840000e-01,2.9122071e+03,-1.0935173e+02,3.1804604e+01
4186,4.1850000e-01,3.0512628e+03,-1.0737555e+02,2.0264998e+01
4187,4.1860000e-01,3.1805901e+03,-1.0494020e+02,6.9660051e+00
4188,4.1870000e-01,3.3005275e+03,-1.0206764e+02,-7.9470239e+00
4189,4.1880000e-01,3.4114599e+03,-9.8758472e+01,-2.4360262e+01
4190,4.1890000e-01,3.5138156e+03,-9.5043308e+01,-4.2179591e+01
4191,4.1900000e-01,3.6080100e+03,-9.0933474e+01,-6.1247739e+01
4192,4.1910000e-01,3.6945658e+03,-8.6457885e+01,-8.1520274e+01
4193,4.1920000e-01,3.7740059e+03,-8.1654095e+01,-1.0288436e+02
4194,4.1930000e-01,3.8468457e+03,-7.6718312e+01,-1.2556577e+02
4195,4.1940000e-01,3.9135540e+03,-7.1520154e+01,-1.4909947e+02
4196,4.1950000e-01,3.9745464e+03,-6.6010933e+01,-1.7334640e+02
4197,4.1960000e-01,4.0302174e+03,-6.0228512e+01,-1.9821290e+02
4198,4.1970000e-01,4.0810643e+03,-5.4477365e+01,-2.2425108e+02
4199,4.1980000e-01,4.1274614e+03,-4.8553523e+01,-2.5080059e+02
4200,4.1990000e-01,4.1696200e+03,-4.2386599e+01,-2.7768567e+02
4201,4.2000000e-01,4.2079040e+03,-3.5706488e+01,-3.0412534e+02
4202,4.2010000e-01,4.2427317e+03,-2.9134189e+01,-3.3204729e+02
4203,4.2020000e-01,4.2742787e+03,-2.2242675e+01,-3.6019163e+02
4204,4.2030000e-01,4.3025635e+03,-1.4937276e+01,-3.8832741e+02
4205,4.2040000e-01,4.3279627e+03,-7.2110860e+00,-4.1567623e+02
4206,4.2050000e-01,4.3507134e+03,8.0814219e-01,-4.4303624e+02
4207,4.2060000e-01,4.3713213e+03,8.7355313e+00,-4.7146370e+02
4208,4.2070000e-01,4.3896790e+03,1.6664411e+01,-4.9994649e+02
4209,4.2080000e-01,4.4054609e+03,2.4589917e+01,-5.2822515e+02
4210,4.2090000e-01,4.4189278e+03,3.2571694e+01,-5.5544255e+02
4211,4.2100000e-01,4.4299383e+03,4.0653384e+01,-5.8257554e+02
4212,4.2110000e-01,4.4383149e+03,4.8741337e+01,-6.0976270e+02
4213,4.2120000e-01,4.4439936e+03,5.6763749e+01,-6.3704877e+02
4214,4.2130000e-01,4.4467680e+03,6.4754194e+01,-6.6408766e+02
4215,4.2140000e-01,4.4466006e+03,7.2543617e+01,-6.9113194e+02
4216,4.2150000e-01,4.4434507e+03,7.9976024e+01,-7.1843732e+02
4217,4.2160000e-01,4.4373820e+03,8.6964083e+01,-7.4544676e+02
4218,4.2170000e-01,4.4284877e+03,9.3332295e+01,-7.7229931e+02
4219,4.2180000e-01,4.4167842e+03,9.9071730e+01,-7.9878661e+02
4220,4.2190000e-01,4.4023135e+03,1.0430914e+02,-8.2452567e+02
4221,4.2200000e-01,4.3851776e+03,1.0936101e+02,-8.4916488e+02
4222,4.2210000e-01,4.3655521e+03,1.1458556e+02,-8.7229316e+02
4223,4.2220000e-01,4.3435333e+03,1.2006891e+02,-8.9441147e+02
4224,4.2230000e-01,4.3189174e+03,1.2541851e+02,-9.1641239e+02
4225,4.2240000e-01,4.2911614e+03,1.3026106e+02,-9.3859806e+02
4226,4.2250000e-01,4.2597000e+03,1.3440858e+02,-9.6035675e+02
4227,4.2260000e-01,4.2239990e+03,1.3791135e+02,-9.8074035e+02
4228,4.2270000e-01,4.1839094e+03,1.4077792e+02,-9.9925787e+02
4229,4.2280000e-01,4.1394360e+03,1.4320560e+02,-1.0160889e+03
4230,4.2290000e-01,4.0906072e+03,1.4520014e+02,-1.0311704e+03
4231,4.2300000e-01,4.0371833e+03,1.4663987e+02,-1.0444038e+03
4232,4.2310000e-01,3.9789137e+03,1.4758474e+02,-1.0555850e+03
4233,4.2320000e-01,3.9153861e+03,1.4807736e+02,-1.0644821e+03
4234,4.2330000e-01,3.8461770e+03,1.4804445e+02,-1.0708398e+03
4235,4.2340000e-01,3.7707324e+03,1.4749099e+02,-1.0743696e+03
4236,4.2350000e-01,3.6884834e+03,1.4636465e+02,-1.0747670e+03
4237,4.2360000e-01,3.5988060e+03,1.4472261e+02,-1.0716833e+03
4238,4.2370000e-01,3.5009902e+03,1.4255412e+02,-1.0647373e+03
4239,4.2380000e-01,3.3943453e+03,1.3984077e+02,-1.0535725e+03
4240,4.2390000e-01,3.2781220e+03,1.3661642e+02,-1.0377719e+03
4241,4.2400000e-01,3.1535068e+03,1.3653891e+02,-1.0133496e+03
4242,4.2410000e-01,3.0195292e+03,1.3507676e+02,-9.8219549e+02
4243,4.2420000e-01,2.8746451e+03,1.3170066e+02,-9.4539609e+02
4244,4.2430000e-01,2.7174601e+03,1.2664670e+02,-9.0328782e+02
4245,4.2440000e-01,2.5467768e+03,1.2025710e+02,-8.5572848e+02
4246,4.2450000e-01,2.3617386e+03,1.1308077e+02,-8.0239731e+02
4247,4.2460000e-01,2.1620063e+03,1.0508850e+02,-7.4306823e+02
4248,4.2470000e-01,1.9472517e+03,9.6582088e+01,-6.7744162e+02
4249,4.2480000e-01,1.7176232e+03,8.7335280e+01,-6.0553938e+02
4250,4.2490000e-01,1.4737540e+03,7.7773275e+01,-5.2749058e+02
4251,4.2500000e-01,1.2165367e+03,6.7785410e+01,-4.4363293e+02
4252,4.2510000e-01,9.4725058e+02,5.7596058e+01,-3.5449296e+02
4253,4.2520000e-01,6.6787234e+02,4.7411035e+01,-2.6085688e+02
4254,4.2530000e-01,3.8083943e+02,3.7083952e+01,-1.6382127e+02
4255,4.2540000e-01,8.8781532e+01,2.6805588e+01,-6.4538789e+01
4256,4.2550000e-01,-2.0527058e+02,1.6638065e+01,3.5618747e+01
4257,4.2560000e-01,-4.9841679e+02,6.7501316e+00,1.3538475e+02
4258,4.2570000e-01,-7.8777461e+02,-2.9558790e+00,2.3346462e+02
4259,4.2580000e-01,-1.0705920e+03,-1.2257785e+01,3.2865204e+02
4260,4.2590000e-01,-1.3443278e+03,-2.1032667e+01,4.1982601e+02
4261,4.2600000e-01,-1.6068773e+03,-2.9160567e+01,5.0608377e+02
4262,4.2610000e-01,-1.8564404e+03,-3.6627892e+01,5.8664298e+02
4263,4.2620000e-01,-2.0918345e+03,-4.3352558e+01,6.6105723e+02
4264,4.2630000e-01,-2.3121764e+03,-4.9294890e+01,7.2889276e+02
4265,4.2640000e-01,-2.5170088e+03,-5.4347835e+01,7.8997417e+02
4266,4.2650000e-01,-2.7062165e+03,-5.8552803e+01,8.4425375e+02
4267,4.2660000e-01,-2.8800337e+03,-6.1900185e+01,8.9184320e+02
4268,4.2670000e-01,-3.0390092e+03,-6.4405443e+01,9.3298458e+02
4269,4.2680000e-01,-3.1838669e+03,-6.6092584e+01,9.6797091e+02
4270,4.2690000e-01,-3.3154053e+03,-6.7004986e+01,9.9713250e+02
4271,4.2700000e-01,-3.4345466e+03,-6.7202838e+01,1.0208588e+03
4272,4.2710000e-01,-3.5421957e+03,-6.6735141e+01,1.0395157e+03
4273,4.2720000e-01,-3.6393078e+03,-6.5651436e+01,1.0534997e+03
4274,4.2730000e-01,-3.7267452e+03,-6.4039413e+01,1.0631686e+03
4275,4.2740000e-01,-3.8053594e+03,-6.1957127e+01,1.0688775e+03
4276,4.2750000e-01,-3.8759816e+03,-5.9476991e+01,1.0709965e+03
4277,4.2760000e-01,-3.9393643e+03,-5.6651282e+01,1.0698481e+03
4278,4.2770000e-01,-3.9961939e+03,-5.3532879e+01,1.0657616e+03
4279,4.2780000e-01,-4.0470825e+03,-5.0162600e+01,1.0590368e+03
4280,4.2790000e-01,-4.0925667e+03,-4.6562775e+01,1.0499717e+03
4281,4.2800000e-01,-4.1331890e+03,-4.2767220e+01,1.0388965e+03
4282,4.2810000e-01,-4.1696826e+03,-3.8771085e+01,1.0262463e+03
4283,4.2820000e-01,-4.2027498e+03,-3.4545912e+01,1.0122752e+03
4284,4.2830000e-01,-4.2327943e+03,-3.0094703e+01,9.9709469e+02
4285,4.2840000e-01,-4.2600581e+03,-2.5487966e+01,9.8075670e+02
4286,4.2850000e-01,-4.2846147e+03,-2.0793644e+01,9.6324902e+02
4287,4.2860000e-01,-4.3065620e+03,-1.6084235e+01,9.4461349e+02
4288,4.2870000e-01,-4.3260798e+03,-1.1408782e+01,9.2489940e+02
4289,4.2880000e-01,-4.3432702e+03,-6.8139702e+00,9.0410828e+02
4290,4.2890000e-01,-4.3581473e+03,-2.3601547e+00,8.8224940e+02
4291,4.2900000e-01,-4.3707819e+03,1.8992988e+00,8.5925592e+02
4292,4.2910000e-01,-4.3812480e+03,5.8526964e+00,8.3495551e+02
4293,4.2920000e-01,-4.3894540e+03,9.3649306e+00,8.0892952e+02
4294,4.2930000e-01,-4.3948865e+03,1.2256603e+01,7.8057333e+02
4295,4.2940000e-01,-4.3965700e+03,1.4320726e+01,7.5016221e+02
4296,4.2950000e-01,-4.3940482e+03,1.5455889e+01,7.1895178e+02
4297,4.2960000e-01,-4.3878963e+03,1.5806270e+01,6.8755183e+02
4298,4.2970000e-01,-4.3788138e+03,1.5814015e+01,6.5619552e+02
4299,4.2980000e-01,-4.3673155e+03,1.5655871e+01,6.2492580e+02
4300,4.2990000e-01,-4.3535889e+03,1.5341551e+01,5.9365416e+02
4301,4.3000000e-01,-4.3376570e+03,1.5044575e+01,5.6247397e+02
4302,4.3010000e-01,-4.3195831e+03,1.4799629e+01,5.3149564e+02
4303,4.3020000e-01,-4.2993991e+03,1.4640843e+01,5.0076180e+02
4304,4.3030000e-01,-4.2771243e+03,1.4469561e+01,4.7031964e+02
4305,4.3040000e-01,-4.2526758e+03,1.4202407e+01,4.4019610e+02
4306,4.3050000e-01,-4.2258631e+03,1.3822182e+01,4.1038615e+02
4307,4.3060000e-01,-4.1965413e+03,1.3231381e+01,3.8094677e+02
4308,4.3070000e-01,-4.1645578e+03,1.2441965e+01,3.5191422e+02
4309,4.3080000e-01,-4.1297222e+03,1.1449436e+01,3.2332391e+02
4310,4.3090000e-01,-4.0918608e+03,1.0206803e+01,2.9520500e+02
4311,4.3100000e-01,-4.0507974e+03,8.7262140e+00,2.6764262e+02
4312,4.3110000e-01,-4.0063137e+03,6.9455859e+00,2.4062272e+02
4313,4.3120000e-01,-3.9581323e+03,4.8523598e+00,2.1418389e+02
4314,4.3130000e-01,-3.9060044e+03,2.3931002e+00,1.8836332e+02
4315,4.3140000e-01,-3.8496498e+03,-4.1287617e-01,1.6321669e+02
4316,4.3150000e-01,-3.7887372e+03,-3.5143847e+00,1.3881748e+02
4317,4.3160000e-01,-3.7228224e+03,-6.8005985e+00,1.1521893e+02
4318,4.3170000e-01,-3.6514896e+03,-1.0109694e+01,9.2612281e+01
4319,4.3180000e-01,-3.5742730e+03,-1.3264617e+01,7.1166202e+01
4320,4.3190000e-01,-3.4906909e+03,-1.6163082e+01,5.1048518e+01
4321,4.3200000e-01,-3.4002692e+03,-1.8804396e+01,3.2400446e+01
4322,4.3210000e-01,-3.3026587e+03,-2.1395832e+01,1.5348325e+01
4323,4.3220000e-01,-3.1974649e+03,-2.4019644e+01,-9.9058283e-02
4324,4.3230000e-01,-3.0843407e+03,-2.6823198e+01,-1.3908889e+01
4325,4.3240000e-01,-2.9628630e+03,-2.9702898e+01,-2.6055834e+01
4326,4.3250000e-01,-2.8327353e+03,-3.2845763e+01,-3.6459185e+01
4327,4.3260000e-01,-2.6936322e+03,-3.6077902e+01,-4.5040902e+01
4328,4.3270000e-01,-2.5452570e+03,-3.9485144e+01,-5.1764414e+01
4329,4.3280000e-01,-2.3874423e+03,-4.3113193e+01,-5.6548812e+01
4330,4.3290000e-01,-2.2200136e+03,-4.6835764e+01,-5.9421319e+01
4331,4.3300000e-01,-2.0428881e+03,-5.0603497e+01,-6.0369900e+01
4332,4.3310000e-01,-1.8561645e+03,-5.4515176e+01,-5.9446059e+01
4333,4.3320000e-01,-1.6599495e+03,-5.8551674e+01,-5.6779399e+01
4334,4.3330000e-01,-1.4546489e+03,-6.2780614e+01,-5.2415149e+01
4335,4.3340000e-01,-1.2408491e+03,-6.7045474e+01,-4.6469783e+01
4336,4.3350000e-01,-1.0192649e+03,-7.1322426e+01,-3.9116264e+01
4337,4.3360000e-01,-7.9095658e+02,-7.5572342e+01,-3.0503422e+01
4338,4.3370000e-01,-5.5700443e+02,-7.9745246e+01,-2.0956362e+01
4339,4.3380000e-01,-3.1862595e+02,-8.3826619e+01,-1.0759411e+01
4340,4.3390000e-01,-7.7224626e+01,-8.7784712e+01,-2.1476024e-01
4341,4.3400000e-01,1.6573760e+02,-9.1580239e+01,1.0361926e+01
4342,4.3410000e-01,4.0887392e+02,-9.5181269e+01,2.0584181e+01
4343,4.3420000e-01,6.5058613e+02,-9.8556470e+01,3.0216462e+01
4344,4.3430000e-01,8.8931281e+02,-1.0163963e+02,3.8966485e+01
4345,4.3440000e-01,1.1235419e+03,-1.0438014e+02,4.6560097e+01
4346,4.3450000e-01,1.3518825e+03,-1.0673851e+02,5.2752213e+01
4347,4.3460000e-01,1.5731078e+03,-1.0868398e+02,5.7335344e+01
4348,4.3470000e-01,1.7860233e+03,-1.1018228e+02,6.0193015e+01
4349,4.3480000e-01,1.9898446e+03,-1.1120654e+02,6.1141234e+01
4350,4.3490000e-01,2.1840054e+03,-1.1176341e+02,6.0097327e+01
4351,4.3500000e-01,2.3680939e+03,-1.1185079e+02,5.7026910e+01
4352,4.3510000e-01,2.5418585e+03,-1.1146292e+02,5.1931626e+01
4353,4.3520000e-01,2.7052239e+03,-1.1059569e+02,4.4844911e+01
4354,4.3530000e-01,2.8582266e+03,-1.0924952e+02,3.5824758e+01
4355,4.3540000e-01,3.0010235e+03,-1.0742947e+02,2.4949028e+01
4356,4.3550000e-01,3.1339680e+03,-1.0514749e+02,1.2275299e+01
4357,4.3560000e-01,3.2573734e+03,-1.0242537e+02,-2.0511376e+00
4358,4.3570000e-01,3.3716064e+03,-9.9263014e+01,-1.7920512e+01
4359,4.3580000e-01,3.4770848e+03,-9.5688340e+01,-3.5238439e+01
4360,4.3590000e-01,3.5742170e+03,-9.1708788e+01,-5.3834889e+01
4361,4.3600000e-01,3.6635262e+03,-8.7355093e+01,-7.3678158e+01
4362,4.3610000e-01,3.7455399e+03,-8.2669019e+01,-9.4657982e+01
4363,4.3620000e-01,3.8207731e+03,-7.7892179e+01,-1.1707721e+02
4364,4.3630000e-01,3.8897076e+03,-7.2814229e+01,-1.4031075e+02
4365,4.3640000e-01,3.9527708e+03,-6.7428694e+01,-1.6427798e+02
4366,4.3650000e-01,4.0103658e+03,-6.1731665e+01,-1.8889194e+02
4367,4.3660000e-01,4.0630033e+03,-5.6060344e+01,-2.1467511e+02
4368,4.3670000e-01,4.1110326e+03,-5.0206025e+01,-2.4099221e+02
4369,4.3680000e-01,4.1547210e+03,-4.4097552e+01,-2.6767059e+02
4370,4.3690000e-01,4.1943105e+03,-3.7710181e+01,-2.9458958e+02
4371,4.3700000e-01,4.2303757e+03,-3.1286271e+01,-3.2235993e+02
4372,4.3710000e-01,4.2631581e+03,-2.4496423e+01,-3.5028910e+02
4373,4.3720000e-01,4.2926480e+03,-1.7340643e+01,-3.7823969e+02
4374,4.3730000e-01,4.3189099e+03,-9.7908072e+00,-4.0617480e+02
4375,4.3740000e-01,4.3423667e+03,-1.8826695e+00,-4.3340761e+02
4376,4.3750000e-01,4.3638005e+03,5.9654163e+00,-4.6167601e+02
4377,4.3760000e-01,4.3831085e+03,1.3823837e+01,-4.8999684e+02
4378,4.3770000e-01,4.3999036e+03,2.1703821e+01,-5.1795903e+02
4379,4.3780000e-01,4.4144330e+03,2.9669817e+01,-5.4505981e+02
4380,4.3790000e-01,4.4265333e+03,3.7761609e+01,-5.7211037e+02
4381,4.3800000e-01,4.4359852e+03,4.5908942e+01,-5.9925546e+02
4382,4.3810000e-01,4.4427195e+03,5.4016900e+01,-6.2652198e+02
4383,4.3820000e-01,4.4465112e+03,6.2118457e+01,-6.5358096e+02
4384,4.3830000e-01,4.4473692e+03,7.0084274e+01,-6.8062181e+02
4385,4.3840000e-01,4.4454182e+03,7.7729199e+01,-7.0773288e+02
4386,4.3850000e-01,4.4404848e+03,8.4934521e+01,-7.3484774e+02
4387,4.3860000e-01,4.4326434e+03,9.1553305e+01,-7.6186717e+02
4388,4.3870000e-01,4.4219884e+03,9.7549643e+01,-7.8847353e+02
4389,4.3880000e-01,4.4085122e+03,1.0300240e+02,-8.1443943e+02
4390,4.3890000e-01,4.3922865e+03,1.0797603e+02,-8.3991913e+02
4391,4.3900000e-01,4.3734498e+03,1.1275688e+02,-8.6453520e+02
4392,4.3910000e-01,4.3521314e+03,1.1762061e+02,-8.8772758e+02
4393,4.3920000e-01,4.3283793e+03,1.2288690e+02,-9.0975514e+02
4394,4.3930000e-01,4.3018318e+03,1.2789582e+02,-9.3165383e+02
4395,4.3940000e-01,4.2718860e+03,1.3232044e+02,-9.5342471e+02
4396,4.3950000e-01,4.2379691e+03,1.3610932e+02,-9.7438966e+02
4397,4.3960000e-01,4.1995519e+03,1.3926285e+02,-9.9349528e+02
4398,4.3970000e-01,4.1566816e+03,1.4188719e+02,-1.0107219e+03
4399,4.3980000e-01,4.1094026e+03,1.4413150e+02,-1.0262550e+03
4400,4.3990000e-01,4.0576448e+03,1.4586179e+02,-1.0399904e+03
4401,4.4000000e-01,4.0011494e+03,1.4703582e+02,-1.0517895e+03
4402,4.4010000e-01,3.9395524e+03,1.4771855e+02,-1.0614338e+03
4403,4.4020000e-01,3.8724575e+03,1.4793206e+02,-1.0686541e+03
4404,4.4030000e-01,3.7993395e+03,1.4761375e+02,-1.0731753e+03
4405,4.4040000e-01,3.7196600e+03,1.4675753e+02,-1.0746964e+03
4406,4.4050000e-01,3.6327869e+03,1.4532075e+02,-1.0728889e+03
4407,4.4060000e-01,3.5380307e+03,1.4336411e+02,-1.0673733e+03
4408,4.4070000e-01,3.4347425e+03,1.4086516e+02,-1.0577997e+03
4409,4.4080000e-01,3.3221630e+03,1.3785604e+02,-1.0437497e+03
4410,4.4090000e-01,3.2015009e+03,1.3782882e+02,-1.0212482e+03
4411,4.4100000e-01,3.0717236e+03,1.3635762e+02,-9.9212495e+02
4412,4.4110000e-01,2.9313766e+03,1.3294426e+02,-9.5752651e+02
4413,4.4120000e-01,2.7790163e+03,1.2776156e+02,-9.1778447e+02
4414,4.4130000e-01,2.6133983e+03,1.2135250e+02,-8.7269531e+02
4415,4.4140000e-01,2.4336457e+03,1.1409035e+02,-8.2191844e+02
4416,4.4150000e-01,2.2390949e+03,1.0603952e+02,-7.6514993e+02
4417,4.4160000e-01,2.0296289e+03,9.7496213e+01,-7.0215114e+02
4418,4.4170000e-01,1.8051545e+03,8.8280813e+01,-6.3280013e+02
4419,4.4180000e-01,1.5660868e+03,7.8653230e+01,-5.5716058e+02
4420,4.4190000e-01,1.3132197e+03,6.8706620e+01,-4.7548636e+02
4421,4.4200000e-01,1.0479221e+03,5.8530299e+01,-3.8832347e+02
4422,4.4210000e-01,7.7176009e+02,4.8291293e+01,-2.9631937e+02
4423,4.4220000e-01,4.8701840e+02,3.8031216e+01,-2.0045788e+02
4424,4.4230000e-01,1.9634825e+02,2.7725339e+01,-1.0192463e+02
4425,4.4240000e-01,-9.7326386e+01,1.7558311e+01,-2.0342158e+00
4426,4.4250000e-01,-3.9111776e+02,7.6357799e+00,9.7976336e+01
4427,4.4260000e-01,-6.8216984e+02,-2.0762500e+00,1.9676029e+02
4428,4.4270000e-01,-9.6767201e+02,-1.1400800e+01,2.9310903e+02
4429,4.4280000e-01,-1.2450039e+03,-2.0255086e+01,3.8586616e+02
4430,4.4290000e-01,-1.5118665e+03,-2.8460551e+01,4.7402562e+02
4431,4.4300000e-01,-1.7663987e+03,-3.6033728e+01,5.5677392e+02
4432,4.4310000e-01,-2.0071092e+03,-4.2880026e+01,6.3347852e+02
4433,4.4320000e-01,-2.2330786e+03,-4.8932869e+01,7.0380343e+02
4434,4.4330000e-01,-2.4436987e+03,-5.4176766e+01,7.6742625e+02
4435,4.4340000e-01,-2.6387487e+03,-5.8512089e+01,8.2427565e+02
4436,4.4350000e-01,-2.8183161e+03,-6.1989643e+01,8.7439478e+02
4437,4.4360000e-01,-2.9827979e+03,-6.4613981e+01,9.1796174e+02
4438,4.4370000e-01,-3.1328819e+03,-6.6412877e+01,9.5526586e+02
4439,4.4380000e-01,-3.2693356e+03,-6.7421249e+01,9.8661709e+02
4440,4.4390000e-01,-3.3930371e+03,-6.7695556e+01,1.0123863e+03
4441,4.4400000e-01,-3.5048829e+03,-6.7285470e+01,1.0329418e+03
4442,4.4410000e-01,-3.6057889e+03,-6.6235463e+01,1.0486597e+03
4443,4.4420000e-01,-3.6966882e+03,-6.4641613e+01,1.0599304e+03
4444,4.4430000e-01,-3.7784544e+03,-6.2557001e+01,1.0671037e+03
4445,4.4440000e-01,-3.8518876e+03,-6.0056385e+01,1.0705427e+03
4446,4.4450000e-01,-3.9177947e+03,-5.7197656e+01,1.0705934e+03
4447,4.4460000e-01,-3.9768913e+03,-5.4034601e+01,1.0675769e+03
4448,4.4470000e-01,-4.0298261e+03,-5.0616393e+01,1.0618064e+03
4449,4.4480000e-01,-4.0771835e+03,-4.6968503e+01,1.0535882e+03
4450,4.4490000e-01,-4.1194893e+03,-4.3130353e+01,1.0432356e+03
4451,4.4500000e-01,-4.1573884e+03,-3.9103580e+01,1.0311565e+03
4452,4.4510000e-01,-4.1916167e+03,-3.4865468e+01,1.0176901e+03
4453,4.4520000e-01,-4.2227103e+03,-3.0392955e+01,1.0029917e+03
4454,4.4530000e-01,-4.2509391e+03,-2.5749037e+01,9.8712333e+02
4455,4.4540000e-01,-4.2764785e+03,-2.0981580e+01,9.7012511e+02
4456,4.4550000e-01,-4.2993761e+03,-1.6185607e+01,9.5197533e+02
4457,4.4560000e-01,-4.3197244e+03,-1.1415490e+01,9.3271170e+02
4458,4.4570000e-01,-4.3376943e+03,-6.7186250e+00,9.1237460e+02
4459,4.4580000e-01,-4.3533584e+03,-2.1356085e+00,8.9098272e+02
4460,4.4590000e-01,-4.3668172e+03,2.2737254e+00,8.6844545e+02
4461,4.4600000e-01,-4.3781375e+03,6.3949016e+00,8.4467351e+02
4462,4.4610000e-01,-4.3872477e+03,1.0111618e+01,8.1936164e+02
4463,4.4620000e-01,-4.3938084e+03,1.3256269e+01,7.9187298e+02
4464,4.4630000e-01,-4.3968906e+03,1.5649181e+01,7.6203007e+02
4465,4.4640000e-01,-4.3957325e+03,1.7090993e+01,7.3097172e+02
4466,4.4650000e-01,-4.3906832e+03,1.7637427e+01,6.9958050e+02
4467,4.4660000e-01,-4.3824884e+03,1.7737794e+01,6.6821584e+02
4468,4.4670000e-01,-4.3717929e+03,1.7555759e+01,6.3691883e+02
4469,4.4680000e-01,-4.3588465e+03,1.7277126e+01,6.0565485e+02
4470,4.4690000e-01,-4.3436604e+03,1.7039726e+01,5.7443329e+02
4471,4.4700000e-01,-4.3263146e+03,1.6816905e+01,5.4338859e+02
4472,4.4710000e-01,-4.3068731e+03,1.6624484e+01,5.1255449e+02
4473,4.4720000e-01,-4.2853563e+03,1.6407328e+01,4.8198157e+02
4474,4.4730000e-01,-4.2616818e+03,1.6178822e+01,4.5172630e+02
4475,4.4740000e-01,-4.2357352e+03,1.5810709e+01,4.2177354e+02
4476,4.4750000e-01,-4.2073581e+03,1.5255468e+01,3.9218511e+02
4477,4.4760000e-01,-4.1764006e+03,1.4483743e+01,3.6298793e+02
4478,4.4770000e-01,-4.1426656e+03,1.3524184e+01,3.3422088e+02
4479,4.4780000e-01,-4.1059673e+03,1.2319453e+01,3.0591030e+02
4480,4.4790000e-01,-4.0661390e+03,1.0876367e+01,2.7813880e+02
4481,4.4800000e-01,-4.0229499e+03,9.1768597e+00,2.5090309e+02
4482,4.4810000e-01,-3.9761624e+03,7.1422156e+00,2.2422849e+02
4483,4.4820000e-01,-3.9255130e+03,4.7676853e+00,1.9815947e+02
4484,4.4830000e-01,-3.8707464e+03,2.0291851e+00,1.7274302e+02
4485,4.4840000e-01,-3.8115514e+03,-1.0325745e+00,1.4804464e+02
4486,4.4850000e-01,-3.7475152e+03,-4.3312831e+00,1.2410497e+02
4487,4.4860000e-01,-3.6782452e+03,-7.7318641e+00,1.0109646e+02
4488,4.4870000e-01,-3.6032804e+03,-1.1085039e+01,7.9170570e+01
4489,4.4880000e-01,-3.5221364e+03,-1.4162942e+01,5.8514642e+01
4490,4.4890000e-01,-3.4343207e+03,-1.7046383e+01,3.9263775e+01
4491,4.4900000e-01,-3.3394536e+03,-1.9770684e+01,2.1582209e+01
4492,4.4910000e-01,-3.2371204e+03,-2.2448904e+01,5.4937283e+00
4493,4.4920000e-01,-3.1269582e+03,-2.5203044e+01,-8.9500044e+00
4494,4.4930000e-01,-3.0086184e+03,-2.8043721e+01,-2.1687188e+01
4495,4.4940000e-01,-2.8817230e+03,-3.1141821e+01,-3.2751650e+01
4496,4.4950000e-01,-2.7459494e+03,-3.4416437e+01,-4.2029591e+01
4497,4.4960000e-01,-2.6009905e+03,-3.7790445e+01,-4.9452562e+01
4498,4.4970000e-01,-2.4465773e+03,-4.1407590e+01,-5.5006035e+01
4499,4.4980000e-01,-2.2826212e+03,-4.5149900e+01,-5.8588407e+01
4500,4.4990000e-01,-2.1090161e+03,-4.8994987e+01,-6.0256448e+01
4501,4.5000000e-01,-1.9257533e+03,-5.2883307e+01,-6.0019027e+01
4502,4.5010000e-01,-1.7329161e+03,-5.6914661e+01,-5.8009369e+01
4503,4.5020000e-01,-1.5308435e+03,-6.1075577e+01,-5.4243535e+01
4504,4.5030000e-01,-1.3200578e+03,-6.5393397e+01,-4.8859962e+01
4505,4.5040000e-01,-1.1012043e+03,-6.9718910e+01,-4.2001851e+01
4506,4.5050000e-01,-8.7515029e+02,-7.4031196e+01,-3.3870093e+01
4507,4.5060000e-01,-6.4307298e+02,-7.8290891e+01,-2.4633085e+01
4508,4.5070000e-01,-4.0614370e+02,-8.2448173e+01,-1.4639538e+01
4509,4.5080000e-01,-1.6569400e+02,-8.6486547e+01,-4.1866481e+00
4510,4.5090000e-01,7.6859367e+01,-9.0374416e+01,6.4145857e+00
4511,4.5100000e-01,3.2015271e+02,-9.4082628e+01,1.6778248e+01
4512,4.5110000e-01,5.6259256e+02,-9.7580326e+01,2.6665071e+01
4513,4.5120000e-01,8.0260493e+02,-1.0080030e+02,3.5774962e+01
4514,4.5130000e-01,1.0386474e+03,-1.0369100e+02,4.3824486e+01
4515,4.5140000e-01,1.2692837e+03,-1.0621133e+02,5.0556612e+01
4516,4.5150000e-01,1.4932300e+03,-1.0832862e+02,5.5749897e+01
4517,4.5160000e-01,1.7093785e+03,-1.1001624e+02,5.9223659e+01
4518,4.5170000e-01,1.9166631e+03,-1.1124275e+02,6.0888480e+01
4519,4.5180000e-01,2.1144264e+03,-1.1198471e+02,6.0585037e+01
4520,4.5190000e-01,2.3022248e+03,-1.1225217e+02,5.8261682e+01
4521,4.5200000e-01,2.4797633e+03,-1.1204483e+02,5.3907664e+01
4522,4.5210000e-01,2.6468979e+03,-1.1135905e+02,4.7545262e+01
4523,4.5220000e-01,2.8036490e+03,-1.1019335e+02,3.9224891e+01
4524,4.5230000e-01,2.9501348e+03,-1.0855158e+02,2.9018135e+01
4525,4.5240000e-01,3.0866693e+03,-1.0644400e+02,1.6976656e+01
4526,4.5250000e-01,3.2135336e+03,-1.0388920e+02,3.2458349e+00
4527,4.5260000e-01,3.3310716e+03,-1.0088777e+02,-1.2069884e+01
4528,4.5270000e-01,3.4396938e+03,-9.7452633e+01,-2.8857108e+01
4529,4.5280000e-01,3.5397898e+03,-9.3613321e+01,-4.6981907e+01
4530,4.5290000e-01,3.6318807e+03,-8.9385721e+01,-6.6382308e+01
4531,4.5300000e-01,3.7164979e+03,-8.4814741e+01,-8.6960880e+01
4532,4.5310000e-01,3.7941436e+03,-7.9925051e+01,-1.0859998e+02
4533,4.5320000e-01,3.8653279e+03,-7.4909513e+01,-1.3152439e+02
4534,4.5330000e-01,3.9304954e+03,-6.9634643e+01,-1.5527342e+02
4535,4.5340000e-01,3.9900571e+03,-6.4056679e+01,-1.7971207e+02
4536,4.5350000e-01,4.0443961e+03,-5.8209940e+01,-2.0474957e+02
4537,4.5360000e-01,4.0939972e+03,-5.2395141e+01,-2.3094125e+02
4538,4.5370000e-01,4.1392321e+03,-4.6411196e+01,-2.5761108e+02
4539,4.5380000e-01,4.1803104e+03,-4.0190747e+01,-2.8461366e+02
4540,4.5390000e-01,4.2175869e+03,-3.3471392e+01,-3.1116576e+02
4541,4.5400000e-01,4.2514708e+03,-2.6806503e+01,-3.3915790e+02
4542,4.5410000e-01,4.2821309e+03,-1.9818897e+01,-3.6735373e+02
4543,4.5420000e-01,4.3095871e+03,-1.2441145e+01,-3.9553604e+02
4544,4.5430000e-01,4.3342091e+03,-4.6736066e+00,-4.2294199e+02
4545,4.5440000e-01,4.3562209e+03,3.3544293e+00,-4.5035908e+02
4546,4.5450000e-01,4.3761210e+03,1.1326472e+01,-4.7877842e+02
4547,4.5460000e-01,4.3938032e+03,1.9222885e+01,-5.0726698e+02
4548,4.5470000e-01,4.4089423e+03,2.7106572e+01,-5.3536167e+02
4549,4.5480000e-01,4.4217757e+03,3.5030967e+01,-5.6262233e+02
4550,4.5490000e-01,4.4321485e+03,4.3028902e+01,-5.8980221e+02
4551,4.5500000e-01,4.4398944e+03,5.1018462e+01,-6.1702915e+02
4552,4.5510000e-01,4.4449552e+03,5.8926479e+01,-6.4434693e+02
4553,4.5520000e-01,4.4471106e+03,6.6796398e+01,-6.7139721e+02
4554,4.5530000e-01,4.4463479e+03,7.4465077e+01,-6.9845355e+02
4555,4.5540000e-01,4.4425950e+03,8.1737090e+01,-7.2574984e+02
4556,4.5550000e-01,4.4359186e+03,8.8525434e+01,-7.5277953e+02
4557,4.5560000e-01,4.4263744e+03,9.4765992e+01,-7.7941224e+02
4558,4.5570000e-01,4.4139989e+03,1.0039787e+02,-8.0581693e+02
4559,4.5580000e-01,4.3988889e+03,1.0560147e+02,-8.3138916e+02
4560,4.5590000e-01,4.3811041e+03,1.1060038e+02,-8.5595649e+02
4561,4.5600000e-01,4.3607994e+03,1.1571391e+02,-8.7911667e+02
4562,4.5610000e-01,4.3381096e+03,1.2110470e+02,-9.0106136e+02
4563,4.5620000e-01,4.3126152e+03,1.2637770e+02,-9.2313125e+02
4564,4.5630000e-01,4.2839726e+03,1.3102549e+02,-9.4510178e+02
4565,4.5640000e-01,4.2515892e+03,1.3499922e+02,-9.6660901e+02
4566,4.5650000e-01,4.2148475e+03,1.3835146e+02,-9.8664969e+02
4567,4.5660000e-01,4.1735820e+03,1.4108546e+02,-1.0047622e+03
4568,4.5670000e-01,4.1278928e+03,1.4342390e+02,-1.0209904e+03
4569,4.5680000e-01,4.0777274e+03,1.4530391e+02,-1.0354457e+03
4570,4.5690000e-01,4.0229123e+03,1.4663906e+02,-1.0479958e+03
4571,4.5700000e-01,3.9631346e+03,1.4749493e+02,-1.0584638e+03
4572,4.5710000e-01,3.8980289e+03,1.4788986e+02,-1.0665958e+03
4573,4.5720000e-01,3.8270939e+03,1.4776017e+02,-1.0721314e+03
4574,4.5730000e-01,3.7497909e+03,1.4710159e+02,-1.0747723e+03
4575,4.5740000e-01,3.6655438e+03,1.4586370e+02,-1.0742127e+03
4576,4.5750000e-01,3.5736692e+03,1.4410774e+02,-1.0700783e+03
4577,4.5760000e-01,3.4734861e+03,1.4181720e+02,-1.0620032e+03
4578,4.5770000e-01,3.3642979e+03,1.3897418e+02,-1.0496193e+03
4579,4.5780000e-01,3.2453026e+03,1.3562172e+02,-1.0324776e+03
4580,4.5790000e-01,3.1177195e+03,1.3551225e+02,-1.0066419e+03
4581,4.5800000e-01,2.9805523e+03,1.3405451e+02,-9.7398606e+02
4582,4.5810000e-01,2.8322568e+03,1.3070483e+02,-9.3558532e+02
4583,4.5820000e-01,2.6713783e+03,1.2568818e+02,-8.9173887e+02
4584,4.5830000e-01,2.4968592e+03,1.1934819e+02,-8.4237195e+02
4585,4.5840000e-01,2.3079302e+03,1.1216878e+02,-7.8716192e+02
4586,4.5850000e-01,2.1040565e+03,1.0420638e+02,-7.2588706e+02
4587,4.5860000e-01,1.8851751e+03,9.5669552e+01,-6.5834695e+02
4588,4.5870000e-01,1.6514550e+03,8.6485331e+01,-5.8452943e+02
4589,4.5880000e-01,1.4036232e+03,7.6900707e+01,-5.0464263e+02
4590,4.5890000e-01,1.1426789e+03,6.6993429e+01,-4.1903507e+02
4591,4.5900000e-01,8.7028556e+02,5.6872491e+01,-3.2839668e+02
4592,4.5910000e-01,5.8862067e+02,4.6765269e+01,-2.3360785e+02
4593,4.5920000e-01,3.0009006e+02,3.6530869e+01,-1.3576957e+02
4594,4.5930000e-01,7.3114842e+00,2.6366818e+01,-3.6026634e+01
4595,4.5940000e-01,-2.8654218e+02,1.6338272e+01,6.4189170e+01
4596,4.5950000e-01,-5.7848772e+02,6.4992785e+00,1.6356696e+02
4597,4.5960000e-01,-8.6573757e+02,-3.0417783e+00,2.6087419e+02
4598,4.5970000e-01,-1.1457314e+03,-1.2151733e+01,3.5495906e+02
4599,4.5980000e-01,-1.4160194e+03,-2.0761882e+01,4.4474966e+02
4600,4.5990000e-01,-1.6745760e+03,-2.8745345e+01,5.2937484e+02
4601,4.6000000e-01,-1.9198569e+03,-3.6093974e+01,6.0815132e+02
4602,4.6010000e-01,-2.1508409e+03,-4.2694644e+01,6.8068262e+02
4603,4.6020000e-01,-2.3668224e+03,-4.8527045e+01,7.4661375e+02
4604,4.6030000e-01,-2.5674224e+03,-5.3478153e+01,8.0580366e+02
4605,4.6040000e-01,-2.7525855e+03,-5.7594310e+01,8.5824171e+02
4606,4.6050000e-01,-2.9226131e+03,-6.0869343e+01,9.0407239e+02
4607,4.6060000e-01,-3.0780346e+03,-6.3314753e+01,9.4353504e+02
4608,4.6070000e-01,-3.2195560e+03,-6.4958381e+01,9.7692356e+02
4609,4.6080000e-01,-3.3480102e+03,-6.5844860e+01,1.0045902e+03
4610,4.6090000e-01,-3.4642897e+03,-6.6028527e+01,1.0269100e+03
4611,4.6100000e-01,-3.5693304e+03,-6.5565767e+01,1.0442637e+03
4612,4.6110000e-01,-3.6640335e+03,-6.4498441e+01,1.0570288e+03
4613,4.6120000e-01,-3.7492629e+03,-6.2919196e+01,1.0655666e+03
4614,4.6130000e-01,-3.8258791e+03,-6.0883015e+01,1.0702486e+03
4615,4.6140000e-01,-3.8946520e+03,-5.8454064e+01,1.0714223e+03
4616,4.6150000e-01,-3.9563226e+03,-5.5685417e+01,1.0694074e+03
4617,4.6160000e-01,-4.0115510e+03,-5.2626752e+01,1.0645261e+03
4618,4.6170000e-01,-4.0609550e+03,-4.9318327e+01,1.0570892e+03
4619,4.6180000e-01,-4.1050891e+03,-4.5775685e+01,1.0474188e+03
4620,4.6190000e-01,-4.1444824e+03,-4.2027261e+01,1.0358296e+03
4621,4.6200000e-01,-4.1799306e+03,-3.8067675e+01,1.0227606e+03
4622,4.6210000e-01,-4.2120793e+03,-3.3871350e+01,1.0084055e+03
4623,4.6220000e-01,-4.2413008e+03,-2.9455805e+01,9.9284818e+02
4624,4.6230000e-01,-4.2677762e+03,-2.4903879e+01,9.7613774e+02
4625,4.6240000e-01,-4.2915661e+03,-2.0279468e+01,9.5824861e+02
4626,4.6250000e-01,-4.3127868e+03,-1.5644377e+01,9.3923816e+02
4627,4.6260000e-01,-4.3316096e+03,-1.1078627e+01,9.1914574e+02
4628,4.6270000e-01,-4.3480893e+03,-6.6080498e+00,8.9799313e+02
4629,4.6280000e-01,-4.3623241e+03,-2.2806720e+00,8.7571680e+02
4630,4.6290000e-01,-4.3743870e+03,1.8088877e+00,8.5227600e+02
4631,4.6300000e-01,-4.3842853e+03,5.5583976e+00,8.2747100e+02
4632,4.6310000e-01,-4.3918498e+03,8.8288821e+00,8.0083233e+02
4633,4.6320000e-01,-4.3964135e+03,1.1445015e+01,7.7184700e+02
4634,4.6330000e-01,-4.3969831e+03,1.3222165e+01,7.4106773e+02
4635,4.6340000e-01,-4.3934362e+03,1.4042493e+01,7.0975104e+02
4636,4.6350000e-01,-4.3864472e+03,1.4307203e+01,6.7834637e+02
4637,4.6360000e-01,-4.3767018e+03,1.4178399e+01,6.4705494e+02
4638,4.6370000e-01,-4.3645503e+03,1.4002518e+01,6.1582072e+02
4639,4.6380000e-01,-4.3501266e+03,1.3752604e+01,5.8460526e+02
4640,4.6390000e-01,-4.3335308e+03,1.3462090e+01,5.5348796e+02
4641,4.6400000e-01,-4.3148501e+03,1.3219133e+01,5.2258641e+02
4642,4.6410000e-01,-4.2940961e+03,1.3063548e+01,4.9194140e+02
4643,4.6420000e-01,-4.2712300e+03,1.2885266e+01,4.6159325e+02
4644,4.6430000e-01,-4.2461510e+03,1.2597891e+01,4.3156853e+02
4645,4.6440000e-01,-4.2186635e+03,1.2190130e+01,4.0186316e+02
4646,4.6450000e-01,-4.1886335e+03,1.1565137e+01,3.7253589e+02
4647,4.6460000e-01,-4.1558744e+03,1.0750195e+01,3.4362496e+02
4648,4.6470000e-01,-4.1202132e+03,9.7096578e+00,3.1516192e+02
4649,4.6480000e-01,-4.0815056e+03,8.4173626e+00,2.8722042e+02
4650,4.6490000e-01,-4.0395173e+03,6.8838194e+00,2.5979980e+02
4651,4.6500000e-01,-3.9940123e+03,5.0286238e+00,2.3292510e+02
4652,4.6510000e-01,-3.9447318e+03,2.8474250e+00,2.0664042e+02
4653,4.6520000e-01,-3.8914271e+03,3.1530341e-01,1.8099225e+02
4654,4.6530000e-01,-3.8338009e+03,-2.5481851e+00,1.5603991e+02
4655,4.6540000e-01,-3.7714582e+03,-5.6729873e+00,1.3181656e+02
4656,4.6550000e-01,-3.7040205e+03,-8.9292595e+00,1.0848661e+02
4657,4.6560000e-01,-3.6310384e+03,-1.2164776e+01,8.6196876e+01
4658,4.6570000e-01,-3.5520373e+03,-1.5153077e+01,6.5130350e+01
4659,4.6580000e-01,-3.4665217e+03,-1.7906859e+01,4.5435587e+01
4660,4.6590000e-01,-3.3741072e+03,-2.0562514e+01,2.7259888e+01
4661,4.6600000e-01,-3.2743685e+03,-2.3132681e+01,1.0645463e+01
4662,4.6610000e-01,-3.1669277e+03,-2.5696041e+01,-4.3352508e+00
4663,4.6620000e-01,-3.0514540e+03,-2.8477588e+01,-1.7661596e+01
4664,4.6630000e-01,-2.9275450e+03,-3.1352285e+01,-2.9310360e+01
4665,4.6640000e-01,-2.7948790e+03,-3.4497015e+01,-3.9203219e+01
4666,4.6650000e-01,-2.6531359e+03,-3.7733684e+01,-4.7260704e+01
4667,4.6660000e-01,-2.5020146e+03,-4.1145874e+01,-5.3446780e+01
4668,4.6670000e-01,-2.3414069e+03,-4.4776786e+01,-5.7684716e+01
4669,4.6680000e-01,-2.1711714e+03,-4.8498724e+01,-6.0009381e+01
4670,4.6690000e-01,-1.9912535e+03,-5.2262622e+01,-6.0416924e+01
4671,4.6700000e-01,-1.8017859e+03,-5.6166721e+01,-5.8965901e+01
4672,4.6710000e-01,-1.6029150e+03,-6.0190526e+01,-5.5795430e+01
4673,4.6720000e-01,-1.3950945e+03,-6.4401108e+01,-5.0961812e+01
4674,4.6730000e-01,-1.1789622e+03,-6.8639489e+01,-4.4593222e+01
4675,4.6740000e-01,-9.5528584e+02,-7.2881476e+01,-3.6874562e+01
4676,4.6750000e-01,-7.2517877e+02,-7.7086862e+01,-2.7962342e+01
4677,4.6760000e-01,-4.8976874e+02,-8.1204939e+01,-1.8192760e+01
4678,4.6770000e-01,-2.5034989e+02,-8.5219380e+01,-7.8577496e+00
4679,4.6780000e-01,-8.3088988e+00,-8.9099748e+01,2.7367028e+00
4680,4.6790000e-01,2.3500958e+02,-9.2817561e+01,1.3206053e+01
4681,4.6800000e-01,4.7801798e+02,-9.6342588e+01,2.3309355e+01
4682,4.6810000e-01,7.1913370e+02,-9.9606844e+01,3.2739707e+01
4683,4.6820000e-01,9.5678932e+02,-1.0255833e+02,4.1205303e+01
4684,4.6830000e-01,1.1895095e+03,-1.0515482e+02,4.8438074e+01
4685,4.6840000e-01,1.4159590e+03,-1.0736223e+02,5.4203548e+01
4686,4.6850000e-01,1.6349703e+03,-1.0915204e+02,5.8306528e+01
4687,4.6860000e-01,1.8454096e+03,-1.1049097e+02,6.0642906e+01
4688,4.6870000e-01,2.0465513e+03,-1.1135334e+02,6.1040216e+01
4689,4.6880000e-01,2.2378852e+03,-1.1174703e+02,5.9430071e+01
4690,4.6890000e-01,2.4190529e+03,-1.1167063e+02,5.5788935e+01
4691,4.6900000e-01,2.5898522e+03,-1.1111948e+02,5.0127991e+01
4692,4.6910000e-01,2.7502521e+03,-1.1009016e+02,4.2488730e+01
4693,4.6920000e-01,2.9003265e+03,-1.0858503e+02,3.2935548e+01
4694,4.6930000e-01,3.0402643e+03,-1.0660881e+02,2.1551628e+01
4695,4.6940000e-01,3.1704420e+03,-1.0417617e+02,8.3983241e+00
4696,4.6950000e-01,3.2911924e+03,-1.0130894e+02,-6.3787940e+00
4697,4.6960000e-01,3.4028968e+03,-9.8007014e+01,-2.2666846e+01
4698,4.6970000e-01,3.5059811e+03,-9.4300084e+01,-4.0370025e+01
4699,4.6980000e-01,3.6008597e+03,-9.0199774e+01,-5.9331633e+01
4700,4.6990000e-01,3.6880554e+03,-8.5735451e+01,-7.9508610e+01
4701,4.7000000e-01,3.7680925e+03,-8.0945083e+01,-1.0078818e+02
4702,4.7010000e-01,3.8414879e+03,-7.6019838e+01,-1.2338568e+02
4703,4.7020000e-01,3.9087122e+03,-7.0833836e+01,-1.4684560e+02
4704,4.7030000e-01,3.9701826e+03,-6.5360475e+01,-1.7103465e+02
4705,4.7040000e-01,4.0262954e+03,-5.9586159e+01,-1.9584873e+02
4706,4.7050000e-01,4.0775523e+03,-5.3838850e+01,-2.2180745e+02
4707,4.7060000e-01,4.1242940e+03,-4.7921356e+01,-2.4828695e+02
4708,4.7070000e-01,4.1667470e+03,-4.1740821e+01,-2.7505919e+02
4709,4.7080000e-01,4.2053007e+03,-3.5068272e+01,-3.0143979e+02
4710,4.7090000e-01,4.2404242e+03,-2.8511033e+01,-3.2935408e+02
4711,4.7100000e-01,4.2722931e+03,-2.1652170e+01,-3.5750896e+02
4712,4.7110000e-01,4.3008928e+03,-1.4392859e+01,-3.8565769e+02
4713,4.7120000e-01,4.3265881e+03,-6.7137927e+00,-4.1303307e+02
4714,4.7130000e-01,4.3496206e+03,1.2633969e+00,-4.4041294e+02
4715,4.7140000e-01,4.3704932e+03,9.1536060e+00,-4.6887505e+02
4716,4.7150000e-01,4.3890998e+03,1.7048788e+01,-4.9740747e+02
4717,4.7160000e-01,4.4051163e+03,2.4941917e+01,-5.2573080e+02
4718,4.7170000e-01,4.4188094e+03,3.2893589e+01,-5.5297706e+02
4719,4.7180000e-01,4.4300370e+03,4.0949003e+01,-5.8013220e+02
4720,4.7190000e-01,4.4386209e+03,4.9012915e+01,-6.0734407e+02
4721,4.7200000e-01,4.4444970e+03,5.7014753e+01,-6.3465543e+02
4722,4.7210000e-01,4.4474635e+03,6.4985331e+01,-6.6172814e+02
4723,4.7220000e-01,4.4474854e+03,7.2757840e+01,-6.8879982e+02
4724,4.7230000e-01,4.4445319e+03,8.0195513e+01,-7.1613745e+02
4725,4.7240000e-01,4.4386420e+03,8.7157586e+01,-7.4318811e+02
4726,4.7250000e-01,4.4299201e+03,9.3501944e+01,-7.7009004e+02
4727,4.7260000e-01,4.4183894e+03,9.9218497e+01,-7.9663123e+02
4728,4.7270000e-01,4.4040940e+03,1.0443070e+02,-8.2242564e+02
4729,4.7280000e-01,4.3871329e+03,1.0946014e+02,-8.4711135e+02
4730,4.7290000e-01,4.3676947e+03,1.1467815e+02,-8.7022020e+02
4731,4.7300000e-01,4.3458592e+03,1.2015037e+02,-8.9241894e+02
4732,4.7310000e-01,4.3214338e+03,1.2547433e+02,-9.1451072e+02
4733,4.7320000e-01,4.2939020e+03,1.3028834e+02,-9.3672853e+02
4734,4.7330000e-01,4.2627057e+03,1.3442822e+02,-9.5852257e+02
4735,4.7340000e-01,4.2273984e+03,1.3791162e+02,-9.7918418e+02
4736,4.7350000e-01,4.1877162e+03,1.4071987e+02,-9.9801147e+02
4737,4.7360000e-01,4.1436319e+03,1.4308319e+02,-1.0150122e+03
4738,4.7370000e-01,4.0951679e+03,1.4505005e+02,-1.0302443e+03
4739,4.7380000e-01,4.0421105e+03,1.4647848e+02,-1.0436294e+03
4740,4.7390000e-01,3.9842274e+03,1.4741854e+02,-1.0549743e+03
4741,4.7400000e-01,3.9211179e+03,1.4790860e+02,-1.0640538e+03
4742,4.7410000e-01,3.8523543e+03,1.4787392e+02,-1.0706130e+03
4743,4.7420000e-01,3.7774039e+03,1.4732005e+02,-1.0743703e+03
4744,4.7430000e-01,3.6957029e+03,1.4619426e+02,-1.0750231e+03
4745,4.7440000e-01,3.6066270e+03,1.4455390e+02,-1.0722238e+03
4746,4.7450000e-01,3.5094624e+03,1.4238892e+02,-1.0655910e+03
4747,4.7460000e-01,3.4035435e+03,1.3968050e+02,-1.0547747e+03
4748,4.7470000e-01,3.2880965e+03,1.3646249e+02,-1.0393511e+03
4749,4.7480000e-01,3.1643186e+03,1.3638198e+02,-1.0153509e+03
4750,4.7490000e-01,3.0311600e+03,1.3492351e+02,-9.8461613e+02
4751,4.7500000e-01,2.8871803e+03,1.3155664e+02,-9.4828873e+02
4752,4.7510000e-01,2.7309701e+03,1.2651656e+02,-9.0668294e+02
4753,4.7520000e-01,2.5612979e+03,1.2014442e+02,-8.5963937e+02
4754,4.7530000e-01,2.3773372e+03,1.1293789e+02,-8.0682375e+02
4755,4.7540000e-01,2.1785080e+03,1.0489333e+02,-7.4794617e+02
4756,4.7550000e-01,1.9645381e+03,9.6395320e+01,-6.8278926e+02
4757,4.7560000e-01,1.7355041e+03,8.7222767e+01,-6.1128295e+02
4758,4.7570000e-01,1.4920479e+03,7.7634555e+01,-5.3357206e+02
4759,4.7580000e-01,1.2349715e+03,6.7646215e+01,-4.4993263e+02
4760,4.7590000e-01,9.6585899e+02,5.7476402e+01,-3.6098538e+02
4761,4.7600000e-01,6.8677895e+02,4.7339817e+01,-2.6754589e+02
4762,4.7610000e-01,3.9990545e+02,3.7089747e+01,-1.7061211e+02
4763,4.7620000e-01,1.0796713e+02,2.6920398e+01,-7.1374299e+01
4764,4.7630000e-01,-1.8599474e+02,1.6886283e+01,2.8796962e+01
4765,4.7640000e-01,-4.7900231e+02,7.1265374e+00,1.2860776e+02
4766,4.7650000e-01,-7.6823301e+02,-2.4476879e+00,2.2676266e+02
4767,4.7660000e-01,-1.0509593e+03,-1.1605292e+01,3.2206775e+02
4768,4.7670000e-01,-1.3247139e+03,-2.0272023e+01,4.1342495e+02
4769,4.7680000e-01,-1.5873359e+03,-2.8318789e+01,4.9989245e+02
4770,4.7690000e-01,-1.8371699e+03,-3.5715884e+01,5.8072806e+02
4771,4.7700000e-01,-2.0730892e+03,-4.2403827e+01,6.5549723e+02
4772,4.7710000e-01,-2.2941949e+03,-4.8353627e+01,7.2375339e+02
4773,4.7720000e-01,-2.5000304e+03,-5.3431822e+01,7.8530556e+02
4774,4.7730000e-01,-2.6904702e+03,-5.7678002e+01,8.4010354e+02
4775,4.7740000e-01,-2.8656828e+03,-6.1078956e+01,8.8824174e+02
4776,4.7750000e-01,-3.0261060e+03,-6.3644053e+01,9.2992366e+02
4777,4.7760000e-01,-3.1724087e+03,-6.5399096e+01,9.6543419e+02
4778,4.7770000e-01,-3.3053554e+03,-6.6382011e+01,9.9509708e+02
4779,4.7780000e-01,-3.4258148e+03,-6.6647159e+01,1.0192811e+03
4780,4.7790000e-01,-3.5347053e+03,-6.6247099e+01,1.0383664e+03
4781,4.7800000e-01,-3.6329489e+03,-6.5224380e+01,1.0527335e+03
4782,4.7810000e-01,-3.7214427e+03,-6.3671922e+01,1.0627596e+03
4783,4.7820000e-01,-3.8010406e+03,-6.1643133e+01,1.0687949e+03
4784,4.7830000e-01,-3.8725212e+03,-5.9209753e+01,1.0711923e+03
4785,4.7840000e-01,-3.9366312e+03,-5.6426151e+01,1.0702857e+03
4786,4.7850000e-01,-3.9940567e+03,-5.3341760e+01,1.0664029e+03
4787,4.7860000e-01,-4.0454328e+03,-4.9998819e+01,1.0598518e+03
4788,4.7870000e-01,-4.0913358e+03,-4.6420104e+01,1.0509372e+03
4789,4.7880000e-01,-4.1322926e+03,-4.2643850e+01,1.0399815e+03
4790,4.7890000e-01,-4.1690248e+03,-3.8667746e+01,1.0274130e+03
4791,4.7900000e-01,-4.2022365e+03,-3.4452042e+01,1.0135183e+03
4792,4.7910000e-01,-4.2323956e+03,-3.0024173e+01,9.9839519e+02
4793,4.7920000e-01,-4.2597402e+03,-2.5438393e+01,9.8210919e+02
4794,4.7930000e-01,-4.2843499e+03,-2.0746783e+01,9.6464939e+02
4795,4.7940000e-01,-4.3063547e+03,-1.6054159e+01,9.4606181e+02
4796,4.7950000e-01,-4.3259379e+03,-1.1392848e+01,9.2639904e+02
4797,4.7960000e-01,-4.3432034e+03,-6.8106723e+00,9.0566132e+02
4798,4.7970000e-01,-4.3581764e+03,-2.3619865e+00,8.8385930e+02
4799,4.7980000e-01,-4.3709320e+03,1.8920148e+00,8.6092982e+02
4800,4.7990000e-01,-4.3815279e+03,5.8409646e+00,8.3671113e+02
4801,4.8000000e-01,-4.3898829e+03,9.3587450e+00,8.1080829e+02
4802,4.8010000e-01,-4.3955103e+03,1.2269324e+01,7.8258722e+02
4803,4.8020000e-01,-4.3974461e+03,1.4358216e+01,7.5226960e+02
4804,4.8030000e-01,-4.3951796e+03,1.5519523e+01,7.2106448e+02
4805,4.8040000e-01,-4.3891931e+03,1.5886817e+01,6.8961378e+02
4806,4.8050000e-01,-4.3802269e+03,1.5873244e+01,6.5825270e+02
4807,4.8060000e-01,-4.3688311e+03,1.5702710e+01,6.2698811e+02
4808,4.8070000e-01,-4.3552192e+03,1.5389115e+01,5.9576064e+02
4809,4.8080000e-01,-4.3394061e+03,1.5096279e+01,5.6458141e+02
4810,4.8090000e-01,-4.3214518e+03,1.4898143e+01,5.3360900e+02
4811,4.8100000e-01,-4.3014178e+03,1.4715964e+01,5.0286470e+02
4812,4.8110000e-01,-4.2793026e+03,1.4494437e+01,4.7239287e+02
4813,4.8120000e-01,-4.2550093e+03,1.4219579e+01,4.4223883e+02
4814,4.8130000e-01,-4.2283591e+03,1.3832384e+01,4.1239579e+02
4815,4.8140000e-01,-4.1992169e+03,1.3249655e+01,3.8292630e+02
4816,4.8150000e-01,-4.1674313e+03,1.2445974e+01,3.5385659e+02
4817,4.8160000e-01,-4.1327992e+03,1.1443760e+01,3.2522458e+02
4818,4.8170000e-01,-4.0951521e+03,1.0195099e+01,2.9706085e+02
4819,4.8180000e-01,-4.0543036e+03,8.7086209e+00,2.6944922e+02
4820,4.8190000e-01,-4.0100200e+03,6.9403021e+00,2.4238101e+02
4821,4.8200000e-01,-3.9620602e+03,4.8384956e+00,2.1588795e+02
4822,4.8210000e-01,-3.9101758e+03,2.3713942e+00,1.9000826e+02
4823,4.8220000e-01,-3.8540840e+03,-4.4444667e-01,1.6479719e+02
4824,4.8230000e-01,-3.7934542e+03,-3.5622719e+00,1.4032698e+02
4825,4.8240000e-01,-3.7278509e+03,-6.8659474e+00,1.1665027e+02
4826,4.8250000e-01,-3.6568466e+03,-1.0217087e+01,9.3953695e+01
4827,4.8260000e-01,-3.5799884e+03,-1.3391246e+01,7.2413212e+01
4828,4.8270000e-01,-3.4967872e+03,-1.6349040e+01,5.2185792e+01
4829,4.8280000e-01,-3.4067677e+03,-1.9021516e+01,3.3424743e+01
4830,4.8290000e-01,-3.3095745e+03,-2.1620052e+01,1.6260743e+01
4831,4.8300000e-01,-3.2048108e+03,-2.4237997e+01,7.0328863e-01
4832,4.8310000e-01,-3.0921314e+03,-2.7031463e+01,-1.3216008e+01
4833,4.8320000e-01,-2.9711826e+03,-2.9901825e+01,-2.5420729e+01
4834,4.8330000e-01,-2.8415758e+03,-3.3015343e+01,-3.5939882e+01
4835,4.8340000e-01,-2.7029800e+03,-3.6234088e+01,-4.4642510e+01
4836,4.8350000e-01,-2.5551118e+03,-3.9636253e+01,-5.1489596e+01
4837,4.8360000e-01,-2.3978071e+03,-4.3262376e+01,-5.6398880e+01
4838,4.8370000e-01,-2.2308889e+03,-4.6983381e+01,-5.9395936e+01
4839,4.8380000e-01,-2.0542688e+03,-5.0749355e+01,-6.0466841e+01
4840,4.8390000e-01,-1.8680379e+03,-5.4659132e+01,-5.9661298e+01
4841,4.8400000e-01,-1.6722952e+03,-5.8693848e+01,-5.7106982e+01
4842,4.8410000e-01,-1.4674372e+03,-6.2921274e+01,-5.2846862e+01
4843,4.8420000e-01,-1.2540400e+03,-6.7185481e+01,-4.6995104e+01
4844,4.8430000e-01,-1.0328083e+03,-7.1462606e+01,-3.9722273e+01
4845,4.8440000e-01,-8.0479191e+02,-7.5713844e+01,-3.1175493e+01
4846,4.8450000e-01,-5.7106195e+02,-7.9889301e+01,-2.1678100e+01
4847,4.8460000e-01,-3.3282790e+02,-8.3974764e+01,-1.1513085e+01
4848,4.8470000e-01,-9.1487023e+01,-8.7938541e+01,-9.8152370e-01
4849,4.8480000e-01,1.5150279e+02,-9.1741322e+01,9.6015118e+00
4850,4.8490000e-01,3.9475631e+02,-9.5351131e+01,1.9849372e+01
4851,4.8500000e-01,6.3667436e+02,-9.8736582e+01,2.9525645e+01
4852,4.8510000e-01,8.7569198e+02,-1.0183134e+02,3.8336684e+01
4853,4.8520000e-01,1.1102911e+03,-1.0458465e+02,4.6006644e+01
4854,4.8530000e-01,1.3390725e+03,-1.0695681e+02,5.2288359e+01
4855,4.8540000e-01,1.5607997e+03,-1.0891680e+02,5.6971972e+01
4856,4.8550000e-01,1.7742670e+03,-1.1042999e+02,5.9938569e+01
4857,4.8560000e-01,1.9786787e+03,-1.1146921e+02,6.1001636e+01
4858,4.8570000e-01,2.1734568e+03,-1.1204084e+02,6.0075893e+01
4859,4.8580000e-01,2.3581904e+03,-1.1214315e+02,5.7124870e+01
4860,4.8590000e-01,2.5326008e+03,-1.1176911e+02,5.2148107e+01
4861,4.8600000e-01,2.6966027e+03,-1.1091443e+02,4.5177145e+01
4862,4.8610000e-01,2.8502285e+03,-1.0957969e+02,3.6268833e+01
4863,4.8620000e-01,2.9936312e+03,-1.0777016e+02,2.5500038e+01
4864,4.8630000e-01,3.1271607e+03,-1.0549727e+02,1.2927629e+01
4865,4.8640000e-01,3.2511266e+03,-1.0278290e+02,-1.3034460e+00
4866,4.8650000e-01,3.3658926e+03,-9.9626792e+01,-1.7083941e+01
4867,4.8660000e-01,3.4718748e+03,-9.6055693e+01,-3.4317964e+01
4868,4.8670000e-01,3.5694802e+03,-9.2077361e+01,-5.2835203e+01
4869,4.8680000e-01,3.6592324e+03,-8.7720494e+01,-7.2601573e+01
4870,4.8690000e-01,3.7416594e+03,-8.3029537e+01,-9.3511945e+01
4871,4.8700000e-01,3.8172766e+03,-7.8242567e+01,-1.1585948e+02
4872,4.8710000e-01,3.8865673e+03,-7.3151816e+01,-1.3902673e+02
4873,4.8720000e-01,3.9499609e+03,-6.7753582e+01,-1.6293688e+02
4874,4.8730000e-01,4.0078619e+03,-6.2044746e+01,-1.8750297e+02
4875,4.8740000e-01,4.0607843e+03,-5.6354255e+01,-2.1322710e+02
4876,4.8750000e-01,4.1090787e+03,-5.0481714e+01,-2.3949924e+02
4877,4.8760000e-01,4.1529756e+03,-4.4349036e+01,-2.6611058e+02
4878,4.8770000e-01,4.1927344e+03,-3.7938038e+01,-2.9298052e+02
4879,4.8780000e-01,4.2289797e+03,-3.1506566e+01,-3.2070685e+02
4880,4.8790000e-01,4.2619587e+03,-2.4713978e+01,-3.4861714e+02
4881,4.8800000e-01,4.2916485e+03,-1.7559413e+01,-3.7656312e+02
4882,4.8810000e-01,4.3181041e+03,-1.0008412e+01,-4.0450223e+02
4883,4.8820000e-01,4.3417401e+03,-2.0837904e+00,-4.3164556e+02
4884,4.8830000e-01,4.3633671e+03,5.7815265e+00,-4.5994640e+02
4885,4.8840000e-01,4.3828661e+03,1.3653796e+01,-4.8832672e+02
4886,4.8850000e-01,4.3998380e+03,2.1579393e+01,-5.1651720e+02
4887,4.8860000e-01,4.4145331e+03,2.9549536e+01,-5.4362541e+02
4888,4.8870000e-01,4.4267750e+03,3.7653435e+01,-5.7065794e+02
4889,4.8880000e-01,4.4363545e+03,4.5813635e+01,-5.9779279e+02
4890,4.8890000e-01,4.4432108e+03,5.3934241e+01,-6.2505542e+02
4891,4.8900000e-01,4.4472748e+03,6.1957994e+01,-6.5236076e+02
4892,4.8910000e-01,4.4484152e+03,6.9895161e+01,-6.7939786e+02
4893,4.8920000e-01,4.4466636e+03,7.7562123e+01,-7.0647979e+02
4894,4.8930000e-01,4.4418799e+03,8.4818851e+01,-7.3357285e+02
4895,4.8940000e-01,4.4341652e+03,9.1501857e+01,-7.6058257e+02
4896,4.8950000e-01,4.4236260e+03,9.7562016e+01,-7.8719561e+02
4897,4.8960000e-01,4.4102884e+03,1.0298265e+02,-8.1353751e+02
4898,4.8970000e-01,4.3942321e+03,1.0793714e+02,-8.3904200e+02
4899,4.8980000e-01,4.3755263e+03,1.1273766e+02,-8.6362717e+02
4900,4.8990000e-01,4.3543251e+03,1.1764578e+02,-8.8676913e+02
4901,4.9000000e-01,4.3306620e+03,1.2295144e+02,-9.0885892e+02
4902,4.9010000e-01,4.3042007e+03,1.2797677e+02,-9.3078457e+02
4903,4.9020000e-01,4.2743356e+03,1.3242344e+02,-9.5260531e+02
4904,4.9030000e-01,4.2405000e+03,1.3623158e+02,-9.7360673e+02
4905,4.9040000e-01,4.2021797e+03,1.3940518e+02,-9.9276652e+02
4906,4.9050000e-01,4.1594124e+03,1.4205024e+02,-1.0100115e+03
4907,4.9060000e-01,4.1122560e+03,1.4432359e+02,-1.0255707e+03
4908,4.9070000e-01,4.0606609e+03,1.4608572e+02,-1.0393529e+03
4909,4.9080000e-01,4.0043320e+03,1.4729168e+02,-1.0512193e+03
4910,4.9090000e-01,3.9429418e+03,1.4799767e+02,-1.0609464e+03
4911,4.9100000e-01,3.8761004e+03,1.4823125e+02,-1.0682748e+03
4912,4.9110000e-01,3.8032793e+03,1.4793028e+02,-1.0729285e+03
4913,4.9120000e-01,3.7239372e+03,1.4708918e+02,-1.0746037e+03
4914,4.9130000e-01,3.6374525e+03,1.4566621e+02,-1.0729771e+03
4915,4.9140000e-01,3.5431171e+03,1.4372003e+02,-1.0676636e+03
4916,4.9150000e-01,3.4402794e+03,1.4122911e+02,-1.0583112e+03
4917,4.9160000e-01,3.3281912e+03,1.3822516e+02,-1.0445053e+03
4918,4.9170000e-01,3.2080584e+03,1.3820084e+02,-1.0222600e+03
4919,4.9180000e-01,3.0788674e+03,1.3672806e+02,-9.9341406e+02
4920,4.9190000e-01,2.9391513e+03,1.3330923e+02,-9.5911317e+02
4921,4.9200000e-01,2.7874470e+03,1.2811508e+02,-9.1968139e+02
4922,4.9210000e-01,2.6225022e+03,1.2169261e+02,-8.7491413e+02
4923,4.9220000e-01,2.4434350e+03,1.1441643e+02,-8.2446862e+02
4924,4.9230000e-01,2.2495937e+03,1.0629748e+02,-7.6801938e+02
4925,4.9240000e-01,2.0406028e+03,9.7721672e+01,-7.0529781e+02
4926,4.9250000e-01,1.8165552e+03,8.8566904e+01,-6.3620758e+02
4927,4.9260000e-01,1.5777711e+03,7.8883651e+01,-5.6079248e+02
4928,4.9270000e-01,1.3251839e+03,6.8908402e+01,-4.7935121e+02
4929,4.9280000e-01,1.0601069e+03,5.8716702e+01,-3.9235978e+02
4930,4.9290000e-01,7.8415142e+02,4.8474067e+01,-3.0049650e+02
4931,4.9300000e-01,4.9960146e+02,3.8230269e+01,-2.0474509e+02
4932,4.9310000e-01,2.0900697e+02,2.7959741e+01,-1.0625287e+02
4933,4.9320000e-01,-8.4593399e+01,1.7840754e+01,-6.3763704e+00
4934,4.9330000e-01,-3.7825993e+02,7.9735091e+00,9.3627604e+01
4935,4.9340000e-01,-6.6928755e+02,-1.6647048e+00,1.9247169e+02
4936,4.9350000e-01,-9.5483811e+02,-1.0942765e+01,2.8891594e+02
4937,4.9360000e-01,-1.2322422e+03,-1.9744983e+01,3.8178799e+02
4938,4.9370000e-01,-1.4992262e+03,-2.7946543e+01,4.7009461e+02
4939,4.9380000e-01,-1.7539911e+03,-3.5499187e+01,5.5302067e+02
4940,4.9390000e-01,-1.9950744e+03,-4.2358152e+01,6.2994773e+02
4941,4.9400000e-01,-2.2216410e+03,-4.8440659e+01,7.0056088e+02
4942,4.9410000e-01,-2.4330199e+03,-5.3720097e+01,7.6450885e+02
4943,4.9420000e-01,-2.6289187e+03,-5.8096506e+01,8.2169382e+02
4944,4.9430000e-01,-2.8093956e+03,-6.1622893e+01,8.7215745e+02
4945,4.9440000e-01,-2.9748427e+03,-6.4300698e+01,9.1607725e+02
4946,4.9450000e-01,-3.1258547e+03,-6.6150600e+01,9.5370851e+02
4947,4.9460000e-01,-3.2631944e+03,-6.7212056e+01,9.8536816e+02
4948,4.9470000e-01,-3.3877143e+03,-6.7535836e+01,1.0114154e+03
4949,4.9480000e-01,-3.5003325e+03,-6.7175019e+01,1.0322327e+03
4950,4.9490000e-01,-3.6019729e+03,-6.6170620e+01,1.0481962e+03
4951,4.9500000e-01,-3.6935305e+03,-6.4609953e+01,1.0596806e+03
4952,4.9510000e-01,-3.7758851e+03,-6.2565534e+01,1.0670459e+03
4953,4.9520000e-01,-3.8498520e+03,-6.0098791e+01,1.0706568e+03
4954,4.9530000e-01,-3.9162202e+03,-5.7268805e+01,1.0708569e+03
4955,4.9540000e-01,-3.9756939e+03,-5.4128254e+01,1.0679630e+03
4956,4.9550000e-01,-4.0289349e+03,-5.0727516e+01,1.0622959e+03
4957,4.9560000e-01,-4.0765314e+03,-4.7092024e+01,1.0541602e+03
4958,4.9570000e-01,-4.1190144e+03,-4.3263422e+01,1.0438727e+03
4959,4.9580000e-01,-4.1570405e+03,-3.9245637e+01,1.0318377e+03
4960,4.9590000e-01,-4.1913779e+03,-3.5003803e+01,1.0184112e+03
4961,4.9600000e-01,-4.2225691e+03,-3.0548434e+01,1.0037488e+03
4962,4.9610000e-01,-4.2509050e+03,-2.5916513e+01,9.8791847e+02
4963,4.9620000e-01,-4.2765327e+03,-2.1159029e+01,9.7095613e+02
4964,4.9630000e-01,-4.2994975e+03,-1.6370693e+01,9.5284082e+02
4965,4.9640000e-01,-4.3199156e+03,-1.1601900e+01,9.3361116e+02
4966,4.9650000e-01,-4.3379509e+03,-6.9054625e+00,9.1330760e+02
4967,4.9660000e-01,-4.3536653e+03,-2.3228269e+00,8.9194815e+02
4968,4.9670000e-01,-4.3671588e+03,2.0871571e+00,8.6944359e+02
4969,4.9680000e-01,-4.3784989e+03,6.2126505e+00,8.4570842e+02
4970,4.9690000e-01,-4.3876440e+03,9.9406997e+00,8.2044847e+02
4971,4.9700000e-01,-4.3942767e+03,1.3102468e+01,7.9303473e+02
4972,4.9710000e-01,-4.3974765e+03,1.5517354e+01,7.6325235e+02
4973,4.9720000e-01,-4.3964478e+03,1.6986508e+01,7.3224754e+02
4974,4.9730000e-01,-4.3915183e+03,1.7557527e+01,7.0086389e+02
4975,4.9740000e-01,-4.3834697e+03,1.7676518e+01,6.6952204e+02
4976,4.9750000e-01,-4.3729010e+03,1.7506036e+01,6.3822457e+02
4977,4.9760000e-01,-4.3600638e+03,1.7230172e+01,6.0695613e+02
4978,4.9770000e-01,-4.3449631e+03,1.6988169e+01,5.7572439e+02
4979,4.9780000e-01,-4.3277071e+03,1.6756349e+01,5.4466591e+02
4980,4.9790000e-01,-4.3083532e+03,1.6559498e+01,5.1381661e+02
4981,4.9800000e-01,-4.2869217e+03,1.6338376e+01,4.8322547e+02
4982,4.9810000e-01,-4.2633414e+03,1.6106750e+01,4.5295028e+02
4983,4.9820000e-01,-4.2374824e+03,1.5719686e+01,4.2296868e+02
4984,4.9830000e-01,-4.2091895e+03,1.5173476e+01,3.9335505e+02
4985,4.9840000e-01,-4.1783249e+03,1.4406278e+01,3.6413271e+02
4986,4.9850000e-01,-4.1446851e+03,1.3450308e+01,3.3533933e+02
4987,4.9860000e-01,-4.1080871e+03,1.2260297e+01,3.0700521e+02
4988,4.9870000e-01,-4.0683792e+03,1.0813551e+01,2.7920590e+02
4989,4.9880000e-01,-4.0253215e+03,9.1161030e+00,2.5194033e+02
4990,4.9890000e-01,-3.9786718e+03,7.0860071e+00,2.2523398e+02
4991,4.9900000e-01,-3.9281658e+03,4.7173882e+00,1.9913144e+02
4992,4.9910000e-01,-3.8735496e+03,1.9839134e+00,1.7367933e+02
4993,4.9920000e-01,-3.8145147e+03,-1.0768800e+00,1.4894206e+02
4994,4.9930000e-01,-3.7506517e+03,-4.3815896e+00,1.2495885e+02
4995,4.9940000e-01,-3.6815713e+03,-7.7978861e+00,1.0190022e+02
4996,4.9950000e-01,-3.6068129e+03,-1.1170112e+01,7.9917972e+01
4997,4.9960000e-01,-3.5258909e+03,-1.4266612e+01,5.9200401e+01
4998,4.9970000e-01,-3.4383103e+03,-1.7162558e+01,3.9884819e+01
4999,4.9980000e-01,-3.3436878e+03,-1.9891330e+01,2.2137159e+01
5000,4.9990000e-01,-3.2416073e+03,-2.2567677e+01,5.9821353e+00
5001,5.0000000e-01,-3.1316975e+03,-2.5259211e+01,-8.5142409e+00
