theta1	omega1	alpha1	theta2	omega2	alpha2
3.141592653589793116e+00	0.000000000000000000e+00	-2.161430273964186100e-05	1.570796326794896558e+00	0.000000000000000000e+00	-9.810000000143849874e+00
3.141592651012254045e+00	-2.015772938555104015e-06	-1.217898823132973702e-03	1.570673812082607146e+00	-4.902793765171994944e-02	-9.810000239511634135e+00
3.141592613348796803e+00	-1.603140439596310643e-05	-4.823570224561312368e-03	1.570306267934899136e+00	-9.805588196833520120e-02	-9.810003615912712860e+00
3.141592448419342265e+00	-5.407441843443958122e-05	-1.083323066279187619e-02	1.569693694231300007e+00	-1.470838686018559605e-01	-9.810019801156016683e+00
3.141592004612339561e+00	-1.281598524233778732e-04	-1.924706748383250149e-02	1.568836090541557482e+00	-1.961119857375556996e-01	-9.810057839068662133e+00
3.141591073276766011e+00	-2.503043969900861708e-04	-3.006555583721993996e-02	1.567733455786375130e+00	-2.451404007292599663e-01	-9.810140444386519221e+00
3.141589388801548033e+00	-4.325268563281011195e-04	-4.328925678154396661e-02	1.566385787936568574e+00	-2.941693759862021307e-01	-9.810290946435316073e+00
3.141586619161932159e+00	-6.868494186515001956e-04	-5.891873728139096489e-02	1.564793083243787297e+00	-3.431993145675613643e-01	-9.810531753298619151e+00
3.141582375288876072e+00	-1.025298431881717463e-03	-7.695514980383533210e-02	1.562955335612954411e+00	-3.922307731305144651e-01	-9.810904603972431914e+00
3.141576204224482805e+00	-1.459905947918879949e-03	-9.739965305061282219e-02	1.560872535575394959e+00	-4.412644995670956249e-01	-9.811445404201265319e+00
3.141567593045876183e+00	-2.002711229967473784e-03	-1.202539015561903124e-01	1.558544669264286142e+00	-4.903014538050972648e-01	-9.812201059435409434e+00
3.141555978645441893e+00	-2.665760647140090304e-03	-1.455195785712226630e-01	1.555971718470534171e+00	-5.393427879392796997e-01	-9.813214117633378919e+00
3.141540727347999162e+00	-3.461112929227710099e-03	-1.731992714103063324e-01	1.553153657463728354e+00	-5.883899531233337532e-01	-9.814543195444912271e+00
3.141521145295087525e+00	-4.400839520083152032e-03	-2.032958605115045003e-01	1.550090452868689850e+00	-6.374446784577953995e-01	-9.816249020223494881e+00
3.141496480932620461e+00	-5.497027801987236853e-03	-2.358127641043177292e-01	1.546782061884627746e+00	-6.865089915953208610e-01	-9.818393086731930453e+00
3.141465920400976497e+00	-6.761784189647629048e-03	-2.707542070559907366e-01	1.543228430699721265e+00	-7.355852537364619970e-01	-9.821042483744179208e+00
3.141428592455014268e+00	-8.207236898899759880e-03	-3.081249228531985906e-01	1.539429493233572588e+00	-7.846761640539835492e-01	-9.824269442042918854e+00
3.141383563651535038e+00	-9.845541177288294477e-03	-3.479306763199483399e-01	1.535385168664607836e+00	-8.337848031937041826e-01	-9.828151398602813060e+00
3.141329839715293115e+00	-1.168888333807385771e-02	-3.901780884651353531e-01	1.531095359728979588e+00	-8.829146471743993807e-01	-9.832769380805643777e+00
3.141266365396263804e+00	-1.374948491561688024e-02	-4.348752732899345830e-01	1.526559951000511450e+00	-9.320695853259330921e-01	-9.838210214343575899e+00
3.141192024185585741e+00	-1.603961063484241056e-02	-4.820304053107218323e-01	1.521778805710291005e+00	-9.812539514457797596e-01	-9.844561149817423029e+00
3.141105638400130129e+00	-1.857156622185231892e-02	-5.316528544440597415e-01	1.516751766547637992e+00	-1.030472517342009287e+00	-9.851913743909733512e+00
3.141005968553641559e+00	-2.135771438949225429e-02	-5.837553740484988651e-01	1.511478650025213533e+00	-1.079730537679347124e+00	-9.860368387038647597e+00
3.140891713167840660e+00	-2.441048071692817484e-02	-6.383506196971726609e-01	1.505959243894351207e+00	-1.129033779255749437e+00	-9.870029896717142037e+00
3.140761508551329850e+00	-2.774235828721451774e-02	-6.954526992645480021e-01	1.500193305657158138e+00	-1.178388530354257613e+00	-9.880998323419134977e+00
3.140613928363795271e+00	-3.136591393006887829e-02	-7.550773884858958951e-01	1.494180561818833741e+00	-1.227801582035487726e+00	-9.893381660762429419e+00
3.140447483385875760e+00	-3.529379813001101013e-02	-8.172424024071531790e-01	1.487920702980823684e+00	-1.277280291669401935e+00	-9.907293546925188821e+00
3.140260620778858591e+00	-3.953875737125342460e-02	-8.819681057549608738e-01	1.481413381310136668e+00	-1.326832581112859621e+00	-9.922848005344803823e+00
3.140051723827300023e+00	-4.411364071286724003e-02	-9.492754081911307651e-01	1.474658208110358304e+00	-1.376466956958843690e+00	-9.940164621106760023e+00
3.139819111420650621e+00	-4.903140965986575728e-02	-1.019188837732130537e+00	1.467654750858925716e+00	-1.426192528660979342e+00	-9.959364785505613327e+00
3.139561037083759665e+00	-5.430515376650386916e-02	-1.091734240007372847e+00	1.460402529437047736e+00	-1.476019020375068047e+00	-9.980573738886732826e+00
3.139275688903156336e+00	-5.994809521584056750e-02	-1.166939665569273643e+00	1.452901014085549392e+00	-1.525956791719859318e+00	-1.000391996327334709e+01
3.138961188284107084e+00	-6.597360691342581129e-02	-1.244836928052528435e+00	1.445149621312170618e+00	-1.576016849237631412e+00	-1.002953416113757612e+01
3.138615589472466993e+00	-7.239522207121901198e-02	-1.325458515388220349e+00	1.437147711035749120e+00	-1.626210863382619110e+00	-1.005755122042717176e+01
3.138236878707815425e+00	-7.922664709236118541e-02	-1.408841720223684035e+00	1.428894583276170582e+00	-1.676551183986125793e+00	-1.008810790549534886e+01
3.137822972834758861e+00	-8.648177994604688834e-02	-1.495024939630155814e+00	1.420389474071693803e+00	-1.727050852588278174e+00	-1.012134472346383518e+01
3.137371719325308561e+00	-9.417471548808614701e-02	-1.584049285769197013e+00	1.411631553207357781e+00	-1.777723621196446002e+00	-1.015740513347816432e+01
3.136880895070351283e+00	-1.023197620732588936e-01	-1.675959189660282789e+00	1.402619920377565998e+00	-1.828583965569061665e+00	-1.019643533166163252e+01
3.136348204319297395e+00	-1.109314633948633166e-01	-1.770804137330756589e+00	1.393353600588197017e+00	-1.879647098188836241e+00	-1.023858397338062787e+01
3.135771277719059835e+00	-1.200246132698136181e-01	-1.868634854921076283e+00	1.383831540571022423e+00	-1.930928982041122399e+00	-1.028400270884731071e+01
3.135147671480133624e+00	-1.296142698550335204e-01	-1.969506452134908159e+00	1.374052605281227191e+00	-1.982446344149182638e+00	-1.033284562030200959e+01
3.134474865712596703e+00	-1.397157743706374800e-01	-2.073476131643161580e+00	1.364015573717999308e+00	-2.034216689312661863e+00	-1.038527067593236097e+01
3.133750263624029753e+00	-1.503447545407861630e-01	-2.180603427873080591e+00	1.353719136688886548e+00	-2.086258325431052718e+00	-1.044143959452139825e+01
3.132971189360534758e+00	-1.615171554041189839e-01	-2.290954226870837829e+00	1.343161891109308614e+00	-2.138590366695637179e+00	-1.050151461141513209e+01
3.132134886417915709e+00	-1.732492568763447927e-01	-2.404597106070767154e+00	1.332342335956621993e+00	-2.191232747954026117e+00	-1.056566154176084638e+01
3.131238516070456779e+00	-1.855576876350553128e-01	-2.521602413701756973e+00	1.321258868473348169e+00	-2.244206241764919785e+00	-1.063405022582742276e+01
3.130279155726670481e+00	-1.984594367662590730e-01	-2.642045367791126864e+00	1.309909780392995993e+00	-2.297532476818787028e+00	-1.070685257704394644e+01
3.129253796883585625e+00	-2.119718817305583924e-01	-2.766005219182886776e+00	1.298293252965476929e+00	-2.351233946068313596e+00	-1.078424316135601657e+01
3.128159343250232816e+00	-2.261128040703622166e-01	-2.893564511086921698e+00	1.286407352797870551e+00	-2.405334022922532622e+00	-1.086639958584260057e+01
3.126992608562953802e+00	-2.409004019045901668e-01	-3.024807490080178241e+00	1.274250027482011882e+00	-2.459856975217026953e+00	-1.095350217816394434e+01
3.125750314463313639e+00	-2.563533085938444755e-01	-3.159824245645069141e+00	1.261819101081484318e+00	-2.514827979356506038e+00	-1.104573420927249572e+01
3.124429088392406850e+00	-2.724906154946687420e-01	-3.298707847869735588e+00	1.249112269509339068e+00	-2.570273134642019564e+00	-1.114328172450564125e+01
3.123025461223519539e+00	-2.893318871139817783e-01	-3.441553840288463562e+00	1.236127095904450579e+00	-2.626219476573016021e+00	-1.124633291055693007e+01
3.121535864861010534e+00	-3.068971663532324978e-01	-3.588459642246561998e+00	1.222861005980064197e+00	-2.682694983530245381e+00	-1.135507773349468152e+01
3.119956629756722943e+00	-3.252070004276085835e-01	-3.739528499979542175e+00	1.209311283193293951e+00	-2.739728594701611897e+00	-1.146971008624291244e+01
3.118283982337242577e+00	-3.442824575236195228e-01	-3.894865949452878340e+00	1.195475063892783352e+00	-2.797350222796663122e+00	-1.159042582025381307e+01
3.116514042434388010e+00	-3.641451350568230549e-01	-4.054576779536546383e+00	1.181349332499235238e+00	-2.855590759934560463e+00	-1.171741972945187626e+01
3.114642820811424073e+00	-3.848171568290725819e-01	-4.218769824874300411e+00	1.166930916792785045e+00	-2.914482073112411253e+00	-1.185088977307327696e+01
3.112666216085653303e+00	-4.063212055701327929e-01	-4.387557639101061113e+00	1.152216482607197889e+00	-2.974057030882029995e+00	-1.199103677320135830e+01
3.110580011954767077e+00	-4.286805284288215390e-01	-4.561053798394738124e+00	1.137202528850633554e+00	-3.034349506046384537e+00	-1.213806194992753262e+01
3.108379874682882793e+00	-4.519189289741545323e-01	-4.739366608548095883e+00	1.121885382807435105e+00	-3.095394362532313703e+00	-1.229215985146197454e+01
3.106061350414532463e+00	-4.760607627829502309e-01	-4.922610128998968548e+00	1.106261195284367060e+00	-3.157227446129056592e+00	-1.245353045800106884e+01
3.103619861909029165e+00	-5.011309540992335831e-01	-5.110896745922048012e+00	1.090325935189277118e+00	-3.219885598394532256e+00	-1.262237097439037825e+01
3.101050706080957120e+00	-5.271549805553829016e-01	-5.304335495831196567e+00	1.074075385001313165e+00	-3.283406632528508062e+00	-1.279887295183107199e+01
3.098349051200250504e+00	-5.541588652726660014e-01	-5.503035875465116078e+00	1.057505135889047487e+00	-3.347829318813856148e+00	-1.298322824588490221e+01
3.095509933791271262e+00	-5.821691722515993650e-01	-5.707103698938055913e+00	1.040610582498025627e+00	-3.413193376129977974e+00	-1.317562309764048223e+01
3.092528256676695619e+00	-6.112129629808178422e-01	-5.916632474746961634e+00	1.023386919102605486e+00	-3.479539411705542928e+00	-1.337622709497713913e+01
3.089398786350602499e+00	-6.413177716469669054e-01	-6.131718182489123592e+00	1.005829135002237695e+00	-3.546908885964710656e+00	-1.358521251791285067e+01
3.086116149956397603e+00	-6.725115908506267282e-01	-6.352446530661779889e+00	9.879320094870385205e-01	-3.615344091367187485e+00	-1.380273760318641507e+01
3.082674834317955526e+00	-7.048227946558535129e-01	-6.578885482394412065e+00	9.696901093347393141e-01	-3.684888045252561195e+00	-1.402893569088382719e+01
3.079069183678572408e+00	-7.382800931908330977e-01	-6.811101061836211557e+00	9.510977847335033708e-01	-3.755584428085459781e+00	-1.426393812918217918e+01
3.075293397232865544e+00	-7.729124888374675484e-01	-7.049142040197125425e+00	9.321491649733577578e-01	-3.827477524903002859e+00	-1.450785234480918007e+01
3.071341529327140663e+00	-8.087491561170104815e-01	-7.293029718894672442e+00	9.128381576410284914e-01	-3.900612055607291406e+00	-1.476074674982692159e+01
3.067207488498246537e+00	-8.458193500285777766e-01	-7.542774081965092137e+00	8.931584463012858244e-01	-3.975033048604267094e+00	-1.502267506602993308e+01
3.062885036781388237e+00	-8.841523059147197161e-01	-7.798355503862183014e+00	8.731034885891654218e-01	-4.050785702100295538e+00	-1.529364873238569089e+01
3.058367790705474931e+00	-9.237770930733997243e-01	-8.059728671020423008e+00	8.526665166347933145e-01	-4.127915175995959807e+00	-1.557364355897243513e+01
3.053649221473158537e+00	-9.647224801555777107e-01	-8.326813460969844982e+00	8.318405363122216567e-01	-4.206466405400148822e+00	-1.586258564119407310e+01
3.048722658610848679e+00	-1.007016708364395052e+00	-8.599483457106259721e+00	8.106183314308842425e-01	-4.286483768842007436e+00	-1.616033349906683725e+01
3.043581291625786722e+00	-1.050687314379868509e+00	-8.877578437590500471e+00	7.889924650752287993e-01	-4.368010838617149005e+00	-1.646669850697662696e+01
3.038218174713757325e+00	-1.095760874724607703e+00	-9.160872017495762520e+00	7.669552854062030578e-01	-4.451090005288667051e+00	-1.678139250972435548e+01
3.032626232881590500e+00	-1.142262710397860204e+00	-9.449090949922833715e+00	7.444989334954549287e-01	-4.535762040606916123e+00	-1.710406067531812369e+01
3.026798267097624784e+00	-1.190216608020767675e+00	-9.741885687106218938e+00	7.216153496962299796e-01	-4.622065690642381597e+00	-1.743423231252245387e+01
3.020726965757502658e+00	-1.239644386080278826e+00	-1.003882668003109302e+01	6.982962896238369410e-01	-4.710037008717598894e+00	-1.777131550086733114e+01
3.014404912249074808e+00	-1.290565550324815014e+00	-1.033940673686208811e+01	6.745333339758363689e-01	-4.799708848132718586e+00	-1.811460207939808242e+01
3.007824600393750103e+00	-1.342996762544585332e+00	-1.064299721892564321e+01	6.503179106496638218e-01	-4.891110030838436096e+00	-1.846319120072075748e+01
3.000978448900839979e+00	-1.396951324347011525e+00	-1.094888039435988958e+01	6.256413151368741543e-01	-4.984264550937310467e+00	-1.881604894952306495e+01
2.993858817868052302e+00	-1.452438610322821511e+00	-1.125619170105164812e+01	6.004947341403469308e-01	-5.079190691665577795e+00	-1.917190401684865719e+01
2.986458034346298973e+00	-1.509463297613208077e+00	-1.156392488738242719e+01	5.748692837903273123e-01	-5.175899774940784681e+00	-1.952925934250151840e+01
2.978768414309427737e+00	-1.568024667775898440e+00	-1.187091556738187137e+01	5.487560417893334597e-01	-5.274395054849120079e+00	-1.988636161029035065e+01
2.970782292718414652e+00	-1.628115738700583792e+00	-1.217582311112403204e+01	5.221460930005914491e-01	-5.374670294588446140e+00	-2.024117031109744858e+01
2.962492055828406023e+00	-1.689722334823849703e+00	-1.247709808230956696e+01	4.950305783027249551e-01	-5.476708241487546758e+00	-2.059129457560675291e+01
2.953890182688287513e+00	-1.752821980045995431e+00	-1.277297448378681111e+01	4.674007590807495727e-01	-5.580478755041902161e+00	-2.093398185520618426e+01
2.944969286190722180e+00	-1.817382791604127634e+00	-1.306144090341388164e+01	4.392480806535443150e-01	-5.685936955797832759e+00	-2.126605873518064982e+01
2.935722166271127698e+00	-1.883362168897630973e+00	-1.334022273529456015e+01	4.105642568899040001e-01	-5.793020954804310563e+00	-2.158390073727650815e+01
2.926141863804704535e+00	-1.950705443697072106e+00	-1.360675566336215070e+01	3.813413553657227784e-01	-5.901649530842455249e+00	-2.188337225577788558e+01
2.916221727759933824e+00	-2.019344358257516348e+00	-1.385816606222567771e+01	3.515719065254662712e-01	-6.011719420258025082e+00	-2.215979339825753414e+01
2.905955483734649736e+00	-2.089195491669308069e+00	-1.409125530201936272e+01	3.212490143834693113e-01	-6.123102537299073944e+00	-2.240789464986255553e+01
2.895337317399363730e+00	-2.160158573501793189e+00	-1.430247363884359402e+01	2.903664950086189411e-01	-6.235642882633070094e+00	-2.262177085561052081e+01
2.884361959646475793e+00	-2.232114721021847714e+00	-1.448793016273862122e+01	2.589190170696947235e-01	-6.349153337897912586e+00	-2.279487759614403330e+01
2.873024787139730751e+00	-2.304924704773387845e+00	-1.464335747156655998e+01	2.269022722668486147e-01	-6.463412376142268378e+00	-2.291996703979202721e+01
2.861321925652763554e+00	-2.378427079780400799e+00	-1.476415986534902913e+01	1.943131492871123522e-01	-6.578160557037778133e+00	-2.298915349076560233e+01
2.849250367808460638e+00	-2.452436645187904052e+00	-1.484540750360520178e+01	1.611499376572501363e-01	-6.693097458121240351e+00	-2.299389206843488864e+01
2.836808094361444432e+00	-2.526742810543430195e+00	-1.488188815361286288e+01	1.274125368552357640e-01	-6.807878452370746736e+00	-2.292506646143374383e+01
2.823994204434200572e+00	-2.601108257505687860e+00	-1.486814476779818506e+01	9.310268397956214526e-02	-6.922111934402953359e+00	-2.277303997639592126e+01
2.810809051587694896e+00	-2.675268147579521028e+00	-1.479860339669812674e+01	5.822419467340982091e-02	-7.035357481443520022e+00	-2.252787886593523581e+01
2.797254384560632356e+00	-2.748929541023581447e+00	-1.466766503386861586e+01	2.278321345701818726e-02	-7.147124367462913241e+00	-2.217952120842392105e+01
2.783333483638658290e+00	-2.821771861644037926e+00	-1.446986281791214424e+01	-1.321154064777310330e-02	-7.256871998634342624e+00	-2.171805946646463781e+01
2.769051299235687047e+00	-2.893447837778301501e+00	-1.420002442610734761e+01	-4.974852356777649531e-02	-7.364011206150877342e+00	-2.113404418499203530e+01
2.754414580162507509e+00	-2.963585631583792512e+00	-1.385354245178882593e+01	-8.681313178258542873e-02	-7.467907781475250140e+00	-2.041899937311291069e+01
2.739431988420616193e+00	-3.031792171632299748e+00	-1.342657665422620994e+01	-1.243874908245376498e-01	-7.567888312459116307e+00	-1.956580993442730687e+01
2.724114193704572973e+00	-3.097657751370855195e+00	-1.291634868398068647e+01	-1.624502805176304410e-01	-7.663248478011529308e+00	-1.856929568348232351e+01
2.708473942773451881e+00	-3.160762028764569020e+00	-1.232143603571171298e+01	-2.009766056984172711e-01	-7.753264086253532916e+00	-1.742679368570179577e+01
2.692526094984271090e+00	-3.220681451803202755e+00	-1.164203196849189226e+01	-2.399379296891658297e-01	-7.837204937281294193e+00	-1.613867541636454916e+01
2.676287616501326738e+00	-3.276998029318938244e+00	-1.088019789704299001e+01	-2.793020853748009458e-01	-7.914351383385222150e+00	-1.470885193163667282e+01
2.659777527795426533e+00	-3.329309161148380714e+00	-1.004006749645373020e+01	-3.190333750538812407e-01	-7.984013039874477080e+00	-1.314519370108973817e+01
2.643016801334467925e+00	-3.377238243845372967e+00	-9.127932030019110243e+00	-3.590927651525617770e-01	-8.045549084056478506e+00	-1.145971062142325536e+01
2.626028204227527141e+00	-3.420445605081257057e+00	-8.152235922318823214e+00	-3.994381865943638643e-01	-8.098389269377001654e+00	-9.668551510468660126e+00
2.608836086240676533e+00	-3.458639055423994968e+00	-7.123511952185936025e+00	-4.400249403422588079e-01	-8.142054222609822034e+00	-7.791884119268615905e+00
2.591466118421767550e+00	-3.491583463468384441e+00	-6.054026029436045064e+00	-4.808061977245733920e-01	-8.176173813625835507e+00	-5.853189222435958072e+00
2.573944987448530952e+00	-3.519108830593232096e+00	-4.957500230755158555e+00	-5.217335854881745005e-01	-8.200502542884665402e+00	-3.878706779090862256e+00
2.556300055075629629e+00	-3.541116107701866689e+00	-3.848463681560360783e+00	-5.627578369223774635e-01	-8.214930405907045596e+00	-1.896135620866516547e+00
2.538558992783981338e+00	-3.557580154778110071e+00	-2.741893584039416965e+00	-6.038294883562240756e-01	-8.219488031335474787e+00	6.608583021898084553e-02
2.520749412081946694e+00	-3.568550178050105881e+00	-1.652452331354879789e+00	-6.448995809108170052e-01	-8.214346767260993332e+00	1.980307022838132980e+00
2.502898497862289240e+00	-3.574146893290014670e+00	-5.939934285347590048e-01	-6.859203518863501436e-01	-8.199812232202969398e+00	3.820645897362737742e+00
2.485032663787236196e+00	-3.574557115650929262e+00	4.209679975915605610e-01	-7.268458784607751966e-01	-8.176312775195050619e+00	5.564032537706225412e+00
2.467177240284702755e+00	-3.570026024390692498e+00	1.381657859007873412e+00	-7.676326527944499212e-01	-8.144383389986744604e+00	7.190987729893095093e+00
2.449356205577121415e+00	-3.560847708742959306e+00	2.279319971658196664e+00	-8.082400683659044516e-01	-8.104646350584221892e+00	8.686139707075653860e+00
2.431591969149671240e+00	-3.547354561095463765e+00	3.107369417816698842e+00	-8.486307995079925837e-01	-8.057789758115537992e+00	1.003848426274180383e+01
2.413905205196638093e+00	-3.529906525331087508e+00	3.861383055768101258e+00	-8.887710807818745007e-01	-8.004546030253168354e+00	1.124131510163078929e+01
2.396314742491404193e+00	-3.508880365997864459e+00	4.539018633363411936e+00	-9.286308737597787077e-01	-7.945670707753617279e+00	1.229200795334782015e+01
2.378837505851402856e+00	-3.484659739547066870e+00	5.139817819443806002e+00	-9.681839327027037534e-01	-7.881923121175208102e+00	1.319157671847096935e+01
2.361488504040831327e+00	-3.457626397193311885e+00	5.664952771876414772e+00	-1.007407780665671826e+00	-7.814049558023318021e+00	1.394412274190972312e+01
2.344280858227190123e+00	-3.428152741182495244e+00	6.116940287600300508e+00	-1.046283608777643037e+00	-7.742769331811295785e+00	1.455622913848947064e+01
2.327225865131024918e+00	-3.396595814599224106e+00	6.499356124422092762e+00	-1.084796111184038070e+00	-7.668763872497621925e+00	1.503636282126444712e+01
2.310333084809577553e+00	-3.363292778930465854e+00	6.816534913132954898e+00	-1.122933276776347133e+00	-7.592668871224133476e+00	1.539426570620707935e+01
2.293610448909659372e+00	-3.328557715505898962e+00	7.073329559207422790e+00	-1.160686145837778405e+00	-7.515069119958845967e+00	1.564046859494874298e+01
2.277064381444806163e+00	-3.292679645898727525e+00	7.274880969264131636e+00	-1.198048547854967172e+00	-7.436495774249336499e+00	1.578583853282907512e+01
2.260699926818587002e+00	-3.255921585356051029e+00	7.426429615490405922e+00	-1.235016830866970894e+00	-7.357425627473575425e+00	1.584121488916525777e+01
2.244520880207783620e+00	-3.218520420942986071e+00	7.533163676512458551e+00	-1.271589591702901423e+00	-7.278281948972380455e+00	1.581712564046392799e+01
2.228529917144851602e+00	-3.180687456433766602e+00	7.600112015749800776e+00	-1.307767412948097396e+00	-7.199436550788573363e+00	1.572359736034240996e+01
2.212728719012352574e+00	-3.142609445314520134e+00	7.632060327788167342e+00	-1.343552612706462757e+00	-7.121212709768299121e+00	1.557001145676440501e+01
2.197118092336967532e+00	-3.104449953506874582e+00	7.633494976158772261e+00	-1.378949010687638088e+00	-7.043888623041198116e+00	1.536501688213684247e+01
2.181698081295480929e+00	-3.066350989721176923e+00	7.608557773464099228e+00	-1.413961711436317215e+00	-6.967701275571751118e+00	1.511646363060208387e+01
2.166468070184541794e+00	-3.028434630029801067e+00	7.561073976607758595e+00	-1.448596909778445019e+00	-6.892850176586498456e+00	1.483148421916484949e+01
2.151426879187702035e+00	-2.990804808986045948e+00	7.494483376248808781e+00	-1.482861712444241808e+00	-6.819501319185944155e+00	1.451637206451050588e+01
2.136572851009981733e+00	-2.953549041995949143e+00	7.411910861273554474e+00	-1.516763979353145553e+00	-6.747790904258588185e+00	1.417674630218743914e+01
2.121903928745894063e+00	-2.916740117697397050e+00	7.316143056970304315e+00	-1.550312183776726860e+00	-6.677828925387447434e+00	1.381751635284445001e+01
2.107417725008206677e+00	-2.880437638590644056e+00	7.209662500206150071e+00	-1.583515290435982603e+00	-6.609702364483965198e+00	1.344296712814139028e+01
2.093111584432448602e+00	-2.844689514255079210e+00	7.094672392366646818e+00	-1.616382647361178648e+00	-6.543478237791585883e+00	1.305681872995364756e+01
2.078982638594111254e+00	-2.809533316124092739e+00	6.973113409005691210e+00	-1.648923893430959353e+00	-6.479206311691823927e+00	1.266226910331397448e+01
2.065027854512544447e+00	-2.774997514203480176e+00	6.846689209057785774e+00	-1.681148878299932425e+00	-6.416921541432817122e+00	1.226205278212728444e+01
2.051244077269211097e+00	-2.741102602873232819e+00	6.716891915375526878e+00	-1.713067593920662324e+00	-6.356646256234025572e+00	1.185849714653386400e+01
2.037628067343320026e+00	-2.707862112204375116e+00	6.585021196513935138e+00	-1.744690116357876075e+00	-6.298392089687760098e+00	1.145356508947634211e+01
2.024176533075758844e+00	-2.675283512876032166e+00	6.452205801395166418e+00	-1.776026556764563225e+00	-6.242161679223491078e+00	1.104890122475762837e+01
2.010886158975377480e+00	-2.643369004876403139e+00	6.319428422702685566e+00	-1.807087019865759148e+00	-6.187950127793516941e+00	1.064588117901575970e+01
1.997753630281147386e+00	-2.612116248355821568e+00	6.187527291807555230e+00	-1.837881569771275592e+00	-6.135746330729645592e+00	1.024562179252825445e+01
1.984775653763753533e+00	-2.581518978888334370e+00	6.057236682265056515e+00	-1.868420202340824954e+00	-6.085534072587733156e+00	9.849055329767452349e+00
1.971948976408608667e+00	-2.551567567188587127e+00	5.929171483189520586e+00	-1.898712821103446302e+00	-6.037293018532513322e+00	9.456903484895519796e+00
1.959270400363513298e+00	-2.522249502324990900e+00	5.803872582600206442e+00	-1.928769220222103620e+00	-5.990999540390790301e+00	9.069767260144999454e+00
1.946736796705881956e+00	-2.493549813112057478e+00	5.681784545337905001e+00	-1.958599068838085211e+00	-5.946627438187815251e+00	8.688076349123548425e+00
1.934345116871593273e+00	-2.465451446347276310e+00	5.563299275715507974e+00	-1.988211899663037796e+00	-5.904148573036787084e+00	8.312183761742744537e+00
1.922092401794795569e+00	-2.437935578252539148e+00	5.448732952302862032e+00	-2.017617101554467052e+00	-5.863533369776864568e+00	7.942309491406376765e+00
1.909975790646074811e+00	-2.410981908560707598e+00	5.338363934206881822e+00	-2.046823912290197445e+00	-5.824751300376668439e+00	7.578622576800171373e+00
1.897992526892941623e+00	-2.384568888197027725e+00	5.232412193932304945e+00	-2.075841416153335839e+00	-5.787771232035892943e+00	7.221192296593471838e+00
1.886139964705275673e+00	-2.358673946406852018e+00	5.131070437478456370e+00	-2.104678540380940710e+00	-5.752561791915483447e+00	6.870053280808861018e+00
1.874415572898695981e+00	-2.333273654668053698e+00	5.034487250430629501e+00	-2.133344056011860168e+00	-5.719091605434338810e+00	6.525166944081320253e+00
1.862816939511009462e+00	-2.308343900545861249e+00	4.942791458537158178e+00	-2.161846577199399988e+00	-5.687329569487576286e+00	6.186470697226013726e+00
1.851341774210661928e+00	-2.283860003927738358e+00	4.856079207135053366e+00	-2.190194564284734025e+00	-5.657245013634877751e+00	5.853849045041442878e+00
1.839987911473569770e+00	-2.259796848523169199e+00	4.774432363769619769e+00	-2.218396325272542491e+00	-5.628807904010898255e+00	5.527169520039478812e+00
1.828753311914089519e+00	-2.236128962552367927e+00	4.697909104226027921e+00	-2.246460020408161729e+00	-5.601988951274093687e+00	5.206261834343422379e+00
1.817636064416389585e+00	-2.212830616697614161e+00	4.626557426296812991e+00	-2.274393665261680741e+00	-5.576759762890193706e+00	4.890943344747938681e+00
1.806634386714308649e+00	-2.189875878308515489e+00	4.560408623713556153e+00	-2.302205136328976831e+00	-5.553092915342316971e+00	4.581004491384646826e+00
1.795746626750718944e+00	-2.167238682675338701e+00	4.499486934411834227e+00	-2.329902175330163860e+00	-5.530962068557556677e+00	4.276226284142467193e+00
1.784971262818044968e+00	-2.144892869046600037e+00	4.443804697006726201e+00	-2.357492395419033659e+00	-5.510342018238289619e+00	3.976369272717420245e+00
1.774306904300261056e+00	-2.122812229085137670e+00	4.393371227563420689e+00	-2.384983286505170330e+00	-5.491208780388962651e+00	3.681189410808201501e+00
1.763752291149171869e+00	-2.100970518742130366e+00	4.348188656305183031e+00	-2.412382222409316768e+00	-5.473539611712430641e+00	3.390428407542913192e+00
1.753306295023173478e+00	-2.079341508985905751e+00	4.308252858025525711e+00	-2.439696465887337240e+00	-5.457313113529810522e+00	3.103814038943255582e+00
1.742967918364832114e+00	-2.057898980779223841e+00	4.273561309335264013e+00	-2.466933176396787886e+00	-5.442509234298690934e+00	2.821073934329433541e+00
1.732736294666129551e+00	-2.036616746223181007e+00	4.244105275904303198e+00	-2.494099416643172695e+00	-5.429109332241317531e+00	2.541918406466265878e+00
1.722610688240320265e+00	-2.015468653652505271e+00	4.219879299622220969e+00	-2.521202159730271397e+00	-5.417096213492255785e+00	2.266058044372130098e+00
1.712590493823890725e+00	-1.994428583806716837e+00	4.200874965804928252e+00	-2.548248296689273218e+00	-5.406454161042778317e+00	1.993189003492716438e+00
1.702675236874774622e+00	-1.973470458067880129e+00	4.187086229529995762e+00	-2.575244643591226179e+00	-5.397168997606867080e+00	1.723002488860856829e+00
1.692864572861118466e+00	-1.952568220218536377e+00	4.178508833415094159e+00	-2.602197949651181119e+00	-5.389228101637367097e+00	1.455181300619642570e+00
1.683158287611999260e+00	-1.931695835112255066e+00	4.175139810562200182e+00	-2.629114905015905279e+00	-5.382620472571580272e+00	1.189396556919746217e+00
1.673556296953353284e+00	-1.910827269630649416e+00	4.176980791707137541e+00	-2.656002148945951546e+00	-5.377336763045960311e+00	9.253137046403026034e-01
1.664058646862351054e+00	-1.889936477204666732e+00	4.184035752037743805e+00	-2.682866278272840521e+00	-5.373369335599556429e+00	6.625831220280815614e-01
1.654665513623352346e+00	-1.868997378251775254e+00	4.196314228884830300e+00	-2.709713856038102886e+00	-5.370712319539492796e+00	4.008479038593577570e-01
1.645377203869492488e+00	-1.847983833718526370e+00	4.213830356069024674e+00	-2.736551420394555123e+00	-5.369361662339700025e+00	1.397357213008945109e-01
1.636194155235158432e+00	-1.826869620266606598e+00	4.236604142400778983e+00	-2.763385494104236173e+00	-5.369315209459517568e+00	-1.211387725829808915e-01
1.627116936543146819e+00	-1.805628397718466394e+00	4.264662292747061656e+00	-2.790222593840074428e+00	-5.370572763175256448e+00	-3.821759634829504648e-01
1.618146248836762391e+00	-1.784233674736962261e+00	4.298038727729817765e+00	-2.817069240736418845e+00	-5.373136180781052929e+00	-6.437956165023024369e-01
1.609282925853786184e+00	-1.762658771197639362e+00	4.336775224640177839e+00	-2.843931970216365901e+00	-5.377009446636342282e+00	-9.064308413876460691e-01
1.600527934896712967e+00	-1.740876776512072288e+00	4.380922644878182837e+00	-2.870817342584680354e+00	-5.382198763019041543e+00	-1.170538860368651513e+00
1.591882379019831317e+00	-1.718860499120133500e+00	4.430542190041592221e+00	-2.897731956074994564e+00	-5.388712703788588243e+00	-1.436606668613421789e+00
1.583347497818983207e+00	-1.696582419497524530e+00	4.485704390460341529e+00	-2.924682457474488295e+00	-5.396562301374202342e+00	-1.705134981933497329e+00
1.574924668939311712e+00	-1.674014636205230611e+00	4.546492398846339711e+00	-2.951675554187240369e+00	-5.405761168233718550e+00	-1.976658143155418657e+00
1.566615411185337869e+00	-1.651128792063332185e+00	4.613004228438512655e+00	-2.978718029988327132e+00	-5.416325697729342359e+00	-2.251749608184582030e+00
1.558421386161902511e+00	-1.627896016250010902e+00	4.685348512340169691e+00	-3.005816757325160626e+00	-5.428275191152388324e+00	-2.531003732593944733e+00
1.550344400673784095e+00	-1.604286854863357981e+00	4.763651174083747719e+00	-3.032978711445877273e+00	-5.441632022690046533e+00	-2.815059507900059543e+00
1.542386411157325332e+00	-1.580271168441219398e+00	4.848058679209430011e+00	-3.060210989607368148e+00	-5.456421910367938999e+00	-3.104609638047350018e+00
1.534549526331576930e+00	-1.555818057500717444e+00	4.938730360674981057e+00	-3.087520825745966313e+00	-5.472674091787104622e+00	-3.400375092868216598e+00
1.526836010743805705e+00	-1.530895772329330162e+00	5.035848899423740477e+00	-3.114915607392850116e+00	-5.490421546493550409e+00	-3.703137263726603123e+00
1.519248291026353614e+00	-1.505471572102205835e+00	5.139625374265619939e+00	-3.142402899645580394e+00	-5.509701365050002408e+00	-4.013751621888786758e+00
1.511788959879915462e+00	-1.479511627063397006e+00	5.250286801167703743e+00	-3.169990463077925202e+00	-5.530554991750875615e+00	-4.333111608973013062e+00
1.504460781121359281e+00	-1.452980900170394163e+00	5.368091778195889674e+00	-3.197686274405281193e+00	-5.553028524753794493e+00	-4.662193058028151427e+00
1.497266698383197703e+00	-1.425842954040566601e+00	5.493338172517724161e+00	-3.225498556935836536e+00	-5.577173225590073891e+00	-5.002075385340049252e+00
1.490209840887422477e+00	-1.398059819661899184e+00	5.626344152011824917e+00	-3.253435802984430580e+00	-5.603045854269385728e+00	-5.353888236029433756e+00
1.483293530440107144e+00	-1.369591840195127030e+00	5.767469661188897589e+00	-3.281506799506066052e+00	-5.630709073366641171e+00	-5.718871565626614029e+00
1.476521292966207266e+00	-1.340397417670954994e+00	5.917128820432822067e+00	-3.309720665956597863e+00	-5.660232124312797986e+00	-6.098410402299577981e+00
1.469896867948311092e+00	-1.310432806425323893e+00	6.075769320088852510e+00	-3.338086886368385908e+00	-5.691691371150118250e+00	-6.493976614720850193e+00
1.463424218950786226e+00	-1.279651883128062551e+00	6.243896891016447626e+00	-3.366615344403371513e+00	-5.725170908943667314e+00	-6.907197483668369387e+00
1.457107546705873835e+00	-1.248005860683607748e+00	6.422070078055753584e+00	-3.395316365451908069e+00	-5.760763328877354539e+00	-7.339840912664840289e+00
1.450951301865596621e+00	-1.215443013267159866e+00	6.610913020637894988e+00	-3.424200757358417668e+00	-5.798570452832876754e+00	-7.793852393098404718e+00
1.444960203180041036e+00	-1.181908278800741119e+00	6.811130707919801353e+00	-3.453279866038225343e+00	-5.838704425635528494e+00	-8.271399529754944524e+00
1.439139252860465179e+00	-1.147342927420924141e+00	7.023492003640399162e+00	-3.482565623365117435e+00	-5.881288606583101597e+00	-8.774820508322136448e+00
1.433493756594143242e+00	-1.111684127660685029e+00	7.248873362178869684e+00	-3.512070607921969678e+00	-5.926458761187286761e+00	-9.306753395973828447e+00
1.428029346432523106e+00	-1.074864449884274764e+00	7.488233653936504197e+00	-3.541808113607254338e+00	-5.974364435502271142e+00	-9.870060511212159327e+00
1.422752001913793585e+00	-1.036811409681831275e+00	7.742647584533642657e+00	-3.571792213056974141e+00	-6.025170211296824618e+00	-1.046792998259161322e+01
1.417668080530492647e+00	-9.974468037064994075e-01	8.013322239537842506e+00	-3.602037848010090748e+00	-6.079057601959751977e+00	-1.110392697362431136e+01
1.412784345760638827e+00	-9.566861040653772408e-01	8.301590406375737530e+00	-3.632560912074198178e+00	-6.136226751531210333e+00	-1.178197128423607865e+01
1.408108001049777069e+00	-9.144377371187911718e-01	8.608937595765439710e+00	-3.663378350612374490e+00	-6.196898511241244911e+00	-1.250642392080453646e+01
1.403646725602959222e+00	-8.706023137825765756e-01	8.937013611054453577e+00	-3.694508265709702588e+00	-6.261316654475403531e+00	-1.328212632856821074e+01
1.399408717980598515e+00	-8.250717211525830930e-01	9.287656355765761873e+00	-3.725970044595948494e+00	-6.329750605130489483e+00	-1.411448551451394451e+01
1.395402739701639083e+00	-7.777282082716897582e-01	9.662892105413334320e+00	-3.757784487230096282e+00	-6.402498138873392364e+00	-1.500947512074753831e+01
1.391638168038338286e+00	-7.284433624647623784e-01	1.006496171498423564e+01	-3.789973962815567088e+00	-6.479888602192136027e+00	-1.597374686683224354e+01
1.388125049964635593e+00	-6.770770305455868776e-01	1.049632112188857036e+01	-3.822562568653910642e+00	-6.562286247511602610e+00	-1.701463912334429551e+01
1.384874165276398505e+00	-6.234762546920215032e-01	1.095964689777110834e+01	-3.855576321027541997e+00	-6.650093920139523718e+00	-1.814026190318509180e+01
1.381897091828201640e+00	-5.674740941433313868e-01	1.145784071257975256e+01	-3.889043349914238501e+00	-6.743756961752614743e+00	-1.935950375924858236e+01
1.379206279029920434e+00	-5.088887490088503940e-01	1.199395441225752279e+01	-3.922994127455432523e+00	-6.843766961101176882e+00	-2.068199601457217796e+01
1.376815124422980707e+00	-4.475227619976653859e-01	1.257118001380553096e+01	-3.957461708572621806e+00	-6.950665490953984893e+00	-2.211807373999545234e+01
1.374738051589410537e+00	-3.831625394401596552e-01	1.319275228794998611e+01	-3.992481982302446220e+00	-7.065047369203147909e+00	-2.367866435183941576e+01
1.372990591582764042e+00	-3.155788427242912086e-01	1.386166786311775923e+01	-4.028093949553373854e+00	-7.187562388298626814e+00	-2.537478239731217400e+01
1.371589457391356515e+00	-2.445282442721123661e-01	1.458054155456737533e+01	-4.064339996412413392e+00	-7.318915184776701999e+00	-2.721723135646334413e+01
1.370552607825622493e+00	-1.697564290339177162e-01	1.535099994324222905e+01	-4.101266160420594886e+00	-7.459861470171797571e+00	-2.921540963069219288e+01
1.369899287185001979e+00	-9.100455138797229615e-02	1.617308449333759768e+01	-4.138922364314071345e+00	-7.611198007260977505e+00	-3.137603650050459692e+01
1.369650024103565400e+00	-8.019834252903385724e-03	1.704408694074891173e+01	-4.177362578460511067e+00	-7.773743496009847931e+00	-3.370065214957730859e+01
1.369826561017464694e+00	7.942703420913735379e-02	1.795696089529407757e+01	-4.216644853341672494e+00	-7.948304634778486033e+00	-3.618210086350200072e+01
1.370451672840015789e+00	1.715145032755403531e-01	1.889789684591089269e+01	-4.256831128666338948e+00	-8.135619838626215738e+00	-3.879907533491677896e+01
1.371548816412896832e+00	2.683283516995812468e-01	1.984286234099019453e+01	-4.297986688309481274e+00	-8.336270247826202962e+00	-4.150820014397868363e+01
1.373141520237103563e+00	3.697989825902979200e-01	2.075269078143557522e+01	-4.340179053766560990e+00	-8.550542544816250867e+00	-4.423262805212016247e+01
1.375252393826518871e+00	4.756102098570563208e-01	2.156652694215100041e+01	-4.383476035550700978e+00	-8.778225079613688919e+00	-4.684660137195533025e+01
1.377901591988732077e+00	5.850709014072579262e-01	2.219357811374703715e+01	-4.427942554505832184e+00	-9.018315800772443325e+00	-4.915570588900027360e+01
1.381104530081592952e+00	6.969427941954939865e-01	2.250407741042414500e+01	-4.473635744329821584e+00	-9.268624177368108619e+00	-5.087474456406835088e+01
1.384868626016194204e+00	8.092259295976000910e-01	2.232216248158215421e+01	-4.520597785502331156e+00	-9.525267246578275504e+00	-5.160934913551318459e+01
1.389188909857823395e+00	9.189237057215626781e-01	2.142601911846139728e+01	-4.568846055101261072e+00	-9.782107200532928815e+00	-5.085371170914459071e+01
1.394042513740252787e+00	1.021845991808168597e+00	1.956507201156688325e+01	-4.618360557448309756e+00	-1.003026303967980937e+01	-4.802748568959395925e+01
1.399382499248857714e+00	1.112563443829336141e+00	1.650523485834298754e+01	-4.669069623435537331e+00	-1.025795878185088306e+01	-4.257825961113121593e+01
1.405132162595333689e+00	1.184672974042133564e+00	1.210778634695179790e+01	-4.720836463721177267e+00	-1.045108477404136771e+01	-3.416376669620694884e+01
1.411181761448433880e+00	1.231517248763390082e+00	6.426716156483848863e+00	-4.773451068262251518e+00	-1.059481480623095884e+01	-2.287954270438967797e+01
1.417390005002975517e+00	1.247349053030317290e+00	-2.212899282715170557e-01	-4.826632928259908972e+00	-1.067626984589984396e+01	-9.424985411002126057e+00
1.423591930827319496e+00	1.228648309504901004e+00	-7.275539521172731838e+00	-4.880048434805345892e+00	-1.068755444517911357e+01	4.936778290855727391e+00
1.429612651747135921e+00	1.175058334876703414e+00	-1.406289457694538214e+01	-4.933341832010790462e+00	-1.062792026133631573e+01	1.868326897816223209e+01
1.435283791317611746e+00	1.089474933396252565e+00	-1.998885037097159056e+01	-4.986172366820119883e+00	-1.050396382778640714e+01	3.047646799672929774e+01
1.440458040475944612e+00	9.772413611533015132e-01	-2.468634796351204841e+01	-5.038247032585505103e+00	-1.032775025028137605e+01	3.950692724164127867e+01
1.445018252152753702e+00	8.448602700625635897e-01	-2.805524040088266702e+01	-5.089340624270966451e+00	-1.011382944732049260e+01	4.558129459876636247e+01
1.448880060776954082e+00	6.987726996458710760e-01	-3.020430343450362898e+01	-5.139300851734946995e+00	-9.876431835384908098e+00	4.898279288162848388e+01
1.451989355982722829e+00	5.445519129119895663e-01	-3.135456393379098472e+01	-5.188041713941458077e+00	-9.627647720584620927e+00	5.024381975344931561e+01
1.454316924754856188e+00	3.865653553875162407e-01	-3.175518202601105600e+01	-5.235530578933176749e+00	-9.376700858391624038e+00	4.995067053359070997e+01
1.455852325559465088e+00	2.279773822730069566e-01	-3.163225831087567030e+01	-5.281773761644455334e+00	-9.130006966111636757e+00	4.862691498512504040e+01
1.456598280869688677e+00	7.092876100771786096e-02	-3.116755838478544050e+01	-5.326803533278321900e+00	-8.891628867388464030e+00	4.668704646428432170e+01
1.456566139769341239e+00	-8.322989283768217339e-02	-3.049615095631973460e+01	-5.370667768954719534e+00	-8.663841836550664866e+00	4.443383196513423172e+01
1.455772491757834075e+00	-2.337184614223834778e-01	-2.971281008351886044e+01	-5.413422352230426782e+00	-8.447654448468554733e+00	4.207530407564445341e+01
1.454236782067454214e+00	-3.801482232713234710e-01	-2.888101081050561447e+01	-5.455125935778201374e+00	-8.243226533860234184e+00	3.974702980287383980e+01
1.451979709754162684e+00	-5.223871480079026464e-01	-2.804140741893706945e+01	-5.495836515604851868e+00	-8.050178764420898858e+00	3.753256235778735572e+01
1.449022199166535962e+00	-6.604638157745204019e-01	-2.721868893894804842e+01	-5.535609312994522746e+00	-7.867809860722228876e+00	3.547970572046460802e+01
1.445384773705756354e+00	-7.945012441292108596e-01	-2.642674420009126379e+01	-5.574495558288956154e+00	-7.695243368149711216e+00	3.361257774059640724e+01
1.441087201503255200e+00	-9.246727269811541028e-01	-2.567235462396843104e+01	-5.612541871301109708e+00	-7.531523392392582394e+00	3.194010723432847954e+01
1.436148321324025590e+00	-1.051173073939303926e+00	-2.495772691809622756e+01	-5.649790027686807825e+00	-7.375675175455223886e+00	3.046176038574139966e+01
1.430585984016217616e+00	-1.174200441982097720e+00	-2.428224572870453812e+01	-5.686276964665222700e+00	-7.226741936385446152e+00	2.917142737625908921e+01
1.424417065902823687e+00	-1.293945308878217793e+00	-2.364362084578385748e+01	-5.722034929383627677e+00	-7.083806066144645364e+00	2.805989802466729088e+01
1.417657524374957845e+00	-1.410584144032554832e+00	-2.303864915970245875e+01	-5.757091705591840913e+00	-6.946000332141923472e+00	2.711645348446199932e+01
1.410322477170102839e+00	-1.524276207699162056e+00	-2.246371182065058747e+01	-5.791470879940249006e+00	-6.812512668242858282e+00	2.632985933001327794e+01
1.402426291878406062e+00	-1.635162302283925451e+00	-2.191509045700013303e+01	-5.825192120885725799e+00	-6.682587193549516691e+00	2.568895562673833410e+01
1.393982678655794727e+00	-1.743364821513824436e+00	-2.138916369191088052e+01	-5.858271457239375479e+00	-6.555522892536381541e+00	2.518298796413318996e+01
1.385004780365669985e+00	-1.848988567877158484e+00	-2.088252937231993656e+01	-5.890721546300858869e+00	-6.430671096852299762e+00	2.480178171317993474e+01
1.375505257435973405e+00	-1.952122041828256771e+00	-2.039207460258819538e+01	-5.922551927891920975e+00	-6.307432379540146350e+00	2.453581080470485176e+01
1.365496365499152986e+00	-2.052838989905586331e+00	-1.991501528585718006e+01	-5.953769262267147866e+00	-6.185253281451990937e+00	2.437620814558658822e+01
1.354990025081792782e+00	-2.151200110773325846e+00	-1.944891019078045247e+01	-5.984377551773292225e+00	-6.063623052698069671e+00	2.431473197726381841e+01
1.343997882280977274e+00	-2.247254766708841167e+00	-1.899166822576262348e+01	-6.014378346489238858e+00	-5.942070673417733317e+00	2.434372391489205256e+01
1.332531361202601072e+00	-2.341042731590552428e+00	-1.854154225745219264e+01	-6.043770935940058209e+00	-5.820162062159079497e+00	2.445604970130261790e+01
1.320601707582153672e+00	-2.432595895219256565e+00	-1.809712162881737640e+01	-6.072552527274636347e+00	-5.697497587442284406e+00	2.464504553505639706e+01
1.308220024021529149e+00	-2.521939917318182900e+00	-1.765732137299391979e+01	-6.100718411793562446e+00	-5.573709854608338787e+00	2.490446526835512486e+01
1.295397297113349833e+00	-2.609095821909147350e+00	-1.722136902790657587e+01	-6.128262121077405311e+00	-5.448461743926466205e+00	2.522843222571282240e+01
1.282144416764645856e+00	-2.694081525591066839e+00	-1.678879116645521208e+01	-6.155175573842037728e+00	-5.321444670464576809e+00	2.561139795222243265e+01
1.268472188106691156e+00	-2.776913296586814628e+00	-1.635939909065041320e+01	-6.181449214755613930e+00	-5.192377022229166528e+00	2.604811203552071674e+01
1.254391336207780983e+00	-2.857607144020642309e+00	-1.593327553060680657e+01	-6.207072145567622989e+00	-5.061002754497939016e+00	2.653358221626740487e+01
1.239912503704566404e+00	-2.936180138000845208e+00	-1.551075901355397946e+01	-6.232032248726507184e+00	-4.927090126857302188e+00	2.706308829023419094e+01
1.225046243035591287e+00	-3.012651652010725822e+00	-1.509243096863815481e+01	-6.256316307609107952e+00	-4.790430399540595019e+00	2.763212625201458650e+01
1.209803001371958953e+00	-3.087044541060727454e+00	-1.467910014622339077e+01	-6.279910116877541526e+00	-4.650836704501733365e+00	2.823646072361998449e+01
1.194193100730428281e+00	-3.159386242690690239e+00	-1.427178924204963550e+01	-6.302798589669940554e+00	-4.508142816952443788e+00	2.887206355311809602e+01
1.178226712490941130e+00	-3.229709809454269998e+00	-1.387171995932658319e+01	-6.324965857238204592e+00	-4.362201927738063034e+00	2.953518939198329463e+01
1.161913826506158598e+00	-3.298054868643511384e+00	-1.348029928483947515e+01	-6.346395363222383956e+00	-4.212885386971183088e+00	3.022233234087389064e+01
1.145264216694420023e+00	-3.364468514450011050e+00	-1.309910556120462388e+01	-6.367069950441029746e+00	-4.060081272507395589e+00	3.093029077760093060e+01
1.128287400750132674e+00	-3.429006129553954008e+00	-1.272987572941656254e+01	-6.386971941668718955e+00	-3.903692972556439322e+00	3.165616448905916513e+01
1.110992597754320244e+00	-3.491732148190766605e+00	-1.237449178498377478e+01	-6.406083211013041456e+00	-3.743637484804464677e+00	3.239739321226306856e+01
1.093388680236642818e+00	-3.552720752731849618e+00	-1.203497240232104559e+01	-6.424385248847118035e+00	-3.579843708738710273e+00	3.315179783709277217e+01
1.075484124589534574e+00	-3.612056525654068206e+00	-1.171345779559487710e+01	-6.441859215301239949e+00	-3.412250435541150484e+00	3.391759411975999683e+01
1.057286957045418418e+00	-3.669835051758738587e+00	-1.141221009595278701e+01	-6.458485985185022926e+00	-3.240804240606427467e+00	3.469346420966280675e+01
1.038804697490989692e+00	-3.726163484298081752e+00	-1.113359676776008200e+01	-6.474246181057233152e+00	-3.065457117756499539e+00	3.547856563214759262e+01
1.020044300270412041e+00	-3.781161104608157242e+00	-1.088010033815703537e+01	-6.489120193146800553e+00	-2.886163898428879993e+00	3.627260923324979558e+01
1.001012092088300776e+00	-3.834959843873077201e+00	-1.065430670339583230e+01	-6.503088188325456542e+00	-2.702879459535337592e+00	3.707588321575781265e+01
9.817137075695638870e-01	-3.887704868639548117e+00	-1.045891870789068889e+01	-6.516130100216582122e+00	-2.515555615501803732e+00	3.788932415278827648e+01
9.621540215762757198e-01	-3.939555127387654121e+00	-1.029676257980077025e+01	-6.528225608827087356e+00	-2.324137811969839706e+00	3.871456792609683362e+01
9.423370787106570834e-01	-3.990684041518413050e+00	-1.017079382701194845e+01	-6.539354096237906866e+00	-2.128561424638470534e+00	3.955400683014227070e+01
9.222660193380948224e-01	-4.041280189540250589e+00	-1.008413899196602870e+01	-6.549494589705602721e+00	-1.928747820233624788e+00	4.041088015712250581e+01
9.019430016632697944e-01	-4.091548185969581475e+00	-1.004008622044648291e+01	-6.558625678543368309e+00	-1.724599975731350598e+00	4.128931462333025593e+01
8.813691190583119450e-01	-4.141709665403808138e+00	-1.004216688123278800e+01	-6.566725411543996138e+00	-1.515997728717977111e+00	4.219446091902045737e+01
8.605443127761004396e-01	-4.192004451883721394e+00	-1.009414154168507594e+01	-6.573771169421449123e+00	-1.302792589800255696e+00	4.313252876497654142e+01
8.394672766801052344e-01	-4.242692018192219194e+00	-1.020011610304300120e+01	-6.579739507232907236e+00	-1.084801955948107688e+00	4.411097233153236630e+01
8.181353549434694505e-01	-4.294053204129298251e+00	-1.036455132787477851e+01	-6.584605967962518847e+00	-8.618027705457539378e-01	4.513855689642315383e+01
7.965444312205505195e-01	-4.346392209871764223e+00	-1.059235161202695963e+01	-6.588344866276588441e+00	-6.335245718108279966e-01	4.622551754094996568e+01
7.746888050279731042e-01	-4.400039096882554901e+00	-1.088896959921294183e+01	-6.590929029594070343e+00	-3.996416427809701410e-01	4.738375037357744191e+01
7.525610560891025091e-01	-4.455352672364688793e+00	-1.126048516005857891e+01	-6.592329502015391363e+00	-1.597643812623190940e-01	4.862697662501590656e+01
7.301518920486889108e-01	-4.512723913165348044e+00	-1.171370776968160499e+01	-6.592515201127006286e+00	8.657034333517091285e-02	4.997092910727081971e+01
7.074499777123416377e-01	-4.572579966822244657e+00	-1.225632248390138557e+01	-6.591452523658645646e+00	3.399098820241026608e-01	5.143361463563206826e+01
6.844417431083708037e-01	-4.635388731943339558e+00	-1.289697469689281206e+01	-6.589104895750691249e+00	6.008975513943202174e-01	5.303546901855042961e+01
6.611111679202913427e-01	-4.701663998229701491e+00	-1.364540419386412395e+01	-6.585432263344212167e+00	8.702853318780574554e-01	5.479957266414174910e+01
6.374395373700044720e-01	-4.771971113330071290e+00	-1.451250947958260440e+01	-6.580390514120618484e+00	1.148947343996292059e+00	5.675172076059209303e+01
6.134051702223054514e-01	-4.846932861233651302e+00	-1.551036583655877621e+01	-6.573930833724995537e+00	1.437893369779802866e+00	5.892035973936640403e+01
5.889831172860705566e-01	-4.927235020401489862e+00	-1.665207563664489498e+01	-6.565998996152706546e+00	1.738281026271974783e+00	6.133610823672802326e+01
5.641448350411383261e-01	-5.013630809817784417e+00	-1.795140755361308038e+01	-6.556534600792319978e+00	2.051424682127507282e+00	6.403076830057239022e+01
5.388578432957618070e-01	-5.106942238514160515e+00	-1.942193326991537106e+01	-6.545470282599144873e+00	2.378796248711532613e+00	6.703510699775802095e+01
5.130853891832584113e-01	-5.208055696439725324e+00	-2.107544127402979939e+01	-6.532730950733935060e+00	2.722011418464986399e+00	7.037489585841103690e+01
4.867861577830029929e-01	-5.317906430190361355e+00	-2.291901602047028064e+01	-6.518233157519328635e+00	3.082788400026363007e+00	7.406372792001639027e+01
4.599141059641149165e-01	-5.437443361281215637e+00	-2.494986914861465266e+01	-6.501884785172697079e+00	3.462858577296233697e+00	7.809042393929576065e+01
4.324185472458356716e-01	-5.567560380676315646e+00	-2.714676775886391624e+01	-6.483585361883616116e+00	3.863795730622550995e+00	8.239825754476714792e+01
4.042447095872171436e-01	-5.708971451576785761e+00	-2.945575619703458869e+01	-6.463227545032142807e+00	4.286709346368463791e+00	8.685046994205640658e+01
3.753351255663456287e-01	-5.861995584047595464e+00	-3.176780773156815485e+01	-6.440700639490911428e+00	4.731720519373118883e+00	9.117641462109395434e+01
3.456324186002271981e-01	-6.026204408659552314e+00	-3.388591386362304547e+01	-6.415897509276325295e+00	5.197107046003227815e+00	9.489238257983924996e+01
3.150843072599301964e-01	-6.199878060887553666e+00	-3.548188963686425268e+01	-6.388726860015017550e+00	5.677987783570281444e+00	9.719788189784139831e+01
2.836518883730721474e-01	-6.379236685204713098e+00	-3.605301977083945530e+01	-6.359133438631682900e+00	6.164469106910126506e+00	9.687196851167755085e+01
2.513222233682435025e-01	-6.557512850937600390e+00	-3.491044127430996014e+01	-6.327128598158783923e+00	6.639413877031236311e+00	9.224690205605702431e+01
2.181253894724772546e-01	-6.724172674612910683e+00	-3.126491404387252260e+01	-6.292831574396573480e+00	7.076580576721600124e+00	8.141807010474622075e+01
1.841536874608597496e-01	-6.864982195899797190e+00	-2.449151176570057942e+01	-6.256515829396629869e+00	7.440821244943367496e+00	6.288747384348971536e+01
1.495763838629216858e-01	-6.963880826021798143e+00	-1.457090458236189079e+01	-6.218644363953043985e+00	7.692667819561471276e+00	3.663464413388783214e+01
1.146394131814213735e-01	-7.007078165794560221e+00	-2.468844100606474967e+00	-6.179868336857508027e+00	7.798311087420425558e+00	5.036348351684864610e+00
7.964144106144728508e-02	-6.988008118165790705e+00	9.970874730280229414e+00	-6.140968153221078474e+00	7.741651151281472742e+00	-2.739549478399612781e+01
4.488926841706198517e-02	-6.910106758026184792e+00	2.075650809716807998e+01	-6.102744311202796368e+00	7.531052725425900540e+00	-5.578876585347052242e+01
1.064978439558797799e-02	-6.785315879061154298e+00	2.859544275898315391e+01	-6.065899845133929880e+00	7.195710679105534524e+00	-7.697028738065819198e+01
-2.288169953534799350e-02	-6.629474804444123848e+00	3.321611226815002738e+01	-6.030962578766183135e+00	6.774447523006625005e+00	-9.025008064485609793e+01
-5.558879687334834091e-02	-6.457697891823939607e+00	3.509976132111887637e+01	-5.998266526009310873e+00	6.304463275590682869e+00	-9.677246206429163067e+01
-8.742294288496627042e-02	-6.281771707273279048e+00	3.501976554837483491e+01	-5.967978248858403667e+00	5.814979650990789395e+00	-9.839877588466106317e+01
-1.183847133269479435e-01	-6.109609672281670179e+00	3.371216772297066200e+01	-5.940141805065692004e+00	5.325877288908212215e+00	-9.690719069767965266e+01
-1.485056897261865239e-01	-5.945852313061560146e+00	3.174043675582424839e+01	-5.914722553005749006e+00	4.849119068729369708e+00	-9.366288988478709143e+01
-1.778343985394050530e-01	-5.792793730521316853e+00	2.948449132867835942e+01	-5.891641214807982863e+00	4.390974173361419375e+00	-8.958952128893906774e+01
-2.064267431321576696e-01	-5.651213782507764627e+00	2.717864595302944508e+01	-5.870797134146769736e+00	3.954022571815234421e+00	-8.525956477325394189e+01
-2.343400656424325379e-01	-5.520991900519975459e+00	2.495645865159212917e+01	-5.852082780535948103e+00	3.538637164925085177e+00	-8.100187124663307259e+01
-2.616297407471510073e-01	-5.401514511704627708e+00	2.288721519887258182e+01	-5.835392132113934593e+00	3.143970413117424201e+00	-7.698934294984110238e+01
-2.883473969634917644e-01	-5.291928199197157845e+00	2.100129180526801065e+01	-5.820625110145372538e+00	2.768569953557214802e+00	-7.329998584728696187e+01
-3.145401253927991303e-01	-5.191289271654295767e+00	1.930675242771485500e+01	-5.807689605880844930e+00	2.410744637166949644e+00	-6.995694096496390557e+01
-3.402502600333444094e-01	-5.098647672231594541e+00	1.779947825852286769e+01	-5.796502102774660159e+00	2.068771995039346834e+00	-6.695298999724434452e+01
-3.655154686127990993e-01	-5.013091267158069186e+00	1.646924366146004104e+01	-5.786987525467403692e+00	1.741009660932302916e+00	-6.426532431248062949e+01
-3.903690018565952879e-01	-4.933766636151521112e+00	1.530323724544905417e+01	-5.779078685143163696e+00	1.425949491971936434e+00	-6.186417109463241104e+01
-4.148400095633140716e-01	-4.859886608693287258e+00	1.428801670722668860e+01	-5.772715545621038835e+00	1.122239030391552816e+00	-5.971764906498958680e+01
-4.389538744299603112e-01	-4.790730478531224357e+00	1.341055524497960505e+01	-5.767844431956803852e+00	8.286846023984361098e-01	-5.779443229560212103e+01
-4.627325364420715181e-01	-4.725640491849947722e+00	1.265874635694217432e+01	-5.764417250641391099e+00	5.442447401139717256e-01	-5.606510302615399155e+01
-4.861947949606093555e-01	-4.664016641871855384e+00	1.202160327558021891e+01	-5.762390755788310948e+00	2.680188597436642395e-01	-5.450276089897282361e+01
-5.093565830704920305e-01	-4.605310949599067172e+00	1.148928775350123033e+01	-5.761725877649017669e+00	-7.659218438287596076e-04	-5.308321299842363317e+01
-5.322312134406975703e-01	-4.549021849489521152e+00	1.105304874272496818e+01	-5.762387118239323591e+00	-2.627682988949515130e-01	-5.178493806437130331e+01
-5.548295970968034618e-01	-4.494688997633476291e+00	1.070512048953060003e+01	-5.764342013529018871e+00	-5.185458090245963492e-01	-5.058894435867452444e+01
-5.771604376231997957e-01	-4.441888640660903498e+00	1.043860385251673506e+01	-5.767560658690086939e+00	-7.685670090592698900e-01	-4.947857827957432164e+01
-5.992304037053406418e-01	-4.390229589889822037e+00	1.024734593440280150e+01	-5.772015291777073287e+00	-1.013222642914630267e+00	-4.843931992041598278e+01
-6.210442830559429472e-01	-4.339349771915276044e+00	1.012582808293973358e+01	-5.777679930608051073e+00	-1.252835824995379710e+00	-4.745858935743513030e+01
-6.426051204271909789e-01	-4.288913323850084502e+00	1.006906295149792641e+01	-5.784530058268160246e+00	-1.487671267312124179e+00	-4.652556498590490719e+01
-6.639143423709500391e-01	-4.238608167212841948e+00	1.007250470851249702e+01	-5.792542352475037681e+00	-1.717943660031088671e+00	-4.563102330258618622e+01
-6.849718709216858770e-01	-4.188144001231697722e+00	1.013197135823338613e+01	-5.801694454938361112e+00	-1.943825294607333554e+00	-4.476719698171473283e+01
-7.057762281818125150e-01	-4.137250653291388858e+00	1.024357926097309246e+01	-5.811964777112728520e+00	-2.165453025118484476e+00	-4.392765119191290069e+01
-7.263246334281060479e-01	-4.085676728133146085e+00	1.040368895692859041e+01	-5.823332339262204727e+00	-2.382934650813348210e+00	-4.310717543106625271e+01
-7.466130940628161738e-01	-4.033188501809907400e+00	1.060886113278706944e+01	-5.835776640182128716e+00	-2.596354791139900975e+00	-4.230168786810577330e+01
-7.666364916200441026e-01	-3.979569008285585685e+00	1.085582419152547118e+01	-5.849277555043658872e+00	-2.805780319429918901e+00	-4.150815607626350356e+01
-7.863886636586336909e-01	-3.924617273263782735e+00	1.114144508263120770e+01	-5.863815259304211658e+00	-3.011265404908702870e+00	-4.072451256618296611e+01
-8.058624817997575018e-01	-3.868147659337856314e+00	1.146271800628892379e+01	-5.879370177355730753e+00	-3.212856187485888526e+00	-3.994960323199961749e+01
-8.250499270092378490e-01	-3.809989276350012055e+00	1.181674564036097763e+01	-5.895922953225148255e+00	-3.410595146853222293e+00	-3.918310587912742449e+01
-8.439421619475134806e-01	-3.749985427577309682e+00	1.220074420944206395e+01	-5.913454442607418038e+00	-3.604525172276344946e+00	-3.842549524645687598e+01
-8.625296003029503389e-01	-3.687993069571432692e+00	1.261203675872479835e+01	-5.931945724666683795e+00	-3.794693353764305943e+00	-3.767797257498773433e+01
-8.808019740488689520e-01	-3.623882236101468202e+00	1.304806539744595284e+01	-5.951378131661250848e+00	-3.981154544551481322e+00	-3.694243006344390778e+01
-8.987483967925882222e-01	-3.557535440886663736e+00	1.350639951608491174e+01	-5.971733296530521429e+00	-4.163974660762819191e+00	-3.622139930501953131e+01
-9.163574249820037876e-01	-3.488846992945542791e+00	1.398474925471828101e+01	-5.992993215646311711e+00	-4.343233797764258775e+00	-3.551801282133055793e+01
-9.336171146351088801e-01	-3.417722252923698356e+00	1.448098732712196579e+01	-6.015140327290657396e+00	-4.519029127981005090e+00	-3.483596746168859681e+01
-9.505150747189291538e-01	-3.344076779031448066e+00	1.499316330253736851e+01	-6.038157603771750814e+00	-4.691477644198165819e+00	-3.417949208696518326e+01
-9.670385157038660084e-01	-3.267835372477553513e+00	1.551953260813093038e+01	-6.062028656989572717e+00	-4.860718743837893818e+00	-3.355332023052096702e+01
-9.831742930702542793e-01	-3.188931006774724963e+00	1.605857527259468043e+01	-6.086737856808309921e+00	-5.026916708200840134e+00	-3.296267186318937092e+01
-9.989089453052543144e-01	-3.107303624445644896e+00	1.660902512175221091e+01	-6.112270461196467330e+00	-5.190263085606102500e+00	-3.241324015856662299e+01
-1.014228725272656284e+00	-3.022898812461344065e+00	1.716989759768489421e+01	-6.138612758898763566e+00	-5.350979051032194178e+00	-3.191118221023816659e+01
-1.029119625395568338e+00	-2.935666308605990871e+00	1.774051683910352040e+01	-6.165752221619141160e+00	-5.509317703811280609e+00	-3.146312784899282633e+01
-1.043567393526001030e+00	-2.845558423259274772e+00	1.832053982775641998e+01	-6.193677672529154243e+00	-5.665566541550064450e+00	-3.107620348361024298e+01
-1.057557542115492133e+00	-2.752528250141148991e+00	1.890999722371111602e+01	-6.222379461031185777e+00	-5.820049876566048219e+00	-3.075803392747639009e+01
-1.071075347113833676e+00	-2.656527769936229966e+00	1.950931183390343904e+01	-6.251849656448100312e+00	-5.973131570822675762e+00	-3.051681941091055705e+01
-1.084105837518242410e+00	-2.557505777239251099e+00	2.011933998589211114e+01	-6.282082250201980855e+00	-6.125217878224966661e+00	-3.036134112547188124e+01
-1.096633773879303941e+00	-2.455405669864215490e+00	2.074139094846782427e+01	-6.313073377195790314e+00	-6.276760655893913743e+00	-3.030107872400867564e+01
-1.108643615395519255e+00	-2.350163079982078074e+00	2.137726877041745865e+01	-6.344821551919208602e+00	-6.428260919757049940e+00	-3.034623808667265621e+01
-1.120119475090950667e+00	-2.241703365805290282e+00	2.202928331361772507e+01	-6.377327922669793203e+00	-6.580272766662758066e+00	-3.050787540512465057e+01
-1.131045061728009893e+00	-2.129938985922469108e+00	2.270029545114653047e+01	-6.410596550885334644e+00	-6.733407843207333876e+00	-3.079798125746401638e+01
-1.141403608641391898e+00	-2.014766752739109101e+00	2.339369401941746673e+01	-6.444634705949273901e+00	-6.888340201740042801e+00	-3.122954137354236082e+01
-1.151177789074148139e+00	-1.896065165671595221e+00	2.411343951722483325e+01	-6.479453195594873094e+00	-7.045811533385451852e+00	-3.181668245975242826e+01
-1.160349616286479035e+00	-1.773691548373858673e+00	2.486400026953731413e+01	-6.515066713538804066e+00	-7.206637071635236147e+00	-3.257464622005181809e+01
-1.168900334165132060e+00	-1.647479923574525440e+00	2.565025334335541629e+01	-6.551494223334223932e+00	-7.371710663442008205e+00	-3.351970586122115492e+01
-1.176810294177468519e+00	-1.517239003059605018e+00	2.647739095518750219e+01	-6.588759363313189787e+00	-7.542010094202029613e+00	-3.466908297068539468e+01
-1.184058826469926329e+00	-1.382751378903849027e+00	2.735061482256458021e+01	-6.626890875952073934e+00	-7.718600596268441194e+00	-3.604045108521313523e+01
-1.190624110886240539e+00	-1.243774490571505575e+00	2.827468523275808820e+01	-6.665923047909839916e+00	-7.902635307133254017e+00	-3.765111919263472373e+01
-1.196483059482571276e+00	-1.100044535068133822e+00	2.925317316448297333e+01	-6.705896139572478099e+00	-8.095350152230873064e+00	-3.951656737940220410e+01
-1.201611229650595858e+00	-9.512851851865266051e-01	3.028724881824666681e+01	-6.746856766913782444e+00	-8.298049025142654855e+00	-4.164794545716540597e+01
-1.205982798479100282e+00	-7.972239646253893586e-01	3.137377662532634304e+01	-6.788858172304085947e+00	-8.512072823933458210e+00	-4.404798981548992742e+01
-1.209570646556779039e+00	-6.376206181797201555e-01	3.250233489418326371e+01	-6.831960280764049820e+00	-8.738742366479616663e+00	-4.670444925456013152e+01
-1.212346627362867801e+00	-4.723140577117054262e-01	3.365067813069686053e+01	-6.876229373563815805e+00	-8.979259822668119284e+00	-4.957985038352308038e+01
-1.214282135319403766e+00	-3.012971572733165737e-01	3.477797542375944317e+01	-6.921737123591675811e+00	-9.234546690253138124e+00	-5.259595641479245387e+01
-1.215349144337040777e+00	-1.248324784097878254e-01	3.581508241556637984e+01	-6.968558597611080430e+00	-9.504986855095239662e+00	-5.561103068227293988e+01
-1.215521960188426176e+00	5.637494128100484225e-02	3.665140236345240510e+01	-7.016768655870345484e+00	-9.790035126719104142e+00	-5.838860942240080476e+01
-1.214780013676445281e+00	2.409312542682720271e-01	3.711886555861086379e+01	-7.066435971431500818e+00	-1.008764925731195383e+01	-6.055864855657091539e+01
-1.213112089450024245e+00	4.264262802401596053e-01	3.697645689353859666e+01	-7.117613709819998746e+00	-1.039352195679797752e+01	-6.157858966885487462e+01
-1.210522359309472273e+00	6.090460918994468065e-01	3.590402490132538560e+01	-7.170325937705085195e+00	-1.070015497501245427e+01	-6.071443406704929657e+01
-1.207038342227813033e+00	7.832117856257788668e-01	3.352284750836344074e+01	-7.224549363185087003e+00	-1.099596791735329404e+01	-5.708279381625652604e+01
-1.202720229842333843e+00	9.414363049326233135e-01	2.946668960019388805e+01	-7.280191571918479099e+00	-1.126488506134144529e+01	-4.981066963506509637e+01
-1.197669769177298393e+00	1.074700874760604830e+00	2.351899258559581085e+01	-7.337069832915275036e+00	-1.148710946039799730e+01	-3.835207166942109325e+01
-1.192035323989474982e+00	1.173641764687530342e+00	1.578909066780363446e+01	-7.394898275700068524e+00	-1.164178249902400175e+01	-2.290088451079282095e+01
-1.186008901412166860e+00	1.230531310632684727e+00	6.830702216970507834e+00	-7.453293312447319074e+00	-1.171151909947798231e+01	-4.674245535003137775e+00
-1.179812442622005131e+00	1.241438432651723822e+00	-2.423382595112229865e+00	-7.511803772942903024e+00	-1.168740220562222376e+01	1.423141439687242382e+01
-1.173675069877314403e+00	1.207507418924179232e+00	-1.093773323726509261e+01	-7.569962006528649923e+00	-1.157195749883857694e+01	3.147910361756748898e+01
-1.167807904202581293e+00	1.134595629242894699e+00	-1.791571854879782677e+01	-7.627340676061932001e+00	-1.137832525811548656e+01	4.528319060606554558e+01
-1.162384549645305798e+00	1.031492352839429083e+00	-2.299564153327230542e+01	-7.683596478503287308e+00	-1.112614772922895767e+01	5.486104501771478681e+01
-1.157532003731746917e+00	9.077138624200746797e-01	-2.622733353051961558e+01	-7.738489835111737492e+00	-1.083650047751791590e+01	6.037181591877106257e+01
-1.153331584204936533e+00	7.718131848945986029e-01	-2.791363336463837186e+01	-7.791881665094508413e+00	-1.052805165925703434e+01	6.254303364598308690e+01
-1.149826165125135136e+00	6.305520635360321036e-01	-2.844256971296556458e+01	-7.843715976009735691e+00	-1.021523804642331079e+01	6.228058829073961533e+01
-1.147029658369676852e+00	4.887805569990710808e-01	-2.817752502572795947e+01	-7.893997717696302985e+00	-9.908074063866392223e+00	6.041769378980461624e+01
-1.144936002013830834e+00	3.497024157314559401e-01	-2.740988469180729226e+01	-7.942772163852537481e+00	-9.612831133617627088e+00	5.761063483854104561e+01
-1.143526427755968244e+00	2.152649054511035498e-01	-2.635209789565747940e+01	-7.990108534415043096e+00	-9.332978070269707160e+00	5.432784463370080630e+01
-1.142774790809005792e+00	8.652888631658038621e-02	-2.514924796329860257e+01	-8.036088233673119419e+00	-9.070053164230948539e+00	5.088050189224577480e+01
-1.142651225639060408e+00	-3.603510354462484411e-02	-2.389543554882098420e+01	-8.080796999468939035e+00	-8.824349651697939834e+00	4.746280693675362272e+01
-1.143124525529348956e+00	-1.523309598463835068e-01	-2.264882941194404964e+01	-8.124319982715618949e+00	-8.595406837453644755e+00	4.418802697834507853e+01
-1.144163617303391778e+00	-2.624882862273444362e-01	-2.144338404633280959e+01	-8.166738867072508512e+00	-8.382341773473333646e+00	4.111606737562760827e+01
-1.145738426234089502e+00	-3.667639156423045943e-01	-2.029732226871595913e+01	-8.208130333674505508e+00	-8.184063633033881402e+00	3.827311118131819967e+01
-1.147820341906868435e+00	-4.654787463747621090e-01	-1.921890041263287685e+01	-8.248565382806742008e+00	-7.999406932571313078e+00	3.566474894224847958e+01
-1.150382431962691632e+00	-5.589783192627304498e-01	-1.821027893186874280e+01	-8.288109177453312881e+00	-7.827211146861339230e+00	3.328463297436292123e+01
-1.153399500591047344e+00	-6.476090483072934889e-01	-1.727000406689228384e+01	-8.326821191990459781e+00	-7.666365685283277109e+00	3.111989809253464045e+01
-1.156848055353017379e+00	-7.317045157439683312e-01	-1.639461883855369706e+01	-8.364755526848798084e+00	-7.515833147077043641e+00	2.915458785703640388e+01
-1.160706222710589763e+00	-8.115781448994410230e-01	-1.557965393567036472e+01	-8.401961303248606683e+00	-7.374659242464113973e+00	2.737168090535487863e+01
-1.164953637537865738e+00	-8.875198537949384736e-01	-1.482025774335346568e+01	-8.438483086117718912e+00	-7.241974740541101241e+00	2.575431979402719662e+01
-1.169571322598873309e+00	-9.597951123255464845e-01	-1.411154867964768300e+01	-8.474361303989045524e+00	-7.116992897549170749e+00	2.428643775318460030e+01
-1.174541567123456032e+00	-1.028645414585612761e+00	-1.344883994739063837e+01	-8.509632649476399635e+00	-6.999004477334086260e+00	2.295312009680719711e+01
-1.179847809905341549e+00	-1.094289555220139265e+00	-1.282774880351917091e+01	-8.544330451635424595e+00	-6.887371623494574102e+00	2.174072894598748462e+01
-1.185474529920674591e+00	-1.156925298873011876e+00	-1.224424798120583091e+01	-8.578485016616451020e+00	-6.781521402371375906e+00	2.063691775290999431e+01
-1.191407145795306155e+00	-1.216731203300334796e+00	-1.169467910929188292e+01	-8.612123936115455791e+00	-6.680939459847125228e+00	1.963057808728126474e+01
-1.197631924472576603e+00	-1.273868476076799316e+00	-1.117575242582233841e+01	-8.645272364603595605e+00	-6.585163997280753634e+00	1.871176482642749761e+01
-1.204135898785473779e+00	-1.328482734706268431e+00	-1.068451852336090724e+01	-8.677953268825396194e+00	-6.493780251218608690e+00	1.787158878199898027e+01
-1.210906793859537922e+00	-1.380705671458122064e+00	-1.021834811854989766e+01	-8.710187649634505647e+00	-6.406415471237666637e+00	1.710210950317605239e+01
-1.217932961364142974e+00	-1.430656580811858536e+00	-9.774903804922132622e+00	-8.741994740559755783e+00	-6.322734410983683162e+00	1.639623774387200683e+01
-1.225203321165168946e+00	-1.478443748044053763e+00	-9.352111009079862924e+00	-8.773392184720778531e+00	-6.242435310661176295e+00	1.574764118549774139e+01
-1.232707309387476080e+00	-1.524165699591685241e+00	-8.948133628021537334e+00	-8.804396193398821069e+00	-6.165246325968528396e+00	1.515066438304938856e+01
-1.240434832683223965e+00	-1.567912318677834094e+00	-8.561346306081645707e+00	-8.835021686948460129e+00	-6.090922383849663113e+00	1.460024217566115112e+01
-1.248376227311525311e+00	-1.609765851291941052e+00	-8.190318296249301966e+00	-8.865282422217292790e+00	-6.019242371957323812e+00	1.409185155142586154e+01
-1.256522222335770156e+00	-1.649801817193361719e+00	-7.833774530477512599e+00	-8.895191108620863929e+00	-5.950006604235426266e+00	1.362139796387418755e+01
-1.264863911743014935e+00	-1.688089718435257458e+00	-7.490593497994382233e+00	-8.924759499187601364e+00	-5.883034902416330425e+00	1.318520735506217534e+01
-1.273392721319215548e+00	-1.724693847808547176e+00	-7.159792830642345507e+00	-8.953998496737517243e+00	-5.818164335957563438e+00	1.277999055637837955e+01
-1.282100386922003121e+00	-1.759673849921079558e+00	-6.840503758488239328e+00	-8.982918227915613230e+00	-5.755247709889588670e+00	1.240277096823456304e+01
-1.290978931880816472e+00	-1.793085291780155188e+00	-6.531957882295728268e+00	-9.011528120102907380e+00	-5.694151981291290632e+00	1.205084441418512142e+01
-1.300020648150595814e+00	-1.824980146883787624e+00	-6.233481774913002482e+00	-9.039836968432981124e+00	-5.634756939654869790e+00	1.172176962940511658e+01
-1.309218079489186115e+00	-1.855407226090547868e+00	-5.944483507034760805e+00	-9.067852996552870692e+00	-5.576954012957848761e+00	1.141333198239772173e+01
-1.318564006408670108e+00	-1.884412563149610920e+00	-5.664441701075702440e+00	-9.095583912310999608e+00	-5.520645191995062540e+00	1.112351383101668034e+01
-1.328051433254939351e+00	-1.912039754746824638e+00	-5.392899953543746960e+00	-9.123036958249558737e+00	-5.465742072543716468e+00	1.085048223227022390e+01
-1.337673576807027365e+00	-1.938330258601164591e+00	-5.129458688305476244e+00	-9.150218957271022191e+00	-5.412165004001582069e+00	1.059256773784636607e+01
-1.347423856316167790e+00	-1.963323656959580665e+00	-4.873765028691423140e+00	-9.177136354298278675e+00	-5.359842323148403587e+00	1.034823828377739119e+01
-1.357295884828508159e+00	-1.987057887708411075e+00	-4.625513769404165032e+00	-9.203795254154929495e+00	-5.308709668703363249e+00	1.011610418742793627e+01
-1.367283460926018490e+00	-2.009569463712510551e+00	-4.384438038124358172e+00	-9.230201457927936559e+00	-5.258709315646716398e+00	9.894894717248462257e+00
-1.377380562612955606e+00	-2.030893640119820098e+00	-4.150300776100721123e+00	-9.256360493275600732e+00	-5.209789646735146107e+00	9.683435049636045733e+00
-1.387581341377597921e+00	-2.051064576135279705e+00	-3.922899898578862121e+00	-9.282277643836822634e+00	-5.161904627177833049e+00	9.480664673265891906e+00
-1.397880116945736217e+00	-2.070115476204409610e+00	-3.702054797962546218e+00	-9.307957976280208712e+00	-5.115013330977193462e+00	9.285598265941189311e+00
-1.408271372900902652e+00	-2.088078708874205880e+00	-3.487610893239661891e+00	-9.333406364546277700e+00	-5.069079521256407261e+00	9.097343118689423136e+00
-1.418749752706854661e+00	-2.104985914591567031e+00	-3.279431038015900413e+00	-9.358627512408837390e+00	-5.024071249215229074e+00	8.915075183167118666e+00
-1.429310056314506916e+00	-2.120868095580989099e+00	-3.077396366209541156e+00	-9.383625973832076639e+00	-4.979960499025494869e+00	8.738043086412744742e+00
-1.439947237194300067e+00	-2.135755695292585354e+00	-2.881401866968872127e+00	-9.408406171940820073e+00	-4.936722855846607416e+00	8.565556678394841583e+00
-1.450656399723164958e+00	-2.149678665875453198e+00	-2.691355425258507239e+00	-9.432972416247759284e+00	-4.894337200710803693e+00	8.396985839380704419e+00
-1.461432796863786354e+00	-2.162666524765787912e+00	-2.507175031167889756e+00	-9.457328918323105071e+00	-4.852785431379393444e+00	8.231753183172259014e+00
-1.472271828094760870e+00	-2.174748403622925874e+00	-2.328787862395984121e+00	-9.481479806288326984e+00	-4.812052200625636544e+00	8.069332419441252569e+00
-1.483169037630711617e+00	-2.185953087916446602e+00	-2.156128108613074801e+00	-9.505429137915054838e+00	-4.772124677530976911e+00	7.909242696404817252e+00
-1.494120112745300100e+00	-2.196309050592180068e+00	-1.989136069196092649e+00	-9.529180912684298121e+00	-4.732992322996278922e+00	7.751046534469878679e+00
-1.505120882350133416e+00	-2.205844477557072025e+00	-1.827756718294722305e+00	-9.552739082581465979e+00	-4.694646686502489175e+00	7.594346017917359859e+00
-1.516167315469677757e+00	-2.214587291864922314e+00	-1.671939564743524897e+00	-9.576107562322405897e+00	-4.657081205912636968e+00	7.438782454294141644e+00
-1.527255519943131246e+00	-2.222565170546800140e+00	-1.521635874499679630e+00	-9.599290238398204167e+00	-4.620291027580438303e+00	7.284028728624434734e+00
-1.538381741607539377e+00	-2.229805549453150348e+00	-1.376799008810849045e+00	-9.622290976467953172e+00	-4.584272859733565575e+00	7.129789918513324665e+00
-1.549542362689502406e+00	-2.236335640421093007e+00	-1.237385009041190642e+00	-9.645113629568411895e+00	-4.549024794686511441e+00	6.975804423986119218e+00
-1.560733900793437323e+00	-2.242182434517313805e+00	-1.103349029197033815e+00	-9.667762044507810515e+00	-4.514546170531858138e+00	6.821834032230981393e+00
-1.571953008079383762e+00	-2.247372699150717690e+00	-9.746473720833819243e-01	-9.690240067262253731e+00	-4.480837451853765252e+00	6.667668499124374648e+00
-1.583196469769734271e+00	-2.251932986244734369e+00	-8.512367719911253516e-01	-9.712551548959563519e+00	-4.447900085692863215e+00	6.513122881623530702e+00
-1.594461203236424485e+00	-2.255889627067764636e+00	-7.330719605049580423e-01	-9.734700350196641594e+00	-4.415736394629587558e+00	6.358031134694101638e+00
-1.605744257024883437e+00	-2.259268726532606575e+00	-6.201081674953456968e-01	-9.756690344884860977e+00	-4.384349475329757162e+00	6.202250501988146425e+00
-1.617042809431706196e+00	-2.262096164420619449e+00	-5.122996365507788141e-01	-9.778525424344531203e+00	-4.353743087599792005e+00	6.045657259026938846e+00
-1.628354167562352739e+00	-2.264397586299895515e+00	-4.095984193011190655e-01	-9.800209500102916138e+00	-4.323921570133308023e+00	5.888143318453785469e+00
-1.639675766160433534e+00	-2.266198397475581494e+00	-3.119564475748575205e-01	-9.821746506561931156e+00	-4.294889755999903080e+00	5.729618960440348019e+00
-1.651005166231001020e+00	-2.267523759642694259e+00	-2.193240798094393540e-01	-9.843140403495455715e+00	-4.266652888990764225e+00	5.570008970357321232e+00
-1.662340053961922193e+00	-2.268398580731055603e+00	-1.316496118081431632e-01	-9.864395177663990211e+00	-4.239216557313484124e+00	5.409250828135554912e+00
-1.673678239388803446e+00	-2.268847509328259626e+00	-4.888088561847325764e-02	-9.885514844452794492e+00	-4.212586626078950403e+00	5.247295911904984678e+00
-1.685017655007610138e+00	-2.268894929573795682e+00	2.903591364020030596e-02	-9.906503449226727653e+00	-4.186769174940383031e+00	5.084106617083762103e+00
-1.696356354567746028e+00	-2.268564951690001497e+00	1.021562709152021853e-01	-9.927365068063148001e+00	-4.161770447049192079e+00	4.919655290742866782e+00
-1.707692511608412733e+00	-2.267881407647281300e+00	1.705362270704426919e-01	-9.948103808566189699e+00	-4.137596797371643653e+00	4.753924437384739576e+00
-1.719024418026798839e+00	-2.266867845927925451e+00	2.342332901357622177e-01	-9.968723810353527170e+00	-4.114254647405638288e+00	4.586904664744452020e+00
-1.730350482740208307e+00	-2.265547523864984925e+00	2.933061159535554907e-01	-9.989229245120686329e+00	-4.091750447350579023e+00	4.418594019778083748e+00
-1.741669230144007319e+00	-2.263943405016177746e+00	3.478138082698478684e-01	-1.000962431684011733e+01	-4.070090638524513693e+00	4.248997659009546624e+00
-1.752979298645577666e+00	-2.262078154582258804e+00	3.978167851198577409e-01	-1.002991326160364949e+01	-4.049281622160195049e+00	4.078126225833557328e+00
-1.764279439232550706e+00	-2.259974133854194989e+00	4.433757657429850951e-01	-1.005010034719510337e+01	-4.029329733322764895e+00	3.905995761801932531e+00
-1.775568513836376816e+00	-2.257653401180200081e+00	4.845515501997397223e-01	-1.007018987297140988e+01	-4.010241214169472102e+00	3.732627046627385425e+00
-1.786845493794128048e+00	-2.255137710302132170e+00	5.214051387633844570e-01	-1.009018616938461044e+01	-3.992022193185489343e+00	3.558044726550861014e+00
-1.798109458415880546e+00	-2.252448505687799862e+00	5.539997171838422219e-01	-1.011009359711172806e+01	-3.974678670152163917e+00	3.382275247083271097e+00
-1.809359593549750622e+00	-2.249606918589042603e+00	5.823965285258054791e-01	-1.012991654610818770e+01	-3.958216504159512095e+00	3.205348964072300078e+00
-1.820595189798614122e+00	-2.246633775322002258e+00	6.066568902917879313e-01	-1.014965943551457350e+01	-3.942641396671235032e+00	3.027298127023414054e+00
-1.831815641052570776e+00	-2.243549596132058177e+00	6.268419758521304175e-01	-1.016932671271549182e+01	-3.927958884115640092e+00	2.848156422306146851e+00
-1.843020443017570731e+00	-2.240374592496267248e+00	6.430139982187483838e-01	-1.018892285211637194e+01	-3.914174334380126297e+00	2.667957628975955231e+00
-1.854209191671764234e+00	-2.237128670522145146e+00	6.552328995451262017e-01	-1.020845235440393495e+01	-3.901292941995725183e+00	2.486737282545163907e+00
-1.865381581701389235e+00	-2.233831437268807729e+00	6.635584230896256486e-01	-1.022791974601164000e+01	-3.889319723907453952e+00	2.304530822417063973e+00
-1.876537405021593941e+00	-2.230502203098243985e+00	6.680497955219379946e-01	-1.024732957815654188e+01	-3.878259520174327957e+00	2.121373369559250932e+00
-1.887676549332756970e+00	-2.227159981382040410e+00	6.687661122707595496e-01	-1.026668642545297594e+01	-3.868116998395973116e+00	1.937299084450614828e+00
-1.898798996640081560e+00	-2.223823496181682291e+00	6.657643943958646560e-01	-1.028599488544741547e+01	-3.858896654968370754e+00	1.752342042341979322e+00
-1.909904821819477627e+00	-2.220511188094521859e+00	6.591009427374956431e-01	-1.030525957790136893e+01	-3.850602819187121995e+00	1.566535057655983110e+00
-1.920994191213853508e+00	-2.217241218814206327e+00	6.488312625276648760e-01	-1.032448514388813265e+01	-3.843239659841042322e+00	1.379909300720100873e+00
-1.932067361202474354e+00	-2.214031474217775131e+00	6.350097776737584354e-01	-1.034367624462956492e+01	-3.836811195024946386e+00	1.192494303997364113e+00
-1.943124676908024817e+00	-2.210899573213696900e+00	6.176892198084260599e-01	-1.036283756119886235e+01	-3.831321297512543911e+00	1.004318332721595652e+00
-1.954166570878722142e+00	-2.207862873798211556e+00	5.969211661483768694e-01	-1.038197379381742103e+01	-3.826773703982347730e+00	8.154076551547859708e-01
-1.965193561773711073e+00	-2.204938478887177755e+00	5.727562617355488328e-01	-1.040108966108305033e+01	-3.823172025506489380e+00	6.257860674054427363e-01
-1.976206253030728277e+00	-2.202143241432952703e+00	5.452435896772840351e-01	-1.042018989903256454e+01	-3.820519759683590255e+00	4.354755301390014210e-01
-1.987205331758824078e+00	-2.199493773242644501e+00	5.144307811692669929e-01	-1.043927926110946736e+01	-3.818820298813065950e+00	2.444959528468189092e-01
-1.998191567530611445e+00	-2.197006451182420328e+00	4.803641769617570390e-01	-1.045836251757564028e+01	-3.818076941538374847e+00	5.286495318728157145e-02
-2.009165811164058901e+00	-2.194697423203257447e+00	4.430890933017508360e-01	-1.047744445489807141e+01	-3.818292905215997290e+00	-1.394026383925393020e-01
-2.020128993565364350e+00	-2.192582614537689434e+00	4.026492477021292871e-01	-1.049652987527686321e+01	-3.819471337893946217e+00	-3.322937423158691672e-01
-2.031082124750276829e+00	-2.190677735105022172e+00	3.590871559449624328e-01	-1.051562359665547142e+01	-3.821615327854153144e+00	-5.257976189504915965e-01
-2.042026292761057960e+00	-2.188998285348919826e+00	3.124441606805703486e-01	-1.053473045238642314e+01	-3.824727915257764455e+00	-7.199057622649434052e-01
-2.052962662523561743e+00	-2.187559561287429677e+00	2.627606955325063609e-01	-1.055385529075252116e+01	-3.828812104009525541e+00	-9.146120916643667442e-01
-2.063892474892557782e+00	-2.186376660226951874e+00	2.100758800918356428e-01	-1.057300297492928109e+01	-3.833870871733918939e+00	-1.109912173911425270e+00
-2.074817045749459687e+00	-2.185464486180987098e+00	1.544279628083131684e-01	-1.059217838305904635e+01	-3.839907178979276914e+00	-1.305803580650490403e+00
-2.085737765016235201e+00	-2.184837754039316682e+00	9.585450596000555379e-02	-1.061138640811807576e+01	-3.846923978578692171e+00	-1.502285650040448672e+00
-2.096656095478689252e+00	-2.184510991786263734e+00	3.439252562975525507e-02	-1.063063195742548039e+01	-3.854924224269960842e+00	-1.699359306362111965e+00
-2.107573572155473585e+00	-2.184498545342991704e+00	-2.992191846692549007e-02	-1.064991995323372187e+01	-3.863910877456764315e+00	-1.897026703700703365e+00
-2.118491801426832577e+00	-2.184814581010024792e+00	-9.705303165219447692e-02	-1.066925533285064276e+01	-3.873886913296485268e+00	-2.095291132391366773e+00
-2.129412460158902398e+00	-2.185473086935525444e+00	-1.669652858265635587e-01	-1.068864304876004567e+01	-3.884855325586993757e+00	-2.294156711614277810e+00
-2.140337294870464202e+00	-2.186487873809073612e+00	-2.396228458410405437e-01	-1.070808806883689712e+01	-3.896819130110277030e+00	-2.493627943160845462e+00
-2.151268119983398730e+00	-2.187872567619165043e+00	-3.149882011227873591e-01	-1.072759537483046088e+01	-3.909781363736377191e+00	-2.693708937101291667e+00
-2.162206817563514072e+00	-2.189640612353149329e+00	-3.930255694169773051e-01	-1.074716996369861199e+01	-3.923745086078211042e+00	-2.894404457133987307e+00
-2.173155336746147359e+00	-2.191805269116141375e+00	-4.736975991456802149e-01	-1.076681684835737940e+01	-3.938713378372351137e+00	-3.095718358955309668e+00
-2.184115692628659122e+00	-2.194379609981644830e+00	-5.569659470272654289e-01	-1.078654105743238922e+01	-3.954689338827472866e+00	-3.297653502291041150e+00
-2.195089965411594957e+00	-2.197376512333975462e+00	-6.427907618826793623e-01	-1.080634763550246724e+01	-3.971676076537603794e+00	-3.500211005048868174e+00
-2.206080298517709704e+00	-2.200808641464094162e+00	-7.311270199190857966e-01	-1.082624164164323410e+01	-3.989676689950648392e+00	-3.703385471853380295e+00
-2.217088897735539632e+00	-2.204688442035505958e+00	-8.219317767238862871e-01	-1.084622814971579352e+01	-4.008694256161707159e+00	-3.907174145433373269e+00
-2.228118031069327376e+00	-2.209028135147743654e+00	-9.151581001719932829e-01	-1.086631224986617461e+01	-4.028731826816105865e+00	-4.111569053850871569e+00
-2.239170027191397239e+00	-2.213839699687343288e+00	-1.010755991411997456e+00	-1.088649904769627597e+01	-4.049792403389412598e+00	-4.316558067303958524e+00
-2.250247274319227220e+00	-2.219134856315355009e+00	-1.108671994892119983e+00	-1.090679366417379192e+01	-4.071878915220328743e+00	-4.522124258911844663e+00
-2.261352218111955636e+00	-2.224925036967809522e+00	-1.208842612007856587e+00	-1.092720123391270803e+01	-4.094994173693868866e+00	-4.728235017250199235e+00
-2.272487359518715166e+00	-2.231221352100748678e+00	-1.311205417567407494e+00	-1.094772690339923038e+01	-4.119140822857415785e+00	-4.934860515429591032e+00
-2.283655255154378505e+00	-2.238034589547984510e+00	-1.415691555092053022e+00	-1.096837583351143053e+01	-4.144321342632428795e+00	-5.141961300229922927e+00
-2.294858514912039293e+00	-2.245375175281808744e+00	-1.522225467239650243e+00	-1.098915319740387631e+01	-4.170537989020011160e+00	-5.349487879087973852e+00
-2.306099800230907437e+00	-2.253253141046264840e+00	-1.630724830656845370e+00	-1.101006417952855010e+01	-4.197792745872747311e+00	-5.557380645830107824e+00
-2.317381821675127629e+00	-2.261678080141916070e+00	-1.741094240429447382e+00	-1.103111397353258205e+01	-4.226087255350414296e+00	-5.765558254799088900e+00
-2.328707335052301097e+00	-2.270659079923653234e+00	-1.853230813588425008e+00	-1.105230777774331408e+01	-4.255422705751309209e+00	-5.973928271416752978e+00
-2.340079140833695615e+00	-2.280204701532898781e+00	-1.967023342313495959e+00	-1.107365079620879555e+01	-4.285799808516848053e+00	-6.182385775922284665e+00
-2.351500080766996792e+00	-2.290322916315403301e+00	-2.082347695113412556e+00	-1.109514823507372583e+01	-4.317218695246459070e+00	-6.390804962055881333e+00
-2.362973034791450377e+00	-2.301021045152179312e+00	-2.199067830735884854e+00	-1.111680529942281304e+01	-4.349678820091511966e+00	-6.599040541289923567e+00
-2.374500917937221622e+00	-2.312305696246726772e+00	-2.317033670497039566e+00	-1.113862718994707812e+01	-4.383178857600327660e+00	-6.806924688253729983e+00
-2.386086676449599153e+00	-2.324182688445623590e+00	-2.436079721129999598e+00	-1.116061909880111891e+01	-4.417716581068312998e+00	-7.014264753227962501e+00
-2.397733283959668782e+00	-2.336656974279993637e+00	-2.556024412548822511e+00	-1.118278620522993094e+01	-4.453288736462691411e+00	-7.220841703380301624e+00
-2.409443736677334247e+00	-2.349732546678152012e+00	-2.676662598848679409e+00	-1.120513366960826573e+01	-4.489890885378096108e+00	-7.426394980310760729e+00
-2.421221046509002939e+00	-2.363412313473316484e+00	-2.797769918954827517e+00	-1.122766662394503889e+01	-4.527517182561658693e+00	-7.630632251974475366e+00
-2.433068237881438112e+00	-2.377698023869336819e+00	-2.919102860322482229e+00	-1.125039016883043885e+01	-4.566160266079631214e+00	-7.833230081927467836e+00
-2.444988341180383884e+00	-2.392590143592987495e+00	-3.040392018635202476e+00	-1.127330936457510191e+01	-4.605811041548647289e+00	-8.033820207840562944e+00
-2.456984385769064527e+00	-2.408087725098909004e+00	-3.161340183234642609e+00	-1.129642922151467488e+01	-4.646458456362821288e+00	-8.231984428155556088e+00
-2.469059391332494524e+00	-2.424188261793332799e+00	-3.281621681712749705e+00	-1.131975468697787690e+01	-4.688089235440020097e+00	-8.427255234326366917e+00
-2.481216361409247284e+00	-2.440887548315528566e+00	-3.400880864363443834e+00	-1.134329063717042807e+01	-4.730687649645377135e+00	-8.619113852768805373e+00
-2.493458274302817745e+00	-2.458179517702972827e+00	-3.518728269752955384e+00	-1.136704186377825643e+01	-4.774235225979704289e+00	-8.806981124383582937e+00
-2.505788073166729912e+00	-2.476056067192592192e+00	-3.634737870425851725e+00	-1.139101305904065065e+01	-4.818710432544897948e+00	-8.990208727521348919e+00
-2.518208653996375279e+00	-2.494506868030350155e+00	-3.748445142806303920e+00	-1.141520879642991737e+01	-4.864088312891847288e+00	-9.168078756370050542e+00
-2.530722855870089383e+00	-2.513519170802529068e+00	-3.859344852372487367e+00	-1.143963351698037378e+01	-4.910340156439684023e+00	-9.339801767549488432e+00
-2.543333448180762346e+00	-2.533077591169139442e+00	-3.966887427026449586e+00	-1.146429150916299022e+01	-4.957433099452646985e+00	-9.504505242223785899e+00
-2.556043116727490627e+00	-2.553163889476520065e+00	-4.070481824318449071e+00	-1.148918688664253551e+01	-5.005329709904065005e+00	-9.661235027483598969e+00
-2.568854447098163352e+00	-2.573756765691985304e+00	-4.169488602313549563e+00	-1.151432356034600701e+01	-5.053987573800332811e+00	-9.808945220067926130e+00
-2.581769910716302352e+00	-2.594831576107042626e+00	-4.263212744880320315e+00	-1.153970521713335629e+01	-5.103358786957883808e+00	-9.946487667690234957e+00
-2.594791847180241806e+00	-2.616360077679308116e+00	-4.350907244165000520e+00	-1.156533529053091591e+01	-5.153389457532015605e+00	-1.007261210230171855e+01
-2.607922445587094185e+00	-2.638310169478560674e+00	-4.431781205808420054e+00	-1.159121692940922088e+01	-5.204019197092464744e+00	-1.018597787192356918e+01
-2.621163724541787143e+00	-2.660645709725340424e+00	-4.504997063609835095e+00	-1.161735296260086692e+01	-5.255180720301832586e+00	-1.028514751586999409e+01
-2.634517510889039293e+00	-2.683326191268532224e+00	-4.569653660698122621e+00	-1.164374586341282303e+01	-5.306799213688483619e+00	-1.036855825554357580e+01
-2.647985417191330182e+00	-2.706306490823385591e+00	-4.624803598544303895e+00	-1.167039771039115159e+01	-5.358791812875866256e+00	-1.043455070028812770e+01
-2.661568819481070047e+00	-2.729536628735842907e+00	-4.669449381641243235e+00	-1.169731014935094571e+01	-5.411067114197759764e+00	-1.048136084385214417e+01
-2.675268830986559543e+00	-2.752961507411109565e+00	-4.702541762221926547e+00	-1.172448434629771619e+01	-5.463524600896263017e+00	-1.050711022314635557e+01
-2.689086276025502986e+00	-2.776520685554261902e+00	-4.723000970587236225e+00	-1.175192094098363604e+01	-5.516054144345002186e+00	-1.050984685616731440e+01
-2.703021663906424177e+00	-2.800148320421774972e+00	-4.729733737119886428e+00	-1.177961999860894160e+01	-5.568535798051836849e+00	-1.048757272059765455e+01
-2.717075160233357600e+00	-2.823772995234986816e+00	-4.721611957305640317e+00	-1.180758095758297621e+01	-5.620839373056476518e+00	-1.043820391122972069e+01
-2.731246559675672980e+00	-2.847317600812637739e+00	-4.697484867993580337e+00	-1.183580257994524843e+01	-5.672824121355071192e+00	-1.035959711074883671e+01
-2.745535257809188057e+00	-2.870699291847456536e+00	-4.656211026891242000e+00	-1.186428289912250733e+01	-5.724338542981319833e+00	-1.024959827490374664e+01
-2.759940221901574731e+00	-2.893829576520605684e+00	-4.596685437201358582e+00	-1.189301916436751760e+01	-5.775220424346126258e+00	-1.010609917169540495e+01
-2.774459963397037932e+00	-2.916614569079702513e+00	-4.517842264034015898e+00	-1.192200778796040517e+01	-5.825297194538263668e+00	-9.927039514238458651e+00
-2.789092509848962731e+00	-2.938955167034506211e+00	-4.418673662221863196e+00	-1.195124429141055344e+01	-5.874386127274058289e+00	-9.710443088200918282e+00
-2.803835382807285281e+00	-2.960747451218590065e+00	-4.298262854429594881e+00	-1.198072326181224945e+01	-5.922294983248844957e+00	-9.454483302315566107e+00
-2.818685573544360778e+00	-2.981883203095888835e+00	-4.155810909429419553e+00	-1.201043830329191486e+01	-5.968822855966361196e+00	-9.157528666761209024e+00
-2.833639522879704664e+00	-3.002250567579006546e+00	-3.990667647482041502e+00	-1.204038199617050786e+01	-6.013761315001556973e+00	-8.818212487651180709e+00
-2.848693105215094334e+00	-3.021734872276307549e+00	-3.802361311591994308e+00	-1.207054586369586602e+01	-6.056895862568118183e+00	-8.435482900556962704e+00
-2.863841615578684330e+00	-3.040219592037126883e+00	-3.590623685703576484e+00	-1.210092034303739794e+01	-6.098007658821030574e+00	-8.008658918331548193e+00
-2.879079765815623304e+00	-3.057587422552652257e+00	-3.355425151376948634e+00	-1.213149477392955156e+01	-6.136875496061002799e+00	-7.537500064967389335e+00
-2.894401681758886014e+00	-3.073721612751686205e+00	-3.097011487908048366e+00	-1.216225738833622394e+01	-6.173278268578478389e+00	-7.022279303814229934e+00
-2.909800909713486039e+00	-3.088507268558169372e+00	-2.815891963465219305e+00	-1.219319531854358374e+01	-6.206997418757292273e+00	-6.463766806488365546e+00
-2.925270429783755510e+00	-3.101832903847486556e+00	-2.512924098198254796e+00	-1.222429461739303314e+01	-6.237819879860729166e+00	-5.863396527395707380e+00
-2.940802676799275872e+00	-3.113592058074885927e+00	-2.189246724541362710e+00	-1.225554029289050995e+01	-6.265541165818634184e+00	-5.223139504490973195e+00
-2.956389568916772959e+00	-3.123684768609447993e+00	-1.846344300462078536e+00	-1.228691635806115912e+01	-6.289968195163084808e+00	-4.545635030247467512e+00
-2.972022544731893312e+00	-3.132019316650767049e+00	-1.486019202273382689e+00	-1.231840589675194941e+01	-6.310922677856470209e+00	-3.834139503530423099e+00
-2.987692608255285265e+00	-3.138513769309553947e+00	-1.110380973384053505e+00	-1.234999114494585015e+01	-6.328244116161729771e+00	-3.092508981164428405e+00
-3.003390381565134604e+00	-3.143097451371266615e+00	-7.218210899256973789e-01	-1.238165358701318119e+01	-6.341792685026335974e+00	-2.325152750885536079e+00
-3.019106164461053954e+00	-3.145712276510703287e+00	-3.229788457749691588e-01	-1.241337406569292234e+01	-6.351451851086028277e+00	-1.536968955266729608e+00
-3.034830000303380793e+00	-3.146313880746824498e+00	8.330224595897561812e-02	-1.244513290427472541e+01	-6.357130614714875172e+00	-7.332609630416300206e-01
-3.050551746942987474e+00	-3.144872517671863932e+00	4.940259730067282362e-01	-1.247691003888123262e+01	-6.358765292805228064e+00	8.036237559736036928e-02
-3.066261151448091304e+00	-3.141373679529915197e+00	9.061011611534013355e-01	-1.250868515834695316e+01	-6.356320768967814061e+00	8.980991995322256116e-01
-3.081947927162804746e+00	-3.135818418941297647e+00	1.316403400717035765e+00	-1.254043784883841894e+01	-6.349791159389791773e+00	1.714075344958928326e+00
-3.097601831274718442e+00	-3.128223357472839972e+00	1.721837556251330170e+00	-1.257214773965148069e+01	-6.339199865597288763e+00	2.522466720501142845e+00
-3.113212743418508399e+00	-3.118620388962547896e+00	2.119398549553579869e+00	-1.260379465121645559e+01	-6.324599030405487987e+00	3.317618305347423302e+00
-3.128770738255328254e+00	-3.107056070790252367e+00	2.506234216388747882e+00	-1.263535873149118771e+01	-6.306068380476054891e+00	4.094167576723521051e+00
-3.144266159760647383e+00	-3.093590739613097718e+00	2.879687070684667560e+00	-1.266682059587745535e+01	-6.283713532618453890e+00	4.847125156203219376e+00
-3.159689683798223125e+00	-3.078297407929283747e+00	3.237356985611995697e+00	-1.269816144438432381e+01	-6.257663873014248423e+00	5.571997801784618787e+00
-3.175032381351456934e+00	-3.061260427089046221e+00	3.577103054647977842e+00	-1.272936318030603964e+01	-6.228069984272771364e+00	6.264788967582262558e+00
-3.190285769602816401e+00	-3.042574030240563498e+00	3.897118779643960806e+00	-1.276040850533111026e+01	-6.195100845695759695e+00	6.922146915710527537e+00
-3.205441858299869828e+00	-3.022340779294463875e+00	4.195885747494912721e+00	-1.279128100574858884e+01	-6.158940855626834576e+00	7.541268691973982641e+00
-3.220493187325188078e+00	-3.000669897898512684e+00	4.472240310157758358e+00	-1.282196522169141240e+01	-6.119786639600434341e+00	8.120031403576831508e+00
-3.235432855523936890e+00	-2.977675735142692570e+00	4.725319405448090038e+00	-1.285244669980504106e+01	-6.077844131832737418e+00	8.656881006445473759e+00
-3.250254542790115053e+00	-2.953476077532593891e+00	4.954576645320230455e+00	-1.288271203297474976e+01	-6.033325365940486407e+00	9.150863038047191367e+00
-3.264952523206857027e+00	-2.928190757967401581e+00	5.159764522923069308e+00	-1.291274888331811965e+01	-5.986445865747999306e+00	9.601584453744635539e+00
-3.279521671764398683e+00	-2.901940158903102862e+00	5.340884650169982706e+00	-1.294254599292751351e+01	-5.937421834465754777e+00	1.000911500446363789e+01
-3.293957463868407487e+00	-2.874844006464858381e+00	5.498203358446517086e+00	-1.297209318133956302e+01	-5.886467926321740762e+00	1.037401507462800510e+01
-3.308255969411711295e+00	-2.847020208124742879e+00	5.632176054143201327e+00	-1.300138133290971787e+01	-5.833795106347027470e+00	1.069718832201624537e+01
-3.322413840490321402e+00	-2.818583878522358255e+00	5.743455389751261464e+00	-1.303040237246863065e+01	-5.779608887015546870e+00	1.097989506283329320e+01
-3.336428296509877711e+00	-2.789646520344696068e+00	5.832834119975814247e+00	-1.305914923662152383e+01	-5.724107861673730646e+00	1.122364259202140602e+01
-3.350297102765383173e+00	-2.760315332579676539e+00	5.901232350056488940e+00	-1.308761583289189190e+01	-5.667482495806732246e+00	1.143015973506180671e+01
-3.364018549320190399e+00	-2.730692683108073560e+00	5.949660085652112684e+00	-1.311579700021918882e+01	-5.609914222532484729e+00	1.160132445602994267e+01
-3.377591424194046343e+00	-2.700875700242563404e+00	5.979200204347989711e+00	-1.314368845891093152e+01	-5.551574776633830588e+00	1.173913404183940656e+01
-3.391014987524752833e+00	-2.670955991380641326e+00	5.990974795616921256e+00	-1.317128676315696190e+01	-5.492625757837553024e+00	1.184563807493714194e+01
-3.404288943033713100e+00	-2.641019462808444462e+00	5.986138706792644371e+00	-1.319858924878793971e+01	-5.433218387782872583e+00	1.192293167854450076e+01
-3.417413409131293545e+00	-2.611146250401434887e+00	5.965846966788831196e+00	-1.322559398091617133e+01	-5.373493470100418890e+00	1.197309097476909301e+01
-3.430388890691657533e+00	-2.581410698629821088e+00	5.931253322869679323e+00	-1.325229970319344197e+01	-5.313581431028543633e+00	1.199817522776493206e+01
-3.443216249330026457e+00	-2.551881456338756848e+00	5.883489547953786314e+00	-1.327870578473032737e+01	-5.253602579120548732e+00	1.200018739896950137e+01
-3.455896676206831941e+00	-2.522621568985844664e+00	5.823656235858607033e+00	-1.330481217201843336e+01	-5.193667341111273039e+00	1.198105946080750073e+01
-3.468431663591953207e+00	-2.493688675155081302e+00	5.752822131280026952e+00	-1.333061933894988726e+01	-5.133876692736103031e+00	1.194265321459988627e+01
-3.480822978896874531e+00	-2.465135189869835930e+00	5.672004416564277562e+00	-1.335612824163999868e+01	-5.074322549196853771e+00	1.188672431148779651e+01
-3.493072638876110858e+00	-2.437008540838746740e+00	5.582181067923784212e+00	-1.338134027383443048e+01	-5.015088249803530296e+00	1.181494817769680594e+01
-3.505182885297023709e+00	-2.409351421192753584e+00	5.484269314325047162e+00	-1.340625722529518171e+01	-4.956249062250913440e+00	1.172888074313050311e+01
-3.517156161787455382e+00	-2.382202049468387095e+00	5.379143082853261149e+00	-1.343088124245348958e+01	-4.897872694166018448e+00	1.162999278127244906e+01
-3.528995092847857507e+00	-2.355594404551707655e+00	5.267624037995574326e+00	-1.345521479312852442e+01	-4.840019746619225849e+00	1.151965573778807084e+01
-3.540702462734150568e+00	-2.329558521061362075e+00	5.150467559150229135e+00	-1.347926063129913743e+01	-4.782744276622591606e+00	1.139911445368534260e+01
-3.552281196100521399e+00	-2.304120757447860157e+00	5.028392864865963929e+00	-1.350302176507171836e+01	-4.726094301674785392e+00	1.126954801086185398e+01
-3.563734341007939843e+00	-2.279304029677175158e+00	4.902054638546587739e+00	-1.352650142901010533e+01	-4.670112231030631555e+00	1.113201440966258815e+01
-3.575065051695194285e+00	-2.255128092619754110e+00	4.772067631978870850e+00	-1.354970305614645198e+01	-4.614835387469883976e+00	1.098750005535521268e+01
-3.586276573991602934e+00	-2.231609753803870166e+00	4.638993567355782943e+00	-1.357263025468927609e+01	-4.560296390999055482e+00	1.083689476522886252e+01
-3.597372230642410518e+00	-2.208763126357267126e+00	4.503351994568674854e+00	-1.359528678460094397e+01	-4.506523617189373887e+00	1.068101313654460682e+01
-3.608355408780073326e+00	-2.186599834171027101e+00	4.365617989298698376e+00	-1.361767653805760681e+01	-4.453541561015085470e+00	1.052059072132624351e+01
-3.619229547789264867e+00	-2.165129230318054265e+00	4.226227090747215698e+00	-1.363980352069895474e+01	-4.401371223797212018e+00	1.035629362263034636e+01
-3.629998128559934312e+00	-2.144358585756715119e+00	4.085576184467527128e+00	-1.366167183514262895e+01	-4.350030442768046512e+00	1.018872054442408626e+01
-3.640664663499465270e+00	-2.124293280097674153e+00	3.944026786725316924e+00	-1.368328566589883089e+01	-4.299534222798495620e+00	1.001840904219852746e+01
-3.651232687545844513e+00	-2.104936967967917294e+00	3.801907186870721489e+00	-1.370464926601357902e+01	-4.249895022355141272e+00	9.845839778003210085e+00
-3.661705749917235408e+00	-2.086291743898785356e+00	3.659514581532221200e+00	-1.372576694501903027e+01	-4.201123034962895630e+00	9.671440518929102836e+00
-3.672087406714298563e+00	-2.068358288453577387e+00	3.517117183640266376e+00	-1.374664305825460531e+01	-4.153226436718440162e+00	9.495590236657790228e+00
-3.682381214200466157e+00	-2.051136010849421876e+00	3.374957075331622036e+00	-1.376728199742802516e+01	-4.106211625428369594e+00	9.318624085230112541e+00
-3.692590722751348586e+00	-2.034623166706958752e+00	3.233253542918873791e+00	-1.378768818210239289e+01	-4.060083418158618507e+00	9.140839154943705580e+00
-3.702719471413669972e+00	-2.018816974237335859e+00	3.092201066902362072e+00	-1.380786605230862030e+01	-4.014845243744579406e+00	8.962491791744014336e+00
-3.712770982856854918e+00	-2.003713748367712100e+00	2.951970912720753404e+00	-1.382782006215328430e+01	-3.970499361316169651e+00	8.783800570282664921e+00
-3.722748759335762436e+00	-1.989308972694572519e+00	2.812722053133597910e+00	-1.384755467446357891e+01	-3.927046978296007573e+00	8.604964012928576267e+00
-3.732656279039789471e+00	-1.975597384668014378e+00	2.674593366595104271e+00	-1.386707435634506069e+01	-3.884488387312512447e+00	8.426148181691132777e+00
-3.742496991501038206e+00	-1.962573093497739229e+00	2.537700729476000561e+00	-1.388638357332713014e+01	-3.842823161326262227e+00	8.247481014065215277e+00
-3.752274315465003340e+00	-1.950229635358686098e+00	2.402156092704217372e+00	-1.390548678739218147e+01	-3.802050236942745354e+00	8.069086551805639829e+00
-3.761991637070424943e+00	-1.938560025579913360e+00	2.268055842250532805e+00	-1.392438845552776705e+01	-3.762167992428940622e+00	7.891063851425315079e+00
-3.771652305653170778e+00	-1.927556851265533444e+00	2.135475287578628922e+00	-1.394309302418462870e+01	-3.723174404822048977e+00	7.713475004680276470e+00
-3.781259631847048830e+00	-1.917212326425989932e+00	2.004489790206093858e+00	-1.396160492764415650e+01	-3.685067135651090453e+00	7.536386831326126412e+00
-3.790816887767703314e+00	-1.907518315838187206e+00	1.875163209442348489e+00	-1.397992858996526166e+01	-3.647843556317041269e+00	7.359847484340434676e+00
-3.800327304021146269e+00	-1.898466402616296511e+00	1.747542603833835528e+00	-1.399806842138938556e+01	-3.611500861489660430e+00	7.183875991955574136e+00
-3.809794067268505557e+00	-1.890047946264900469e+00	1.621674513988295985e+00	-1.401602881568222081e+01	-3.576036165102918218e+00	7.008493569648635457e+00
-3.819220321601032087e+00	-1.882254085212973216e+00	1.497598618594565778e+00	-1.403381415393244325e+01	-3.541446490095605970e+00	6.833710989741348385e+00
-3.828609166636901318e+00	-1.875075785030897446e+00	1.375342809674862110e+00	-1.405142880274477513e+01	-3.507728847537553651e+00	6.659519266196184617e+00
-3.837963655249080563e+00	-1.868503892120936039e+00	1.254931558802923064e+00	-1.406887711181352785e+01	-3.474880325971313688e+00	6.485905012385728696e+00
-3.847286795063554088e+00	-1.862529128194940764e+00	1.136387208697669848e+00	-1.408616341777167591e+01	-3.442898071982416486e+00	6.312852632693648047e+00
-3.856581547517136332e+00	-1.857142121374036892e+00	1.019724077086038960e+00	-1.410329204394455971e+01	-3.411779339371971975e+00	6.140333441469010722e+00
-3.865850826069257007e+00	-1.852333450239425972e+00	9.049513238697954876e-01	-1.412026729873277375e+01	-3.381521561571044998e+00	5.968310724425464286e+00
-3.875097497382058886e+00	-1.848093639150479417e+00	7.920789896422775200e-01	-1.413709347880525868e+01	-3.352122337826994869e+00	5.796750364603894923e+00
-3.884324381122062686e+00	-1.844413174808946509e+00	6.811118333520198576e-01	-1.415377487003873647e+01	-3.323579457832467998e+00	5.625609825706305855e+00
-3.893534248734674019e+00	-1.841282538939239100e+00	5.720491646269465491e-01	-1.417031574682226669e+01	-3.295890954543959417e+00	5.454837858002520079e+00
-3.902729824177451512e+00	-1.838692207689139879e+00	4.648926410458216196e-01	-1.418672037445928780e+01	-3.269055099979946810e+00	5.284387847800417148e+00
-3.911913784239498870e+00	-1.836632656976920686e+00	3.596406591166214639e-01	-1.420299301090495270e+01	-3.243070411705687217e+00	5.114208089187286532e+00
-3.921088757814366055e+00	-1.835094384318596727e+00	2.562867600330491769e-01	-1.421913790686421386e+01	-3.217935687461745520e+00	4.944239128026310937e+00
-3.930257326224901426e+00	-1.834067912277513646e+00	1.548273602272729477e-01	-1.423515930752084024e+01	-3.193650009215419416e+00	4.774426633962093547e+00
-3.939422023859062705e+00	-1.833543785845601404e+00	5.525699821589569183e-02	-1.425106145474286024e+01	-3.170212737364470179e+00	4.604713392354824464e+00
-3.948585337832076103e+00	-1.833512585011652707e+00	-4.243323120363129419e-02	-1.426684858778645548e+01	-3.147623530316845830e+00	4.435036763238258573e+00
-3.957749707988639454e+00	-1.833964930793474890e+00	-1.382499028053416623e-01	-1.428252494451927923e+01	-3.125882353490467391e+00	4.265338050193122399e+00
-3.966917527702309432e+00	-1.834891477277185601e+00	-2.322001474674380006e-01	-1.429809476385284484e+01	-3.104989465716840868e+00	4.095557753977118409e+00
-3.976091143767734870e+00	-1.836282917484838073e+00	-3.242928961871029969e-01	-1.431356228679779363e+01	-3.084945428256862687e+00	3.925633581107376813e+00
-3.985272856246314443e+00	-1.838129988910788271e+00	-4.145357931796525008e-01	-1.432893175745279635e+01	-3.065751113310775100e+00	3.755505333263272405e+00
-3.994464919238067235e+00	-1.840423463485947986e+00	-5.029357327184698079e-01	-1.434420742537514037e+01	-3.047407687880626437e+00	3.585114023412188544e+00
-4.003669540903512569e+00	-1.843154148338183029e+00	-5.895001411922748957e-01	-1.435939354683081781e+01	-3.029916614917934403e+00	3.414399841546355674e+00
-4.012888883273354246e+00	-1.846312888549590303e+00	-6.742358095685858643e-01	-1.437449438573412230e+01	-3.013279657602134787e+00	3.243303961979336236e+00
-4.022125062845501198e+00	-1.849890557337064534e+00	-7.571478647886351609e-01	-1.438951421574439671e+01	-2.997498864120150763e+00	3.071770125825878495e+00
-4.031380150682156938e+00	-1.853878052572105251e+00	-8.382411135836491667e-01	-1.440445732162610604e+01	-2.982576562407250442e+00	2.899742543525462679e+00
-4.040656172210519870e+00	-1.858266296148633590e+00	-9.175197839438169467e-01	-1.441932800017738892e+01	-2.968515359266923781e+00	2.727166286628289527e+00
-4.049955107589927827e+00	-1.863046224869023382e+00	-9.949859839108512460e-01	-1.443413056198105338e+01	-2.955318126617354046e+00	2.553989623751249383e+00
-4.059278891823311142e+00	-1.868208783700720410e+00	-1.070640910955034997e+00	-1.444886933278237073e+01	-2.942987991410920046e+00	2.380162173179314777e+00
-4.068629414479646655e+00	-1.873744922522674328e+00	-1.144484994872186689e+00	-1.446354865430304315e+01	-2.931528330792286585e+00	2.205634695853404992e+00
-4.078008519912376784e+00	-1.879645586283918757e+00	-1.216516007839800295e+00	-1.447817288577011219e+01	-2.920942757485300856e+00	2.030361895925807403e+00
-4.087418007372235706e+00	-1.885901705387926341e+00	-1.286730283770339156e+00	-1.449274640529073288e+01	-2.911235105547641311e+00	1.854300603229376065e+00
-4.096859630877347058e+00	-1.892504187741059551e+00	-1.355122858229265148e+00	-1.450727361087514566e+01	-2.902409418601703983e+00	1.677409587900228871e+00
-4.106335098490592195e+00	-1.899443915498345570e+00	-1.421687540903349145e+00	-1.452175892060565587e+01	-2.894469944796770999e+00	1.499649456266752168e+00
-4.115846072720019677e+00	-1.906711730014548856e+00	-1.486414803498178117e+00	-1.453620677441935527e+01	-2.887421114777185771e+00	1.320985694025921475e+00
-4.125394170347780332e+00	-1.914298421393335170e+00	-1.549293472041426867e+00	-1.455062163506705275e+01	-2.881267526273519675e+00	1.141386228449164264e+00
-4.134980962046415520e+00	-1.922194718903562638e+00	-1.610310586852165216e+00	-1.456500798876334812e+01	-2.876013929875291808e+00	9.608216813981016458e-01
-4.144607971647670475e+00	-1.930391282696035438e+00	-1.669450928768696940e+00	-1.457937034532984555e+01	-2.871665216387546238e+00	7.792660155107569153e-01
-4.154276676267934398e+00	-1.938878688807794459e+00	-1.726696427064098316e+00	-1.459371323958056976e+01	-2.868226395154038766e+00	5.966973384372522560e-01
-4.163988505824437247e+00	-1.947647417503218570e+00	-1.782026698941535869e+00	-1.460804123182167302e+01	-2.865702576771551602e+00	4.130971954327833373e-01
-4.173744842406882150e+00	-1.956687841495566405e+00	-1.835419245038451663e+00	-1.462235890813487416e+01	-2.864098955395823154e+00	2.284504337540056440e-01
-4.183547019372702458e+00	-1.965990214767749489e+00	-1.886848664374156215e+00	-1.463667088024995344e+01	-2.863420791475125515e+00	4.274611495725366694e-02
-4.193396321248229697e+00	-1.975544656470062499e+00	-1.936286661284384536e+00	-1.465098178661262729e+01	-2.863673388810771492e+00	-1.440224551795381558e-01
-4.203293982922469141e+00	-1.985341137697530733e+00	-1.983702195462910822e+00	-1.466529629240321064e+01	-2.864862074637754663e+00	-3.318578552730286901e-01
-4.213241188708694018e+00	-1.995369468009952518e+00	-2.029061748295930556e+00	-1.467961908935744653e+01	-2.866992179027420207e+00	-5.207587069305645855e-01
-4.223239071331303052e+00	-2.005619281541093368e+00	-2.072328417165635983e+00	-1.469395489547624045e+01	-2.870069013610512254e+00	-7.107188011750622536e-01
-4.233288711430360785e+00	-2.016080020121423733e+00	-2.113462270652576080e+00	-1.470830845550789867e+01	-2.874097847319479815e+00	-9.017273590150125528e-01
-4.243391136465402447e+00	-2.026740918298543193e+00	-2.152420276166708391e+00	-1.472268454053482323e+01	-2.879083883543134714e+00	-1.093768906538343799e+00
-4.253547319415255323e+00	-2.037590988845122020e+00	-2.189156709459780359e+00	-1.473708794722372772e+01	-2.885032237386266907e+00	-1.286823571068680394e+00
-4.263758177640845304e+00	-2.048619006578878299e+00	-2.223621977907441760e+00	-1.475152349734473844e+01	-2.891947911146764305e+00	-1.480865990673692068e+00
-4.274024571930057803e+00	-2.059813490387859325e+00	-2.255763296168424858e+00	-1.476599603759017576e+01	-2.899835767917069873e+00	-1.675865844002373706e+00
-4.284347305104577508e+00	-2.071162686892229488e+00	-2.285524582843436292e+00	-1.478051043869737136e+01	-2.908700506324411350e+00	-1.871787724593332314e+00
-4.294727120360560590e+00	-2.082654555837773813e+00	-2.312846921546906742e+00	-1.479507159413616790e+01	-2.918546636981236730e+00	-2.068591583372608511e+00
-4.305164699938399231e+00	-2.094276751508592049e+00	-2.337667080505980266e+00	-1.480968441935226210e+01	-2.929378454499504958e+00	-2.266231118657515253e+00
-4.315660663691407883e+00	-2.106016604005779946e+00	-2.359918528754178624e+00	-1.482435385085422652e+01	-2.941200009132137083e+00	-2.464654803261282723e+00
-4.326215567364938508e+00	-2.117861102321271005e+00	-2.379531634386012229e+00	-1.483908484482772039e+01	-2.954015080187128550e+00	-2.663806170477982960e+00
-4.336829900562567452e+00	-2.129796882014860060e+00	-2.396433794240238058e+00	-1.485388237519060617e+01	-2.967827155331383082e+00	-2.863623949462407836e+00
-4.347504085235923910e+00	-2.141810201626310750e+00	-2.410547348481941299e+00	-1.486875143262752452e+01	-2.982639395309272690e+00	-3.064039362828225421e+00
-4.358238473800252422e+00	-2.153886924134047920e+00	-2.421791479950798021e+00	-1.488369702296572861e+01	-2.998454604972677018e+00	-3.264978529156223885e+00
-4.369033347110498511e+00	-2.166012499194973628e+00	-2.430081592574651950e+00	-1.489872416532059951e+01	-3.015275205158000293e+00	-3.466361635916200612e+00
-4.379888912272164703e+00	-2.178171948591093088e+00	-2.435332286028369708e+00	-1.491383788994587789e+01	-3.033103209106669418e+00	-3.668107118555781199e+00
-4.390805300032327274e+00	-2.190349862339229237e+00	-2.437453329888967346e+00	-1.492904323529823785e+01	-3.051940213833246318e+00	-3.870125949809107624e+00
-4.401782563141416915e+00	-2.202530360557765743e+00	-2.436349207102239234e+00	-1.494434524703299871e+01	-3.071787343001365578e+00	-4.072320971465615003e+00
-4.412820673825818218e+00	-2.214697081152987135e+00	-2.431921815618807159e+00	-1.495974897529720238e+01	-3.092645226159241645e+00	-4.274590687747377160e+00
-4.423919521320776482e+00	-2.226833162663365506e+00	-2.424069495109051786e+00	-1.497525947217507003e+01	-3.114513971018332494e+00	-4.476827884907606858e+00
-4.435078909364065680e+00	-2.238921237287844868e+00	-2.412692268024557052e+00	-1.499088178898917079e+01	-3.137393152564222021e+00	-4.678928209465993859e+00
-4.446298553602418657e+00	-2.250943423185454151e+00	-2.397682384726294913e+00	-1.500662097347134250e+01	-3.161281800880495485e+00	-4.880774641568450534e+00
-4.457578078872979077e+00	-2.262881291235826264e+00	-2.378929968801230643e+00	-1.502248206695485599e+01	-3.186178346990525601e+00	-5.082246736295246592e+00
-4.468917016437846890e+00	-2.274715857461506729e+00	-2.356322664851859372e+00	-1.503847010127553396e+01	-3.212080610700858152e+00	-5.283220086861092568e+00
-4.480314801423665116e+00	-2.286427574315067712e+00	-2.329747421664478679e+00	-1.505459009605550591e+01	-3.238985789591871445e+00	-5.483570357128201067e+00
-4.491770769972099231e+00	-2.297996318415676864e+00	-2.299086477301671039e+00	-1.507084705552964898e+01	-3.266890440000990825e+00	-5.683164437558843929e+00
-4.503284155982123949e+00	-2.309401372556674659e+00	-2.264220242366491220e+00	-1.508724596472631774e+01	-3.295790445199473506e+00	-5.881866706694154345e+00
-4.514854088208807070e+00	-2.320621416398086723e+00	-2.225027484400243338e+00	-1.510379178621059815e+01	-3.325681002285735932e+00	-6.079539248954233699e+00
-4.526479587636543123e+00	-2.331634533581375290e+00	-2.181390337728544182e+00	-1.512048945736212602e+01	-3.356556641008612729e+00	-6.276051755920889264e+00
-4.538159564253362532e+00	-2.342418199412772850e+00	-2.133183283067637603e+00	-1.513734388659512220e+01	-3.388411203854073683e+00	-6.471259617617761251e+00
-4.549892813602201436e+00	-2.352949263446719286e+00	-2.080281601896331267e+00	-1.515435994919393536e+01	-3.421237815843865437e+00	-6.665020671724278145e+00
-4.561678013726591097e+00	-2.363203949793083680e+00	-2.022560479810181278e+00	-1.517154248387406668e+01	-3.455028889654906177e+00	-6.857193933482903958e+00
-4.573513722937981640e+00	-2.373157869550326371e+00	-1.959898169214739028e+00	-1.518889629095492211e+01	-3.489776164150361737e+00	-7.047647535966234500e+00
-4.585398376098766882e+00	-2.382786011073332322e+00	-1.892168061522625067e+00	-1.520642612771735003e+01	-3.525470685701728168e+00	-7.236238376235633041e+00
-4.597330281064265556e+00	-2.392062734807346214e+00	-1.819245363741174515e+00	-1.522413670408800535e+01	-3.562102800470106523e+00	-7.422829004369077666e+00
-4.609307615723851725e+00	-2.400961779650591765e+00	-1.741007244015463584e+00	-1.524203267950732688e+01	-3.599662175910612660e+00	-7.607288496014916745e+00
-4.621328426113833210e+00	-2.409456285705541045e+00	-1.657334857796968208e+00	-1.526011866209934986e+01	-3.638137871118916955e+00	-7.789498208048144079e+00
-4.633390622312552942e+00	-2.417518787832057203e+00	-1.568106455096085483e+00	-1.527839920325205014e+01	-3.677518319514782696e+00	-7.969331127860868946e+00
-4.645491975126714301e+00	-2.425121222175386837e+00	-1.473203850741356291e+00	-1.529687879387589433e+01	-3.717791348724689637e+00	-8.146670786698223310e+00
-4.657630113340065492e+00	-2.432234941353590418e+00	-1.372512722785131700e+00	-1.531556186193703972e+01	-3.758944227348070655e+00	-8.321414296669217947e+00
-4.669802522389709054e+00	-2.438830742180458255e+00	-1.265923045646786704e+00	-1.533445277361215275e+01	-3.800963768413384347e+00	-8.493473530249048054e+00
-4.682006539926374167e+00	-2.444878869053511483e+00	-1.153325395943284093e+00	-1.535355582683058451e+01	-3.843836320796568007e+00	-8.662757931847863802e+00
-4.694239352993379022e+00	-2.450349032731208521e+00	-1.034615295826824877e+00	-1.537287524882455791e+01	-3.887547825387652534e+00	-8.829193098974883469e+00
-4.706497995707652926e+00	-2.455210433245179402e+00	-9.096933253292718291e-01	-1.539241519506638944e+01	-3.932083893916217043e+00	-8.992726929081982234e+00
-4.718779348459468004e+00	-2.459431788135473695e+00	-7.784650097780740907e-01	-1.541217975255366923e+01	-3.977429946848779707e+00	-9.153324406626097698e+00
-4.731080133455686898e+00	-2.462981351757767001e+00	-6.408402392169136874e-01	-1.543217293289039382e+01	-4.023571223268695540e+00	-9.310956685745850336e+00
-4.743396912609521010e+00	-2.465826943489353607e+00	-4.967349381734038616e-01	-1.545239867196154471e+01	-4.070492880027446247e+00	-9.465617602192423874e+00
-4.755726085723779306e+00	-2.467935975553805061e+00	-3.460697424957288604e-01	-1.547286083077128183e+01	-4.118180106623431591e+00	-9.617331237815960776e+00
-4.768063889922266263e+00	-2.469275476059034080e+00	-1.887715091381778620e-01	-1.549356320083253280e+01	-4.166618292113962951e+00	-9.766144619733040599e+00
-4.780406396314778483e+00	-2.469812127718387540e+00	-2.477437441257279716e-02	-1.551450949966952741e+01	-4.215793090919178532e+00	-9.912124005174518970e+00
-4.792749508634791766e+00	-2.469512298170937648e+00	1.459825085839838721e-01	-1.553570337349330366e+01	-4.265690568772065205e+00	-1.005536683960144728e+01
-4.805088961751022403e+00	-2.468342058018897056e+00	3.235554018654056563e-01	-1.555714840118748477e+01	-4.316297357329025530e+00	-1.019600140890588591e+01
-4.817420320218231744e+00	-2.466267223857078417e+00	5.079908918103228643e-01	-1.557884809576482787e+01	-4.367600800744239287e+00	-1.033418567805620114e+01
-4.829738976971105657e+00	-2.463253392996153757e+00	6.993305919356771483e-01	-1.560080590748367335e+01	-4.419589118095371028e+00	-1.047011334292437823e+01
-4.842040152687451027e+00	-2.459265952417697410e+00	8.976162510650738113e-01	-1.562302523239661234e+01	-4.472251618667363537e+00	-1.060402601793202848e+01
-4.854318894786307403e+00	-2.454270112922761093e+00	1.102876711567205348e+00	-1.564550941698428765e+01	-4.525578887492162750e+00	-1.073619318171949999e+01
-4.866570076410540402e+00	-2.448230950970774256e+00	1.315137141263221565e+00	-1.566826176206572718e+01	-4.579562969226109281e+00	-1.086693018402502275e+01
-4.878788395732556182e+00	-2.441113410201836587e+00	1.534427864667804897e+00	-1.569128553332801346e+01	-4.634197613075831335e+00	-1.099660621247903691e+01
-4.890968375219815201e+00	-2.432882302121380569e+00	1.760767192102321133e+00	-1.571458397223119974e+01	-4.689478524907413792e+00	-1.112563187490923156e+01
-4.903104361562825808e+00	-2.423502360069472950e+00	1.994170883348942880e+00	-1.573816030163943402e+01	-4.745403585169279737e+00	-1.125446958784186791e+01
-4.915190525015631806e+00	-2.412938228603971780e+00	2.234662479409280422e+00	-1.576201773920860916e+01	-4.801973134914078400e+00	-1.138364564379571675e+01
-4.927220858199703457e+00	-2.401154418016789638e+00	2.482263882648794606e+00	-1.578615951471050671e+01	-4.859190307184188207e+00	-1.151374362087517511e+01
-4.939189176771954237e+00	-2.388115357103715475e+00	2.736992190812316039e+00	-1.581058887857838080e+01	-4.917061276811295123e+00	-1.164540364899130509e+01
-4.951089118864715921e+00	-2.373785369475431395e+00	2.998874866195819777e+00	-1.583530911854822421e+01	-4.975595594281988276e+00	-1.177933952518469596e+01
-4.962914142823974473e+00	-2.358128586328169796e+00	3.267955214031871947e+00	-1.586032358243724971e+01	-5.034806596570353676e+00	-1.191634673395037680e+01
-4.974657527433718585e+00	-2.341108940924090387e+00	3.544273963493424162e+00	-1.588563569466826841e+01	-5.094711745359919775e+00	-1.205728575993589402e+01
-4.986312370930511939e+00	-2.322690118015776406e+00	3.827890817379511645e+00	-1.591124897739384103e+01	-5.155333026804627572e+00	-1.220310919103576452e+01
-4.997871588719995373e+00	-2.302835463469815824e+00	4.118878924112095774e+00	-1.593716707566288804e+01	-5.216697414633565622e+00	-1.235485612259026311e+01
-5.009327912940285010e+00	-2.281507927406297487e+00	4.417326998889848255e+00	-1.596339378081074223e+01	-5.278837288731705435e+00	-1.251365664123886745e+01
-5.020673888899896298e+00	-2.258669922109671102e+00	4.723363589989503453e+00	-1.598993306146464555e+01	-5.341790991880450257e+00	-1.268077016185088723e+01
-5.031901871743860610e+00	-2.234283177855795000e+00	5.037129612109765731e+00	-1.601678909556493124e+01	-5.405603396091771984e+00	-1.285754514050677244e+01
-5.043004024906326599e+00	-2.208308641199326683e+00	5.358804223561719482e+00	-1.604396629983164146e+01	-5.470326413177362568e+00	-1.304546182809326638e+01
-5.053972312664630095e+00	-2.180706225476913840e+00	5.688616695424343561e+00	-1.607146937234450590e+01	-5.536019766462094260e+00	-1.324615640908814385e+01
-5.064798496487657786e+00	-2.151434637021942375e+00	6.026825013408597442e+00	-1.609930332946442633e+01	-5.602751623210000531e+00	-1.346137996537072468e+01
-5.075474129119059263e+00	-2.120451142068406014e+00	6.373754955841832270e+00	-1.612747354865099325e+01	-5.670599348553285068e+00	-1.369307882744715243e+01
-5.085990542997246955e+00	-2.087711196366762501e+00	6.729793066529509815e+00	-1.615598582404324546e+01	-5.739650552127969263e+00	-1.394337898681078514e+01
-5.096338845120883754e+00	-2.053168215021059062e+00	7.095380475482784277e+00	-1.618484641037639804e+01	-5.810003819526889046e+00	-1.421457129130658359e+01
-5.106509904141360856e+00	-2.016773157853620990e+00	7.471064775355102938e+00	-1.621406208406857630e+01	-5.881769864781131396e+00	-1.450923395568679553e+01
-5.116494333970350361e+00	-1.978474029450603355e+00	7.857472706220846703e+00	-1.624364021272744196e+01	-5.955072884004006362e+00	-1.483016288744829581e+01
-5.126282481311238648e+00	-1.938215454785766401e+00	8.255339095847148201e+00	-1.627358881867552398e+01	-6.030051715067673790e+00	-1.518044518393162434e+01
-5.135864406602490995e+00	-1.895938095698670445e+00	8.665513042938073340e+00	-1.630391665830221015e+01	-6.106861396489563276e+00	-1.556346937614944181e+01
-5.145229864026974909e+00	-1.851578042379132150e+00	9.088988114467042578e+00	-1.633463330344681097e+01	-6.185674763004640475e+00	-1.598300567449678056e+01
-5.154368273034551251e+00	-1.805065995157226766e+00	9.526915893709315242e+00	-1.636574924345775273e+01	-6.266684615279408455e+00	-1.644323919157477576e+01
-5.163268693654775809e+00	-1.756326528579430946e+00	9.980616336894513552e+00	-1.639727598039076639e+01	-6.350105626957152083e+00	-1.694879505824474109e+01
-5.171919789664401357e+00	-1.705277060676789302e+00	1.045162285838148364e+01	-1.642922615419871590e+01	-6.436177077139887182e+00	-1.750486253421604488e+01
-5.180309794090475428e+00	-1.651826871375393191e+00	1.094167694459042650e+01	-1.646161366239315882e+01	-6.525165402300867612e+00	-1.811717416553665316e+01
-5.188426462617379720e+00	-1.595875815044854651e+00	1.145280683384373788e+01	-1.649445381172317227e+01	-6.617367651044099297e+00	-1.879223919572905288e+01
-5.196257023624679228e+00	-1.537312950201195294e+00	1.198731515864790254e+01	-1.652776347869734508e+01	-6.713115144497214359e+00	-1.953729594206015463e+01
-5.203788121010465062e+00	-1.476015003193543729e+00	1.254783571066263903e+01	-1.656156128960564544e+01	-6.812777623128103421e+00	-2.036048204144708507e+01
-5.211005749427532585e+00	-1.411844634936934684e+00	1.313738254181305365e+01	-1.659586782096160817e+01	-6.916767977934141776e+00	-2.127099288596446058e+01
-5.217895176388136491e+00	-1.344648401013494921e+00	1.375938119547765837e+01	-1.663070583641713540e+01	-7.025547979681107336e+00	-2.227917042556327942e+01
-5.224440858762149809e+00	-1.274254606752165841e+00	1.441772838482813768e+01	-1.666610053936847891e+01	-7.139634323221752510e+00	-2.339672124340813752e+01
-5.230626344131130701e+00	-1.200470839633188236e+00	1.511682054137679643e+01	-1.670207986868371819e+01	-7.259605786912296743e+00	-2.463679548059917579e+01
-5.236434161219388095e+00	-1.123081348639727750e+00	1.586161048496603598e+01	-1.673867482773031057e+01	-7.386111099402857150e+00	-2.601426720810923143e+01
-5.241845696989637204e+00	-1.041844189993416103e+00	1.665762156707955910e+01	-1.677591985222442617e+01	-7.519877691773801054e+00	-2.754578573175558631e+01
-5.246841056951045523e+00	-9.564884200640447753e-01	1.751095611487954784e+01	-1.681385323357966399e+01	-7.661721095924892033e+00	-2.924998778234294150e+01
-5.251398914578627952e+00	-8.667111344812864493e-01	1.842824046291121931e+01	-1.685251757482278379e+01	-7.812555008548419444e+00	-3.114746839437793824e+01
-5.255496344754053695e+00	-7.721754750159436353e-01	1.941644933614503543e+01	-1.689196031517656849e+01	-7.973400534169688747e+00	-3.326062872646161850e+01
-5.259108650831900711e+00	-6.725091766303719076e-01	2.048267754315486400e+01	-1.693223428201892133e+01	-8.145394729673187229e+00	-3.561331758714823081e+01
-5.262209188279953764e+00	-5.673053577326081509e-01	2.163356423603693202e+01	-1.697339828635978165e+01	-8.329795529703069690e+00	-3.822983449911862408e+01
-5.264769200602841259e+00	-4.561268689469941129e-01	2.287436473251179336e+01	-1.701551772652682359e+01	-8.527980020653792792e+00	-4.113312769109325018e+01
-5.266757690948939974e+00	-3.385167795869820639e-01	2.420737936344491459e+01	-1.705866515541844564e+01	-8.741430444676856482e+00	-4.434157751822749560e+01
-5.268141369900064319e+00	-2.140191785186386642e-01	2.562930948438592793e+01	-1.710292072860634249e+01	-8.971698605686210470e+00	-4.786336431467771035e+01
-5.268884745558562344e+00	-8.221671681853530422e-02	2.712706491866914860e+01	-1.714837239161391125e+01	-9.220334010670832470e+00	-5.168726592704570066e+01
-5.268950463497289682e+00	5.720493581122004789e-02	2.867102266938106681e+01	-1.719511557051854922e+01	-9.488752197912484476e+00	-5.576752235969706817e+01
-5.268300065908521290e+00	2.043506413432288060e-01	3.020471149824824408e+01	-1.724325198498742395e+01	-9.778007779888532980e+00	-6.000022209568487597e+01
-5.266895431813896522e+00	3.589457088620038316e-01	3.162942706556867734e+01	-1.729288698373220257e+01	-1.008842046734728726e+01	-6.418747157112557034e+01
-5.264701283288424349e+00	5.200744420472294127e-01	3.278299164202428528e+01	-1.734412450491257474e+01	-1.041898642532351538e+01	-6.798707805351659772e+01
-5.261689286666851650e+00	6.857987626086788913e-01	3.341353300530153092e+01	-1.739705840717382301e+01	-1.076650261340341608e+01	-7.084910477584071486e+01
-5.257844392215185181e+00	8.526453904958685159e-01	3.315512449252923943e+01	-1.745175861167964015e+01	-1.112436772397273188e+01	-7.195446714295394486e+01
-5.253173986406549645e+00	1.015009604954097755e+00	3.152355364232806778e+01	-1.750825060047701243e+01	-1.148115863020686511e+01	-7.019765100069616892e+01
-5.247719892782883200e+00	1.164657198642271352e+00	2.796751752046782258e+01	-1.756648800287640455e+01	-1.181939268129764464e+01	-6.429655749131870834e+01
-5.241571856822802467e+00	1.290711836361405185e+00	2.201879313003018979e+01	-1.762632122015313385e+01	-1.211537447933721445e+01	-5.313399252075760160e+01
-5.234878735997310351e+00	1.380678529590713133e+00	1.355076220175806156e+01	-1.768747069210355249e+01	-1.234142724852903150e+01	-3.635748762885486940e+01
-5.227851128526549651e+00	1.422854887961284343e+00	3.043990207441311213e+00	-1.774951934928509445e+01	-1.247136666774030722e+01	-1.500419381052597601e+01
-5.220749251641750632e+00	1.409642862690201781e+00	-8.362989491762959915e+00	-1.781193881596925976e+01	-1.248811836131101849e+01	8.369988766559799842e+00
-5.213855143081775445e+00	1.340190175511950743e+00	-1.919916246088587286e+01	-1.787415177648797737e+01	-1.238982348218907958e+01	3.044062141877111571e+01
-5.207437023961369427e+00	1.220691629527332900e+00	-2.821374902724630829e+01	-1.793561244540183708e+01	-1.219052293019890065e+01	4.839739970010487013e+01
-5.201718846947620989e+00	1.062143403085282323e+00	-3.477555587549716165e+01	-1.799587493879483091e+01	-1.191493894209838267e+01	6.086594340684405324e+01
-5.196864562486571693e+00	8.770197478572622218e-01	-3.889711444126436390e+01	-1.805462755471899072e+01	-1.159080249175344335e+01	6.795094264433555509e+01
-5.192977943142702557e+00	6.765915798886864563e-01	-4.099444066538410425e+01	-1.811169131612760808e+01	-1.124273729070561423e+01	7.066669402257957699e+01
-5.190112438731371292e+00	4.696200431546702081e-01	-4.161370181626904241e+01	-1.816699588559401590e+01	-1.088937376863626305e+01	7.029977835303088796e+01
-5.188284483533498914e+00	2.621962991516179065e-01	-4.125633765291654242e+01	-1.822054819521738267e+01	-1.054311496328357833e+01	6.800874944237875752e+01
-5.187485894526789210e+00	5.817616044990572832e-02	-4.031044819574147908e+01	-1.827240378474412097e+01	-1.021124424720969337e+01	6.467387099320148991e+01
-5.187693561873432557e+00	-1.402246336161918072e-01	-3.904689968829104885e+01	-1.832264480660236217e+01	-9.897361716684496713e+00	6.089624873338289035e+01
-5.188876259197144236e+00	-3.318945443785200067e-01	-3.764155186905315986e+01	-1.837136489714768572e+01	-9.602647847231553513e+00	5.705509246464043827e+01
-5.190999087918676480e+00	-5.164187431852571564e-01	-3.620191570680904647e+01	-1.841865957865146441e+01	-9.326807198767369300e+00	5.337280512838697177e+01
-5.194026205932926743e+00	-6.937964113962979962e-01	-3.478966885511681539e+01	-1.846462060098374636e+01	-9.068711185816228593e+00	4.996868078825627890e+01
-5.197922399672180838e+00	-8.642555752344032172e-01	-3.343717132286104743e+01	-1.850933288819276967e+01	-8.826810245985136305e+00	4.689759808835515287e+01
-5.202653913743469971e+00	-1.028136773194894493e+00	-3.215871632824740800e+01	-1.855287311861450306e+01	-8.599386060577781876e+00	4.417592170227817405e+01
-5.208188821852879791e+00	-1.185822555925230670e+00	-3.095786525168864500e+01	-1.859530928473062517e+01	-8.384699188887154264e+00	4.179806417217332637e+01
-5.214497124584342558e+00	-1.337696433171278620e+00	-2.983209031304511427e+01	-1.863670081328964301e+01	-8.181070914009769268e+00	3.974672297329107096e+01
-5.221550691853066972e+00	-1.484120270875844305e+00	-2.877566356022475702e+01	-1.867709898550597813e+01	-7.986924948716703554e+00	3.799906221637274939e+01
-5.229323122742761676e+00	-1.625423074122525957e+00	-2.778139861286615542e+01	-1.871654750157774316e+01	-7.800805205644738116e+00	3.653028410546539817e+01
-5.237789568357238856e+00	-1.761896541152262907e+00	-2.684169469704374933e+01	-1.875508309548907349e+01	-7.621380053919367015e+00	3.531564504210155064e+01
-5.246926543048609837e+00	-1.893794666696329232e+00	-2.594914436669466795e+01	-1.879273615107736006e+01	-7.447439037485112046e+00	3.433152633375812002e+01
-5.256711739928208615e+00	-2.021335624399004161e+00	-2.509686265336949873e+01	-1.882953129134987336e+01	-7.277885858565466215e+00	3.355591569933403662e+01
-5.267123859248409090e+00	-2.144704858195486619e+00	-2.427865667033142927e+01	-1.886548792789574591e+01	-7.111729831033221316e+00	3.296857081937787370e+01
-5.278142453892505692e+00	-2.264058754129564477e+00	-2.348909910540692181e+01	-1.890062076645613232e+01	-6.948077021670285625e+00	3.255100470201978169e+01
-5.289747793723964087e+00	-2.379528527943726157e+00	-2.272354123555510341e+01	-1.893494026913651851e+01	-6.786121717490837035e+00	3.228636934100632061e+01
-5.301920749581899628e+00	-2.491224081163673887e+00	-2.197809796345518407e+01	-1.896845307524263902e+01	-6.625138612938716420e+00	3.215930768536964024e+01
-5.314642696115603471e+00	-2.599237729729451551e+00	-2.124961126793027688e+01	-1.900116238531093416e+01	-6.464475784620477228e+00	3.215578483058425263e+01
-5.327895432805471287e+00	-2.703647737860877864e+00	-2.053560708887539477e+01	-1.903306831196056237e+01	-6.303548469117558284e+00	3.226293073526039734e+01
-5.341661122087972835e+00	-2.804521621206754300e+00	-1.983424908831716493e+01	-1.906416820162486303e+01	-6.141833605363444804e+00	3.246889835061847407e+01
-5.355922243402331695e+00	-2.901919212154283834e+00	-1.914429032783459661e+01	-1.909445693070247074e+01	-5.978865045296291925e+00	3.276273884598367658e+01
-5.370661561944536366e+00	-2.995895486784868833e+00	-1.846502596638083560e+01	-1.912392717922487151e+01	-5.814229332190974375e+00	3.313429843986932610e+01
-5.385862110984641404e+00	-3.086503158408396619e+00	-1.779624720969741247e+01	-1.915256968462663778e+01	-5.647561942374997201e+00	3.357413592983857598e+01
-5.401507186561405938e+00	-3.173795044435622881e+00	-1.713819667384427703e+01	-1.918037347768863299e+01	-5.478543890032408825e+00	3.407345961297869508e+01
-5.417580353459590548e+00	-3.257826213853888042e+00	-1.649152508392648997e+01	-1.920732610223198833e+01	-5.306898602149111355e+00	3.462408163859436172e+01
-5.434065461389329776e+00	-3.338655923318378793e+00	-1.585725061305538475e+01	-1.923341381968825914e+01	-5.132388977540790265e+00	3.521839120990307492e+01
-5.450946670316688447e+00	-3.416349353944605483e+00	-1.523671771096019256e+01	-1.925862179911551664e+01	-4.954814543416158124e+00	3.584933661558670792e+01
-5.468208484021572779e+00	-3.490979139057236225e+00	-1.463155932595645936e+01	-1.928293429354018684e+01	-4.774008686129901591e+00	3.651042623552029909e+01
-5.485835790741160345e+00	-3.562626725143729356e+00	-1.404366060335496513e+01	-1.930633480181152706e+01	-4.589835805524025147e+00	3.719573412979889326e+01
-5.503813910301688317e+00	-3.631383528909442493e+00	-1.347512228108325871e+01	-1.932880621672840249e+01	-4.402188498551128149e+00	3.789991804410283294e+01
-5.522128646338063440e+00	-3.697351947954465867e+00	-1.292823132492935656e+01	-1.935033095902446831e+01	-4.210984515171011466e+00	3.861824499119211396e+01
-5.540766343650602721e+00	-3.760646206928836666e+00	-1.240542826031582990e+01	-1.937089109407509468e+01	-4.016163726420329816e+00	3.934661754997318894e+01
-5.559713948708832731e+00	-3.821393057580785957e+00	-1.190928295321054975e+01	-1.939046843608648274e+01	-3.817684764982916423e+00	4.008161512100991786e+01
-5.578959074317308087e+00	-3.879732374769494285e+00	-1.144247044849112172e+01	-1.940904463136493874e+01	-3.615521649528000037e+00	4.082052451752315392e+01
-5.598490065780832303e+00	-3.935817617790833278e+00	-1.100775291155309787e+01	-1.942660122793122213e+01	-3.409660046730397021e+00	4.156139047287342692e+01
-5.618296070576830559e+00	-3.989816251091579780e+00	-1.060796610967076958e+01	-1.944311972269070665e+01	-3.200093466768457517e+00	4.230305060420755581e+01
-5.638367108337108746e+00	-4.041910062805904147e+00	-1.024601068626429878e+01	-1.945858159167947932e+01	-2.986819103961055433e+00	4.304519078133466792e+01
-5.658694144271675164e+00	-4.092295511047562506e+00	-9.924851051003543034e+00	-1.947296829676357177e+01	-2.769833544873902209e+00	4.378838561869042678e+01
-5.679269162097932089e+00	-4.141184018486605112e+00	-9.647519065914821113e+00	-1.948626127203331393e+01	-2.549128143942911429e+00	4.453415869892023693e+01
-5.700085241071388253e+00	-4.188802372003075369e+00	-9.417127675113533769e+00	-1.949844188493345243e+01	-2.324684180115560217e+00	4.528503111422037364e+01
-5.721136632335667827e+00	-4.235393138445971317e+00	-9.236890140646664804e+00	-1.950949137383495113e+01	-2.096467700412411705e+00	4.604459036593152632e+01
-5.742418840853459550e+00	-4.281215274230378398e+00	-9.110150996074480645e+00	-1.951939075759099751e+01	-1.864424022488014643e+00	4.681755238206892500e+01
-5.763928707226419590e+00	-4.326544835812152101e+00	-9.040424354357583070e+00	-1.952812071844127573e+01	-1.628471924213660493e+00	4.760984634384726633e+01
-5.785664497545613294e+00	-4.371675988792734557e+00	-9.031445205103409535e+00	-1.953566145265589427e+01	-1.388497317826043798e+00	4.842869914789264385e+01
-5.807625994625790433e+00	-4.416922218682169721e+00	-9.087230646069201612e+00	-1.954199249125684190e+01	-1.144346573238996800e+00	4.928274662938133588e+01
-5.829814600866905394e+00	-4.462617966436262407e+00	-9.212155282600178907e+00	-1.954709248218950535e+01	-8.958190857663522744e-01	5.018215288853912170e+01
-5.852233444816617336e+00	-4.509120578222860054e+00	-9.411036786988915992e+00	-1.955093893897160484e+01	-6.426594114947318248e-01	5.113875258545232327e+01
-5.874887504799941595e+00	-4.556812837180145515e+00	-9.689250394280861656e+00	-1.955350794130308856e+01	-3.845483165218426258e-01	5.216625274823294944e+01
-5.897783742024408582e+00	-4.606105972015922312e+00	-1.005282809620211992e+01	-1.955477379412420191e+01	-1.210931297769281684e-01	5.328037690437685114e+01
-5.920931250196717954e+00	-4.657443289860837332e+00	-1.050860241653890625e+01	-1.955470863559520822e+01	1.481829558683020465e-01	5.449912075832505565e+01
-5.944341428421191509e+00	-4.711304556846113378e+00	-1.106435602865485635e+01	-1.955328198505970860e+01	4.238529232745897879e-01	5.584301494540201816e+01
-5.968028175045010819e+00	-4.768211079378913198e+00	-1.172895570146556565e+01	-1.955046023109466802e+01	7.065991057767627703e-01	5.733533315205539793e+01
-5.992008109504862290e+00	-4.828731533854205615e+00	-1.251251734249490255e+01	-1.954620604864914668e+01	9.972276166178999368e-01	5.900237675182995645e+01
-6.016300825057397716e+00	-4.893488456969779854e+00	-1.342649522012743546e+01	-1.954047774292249429e+01	1.296683784759352198e+00	6.087357358630640647e+01
-6.040929175330550294e+00	-4.963165147621091400e+00	-1.448375355837788447e+01	-1.953322851370767310e+01	1.606067973475178601e+00	6.298152009067575818e+01
-6.065919595173254741e+00	-5.038512592590528527e+00	-1.569846183620757074e+01	-1.952440564155908831e+01	1.926650807374770569e+00	6.536160398233357682e+01
-6.091302453960900642e+00	-5.120355076675503270e+00	-1.708571099576647612e+01	-1.951394960686008062e+01	2.259884601426749295e+00	6.805094650761429875e+01
-6.117112430825769387e+00	-5.209593180753574693e+00	-1.866069917131790135e+01	-1.950179316597343515e+01	2.607407800650700214e+00	7.108630503094923370e+01
-6.143388891486762482e+00	-5.307200315424071668e+00	-2.043697603564578458e+01	-1.948786044070893908e+01	2.971033212444231797e+00	7.449971643688218137e+01
-6.170176220574893122e+00	-5.414207556120592457e+00	-2.242328357537689953e+01	-1.947206613286079957e+01	3.352707400832893203e+00	7.831076165867602867e+01
-6.197524028043565281e+00	-5.531666456726429537e+00	-2.461778742526712449e+01	-1.945431506406802313e+01	3.754416484427255618e+00	8.251256996707343205e+01
-6.225487086348072907e+00	-5.660574258661043245e+00	-2.699824790290085730e+01	-1.943450238855152890e+01	4.178000912597763516e+00	8.704807823119858767e+01
-6.254124742804474835e+00	-5.801734041548815668e+00	-2.950549724755774150e+01	-1.941251509587634061e+01	4.624813362483581436e+00	9.177022723594291165e+01
-6.283499391814123314e+00	-5.955509418415130263e+00	-3.201696885027286044e+01	-1.938823580413072989e+01	5.095122813806630901e+00	9.637829424617621044e+01
-6.313673337123760554e+00	-6.121415204013145761e+00	-3.430715652130675153e+01	-1.936155045470988156e+01	5.587124325140692349e+00	1.003228837079313962e+02
-6.344703059220592856e+00	-6.297476411589357781e+00	-3.599516255565185929e+01	-1.933236227487691039e+01	6.095392441145072837e+00	1.026800362059252620e+02
-6.376629595401301920e+00	-6.479315009863311658e+00	-3.649257147079288188e+01	-1.930061510984434747e+01	6.608681957901409554e+00	1.020265081812049175e+02
-6.409463815655140451e+00	-6.659052607279216218e+00	-3.499332071977869418e+01	-1.926632903386575890e+01	7.107291174027061231e+00	9.641699020647456564e+01
-6.443166504399997940e+00	-6.824437902040319415e+00	-3.059304486700330017e+01	-1.922964841479111442e+01	7.560978205756781811e+00	8.367481465528317131e+01
-6.477626441827085912e+00	-6.959112295603149256e+00	-2.263889431708275879e+01	-1.919089465642974091e+01	7.929641215371486140e+00	6.224041375084516403e+01
-6.512645189780701394e+00	-7.045202359439943329e+00	-1.128053093379958227e+01	-1.915060250596666336e+01	8.169638434701210983e+00	3.250622203980174163e+01
-6.547941653995409617e+00	-7.068516596232337967e+00	2.134321184100826940e+00	-1.910950825804234654e+01	8.246414456927855241e+00	-2.226403442450646253e+00
-6.583185196823661656e+00	-7.024191191751492980e+00	1.535132559081193904e+01	-1.906846863424236105e+01	8.148202555227230803e+00	-3.645667412217562742e+01
-6.618049943537884339e+00	-6.918919956682472616e+00	2.620506692586877762e+01	-1.902832824567098413e+01	7.891429975801171892e+00	-6.490120190954075952e+01
-6.652267019069352472e+00	-6.767959988008914074e+00	3.354129962425031408e+01	-1.898979211727832350e+01	7.513442199534424937e+00	-8.473258467207915601e+01
-6.685653091703890993e+00	-6.589298027984176187e+00	3.737803037821640828e+01	-1.895335576397670252e+01	7.058332882200243574e+00	-9.597153482665726187e+01
-6.718110868971161054e+00	-6.398783043693690331e+00	3.844702648059046624e+01	-1.891930341677785421e+01	6.565110559026559933e+00	-1.003760686065243135e+02
-6.749611875308459297e+00	-6.207961682822862315e+00	3.765851693828972202e+01	-1.888774937505968410e+01	6.062416189027752367e+00	-1.001437591353083008e+02
-6.780174307916177590e+00	-6.024079221768279702e+00	3.579057833516571918e+01	-1.885869146182638900e+01	5.568492636380575789e+00	-9.715787978747948728e+01
-6.809843765331634380e+00	-5.851044155207078212e+00	3.339757549890191513e+01	-1.883205766519282420e+01	5.093496225731038329e+00	-9.276396994759670633e+01
-6.838679350139412527e+00	-5.690520881188997571e+00	3.083193016781888218e+01	-1.880773986616291538e+01	4.642126840949062583e+00	-8.782095845010826451e+01
-6.866744757603598259e+00	-5.542805776816479124e+00	2.829881124270968940e+01	-1.878561555337455857e+01	4.215740769012106703e+00	-8.283230126314902009e+01
-6.894103053555846294e+00	-5.407430181764619981e+00	2.590727517561663262e+01	-1.876556063253483941e+01	3.813807801629675254e+00	-7.806889453759163189e+01
-6.920813879040031757e+00	-5.283540287544182590e+00	2.370788245013136475e+01	-1.874745636450271746e+01	3.434831849584804253e+00	-7.365958098633404916e+01
-6.946932138632325504e+00	-5.170122762104629288e+00	2.171742970147806773e+01	-1.873119270105121714e+01	3.076900201589898742e+00	-6.965072503958708694e+01
-6.972507552888861149e+00	-5.066131548134312546e+00	1.993430946308535567e+01	-1.871666951052463190e+01	2.737994553485470828e+00	-6.604327637390383643e+01
-6.997584681181649557e+00	-4.970555020294298743e+00	1.834757749211394184e+01	-1.870379664347517590e+01	2.416157943357897686e+00	-6.281471445318288715e+01
-7.022203185154539895e+00	-4.882448198826325303e+00	1.694220069925222560e+01	-1.869249339423751266e+01	2.109576945036830686e+00	-5.993181147137147491e+01
-7.046398198897731113e+00	-4.800945170025866737e+00	1.570194537874522211e+01	-1.868268768403915558e+01	1.816615555653024128e+00	-5.735771762684851183e+01
-7.070200731436725228e+00	-4.725260784364189171e+00	1.461091683111681050e+01	-1.867431514802047943e+01	1.535822616603003565e+00	-5.505579608116795498e+01
-7.093638062310896331e+00	-4.654686835633421893e+00	1.365430606222435017e+01	-1.866731822382008943e+01	1.265925322293142585e+00	-5.299154210581980351e+01
-7.116734110977576577e+00	-4.588585708307441280e+00	1.281870024582121914e+01	-1.866164529111609482e+01	1.005816047845998096e+00	-5.113344323452378148e+01
-7.139509771683983708e+00	-4.526383178588957001e+00	1.209214224898914836e+01	-1.865724988507976079e+01	7.545365987531609253e-01	-4.945322629807759540e+01
-7.161983212255147002e+00	-4.467561244631491846e+00	1.146407176756019908e+01	-1.865408999005578039e+01	5.112620349192651403e-01	-4.792581033398494128e+01
-7.184170138097979219e+00	-4.411651435900998841e+00	1.092520313299655754e+01	-1.865212741270222452e+01	2.752851967013169587e-01	-4.652909862323781454e+01
-7.206084024415127409e+00	-4.358228797403185695e+00	1.046738158008247410e+01	-1.865132722954130173e+01	4.600244541326037329e-02	-4.524371071288713608e+01
-7.227736320169409368e+00	-4.306906605840823410e+00	1.008343610212750718e+01	-1.865165730235031916e+01	-1.770992050558166664e-01	-4.405269862308375650e+01
-7.249136627458623749e+00	-4.257331800372179842e+00	9.767042884227521427e+00	-1.865308785433667538e+01	-3.944535702997148396e-01	-4.294128136085848269e+01
-7.270292859722373713e+00	-4.209181073957674712e+00	9.512597515215475141e+00	-1.865559110043569291e+01	-6.064254852197960011e-01	-4.189659331849622959e+01
-7.291211381929102231e+00	-4.162157561547739526e+00	9.315104046489523171e+00	-1.865914092557385828e+01	-8.133198204879094062e-01	-4.090746660553020320e+01
-7.311897135556583827e+00	-4.115988049260220549e+00	9.170077413540639100e+00	-1.866371260533400189e+01	-1.015389474002503345e+00	-3.996423845002664166e+01
-7.332353750772723444e+00	-4.070420636319119545e+00	9.073459659638729136e+00	-1.866928256429615374e+01	-1.212842467136112212e+00	-3.905858515365889616e+01
-7.352583647932623201e+00	-4.025222784384435037e+00	9.021548460591020557e+00	-1.867582816785458277e+01	-1.405848268946190194e+00	-3.818337861762995544e+01
-7.372588130160701247e+00	-3.980179695856180366e+00	9.010936612115074240e+00	-1.868332754395138906e+01	-1.594543454047943953e+00	-3.733256234082261926e+01
-7.392367468500876448e+00	-3.935092969388120032e+00	9.038462221279132791e+00	-1.869175943168485077e+01	-1.779036783905371122e+00	-3.650104617981264710e+01
-7.411920981203024006e+00	-3.889779478923720557e+00	9.101166024629264939e+00	-1.870110305357838243e+01	-1.959413805851166313e+00	-3.568461116739183581e+01
-7.431247107348958103e+00	-3.844070454265386516e+00	9.196258990101341624e+00	-1.871133801068637936e+01	-2.135740986822014964e+00	-3.487983214267023868e+01
-7.450343476870623149e+00	-3.797810700387939331e+00	9.321091611623160134e+00	-1.872244419635337565e+01	-2.308069500234400273e+00	-3.408399783082222712e+01
-7.469206976609989113e+00	-3.750857947151597482e+00	9.473137887664961454e+00	-1.873440172869768716e+01	-2.476438650605315761e+00	-3.329505927455284109e+01
-7.487833813416775008e+00	-3.703082291377249202e+00	9.649973894107915839e+00	-1.874719089928152016e+01	-2.640878997362168246e+00	-3.251155933385348362e+01
-7.506219574893528090e+00	-3.654365701441813830e+00	9.849268796358956024e+00	-1.876079213639167165e+01	-2.801415215992748120e+00	-3.173258642156974929e+01
-7.524359287402068830e+00	-3.604601581386440490e+00	1.006877766642014649e+01	-1.877518598250026471e+01	-2.958068680312049725e+00	-3.095772587736882997e+01
-7.542247472307432865e+00	-3.553694355931988902e+00	1.030633423366271018e+01	-1.879035308357127221e+01	-3.110859829149311917e+00	-3.018700916720149507e+01
-7.559878200058776976e+00	-3.501559074098591573e+00	1.055985239575397827e+01	-1.880627418983988264e+01	-3.259810301075125594e+00	-2.942087653542284897e+01
-7.577245142211041617e+00	-3.448121017580479730e+00	1.082732497983738540e+01	-1.882293016679679099e+01	-3.404944858527883866e+00	-2.866013250882247121e+01
-7.594341621676058196e+00	-3.393315293413403655e+00	1.110682668067192935e+01	-1.884030201509350633e+01	-3.546293122942311804e+00	-2.790590873666610605e+01
-7.611160660691075108e+00	-3.337086415388372362e+00	1.139651949723725011e+01	-1.885837089884800122e+01	-3.683891114342243700e+00	-2.715962835655136587e+01
-7.627695026663917410e+00	-3.279387860497823048e+00	1.169465704862977873e+01	-1.887711818119299778e+01	-3.817782618719827159e+00	-2.642297062383795492e+01
-7.643937276196070663e+00	-3.220181574633446342e+00	1.199959567334099120e+01	-1.889652546568141389e+01	-3.948020396674008836e+00	-2.569784120624763091e+01
-7.659879795659192858e+00	-3.159437483096235511e+00	1.230978892970711058e+01	-1.891657464443881409e+01	-4.074667222070989858e+00	-2.498633691358691067e+01
-7.675514839832801250e+00	-3.097132932584546250e+00	1.262381432152028538e+01	-1.893724795023123164e+01	-4.197796784556441452e+00	-2.429072441891275957e+01
-7.690834567738960459e+00	-3.033252100532284778e+00	1.294036076567272175e+01	-1.895852801293869305e+01	-4.317494469855510886e+00	-2.361341355489639682e+01
-7.705831074982324225e+00	-2.967785384242209723e+00	1.325825436211653141e+01	-1.898039792005031146e+01	-4.433858014680752468e+00	-2.295693281568401289e+01
-7.720496423494196847e+00	-2.900728716530446949e+00	1.357645156692251476e+01	-1.900284127908973630e+01	-4.546998058448433966e+00	-2.232391557525488679e+01
-7.734822667135864194e+00	-2.832082892738124080e+00	1.389405540451593879e+01	-1.902584228440831993e+01	-4.657038624045396702e+00	-2.171707931461605767e+01
-7.748801874381419097e+00	-2.761852810136534941e+00	1.421031878804160442e+01	-1.904938578368165381e+01	-4.764117501605265481e+00	-2.113921722939903702e+01
-7.762426146907799307e+00	-2.690046722199984419e+00	1.452464996692992827e+01	-1.907345734923821468e+01	-4.868386621142206216e+00	-2.059318983424373073e+01
-7.775687634292986594e+00	-2.616675424134887962e+00	1.483662218938411570e+01	-1.909804334789854963e+01	-4.970012349007412844e+00	-2.008191679125275186e+01
-7.788578544782623680e+00	-2.541751435668829107e+00	1.514597451137342432e+01	-1.912313101537981197e+01	-5.069175813833602717e+00	-1.960838348148672594e+01
-7.801091151652643774e+00	-2.465288142585254416e+00	1.545262147795642704e+01	-1.914870852957946212e+01	-5.166073207899227526e+00	-1.917563574621181033e+01
-7.813217795456537829e+00	-2.387298917548766664e+00	1.575665483548891643e+01	-1.917476508762447551e+01	-5.260916140895381510e+00	-1.878679845658780323e+01
-7.824950881679793468e+00	-2.307796218811458466e+00	1.605834959364938186e+01	-1.920129098351247876e+01	-5.353932035613569340e+00	-1.844507746460158160e+01
-7.836282873820201722e+00	-2.226790662041447266e+00	1.635816909197365021e+01	-1.922827768802450876e+01	-5.445364595887689951e+00	-1.815378666816832265e+01
-7.847206281917167736e+00	-2.144290071305353429e+00	1.665676750496686509e+01	-1.925571793240315799e+01	-5.535474384009483551e+00	-1.791636147123290357e+01
-7.857713646066715185e+00	-2.060298509651313559e+00	1.695499754121158276e+01	-1.928360579301978106e+01	-5.624539499195144288e+00	-1.773639115149444478e+01
-7.867797515279193910e+00	-1.974815278404854491e+00	1.725391122817336509e+01	-1.931193678321977103e+01	-5.712856418711010242e+00	-1.761764491548547085e+01
-7.877450420949655197e+00	-1.887833915822243025e+00	1.755476502954388707e+01	-1.934070794268271598e+01	-5.800740975899170593e+00	-1.756410735565259529e+01
-7.886664845630208198e+00	-1.799341143781902019e+00	1.785903070997267150e+01	-1.936991794230447539e+01	-5.888529541430317593e+00	-1.758001966050824194e+01
-7.895433186366078715e+00	-1.709315806180897956e+00	1.816838950352416759e+01	-1.939956718976842609e+01	-5.976580405311644917e+00	-1.766992045644065001e+01
-7.903747712531286496e+00	-1.617727801485211891e+00	1.848473882177017913e+01	-1.942965793776478733e+01	-6.065275368565284708e+00	-1.783868023502600408e+01
-7.911600518560196527e+00	-1.524537016585664206e+00	1.881019139144336805e+01	-1.946019441294089347e+01	-6.155021440616752493e+00	-1.809153837954954724e+01
-7.918983470860067264e+00	-1.429692209624961796e+00	1.914708619164673564e+01	-1.949118294211267965e+01	-6.246252949064317939e+00	-1.843418795335082905e+01
-7.925888149605355260e+00	-1.333129958462463183e+00	1.949794472068265350e+01	-1.952263209331178473e+01	-6.339433698014554253e+00	-1.887270865278060228e+01
-7.932305786324040042e+00	-1.234773809091154861e+00	1.986547432295446924e+01	-1.955455283290968183e+01	-6.435058893558675663e+00	-1.941363020219932878e+01
-7.938227195526788904e+00	-1.134533358576280015e+00	2.025252430390673908e+01	-1.958695868760747416e+01	-6.533657530345067244e+00	-2.006389988563387305e+01
-7.943642704347854355e+00	-1.032303714855123067e+00	2.066205207244166786e+01	-1.961986591219036669e+01	-6.635794252603467669e+00	-2.083086289535003743e+01
-7.948542077329479483e+00	-9.279651550645700020e-01	2.109697183188632152e+01	-1.965329367764958590e+01	-6.742071026453581695e+00	-2.172197959524601174e+01
-7.952914446490621181e+00	-8.213838881177554230e-01	2.156001208687536064e+01	-1.968726425600567254e+01	-6.853126673403245661e+00	-2.274458345445736995e+01
-7.956748241720446480e+00	-7.124132473662245779e-01	2.205351526051242672e+01	-1.972180320251183261e+01	-6.969635832498958017e+00	-2.390550095603521186e+01
-7.960031133485690802e+00	-6.008966421986157158e-01	2.257904010511100523e+01	-1.975693952465620384e+01	-7.092304287742823732e+00	-2.521022439530725023e+01
-7.962749994928984165e+00	-4.866726719333661078e-01	2.313683539283064761e+01	-1.979270581717414501e+01	-7.221859774035342738e+00	-2.666179174082299141e+01
-7.964890897139384585e+00	-3.695835162564284904e-01	2.372504862970188810e+01	-1.982913833467040021e+01	-7.359035687068046450e+00	-2.825905154658403262e+01
-7.966439157692734696e+00	-2.494881272724422117e-01	2.433857525556514645e+01	-1.986627695777581692e+01	-7.504544140377304551e+00	-2.999408507842372273e+01
-7.967379470973938282e+00	-1.262823131899108997e-01	2.496741590854541926e+01	-1.990416498891661234e+01	-7.659033441499909500e+00	-3.184846212426691636e+01
-7.967696162817909489e+00	7.131512067323764192e-05	2.559435678979606621e+01	-1.994284868073047079e+01	-7.823022903347372825e+00	-3.378787449922538144e+01
-7.967373626231942119e+00	1.294998804344704157e-01	2.619183080510324402e+01	-1.998237636557396613e+01	-7.996806166496595480e+00	-3.575477652873905754e+01
-7.966397017729901719e+00	2.617586274791069978e-01	2.671779271100974995e+01	-2.002279699970572224e+01	-8.180311675686235517e+00	-3.765858462882079039e+01
-7.964753317336365157e+00	3.963463584705628762e-01	2.711069741668555366e+01	-2.006415787709585175e+01	-8.372908215260135734e+00	-3.936356458708996797e+01
-7.962432876289139649e+00	5.323944088503236305e-01	2.728408909800734250e+01	-2.010650121335535800e+01	-8.573145990117103210e+00	-4.067549818135739770e+01
-7.959431585304562518e+00	6.685301616338608088e-01	2.712217883500420612e+01	-2.014985927199305138e+01	-8.778433795721937827e+00	-4.133025968904985348e+01
-7.955753768007825855e+00	8.027266106699513237e-01	2.647938923222636731e+01	-2.019424776117603670e+01	-8.984677055035117377e+00	-4.099123171324117720e+01
-7.951415802311053049e+00	9.321683852931074155e-01	2.518839386653860402e+01	-2.023965745695288021e+01	-9.185945865687543233e+00	-3.926627045088662271e+01
-7.946450257022071639e+00	1.053192144709288014e+00	2.308288265976568709e+01	-2.028604450494859535e+01	-9.374307654543949653e+00	-3.575914218086836627e+01
-7.940909965711878016e+00	1.161386769288277998e+00	2.003908085019190821e+01	-2.033332070868535624e+01	-9.540025861873418833e+00	-3.016548009867892688e+01
-7.934871008426757300e+00	1.251943227873994591e+00	1.603225819185877299e+01	-2.038134618439288204e+01	-9.672339849348990271e+00	-2.240510775462007587e+01
-7.928433223659549611e+00	1.320290169764051003e+00	1.118988919401942894e+01	-2.042992760917178074e+01	-9.760917823537324622e+00	-1.274808698249398731e+01
-7.921716986231026603e+00	1.362924307665424051e+00	5.810259341047412818e+00	-2.047882506076540565e+01	-9.797776739444879368e+00	-1.860905537437247403e+00
-7.914855837916110914e+00	1.378187874555030668e+00	3.200484921093220692e-01	-2.052776848009726862e+01	-9.779091848490388372e+00	9.290230996927675733e+00
-7.907986024426575611e+00	1.366681373676642997e+00	-4.824625352574685166e+00	-2.057648135311444548e+01	-9.706163630266759768e+00	1.966921389521212404e+01
