Pos_TX	Vel_TX	Acc_TX	Pos_TY	Vel_TY	Acc_TY	Pos_TZ	Vel_TZ	Acc_TZ
-9.642277311679285923e-01	6.978069682195689460e-02	1.130392923346118517e-01	-3.003742739245771620e-01	-2.673855982432402946e-04	6.142062843382999071e-03	1.036032530781207273e+00	1.699745578591121409e-01	2.952552250936096856e-01
-1.076715346697700415e+00	-3.076963323461806218e-02	-6.469309353910018823e-02	-2.197732601970124877e-01	8.821990869534299118e-02	1.341476649763003737e-01	8.735624345820159897e-01	2.216617936499881356e-02	3.785089417836001724e-02
-1.112025634204836244e+00	-6.274167802568902941e-02	-1.224586804194103401e-01	-4.812825255759617393e-02	2.769595881649415947e-01	3.590745954207494317e-01	1.052807882625998781e+00	1.850523725584904688e-01	3.186907963719684544e-01
-1.127285739092666050e+00	-7.692054376255787196e-02	-1.478756244578721124e-01	-4.373042754114954134e-01	-1.415218313736550937e-01	-1.017941840931792380e-01	8.360092976200531600e-01	-1.232770510736903510e-02	-2.412975175781694598e-02
-8.152442982090927215e-01	2.002712758070973598e-01	3.309116648632702828e-01	-4.890176274306929916e-01	-1.937032813765820760e-01	-1.488183570275108947e-01	8.145501746120122899e-01	-3.212096586071874760e-02	-5.975036822289080812e-02
-1.023838919365385847e+00	1.370094845991510352e-02	4.341217473721913772e-03	-2.413631033641730483e-01	7.907596868070869423e-02	1.568502242603382335e-01	6.992505975984412148e-01	-1.373740933132089614e-01	-2.435780020965487014e-01
-1.133646270928084565e+00	-8.500886252556615064e-02	-1.682196913456359133e-01	-5.214215758698306225e-01	-2.212584878493293605e-01	-2.110093989412344939e-01	1.074601498509329289e+00	2.035328630331736943e-01	3.463654524725693906e-01
-1.229102728256433297e+00	-1.709888151019427760e-01	-3.173209463581665446e-01	-6.392124218908032951e-01	-3.491582925196820564e-01	-4.099901701937541110e-01	9.782764547281797007e-01	1.154519087267759231e-01	1.945875982250268588e-01
-9.277648686930672906e-01	9.634813072290299152e-02	1.471109584181241603e-01	-4.173892789903593248e-01	-1.122963290331338154e-01	-1.892799187484053569e-01	5.560439105659916725e-01	-2.689625615841140238e-01	-4.690118868714094336e-01
-1.152457018117544640e+00	-1.047455877569468535e-01	-2.006651871473982274e-01	6.538613810576870966e-02	4.060949486958532195e-01	3.776310279351718369e-01	7.269107574624154022e-01	-1.138565765915692390e-01	-1.978318433296411827e-01
-9.920866744618906941e-01	3.706668142511145014e-02	4.700628239785410029e-02	-2.339255657656767462e-01	7.691179124584625326e-02	1.524039018583893401e-02	6.990489242900213007e-01	-1.393642804539013680e-01	-2.394156606475634219e-01
-8.989757468010215469e-01	1.190130305695021873e-01	1.911755300331190177e-01	-5.324363130741529559e-01	-2.506988668347446270e-01	-3.347484443215607008e-01	5.820825620276243173e-01	-2.457998603007908733e-01	-4.215966937254782554e-01
-1.116435134615913594e+00	-7.556189277496044854e-02	-1.441850963599852486e-01	-3.517178123389513855e-01	-5.805887520659058776e-02	-1.043391441649568208e-01	5.491347336859191408e-01	-2.757345852677429709e-01	-4.721192988816213520e-01
-8.343847302489775242e-01	1.747164172918598268e-01	2.924441808566565770e-01	-5.714742065782515978e-02	2.587685926227099587e-01	2.600992433025914874e-01	6.112769026836819553e-01	-2.191344442784507462e-01	-3.729858851217861537e-01
-9.879683781939146980e-01	3.711581386413465716e-02	5.612054287993627905e-02	-3.688812379420942644e-01	-8.076628583403619444e-02	-1.087112945199794761e-01	1.015461928886977727e+00	1.486074109747773653e-01	2.650360272457247257e-01
-9.176106109313415526e-01	9.898009553727775411e-02	1.658353578438293285e-01	-3.594977625488523509e-01	-7.181987357098992830e-02	-9.035501222057072679e-02	8.902093373575226121e-01	3.487602450892898082e-02	6.862150726468467521e-02
-1.078473697852726509e+00	-4.500800926448843275e-02	-8.161132016398334188e-02	-1.992581975840819197e-01	1.009968566049325028e-01	1.079100124636339225e-01	1.120350697147539432e+00	2.443946869542567013e-01	4.318380523524789072e-01
-1.122491125490726827e+00	-8.489833400122674678e-02	-1.484346575964354542e-01	-3.542010839915153975e-01	-6.740009418602185831e-02	-7.530256868797764735e-02	8.425696206293535884e-01	-8.033044429281453735e-03	-5.472783337860631127e-03
-1.030973959762308434e+00	-4.049793879779559416e-03	-5.835947585065035664e-03	-1.957069270665057759e-01	1.040110383713355457e-01	1.182699400658397543e-01	7.667147231670945473e-01	-7.679831842771342454e-02	-1.244853527513125752e-01
-1.271845138707675016e+00	-2.191449361665536166e-01	-3.767733801551373385e-01	-2.426993286159539465e-01	5.291319630061695756e-02	6.366950687730056624e-02	9.468775037115397808e-01	8.729224787555887877e-02	1.599647343547639378e-01
-1.265166889774954173e+00	-2.137575138215373760e-01	-3.652040382335062230e-01	-3.461980431392643887e-01	-5.923306593761108046e-02	-5.826754520222906381e-02	1.155465253690385108e+00	2.772473361642765477e-01	4.888758290901673575e-01
-9.859231244180336473e-01	3.438876485110673592e-02	6.754975917602917823e-02	-6.401667931727068606e-01	-3.776304201606321964e-01	-4.107836454171487350e-01	9.925887240695839830e-01	1.293583325952983032e-01	2.325154445734757824e-01
-1.344232046623730081e+00	-2.851557962477394570e-01	-4.846483047103325448e-01	-3.116300874656193209e-01	-2.139670883592790715e-02	-1.313091315131702935e-02	9.633905676233105453e-01	1.030314817854744575e-01	1.864701781974935357e-01
-1.003372524828001877e+00	1.794327723234557387e-02	4.342355491216135649e-02	-4.008228463041225709e-01	-1.177799378485615278e-01	-1.201181592770005357e-01	9.632374801859159286e-01	1.031109128127325192e-01	1.864054040203306783e-01
-9.289381233306144292e-01	8.383463741558684623e-02	1.599049911876348762e-01	-2.760673268184273277e-01	1.769414836489209900e-02	3.115492587185787407e-02	8.460450848183300732e-01	-3.255549008873068889e-03	1.945285492354785570e-03
-7.145017361171819292e-01	2.744359033321168151e-01	4.927207988317612308e-01	-2.945442817043625872e-01	-1.999886614767429870e-03	9.853540559006635294e-03	6.711078757805237771e-01	-1.621369264062693105e-01	-2.733049998075507969e-01
-1.291260245832429154e+00	-2.394731710020500115e-01	-3.967838499014292863e-01	-2.620313266128126428e-01	3.362449000715500569e-02	5.021031533489833665e-02	6.035551398999992045e-01	-2.233650400993990592e-01	-3.796728927712175183e-01
-8.150884437709815522e-01	1.842806682233850690e-01	3.405875364818047868e-01	-9.271546090955651298e-03	3.079313830684138331e-01	3.556151074958980307e-01	1.072106495727897624e+00	2.029708688959483975e-01	3.584835727289704121e-01
-1.019689297615304246e+00	1.855214242677483139e-03	2.624128058336423763e-02	-7.353418972019068467e-02	2.387417839021964694e-01	2.787521953812281961e-01	1.141811756486271534e+00	2.665505936805431242e-01	4.681197230123141928e-01
-9.354773832800998834e-01	7.665593245706131542e-02	1.581836124023496826e-01	-1.067146080283663534e-01	2.031337528000476955e-01	2.368557355487559135e-01	6.795976948374817805e-01	-1.536525548703364386e-01	-2.600214939981710383e-01
-1.018399753211995051e+00	2.666200334022560126e-03	3.194709188234999553e-02	-4.534778526983000435e-01	-1.722749574447283161e-01	-1.804657038077567832e-01	6.456462942769978230e-01	-1.843710069302089694e-01	-3.134649859416107631e-01
-1.168082972055425994e+00	-1.307323923294160806e-01	-1.973609037193992388e-01	-6.788309206995104539e-01	-4.161060213815422903e-01	-4.518141258045604292e-01	7.035434428050719724e-01	-1.315666224820757901e-01	-2.222346801097057623e-01
-1.209378890491663139e+00	-1.675725921039887545e-01	-2.591529014781035478e-01	-7.580895326359841091e-01	-5.016601198016544805e-01	-5.474800392655738701e-01	1.060401327624163725e+00	1.931365957232159536e-01	3.401303723288674474e-01
-9.971125222872146976e-01	2.142195541990702529e-02	7.088639676456416627e-02	-3.753528946521181298e-01	-8.659797080283518356e-02	-8.541172794418880332e-02	9.685392088892934570e-01	1.097281063856515443e-01	1.953907350652928920e-01
-1.198852833234925530e+00	-1.582099784234934081e-01	-2.386257459706038198e-01	-1.423228000312989905e-01	1.662435686211785335e-01	1.955110595901851656e-01	7.547028571449736489e-01	-8.461628292363063131e-02	-1.415064295647639192e-01
-9.359962529354650673e-01	7.591836873367127647e-02	1.697489340588033691e-01	-2.390721430473989051e-01	6.171770800048480277e-02	7.854388062926422054e-02	8.497240410582979075e-01	1.918646060844459225e-03	8.136523710571804194e-03
-9.684017723518765219e-01	4.716178197006609674e-02	1.220119765874616846e-01	-1.563602618914980980e-01	1.516152438782854828e-01	1.778510782979260130e-01	7.212361490417916743e-01	-1.148258636020361850e-01	-1.943094549348169942e-01
-9.562378843335118672e-01	5.813635866493033905e-02	1.432082385375180178e-01	-4.781470237572710280e-01	-1.968283250560177999e-01	-2.106611836460077769e-01	1.074325215837669933e+00	2.064005981312845295e-01	3.618843036226460086e-01
-1.136317075135354404e+00	-1.020359829092621212e-01	-1.325198134244308379e-01	-3.986553575844835051e-01	-1.104936079476025873e-01	-1.153841042425245156e-01	7.347903683216532311e-01	-1.023163219504672483e-01	-1.731991777846789149e-01
-1.009803871729175961e+00	1.085243254130087431e-02	6.550227569179431497e-02	-3.737033017550508984e-01	-8.333825616283541127e-02	-8.639291943196747425e-02	9.075097497073931763e-01	5.484363766674785895e-02	9.888393915346663232e-02
-1.015589363022613822e+00	5.973463811118948086e-03	5.917777895292763990e-02	-4.989569452957036688e-01	-2.189854190195026085e-01	-2.381929234876154489e-01	5.213440963238463732e-01	-2.962980753191427064e-01	-5.094661739317756233e-01
-1.216577349143201925e+00	-1.726877715144815861e-01	-2.486677640502526765e-01	-2.757094886986373727e-01	2.294137096053559463e-02	3.024837621894675005e-02	8.660619806925853315e-01	1.727883248797030397e-02	3.357116244923106368e-02
-9.860043514305227852e-01	3.299425590014393173e-02	1.103268615499191224e-01	-3.756054915957476870e-01	-8.531475213644530708e-02	-9.097874367740331480e-02	1.092511275953962580e+00	2.232862038338629951e-01	3.902942003297619755e-01
-9.587214704018349742e-01	5.769237969271200778e-02	1.553083630088538114e-01	-1.639808487271028348e-01	1.439964875953573531e-01	1.644327706353128637e-01	7.177820042220620644e-01	-1.174724013684049634e-01	-2.000139268195138820e-01
-7.209946316196488292e-01	2.698322944131890666e-01	5.254991631391179308e-01	-1.164573311299459679e-01	1.954262841075252444e-01	2.202761759430335031e-01	5.507211211560456565e-01	-2.693666901718132500e-01	-4.632089715450050660e-01
-9.113748590929506843e-01	1.007914623363510703e-01	2.343214222371096944e-01	-3.048655799474114803e-02	2.884525504219502268e-01	3.228057653043860942e-01	7.979888157766412693e-01	-4.444352761800294399e-02	-7.369256442123084394e-02
-1.193151211302320380e+00	-1.495927412837706472e-01	-1.979978632486409651e-01	-2.954668633275648881e-01	1.143406105652979877e-03	2.255137253461279682e-03	9.951194358817390118e-01	1.348744255931804137e-01	2.368443958851092490e-01
-9.849926874165840784e-01	3.634817384046407779e-02	1.267076855186980711e-01	-3.341887061776291357e-01	-4.103710463960053706e-02	-4.545605564571323504e-02	9.700531296434149464e-01	1.121082871455136853e-01	1.973591514350282738e-01
-1.206375791444261658e+00	-1.601689736870111902e-01	-2.121724951510442492e-01	-2.214094940164486325e-01	8.089284477467474643e-02	8.949812980460006284e-02	1.171358866154851075e+00	2.952171563964604006e-01	5.144895916569408589e-01
-1.137767600672307866e+00	-9.840820617009699012e-02	-1.029409940646175969e-01	-4.813360712177939815e-01	-2.010754795718302512e-01	-2.249885542491912305e-01	7.997831843152214404e-01	-4.270494441384060230e-02	-7.085968763643026025e-02
-1.282260409035662629e+00	-2.263676021352712120e-01	-3.228924256079730437e-01	-2.298911529476885263e-01	7.102022560225636216e-02	7.713035626992623128e-02	9.081160901857725509e-01	5.583508064071756455e-02	9.981321088644937167e-02
-1.164683358920729717e+00	-1.209129561029098077e-01	-1.378784463052393494e-01	-7.379506984396342339e-01	-4.798849011648084195e-01	-5.365403774061009434e-01	6.665790078418784015e-01	-1.638246173533392247e-01	-2.806646327451626788e-01
-1.234803680091973499e+00	-1.825568182065522016e-01	-2.427976537211495867e-01	-5.064570700671625070e-02	2.644103163986576965e-01	2.911023274983537967e-01	1.036187520432053866e+00	1.723357712757874471e-01	3.016238792018531290e-01
-1.286205479545236008e+00	-2.274883215538476278e-01	-3.187348024483613873e-01	-3.533673520556491754e-01	-6.407934396244539810e-02	-7.499255108091591737e-02	9.341894771349902316e-01	7.957349407697027199e-02	1.409749245758749325e-01
-8.744016560755821788e-01	1.401031396477570856e-01	3.210496600415125856e-01	-1.276251279979720710e-01	1.800150270408857889e-01	1.961166836971576510e-01	8.126373080876545529e-01	-3.097177095632352301e-02	-5.046375021070535066e-02
-1.027187685332718203e+00	4.977350171268483947e-03	8.858978639327896865e-02	-4.876731214242508994e-01	-2.106629600736664443e-01	-2.391043425326384864e-01	8.812068767304362948e-01	3.139656512196319083e-02	5.762143581280420451e-02
-1.082956241909569739e+00	-4.371246628147783947e-02	6.070434415235553827e-03	-4.158028884701945871e-01	-1.333684391537953429e-01	-1.535083156056542553e-01	6.808406630149030914e-01	-1.508266073760354820e-01	-2.578324616071693276e-01
-1.403013836557343241e+00	-3.277059099602856462e-01	-4.847250041533309184e-01	-4.109736247188676694e-01	-1.287222021803337557e-01	-1.484438839706004043e-01	8.812666265916431207e-01	3.146095688973760823e-02	5.798907123106385175e-02
-1.136792149197314306e+00	-8.958196906556581407e-02	-6.965715451206581921e-02	-3.462036263627045196e-01	-5.914500722515417253e-02	-7.127400514586308689e-02	8.197188808351608680e-01	-2.450848293858724769e-02	-3.885468452265591899e-02
-1.213616748178760751e+00	-1.568947094191573133e-01	-1.845534445721074002e-01	-1.846214543631201632e-01	1.153213902247100103e-01	1.226558538920090174e-01	8.352777721269021294e-01	-1.035236420809164219e-02	-1.420162104863239259e-02
-1.236804739415902521e+00	-1.764031043338731286e-01	-2.165315269876808002e-01	5.557113721812889651e-02	3.749433429732232925e-01	4.114617521525267274e-01	9.215228488180959854e-01	6.809768778044822390e-02	1.218394232778094305e-01
-1.093434955415535592e+00	-4.755227437781726213e-02	8.878660464061029212e-03	-2.669538674562640934e-01	2.482998658071679937e-02	2.173909206027423158e-02	9.965508772049245234e-01	1.363476926741741257e-01	2.401390281726364095e-01
-1.147297218260820761e+00	-9.429326038373696262e-02	-7.039080182371043604e-02	-1.865095753182174354e-01	1.113386945677755091e-01	1.179365811002375392e-01	8.469610729859144982e-01	3.146964963085083396e-04	4.728347846538983809e-03
-1.112894100734993730e+00	-6.239387759060906202e-02	-1.322711789475232783e-02	-3.561784547463822115e-01	-7.316342358015186231e-02	-8.724807672646778256e-02	9.725624392009497576e-01	1.145679405521794342e-01	2.028791528985517956e-01
-1.103558369805842654e+00	-5.277579942957582454e-02	5.254101952634652323e-03	-6.490059236688250355e-01	-3.911017144108618893e-01	-4.405309351496725645e-01	5.894045218231297456e-01	-2.338678826447189163e-01	-4.003121845845108440e-01
-1.307743111249835000e+00	-2.332544874298662085e-01	-3.061016786092002340e-01	-4.631172695361586156e-01	-1.903346023697731759e-01	-2.172045231661224596e-01	9.312473012655803073e-01	7.708265902114048995e-02	1.385095480993835948e-01
-1.125173159702329784e+00	-6.929172152341520063e-02	-1.985923192345882479e-02	-1.569886867728521318e-01	1.407902013692945986e-01	1.523815210758917571e-01	9.726373141078070717e-01	1.147798098699046865e-01	2.039243301215515336e-01
-1.148362078238367001e+00	-8.851395653049959344e-02	-5.145829946005738009e-02	-2.387787307078172439e-01	5.160474327779714099e-02	5.348295005949202374e-02	8.975359733786698602e-01	4.653408703105264138e-02	8.594181800792012604e-02
-1.254739454244814034e+00	-1.817734352055333513e-01	-2.115219694493484515e-01	-3.155186093507852396e-01	-3.209265412393236955e-02	-3.910894527024357664e-02	1.034965708556468522e+00	1.715954055576070503e-01	3.029462395646028150e-01
-1.094974305455606478e+00	-3.799436782282857722e-02	3.967305650664346151e-02	-3.902973254787885926e-01	-1.135953137016687681e-01	-1.286315116969226346e-01	9.597853018734162633e-01	1.033078846575594817e-01	1.848233256758474163e-01
-1.085354120268859690e+00	-2.787612424219308715e-02	5.894149485408436973e-02	-3.802938852055443020e-01	-1.031828456712584469e-01	-1.166828828011818447e-01	8.070978735011615779e-01	-3.546866513565651718e-02	-5.541439718088196631e-02
-1.290038303376115136e+00	-2.085514085091839109e-01	-2.528182737882788134e-01	-6.925754316149896894e-01	-4.419763268293531722e-01	-4.931164530560897541e-01	6.297797580393430517e-01	-1.966330454030499886e-01	-3.342529494413386537e-01
-1.058377725080980714e+00	-6.238362931488689034e-04	1.096470909794308446e-01	-3.012987313634278852e-01	-1.834994170687077181e-02	-2.063350874812389102e-02	7.517117242451303305e-01	-8.562037054794854884e-02	-1.418827548210951917e-01
-1.202642702371816918e+00	-1.274111779132047761e-01	-1.086593426229752468e-01	-3.075567285490710123e-01	-2.544509141346526504e-02	-2.835130744229613989e-02	8.115180431501444192e-01	-3.111188362348871542e-02	-4.728068695213668432e-02
-1.139727536632793692e+00	-6.966351908921432357e-02	-6.769069075425761944e-03	-3.288304705311907994e-01	-4.876621101269905389e-02	-5.334393591423317038e-02	9.935513242102429476e-01	1.345714856126675185e-01	2.398580338715847748e-01
-1.264225528303045687e+00	-1.787609961152984428e-01	-1.943956767862445312e-01	-9.469027004480654042e-02	2.047081823062891770e-01	2.291062816009176994e-01	1.144294476055502052e+00	2.718011993432698503e-01	4.775012079190418812e-01
-1.278011155578660851e+00	-1.892260184073576990e-01	-2.108772565063760374e-01	-1.516628830922348292e-01	1.427581327958678814e-01	1.605351919232852198e-01	1.294152508240111743e+00	4.082284761781950211e-01	7.139621785766293582e-01
-1.128293382123376709e+00	-5.404803388083136151e-02	2.528616082621880715e-02	-1.855083438665408035e-01	1.059282833493830345e-01	1.199580941526881134e-01	1.103704889923888821e+00	2.351512309224298714e-01	4.140543409762725280e-01
-1.292393018731675225e+00	-1.982760872179505363e-01	-2.233159715131176060e-01	-2.402474062372920993e-01	4.643242238418533036e-02	5.368307705407658614e-02	5.209692023414864703e-01	-2.947054742468276922e-01	-5.037294817015395276e-01
-1.229030865829459973e+00	-1.399058678912009634e-01	-1.204477599482050854e-01	-2.800979290504881369e-01	3.071963398324834092e-03	5.179342092218850585e-03	8.519848170000436927e-01	6.468679209911216629e-03	1.772592064920645513e-02
-1.404927584319122236e+00	-2.945474957782684977e-01	-3.871591596944941593e-01	-3.852931650942711950e-01	-1.111164093720304752e-01	-1.222627905417439653e-01	9.685798692168835489e-01	1.126287622181354753e-01	2.014834151188796552e-01
-1.066407810030695291e+00	8.939491335376498204e-03	1.409350083159530698e-01	-2.699632261458055904e-01	1.361343945155681773e-02	1.578548358374823671e-02	8.061385592864089844e-01	-3.500933550900429958e-02	-5.450107857550263307e-02
-1.055489236367312511e+00	2.074544107848515229e-02	1.629064070098788786e-01	-1.796075880873720942e-01	1.112172186156632769e-01	1.235484414006651627e-01	7.420923272608783705e-01	-9.317507438569594402e-02	-1.554675975944093957e-01
-1.282960213535579541e+00	-1.796858829368614408e-01	-1.833775103656745953e-01	-1.179354668172744869e-01	1.776843568098400439e-01	1.962498494636558677e-01	9.466191290000595115e-01	9.290832105761485937e-02	1.665727282471473336e-01
-8.533714710287505500e-01	2.050290570220092978e-01	4.854537179805676339e-01	-3.284564052582642502e-01	-5.089351248765772162e-02	-5.945289252698772453e-02	9.297965308548534757e-01	7.765672726472812315e-02	1.398876194948567853e-01
-9.626663251069205174e-01	1.099183419993873950e-01	3.218318647786141407e-01	-9.906558720422539710e-02	1.971172089496522062e-01	2.147385135029261094e-01	8.344173295624590647e-01	-9.059163219597198349e-03	-1.059485350190545946e-02
-1.358197475992439784e+00	-2.400403888235712047e-01	-2.841184322861545763e-01	-2.376111929408719070e-01	4.627874761918113200e-02	4.479340692519095946e-02	7.245305433583603127e-01	-1.089862093430270518e-01	-1.838592129782205264e-01
-1.167475512230885526e+00	-6.790881651340699432e-02	1.573673171111104538e-02	-1.060563707225628538e-01	1.880259564234938174e-01	2.015551202420327592e-01	1.161622284294659968e+00	2.885295165967540765e-01	5.044729167422249416e-01
-1.122566152909398429e+00	-2.557936594412538178e-02	9.040911652154653977e-02	-2.379497659312602154e-01	4.422173292380505299e-02	4.012073361641852604e-02	7.596337358530848016e-01	-7.710170885254311046e-02	-1.289572805264065369e-01
-1.081411086635042818e+00	1.344505417196256714e-02	1.591594201093880501e-01	-2.661439989500000158e-01	1.267598252741436622e-02	3.784431990136460228e-03	8.302984274478891757e-01	-1.286772023837355269e-02	-1.762628621735500348e-02
-1.196928249902875718e+00	-8.701031556061220029e-02	-1.413291271424467824e-02	-1.031910852786757649e-01	1.882000154667145542e-01	1.987451435481294437e-01	7.747224650681758806e-01	-6.346398809838327271e-02	-1.052175448568104799e-01
-1.312115667878156700e+00	-1.871335608905128622e-01	-1.867771413215026932e-01	-3.948106158586428549e-01	-1.288589270898151118e-01	-1.543140355430075161e-01	7.051599057252906366e-01	-1.267829424073839417e-01	-2.148563408206715930e-01
-8.905169545859585867e-01	1.907833147273840235e-01	4.698786452509747247e-01	-1.413785643575957984e-01	1.446051724701868102e-01	1.492951576425634586e-01	9.554626628071428707e-01	1.007979623220988386e-01	1.795771083254303069e-01
-1.229713693366222271e+00	-1.087458081569333823e-01	-4.900597265441587747e-02	-2.262931200559722134e-01	5.138583183573097041e-02	4.482464422167935919e-02	6.532628402952885827e-01	-1.741033198921960456e-01	-2.961860205834853654e-01
-1.240844072544137866e+00	-1.161039619844338733e-01	-6.097952521523725133e-02	-3.483071163583401075e-01	-8.207157624776330318e-02	-1.036980010271871949e-01	1.033249199265784402e+00	1.714316810896228394e-01	3.026418848474378143e-01
-1.239644453359781906e+00	-1.124479617107709828e-01	-5.380610522792088346e-02	-2.665309477812582983e-02	2.651895020766931732e-01	2.829703193428458885e-01	6.689320562996279307e-01	-1.599590557459416862e-01	-2.711168035464850412e-01
-1.223804200091718641e+00	-9.571691706649415599e-02	-2.392921806347256958e-02	-2.877344635171894538e-01	-1.900626066889250093e-02	-3.371772932645585030e-02	8.290863645700665696e-01	-1.434696715686702845e-02	-1.845804793470456548e-02
-1.425803695279894701e+00	-2.729342508166063830e-01	-3.306654786645354949e-01	-3.727942428662623375e-01	-1.125507958027742589e-01	-1.384383037463408905e-01	1.090036528759048995e+00	2.229447797746838267e-01	3.930574847512899872e-01
-1.210927774842302629e+00	-7.889448432523604726e-02	6.666153458203928975e-03	1.189905310958547791e-01	4.188662173947868550e-01	4.517837875316937923e-01	8.141834561097834877e-01	-2.795814867649341548e-02	-4.090559433335604067e-02
-1.129540309836734702e+00	-3.693033172161963584e-03	1.377376699600328380e-01	-2.544382713042680488e-01	1.270284652413537080e-02	-1.063488636231339768e-04	9.064346230129533000e-01	5.593679481855561020e-02	1.049100736878724044e-01
-1.072708784779705438e+00	4.967663985127467041e-02	2.309873595176833994e-01	6.424656818206753162e-02	3.564563736539684835e-01	3.825381307397437980e-01	9.927887667858252829e-01	1.344831505586992493e-01	2.414499836340167349e-01
-1.292982315636899582e+00	-1.436751945884399140e-01	-1.038301284271012093e-01	-6.384361499519313199e-01	-4.065621682479308441e-01	-4.669741312448430492e-01	7.242236360255733807e-01	-1.097468771234615531e-01	-1.810844889557851056e-01
-1.179133752753679820e+00	-3.945677355926983237e-02	7.765093112181931101e-02	-1.717260586821696411e-01	9.748318011747846012e-02	9.424558821351347593e-02	1.035345941263130953e+00	1.732434290936998578e-01	3.094430253203835912e-01
-1.107232210558469321e+00	2.744902367076391958e-02	1.943409414966148496e-01	-8.992788973232063165e-02	1.843622613497259422e-01	1.900009014735320745e-01	6.093791717379650752e-01	-2.141261955207830747e-01	-3.609730392232587404e-01
-1.483135283785218528e+00	-3.043726662818604378e-01	-3.808882830022284338e-01	-2.887839593586075115e-01	-3.297831658998987003e-02	-5.281225024675485075e-02	8.903036953508948192e-01	4.142810243092585193e-02	8.221463936699213715e-02
-1.506683149718790471e+00	-3.223912858014285066e-01	-4.117864906773170408e-01	-1.335458226790398051e-02	2.634918598104333265e-01	2.765111938670737346e-01	1.102891801420177176e+00	2.348425266732648287e-01	4.177073082197026999e-01
-1.133298318831588825e+00	1.308667787903876334e-02	1.705381230214386146e-01	-6.694457516611002079e-02	2.034632277460236560e-01	2.124017496397437033e-01	8.008979808135686662e-01	-3.973017862264270617e-02	-5.742416594733822099e-02
-1.226941174603032758e+00	-6.728978127504885165e-02	3.119727599470843715e-02	-5.773117882511742405e-01	-3.511563237341090438e-01	-3.962398455256883611e-01	7.422391782493686918e-01	-9.297783832081581157e-02	-1.489555697819776314e-01
-1.108250984796713912e+00	4.144649884294658582e-02	2.201079121766026936e-01	-5.392796717852070820e-01	-3.108121112739956615e-01	-3.381239846108847202e-01	7.929868066996759168e-01	-4.669227507076611355e-02	-6.817660465650615675e-02
-1.362120074987151153e+00	-1.815375418696114074e-01	-1.664182899685734685e-01	2.316143523818214867e-02	2.985049254827248366e-01	3.517771681533105044e-01	8.927517270746814226e-01	4.419369345011763678e-02	8.999237504471432891e-02
-1.228725870654313157e+00	-5.962415058527494732e-02	4.547860068435073677e-02	-4.619812929040149063e-01	-2.267406365099426946e-01	-2.261006129161369227e-01	8.235330107615216333e-01	-1.857386617417378788e-02	-1.794641461238941083e-02
-1.307990219626388173e+00	-1.270393324096406318e-01	-7.130462395485938354e-02	-3.077504362478427069e-01	-5.880907885621419751e-02	-3.244776859241928213e-02	7.261122757997472421e-01	-1.069483393469501942e-01	-1.702262372711375871e-01
-1.202518151670891822e+00	-2.991038295749096770e-02	9.730579426139597532e-02	-4.488992679961976151e-01	-2.107812660789324943e-01	-2.011276451135077248e-01	8.957550348618079639e-01	4.759681915606664426e-02	9.815376727839617010e-02
-1.312400753186674596e+00	-1.245175634719501156e-01	-6.696417843826732441e-02	-3.345060338421267931e-01	-8.582783509334998562e-02	-6.004319892994142149e-02	1.071869072528991662e+00	2.080546424653605397e-01	3.767100543153785175e-01
-1.249204372352663350e+00	-6.497263795724658730e-02	3.599815267546088715e-02	-2.907026389818717083e-01	-3.711863677987386340e-02	-1.366986240151021187e-03	8.903163945607294183e-01	4.325412855606205337e-02	9.175206676809910533e-02
-1.594746626024646119e+00	-3.693762911262065685e-01	-4.924703935389156406e-01	-3.967673099206924237e-01	-1.507190501159982876e-01	-1.273210957801294840e-01	7.907684287126092171e-01	-4.694436152031956910e-02	-6.400614870167001258e-02
-1.204708443943987906e+00	-1.872919563333007298e-02	1.153591016253030926e-01	-1.907510219949670460e-01	7.379625996299117585e-02	1.213960695819533558e-01	8.151946836773820149e-01	-2.436417516555479390e-02	-2.445992107628457146e-02
-1.220920586442940659e+00	-2.982495232835533083e-02	9.535032892863490317e-02	1.320949179487479475e-02	2.961195200071237155e-01	3.714451948672329307e-01	8.834732666858678973e-01	3.811461275459217257e-02	8.412587329355038224e-02
-1.250381054253067337e+00	-5.270379891374920439e-02	5.478268115752427114e-02	-2.256896477428265713e-01	3.874399572966597677e-02	8.771287863331647672e-02	6.362644363535754355e-01	-1.863079256119016258e-01	-3.042812767588360945e-01
-1.342114303129580355e+00	-1.310211263438594842e-01	-8.201022352320687381e-02	-7.877570198916928890e-01	-5.686707591515003379e-01	-5.860707621300502712e-01	6.930647143324437653e-01	-1.342236014406111011e-01	-2.137777692217394110e-01
-1.149291628970365631e+00	4.407086021954617627e-02	2.208420613710408154e-01	-2.491797032568301706e-01	1.676041070320924420e-02	6.893674595551424478e-02	4.994186541986854744e-01	-3.098898344944776562e-01	-5.177426718379697368e-01
-9.790715178351809822e-01	1.990500029250403535e-01	4.886793286855376506e-01	-8.695190076810316304e-02	1.944375356592107362e-01	2.676620983125669317e-01	9.778861007860319976e-01	1.257351455065697510e-01	2.370094753634543749e-01
-1.169278794934625942e+00	3.308444902638473656e-02	1.995464904299982800e-01	-5.179838169761616928e-01	-2.706472072944562379e-01	-2.484037655156806357e-01	5.753427460104019175e-01	-2.398875484941483394e-01	-3.961511959283344764e-01
-1.252114512021123893e+00	-3.725914076301155287e-02	7.620204738046942872e-02	-3.485679712057943580e-01	-8.501697494338372740e-02	-4.018153797552757867e-02	6.924989193261058551e-01	-1.328384518824152483e-01	-2.106296030256588903e-01
-1.395615485332431627e+00	-1.616154441730202063e-01	-1.408927224998676730e-01	-4.332338972895201645e-01	-1.746169996902038890e-01	-1.384620309513261704e-01	4.397136272649503907e-01	-3.622230175225455429e-01	-6.078800239746144918e-01
-1.354531557771852412e+00	-1.215920804744758665e-01	-7.285366934291814811e-02	-2.240242320348403149e-01	5.424948171706589495e-02	1.157384773934147931e-01	6.700422601292114200e-01	-1.522156773494453830e-01	-2.441075564588993385e-01
-1.538164133420148572e+00	-2.816675309743149613e-01	-3.520539552007007633e-01	-3.501177105714906035e-01	-8.021738445544768226e-02	-3.214489403446992022e-02	9.561758744766072349e-01	1.085575863477925701e-01	2.075597511559483799e-01
-1.534144202714059713e+00	-2.746331183129831488e-01	-3.414239350775213344e-01	-4.069983975335741966e-01	-1.395376495489664137e-01	-9.578592935640529993e-02	1.203649680618368745e+00	3.341804257267619316e-01	5.983511158791188222e-01
-1.332834090082564149e+00	-9.190866113101617274e-02	-2.607556456154230817e-02	-8.788905811753536246e-02	2.086706206809094688e-01	2.934951496089113210e-01	5.203185782140942184e-01	-2.867305341767766302e-01	-4.772077000692267479e-01
-1.324760574690738713e+00	-8.125508702635013403e-02	-9.365123125676617921e-03	-2.332999321251650882e-01	5.363741280838898312e-02	1.224158339650490840e-01	8.617490273089832842e-01	2.436988124412958756e-02	6.156182147624855716e-02
-9.997845662962556723e-01	2.115988530428784820e-01	4.968460835781420282e-01	-2.564733776714272495e-01	3.112435953436723524e-02	9.871517908217959658e-02	5.538714810533593713e-01	-2.550536060148618778e-01	-4.225785477947675561e-01
-1.276719898562381772e+00	-3.154209893864576980e-02	7.300618348634001220e-02	-3.794995316867055268e-01	-9.950409664829601430e-02	-4.553104406568989765e-02	6.849350639736655477e-01	-1.352529996365708920e-01	-2.152519149168374002e-01
-1.375533251050673922e+00	-1.160670169676855379e-01	-7.569515179600720678e-02	-1.918486021201225578e-01	1.065549240906759204e-01	1.847235229936669276e-01	5.565240843238655755e-01	-2.514363694323789034e-01	-4.167126710040542914e-01
-1.272195364058868350e+00	-2.057917329081410812e-02	8.782892608961968828e-02	-4.108308004004813108e-01	-1.279418684770325665e-01	-7.525867291966593930e-02	9.421109845168065267e-01	9.986113912874439169e-02	1.915224376240385051e-01
-1.098047510423136419e+00	1.379618605245264973e-01	3.606427975824934018e-01	-6.958189081197213577e-02	2.446579313560976188e-01	3.402876345184968065e-01	8.112707940397472228e-01	-1.851313741115456421e-02	-1.381864385530069510e-02
-1.410702225240114682e+00	-1.369921198701707366e-01	-1.187375858286150443e-01	-5.388017629916570517e-01	-2.608730269541776892e-01	-2.215131480659760510e-01	6.443534042269343232e-01	-1.696961843087997357e-01	-2.760234677348887278e-01
-1.181004595713174732e+00	7.100761515996879825e-02	2.396732707513934135e-01	-4.374155489739716685e-01	-1.480838120907622402e-01	-9.512829051766219512e-02	7.783125614493016098e-01	-4.722879726626866281e-02	-6.427848834546548429e-02
-1.183331594316801239e+00	7.238398964466258301e-02	2.394461175357167626e-01	-5.022635791825091900e-01	-2.153614871114524487e-01	-1.691944070462148564e-01	8.561891149701010839e-01	2.422796195763868635e-02	5.905963859124734733e-02
-1.349520673044576125e+00	-7.216726211326313090e-02	-1.408567436659186045e-02	-1.536190489941902104e-02	3.152550631581679252e-01	4.219275354642927356e-01	9.973698124789835973e-01	1.532721881091039517e-01	2.821043715128542240e-01
-1.342414380614456615e+00	-6.241314714856363577e-02	-1.077998619333775387e-05	-4.794024710263082856e-01	-1.844883016079508498e-01	-1.336016366580788095e-01	9.411512660659292484e-01	1.027799617935223203e-01	1.941255961281851405e-01
-1.375934598654976249e+00	-8.885074030935212475e-02	-4.884869477692575790e-02	-2.028425335076688985e-03	3.358725046249984025e-01	4.459633578549455635e-01	6.589653978961814706e-01	-1.532252299874477808e-01	-2.498718029628514969e-01
-1.202830258895458471e+00	6.869149087847489787e-02	2.213665161685825500e-01	-6.290232632062220386e-01	-3.403354921120342880e-01	-3.036187282113925190e-01	1.049701658816575511e+00	2.027735097855432878e-01	3.661880457975000835e-01
-1.264133186600541192e+00	1.747696389737416617e-02	1.292890362774837265e-01	-5.450314152573335624e-01	-2.460196807128945673e-01	-1.991735525069687762e-01	1.112078611876839318e+00	2.601439247654093734e-01	4.649453379179647183e-01
-1.127214825624289762e+00	1.427561733062484017e-01	3.433325079424143222e-01	7.820432713608643782e-02	4.325254004533607977e-01	5.552585152198291629e-01	1.044413813786617240e+00	1.992353001523566869e-01	3.587365519238592815e-01
-1.249948234323052576e+00	3.679569491451078339e-02	1.560312714703767922e-01	-4.744824796665350619e-01	-1.631184036482879463e-01	-1.075785973368105636e-01	7.168494005341432551e-01	-9.805043161252226247e-02	-1.569506650269469616e-01
-1.325830032695130889e+00	-2.746940569961186379e-02	4.093518111766392131e-02	-3.466850723401261325e-01	-2.140576502912892171e-02	5.026888040280269587e-02	8.801713982852876761e-01	5.110559109006789641e-02	1.006163797588796455e-01
-1.267455396856557392e+00	2.779103616213145569e-02	1.330823611862304023e-01	-1.341560902185933712e-01	2.121288780579013711e-01	3.103103813536922106e-01	7.382228541491643314e-01	-7.738746201178799133e-02	-1.227812235796441470e-01
-1.224831279388280292e+00	6.899488700908301686e-02	2.007044162001785370e-01	-5.671774676407608240e-01	-2.538075953833033305e-01	-2.080306223188167769e-01	9.732741017974746445e-01	1.369878482785958362e-01	2.476746795536777790e-01
-1.580738642373793246e+00	-2.447224410581778919e-01	-3.475851524632625478e-01	-6.268774599108027923e-01	-3.152279296418425969e-01	-2.763146864999077579e-01	7.746909197447395812e-01	-4.303855440104983193e-02	-6.506111173321055263e-02
-1.408849877792538230e+00	-8.847840612660595738e-02	-8.060868149175660913e-02	-3.399962896771483445e-01	-1.103453454216619944e-03	7.331240581623467423e-02	8.743937049203376333e-01	4.821314923643314765e-02	9.205979433352787233e-02
-1.438858558148913724e+00	-1.120613545053318061e-01	-1.258201967613165606e-01	-4.249283792719286690e-01	-8.983633736544283099e-02	-2.527406948874664355e-02	8.855023207407926034e-01	5.887475602990441953e-02	1.095372778643457640e-01
-8.911239198298575026e-01	3.787863903055958548e-01	7.213741384165435200e-01	-7.578829581438374374e-01	-4.473196329846066410e-01	-4.230337915910715174e-01	5.724975312946785078e-01	-2.252555250295415756e-01	-3.836411450262059430e-01
-1.384218637408313635e+00	-5.725846754600348587e-02	-3.974799172589529861e-02	-4.774731202761438587e-01	-1.401734766451901981e-01	-8.125556208889585241e-02	9.466038558552053450e-01	1.155109421878662695e-01	2.055481456998873024e-01
-1.403085169890750938e+00	-7.105769820317078822e-02	-6.840205947923971852e-02	-4.532253832297401530e-01	-1.105940510071065502e-01	-4.837214236419136448e-02	8.367259246505887038e-01	1.607715334286880654e-02	3.221800510524007455e-02
-1.185044628681228840e+00	1.260541009047649041e-01	2.687404118677453324e-01	-3.664415185179937806e-01	-1.325428938405680962e-02	5.989668480815335538e-02	9.625447464538368081e-01	1.309905423110903078e-01	2.301316185224974442e-01
-1.534611324290302559e+00	-1.823371703017608592e-01	-2.713162246642221165e-01	-5.289381159741999294e-01	-1.860248082273552872e-01	-1.324245069258206398e-01	1.149991700261549399e+00	3.019250638840418888e-01	5.250488222264183547e-01
-1.264438690148239397e+00	6.108392076544610916e-02	1.458940408090524110e-01	-8.534797928511400622e-02	2.979398560947029151e-01	4.060437973799134737e-01	9.310210318629420501e-01	1.032064199381317326e-01	1.796473482186140835e-01
-1.124155225867147889e+00	1.887782828428824222e-01	3.621640606123689432e-01	-8.139576939343012851e-02	3.055317230289232855e-01	4.144129817356121959e-01	1.026675305626968626e+00	1.906077791480601802e-01	3.298134909994804298e-01
-1.222938364497248687e+00	1.035199803471070767e-01	2.087855145486567365e-01	-6.650921962201996607e-01	-3.236291360371504333e-01	-2.857512648381876907e-01	6.333895273978408236e-01	-1.667005234618203213e-01	-2.903543219872113390e-01
-1.125399175054824008e+00	1.930158007551753263e-01	3.585208881545488002e-01	-1.952048018933907614e-01	1.888283139271950128e-01	2.842790324580085071e-01	8.998207116531267147e-01	7.596233158507824379e-02	1.286947167657664093e-01
-1.141361271612358896e+00	1.813688868259384357e-01	3.326407572326917084e-01	-2.766614409121876950e-01	1.038629353083491136e-01	1.895790296016737209e-01	9.384378177558982959e-01	1.114018482144179117e-01	1.887837271678813045e-01
-1.331489232055100391e+00	1.455454387147276513e-02	3.740020991113122972e-02	-2.724047234535812434e-01	1.117730335426392885e-01	1.982498860844966460e-01	1.071732081957084581e+00	2.329097038694076249e-01	3.979321061707870588e-01
-1.310659207008674665e+00	3.551779533667350636e-02	6.781824941303457588e-02	-5.035683739199032782e-01	-1.354143133512800690e-01	-7.695732791054256394e-02	8.556820926168426933e-01	3.666708588653774803e-02	5.667561727431810747e-02
-1.508377950249794708e+00	-1.382157757948056787e-01	-2.397003026752712040e-01	-4.113464189294280815e-01	-3.219411505937689461e-02	3.773802093350726861e-02	5.239495480740486988e-01	-2.648232109983152949e-01	-4.668999434767428514e-01
-1.357051048775237412e+00	-1.213443310370751482e-03	-8.227160446238987457e-03	-5.709216892327212411e-02	3.549467643116317461e-01	4.683952023698650380e-01	1.089242238892724979e+00	2.494695582843743931e-01	4.225539462842900496e-01
-1.051298697043262287e+00	2.732141716193418057e-01	4.615484482269724964e-01	-5.339909679066124903e-01	-1.585093540723020444e-01	-1.031483360500592139e-01	9.111284263474298539e-01	8.761339417736375978e-02	1.408173129159754067e-01
-1.479288707172132789e+00	-1.058394614139959444e-01	-2.026015728252187065e-01	-1.439159323481264408e-01	2.674353728485683868e-01	3.706227476388230246e-01	9.054052438517027346e-01	8.250674638002496175e-02	1.305856197775831784e-01
-1.233560630437845917e+00	1.149494599892108143e-01	1.738486200938837989e-01	-9.738350981101777659e-01	-6.285467623914207103e-01	-6.265827137948705161e-01	9.427715277718106135e-01	1.165442606439113099e-01	1.881495823833186365e-01
-1.274299860053742517e+00	8.054369412689965646e-02	1.074328325311843663e-01	-7.437058937627202271e-01	-3.759194480131647365e-01	-3.457266961181897913e-01	9.437036553833542118e-01	1.173985453199121454e-01	1.882388235763378659e-01
-1.187819121409304790e+00	1.593250190241088937e-01	2.372865155346565169e-01	-1.522491463941731404e-01	2.682195746397742497e-01	3.708379204999224799e-01	6.214594749780903982e-01	-1.757125029311334408e-01	-3.208504260326462965e-01
-1.356277754643875788e+00	1.097990956645725213e-02	-2.709311393043307981e-02	-6.902940554559388042e-01	-3.115150060156976486e-01	-2.744271782836122942e-01	3.718053535552380828e-01	-4.028494497340630032e-01	-7.156695720901343760e-01
-1.344818027314645281e+00	2.274026313975158198e-02	-1.380463187380004397e-02	-4.908155577355424182e-01	-9.210853142828032136e-02	-3.050906742677872430e-02	8.521937377880366427e-01	3.392610760141751697e-02	3.950394196432512051e-02
-1.222189856169733968e+00	1.333820396738932268e-01	1.709364871257166019e-01	-6.884001670940322892e-01	-3.029498889893015856e-01	-2.653940550496574069e-01	8.958112666251811795e-01	7.341692927958408388e-02	1.065420341473849453e-01
-1.309370793588561455e+00	5.707522580288915126e-02	3.121156353757897906e-02	-4.217548573226666542e-01	-1.089357957647130865e-02	5.693792628840115000e-02	7.763026480842903920e-01	-3.550054780242389851e-02	-8.353713246948130111e-02
-1.273052999300201549e+00	9.062316765419223263e-02	8.196726306202054002e-02	-7.133277438651797198e-01	-3.236633609707726955e-01	-2.898568212461428151e-01	6.163849604555250439e-01	-1.812254052010174032e-01	-3.372689946516495563e-01
-9.655837294676676841e-01	3.655059254267339353e-01	5.513554991843281350e-01	-4.294811955400778536e-01	-1.290472761376654925e-02	5.614792632787640736e-02	9.538868770484625337e-01	1.254003151541645822e-01	1.925636206807044837e-01
-8.486577632632325008e-01	4.705868946847502343e-01	7.260435208282838282e-01	-3.658497202806956783e-01	5.924752511764773411e-02	1.363046162137227235e-01	9.558947936218493702e-01	1.268425718317336137e-01	1.938061542513927205e-01
-9.489721591187449956e-01	3.820899024321369186e-01	5.647783033198261471e-01	-4.493394542181222695e-02	4.101831119645970580e-01	5.265816247266651429e-01	9.214923550491993520e-01	9.512254485177898400e-02	1.376385266338240876e-01
-1.102371752182028430e+00	2.461904880805816653e-01	3.211803856319418449e-01	-1.887216972556546302e-01	2.575792264036684820e-01	3.564850855610718905e-01	8.913740247714042608e-01	6.724269161727099153e-02	8.815769879672369358e-02
-1.124100629979930099e+00	2.274088113132896882e-01	2.806997565180775478e-01	-4.003048276695455598e-01	3.151563400342826532e-02	1.046152964998916524e-01	9.533483613057636141e-01	1.230672463906932884e-01	1.837033526952384643e-01
-1.162324885678074349e+00	1.938019270140340922e-01	2.144165629548696606e-01	-3.914849146549465031e-01	4.425673150696288888e-02	1.184576996353316758e-01	7.561839979308957460e-01	-5.684434410915702868e-02	-1.290330331077372272e-01
-1.206876732278205022e+00	1.544216795043658885e-01	1.380403716393985569e-01	-2.637111180224911422e-01	1.858848780576307924e-01	2.756976163824768622e-01	1.211572092630735398e+00	3.566781382513808940e-01	5.861846280072828819e-01
-1.256182394010830983e+00	1.106661278608744164e-01	5.396955482814928817e-02	-6.234016459597846449e-01	-2.006927804417928396e-01	-1.548026870155535806e-01	7.220862971740014125e-01	-8.920323170627057763e-02	-1.871498135878075231e-01
-1.160493803351983599e+00	1.958813373279184589e-01	1.936149535855127279e-01	-4.823041584533793724e-01	-4.464232865222091118e-02	1.838161583495668064e-02	1.119462020170208794e+00	2.714508640319248656e-01	4.365986617446510065e-01
-1.032654252810611961e+00	3.095809176917716510e-01	3.826509008018992297e-01	-2.222731825474027478e-01	2.402545222875115405e-01	3.349067390810468448e-01	7.297016250073717902e-01	-8.383699224128014771e-02	-1.796897866295277535e-01
-1.426603258524305362e+00	-4.151383565186997360e-02	-2.347969242908524157e-01	-6.551537029081955232e-01	-2.256617515705855170e-01	-1.840429839919674737e-01	5.428478787633316260e-01	-2.546431989672388596e-01	-4.763666028207352299e-01
-1.271743905275016795e+00	9.594900768697867122e-02	-4.649324292663570279e-03	-7.203232778565871186e-01	-2.931612719483188689e-01	-2.596389396016193229e-01	6.956633091613807496e-01	-1.165742857577650726e-01	-2.379616286931284241e-01
-1.257514915838499503e+00	1.080299087613287856e-01	7.906907418898143081e-03	-4.824763364699872770e-01	-3.234277227736548355e-02	3.005850419424423506e-02	1.023928038652956118e+00	1.810067100773746496e-01	2.768123331708389756e-01
-1.371073686891645549e+00	6.163375388577418956e-03	-1.772798142175869840e-01	-5.071370763487580424e-01	-5.597679390000052935e-02	3.179012218533686096e-03	7.866265595643193720e-01	-3.582941277272550656e-02	-9.937316849322892776e-02
-1.332334512961114159e+00	3.976055309662029913e-02	-1.274733704724581862e-01	-4.310089377538886546e-01	2.957388825948793071e-02	9.776433611108827082e-02	6.941912591322250137e-01	-1.209717039667656951e-01	-2.473657131814635535e-01
-1.198218027764137217e+00	1.581327549701475599e-01	6.938516687361818980e-02	-4.943281500815097096e-01	-3.599240504262347234e-02	2.414993006860611038e-02	8.971736264077287970e-01	6.251431506778137859e-02	7.002722246634771053e-02
-9.824136321926777438e-01	3.490881062412337643e-01	3.921492554283044774e-01	-1.390643799690044480e-01	3.519735288981923338e-01	4.551791385345489993e-01	9.148348461593283076e-01	7.740400887657694629e-02	9.547856230743148598e-02
-1.048565807528571092e+00	2.888041353387694743e-01	2.789820524528325851e-01	-6.459338331710230419e-01	-1.942487375769289537e-01	-1.533853251728822809e-01	9.275890589477060466e-01	8.778536342833458128e-02	1.132160246950520144e-01
-9.187899305706768160e-01	4.028299451537384890e-01	4.682214803707522854e-01	-6.664512032147729137e-01	-2.135141486278345213e-01	-1.755966991768665164e-01	1.094795071495513028e+00	2.385845101982057292e-01	3.742715096684995357e-01
-1.113495797288921896e+00	2.277456317681406106e-01	1.558372656847129833e-01	-7.258590908869574365e-01	-2.749465622259352204e-01	-2.447872590118768121e-01	9.083492069753548170e-01	6.770157729931637614e-02	7.823315635625539832e-02
-1.416636370278886892e+00	-4.406253576552099371e-02	-3.243756036029666334e-01	-2.817274863589876999e-01	2.091993043925454709e-01	2.930933053057740434e-01	9.315185444942518656e-01	8.740995865588652158e-02	1.124284699645311109e-01
-9.973401091829366960e-01	3.272862487028754264e-01	3.112969569592640151e-01	-2.655397996056351184e-01	2.296090264600780251e-01	3.148909844460624496e-01	9.635214945869262637e-01	1.151135921155101854e-01	1.605804606317574046e-01
-1.288843108513171964e+00	6.551086000281744481e-02	-1.515078261163548268e-01	-1.355505301150914943e-01	3.732931246447960261e-01	4.738089025406755361e-01	8.381056974566324369e-01	-3.922097223035356933e-04	-3.921420262930069844e-02
-1.070618006751097084e+00	2.574773668090605261e-01	1.729646467768564677e-01	-6.502735794110690026e-01	-1.816445673948555162e-01	-1.447615109315926463e-01	8.168986623189008478e-01	-2.116302531542741533e-02	-7.479561775930151923e-02
-1.137912922691717510e+00	1.950247638670383477e-01	5.597722930808056441e-02	-4.027646306904307250e-01	8.930494800150996781e-02	1.557615071909197457e-01	4.628244609141682342e-01	-3.447126098017364582e-01	-6.347191119419499650e-01
-8.710822507466513542e-01	4.299389678472304022e-01	4.549336761438151910e-01	-7.463527043113626913e-01	-2.802762086544102194e-01	-2.565998471438366013e-01	6.902790791474188170e-01	-1.394098427170580301e-01	-2.784811242575860324e-01
-1.017528708132946491e+00	2.966663909713095348e-01	2.150952614909383831e-01	-6.878588197783899183e-01	-2.142266767999478905e-01	-1.842654254632671851e-01	1.177503845768928414e+00	3.021169438905015880e-01	4.870515089502805983e-01
-8.668132672630850522e-01	4.278445998460976840e-01	4.341051195044504096e-01	-4.663555842949653196e-01	2.839621327010603130e-02	8.450901603887520097e-02	8.403152103775679560e-01	-6.171786645662899300e-03	-4.606867563380154240e-02
-1.030426289159512843e+00	2.789483962916112225e-01	1.672019634569600344e-01	-2.040182654026749809e-01	3.152227791888319586e-01	4.024260574362252263e-01	1.106607261223677696e+00	2.343538365603655693e-01	3.715582087629359376e-01
-9.715799425952917900e-01	3.279809262002590931e-01	2.437347917287619181e-01	-3.217498129740463120e-01	1.901649436883545707e-01	2.619576345752129276e-01	7.777098409502445353e-01	-6.645669466257592140e-02	-1.483492165765455950e-01
-9.758984864258062331e-01	3.205972689313676960e-01	2.224120546430307099e-01	-3.887746559853407780e-01	1.199906051979022364e-01	1.825152294320781521e-01	7.429280452180200278e-01	-9.979771283799100667e-02	-2.048310345025957380e-01
-1.073510008875985244e+00	2.299687603574863404e-01	5.668811413828104412e-02	-2.219913615898497228e-01	3.031064425798860040e-01	3.848827026982488131e-01	1.137813044739619972e+00	2.576051357067998260e-01	4.156423328250664073e-01
-7.823473878232187761e-01	4.853707245539611304e-01	4.913681150518247054e-01	-7.500925103948319350e-01	-2.667941971177354432e-01	-2.507412702025700879e-01	7.450487841010784429e-01	-1.013565994259630898e-01	-2.045841790629001067e-01
-7.559657816222286053e-01	5.048202608228602450e-01	5.167009803448964211e-01	-5.423905195208048591e-01	-3.946835794140921005e-02	7.291591394807846183e-04	6.774639653496628000e-01	-1.645989023024493625e-01	-3.124461938720076715e-01
-8.695163950861828361e-01	3.994938020734173922e-01	3.255828410527736860e-01	-5.894635473071908605e-01	-8.827930227442622180e-02	-5.512641390454971202e-02	9.579289861462463307e-01	8.869021355949670282e-02	1.281072736388768341e-01
-1.092026842085012106e+00	1.969726282599740530e-01	-3.412981704969451913e-02	-2.240831684339461560e-02	5.282837371742005184e-01	6.293909462990823211e-01	6.339836322613441322e-01	-2.077284616742643142e-01	-3.833620186970624899e-01
-1.089199019752101538e+00	1.949454687277413223e-01	-4.593802026369726843e-02	-7.930232570174394757e-01	-3.046706007767630009e-01	-2.991343863852222174e-01	6.372039169970440398e-01	-2.066105371651390799e-01	-3.793138735254051874e-01
-8.569989360485334995e-01	3.970053722112760752e-01	2.963943532083196941e-01	-5.623054992455815970e-01	-5.269709925275746498e-02	-2.041149039337801507e-02	8.516829431541940165e-01	-1.336544220200426222e-02	-4.232967968069113740e-02
-1.137874828405480043e+00	1.420109524547387148e-01	-1.542314832442856498e-01	-4.187398688362246602e-01	1.048312613517884406e-01	1.541372379212036514e-01	8.428838612934146379e-01	-2.318275108554459021e-02	-5.689140649847043013e-02
-9.624120297677587477e-01	2.932158725494855012e-01	9.997270092884916193e-02	-5.868585240721346796e-01	-7.548292825825934915e-02	-4.886511591377724895e-02	9.073734353582313394e-01	3.364532936547195985e-02	4.408698365900243915e-02
-1.020674550232837374e+00	2.361269071123305585e-01	-7.173048874305032463e-03	-7.974878094385133842e-01	-3.019613805322715061e-01	-3.028792809153361132e-01	7.398219865741890722e-01	-1.205551791401719419e-01	-2.203099125956807791e-01
-9.876899661984590573e-01	2.601286236523913109e-01	2.641428448166539822e-02	-9.307995018156307587e-01	-4.447467664191504522e-01	-4.636569673037784778e-01	9.416133411286453647e-01	6.115674600537093775e-02	9.729096297333432453e-02
-8.570496131623204228e-01	3.709276559275004326e-01	2.106307383019069279e-01	-3.706548395040294430e-01	1.637704353448225236e-01	2.116236358579899890e-01	8.182119090471757783e-01	-5.288021857135974391e-02	-9.723255810527065002e-02
-9.233166562911725439e-01	3.062205643485939599e-01	9.042977971213339572e-02	-5.730120865429274568e-01	-5.401321669934001923e-02	-3.269133063402506617e-02	1.124813133289647604e+00	2.241762040576679438e-01	3.858264878241188800e-01
-9.136404621833569273e-01	3.089791362213648585e-01	8.734152185428532833e-02	-4.971187518380202341e-01	2.960789559188061956e-02	5.841695111821604974e-02	7.363003805862508022e-01	-1.309529076823575111e-01	-2.259866201446855682e-01
-7.364006717278539504e-01	4.607911496450377564e-01	3.429176507681350183e-01	-5.379458574322818487e-01	-1.333952795456160023e-02	8.670665973266607207e-03	6.466886796612669741e-01	-2.142109152187846588e-01	-3.667266248217891933e-01
-1.038688057457282543e+00	1.854304096374964905e-01	-1.426014155251152382e-01	-7.067783969382921416e-01	-1.950854980746681844e-01	-1.955613610702186533e-01	7.580025873326323715e-01	-1.147171140240052095e-01	-1.907593104712036469e-01
-8.964941929162145717e-01	3.057168377563533879e-01	5.838686032906623830e-02	-9.148275927844573552e-01	-4.194163928726427071e-01	-4.471798075494831104e-01	1.106678638272335480e+00	2.006792035157483611e-01	3.593378925719845074e-01
-7.993475546615365079e-01	3.857315829351157799e-01	1.895648765660717661e-01	-5.506269303619268918e-01	-2.379153738971108781e-02	-8.959193320195429910e-03	6.412017189190378774e-01	-2.243492455315236889e-01	-3.729194214568365418e-01
-6.736060263975649498e-01	4.910534426241182082e-01	3.647129870385946715e-01	-1.515413871802892554e-01	4.095445836631293468e-01	4.712106958621697927e-01	5.696119635370401335e-01	-2.911124009954535463e-01	-4.844552424379289790e-01
-1.008280995064152918e+00	1.862244384477892145e-01	-1.716989246932265900e-01	-7.325436571657659712e-01	-2.192041691022549865e-01	-2.305019209986279016e-01	5.482126825880228038e-01	-3.122021500661956717e-01	-5.167193278360409092e-01
-7.703640459769289794e-01	3.911275880099779889e-01	1.763478827289342021e-01	-7.727301448629515512e-01	-2.620561454837158633e-01	-2.802490597696928321e-01	7.214458303457130794e-01	-1.562325934191000076e-01	-2.421336294459852934e-01
-6.592833703690588187e-01	4.829312998393125445e-01	3.282270932676144559e-01	-4.580654153462431211e-01	7.949899743502437943e-02	9.775745256135986994e-02	5.872900056428438376e-01	-2.797889469463248346e-01	-4.515633384730012301e-01
-8.411662584773337281e-01	3.137023818612167392e-01	2.727171527862512490e-02	-1.793987608929688005e-01	3.819374572215062935e-01	4.322309513134920955e-01	1.080824407963543399e+00	1.675784401412436786e-01	3.280822982761945061e-01
-7.805527989828993096e-01	3.602627654661045842e-01	1.007814845031525519e-01	-4.167461999707581799e-01	1.251408637972356019e-01	1.443948300687089570e-01	8.980090249762847643e-01	-1.366181742206151739e-04	4.248507105984464238e-02
-9.229840273916607440e-01	2.258642922574653766e-01	-1.396182273243987693e-01	-6.865639833571544060e-01	-1.669371272529533989e-01	-1.826894584330199522e-01	1.200576694621491303e+00	2.736467164822447007e-01	5.217824232399422835e-01
-6.023165982108775740e-01	5.037012082797857060e-01	3.352874699486344534e-01	-7.610992663812679027e-01	-2.475233060771943605e-01	-2.744250080971118444e-01	5.649004218358243401e-01	-3.058274430655344434e-01	-4.767130059111452933e-01
-1.129605854687160571e+00	2.629504863542536652e-02	-5.001061098470415134e-01	-6.914458891480966818e-01	-1.719815372563772427e-01	-1.924197470859988490e-01	6.886989532610268139e-01	-1.945151849200938976e-01	-2.785142749144716712e-01
-3.565270170465865140e-01	7.067054862995567621e-01	6.734027327955117714e-01	-4.806964713936997535e-01	5.634321012039045229e-02	5.962379062000407182e-02	1.000232999190282746e+00	8.760369417837761408e-02	2.157052130282488545e-01
-6.021721826918503551e-01	4.798088156437559926e-01	2.727820804974612767e-01	-2.424150323756056880e-01	3.143888433646246927e-01	3.442620522599000865e-01	6.730974210896231158e-01	-2.110706931889049787e-01	-2.959317586287842916e-01
-7.490100803346678715e-01	3.407554324362068732e-01	2.463636465686680488e-02	-1.658613852117138965e-01	3.970846826825709108e-01	4.345558653234169455e-01	2.981475286210668596e-01	-5.531602615052338967e-01	-8.825993240655466421e-01
-6.648449757685830352e-01	4.072643662785606633e-01	1.331950990057820805e-01	-3.046840039957894319e-01	2.463163422069141739e-01	2.649661349788024478e-01	5.319330444880057129e-01	-3.415439903588712856e-01	-5.100098617171364701e-01
-5.343432832771315422e-01	5.148944777396431416e-01	3.131936098960007575e-01	-6.043179376709142403e-01	-7.880108117823277081e-02	-9.876475335703985281e-02	1.018293899545571257e+00	9.986960672562229802e-02	2.607740887775927829e-01
-6.493985085391835721e-01	4.037188872442144527e-01	1.136040106208549144e-01	-7.822201301093065773e-01	-2.721135276320899021e-01	-3.157922438562438261e-01	9.254614730393178057e-01	1.459046426553821385e-02	1.194186293124893383e-01
-5.841935751803072341e-01	4.529233915105140840e-01	1.923350694033045816e-01	-3.593653289663394368e-01	1.854342369341674401e-01	1.915581302174516054e-01	7.330015058066527978e-01	-1.612061634018056300e-01	-1.785617683210003470e-01
-6.189663827345526226e-01	4.129608344656452990e-01	1.164280474487382061e-01	-4.622525436564198231e-01	7.321459950167910624e-02	6.480525260668673626e-02	1.077740797096204961e+00	1.516624129714382874e-01	3.700492832383924791e-01
-6.181331178166968865e-01	4.045681821431436065e-01	9.536165200565802080e-02	-5.565575064561846252e-01	-2.979953309458836797e-02	-5.171021355857167989e-02	1.305248495268446884e+00	3.579976929715403822e-01	7.342875066871155099e-01
-8.018463493770491279e-01	2.317033813690229094e-01	-2.110004580375632321e-01	-6.699433428637803223e-01	-1.535828180015950117e-01	-1.911469073918202477e-01	4.976922380561613624e-01	-3.769388126037587217e-01	-5.317181746140271503e-01
-4.042960027754795016e-01	5.763127827785726742e-01	3.805319095658546424e-01	-5.810476954495269464e-01	-5.827159814639110147e-02	-8.685912182354460498e-02	6.605498245974407157e-01	-2.292016898809507430e-01	-2.686597083847712675e-01
-7.649163521169930480e-01	2.456467491031937289e-01	-1.994909372519157731e-01	-6.449380863752429693e-01	-1.286059784964647401e-01	-1.668991534645710983e-01	7.104279957224827191e-01	-1.841165252106777284e-01	-1.832527889122927967e-01
-5.878216875217373572e-01	3.936777803961607480e-01	5.110235300951350423e-02	-3.134505863650676183e-01	2.293907514473890741e-01	2.299392408552426437e-01	7.527590678155280379e-01	-1.457814698287775435e-01	-1.093755901289389099e-01
-6.392379561766817764e-01	3.380918068194628812e-01	-5.152087862547870267e-02	-2.784459289614378275e-01	2.660459833716273259e-01	2.690815482988135332e-01	5.261051353796416530e-01	-3.519748671942508622e-01	-4.588982166941014684e-01
-2.866599649481050838e-01	6.421283728195794627e-01	4.698709723346066736e-01	-3.632746172558784514e-01	1.727709171182700287e-01	1.636278754963825799e-01	1.109806544513705528e+00	1.789561113685153304e-01	4.685277968141751126e-01
-5.826632566765524990e-01	3.684820822944288587e-01	-1.097593300471558231e-02	-6.310245219873075184e-01	-1.187750222106964126e-01	-1.619475136847641494e-01	7.493066022247846236e-01	-1.487302413626281072e-01	-9.111444991586646613e-02
-6.979671599803596305e-01	2.556192474606959752e-01	-2.127807580999124260e-01	-3.282059547922051568e-01	2.078400686227204475e-01	1.998079749371926839e-01	9.071013499322275742e-01	-4.914451933443281240e-03	1.660815705061449987e-01
-4.438547306832275052e-01	4.715916130315700450e-01	1.560169439812881809e-01	-5.472790825006470516e-01	-3.111297677751581614e-02	-6.745502938572234264e-02	7.953405364010097678e-01	-1.061310693653494119e-01	-9.885824792165709418e-04
-6.660294645768995991e-01	2.633111143244570851e-01	-2.112148652704753660e-01	-5.825540519210333779e-01	-7.098154768158035366e-02	-1.131367660816288284e-01	8.021455851169591034e-01	-9.937717303427602566e-02	1.911884953097842121e-02
-3.789131638924934653e-01	5.084245844164424488e-01	2.082594430999849533e-01	-4.138906018134883569e-01	1.100542525674275962e-01	8.687396798932719988e-02	6.671568993177638962e-01	-2.214505009440034256e-01	-1.837727811044994608e-01
-6.673037250514843866e-01	2.409330540784694885e-01	-2.615874998461545919e-01	-3.642429034060117310e-01	1.620672741047318455e-01	1.435664992827292152e-01	6.790793888143151769e-01	-2.097724466888892803e-01	-1.548376860854335513e-01
-2.665564391841754865e-01	5.869892755967680564e-01	3.331490229805809111e-01	-2.110728290058386802e-01	3.261981424585406186e-01	3.250699104546809215e-01	4.860719314075508946e-01	-3.843284907348496482e-01	-4.483292642842088283e-01
-3.973955199497007373e-01	4.595535526598467646e-01	1.064259023391198322e-01	-2.450872260199851993e-01	2.874439819962427700e-01	2.806275483866022546e-01	7.672868786576896305e-01	-1.274414648941784023e-01	5.637929011394982037e-03
-3.832518698123919543e-01	4.611037059539441207e-01	1.035560843008186682e-01	-3.065284823749340193e-01	2.189019384037459992e-01	2.031932446538317061e-01	6.770809690912519274e-01	-2.082075965377415960e-01	-1.251094023823030588e-01
-5.931925225554973702e-01	2.629914703266396092e-01	-2.456588396304306143e-01	-4.141079855729421499e-01	1.002932510081495920e-01	6.986901281996583946e-02	8.172738460239743485e-01	-7.927640959999485148e-02	1.075061852015865155e-01
-3.129189292842078918e-01	5.012914479108973032e-01	1.623213708394282695e-01	-3.504919903154772864e-01	1.671290854390051761e-01	1.426864508638467366e-01	1.030661831140094797e+00	1.163843660193842888e-01	4.560349221320530999e-01
-3.722657643194742794e-01	4.370428665220418840e-01	4.536530359504160892e-02	-4.644207207809845084e-01	4.154253433592065836e-02	2.608355126369735558e-03	1.171185115591602655e+00	2.459455873496304845e-01	6.900368792247815186e-01
-4.441025225899508655e-01	3.615559169997256683e-01	-9.091384121209471203e-02	-5.150550388442073357e-01	-1.548826056623318209e-02	-6.188899930298415869e-02	5.274208290619144535e-01	-3.376327899564696144e-01	-3.111228033758365319e-01
-4.637051129443382491e-01	3.324698378866567383e-01	-1.465990084876241939e-01	-5.416238430710140772e-01	-4.649340305098813297e-02	-9.733313528112616519e-02	6.213303954871560730e-01	-2.501351651622552019e-01	-1.497339205958919672e-01
-3.133383984403389499e-01	4.546275274367597152e-01	6.018414126312938289e-02	-6.854304275891576204e-01	-2.045918203407799951e-01	-2.744252678933828404e-01	7.380628569348618440e-01	-1.417161685516396541e-01	4.803643958105302536e-02
-4.953590008477335438e-01	2.806867071437996186e-01	-2.467305188423385143e-01	-3.725396487270395962e-01	1.321273314514370967e-01	9.928396157288474355e-02	8.729911150444695789e-01	-1.657038015675732501e-02	2.749265500346553814e-01
-2.686332875485848426e-01	4.706195445455973458e-01	7.776403251822538998e-02	-8.455575030291700989e-02	4.418071814781614481e-01	4.429645636130089548e-01	4.902697670501543481e-01	-3.620383022307167575e-01	-3.132134523075099652e-01
-5.651932366224249327e-01	1.944636025421542791e-01	-4.063599814735165960e-01	-5.802763144619614843e-01	-9.775270143684185176e-02	-1.586214505639436390e-01	6.968714678886993585e-01	-1.713537573221791122e-01	2.747210909981578908e-02
-9.296465469156023342e-03	6.773024052516450899e-01	4.264376203135473165e-01	-5.948589010650513487e-01	-1.160368808339536789e-01	-1.802534609700601476e-01	7.389147986844792904e-01	-1.301384813541577035e-01	1.093872371064403409e-01
-2.804111761530713176e-01	4.235892760464108342e-01	-1.864828535346469557e-02	-1.124844181301206114e-01	4.040903259011204285e-01	3.972048536614368186e-01	5.301555417963553785e-01	-3.168415251478867156e-01	-2.033537374857504743e-01
-1.873859882607356586e-01	4.940323159478828829e-01	9.875563915404084181e-02	-3.844617056724930482e-01	1.067546961999837618e-01	6.487436548337954800e-02	6.478200694982563235e-01	-2.064732848616555594e-01	-1.403858745080921455e-03
-4.241210490244228803e-01	2.707214832963502071e-01	-2.934820800199426927e-01	-4.544611290162336448e-01	2.822345782639116424e-02	-2.346709703355263216e-02	4.073420738317276579e-01	-4.216383492100480579e-01	-3.631721718452445291e-01
-3.590868724954408009e-01	3.160271593041645843e-01	-2.195993616886490751e-01	-4.003033053989446532e-01	8.417347714267411907e-02	3.780555073604430216e-02	4.164010593917776282e-01	-4.096498261637456784e-01	-3.313536022186474028e-01
-5.611121625600610230e-01	1.234153134718925515e-01	-5.584495170471608372e-01	-1.767257024618855976e-01	3.236467764521772095e-01	3.031248617019768332e-01	5.307086851112423620e-01	-3.017403347006077929e-01	-1.332599028190354362e-01
-1.479587615854658089e-01	4.785091723340769709e-01	5.303721056308824400e-02	-2.708394965327456383e-01	2.188208497514556039e-01	1.854007084327084776e-01	4.395874389195564835e-01	-3.804578005408408847e-01	-2.583062368439521528e-01
-1.531921829176596528e-01	4.609324773405982789e-01	1.801343655825333318e-02	-7.184965953312996145e-01	-2.691364773398554067e-01	-3.585341638455279423e-01	8.717757409965389837e-01	1.697905167283059180e-02	4.415374934528022433e-01
-1.385310642326985642e-01	4.609707312711525118e-01	1.360579471313564520e-02	-5.561143138317181656e-01	-9.613082496429252444e-02	-1.670494548063264362e-01	5.545236800067134819e-01	-2.669764357891158402e-01	-3.875143381568484091e-02
-1.271799243390715206e-01	4.579616929502717815e-01	3.985479403796038378e-03	-2.289309050487590425e-01	2.553875525188510354e-01	2.230001830476935620e-01	6.431243989885568890e-01	-1.815991481311968192e-01	1.208108559904642887e-01
2.639015361765446877e-02	5.814975442581501452e-01	2.139434932900426967e-01	-6.137195521114563457e-01	-1.646271988034841982e-01	-2.457929701562846236e-01	7.238832989741770252e-01	-1.031351545754455590e-01	2.685192844600732820e-01
-1.479764851198948905e-02	5.315041636983760531e-01	1.228801684287615381e-01	-3.271306083458431213e-01	1.427622221739966446e-01	9.505296315430768195e-02	8.377628486316155421e-01	5.671310750031854919e-03	4.688944455196076833e-01
2.708293513312958617e-02	5.553834354271546259e-01	1.600312913548621041e-01	-3.910820545089040978e-01	7.023423772563258671e-02	1.279824434627305912e-02	4.411808310668828836e-01	-3.495444244906807940e-01	-1.343734397761695842e-01
1.929952180257332034e-03	5.194730303487195000e-01	9.355382535528923571e-02	-3.779026654275838282e-01	8.123837058913428721e-02	2.442363465800727329e-02	4.072197625829765966e-01	-3.747347330839378987e-01	-1.658718720075320341e-01
-1.703390036366868587e-01	3.524618913517907348e-01	-2.003376668743762634e-01	7.545796658791154021e-02	5.691688001832577726e-01	5.664849225076697969e-01	4.605518478065838139e-01	-3.203024201893859835e-01	-5.931958822634279815e-02
-1.083485124964884694e-01	3.939615850971043831e-01	-1.323806218522667055e-01	-2.171726442308706817e-01	2.487501657467398597e-01	2.092134568918943560e-01	1.539685542729022638e-01	-5.929662923466091362e-01	-5.192141791505200388e-01
2.299415644467902864e-01	6.814079266827599568e-01	3.623115821346403198e-01	2.120285145549688499e-02	5.036218698351921930e-01	4.913946875730189623e-01	3.942882127838782669e-01	-3.679905084731256992e-01	-1.170369746868032551e-01
1.857844348800287704e-01	6.281944507194805460e-01	2.659895791720945368e-01	-3.469710521424793082e-01	1.011524019512039241e-01	4.150851234953410046e-02	1.558972870669703414e-01	-5.781508154487837725e-01	-4.684930098111497743e-01
1.433482530254044374e-01	5.764195024298177650e-01	1.722593507549153302e-01	-4.666608824356621166e-01	-3.212636884106140345e-02	-1.073377936798367849e-01	2.429680218322010643e-01	-4.920601108672339463e-01	-3.066940431603730755e-01
-2.245573227189199272e-01	2.347260888232884368e-01	-4.244039806869072673e-01	-6.122626408303342149e-01	-1.935049639110677511e-01	-2.868512476236700359e-01	3.654611354964844017e-01	-3.735068752235544687e-01	-8.853659916341810598e-02
1.430118124876873231e-01	5.478741672785137906e-01	1.151653625175241696e-01	-6.885763884914191113e-01	-2.798156596485594783e-01	-3.840457775609527613e-01	3.588279176784934243e-01	-3.721351154511264858e-01	-7.323723210705838926e-02
1.568700080089737436e-01	5.459555994043046034e-01	1.081008346777553308e-01	-2.093927253685023693e-01	2.357027544287474408e-01	1.883277073380715261e-01	5.994321363443068096e-01	-1.456413363689681995e-01	3.320859064060963095e-01
2.331305096423239298e-01	5.995138109888918931e-01	1.973253889853721077e-01	-7.503065434508056075e-01	-3.542580465706360870e-01	-4.700508905716689334e-01	1.989811711933291982e-01	-5.019167816851249908e-01	-2.719587210412144906e-01
4.864302465241657214e-02	4.207896754371143744e-01	-1.163455819239386513e-01	-4.353136898438619284e-01	-1.680069575562997963e-02	-9.492514992918349437e-02	1.908232827607780624e-01	-5.011472483083427854e-01	-2.574365711381606525e-01
2.142485558336918727e-01	5.537322381192680831e-01	1.108253612158406898e-01	-3.566218080174275995e-01	6.464731022306026420e-02	-3.794261452220113948e-03	4.230988853238745184e-01	-2.814294715562963844e-01	1.364658047560357579e-01
-8.639749353090103723e-02	2.713975987292746028e-01	-3.824385474820845565e-01	-3.796993395222191814e-01	3.573650149467715031e-02	-3.811345164048109135e-02	-2.844885655212545106e-02	-6.833786627038163086e-01	-5.465774177103354114e-01
1.812022475675219291e-01	4.949920186777378994e-01	2.044295665316268884e-03	-3.215488365229241530e-01	9.462886938268340320e-02	2.474703955757081783e-02	4.541661487780931372e-01	-2.354495922719683498e-01	2.427519677366814788e-01
3.110585653488464053e-01	5.958396819835531932e-01	1.736519004234500507e-01	-2.763067307091300884e-01	1.395387372226208900e-01	7.507189067182452880e-02	3.715319009963228281e-01	-3.013249671551125886e-01	1.422242523188680663e-01
4.226445350055725303e-01	6.803325938309671139e-01	3.169903921949787096e-01	-3.764063142320027699e-01	2.704838888637579181e-02	-4.879713571692292223e-02	3.042705462378408887e-01	-3.529270475338195379e-01	6.657015730183243885e-02
3.562942512206805357e-01	6.062904709479863818e-01	1.852915235264424587e-01	4.991450747036391133e-02	4.848949514981640285e-01	4.593194972309518898e-01	1.786555556174363735e-01	-4.573119033738434203e-01	-1.004779983018798395e-01
3.857801961959465009e-01	6.175034143120879948e-01	2.015375310420024213e-01	-5.237634476229695579e-01	-1.409691546826912223e-01	-2.395716571137311290e-01	2.072584005029443899e-01	-4.211502314227430488e-01	-2.407948702929055274e-02
4.362500322502297356e-01	6.473177857384946332e-01	2.501794407553957211e-01	-8.153341085521504938e-01	-4.611512259464014551e-01	-5.954121938253241764e-01	4.100829049261000558e-01	-2.262397198604912396e-01	3.273896854087069430e-01
2.259382920484952761e-01	4.448275754787054392e-01	-1.041233641689123801e-01	-4.409109178651602901e-01	-5.958643080496087152e-02	-1.468585737311705608e-01	-2.466198916613989434e-01	-8.127556057469731421e-01	-6.745486073183303288e-01
6.378031531703696189e-01	7.962966484174287540e-01	5.027174213334997255e-01	-1.542533756518273125e-01	2.468216960398976756e-01	1.927636116752877438e-01	3.192596834225024383e-01	-2.870545130337109896e-01	2.500409241852111775e-01
4.670645372296929887e-01	6.288804151109625984e-01	2.093057247541967036e-01	-3.244660481389994300e-01	5.799030166375043760e-02	-1.959089252380046345e-02	8.315364246677753313e-02	-4.904378845334940173e-01	-8.825706148752293645e-02
2.957608848632541920e-01	4.608802960864107900e-01	-8.496640685067488596e-02	-1.198116969987404468e-01	2.753969248543833293e-01	2.229180582805465327e-01	-1.370851859949221707e-01	-6.790844329786982492e-01	-4.009180198119084437e-01
2.080737369970539208e-01	3.672620637113039876e-01	-2.500817387265645286e-01	-1.138566389269036472e-01	2.776532637778732493e-01	2.272392438546972926e-01	-1.378373457094705101e-01	-6.677918785938001811e-01	-3.671368308521769652e-01
3.833425376226897718e-01	5.077237642792821193e-01	-9.070167289063714444e-03	-2.870018272832267070e-01	8.572325815642131697e-02	1.084408770348869316e-02	-2.266081612005294843e-01	-7.362408405040613557e-01	-4.715101914395974925e-01
6.083205532743136690e-01	6.923703292912117835e-01	3.086494824580607310e-01	-2.562547282413941141e-01	1.145972916728677515e-01	4.307295141897208440e-02	-1.978328215983376492e-01	-6.974607796171595764e-01	-3.901309453998613175e-01
6.062995807657678426e-01	6.747987616278365852e-01	2.756440733097915152e-01	-5.556917466053934440e-01	-2.142058995797370691e-01	-3.201443728815877021e-01	8.954976987365009800e-02	-4.231583293359650333e-01	9.930091743655064529e-02
4.787760956412281943e-01	5.453918285649778097e-01	4.867163853834839682e-02	-3.818153229278087313e-01	-3.003222694026283501e-02	-1.152661403700634274e-01	-2.400725706532228498e-01	-7.096841763692013361e-01	-3.826291894117302972e-01
2.300340295285951131e-01	3.079628967185651378e-01	-3.657088285356231427e-01	-1.763383382488411810e-01	1.882815937660736738e-01	1.249884758238831856e-01	-4.832730106906307777e-02	-5.216999200108439760e-01	-4.264820751663080112e-02
4.896187195849339147e-01	5.231144197839339149e-01	5.233219600772718791e-03	-5.143322077541009341e-01	-1.824139073134181388e-01	-2.871353097959730150e-01	-1.217904780244949831e-01	-5.745854714766345239e-01	-1.198971811177570873e-01
5.843989239865344798e-01	5.914335291364951619e-01	1.215319327225684864e-01	-4.228357106765397999e-01	-8.763991199591496251e-02	-1.805268721984152613e-01	2.443047586623781631e-01	-2.273617332228173304e-01	4.959432249790102221e-01
5.152465782325903465e-01	5.136967879481504351e-01	-1.552812621229178111e-02	-2.085292961646943999e-01	1.404101869707616301e-01	7.594533007876894115e-02	5.166904181634740523e-02	-3.879496353962819111e-01	2.322995992763343953e-01
6.056153666401451474e-01	5.779331980752226983e-01	9.373131790608532632e-02	-3.972728788686257229e-01	-6.832134075818947772e-02	-1.571183434670584134e-01	-5.247747476036674907e-01	-8.972465972449377158e-01	-6.352908109929846781e-01
5.642073544621570846e-01	5.247424433752894135e-01	-7.552706656902734642e-04	-1.644363155271176824e-01	1.796196324451024839e-01	1.173296651457107070e-01	-5.457764932648989653e-04	-4.051392789592234145e-01	2.316408605647687358e-01
5.426195394584281129e-01	4.891218147153583162e-01	-6.459268324384609405e-02	-3.358221787391558188e-01	-1.034172102692026973e-02	-9.206029725733021196e-02	-5.883624304973215091e-01	-9.240595521719837668e-01	-6.527120973314297636e-01
7.265783708175246325e-01	6.364589083791896140e-01	1.890629155527938920e-01	1.237300771114960840e-01	4.835178556509263093e-01	4.613489890791118708e-01	-4.022341908615573725e-01	-7.387234105702694675e-01	-3.171196350784717954e-01
6.172680743300864581e-01	5.225629906123068213e-01	-1.050325460758414452e-02	-4.801522735563821254e-01	-1.748261879863240442e-01	-2.719253581112081597e-01	-2.003203647537749044e-01	-5.386552860179744107e-01	4.402591677744632781e-02
6.720311090233769269e-01	5.546883558798432201e-01	4.327460575776364421e-02	-4.949506127626268626e-02	2.877908747110822230e-01	2.430808189700011668e-01	-2.850735484438390865e-01	-5.989195998170175894e-01	-4.574608430106182066e-02
7.662335324278333193e-01	6.218464638176395276e-01	1.578258308015662859e-01	-3.153037038609582399e-02	3.031235769561059779e-01	2.585479148836843377e-01	-3.873289650861096445e-01	-6.747107533625407161e-01	-1.624069498346331630e-01
5.129391059258685548e-01	3.794732681271405506e-01	-2.645934587693098416e-01	-4.183004447371763135e-01	-1.199597926437627610e-01	-2.096693705211506165e-01	-4.610564385243528518e-01	-7.241539589502707930e-01	-2.333282214005638622e-01
5.409115078476146588e-01	3.874736105275564668e-01	-2.525649993801688531e-01	-2.061852255316716787e-01	1.060615238005576666e-01	4.610030118176579317e-02	-1.434093945169588324e-01	-4.172334804226886518e-01	3.131127398294873965e-01
6.865113038431068793e-01	5.001273320488808238e-01	-5.889707835514377404e-02	-5.017783547654233733e-02	2.715103990514472487e-01	2.315025991820219842e-01	-3.024366059419026920e-01	-5.434091364721675976e-01	1.094129608832775796e-01
5.862589959615933655e-01	3.937586384219010638e-01	-2.451351754099427294e-01	-1.035646187110199068e-01	2.101187392466015713e-01	1.643079142564018436e-01	-5.491597471388165452e-01	-7.489047923912518501e-01	-2.317855219919346399e-01
7.063610891912673884e-01	4.835231449691079209e-01	-9.079181009618547682e-02	-7.307263704042546437e-02	2.397352442987018550e-01	1.989678161319866634e-01	-2.142461252404680994e-01	-4.249745002569740304e-01	3.437202092152507604e-01
1.260964407975429857e+00	9.601256711630177243e-01	7.350198802305496493e-01	-5.031732952978743567e-01	-2.297643399306911194e-01	-3.239692319403256193e-01	-8.493720221926670533e-01	-9.828571373215988505e-01	-6.086137662103519030e-01
8.051842172155214694e-01	5.369194661250988876e-01	-4.226732033210320316e-05	-2.230121864771710816e-01	7.058743453186898387e-02	1.406273201853826954e-02	-5.469559063280595712e-01	-6.876489235583315152e-01	-8.379263715862485251e-02
9.721559208996793933e-01	6.681993376524575368e-01	2.271503847672601828e-01	-3.323346344122602991e-01	-5.089782008807351710e-02	-1.183445830894458706e-01	-1.158194420917959766e+00	-1.222995873959355606e+00	-9.979860659520501942e-01
8.986698441587079866e-01	5.852912848643891941e-01	8.292363813846760634e-02	-7.462118490074529098e-02	2.254786864194755214e-01	1.907030935591319531e-01	-5.408967488649827349e-01	-6.406218068437952162e-01	2.357991621056454434e-02
7.800315558997872323e-01	4.621094687666346679e-01	-1.311974169648428001e-01	1.011741351020779001e-01	4.132491840738011235e-01	4.019401693574755075e-01	-6.429298666477993862e-01	-7.120783882530757891e-01	-8.757211310783806490e-02
8.639180436462671198e-01	5.192097128188992716e-01	-3.231971825798620607e-02	-1.699182840670821482e-01	1.169228500333392290e-01	7.327832497304623272e-02	-9.793673665688993335e-01	-9.963479947656526114e-01	-5.679846876999343763e-01
9.440886833344576123e-01	5.729373413016148886e-01	6.078349673190179547e-02	-2.317913541299231606e-01	4.731189884423017689e-02	-5.176708090825855868e-03	-7.171197348014439754e-01	-7.357713811762738310e-01	-1.050824258335412986e-01
9.852983197819467076e-01	5.919058828301601016e-01	9.364398118532496484e-02	-3.247218577791795013e-01	-5.586764340696147302e-02	-1.194602452135536674e-01	-9.254552433290625935e-01	-9.028073679540968843e-01	-3.825525079331977274e-01
8.684820535993618140e-01	4.700824998181248326e-01	-1.178803701642673896e-01	2.055097467086813845e-02	3.156846145523899416e-01	2.931299197241600263e-01	-7.298001005301176791e-01	-7.020302421462872866e-01	-2.302793341631515639e-02
1.134442457398580295e+00	6.890386844905216357e-01	2.618773187536660441e-01	-3.203000749699653760e-01	-5.621347105920285192e-02	-1.221876819178928236e-01	-7.376322408985415136e-01	-6.859734468927471962e-01	1.559352572797964576e-02
9.459255592287175718e-01	5.032101124756809263e-01	-6.052163206712263960e-02	-4.433418948411250726e-01	-1.923076087969538828e-01	-2.777570448892960342e-01	-7.247642380177453658e-01	-6.507228214099642916e-01	8.790484815308104161e-02
9.303058261072918445e-01	4.712606746878582054e-01	-1.160165051760304877e-01	-3.514891717549737948e-01	-9.559365108191771043e-02	-1.706541911357881136e-01	-7.673778057740473502e-01	-6.655776904561295781e-01	7.221566782641837545e-02
9.350207032948860686e-01	4.573283590256984610e-01	-1.402569009452040161e-01	1.678903421701883059e-01	4.641420301585703623e-01	4.480150741067632225e-01	-8.873941118143133799e-01	-7.504975855531206275e-01	-6.523266873540288502e-02
1.064221276868894117e+00	5.541515805367874803e-01	2.766334406188884765e-02	-4.030693698610796627e-01	-1.579042326761539994e-01	-2.506858607961192642e-01	-1.207240727746952791e+00	-1.016880469617580385e+00	-5.177429592873697972e-01
1.202235355388138638e+00	6.587126010302778445e-01	2.087425018519920572e-01	-2.722710305517075935e-01	-1.999113055791244820e-02	-1.053687857942454953e-01	-8.952974352605493902e-01	-7.084170665734399464e-01	2.410660824868594149e-02
1.126996729515415074e+00	5.732349620940977442e-01	5.943157359611217494e-02	-4.070936245872095460e-01	-1.706303692331992694e-01	-2.859103149952178513e-01	-9.128390510057369234e-01	-6.994088624344038108e-01	4.721346519327141583e-02
1.352253996680411685e+00	7.551614439677216684e-01	3.730881857782490374e-01	-3.277654884095265175e-01	-9.018735932221870477e-02	-2.121764950410759687e-01	-9.996912375793708394e-01	-7.531488164386107576e-01	-3.638224724933800114e-02
1.124824506182063866e+00	5.337379093072591729e-01	-1.413704917360757152e-02	-1.315877908744056690e-01	1.157919058190679945e-01	1.548485749612419499e-03	-6.991849415972313242e-01	-4.540083758449827700e-01	4.977194666966938130e-01
1.050609043236344187e+00	4.484684216020229930e-01	-1.656740174317121728e-01	-3.348509086521200828e-02	2.150189274848420262e-01	1.088165582882960614e-01	-1.522365021788899320e+00	-1.175852752407865243e+00	-7.305960127450804587e-01
1.274850575947299225e+00	6.286843648139052165e-01	1.440296386367620474e-01	8.447129915503281961e-02	3.357970684371589520e-01	2.480332605469341700e-01	-1.150812137569101168e+00	-8.098603020516208506e-01	-7.296565341555093231e-02
1.107091035579516269e+00	4.595785713045612564e-01	-1.507463198868194409e-01	-2.363947237339263929e-01	-1.778962720844856626e-02	-1.219934235873203210e-01	-1.517888992156522399e+00	-1.114421555680918718e+00	-5.794930277863330481e-01
1.216372348747078780e+00	5.369905301447795987e-01	-1.593289190516827825e-02	-1.350429403198861178e-01	8.747878959942324839e-02	1.153002637278460925e-02	-1.322346042031758317e+00	-9.062242441717963670e-01	-2.021070359849115594e-01
1.320726953789999714e+00	6.098438522392879424e-01	1.113645870731907461e-01	1.820922504905983508e-02	2.496201707378692403e-01	2.024700975950492754e-01	-1.110827878268153768e+00	-6.825625998210790302e-01	1.989628167896906330e-01
1.135178660232841752e+00	4.243711854919859916e-01	-2.091872130253994155e-01	-1.107508243742642007e-01	1.074348665125249014e-01	6.605238888597608771e-02	-1.247899407423070040e+00	-7.750764357195206733e-01	4.993134069910599993e-02
9.365787601127083528e-01	2.271255788945960585e-01	-5.492473742333763287e-01	-3.044197980861182984e-01	-1.042777125157091922e-01	-1.670627922089934492e-01	-1.500910936879775504e+00	-9.722943178320958557e-01	-2.834664790959847691e-01
1.184797715959821529e+00	4.276138813417590390e-01	-1.992524548593032629e-01	-4.828398474023886111e-01	-2.990300054402572072e-01	-3.743629931308437020e-01	-1.305546838771414642e+00	-7.609965485461264167e-01	9.006753798032945957e-02
1.252853831402967577e+00	4.675080408195350645e-01	-1.275411189430894210e-01	-3.500870615874253078e-01	-1.557409171459188113e-01	-2.056409505620336031e-01	-1.536621745507595671e+00	-9.368291089057818599e-01	-2.087577570344391897e-01
8.151675444719059804e-01	5.688768618576545144e-02	-8.369977844934497480e-01	3.293279235168515839e-01	5.799061300945469455e-01	6.092047241473128594e-01	-1.327188100088771971e+00	-7.113775360405635295e-01	1.854685120930242015e-01
1.457391271461566884e+00	6.077603225627321581e-01	1.219927764208214582e-01	-1.626177231987757377e-01	4.630338331084095371e-02	1.636143287482465236e-02	-1.539583980183989897e+00	-8.689380014632788196e-01	-8.424520333599336275e-02
1.512865436038751454e+00	6.359697142892026811e-01	1.743055594556523757e-01	-2.835518084572036246e-01	-8.630676341623075287e-02	-1.787767573988703340e-01	-1.504510869551539676e+00	-8.006896021700372623e-01	3.972310949237040090e-02
1.144879080735363486e+00	2.869799454349466483e-01	-4.255465286989739138e-01	2.159392439666887875e-02	2.338488350933704552e-01	3.464696213482258702e-02	-1.261636861956197064e+00	-5.422181760024752384e-01	4.978801302441210885e-01
1.295250288546239137e+00	3.994521033721468717e-01	-2.258035084886655386e-01	6.072794151070649848e-02	2.603869618558862231e-01	6.969191210585090612e-03	-1.786742016185758342e+00	-9.815471794165622210e-01	-2.668667054310783771e-01
1.098937403006664759e+00	2.030323500536867776e-01	-5.623765124197197540e-01	-4.707132847965583844e-02	1.261863816327014887e-01	-1.519834234476384882e-01	-1.514785793119810098e+00	-6.955646464791321870e-01	2.220592356315710392e-01
1.098868924714776041e+00	1.811747671093199286e-01	-5.960243286075533886e-01	1.589552201577211221e-01	3.319822342663483195e-01	8.095054665508974456e-02	-1.785102716456719252e+00	-9.023382762992350203e-01	-1.424254608841573622e-01
1.103836018932319307e+00	1.635952733657050351e-01	-6.221132153430068978e-01	-1.485585555870176933e-01	-1.897097328147226425e-02	-3.089736928560868900e-01	-1.022161376317982651e+00	-1.688913590500914497e-01	1.121378024993601175e+00
1.052035062076037919e+00	9.524775971026977484e-02	-7.360205821780188007e-01	1.559755607066563576e-01	2.935896652798301587e-01	5.106335247391124987e-02	-1.717179114005123353e+00	-7.608966527196395768e-01	8.919130727347723830e-02
1.236974878276677403e+00	2.374973108172629410e-01	-4.839145778032540313e-01	-7.994944510170635954e-02	2.139438532057784392e-02	-2.358379505034650381e-01	-1.287092155184678344e+00	-3.290736996808046322e-01	8.294047876230294936e-01
1.656962613988665067e+00	5.888338932058033715e-01	1.313449051365672693e-01	-2.568867159109509135e-01	-1.864426967401032198e-01	-4.537654732726360551e-01	-1.624092633980221745e+00	-5.943044902661861473e-01	3.616130240242967919e-01
1.131767840762951449e+00	9.827036862461230315e-02	-7.136639955303737404e-01	1.529759821098787276e-01	2.420969840437363074e-01	3.819411917584247806e-02	-1.522716994649067512e+00	-4.602238521202706156e-01	5.843857038567411566e-01
1.311978733558666121e+00	2.356385248249828201e-01	-4.684486727356230173e-01	-3.530222252287266160e-01	-3.206244811425210117e-01	-5.667353548926640228e-01	-1.683118312007535478e+00	-5.635847714792402430e-01	3.945478434892547570e-01
1.259430424525648906e+00	1.655219149292624925e-01	-5.823992574434925240e-01	-3.444305077486760069e-01	-3.244501260658141928e-01	-5.453252270990552875e-01	-1.484213595806372243e+00	-3.395354355317855566e-01	7.702499337742634289e-01
1.386144753448672828e+00	2.548316909869271507e-01	-4.188266324720725242e-01	-2.901418340490056202e-01	-2.776080980852775326e-01	-4.724465093889205214e-01	-1.662275799109332430e+00	-4.577133137878125480e-01	5.511191028760396016e-01
1.483587957083776887e+00	3.178851225639253708e-01	-2.998177514684940981e-01	1.853806160772143719e-02	4.609298261825554160e-02	-8.922251171086652277e-02	-1.754746351830489770e+00	-4.974581505734000930e-01	4.657748096877208921e-01
1.533239472235597534e+00	3.382056861445378315e-01	-2.538890364900613372e-01	-6.289572037707619190e-02	-5.175912877085133562e-02	-1.771131135665605927e-01	-1.750061123241540173e+00	-4.482935734314176246e-01	5.320041646276143510e-01
1.487971768678869378e+00	2.738458573773767668e-01	-3.537545625223431633e-01	3.215651889098325444e-01	3.566571237925569848e-01	3.047920174153190276e-01	-2.280509493797564957e+00	-8.853136594305717200e-01	-2.462234760218814378e-01
1.420043076824523576e+00	1.891696816026115502e-01	-4.878675142433215317e-01	-9.143297348110709932e-02	-9.758689756032531970e-02	-1.756806424910141162e-01	-1.790534348416930710e+00	-3.937945362196267896e-01	5.819486050662086019e-01
1.288527249921085804e+00	4.774957906756938097e-02	-7.190626307002322415e-01	1.021639821879084392e-01	1.070563722242766080e-01	8.021062160633443683e-02	-1.902634138766647443e+00	-4.494261394709451185e-01	4.588449155389032197e-01
1.353450841191065734e+00	8.118294943227226390e-02	-6.451091858397477452e-01	4.858781125522142197e-02	4.557293789097710546e-02	3.888224554349778428e-02	-1.975485319544158624e+00	-4.690465739102008813e-01	3.947475372698684426e-01
1.355242551498680781e+00	5.836602459942341614e-02	-6.671174131286381481e-01	1.208197715059378813e-01	1.217411125096006796e-01	1.471845715251090814e-01	-1.720854216311356932e+00	-1.906193469439488031e-01	8.433151256075079871e-01
1.442636417472552113e+00	1.117854426125917400e-01	-5.551447378726417359e-01	1.876098859427934029e-02	1.046261093412438614e-02	4.746415575426068956e-02	-1.659016628101261492e+00	-8.743544717203516337e-02	9.848037270606793125e-01
1.211581683703820467e+00	-1.183053285321158249e-01	-9.330575101009579431e-01	-8.784490850877682555e-02	-1.043349715408223854e-01	-5.743637314816109340e-02	-2.081492098297895943e+00	-4.247553859236337659e-01	3.593442516106546414e-01
1.300680821234443396e+00	-6.318099925051606780e-02	-8.141047112695842802e-01	-4.079874626416492289e-02	-5.144368484828053256e-02	2.223360180711291684e-02	-1.791580090427916883e+00	-1.143489516753511959e-01	8.517084788919527805e-01
1.688312573301966601e+00	2.579673332065541835e-01	-2.314524841644718389e-01	-8.448833931215068982e-02	-9.538545071618471927e-02	-3.733155613676604478e-03	-1.493204672167611768e+00	2.034203766184474460e-01	1.352809400309249233e+00
1.623895416791045987e+00	1.768227082482349832e-01	-3.447508366711187211e-01	-3.271149470714789231e-01	-3.535561760288354893e-01	-2.699621530597653973e-01	-2.017081047908387159e+00	-2.271161402780690064e-01	5.537799148661785020e-01
1.519627534620490161e+00	6.050806152709214958e-02	-5.169358267085653047e-01	-2.266648906965071097e-01	-2.387083666514543678e-01	-1.226610788563184534e-01	-1.958801461464691585e+00	-1.288481743299154658e-01	6.666123140028333838e-01
1.560901245311727914e+00	7.418539846229613155e-02	-4.614182995895665940e-01	1.151984761717381733e-01	1.390789086313857226e-01	3.179481270400988380e-01	-1.892068226934007447e+00	-2.372047393334148629e-02	7.873844869086867870e-01
1.419392471624615792e+00	-7.443598262171370605e-02	-6.851772662769131106e-01	-3.175599141265860181e-01	-3.214369796927052381e-01	-1.793585131722227333e-01	-2.037790979813459469e+00	-1.128398058064401938e-01	5.673948183587267380e-01
1.582306370416984187e+00	4.856653277636682753e-02	-4.357392413582177326e-01	-2.915118862229391095e-01	-2.837896683128636743e-01	-1.224217267266498876e-01	-1.672520367488727011e+00	2.615716036652043774e-01	1.146720402113036164e+00
1.541834918282031230e+00	-8.929303106278624336e-03	-4.973943586809124739e-01	1.394798428980394134e-01	1.936593365397523692e-01	4.245054034612011362e-01	-1.572364636395236603e+00	3.934773327844533486e-01	1.301804874075290774e+00
1.736640663836739096e+00	1.437909938342634697e-01	-1.918319091002245180e-01	-4.260330143689984306e-01	-4.078248311397908443e-01	-2.364455823978649507e-01	-1.882118379875812764e+00	1.509395011233724548e-01	8.045094708096472980e-01
1.382730151019565978e+00	-1.913560834770917096e-01	-7.317590862581453415e-01	-1.888306376679201870e-01	-1.389140303333658566e-01	7.201673990038987005e-02	-1.905890783375781439e+00	1.667523957885236885e-01	7.529544127923386565e-01
1.157062504798932245e+00	-4.114967136795518732e-01	-1.070767178231523786e+00	-4.060342534457342945e-01	-3.614435323434719294e-01	-1.636655774030127963e-01	-2.104555223231689087e+00	2.162700034432649132e-02	4.201693240103789861e-01
1.314812168608938681e+00	-2.893378897020290053e-01	-8.144076715047268156e-01	-4.362654940144273796e-01	-3.806306183435446133e-01	-1.767392240165292505e-01	-2.007609110173977918e+00	1.433156469845973391e-01	5.471005452892583332e-01
1.260894628429153785e+00	-3.547330923467134633e-01	-8.819979122031049723e-01	-1.029990753344238869e-01	-5.383122255262010047e-03	2.460157145299743386e-01	-1.857632351425104300e+00	3.110379691703613614e-01	7.516085147676393463e-01
1.211835519863617261e+00	-4.148038188164675510e-01	-9.389745375757005963e-01	-8.812179637749784078e-02	2.529075261236296557e-02	2.830683948090941260e-01	-2.119489248034771123e+00	1.018643956141154217e-01	3.014299009508656368e-01
1.482796255393567408e+00	-1.888446906857534358e-01	-4.986023424884389321e-01	-2.795377144188476715e-01	-1.671375184201687736e-01	7.225841956951684075e-02	-1.783232705378083205e+00	4.341864969092610327e-01	7.879685286365235575e-01
1.369965505266712125e+00	-3.035414403341201162e-01	-6.483988016771035090e-01	-2.121716100529947580e-01	-7.897887410053416879e-02	1.683636667480803151e-01	-1.933491138013956556e+00	3.214456432903331495e-01	5.026382184865114677e-01
1.144680616558095609e+00	-5.172287583738177652e-01	-9.693853181130134278e-01	-3.584639678613349423e-01	-2.222627762313379718e-01	5.952615215709389229e-03	-1.800398092242138537e+00	4.637254080798260403e-01	6.587728432570936210e-01
1.619060638090066062e+00	-1.066935636515876085e-01	-2.071355481495146811e-01	-4.413117985957902834e-01	-2.968059993623287096e-01	-8.147132965310666108e-02	-1.815219829747070968e+00	4.687259283832265200e-01	5.774738499504338263e-01
1.388329762573198956e+00	-3.228525830130131724e-01	-5.322154867639852238e-01	-3.827769600019666485e-01	-2.182549628098117700e-01	-1.732709841395507766e-04	-1.801799044869986099e+00	4.966193934339693805e-01	5.365585954812717162e-01
1.399115422107059858e+00	-3.227248144718897205e-01	-4.821351626202364793e-01	1.730875330569623394e-01	3.989805545297083200e-01	6.786446803560145513e-01	-1.924801432430139014e+00	3.976015348071921807e-01	2.768490230787384876e-01
1.464552010495831391e+00	-2.727040613136412217e-01	-3.459493207000176040e-01	-9.714907893753861601e-02	1.207742941855173557e-01	3.592335356891420695e-01	-1.851484141973225750e+00	4.742882671125698835e-01	3.230977257759294341e-01
1.300622379597955014e+00	-4.257051579188894652e-01	-5.626853824479107757e-01	6.622389682390952825e-02	3.119918675801900410e-01	5.605298808181105041e-01	-1.441359033874640039e+00	8.544612835096071501e-01	8.970096436572325693e-01
1.197457751447817520e+00	-5.233774648213449510e-01	-6.842804564343192286e-01	1.838590992062039686e-01	4.530395039323973916e-01	7.017126109708096138e-01	-1.737107955445341245e+00	5.898452654120746041e-01	3.563312743309504649e-01
1.411939302488587344e+00	-3.369852461708535696e-01	-3.140561354407785943e-01	-2.446294590712167483e-01	1.698139063781974045e-03	1.860420826582430132e-01	-1.547372070488438611e+00	7.639908922399740732e-01	5.783374107834673428e-01
1.441545589546446404e+00	-3.140408081244738803e-01	-2.286887716729947839e-01	-3.153355695407242254e-01	-6.264871592006432399e-02	9.834549602746758823e-02	-1.461989331822719507e+00	8.405187238792634075e-01	6.342658177301579991e-01
1.467881556201492410e+00	-2.928524887870298521e-01	-1.475652397222564360e-01	-1.560349344001485394e-01	1.214174122981350884e-01	2.853944249618149964e-01	-1.575394255255144094e+00	7.336126573811502238e-01	3.753863641407353402e-01
1.183547897314249919e+00	-5.471798040110839034e-01	-5.457769582940749098e-01	5.647476147774752042e-02	3.622083286258305224e-01	5.336273262528289374e-01	-1.733409460538426039e+00	5.835546591238905956e-01	4.493429706979606975e-02
1.304049600149110866e+00	-4.399065488104381139e-01	-3.180602595735405602e-01	-7.136059983167922227e-02	2.332013965136355838e-01	3.694450933617042798e-01	-1.577478703124405079e+00	7.165353897432386043e-01	2.080729944444448254e-01
1.007076848905336997e+00	-7.033235453815992466e-01	-7.349672265984260600e-01	-2.572997088773620877e-01	4.014238698958100260e-02	1.324103597977342728e-01	-1.312857129277786639e+00	9.459670331854367342e-01	5.416876545324440517e-01
1.207447127723593860e+00	-5.228356289800055734e-01	-3.832824281406009836e-01	-1.175453150147998116e-03	3.249010009265745902e-01	4.262660078760555638e-01	-1.432498787347353808e+00	8.236125661067887904e-01	2.694995272018375077e-01
1.228837480870650367e+00	-5.007370262834137664e-01	-3.078723568720322379e-01	-9.100992210922898007e-02	2.335542387275839349e-01	3.005542883648347763e-01	-1.436830009671736574e+00	8.039293693973530441e-01	1.785548404090242514e-01
1.229810505966610679e+00	-4.958708458263416663e-01	-2.640015676464324001e-01	4.298763853970816173e-02	3.834174475587497355e-01	4.423663236730924764e-01	-1.557511093153649995e+00	6.763256242133315332e-01	-9.571115707718813592e-02
1.307221952118387875e+00	-4.220269393870025310e-01	-1.018848339893274613e-01	1.440984449456911287e-01	4.963015288741493558e-01	5.428099447693227608e-01	-1.417384432852017762e+00	7.839195109372687487e-01	4.073079916898406094e-02
1.588816947451000994e+00	-1.654896609341681146e-01	3.756092581965903010e-01	-1.597495492977368814e-01	1.689601335649722480e-01	1.524304237980122767e-01	-1.008441674219577422e+00	1.134104691181906821e+00	6.009906294404605553e-01
1.037884786543234128e+00	-6.494785548203556580e-01	-4.331329735630864985e-01	-2.018543587261074357e-01	1.238279730597847544e-01	7.680856678139787175e-02	-1.107552255112017159e+00	1.020448079783742745e+00	3.611319938464757628e-01
1.297686199652015926e+00	-4.107255407014984705e-01	1.062457296093666237e-02	-4.024849749789810582e-01	-9.452513082975222414e-02	-1.921160021523493910e-01	-1.271264270002870234e+00	8.463619303323516307e-01	1.996126243128704125e-02
1.232145237850571284e+00	-4.609332210023536214e-01	-4.831681868380632849e-02	-5.653738500191185512e-01	-2.734018132031280079e-01	-4.161052934623999944e-01	-1.413183160123181681e+00	6.905247565855455738e-01	-2.864568633791290120e-01
9.587450609805918678e-01	-6.955186860161620688e-01	-4.285241033272134126e-01	-2.798121718455309215e-01	3.220886714594581313e-02	-1.011791144414617427e-01	-1.138309290798494855e+00	9.122727185550921769e-01	6.421106452394904907e-02
1.195147615704049482e+00	-4.754488337325900593e-01	-2.109202806063495417e-02	-1.371863868390374719e-01	1.815350625002344342e-01	4.069191820970016749e-02	-7.222745995634614058e-01	1.261037225752166702e+00	6.378546957879581702e-01
9.535566835578102030e-01	-6.803752942424338146e-01	-3.522813894383624578e-01	2.809477564829600538e-01	6.280005819425751312e-01	5.139102200459282344e-01	-1.151333787896061667e+00	8.399092017059900384e-01	-1.192548156553764893e-01
1.170591113457416732e+00	-4.762835779955845172e-01	2.505746832459454509e-02	-1.609801586747807919e-02	2.981705675026626312e-01	1.236754016232773090e-01	-1.023431607626814177e+00	9.241396006926644313e-01	1.768517108614073297e-03
9.518559408640737685e-01	-6.596549002240690296e-01	-2.710229743341988073e-01	-3.015270261452828171e-01	-2.038235698667689721e-02	-2.524616531486512661e-01	-5.188966397631065153e-01	1.349809817291009573e+00	7.168515688772134631e-01
9.788055532691239957e-01	-6.236889359283743772e-01	-1.875549928290346224e-01	-2.478222864198348016e-02	2.689342382948311516e-01	4.820168487280292874e-02	-1.083630315195446947e+00	8.019767292187988117e-01	-2.518236631163431327e-01
7.688196891427070412e-01	-7.981813433721435258e-01	-4.701889831347156323e-01	-1.471282925212987203e-01	1.245813804751195186e-01	-1.322117987375935333e-01	-6.610540498510584229e-01	1.151143525926235700e+00	3.356413790303732769e-01
9.847048566973362060e-01	-5.929373634429726536e-01	-9.492481474586758616e-02	2.192630434687611596e-01	5.086520761304292870e-01	2.763001963897723234e-01	-8.644512994096479330e-01	9.301419148708783835e-01	-6.226792467446438939e-02
9.002464990946563717e-01	-6.546666760438657473e-01	-1.837485580696449905e-01	4.803687236883336098e-01	7.776980368495327589e-01	5.623071433652284679e-01	-6.822869297402972544e-01	1.059008213071249704e+00	1.482425953902150872e-01
9.471024796188119987e-01	-5.990055808367809043e-01	-6.969433963559029666e-02	2.178898127184749622e-01	4.783415256266777549e-01	2.105574908219594865e-01	-1.252123424103246174e+00	5.032343466149160616e-01	-8.252937646758859991e-01
1.119033809508852340e+00	-4.315323570775423390e-01	2.375535204655825350e-01	4.805648055107539229e-02	2.783331032805212990e-01	-2.728427555783263792e-02	-9.520815045236461494e-01	7.379436220798242241e-01	-4.275355123464749107e-01
7.593161426174706019e-01	-7.370730565351438779e-01	-2.766034678775219358e-01	3.714907004529265783e-02	2.496176346921372691e-01	-7.285856077298100142e-02	-5.306006808936187813e-01	1.082515225888416754e+00	1.623626887417873588e-01
7.407101713399317777e-01	-7.384637767329242930e-01	-2.637938994731420239e-01	3.069984653633599514e-01	5.242751984240533458e-01	2.208019949734845444e-01	-2.921484197045161046e-01	1.260113884695626796e+00	4.653091196237969518e-01
1.167453552360143476e+00	-3.429043853779144557e-01	4.370325166073222301e-01	2.248344752011086078e-01	4.168993779308152181e-01	9.322826817502896657e-02	-5.859754443482126929e-01	9.531727100754032733e-01	-6.970262208308976304e-02
8.566030654273822931e-01	-6.038059409280390755e-01	-1.649801526279692787e-03	5.413790802605076280e-01	7.409472833462669161e-01	4.454683568923507586e-01	-5.583233569202029623e-01	9.381977975986889318e-01	-9.743573990068221669e-02
8.159602656605123849e-01	-6.237482631010157208e-01	-2.282185051798664432e-02	1.736184871810379504e-01	3.229967710305967077e-01	-2.618419333806012300e-02	-5.455908021811018971e-01	9.092968820504935268e-01	-1.477718939177145030e-01
6.361008793348396084e-01	-7.673316043658100494e-01	-2.589783415679066669e-01	2.949521256613163445e-01	4.345868951682167469e-01	9.309240703529947369e-02	-5.329983447830607401e-01	8.799593407238668341e-01	-1.974548504685584294e-01
7.254744864435136442e-01	-6.708490595063376638e-01	-7.912020583907267146e-02	-4.724988628121429279e-02	4.358668926987258052e-02	-3.452651011347841470e-01	-6.780839933729831959e-01	7.069593638676787695e-01	-4.946247751326421915e-01
9.049879420636062211e-01	-4.937936466020280690e-01	2.401018498877497964e-01	-1.915806154862974564e-01	-1.332324636079515456e-01	-5.428981951159674857e-01	-1.469157219469966469e-01	1.148769006104811030e+00	2.739128333156385375e-01
6.240437038088395560e-01	-7.264694255075254681e-01	-1.518127064669847481e-01	4.648259975681430234e-01	5.571456803218802767e-01	2.177638273369130184e-01	-2.736694009418920714e-01	9.919907250821576872e-01	6.677064028071000301e-03
5.315141298615030374e-01	-7.910791730096992103e-01	-2.527238400135662366e-01	5.537171477444249867e-02	9.244299162308813878e-02	-2.971667513713842079e-01	-1.908329891055149941e-01	1.025672237874880821e+00	7.093650312390945012e-02
4.304369564925646374e-01	-8.630260061595584897e-01	-3.667203374607165278e-01	1.033199911104418223e-01	1.233549495026782794e-01	-2.610911183394959978e-01	-3.445932954863960007e-01	8.440501742861630241e-01	-2.368302787563676404e-01
4.202474175320345395e-01	-8.537740936563019689e-01	-3.403056674783950797e-01	2.790960175704548796e-02	2.054750548444655989e-02	-3.744496717885306136e-01	3.564798376261957280e-02	1.148002685746801976e+00	2.978425032107206438e-01
7.032738878675560690e-01	-5.831669764408518031e-01	1.392099746012641914e-01	1.751756393543231205e-01	1.590919361691053302e-01	-2.162689378451859712e-01	-2.695765308620170497e-01	8.284876277079142870e-01	-2.467954677594594026e-01
8.476199286970016455e-01	-4.358020123004057722e-01	4.047893365679500199e-01	4.221791795543350378e-01	4.057494876823444230e-01	6.077194929922841160e-02	-6.996388344895081157e-02	9.680612346724357664e-01	4.402770668391092768e-03
4.713670751149094396e-01	-7.517758425929718102e-01	-1.336808324458087505e-01	2.073647707777252491e-01	1.520452610704552121e-01	-2.179394434528429403e-01	-4.237391715828137118e-01	6.043141744796964865e-01	-6.154472240932298277e-01
7.110801260505992261e-01	-5.189896070082081758e-01	2.797449413597254408e-01	2.704335728332685207e-01	1.995035167109527052e-01	-1.620523079583180981e-01	-9.958361794976992865e-02	8.571187085113560755e-01	-1.665432192121686361e-01
2.034641409580315585e-01	-9.514537336789438138e-01	-4.614694083889198661e-01	2.757205728775883324e-01	1.844496502030889551e-01	-1.741797647301466245e-01	-4.055361470723773398e-01	5.368772236838459389e-01	-7.092270248036145475e-01
3.217733155897922748e-01	-8.263121834386056852e-01	-2.356748811877720506e-01	-9.611972981700028784e-02	-2.390962594708426203e-01	-6.406592231819855376e-01	-2.095791259616563706e-01	6.731522840868849888e-01	-4.603365901468931543e-01
6.754771813370510358e-01	-4.913343785656254514e-01	3.540378885266458608e-01	1.156183690787981888e-01	-3.013254946298660197e-02	-4.021872924555888185e-01	-1.286931441201119297e-01	7.048503956852080199e-01	-3.916062139895623573e-01
4.445053053452651670e-01	-6.767812474453391847e-01	4.076458468367813448e-02	3.401534809374848756e-01	1.930140237595598940e-01	-1.429825991655812312e-01	-1.876926208665711249e-01	6.094511854394880634e-01	-5.419783917685208063e-01
1.532770722451637924e-01	-9.156644530891868694e-01	-3.655084229883879821e-01	1.674827432387150372e-01	-1.379338457243572957e-02	-3.671510497035852527e-01	-9.994872306312917176e-02	6.476341144790115356e-01	-4.606174112043993629e-01
3.604664399103527095e-01	-7.105043574387249761e-01	-1.794494678328442672e-03	5.920109927970442776e-01	4.266670522269963572e-01	1.288124270240118274e-01	3.201654046612477655e-01	9.882195214811215767e-01	1.449469843998816010e-01
2.381316632313653092e-01	-7.985774077630188872e-01	-1.469709045630676614e-01	5.468315660142598622e-01	3.583849357078086051e-01	5.932888866585966925e-02	1.438399550352018053e-01	7.865386783068545329e-01	-1.872387927859095746e-01
4.702859368021829467e-01	-5.707757386798263388e-01	2.558234808696351337e-01	5.501288072716821187e-01	3.430476788425055323e-01	5.337656132086171512e-02	2.393953262397354176e-01	8.323374901856182007e-01	-9.029496514677792796e-02
1.351309907691514711e-01	-8.479557982764240887e-01	-2.178797595093658057e-01	4.362888484899400399e-01	2.012238973396113240e-01	-9.570527360358896396e-02	2.017018826808130161e-01	7.571345264268568576e-01	-2.030841363126085486e-01
3.264572149466968831e-01	-6.561139373772815198e-01	1.220676606653255669e-01	4.462036463437716316e-01	1.937765754621422198e-01	-9.645218723903088709e-02	3.876650085646702326e-01	8.855743541716665224e-01	3.873180830219952187e-02
2.037047780755229243e-01	-7.437561696356910224e-01	-2.301032845750675127e-02	5.272161015382201832e-01	2.638881101208319646e-01	-5.075822159609555406e-03	2.697392136688270825e-01	7.379239497362067857e-01	-1.973708076247424337e-01
1.768181065472449742e-01	-7.458389989746656568e-01	-1.998053959699798432e-02	3.140809983263367355e-01	1.579591560468388001e-02	-2.720567646740468248e-01	3.256383208152189845e-01	7.485812826798667885e-01	-1.598035564988880830e-01
1.144136862903784579e-01	-7.793610027153270448e-01	-7.166058660804291991e-02	3.998596289854458030e-01	9.190165770825883818e-02	-1.767242417700334578e-01	1.826701779473346721e-01	5.786972097818605665e-01	-4.324787756268424488e-01
1.632370283855490989e-01	-7.136499812304868406e-01	4.863785551067748014e-02	2.784971913833906854e-01	-5.576677373804980742e-02	-3.284901464984425479e-01	2.690340104132621368e-02	3.974687902039448217e-01	-7.259733146887608068e-01
1.476629911966327313e-01	-7.050963244858882151e-01	6.969532451503149262e-02	4.741145706950142813e-01	1.402901202748813581e-01	-1.045632290907616835e-01	1.989971161043840031e-01	5.147568110465225999e-01	-5.002041910018766302e-01
2.371048873685856762e-01	-6.028404234200379630e-01	2.531732277469420089e-01	2.953979228023802528e-01	-6.869715976798557167e-02	-3.221146997343666829e-01	3.047602383513856039e-01	5.720450019718837931e-01	-3.797516870876221917e-01
8.016344482882178935e-02	-7.197969131840886714e-01	5.620984258235563191e-02	7.218668875096763138e-01	3.785056709579804890e-01	1.856894870156461930e-01	6.627089435938311457e-01	8.590518380785741037e-01	1.412456211892955116e-01
-1.674155438101682936e-01	-9.172796991011551437e-01	-2.806876290648864791e-01	3.568373841406212166e-01	-3.114729150701239097e-02	-2.549504675060579872e-01	4.002328995322514960e-01	5.821813979179334408e-01	-3.156272245654446751e-01
-2.929011567914352465e-01	-1.005852286294165232e+00	-4.287484274936583795e-01	2.492430598235997052e-01	-1.614126253936235544e-01	-3.883768827833556925e-01	4.798160830101136365e-01	6.168321703047416893e-01	-2.305711512322277390e-01
1.680489929461783521e-02	-7.067051179119802073e-01	9.579721033901957006e-02	6.338136443910280526e-01	2.423416089908402293e-01	7.342233203063439073e-02	1.119856356885285953e-01	2.449524427866652809e-01	-8.511532032461622821e-01
1.862778705607736063e-01	-5.322478454617876054e-01	4.037078638923042306e-01	4.258323094014718202e-01	4.546811818534333624e-03	-1.754455948704064239e-01	6.821076469177393964e-01	7.266095776515499871e-01	8.928072292315847314e-03
-2.798376045169125026e-02	-6.993148210932462749e-01	1.190638902691990159e-01	1.997619890422296651e-01	-2.521465375062473813e-01	-4.504937675249188755e-01	7.624413015575556285e-01	7.632751173324895388e-01	9.873949483502592050e-02
2.643478965801732139e-02	-6.269408402362709465e-01	2.495480091586694260e-01	6.724446447167156116e-01	2.491379356484217933e-01	1.268484001250105297e-01	1.763705717648875737e-01	1.943737343672288231e-01	-8.609093783127623745e-01
3.160990014928073411e-01	-3.448957242043421134e-01	7.437026063643285001e-01	6.083674954463081930e-01	1.694550683445818218e-01	5.005546686874473572e-02	3.932960562507497038e-01	3.562956563086934203e-01	-5.528017439791801380e-01
-2.389479487687791170e-01	-8.148739031099135888e-01	-6.711641932189107984e-02	4.886126632691455418e-01	3.059809481812474086e-02	-8.396480921692804633e-02	7.236156082769338305e-01	6.218971336380287873e-01	-6.606538659911576072e-02
-1.517655107305963536e-01	-7.127682749668898810e-01	1.143688233970934637e-01	4.694942841301649739e-01	1.326710152379152741e-03	-1.031389300952804261e-01	9.393454525627730201e-01	7.838684162782512121e-01	2.432253431403021415e-01
-1.760456200081468858e-01	-7.097391061265816425e-01	1.238377127315381937e-01	2.485580552187490189e-01	-2.456279164868966913e-01	-3.604721789847142310e-01	9.412403410422520711e-01	7.519304303715498294e-01	2.154073862496663216e-01
-1.677780356864526645e-01	-6.775446543821825873e-01	1.835205493957263734e-01	6.296677422102788801e-01	1.605083523233269416e-01	1.079347876022747899e-01	8.952083585667582888e-01	6.770384753412995726e-01	1.150975639216778590e-01
-3.429262672138733703e-01	-8.085044717912478474e-01	-3.997956556088072544e-02	3.479597984482745709e-01	-1.504799758067807969e-01	-2.201849193518837233e-01	7.607061988082077786e-01	5.222869265346579137e-01	-1.248763734678632331e-01
-2.361014944504480906e-01	-6.881930012877248704e-01	1.721126980886104607e-01	3.153641815460502262e-01	-1.907959839252018064e-01	-2.496478335711874164e-01	9.388602828879399897e-01	6.525484983031052399e-01	1.305280771631880943e-01
-2.439748017428856053e-01	-6.698526389119768831e-01	2.069394399717103816e-01	5.355463006872482890e-01	4.369044510236168299e-02	2.768160656305507228e-02	4.844876731889823374e-01	2.081844293297233917e-01	-6.106184304564294951e-01
-2.095175363674316726e-01	-6.136438149995967484e-01	3.074592431131458747e-01	3.256179459188353054e-01	-1.870763704121742310e-01	-2.152762018748670125e-01	6.386370781996092427e-01	3.179052401404237616e-01	-3.908578889361314923e-01
-2.420315197535885254e-01	-6.169112132139007443e-01	3.041032393774929510e-01	-2.005766992296059703e-02	-5.640412394615298419e-01	-6.167571726170889557e-01	7.431060668728854957e-01	3.831458233998477625e-01	-2.480946118911711851e-01
-3.916711896744896615e-01	-7.243150102154184422e-01	1.201836961249091729e-01	5.346211461809298182e-01	3.540797404224763079e-02	6.374491728109477062e-02	5.659705724885902844e-01	1.929267917254829101e-01	-5.486448161460579787e-01
-6.169460454446695774e-01	-8.989047651231470981e-01	-1.807011473806139912e-01	3.567913265174413873e-01	-1.583137569620855500e-01	-1.391985130068621457e-01	5.909448186006066583e-01	1.872098205008331517e-01	-5.285134204737715891e-01
-2.490310787087019473e-01	-5.451138016972789657e-01	4.346933272910094015e-01	3.898569379552229153e-01	-1.227390883435496710e-01	-8.752380730783144991e-02	5.248676417862812027e-01	9.940175112073884600e-02	-6.508389386335424742e-01
-5.355379027431171890e-01	-7.739190008751641869e-01	3.933558354499294696e-02	5.222318419988660754e-01	2.085054716071471637e-02	8.043819861798219562e-02	6.479991935385854829e-01	1.843544928659783810e-01	-4.747641645233663388e-01
-3.149781223699089083e-01	-5.510236831873379648e-01	4.274416722423511339e-01	5.884184667964681426e-01	9.274021715630148543e-02	1.598320560402046731e-01	7.136061033299376799e-01	2.176763938324601799e-01	-3.876813274886052874e-01
-7.124903965908793158e-01	-8.783552414854105539e-01	-1.394821414632464451e-01	5.950442333536456463e-01	1.000187811452561693e-01	1.725393982083552880e-01	5.124342585959000829e-01	9.070683712344124183e-03	-7.193034701617774251e-01
-7.070348220053596089e-01	-8.466948822926163576e-01	-8.382355007797201440e-02	2.623683726662278670e-01	-2.599968968581622963e-01	-2.170183539305878817e-01	8.553717658623091191e-01	2.960351723286464010e-01	-1.930273465751110584e-01
-9.004428207049777200e-01	-9.919565431659851384e-01	-3.350673611680743957e-01	3.561755306043473124e-01	-1.575836295052019387e-01	-1.015565548251025491e-01	8.821879841790485344e-01	2.961857468450855291e-01	-1.640328494220826272e-01
-8.652816614399401196e-01	-9.335041102443741856e-01	-2.329267991446868913e-01	9.585004930327381545e-02	-4.396186795673432401e-01	-4.245785250951655820e-01	6.154856426178376694e-01	3.006484153269312065e-02	-5.962154845435929662e-01
-7.789726452059156925e-01	-8.293338738107749464e-01	-5.188539614345848150e-02	4.764862859502381198e-01	-2.726928845948983771e-02	3.999125723564420087e-02	6.817130348235743709e-01	6.743885099555088636e-02	-5.024621412663459186e-01
-4.871502783654910185e-01	-5.419882631915315940e-01	4.465379773678791464e-01	2.055912920538086885e-01	-3.212521988337807555e-01	-2.941329038874455071e-01	1.111134990870242589e+00	4.358569577745585177e-01	1.648238393716080497e-01
-5.928283554859091753e-01	-6.084395779220136413e-01	3.312156676041704273e-01	3.617745808353179937e-01	-1.526237602989170272e-01	-1.016034378388286780e-01	1.076279224108776189e+00	3.827260795853384412e-01	1.014164386218062708e-01
-7.022634108405124698e-01	-6.780492689003717599e-01	2.102256273611063930e-01	2.999202344370770490e-01	-2.209988136309750661e-01	-1.856065840907120679e-01	5.785235620062636475e-01	-9.069910952755572131e-02	-6.902940376120874078e-01
-6.078711090750326118e-01	-5.659581935733426494e-01	4.044911161272426448e-01	2.440860726224512167e-01	-2.831919780746977588e-01	-2.569769732089698389e-01	5.278711893779262088e-01	-1.568147683161504602e-01	-7.768367274573511061e-01
-7.147137994028163188e-01	-6.328682468686717133e-01	2.877050514919240465e-01	6.150381014554298087e-01	1.163953982061817216e-01	1.832883544802124676e-01	9.338541865656984076e-01	1.930905572862703368e-01	-1.423701212488229784e-01
-7.315442618444075729e-01	-6.194222801285285129e-01	3.102544428402573828e-01	2.416506443889377131e-01	-2.904277270887413720e-01	-2.570947355784426458e-01	7.682050629201666592e-01	2.384091079888725484e-02	-4.069803511364535886e-01
-8.996545495642189749e-01	-7.404681248632402069e-01	9.959297022093484275e-02	2.024823191057772698e-01	-3.336613884922481899e-01	-2.703498151702525276e-01	8.368633378608547613e-01	6.846982143213578564e-02	-2.998246835721252168e-01
-5.976040432290119497e-01	-4.426000151059675813e-01	6.159954231603397279e-01	3.247346758794432686e-01	-1.984501931759719284e-01	-4.989585221718689789e-02	1.459519516868860389e+00	6.178334925751454154e-01	6.825001528633185544e-01
-8.501419341367658644e-01	-6.382978039921414215e-01	2.768402845812624191e-01	1.331346264978903737e-01	-3.982863659541979739e-01	-1.882274843577287915e-01	1.049649521441312405e+00	2.291084358147947864e-01	4.151634796021455576e-02
-1.055231509138367718e+00	-7.914165931370534812e-01	1.185691288771534291e-02	-2.413312463328027568e-01	-7.915672408639538027e-01	-5.605733566568061876e-01	1.247423881920830091e+00	3.940859977249008272e-01	3.603028221087746230e-01
-7.085520869490791185e-01	-4.528430791635027486e-01	5.997960105278257181e-01	1.196704165287142824e-01	-3.849048791018620519e-01	-7.093869148541195879e-02	9.468720518782254292e-01	1.069123516678302244e-01	-1.049633174076291253e-01
-9.486444356674308409e-01	-6.364499462121231410e-01	2.804395500916437856e-01	1.566119655354703544e-01	-3.282783594776373937e-01	2.849009356828247075e-03	7.092464263302122873e-01	-1.219555718037000219e-01	-4.700739767179312745e-01
-8.463099349438567565e-01	-5.148276482446407787e-01	4.893443584268182267e-01	2.670094234370488651e-01	-1.917176984710505239e-01	1.580888613142788779e-01	1.209980115046820348e+00	3.217258378188391221e-01	3.281925177488870804e-01
-8.398896579044788924e-01	-4.783390181663602636e-01	5.492880798414984111e-01	2.486399815653426992e-02	-4.377409189491249242e-01	-1.139529321260018824e-01	3.917702987527337810e-01	-4.331719154803460037e-01	-9.508789196841982427e-01
-9.157345049544353133e-01	-5.148404355817627343e-01	4.820945426988164084e-01	2.659686933952586374e-01	-1.599231498069772772e-01	1.862660438853440958e-01	1.086046932502075624e+00	1.884523468337442331e-01	1.528489680359214897e-01
-1.141371721829109953e+00	-6.844531539865971181e-01	1.835676603068046864e-01	5.614690362861982087e-03	-4.262270822190878383e-01	-1.122778709894023119e-01	7.295650032197982249e-01	-1.446622120800995781e-01	-3.981903317616352078e-01
-9.367299872005067085e-01	-4.706170936710472041e-01	5.501951374430773534e-01	6.522858266137736560e-01	2.907940475899413735e-01	6.962786074579099260e-01	7.538343875645273640e-01	-1.305983802315872078e-01	-3.485271387961087486e-01
-1.091584007074784202e+00	-5.765975735394340829e-01	3.615373304205218297e-01	-3.293993287102792156e-01	-7.569041663275998255e-01	-4.776418372750361740e-01	9.463144735544536390e-01	3.736792962826156195e-02	-3.260522251136546701e-02
-9.842343540716480543e-01	-4.487824882284434103e-01	5.777016334615172610e-01	7.440145927307605274e-03	-3.765745926434151403e-01	-6.423520171980963422e-02	1.044507374624464413e+00	1.204794089391073852e-01	1.353427981803514146e-01
-1.040986467888234568e+00	-4.667952714750467913e-01	5.401082814615256744e-01	2.665319922652191198e-01	-8.039959570986049409e-02	2.725802138256434581e-01	7.276161741341418132e-01	-1.730099009159568602e-01	-3.494037196593049455e-01
-1.274709751418461767e+00	-6.420982840695099725e-01	2.286750978701559966e-01	-1.859773567693210894e-01	-5.551364151916002854e-01	-2.518372337236912673e-01	9.065026477217472678e-01	-1.464755447061212579e-02	-5.156271884309965303e-02
-1.091807266564587042e+00	-4.461024431846494220e-01	5.609100473390593589e-01	9.169902661312068215e-02	-2.379981171936463580e-01	1.148243174029574543e-01	9.680930956479782967e-01	3.795519499872985342e-02	6.190302911617519277e-02
-1.133195662694732597e+00	-4.495269300459008854e-01	5.464944271611412718e-01	-1.458095487969472970e-01	-4.791636684464167795e-01	-1.577390866567723871e-01	8.593313322469847693e-01	-6.344344785820150989e-02	-9.249588447831506854e-02
-1.173746727341608898e+00	-4.518965674825591305e-01	5.330772366772519311e-01	-3.191521765657587273e-02	-3.397446179814462841e-01	-2.674624801302080690e-03	9.498571880847275217e-01	1.730679280596237463e-02	6.764979613009187986e-02
-1.142813893035103057e+00	-3.903021793519555471e-01	6.299084835276060890e-01	1.314492041609495454e-01	-1.466870342573327601e-01	2.144076458046381695e-01	9.185794349553377813e-01	-1.185018512278044472e-02	3.571502639458856015e-02
-1.159899155781400459e+00	-3.711569964044487691e-01	6.519666966158597088e-01	-3.079911026236245020e-01	-6.071576162578562474e-01	-3.079378542753809511e-01	7.347242780089796588e-01	-1.789014681321160483e-01	-2.354870650810297339e-01
-1.293170274554479304e+00	-4.551893065625400858e-01	4.934899452944052634e-01	-2.335919400406900048e-01	-5.111358531803039673e-01	-1.936253096424610798e-01	8.476509763014101750e-01	-7.517840592186160464e-02	-3.892216162605319912e-02
-1.371160220570393884e+00	-4.897353300114853925e-01	4.193317843236773479e-01	4.008500169285990622e-01	1.921812635106647238e-01	5.964217884578553175e-01	7.201986956088837211e-01	-1.892223134293837816e-01	-2.207227014864936721e-01
-1.208719944580142425e+00	-3.099475439215793049e-01	7.154977056702253035e-01	-4.093798495843934404e-01	-6.696559401853633409e-01	-3.574608904203982473e-01	9.457554090261174329e-01	1.859761322011495299e-02	1.534856114833253737e-01
-1.532017463620707787e+00	-5.625001040094251836e-01	2.598230921940040683e-01	-3.071039199293943422e-01	-5.426096539022169374e-01	-2.133125487313745072e-01	8.238483262779379146e-01	-8.880976855862120212e-02	-1.937604228964224726e-02
-1.217356518268315702e+00	-2.468125974770846720e-01	7.875054452105443303e-01	-1.356291781241518168e-01	-3.402680898440815227e-01	2.232486909843103828e-02	6.096275738862113602e-01	-2.794029685691774567e-01	-3.384864272719346756e-01
-1.466499389722191182e+00	-4.330736127585370632e-01	4.429210732511801307e-01	-1.596658272272329926e-01	-3.494263814872199947e-01	1.775010274876011318e-02	6.050678335347000614e-01	-2.786434462661501188e-01	-3.282993540915130071e-01
-1.383157156618358252e+00	-3.231822985776754975e-01	6.102318949063332276e-01	-2.546679833892522837e-01	-4.353150276940847552e-01	-7.271501812066724635e-02	1.335877126035583951e+00	3.915291307916083374e-01	8.395883329489197688e-01
-1.323399611038846846e+00	-2.342689327614691230e-01	7.388436832974301094e-01	-2.311386802890474934e-02	-1.671220748519731125e-01	2.320887198588757749e-01	7.758867782740190844e-01	-1.117050616371309257e-01	-2.701746794475268221e-02
-1.508371141300153262e+00	-3.633236282160122732e-01	4.867951448908737211e-01	-5.274293021756026878e-01	-6.959872447993075140e-01	-3.490317889073001334e-01	1.029165748561661875e+00	1.251922033127838285e-01	3.863066546081428410e-01
-1.286900087664306414e+00	-1.305532878573151812e-01	8.600586946749645412e-01	-1.579993130417493563e-01	-2.773482874409385346e-01	1.375561355590720902e-01	7.838697243337793275e-01	-9.094970542093619437e-02	1.313009142931563511e-02
-1.446355783953218621e+00	-2.371612617784962518e-01	6.423257855914209502e-01	-3.291469373172709045e-01	-4.439324582194854596e-01	-4.739953187892387287e-02	7.855164242613135173e-01	-8.221966227914934144e-02	2.613577437509062573e-02
-1.164437953251740154e+00	4.901495031146890780e-02	1.102624474591157533e+00	-3.441585426341903786e-01	-4.413248065921624441e-01	-3.807265819388040706e-02	8.333674213823575316e-01	-3.124047424183493474e-02	1.111781680894842195e-01
-1.704425654072168284e+00	-3.970738466340683059e-01	2.891472347078727356e-01	-1.549106959037059861e-01	-2.167815306250586715e-01	2.246399879463643612e-01	7.916733923749781354e-01	-6.157814347776439934e-02	5.305286139002743373e-02
-1.650052218498682111e+00	-3.143580089278772971e-01	3.901099405929867592e-01	-6.285300422708998136e-01	-7.097490090017163356e-01	-3.099068650890232091e-01	4.906227202067051096e-01	-3.277657623470598969e-01	-4.158251522411030576e-01
-1.391137251242106965e+00	-5.007022583358310130e-02	8.029646831781321881e-01	-6.006691784296962489e-01	-6.585341194624144689e-01	-2.379836415549260731e-01	7.125165833054240005e-01	-1.184250480361861146e-01	-6.318718998028147182e-02
-1.262820934099473380e+00	9.723648086992710271e-02	1.009568372556826077e+00	-3.923561822485730488e-01	-4.109015789652841200e-01	5.368637023265726560e-02	6.004351949506682162e-01	-2.130186815143133017e-01	-2.390896238300339316e-01
-1.259437184919102837e+00	1.325051529354592250e-01	1.019038739084004552e+00	-5.993086185541471878e-01	-6.123105987019812346e-01	-1.541958544544719256e-01	1.109597016928165258e+00	2.570989436208176437e-01	5.613588396308355488e-01
-1.251918535303668145e+00	1.705666480388213502e-01	1.030505551516158524e+00	-2.413886165211914792e-01	-2.006498599447735787e-01	3.215060272466866431e-01	1.076252984715169836e+00	2.334299630238307055e-01	5.048049793378460715e-01
-1.489757911218050790e+00	-1.085715202359394116e-02	6.583535168365406420e-01	-6.324103592275853725e-01	-5.994309402745784388e-01	-1.037106413438915881e-01	4.399529459422704125e-01	-3.391030147811391893e-01	-5.039929738158653860e-01
-1.307315657315092361e+00	1.808581556473600194e-01	9.302874556302285214e-01	-4.619941100921711175e-01	-3.887148307014469673e-01	1.522353703407073044e-01	8.321859746696969040e-01	2.325179266762832445e-02	1.061782194561472908e-01
-1.182617622855446138e+00	3.199266717330278009e-01	1.108941264524289316e+00	-8.793021623308250323e-01	-8.133405204908361608e-01	-2.986935211776436394e-01	8.527447910686442034e-01	4.690426800880313080e-02	1.272526658798032173e-01
-1.062499208132452244e+00	4.536249400562249456e-01	1.276590060631529022e+00	-4.748268012913856029e-01	-3.463993912488368410e-01	2.385592006173392343e-01	1.145320144959785402e+00	3.171824790360083801e-01	5.748964976090511492e-01
-1.454030079450492785e+00	1.303207793406686021e-01	6.492510448890639330e-01	-1.028323918610608789e+00	-9.162831564360957026e-01	-3.766720574318851988e-01	3.259569458969219236e-01	-4.246522131264778843e-01	-7.310988119746140157e-01
-1.464130988407957856e+00	1.452080129955735377e-01	6.071056950131046293e-01	-1.180617876426397928e+00	-1.050222416040898832e+00	-5.068193204820098385e-01	6.850869250163222901e-01	-9.555200623211444755e-02	-1.822929843410927564e-01
-1.182977001603866762e+00	4.179166724677439992e-01	1.011068325622521691e+00	-8.539381876783939118e-01	-6.639196870494490366e-01	-5.823636448612272420e-02	1.004411721038246386e+00	1.964095998951582156e-01	3.022785792223436352e-01
-1.484409787141591774e+00	1.702402337960568224e-01	5.112544268413800053e-01	-7.779020876443489829e-01	-5.479549330630359982e-01	8.912811522617139492e-02	1.090215949582240551e+00	2.750322208726178608e-01	4.176990956203621153e-01
-1.501819294756417955e+00	1.738345755133514636e-01	4.468387310323614359e-01	-1.047874474956160373e+00	-8.056777500895730970e-01	-1.799780262090189542e-01	9.057251945556507033e-01	1.068416279575641892e-01	1.062605988800548462e-01
-1.385545082995283117e+00	2.947836126266017986e-01	5.857584944075293620e-01	-7.052251835828292625e-01	-3.983727686508407029e-01	2.900803942105579236e-01	1.026044814291109164e+00	2.148727699153007431e-01	2.741802538616053275e-01
-1.566260163466852040e+00	1.495434854750768983e-01	2.628345699225055343e-01	-5.083140699908842430e-01	-1.482056652231959482e-01	5.758051616569113129e-01	6.770414406421518816e-01	-1.049358228078951932e-01	-2.981424058913941799e-01
-1.144599822575980808e+00	5.389744607328168513e-01	8.681563779954999394e-01	-1.109047374175034850e+00	-7.610867359936422938e-01	-8.649572311856490447e-02	6.375373620315498702e-01	-1.442429755112142609e-01	-3.828617329069724518e-01
-1.184442340350846168e+00	5.157014887742866760e-01	7.582162100892302359e-01	-1.339397800393910654e+00	-9.714227925556404575e-01	-3.060224140215119237e-01	9.460318208254063777e-01	1.319990116033421534e-01	8.058338912494919515e-02
-1.372638449335341626e+00	3.585833038375630943e-01	4.170591530805967118e-01	-1.128277128836602916e+00	-7.023580672545294279e-01	5.105328403134795634e-03	7.059278436748659402e-01	-9.162387180209081994e-02	-3.200955315532891254e-01
-9.780599668335312469e-01	7.186930284007240211e-01	9.745504871966323979e-01	-1.065699130076058543e+00	-5.933381145291272141e-01	1.358696906578106822e-01	6.382450499618176343e-01	-1.593131237313648862e-01	-4.488330152112183224e-01
-1.120165189258812699e+00	5.991860053546128606e-01	7.013606184928569132e-01	-1.171166201207111346e+00	-6.656038646271131842e-01	6.270115574701895511e-02	8.187193443243162561e-01	-2.142922584198084235e-03	-1.861312250356079723e-01
-9.993839687651400183e-01	7.121005795235051394e-01	8.333021779194595968e-01	-8.670228281526826120e-01	-2.932992852840210496e-01	4.828678881228753994e-01	1.027978005661993155e+00	1.804101234310040436e-01	1.218345656567637186e-01
-1.265940409352184881e+00	4.784773020338761729e-01	3.662148653200887338e-01	-7.490482362834490759e-01	-1.223813530843111397e-01	6.712690124145463955e-01	5.865698729922743659e-01	-2.295609126234308128e-01	-5.935374416285112975e-01
-1.442190555048485479e+00	3.236713759854566441e-01	3.714096447101028486e-02	-1.160177428592718885e+00	-5.243170159225427618e-01	2.257272304987786304e-01	7.679474120527723935e-01	-7.376674181659202689e-02	-3.267371583240248345e-01
-7.965256375516092113e-01	8.992058700788772008e-01	9.771314282334406798e-01	-1.056989356760810850e+00	-3.685509592942377566e-01	3.980316073153272183e-01	6.279140612230790230e-01	-2.108885507365201861e-01	-5.652400988179849817e-01
-1.074322418493389941e+00	6.508903796525753460e-01	4.898426974175633108e-01	-1.334391309577642959e+00	-6.249573067710411101e-01	1.086656671406046604e-01	5.794772230568944194e-01	-2.652374769879281557e-01	-6.582694753879900773e-01
-8.624157708276569689e-01	8.371840136062292936e-01	7.587985901503147002e-01	-1.301606640530639680e+00	-5.451732281190072582e-01	1.905958954223828106e-01	1.076931490032962957e+00	1.764222417334882220e-01	1.099426514171313873e-01
-1.109914783506780411e+00	6.129703510427106927e-01	3.177293693790450568e-01	-1.178630157092015018e+00	-3.677492981974741504e-01	3.783926908108065645e-01	8.123954854662981395e-01	-7.533259803617524397e-02	-3.208872819888757832e-01
-9.400996771568144172e-01	7.590142851181194139e-01	5.212916388870943996e-01	-1.131317958428283976e+00	-2.725167465440488379e-01	4.725284411200358914e-01	8.663272586897448058e-01	-3.779217926058783122e-02	-2.486068106726012916e-01
-1.024791131179159320e+00	6.771233801138660802e-01	3.315783082700196616e-01	-1.193216888203764592e+00	-2.959963973522330982e-01	4.316057430763465264e-01	8.192060911900399534e-01	-9.242429292068218838e-02	-3.340412166993297349e-01
-6.836251039395312423e-01	9.732093542214529380e-01	7.997747694379189198e-01	-1.251344184620249544e+00	-3.158893398174801304e-01	3.926182631748158514e-01	1.122438545647170827e+00	1.713638848883684007e-01	1.339512342416317447e-01
-9.974656163394021169e-01	6.848290231793631166e-01	2.560305810153750139e-01	-1.333181490977809913e+00	-3.621060219311446060e-01	3.216480292649878669e-01	5.417549504979992658e-01	-3.689010695614078350e-01	-7.889728671596727416e-01
-8.047360495965651950e-01	8.464113178527403747e-01	4.951225786241710836e-01	-1.042998152498019859e+00	-6.027344878398621653e-03	6.954363529864960869e-01	9.560032516120067214e-01	-4.387929111566948870e-03	-1.429193485351911708e-01
-7.485815302946220440e-01	8.852970010947156521e-01	5.233300514548282489e-01	-1.373723869038550927e+00	-3.236429985315142366e-01	3.184812566369134013e-01	9.943556565535613956e-01	1.822114590419589286e-02	-8.737279966003233533e-02
-8.792971019653562648e-01	7.567509158079408493e-01	2.629528045859058083e-01	-1.196444363251512932e+00	-9.181808045493676518e-02	5.504161553542661345e-01	5.617357453417606283e-01	-3.874837011990192037e-01	-7.721298608969942023e-01
-8.638231690883562131e-01	7.574078853423643620e-01	2.285680625608841887e-01	-1.477787612415303986e+00	-3.580931734892119911e-01	2.262654852445231124e-01	7.974358979631491762e-01	-1.852983925548636057e-01	-4.025157060393701469e-01
-6.573603058040446978e-01	9.272091497863826914e-01	4.894165396826891112e-01	-1.423675701699082197e+00	-2.621188025187203285e-01	3.032387881181753952e-01	4.702633981155061038e-01	-4.949107582372656022e-01	-9.179640530933577125e-01
-8.177156961227172172e-01	7.694797691809739382e-01	1.836730465744787488e-01	-1.133926794366397317e+00	8.779125868876058725e-02	6.609101783633138938e-01	9.081415126535200555e-01	-1.085562286170939084e-01	-2.265229360232978162e-01
-6.432230512891613516e-01	9.090898150691771873e-01	3.954366448630112219e-01	-1.149085576030527633e+00	1.059456195802995215e-01	6.508471223159306707e-01	8.230526024706070753e-01	-1.976148849172670030e-01	-3.573407705245965627e-01
-8.362899159468296650e-01	7.205971111626686687e-01	3.952436010024940050e-02	-1.040017080448621734e+00	2.572487199208187136e-01	7.838049133714803940e-01	7.392034643662555027e-01	-2.853000025460980527e-01	-4.846099466252711263e-01
-6.480131925578508367e-01	8.709291683268985951e-01	2.728313738704967739e-01	-1.194253452903567325e+00	1.215080970487294049e-01	5.959027044239784132e-01	1.120869853912829894e+00	5.067639783597169267e-02	1.230978117106072967e-01
-9.199697254395728940e-01	6.107071098448649815e-01	-2.048223380112654257e-01	-1.172403065657302568e+00	1.748673061508191073e-01	6.183275314181049254e-01	7.780398583660540490e-01	-2.719260529268580640e-01	-4.087655516271395673e-01
-6.345721303536019375e-01	8.461166327482728677e-01	1.787642835882848891e-01	-1.109184667418706471e+00	2.713526337696756663e-01	6.891346177137688267e-01	7.182898757438340720e-01	-3.367134544088487003e-01	-4.930190053324348121e-01
-4.610315948469736469e-01	9.812663820197478071e-01	3.896292353970010613e-01	-1.150161138949365780e+00	2.532644892394856351e-01	6.329779706139749829e-01	6.610836874727680224e-01	-3.987810494567165520e-01	-5.715391758973559222e-01
-5.987286491290821910e-01	8.386398311728965327e-01	1.195720670080739900e-01	-1.046724777923983885e+00	3.900165494527889631e-01	7.499010123798617311e-01	6.366031438708743551e-01	-4.306338820261000899e-01	-5.964603145601875545e-01
-2.627668659271309992e-01	1.117202109518643738e+00	5.814059417522937645e-01	-9.183752248609529101e-01	5.521813004020500459e-01	8.923917205652669438e-01	9.298183589163494522e-01	-1.730750995375413270e-01	-1.194425377646671782e-01
-7.562680829875891853e-01	6.565734486891405819e-01	-2.381183864673387385e-01	-1.465739529530676766e+00	-1.982476624416240618e-02	2.173518300485584032e-01	2.658638649276145460e-01	-7.855444730232370443e-01	-1.148599326355184136e+00
-5.089591731724308898e-01	8.550888151930458037e-01	8.692654297426063992e-02	-1.156628708876961564e+00	3.345873369581720547e-01	5.750270232112577595e-01	5.920323913026814822e-01	-4.969734473123832430e-01	-6.161049347911469187e-01
-3.858854807704246714e-01	9.424607075103802467e-01	2.200949651150588271e-01	-9.069271888251999592e-01	6.227369972776858331e-01	8.553269788863473444e-01	8.466911881408933915e-01	-2.728771252006834680e-01	-1.946551575419515623e-01
-5.686379180041080117e-01	7.570070143844052080e-01	-1.192538882231722053e-01	-8.640054812125657069e-01	6.848891295695390680e-01	8.858973688586739836e-01	6.735691391190024024e-01	-4.372526934762508422e-01	-4.454193836599609768e-01
-4.523281940084720731e-01	8.373939122224361986e-01	3.443995750648548571e-03	-1.482607832025032879e+00	2.815245101499974645e-02	1.073401820234385906e-01	5.003687895066739610e-01	-6.010978959213508777e-01	-6.947503931099017205e-01
-4.149446450863805147e-01	8.470457193186683442e-01	4.144958311318197586e-03	-1.317386701874497801e+00	2.179560325857800851e-01	2.620973509025558701e-01	9.537791536265195491e-01	-1.944424903029145502e-01	4.438767595336384764e-02
-3.855673184708092727e-01	8.491318210432952096e-01	-7.640056981736920161e-03	-1.364094723393797448e+00	1.748640675142061895e-01	1.551728054614617824e-01	6.316567828347297020e-01	-4.925022891302199834e-01	-4.367552404943094713e-01
-3.188792409445793119e-01	8.840184468722264155e-01	3.808647785682460485e-02	-1.029765045992825589e+00	5.416675559011756569e-01	5.091462503679459184e-01	6.389616779107119005e-01	-4.903201035977837186e-01	-3.972884963104121869e-01
-3.371412054655496537e-01	8.428499274762325522e-01	-4.745173014135049827e-02	-1.030040602651331350e+00	5.430856009850054678e-01	4.566377326446836027e-01	1.018428134885883241e+00	-1.490210868192521354e-01	2.300946588493665290e-01
-3.464766498393125893e-01	8.092408683170613237e-01	-1.191469482065024843e-01	-1.153765787240838669e+00	4.075165255318137225e-01	2.455735069672967397e-01	6.397340142661218643e-01	-4.965893253093532911e-01	-3.353200822795330827e-01
-5.182362062220318144e-01	6.306148215374069999e-01	-4.420780390926806191e-01	-9.508749195627311801e-01	6.223965573775590565e-01	4.232041118915240707e-01	5.032480456903892785e-01	-6.232016155937383228e-01	-5.175458194327272610e-01
-2.178466175927913917e-01	8.720598123583559458e-01	-3.558065967688776865e-02	-8.876553695978172120e-01	6.826969639631856879e-01	4.353616314691395872e-01	6.789062828245364667e-01	-4.652275473148189677e-01	-2.061981820500117246e-01
-8.626252673269979576e-02	9.628326903948096760e-01	1.101338246384623576e-01	-9.956846221300226230e-01	5.541656282866345151e-01	2.304176029467123188e-01	3.800004037257525558e-01	-7.381461154401702807e-01	-6.406893988788129324e-01
5.292945132129520669e-01	1.484226034674161809e+00	1.003309758574173483e+00	-9.559563592703306245e-01	5.823174967026385485e-01	2.087342590799255437e-01	3.940194126308533829e-01	-7.257322826340675270e-01	-5.806253851788236719e-01
-4.885636119676607658e-02	9.423100171121808755e-01	5.253410591385201944e-02	-8.254689171900371214e-01	7.055683732651579776e-01	2.824784716898345871e-01	2.764734876331088609e-01	-8.322326453643847932e-01	-7.259171543187963316e-01
1.068657135158066068e-01	1.053573085391055653e+00	2.351870536914626997e-01	-1.033388470850084229e+00	4.586085383647562352e-01	-4.262009632924260161e-02	3.001525218213653701e-01	-8.095117988806258547e-01	-6.467186445323380717e-01
-5.777130562906396261e-02	8.792494136008206507e-01	-7.700432890230596295e-02	-1.007889488555502089e+00	4.616116118594651985e-01	-9.715297379744333717e-02	7.174138888644969736e-01	-4.280306496445733244e-01	5.437237896679614213e-02
3.424624888639030140e-01	1.207627739253190224e+00	4.833313800207653665e-01	-5.271789790731866709e-01	9.549200132986679357e-01	4.131491597342375477e-01	1.276799365936512332e-01	-9.615672006121396276e-01	-8.286152452658711587e-01
-1.929126294683575216e-02	8.571655360439645044e-01	-1.338423176042747575e-01	-4.755826340370077343e-01	9.804110768760003758e-01	3.875587971749270277e-01	1.283776040818054021e-01	-9.572475437556162703e-01	-7.795030363669610551e-01
1.635933526571154151e-01	9.913955698416980766e-01	9.033863206608999663e-02	-6.847021707004814495e-01	7.211066753622457082e-01	6.842732598863959792e-02	4.364746807532232653e-01	-6.724502946759505217e-01	-2.435811323291662278e-01
2.920068279128753552e-01	1.076828882755832772e+00	2.302296375511851123e-01	-4.733700521163528574e-01	9.146807082323388238e-01	2.377774020789067966e-01	1.384369022967005258e-01	-9.379834339828597711e-01	-6.606923578214262127e-01
4.183847414588062197e-01	1.160162869538290620e+00	3.668985852535968650e-01	-4.086748673774647234e-01	9.478277049308247992e-01	2.533824897174826174e-01	7.036613408017033944e-02	-9.933741261849400317e-01	-7.125088519413983468e-01
3.786218170400114102e-01	1.095264543134740975e+00	2.465532833405664481e-01	-5.353033895976234691e-01	7.714322993035832576e-01	1.811649379619615502e-02	1.342501921352638461e-01	-9.277476553706114348e-01	-5.549145651391662604e-01
8.212849112654890815e-02	8.014691405851159800e-01	-2.703654945195952952e-01	-7.783050011375072241e-01	4.675532353487015236e-01	-3.344555399008591889e-01	-8.387304284728858139e-02	-1.117558049662023878e+00	-8.390127993605671630e-01
4.778880367731684897e-01	1.123845610617985047e+00	2.820822422921051564e-01	-4.949552448730702991e-01	7.323933891536418272e-01	-7.199176340006019359e-02	2.540494100148790735e-01	-8.005799762537678665e-01	-2.451095550786014932e-01
5.947117219534513444e-01	1.197554625275382589e+00	4.033206319197937262e-01	-1.608625932152303317e-01	1.050463800305550421e+00	2.625696400578124701e-01	1.832107879330606148e-01	-8.542807660476148257e-01	-2.933234947720266828e-01
2.323703476072103147e-01	8.443087770281260118e-01	-2.156312983829028473e-01	-4.898915806886373070e-01	6.492514240180947693e-01	-1.942381161546081203e-01	-7.687356081597791768e-02	-1.078959681914891666e+00	-6.366347670659620039e-01
3.528784190291396894e-01	9.207633106442298931e-01	-8.908951452682971339e-02	-8.248164998889514488e-01	2.404363608014579157e-01	-6.668579226754898226e-01	1.683107251052022024e-01	-8.429344986721399868e-01	-1.818093617850655985e-01
1.318197747337129244e-01	6.927767193753086028e-01	-4.905839339463184956e-01	-1.168705891529560614e-01	9.600967406071141408e-01	1.148381010413117992e-01	-9.591273125753425888e-02	-1.068999403971487627e+00	-5.270503211837375135e-01
4.757537129868390502e-01	9.676265237365445637e-01	-1.943696726102413924e-02	-9.700751562730441924e-02	9.336822458411286885e-01	8.070846744717261045e-02	5.244203043713598078e-02	-9.185723214720820096e-01	-2.201113271565352802e-01
5.333985934724977396e-01	9.872636654701935077e-01	9.482494253834537756e-03	-1.313700946830983485e-01	8.482415105796524690e-01	-1.886163806035420776e-02	-3.344143873861652461e-01	-1.253662032888517519e+00	-7.545350805286523688e-01
3.782181634326836628e-01	8.171088868935038052e-01	-2.904684383416878402e-01	-1.457547741001528063e-01	7.833848307990393112e-01	-1.045330407352803304e-01	-1.420953649754730097e-01	-1.060798246682466139e+00	-3.758613149985163826e-01
7.924729223669284561e-01	1.153761903497341423e+00	2.892327800437247132e-01	-1.802111061588828889e-01	6.955767328781700121e-01	-2.189930602446214791e-01	-3.827679479401971951e-01	-1.260493151109017829e+00	-6.768644973654256436e-01
6.040341266381356045e-01	9.534515437582909980e-01	-6.243620087520274087e-02	-3.623459985360560909e-01	4.470254221230267611e-01	-4.948482523548566325e-01	-3.301283717343508339e-01	-1.192119976593731812e+00	-5.125207457359576280e-01
3.313904069771164695e-01	6.778918654999168680e-01	-5.440634207159829039e-01	3.957337751425886452e-02	8.311559821840036610e-01	-6.808632953307813818e-02	-6.160670720421144164e-01	-1.430441097207043155e+00	-8.825841456285203890e-01
4.522473052934974369e-01	7.524866232810546451e-01	-4.175154999137205003e-01	-2.286173706907696501e-01	4.884961778896622642e-01	-4.548179417238545352e-01	-5.802380301942222651e-02	-8.999715309489291215e-01	8.035123640436070414e-02
6.760049539947818875e-01	9.184474709914415280e-01	-1.327224109232919003e-01	-2.279150674259130538e-01	4.367605570837834184e-01	-5.131721703840868010e-01	-1.837382225473491448e-01	-9.900497645618097087e-01	-3.299459079607158785e-02
8.827037197999543228e-01	1.068940540831053498e+00	1.255629780048409527e-01	-2.824382672758589119e-01	3.242439544046277211e-01	-6.526307033001084168e-01	-1.744335663616425891e-01	-9.561446340720871628e-01	6.846528047219363478e-02
9.399238871478805546e-01	1.086026214730277273e+00	1.520363101012847662e-01	3.328799854236317857e-01	9.369458785705662152e-01	2.966830045001112026e-02	-3.632239612712840349e-01	-1.101140061519471525e+00	-1.423628707474498822e-01
7.275216244313584824e-01	8.626941020843748031e-01	-2.388314361124318497e-01	-9.439922667805014656e-02	4.185130445888390893e-01	-5.594181092720680315e-01	-2.916108133711292627e-01	-1.008079404554522496e+00	6.001613487535378821e-02
4.362651942659648285e-01	5.687853563511766630e-01	-7.525497464066239761e-01	1.983882056771096858e-01	6.797030558246432985e-01	-2.721360634303796600e-01	-2.705356289621903554e-01	-9.597146931553737215e-01	1.844978825191183058e-01
9.196946056184790441e-01	9.643261015001003411e-01	-7.075146511532770521e-02	1.837119668596403632e-01	6.066384529942221437e-01	-3.670121131422291461e-01	-5.567610438333480127e-01	-1.189501872821794537e+00	-1.705161167562375679e-01
9.762750139365552471e-01	9.792985114077286113e-01	-5.030751116191073402e-02	1.491148873357927562e-01	5.114801191269913172e-01	-4.661619416596992083e-01	-5.730705535256437333e-01	-1.172283011351729520e+00	-9.613653978797226385e-02
5.980325232276038072e-01	6.065320029636362964e-01	-7.038962451393713238e-01	2.517001912363308058e-01	5.640177587981163310e-01	-4.160270830697248012e-01	-8.667684022999015969e-01	-1.405464912021568313e+00	-4.479241592225942092e-01
7.332870867016749727e-01	6.904161339086800631e-01	-5.661581652545755183e-01	3.766821626237500942e-01	6.403518497883470273e-01	-3.241759420598073760e-01	-7.877992633975181569e-01	-1.297328157600962317e+00	-2.018924721056219174e-01
8.430646583121739202e-01	7.509686371597618093e-01	-4.683935842418305850e-01	4.999445785808727116e-01	7.161958206358867152e-01	-1.965620992571324166e-01	-9.353470156761252152e-01	-1.392316990337846283e+00	-3.019469903817779688e-01
1.053947538026599462e+00	9.009149976723542785e-01	-2.144141213302432902e-01	3.228570113682458498e-01	4.698954838783815924e-01	-4.069538377774303273e-01	-8.791501043799135884e-01	-1.298954013508268668e+00	-7.711922566644324739e-02
1.084346956724114186e+00	8.895143458005606574e-01	-2.390700183343236751e-01	1.988059151284908843e-01	2.836386717238017496e-01	-5.671924390603820809e-01	-9.572478621690662104e-01	-1.324686072496299882e+00	-6.286002842199764351e-02
8.688222506344156493e-01	6.585185200241410186e-01	-6.430862468098135221e-01	4.884435795412600534e-01	5.492508033461298567e-01	-1.958498812534346656e-01	-1.119814061043949316e+00	-1.424337699017492742e+00	-1.822216538515751827e-01
1.372840579036017195e+00	1.067672634461295011e+00	6.412028142783698925e-02	-6.176581224733995734e-02	-9.155345684447563359e-02	-8.537630259517068332e-01	-8.459726942761259805e-01	-1.124283384913047135e+00	3.865076007519585577e-01
1.306146248236164542e+00	9.680145031153787327e-01	-1.097202903875408864e-01	3.732726205336828196e-01	3.374114911442981923e-01	-3.334206285852902019e-01	-1.073285906325564421e+00	-1.277362674494237238e+00	1.643846204905997921e-01
1.196891009130717443e+00	8.298844717924793724e-01	-3.496581287619112688e-01	4.516586427833520490e-01	3.832694961898647223e-01	-2.236647044356324110e-01	-1.125254676512426055e+00	-1.268359142672528250e+00	2.197625865573083759e-01
8.966037491476255283e-01	5.209936689017369282e-01	-8.868083412257105058e-01	3.894188124135941620e-01	2.788006538267886469e-01	-3.084880558211992030e-01	-1.139250850272784277e+00	-1.222168430114125792e+00	3.377991997473616670e-01
1.399906871999544444e+00	9.269648739935660853e-01	-1.844998662249484056e-01	3.273916717410759181e-01	1.767279390198569500e-01	-3.728751185458021311e-01	-1.067329400342196255e+00	-1.095018506042700679e+00	5.959763220124955074e-01
1.120116192073426387e+00	6.348265336473616349e-01	-6.928740739554317685e-01	3.439941244368858175e-01	1.629562299436391748e-01	-3.353911624296659899e-01	-1.199027398272174860e+00	-1.150182434571430434e+00	5.348016190076483323e-01
1.309730980312037607e+00	7.599028014723057112e-01	-4.763894178582032679e-01	4.590194790035178052e-01	2.595871894118899625e-01	-1.038576311601167590e-01	-1.144787791892685647e+00	-1.033293055920416093e+00	7.718591535907870504e-01
1.099726869940877094e+00	5.282998464313859444e-01	-8.789454425118083947e-01	6.424935259716828551e-01	4.497108927394160016e-01	3.531439644793636923e-01	-1.553120777341726377e+00	-1.333679645928335988e+00	2.862088457655460605e-01
1.340828071058081106e+00	6.974677798503893245e-01	-5.871552207839310089e-01	2.755972305820796331e-01	4.383878646096324438e-02	-1.142782617093976716e-01	-1.390610489612077449e+00	-1.111791873355959304e+00	6.967461198343851692e-01
1.250407869108784320e+00	5.704610661489073475e-01	-8.079304106387610318e-01	1.659188316305322541e-01	-8.542209886144966346e-02	-2.968013320125021393e-01	-1.355894361074755139e+00	-1.002977154113285696e+00	9.076534320218773155e-01
1.460419644828256924e+00	7.100126232469834431e-01	-5.646908874120486477e-01	4.263346545257016285e-01	1.837239236873448589e-01	-3.874844174857346168e-02	-1.815878943517515554e+00	-1.340938664830692684e+00	3.391604447649693710e-01
1.353586797258383045e+00	5.664436639203709323e-01	-8.113193789813704093e-01	2.124739229907127713e-01	-6.330569566410279569e-02	-3.388290633096961990e-01	-1.549675301509091385e+00	-1.015296728295407513e+00	9.162581121154068642e-01
1.455153203714077303e+00	6.074379106128608985e-01	-7.368384521853993396e-01	2.666758709470899436e-01	-2.117453567809032822e-02	-3.029131005364829043e-01	-1.704998032824727394e+00	-1.069800227075081045e+00	8.307417864874404589e-01
1.535792957457014385e+00	6.287723570145569152e-01	-6.946004791459086114e-01	4.071378789267657283e-01	1.130573373547791305e-01	-1.770465005215297594e-01	-1.729167910062039848e+00	-1.001800082535234893e+00	9.516228824689648702e-01
1.495083034800404054e+00	5.410094921668497925e-01	-8.400218087591737604e-01	4.760825052743095087e-01	1.685837263837713929e-01	-1.252806986339457529e-01	-1.969655690854693830e+00	-1.127322197097376133e+00	7.310191389796591999e-01
1.568293025964510701e+00	5.537004827366077686e-01	-8.074376146560229284e-01	5.020423931919005822e-01	1.762707732708008179e-01	-1.281934309379585968e-01	-1.459551936811084083e+00	-5.671728601852867868e-01	1.688480208902621182e+00
1.202235212219461502e+00	1.743043402818911236e-01	-1.451333794798392862e+00	5.703618541619783766e-01	2.295128040795570701e-01	-6.935574158768767483e-02	-1.911205426947012898e+00	-8.788763517287331295e-01	1.126793930178691561e+00
1.373087359563262222e+00	2.721952190477699429e-01	-1.262311914987539918e+00	5.542955177210744377e-01	1.915930816068025511e-01	-1.036489113219287994e-01	-1.511740022545946527e+00	-4.139148477527738734e-01	1.899541051397952929e+00
1.208424843162691387e+00	7.062544590649608156e-02	-1.586869138167426696e+00	5.475526778612396228e-01	1.635677348596383252e-01	-1.283084568188605779e-01	-2.088767156939828951e+00	-8.348731701765750302e-01	1.123439363442015004e+00
1.342497038065336934e+00	1.345794635947358819e-01	-1.444303910017661119e+00	3.651174685777960893e-01	-5.528089834089160159e-02	-3.736929093372780009e-01	-1.977574155821400836e+00	-6.282276777138384727e-01	1.421616734640291702e+00
1.380599640291373831e+00	1.127447933685138959e-01	-1.444153385768077280e+00	4.316298376227029054e-01	-3.714278827518527337e-03	-2.938067121988127139e-01	-2.173285548490210495e+00	-6.994492292008298584e-01	1.224741991472438674e+00
1.653616050058944964e+00	2.999990567684511777e-01	-1.073443440144481675e+00	7.021760617971090079e-02	-4.145270471571605997e-01	-7.181568736826133836e-01	-1.936786111204619409e+00	-3.769244816515114338e-01	1.694354799960865465e+00
1.712668440769814282e+00	2.968972840874972707e-01	-1.024290051011211178e+00	5.178990211270564359e-01	5.266953095943392726e-02	-1.775511021439284409e-01	-1.829280442601599166e+00	-1.717591490737479520e-01	1.943228209835633935e+00
1.447868813201147464e+00	5.884424468448203049e-03	-1.465587539149708407e+00	2.560146504796205758e-01	-2.476634768354168958e-01	-4.818015773420900594e-01	-2.288340216741406419e+00	-4.827093070985545853e-01	1.280480718898546089e+00
1.222759714394471064e+00	-2.489583501850796132e-01	-1.834118074906980311e+00	1.973220073647556638e-01	-3.266423213755739186e-01	-5.420379363319614008e-01	-2.243800590499040570e+00	-3.373448197054311759e-01	1.389726535654260076e+00
1.539904199273380403e+00	-1.977307947124885834e-02	-1.354334675132939259e+00	5.732128249394843333e-01	6.745177402187993443e-02	-5.867943295010774607e-02	-2.132369981072332443e+00	-1.335989739911901675e-01	1.585969521051531217e+00
1.404625070970222600e+00	-1.919472696384024735e-01	-1.560370894206957182e+00	2.786432019371773428e-01	-2.617560501987613031e-01	-3.739258185758237429e-01	-1.955982842736307514e+00	1.258088753248183811e-01	1.859080225981224244e+00
1.686487346689513833e+00	9.255461811692317076e-03	-1.109071650423707922e+00	2.300651930474482687e-01	-3.221848976718615365e-01	-4.004005469613898804e-01	-2.017857958970758148e+00	1.641453328050810900e-01	1.733245616615314511e+00
1.772219623587720561e+00	3.806379783229293934e-02	-9.487908951595018792e-01	1.170387432204781086e-01	-4.497841473033279414e-01	-4.938474721786123567e-01	-1.863947505074286193e+00	3.935368848368147598e-01	1.925193327542888744e+00
1.328174218567966358e+00	-4.022965726077384341e-01	-1.595108894357929907e+00	2.179055173282965219e-01	-3.430708227829670776e-01	-3.292040591355541723e-01	-1.694654672427296394e+00	6.309244026457586640e-01	2.119517267555016460e+00
1.327752239019388991e+00	-4.447624574655193452e-01	-1.545972248012760897e+00	3.619165710833214256e-01	-1.862112888827290313e-01	-9.685863022840329739e-02	-2.000861623976147197e+00	4.292446250436252608e-01	1.546245118969971299e+00
1.403706620294790097e+00	-4.161397585973622415e-01	-1.369195260891385324e+00	1.346065108890261153e-01	-4.278762240296808406e-01	-3.042735295116187899e-01	-2.078504999777456064e+00	4.283076764988923424e-01	1.315505292653335490e+00
1.483717961153038889e+00	-3.806234898575193148e-01	-1.177310979387661050e+00	5.986508014700284708e-01	8.290692079071332321e-02	3.184983604688250147e-01	-1.779407672085873804e+00	7.624259213414010805e-01	1.661991644995345574e+00
1.441373124478687817e+00	-4.506701480755996303e-01	-1.168127480034185872e+00	5.190392748946952572e-01	8.176885174209502782e-03	2.927537750147483075e-01	-1.698190348431070973e+00	8.905268428923033275e-01	1.652879591552652405e+00
1.541576825215181801e+00	-3.903294772287667636e-01	-9.334714673089646864e-01	2.405997720983795163e-01	-2.783554715602030161e-01	2.999452953235067637e-02	-1.547078241722092962e+00	1.074204576910500419e+00	1.743294675591438914e+00
1.497448264790696815e+00	-4.550282327894249468e-01	-9.168104381386743551e-01	5.787817729824966673e-01	1.063864242939185911e-01	5.047950175996035460e-01	-1.963532878810972715e+00	7.336046486449806503e-01	9.298892966691896245e-01
1.407810833855799970e+00	-5.567592387869949588e-01	-9.667962166409814762e-01	3.548417496011739281e-01	-1.147169308311813130e-01	3.056972924243757106e-01	-1.832523325547808390e+00	8.828621890732177846e-01	9.722221176559628919e-01
1.327447722772484351e+00	-6.467821667271910213e-01	-9.998974797526859470e-01	-1.915103507254722337e-01	-6.822468184195622509e-01	-2.849452211371443777e-01	-1.931499844699328117e+00	8.150261377687584297e-01	6.473100931136425151e-01
1.640671641486575849e+00	-3.829331691994712350e-01	-4.226420762520699537e-01	1.254608654265212953e-01	-3.114033587339483100e-01	1.661990835172611480e-01	-1.643518975965966522e+00	1.091361368303084500e+00	9.267375660812748883e-01
1.285352430685502645e+00	-7.110954883549011063e-01	-8.771443193030664665e-01	1.969241718005035058e-01	-2.047952400810519047e-01	3.061970224285945341e-01	-1.495678608726440206e+00	1.232711902362743750e+00	9.848239861285049690e-01
1.502686960392026538e+00	-5.261521150834799210e-01	-4.475089359630057828e-01	8.839603239727444883e-02	-2.913466825135311300e-01	2.328246818542891172e-01	-1.406742878590104606e+00	1.313381033202073223e+00	9.506280752616547147e-01
1.135964329531808703e+00	-8.582925771960107086e-01	-9.209058961345714112e-01	1.747092032248431237e-01	-1.651708236370759142e-01	3.895822451217772486e-01	-1.818071089585645783e+00	9.323472137708147534e-01	1.291280107441283853e-01
1.473519038287274929e+00	-5.604272513799026800e-01	-3.072076495912798300e-01	1.807922602767022546e-01	-1.247657546232265324e-01	4.430983294843829912e-01	-1.220757952694391912e+00	1.462313995932699395e+00	8.979457786037816636e-01
1.433118890887871144e+00	-5.964340361792045409e-01	-2.787799826246076806e-01	1.966079235583655938e-01	-7.313186950448199997e-02	5.010823435303527473e-01	-1.473293001011506842e+00	1.213429785442855069e+00	3.302363114157746971e-01
1.021147499380359758e+00	-9.607936761608137921e-01	-8.259899627698918945e-01	2.360553315628868276e-01	4.350759085745600774e-03	5.806367426831170464e-01	-1.175464661051796256e+00	1.459566098753945163e+00	6.323221381669088537e-01
1.209829685397148857e+00	-7.879153297752816698e-01	-4.468678179192926980e-01	1.561934636002277610e-01	-4.761830450447962493e-02	5.094324791970508137e-01	-1.576254420784720001e+00	1.065218186335496142e+00	-1.631030446294875480e-01
1.291452576814214437e+00	-7.081703563310179916e-01	-2.349195777834149346e-01	3.274687971696835231e-01	1.717687668333126028e-01	7.293546986460309745e-01	-1.417039582365315020e+00	1.175472820765805837e+00	-7.312342379604824805e-02
9.159340330615228787e-01	-1.033460135875301056e+00	-7.311202516740744617e-01	-1.934792821749689584e-01	-3.599118043280366552e-01	1.126920218419151798e-01	-1.425507705670667979e+00	1.128918526722294757e+00	-2.430531789708721135e-01
1.131048917114918506e+00	-8.309037806285418659e-01	-3.165817242889568672e-01	8.289079143940430994e-02	-2.890410998784626040e-02	4.510854894389224601e-01	-1.347947646841793690e+00	1.156727660351646758e+00	-2.731525055752755948e-01
1.065712150106830958e+00	-8.763353687433106387e-01	-3.370537764530441849e-01	8.258087325812268897e-02	8.053626609539274450e-04	4.498450590384363568e-01	-1.078092068560825734e+00	1.355906610862211092e+00	3.535356102555703428e-03
1.076714645145704141e+00	-8.521663403935194614e-01	-2.411565044933242086e-01	-3.969612734964045320e-02	-1.034110989048155071e-01	2.960568145351731850e-01	-9.470599108582821168e-01	1.425663875181883533e+00	6.535895660330451329e-02
1.111801454622267427e+00	-8.050526411623925016e-01	-1.095762461773546470e-01	-2.864922942852066168e-04	-3.443461679165535361e-02	3.320707604742983987e-01	-9.606424004724658516e-01	1.361074466541325023e+00	-9.623679126188915134e-02
7.317542129971315035e-01	-1.126230161793912998e+00	-6.208700650014707945e-01	2.391633118268361724e-01	2.492175471686435273e-01	6.056391643690642868e-01	-1.186089069557552111e+00	1.101303726739447431e+00	-5.873810413398294905e-01
1.013724480485848067e+00	-8.566172103618310274e-01	-1.107483714190306279e-01	-3.369956282393587466e-01	-3.530338552060727775e-01	-1.075437101926921546e-01	-4.744030624482714620e-01	1.691635686597662946e+00	4.013502237323143262e-01
1.122052480464769353e+00	-7.404603817917705388e-01	1.297910845426064608e-01	-2.451415152577468282e-01	-2.336713396068272330e-01	-1.792549838979190513e-02	-4.365038124076990322e-01	1.667223993916439717e+00	3.321866266923786393e-01
7.575084501853321939e-01	-1.044314685502137907e+00	-3.615020356495592946e-01	1.634876121944920102e-01	2.265833940673099289e-01	4.482705112841549600e-01	-8.287775328125616126e-01	1.249881150339333669e+00	-4.109818506528963855e-01
7.776570675131597721e-01	-1.004621394604144902e+00	-2.598683582311677731e-01	2.461783550573977131e-01	3.311142134962468120e-01	5.184260836656106042e-01	-6.491416663178161128e-01	1.351331794636750017e+00	-2.465312173277277863e-01
5.910509817070448424e-01	-1.148157203319626340e+00	-4.792471371076330033e-01	2.089892139914679425e-01	3.036426544970358687e-01	4.474225291921481995e-01	-7.300606647922552872e-01	1.214800212613098784e+00	-4.872143705571230776e-01
1.034298642538896473e+00	-7.300464341939199020e-01	2.722769106393659322e-01	4.318875467424123649e-01	5.562328802508391679e-01	6.956270035509889427e-01	-4.642742878071899892e-01	1.392842724436389679e+00	-1.776836965290672643e-01
6.866331646222602059e-01	-1.015547008872314860e+00	-1.990010105905556381e-01	2.559997584432967543e-01	3.750366480589151230e-01	4.586358015680446210e-01	-2.883281778786562777e-01	1.488520976127003737e+00	-8.731639265620205759e-03
5.055741364124816117e-01	-1.152040799223615242e+00	-4.131411176822996634e-01	3.974734896614054991e-01	5.355740348142921103e-01	5.937033666188646919e-01	-8.884626179320781469e-01	8.777412243506045320e-01	-1.061650351669334524e+00
9.607843509539580884e-01	-7.213090154745758209e-01	3.566314670383424756e-01	4.378321582212713059e-01	5.839805370384800742e-01	5.967840520942790938e-01	-4.299030280125770154e-01	1.229154187992246294e+00	-4.476671116763925040e-01
5.049590059691175803e-01	-1.101228778376436068e+00	-2.816418338265552768e-01	1.019820766103236576e-01	2.217916462739495109e-01	1.410408013175045716e-01	-4.382024586529694732e-01	1.155401889668035142e+00	-5.661152882642467299e-01
3.130271009426002227e-01	-1.245589673842466771e+00	-5.127726665039280540e-01	3.708446975751972796e-01	5.115964299364472723e-01	4.071644782128366336e-01	1.936385324752536996e-01	1.663379445198561069e+00	3.260930593971162472e-01
3.062180067063198230e-01	-1.224574136349648512e+00	-4.579481244359174807e-01	2.846057847899818860e-01	4.135193253449487849e-01	2.447751624809313964e-01	-3.779503428257999786e-01	1.076487303799095629e+00	-6.760502080093060417e-01
5.587808479811655626e-01	-9.720590258941413930e-01	-1.544008430059057302e-03	1.483686405075046455e-01	2.580491128299888248e-01	1.681480236027765862e-02	-9.944455690636008760e-02	1.262384697190676253e+00	-3.377800100345063616e-01
5.688178952684835865e-02	-1.390861479191044747e+00	-7.109799239611066524e-01	5.528419992616980805e-01	6.851546244429518318e-01	4.345952399632305729e-01	-3.920108892444391230e-02	1.249423104490623881e+00	-3.432447763558100218e-01
3.060412958893429236e-01	-1.140371189561820930e+00	-2.601474424947226582e-01	8.742089731098037220e-01	1.018509317991983743e+00	7.449968539321873973e-01	-1.300588100100446565e-01	1.098768188773751486e+00	-5.829198226216648626e-01
3.504636507280758928e-01	-1.071713583559280814e+00	-1.252240539184942825e-01	4.854471176096027962e-01	5.790492446231265689e-01	2.013291625906799553e-01	-9.703140234268144149e-02	1.060556489627790366e+00	-6.280892125092141232e-01
2.426686673132358585e-01	-1.138134079189071279e+00	-2.252483010696314791e-01	4.832597202215157539e-01	5.546807332916546818e-01	1.162994422211567069e-01	-2.153484030775951463e-01	8.845446342933647177e-01	-9.075499369424084861e-01
4.628303837292080392e-01	-9.120467043091167181e-01	1.818102583812299944e-01	4.956015005349937996e-01	5.425522223191787674e-01	4.309904589400141706e-02	-1.278511427246629972e-01	8.955108982294159858e-01	-8.636225180536527546e-01
3.337326414572731048e-01	-9.965032662857452594e-01	4.979761281266904122e-02	3.318111345756675767e-01	3.356637056473426028e-01	-2.484930400699730813e-01	1.450991568509834295e-01	1.074940423402929390e+00	-5.264505862066186648e-01
3.615170288638618334e-01	-9.407810674088735725e-01	1.609110855765927273e-01	4.643638322983713596e-01	4.457283832148652980e-01	-1.876213104046099145e-01	2.714297428301470916e-01	1.120903668639755102e+00	-4.184846171481583221e-01
2.097786618652295598e-01	-1.044410863675790058e+00	-3.633397337618332612e-03	3.191499263243574580e-01	2.508776207660871060e-01	-4.562861792982150777e-01	1.017754677894037174e-01	8.976255705424172060e-01	-7.738511750546250845e-01
-2.558390812927902047e-02	-1.221957962197421921e+00	-2.963585549462223190e-01	5.850006047114915120e-01	4.977415054013478724e-01	-2.352881141247233077e-01	5.532658071109761710e-01	1.239438322081183319e+00	-1.428606389711716274e-01
3.911671474516469071e-02	-1.131775566178171655e+00	-1.258813632401488136e-01	6.166507461925250233e-01	4.881433406993002655e-01	-2.775066420637601894e-01	3.440744699103810422e-01	9.808874503305434756e-01	-5.449282702548871038e-01
3.911792747254675406e-01	-7.852119367737149247e-01	4.879186780419066949e-01	6.828356537744164623e-01	5.147721127920972251e-01	-2.519941956417214857e-01	4.559520831426296938e-01	1.015189314147343813e+00	-4.339024934859228022e-01
2.987845671893071819e-01	-8.339899946574415024e-01	4.141428519704999922e-01	5.787704433166901419e-01	3.563693379903554725e-01	-4.288089767439283717e-01	3.790756469903715509e-01	8.789003248873881180e-01	-6.150855546487737913e-01
-2.053222468087119168e-01	-1.249001648101605522e+00	-2.966281068040953484e-01	9.774348040683311645e-01	7.429517864431574026e-01	1.371182855016461755e-02	4.853068490270329716e-01	9.103239434986540868e-01	-5.044146305457769541e-01
-5.103255331098091596e-02	-1.077374150591419832e+00	8.713140064764198639e-03	9.444291069255876803e-01	6.620586345037119402e-01	-5.415805781812843556e-02	4.433350727137305158e-01	8.082356656020781571e-01	-6.240373383771145033e-01
-2.720012414915849996e-01	-1.239584065955547487e+00	-2.656022527225823660e-01	8.471760060743025456e-01	5.128671126961638072e-01	-1.988422542614027566e-01	3.053480616582664453e-01	6.200671819274043983e-01	-8.915316330846051462e-01
-1.580846023929292632e-01	-1.103284401595906905e+00	-2.308992526734014727e-02	7.552750034136007651e-01	3.711308643655531481e-01	-3.190400953545532992e-01	8.719706655830512521e-01	1.074069338520510453e+00	-4.685398097064286116e-02
-2.280876052380901853e-01	-1.130463235578059944e+00	-6.436997850575604252e-02	4.525546150752489671e-01	2.063333400793787575e-03	-7.116697110608151133e-01	4.556767911261041526e-01	6.353653522040403345e-01	-7.499951666228700242e-01
-2.362611484212656376e-01	-1.102294697380585831e+00	-1.044722239489413729e-02	1.017281720224508135e+00	5.736559256517275163e-01	-5.329416664494734945e-02	5.841900560116156660e-01	6.934858597510704659e-01	-5.900618745841398338e-01
7.484836819460385926e-02	-7.895375038025427283e-01	5.366536318603468692e-01	4.205167738908185404e-01	-1.123002163140698895e-01	-7.929043010646562584e-01	7.184451395646643812e-01	7.581721053095920038e-01	-4.199717904261572876e-01
-7.822194661592268838e-02	-8.898440358603924016e-01	3.671965385974184648e-01	7.050918687013534303e-01	1.581552695555000221e-01	-4.634337170546495299e-01	6.745755888645512677e-01	6.621616876145125508e-01	-5.288702699395185780e-01
-5.079887662261952652e-01	-1.236255388413734835e+00	-2.296689629786436981e-01	6.945124930579671396e-01	1.098199613481851133e-01	-4.934784663709813612e-01	9.448558219388777379e-01	8.531989304687028763e-01	-1.390888966647467195e-01
-1.455723483904824700e-01	-8.769512159978691823e-01	3.974506041793273159e-01	3.987425112079390765e-01	-2.461289882801547257e-01	-8.583031824912461527e-01	7.537866163380453344e-01	6.260677403743724057e-01	-4.723398331646234682e-01
-2.968505476802486553e-01	-9.748068859802204722e-01	2.309309089408207727e-01	6.604585269486487054e-01	3.379844970497897227e-03	-5.527996585764667348e-01	6.525179996232332025e-01	4.820602904269583044e-01	-6.626786964280350078e-01
-3.290476225514103459e-01	-9.663233677931523102e-01	2.490831400946966478e-01	7.590290721708584654e-01	7.731018431321401430e-02	-4.444660522628578470e-01	5.641592695021884207e-01	3.512061213458215203e-01	-8.304409068964206941e-01
-6.233146952112188499e-01	-1.190899775478567957e+00	-1.372452880202927050e-01	1.004442832020196130e+00	3.114977453029559307e-01	-1.628487816038799441e-01	6.186914892515087416e-01	3.517068972099458568e-01	-7.715890592397014469e-01
-2.482230920330185386e-01	-8.190884326174634467e-01	5.111841412695065090e-01	7.740962975880401054e-01	3.091642359449355351e-02	-4.504567978594200550e-01	3.353250855348269832e-01	4.632160495889597884e-02	-1.241412924844527588e+00
-2.691194853397025910e-01	-7.995626405508473589e-01	5.479850885670343175e-01	8.147008112239387811e-01	4.515620805864355852e-02	-4.080732013885541298e-01	5.834936537748742769e-01	2.258484104628165900e-01	-8.711269452108947320e-01
-4.991909038109520469e-01	-9.659610576985505626e-01	2.619151227338066268e-01	5.119167832402763407e-01	-3.116181988356176991e-01	-7.773574796840515555e-01	7.717921182277909242e-01	3.524537267923626427e-01	-5.916161414231813076e-01
-5.372695882103833975e-01	-9.610320534331907583e-01	2.731133863478654167e-01	5.569213366210210570e-01	-2.903820510024967549e-01	-7.349332642904686796e-01	1.090074199095381946e+00	5.988166084944901435e-01	-1.059770627380766661e-01
-7.023385531831105588e-01	-1.068809134204718347e+00	8.848895594600300618e-02	2.655936269094419933e-01	-6.333757653661996612e-01	-1.106624764156084018e+00	1.231507369141148889e+00	6.858533081656499331e-01	1.032370891837142146e-01
-6.603061096396430907e-01	-9.917773998294202586e-01	2.243047671126982001e-01	5.087902414401181961e-01	-3.977516847151801316e-01	-8.441196986242962552e-01	1.110097587995686697e+00	5.353300044040552041e-01	-1.005464215073878509e-01
-6.539896663642736918e-01	-9.461301469243095230e-01	3.058584942641526805e-01	5.591249756777265656e-01	-3.712998151024590188e-01	-8.060264981707835341e-01	8.582033826389557918e-01	2.676234705831350702e-01	-5.062278402814510692e-01
-7.160053607518559460e-01	-9.609080003885521748e-01	2.817211768132519278e-01	9.509174878914676832e-01	2.406529303437812684e-02	-3.823621497703452166e-01	1.196362173462304224e+00	5.381020810675564148e-01	1.967806809774774734e-02
-8.035148370571546517e-01	-9.979633606301455684e-01	2.185136477143681533e-01	9.635832657172221927e-01	7.730129085460585303e-03	-3.960022059744480183e-01	9.068898746373409425e-01	2.393175564611121631e-01	-4.400584874606300323e-01
-7.469500555988669577e-01	-9.062840382798869054e-01	3.782091454157515686e-01	8.756871887819837053e-01	-1.186347774344456846e-01	-5.377959866969390657e-01	8.129918349995320925e-01	1.200000267643357710e-01	-5.899079915925853346e-01
-4.970643746238161409e-01	-6.419828701509455726e-01	8.376142339522161251e-01	4.225808150002033359e-01	-6.418043823104717660e-01	-1.130298302080423145e+00	1.068511214967315048e+00	3.200112219484675391e-01	-1.876364547658020965e-01
-1.055665170130110075e+00	-1.097137649308550955e+00	4.836288194269744434e-02	9.913191052163801142e-01	-5.877298738053648997e-02	-4.808257115905422152e-01	9.756978929630671926e-01	2.047881005418746014e-01	-3.315784789687207801e-01
-7.241888106076328491e-01	-7.591713275690512575e-01	6.352373448967425507e-01	6.578159320303047508e-01	-4.527908295362689794e-01	-8.804548154051687892e-01	6.982622531052666837e-01	-7.679031875199313073e-02	-7.643314879800664485e-01
-7.436858870480431705e-01	-7.331613359352573411e-01	6.816057210840814617e-01	3.969702928598950464e-01	-7.635437052506578448e-01	-1.113225848458216038e+00	6.370539356069984116e-01	-1.599698165690139895e-01	-8.494184312798338521e-01
-1.077890753680364799e+00	-9.867209177133159370e-01	2.447944018082791884e-01	6.739085542327257761e-01	-4.800210424534394060e-01	-5.762691730256978007e-01	7.669267277854506792e-01	-6.730276354961697849e-02	-6.249244615849580686e-01
-1.103160736309794165e+00	-9.643647346598520631e-01	2.887419151003042250e-01	8.609697852911846194e-01	-2.798359708662850887e-01	-1.452732283909796973e-01	8.947113114895559605e-01	2.589529349949092063e-02	-3.944008385153550678e-01
-1.005905479842188255e+00	-8.320393104333643208e-01	5.226989055287610819e-01	6.565389466423217080e-01	-4.945286735958944746e-01	-2.606645110714760349e-01	8.585658998656805485e-01	-2.741048409209782821e-02	-4.199337468961185649e-01
-9.270826475489483132e-01	-7.152851502818313723e-01	7.272065395784872432e-01	1.909498096674817624e-01	-9.899706879487530919e-01	-7.863133845725021054e-01	8.886866643922687325e-01	-1.806013085630584630e-02	-3.420609187699029663e-01
-1.279688711517049216e+00	-9.819210444206967203e-01	2.642588064302240913e-01	7.773197002923698529e-01	-3.461580266573839326e-01	-8.067158239340863068e-02	9.395434469387464738e-01	1.232703355715802571e-02	-2.335705231129510395e-01
-1.241733511662573619e+00	-8.999979110569855667e-01	4.039110718213272389e-01	2.571823508114245982e-01	-9.022710864016291188e-01	-7.263082670128191420e-01	5.900716085488795226e-01	-3.192601852652544037e-01	-7.542846997560803679e-01
-1.030646659056491332e+00	-6.631508412973000643e-01	8.108709080719027629e-01	3.424396261159894372e-01	-8.030189597335664065e-01	-5.922512609982066856e-01	8.532775655295743444e-01	-9.160186848258422554e-02	-3.088433472408911307e-01
-1.107060860019955184e+00	-6.815730299810253134e-01	7.731657923720158809e-01	7.278676719214771662e-01	-3.775267271072628716e-01	-1.055652279374704738e-01	8.896337436843511082e-01	-6.814623889392498746e-02	-2.178202595251927109e-01
-1.249324245774508180e+00	-7.578738846979639066e-01	6.342183288082624548e-01	2.976421036050838076e-01	-8.360721412281078013e-01	-6.103789402384334206e-01	8.916551801796473997e-01	-7.393773629224166533e-02	-1.813685883385630360e-01
-1.367996596390146813e+00	-8.123937269476482204e-01	5.316485720373196333e-01	4.978591763402250847e-01	-6.103035502420751657e-01	-3.287960355508320331e-01	8.049672267064459374e-01	-1.584272950685730319e-01	-2.833377568380587852e-01
-1.156350596220870885e+00	-5.719656041432462645e-01	9.401279332523404531e-01	3.377606567335335042e-01	-7.736144027174898241e-01	-4.790942699813903749e-01	6.270914553098239086e-01	-3.239081657996892849e-01	-5.266598975235148306e-01
-1.184574909196987269e+00	-5.443506752809199600e-01	9.768089855092577656e-01	1.773661917085626039e-01	-9.364122197415477578e-01	-6.479373174722330431e-01	1.123853294268781555e+00	1.261873146793660028e-01	2.941546338666128357e-01
-1.316285490664416358e+00	-6.081341136580493689e-01	8.524179566106381278e-01	3.208762770820670629e-01	-7.691570335653675761e-01	-4.395659781426347612e-01	7.084621833745335939e-01	-2.513614130804543434e-01	-3.216648572988404231e-01
-1.473447290666929810e+00	-6.938836561562932159e-01	6.862161679431120209e-01	3.088638765695173038e-01	-7.696007503534258998e-01	-4.249499713691748948e-01	7.162636244705614663e-01	-2.420741512814159613e-01	-2.695490977763631002e-01
-1.139060692501444150e+00	-3.412820431902431340e-01	1.277629805555562603e+00	1.518444838602858726e-01	-9.260711193919186623e-01	-5.630966377616880569e-01	1.042276030636988038e+00	5.838087294052975162e-02	2.817751745997383872e-01
-1.302524643058809772e+00	-4.314351976730730898e-01	1.097328061201590543e+00	3.156660606865049346e-01	-7.332041102011278566e-01	-3.171347411857131648e-01	8.199492964461843059e-01	-1.381777636069680126e-01	-3.106587649048936361e-02
-1.500819358297547979e+00	-5.521152791595931308e-01	8.602665712900522399e-01	3.100452400729150626e-02	-1.024836007400239613e+00	-6.118348561524453721e-01	1.134299531036690123e+00	1.548870892866362203e-01	4.984025064717255704e-01
-1.472665145069796289e+00	-4.707492047595047135e-01	9.691114225907793145e-01	4.646558681669649138e-02	-9.902684633936705838e-01	-5.489612991816752441e-01	3.575082486344300925e-01	-5.430162318392391940e-01	-6.912810242959843698e-01
-1.271337461279732572e+00	-2.349335247022270590e-01	1.340327990750957987e+00	1.274738283947604578e-01	-8.831125967513784314e-01	-3.947102886757714590e-01	8.015114286444411373e-01	-1.293533525709985033e-01	3.945605078121018627e-02
-1.411933631783821363e+00	-3.035200957174142289e-01	1.177592814834382162e+00	4.675098068443166166e-02	-9.493332275677121013e-01	-4.304208525696293641e-01	5.656742509103110939e-01	-3.329223200367325552e-01	-3.041362771592663883e-01
-1.207826460070470453e+00	-6.525684422868657797e-02	1.540970095825110686e+00	2.104559939050594519e-01	-7.487870021425793166e-01	-1.697231830739313607e-01	5.697069802034698816e-01	-3.174279324746394071e-01	-2.720083804878523082e-01
-1.330998246913258853e+00	-1.187791868501019976e-01	1.390632787748059096e+00	2.157688959300719800e-01	-7.165510533083677691e-01	-6.064918078297709680e-02	6.901171088684294741e-01	-1.954177908266801489e-01	-6.255538031999061110e-02
-1.604133952265382579e+00	-3.063889212124207839e-01	1.001632902281040627e+00	-1.579814020860996759e-01	-1.092500167481744944e+00	-4.474602886499297605e-01	1.090227126806915248e+00	1.813325177808760291e-01	5.819281557238090707e-01
-1.410467672301186415e+00	-7.909482240794443730e-02	1.325472670151054855e+00	-3.627143270770756822e-01	-1.283304817841125267e+00	-6.183039693014227289e-01	8.915625457657730957e-01	1.358008661016894131e-02	2.777359308469506960e-01
-1.234050053623715559e+00	1.318093137692879224e-01	1.613678153570927698e+00	-5.245140531106975423e-01	-1.425062206364874795e+00	-7.282644432397823442e-01	8.979870100984282955e-01	3.215619927692821289e-02	2.911454195586407057e-01
-1.296880663051447780e+00	1.283790733907546611e-01	1.523525431857244428e+00	-6.113897960386749375e-01	-1.482688472117111189e+00	-7.413353157248082637e-01	4.968934411663044060e-01	-3.204284425202714726e-01	-3.450106329329341026e-01
-1.251941445027262789e+00	2.194115391627287637e-01	1.590782519135883533e+00	-5.815038492067425846e-01	-1.411288834731561526e+00	-6.146027432420493319e-01	8.270721344583427115e-01	-8.669350393984958519e-03	1.675317329606546835e-01
-1.398340833898488844e+00	1.382632911830174172e-01	1.352111834369542187e+00	-6.989307812179157420e-01	-1.496145172936249823e+00	-6.493116730441814699e-01	7.589026027600376256e-01	-6.015911165297167101e-02	4.674622866292621470e-02
-1.483254387355312565e+00	1.098138607314984722e-01	1.198767432568118352e+00	-4.264129296242490375e-01	-1.154866726153082723e+00	-2.088866721293438089e-01	4.628445135219902973e-01	-3.201028385024590195e-01	-4.386145124039785292e-01
-1.393064598380585384e+00	2.350054095135405141e-01	1.306864921684967484e+00	-8.117935964351756795e-01	-1.522813019055718087e+00	-5.582098278192773044e-01	9.926409498711694646e-01	1.696314202083801237e-01	3.719140855242880628e-01
-1.445365616064028913e+00	2.308118577908178370e-01	1.185755310826435149e+00	-5.667422056126670826e-01	-1.203948162866224969e+00	-1.426347893416695656e-01	9.045117268023703527e-01	9.577478728925439833e-02	2.044005697462007720e-01
-1.646498031529669337e+00	9.138250764365801748e-02	8.260812131966692728e-01	-8.727657561148951526e-01	-1.478440070692236041e+00	-3.879183979385627534e-01	1.103098876540651752e+00	2.809252762962726746e-01	4.845216969795551609e-01
-1.280452446134223043e+00	4.541399999526112841e-01	1.334270752424951079e+00	-9.173155659012649510e-01	-1.465887157899966153e+00	-3.140560283273075570e-01	7.453581382668783561e-01	-4.171740469769939785e-02	-1.136242752923959654e-01
-1.312180836865786571e+00	4.596475168116727072e-01	1.221026279399810344e+00	-5.772714842793715828e-01	-1.032457691284609513e+00	2.303427510770335307e-01	1.237075277982705446e+00	4.062651897618071439e-01	6.218509604128870105e-01
-1.143949514725731254e+00	6.401224583503984933e-01	1.411356980927674920e+00	-7.141674518963225804e-01	-1.112315244031091721e+00	1.926302697551083298e-01	8.481399616594920143e-01	5.130126561522947021e-02	-3.176517714389349295e-02
-1.207239841962918003e+00	6.112714166692974072e-01	1.238692599215639456e+00	-7.555270653008058224e-01	-1.085902231643874893e+00	2.583492482061579554e-01	9.097886973030956392e-01	1.041008882792875123e-01	2.276948422997349120e-02
-1.283122049379980645e+00	5.680256088200883458e-01	1.042441126984612110e+00	-1.229458289252008951e+00	-1.524745774317026958e+00	-1.754753957372116313e-01	9.699513083965866089e-01	1.535603123709276818e-01	7.501332587307102395e-02
-1.323457035333528875e+00	5.532548834274242378e-01	8.975926092306188986e-01	-8.760961726337046507e-01	-1.063823365129801912e+00	3.824334925102628735e-01	7.573935026011289207e-01	-4.692561252799529181e-02	-3.021191110436917127e-01
-1.125878537205933894e+00	7.471881903106651901e-01	1.117440694391811595e+00	-9.331952286874424241e-01	-1.044669901863241490e+00	4.426898665336726491e-01	1.315248272345642677e+00	4.514378301779737868e-01	5.351438901211624799e-01
-1.242270875588104007e+00	6.584250454778225459e-01	8.499844221911624365e-01	-1.214804259453221125e+00	-1.266060708495007514e+00	2.298941083541827801e-01	8.560422239921846588e-01	2.308276631456102762e-02	-2.285861983170402179e-01
-1.380692963774409421e+00	5.470065134288382147e-01	5.470784592372563981e-01	-1.328335414342417975e+00	-1.302882729388325167e+00	2.169745029080090148e-01	1.016205204994146571e+00	1.564361591429828113e-01	-1.491877724222306911e-02
-1.061607994805886523e+00	8.400422314185610473e-01	9.499032953080508435e-01	-9.722302259695878579e-01	-8.286608736583702672e-01	7.673512233109399672e-01	1.096946225045066337e+00	2.160945867869019654e-01	7.565790056736981795e-02
-1.266181737178906586e+00	6.639146628118786087e-01	5.434960538748376813e-01	-8.037619365688981610e-01	-5.558760815558176915e-01	1.086701762332195509e+00	1.112751562184651100e+00	2.153464640489576865e-01	6.522091066364210654e-02
-1.360719308938668881e+00	5.830519608860819103e-01	3.069398494164486957e-01	-1.109201793265463643e+00	-7.953431208941377228e-01	8.275130381589314021e-01	6.001906950766386917e-01	-2.671125622493336627e-01	-7.736381724493608392e-01
-1.116855224082524689e+00	8.009013158580796654e-01	5.928462066827310251e-01	-1.245647621364706525e+00	-8.503967537824551615e-01	7.727043189930903333e-01	9.144876469750791159e-01	1.448449012161840202e-03	-3.071756039175021491e-01
-8.446206156226651052e-01	1.041502108468306043e+00	9.229713628837081796e-01	-1.493650579091548636e+00	-1.025363703393006531e+00	5.773493097765525217e-01	9.279014823505855603e-01	-4.490143082423684456e-03	-3.119410048009358394e-01
-1.024913136340296571e+00	8.767468299320224645e-01	5.545807540784721823e-01	-1.623874788598496988e+00	-1.072133587533203869e+00	5.175676719866886266e-01	9.537941079584054682e-01	2.124278091765186005e-04	-2.939725288065493380e-01
-1.022921259056756682e+00	8.720511916872224489e-01	4.685069320223583800e-01	-1.661954397005089401e+00	-1.018884659543022764e+00	5.622555012895178450e-01	8.220951374151750368e-01	-1.389588830988918444e-01	-5.213013854748983489e-01
-1.023528118917243157e+00	8.629101502479250563e-01	3.795528479293665547e-01	-1.517687252492563310e+00	-7.682751653035612138e-01	8.198704606669956485e-01	7.020798496799459665e-01	-2.679385458527898667e-01	-7.271928613400927555e-01
-7.680624603594325972e-01	1.079796709299755797e+00	6.872838534363640006e-01	-1.560838327736477904e+00	-7.212848484274603234e-01	8.448402328673902950e-01	7.852592383182983582e-01	-2.123947653914144973e-01	-6.097102216116165874e-01
-9.421797938676789164e-01	9.122619163546064058e-01	3.322937211272788960e-01	-1.647761409741865357e+00	-7.226532443892328406e-01	8.099452259496981998e-01	5.603395398580625075e-01	-4.372196083878465145e-01	-9.742461893703631137e-01
-8.500140370268056689e-01	9.800780289095822884e-01	3.894641113603616311e-01	-1.472394210477022014e+00	-4.409484399666979137e-01	1.087490752405722239e+00	8.463754795404284659e-01	-1.973137751014506225e-01	-5.294306116627751635e-01
-8.610196250429507092e-01	9.543506647712870494e-01	2.883506677395274442e-01	-1.469811381304307218e+00	-3.490948572782420767e-01	1.118247231805482134e+00	5.634505578378474766e-01	-4.750977266019772993e-01	-9.873495860833886306e-01
-8.677873345824701490e-01	9.308546937000455879e-01	1.952356226458251409e-01	-1.996924177200270378e+00	-8.336507280556317845e-01	5.314100995852000242e-01	6.938576360581162339e-01	-3.768423005158617056e-01	-7.818089565322958734e-01
-9.333600393792514938e-01	8.535519730087043344e-01	1.213963099559234315e-02	-1.759438872029298384e+00	-4.916056485327657266e-01	8.628797155728358259e-01	1.142084526298606351e+00	1.084408091489830195e-02	-7.224271649859714817e-02
-4.992320811181080176e-01	1.219874414505843330e+00	6.019352991363573491e-01	-1.612318124652570628e+00	-2.494953217715450977e-01	1.080070353015537332e+00	5.787439766844664213e-01	-5.210362636017640270e-01	-9.535478993897970046e-01
-5.990902850082171494e-01	1.109422404184819744e+00	3.675209761591254343e-01	-1.700337267439258948e+00	-2.645199730617199263e-01	1.006259683762423807e+00	9.666449404902556219e-01	-1.872677495227155764e-01	-3.336213224224485741e-01
-5.254483249064288986e-01	1.152285763404764296e+00	4.019385322947089390e-01	-1.875501762168032771e+00	-3.760928597221194769e-01	8.306864108374915068e-01	6.641377855650804074e-01	-4.807640107344720581e-01	-7.955184087506299573e-01
-4.634533290061262911e-01	1.183673612852154777e+00	4.193307884463935986e-01	-2.006765714422402258e+00	-4.425122882387210743e-01	6.944749700067274212e-01	1.142325867108741289e+00	-6.350647965829081532e-02	-2.796953927540846152e-02
-3.776980269319621941e-01	1.235186050226634968e+00	4.739052600019978412e-01	-1.981934188088903204e+00	-3.427784537298881329e-01	7.384208552212319088e-01	7.771415890914039615e-01	-4.126283548057476658e-01	-5.866571502461748189e-01
-5.788999786808046721e-01	1.030191807556851469e+00	8.568729789052142998e-02	-1.414463639923888127e+00	3.420866164658131203e-01	1.436038147697896061e+00	5.321686841358008735e-01	-6.516788345682523742e-01	-9.525440217096838857e-01
-5.040431543499758194e-01	1.070114379518185777e+00	1.246289343677011163e-01	-1.499676213307057360e+00	3.171228328721518164e-01	1.347249214511818449e+00	4.011655445196671277e-01	-7.862501320820187711e-01	-1.135648624421118358e+00
-6.332048908503233875e-01	9.275056330518469672e-01	-1.512094000480721234e-01	-1.430315103707443525e+00	4.563726378788230953e-01	1.422212711283627140e+00	8.336234742552594001e-01	-4.074874687729856948e-01	-4.284434165612924783e-01
-3.901887960295782887e-01	1.115506960171734230e+00	1.482579911870867684e-01	-1.535208325159015619e+00	4.033313024701349891e-01	1.291150239541508871e+00	2.603677359469898644e-01	-9.424685203055224170e-01	-1.302581749211913609e+00
-5.092566844966184281e-02	1.388451143130373655e+00	5.968316740465652304e-01	-1.651294363250407127e+00	3.345453523542326058e-01	1.133916764016867251e+00	8.342250345486295071e-01	-4.331971613961260181e-01	-3.669313035779364074e-01
-3.485076852669040104e-01	1.093572782328359416e+00	6.179706363741623021e-02	-1.564651855979867223e+00	4.811387419736242177e-01	1.208954591183921012e+00	7.422138293268379927e-01	-5.285181086401756767e-01	-4.780403051325641250e-01
-1.534401420819543893e-01	1.236714560346641845e+00	2.882971643712517462e-01	-1.562273260893643378e+00	5.318358458759222529e-01	1.165713722389347673e+00	6.065615870058334025e-01	-6.625118415180029086e-01	-6.551128753362731594e-01
-1.569180464051178059e-01	1.202403905231393955e+00	2.079927540049494039e-01	-1.653983901298919923e+00	4.747785776332987817e-01	9.861530616086500167e-01	4.052205902669673288e-01	-8.551773801489698235e-01	-9.330253722022293639e-01
-1.180676672065031629e-01	1.205160807572227322e+00	1.931613246215830304e-01	-1.832388519065954346e+00	3.177059275692957208e-01	7.090040481406894024e-01	4.688397216430097991e-01	-8.056426499543919428e-01	-7.823760075554213600e-01
4.558646530982896072e-03	1.281909069538479384e+00	3.072394038699661212e-01	-1.343620448375718146e+00	8.802131637680270515e-01	1.259102144276243340e+00	6.598599599102985547e-01	-6.383599373905171070e-01	-4.293567243358414331e-01
-1.621641396823117476e-02	1.230376521541715285e+00	2.003765631574053185e-01	-1.764501168553701760e+00	4.510861034730648811e-01	6.595806282024841982e-01	6.730859028573916714e-01	-6.318593761687474331e-01	-3.655706164382387935e-01
-1.490125713935694651e-01	1.078548689355892432e+00	-7.902361916396873076e-02	-1.047586518003383205e+00	1.248277577184850662e+00	1.445116315353885739e+00	8.102262216770683700e-01	-5.114256133725427755e-01	-8.804621246815080848e-02
-1.268310507716091662e-01	1.064227951481885315e+00	-1.187708710834902148e-01	-9.934137491236005868e-01	1.325802553269394890e+00	1.479212777800106293e+00	4.683966486920957406e-01	-8.242157895341739593e-01	-5.610936263917751798e-01
8.241155488644168192e-02	1.215975321857696301e+00	1.297494046859976602e-01	-1.134606464173122387e+00	1.185062190069613441e+00	1.189896109402502455e+00	3.578275811579622045e-01	-9.257093865023323653e-01	-6.844492866627532868e-01
6.203948937181270884e-03	1.113022898492089130e+00	-6.307037746856825056e-02	-1.038192436482647363e+00	1.294856584315366321e+00	1.189421139304672081e+00	5.406187840263728672e-01	-7.593938382668454778e-01	-3.420617072684466464e-01
1.376621892341836906e-01	1.194501805895014979e+00	6.507408165362063568e-02	-1.361884204864525216e+00	9.414871208991388851e-01	6.608682444022897506e-01	2.859906406547100821e-01	-9.897970859590828896e-01	-6.851013187461887366e-01
3.587455767538542117e-01	1.355333380664541565e+00	3.320414151491566379e-01	-1.202797565987093309e+00	1.103728726612208222e+00	7.004703345167271333e-01	-9.814692335607771989e-02	-1.336804000027046690e+00	-1.228490644346117433e+00
-1.305364239592687603e-01	8.831303061471523774e-01	-4.989354373872881276e-01	-1.309460610724307639e+00	9.709249227153660122e-01	4.429150855477469451e-01	3.333008411109813496e-01	-9.407737283313095666e-01	-4.830455835833273870e-01
-2.920943999407585312e-02	9.364085028715760650e-01	-4.175114112040294589e-01	-8.047947899448865128e-01	1.493487513402713907e+00	9.095496344503866126e-01	4.464451801604082948e-01	-8.328903548643782351e-01	-2.357003370135173914e-01
2.759708804805202642e-01	1.170777082047089523e+00	-2.131905618106096773e-02	-1.060253668607933575e+00	1.186785045902426949e+00	4.603031569160062064e-01	3.942376564284285623e-01	-8.739362254488992621e-01	-2.444530212747691444e-01
1.794779444967655457e-01	1.047006221406166837e+00	-2.462352826664426231e-01	-8.271836176132789653e-01	1.403957787845787397e+00	6.254494339664116165e-01	1.563588961820018275e-01	-1.082335732456904953e+00	-5.424406620747618257e-01
4.442928665124946663e-01	1.244537476880091864e+00	8.701598791211959116e-02	-9.126657838887730634e-01	1.271264794059005832e+00	3.831674146762865663e-01	-5.815519738788688109e-03	-1.220310245202428590e+00	-7.183187022057524462e-01
3.972176771598777134e-01	1.163895859334143079e+00	-6.177954897542980300e-02	-6.646003063296515023e-01	1.494566001130632094e+00	5.495030669722974492e-01	-1.233093662427900000e-01	-1.316070470350650501e+00	-8.203347504261158107e-01
3.451477645971126607e-01	1.078369092298479437e+00	-2.186515961243687411e-01	-5.988011658182773589e-01	1.516693052788128826e+00	5.068254707895909483e-01	-6.778563588671059070e-02	-1.252746700357114440e+00	-6.444606323059144382e-01
8.086669563431700958e-01	1.451505983065453309e+00	4.199496290646335117e-01	-7.757274647554478486e-01	1.270911285776197497e+00	1.540865889711943992e-01	-2.538923234544840368e-01	-1.407349631579694504e+00	-8.460823543372730793e-01
4.660143418682929362e-01	1.106296442744998609e+00	-1.866434084157420070e-01	-6.554782779595000886e-01	1.342986938444332701e+00	1.667048750042315064e-01	-6.476723468814320206e-02	-1.218948218366387337e+00	-4.560562480896008797e-01
6.878244827433941389e-01	1.263301336697023158e+00	7.905386151046187027e-02	-3.339238297084826113e-01	1.628827240098739582e+00	4.158527512498310097e-01	1.468451163830778727e-01	-1.008254611376014465e+00	-2.401467579780824924e-02
7.423190830999220058e-01	1.270864853597095667e+00	8.546946231204191613e-02	-4.633343118984803999e-01	1.421814412570096442e+00	1.167738388444845565e-01	-2.258069975748128178e-01	-1.327052653106498337e+00	-5.127032986255891656e-01
6.663456152186481019e-01	1.161796163151699979e+00	-1.098990001667687622e-01	-4.389327041471919322e-01	1.375986523771079550e+00	-2.610035228186164541e-02	-5.146651155523334076e-01	-1.567788423389835595e+00	-8.638039243888611107e-01
6.104783569342241423e-01	1.070155136962480658e+00	-2.750542538867376541e-01	-1.300080452763156258e-01	1.634318336763731727e+00	2.046605471799970988e-01	-5.545570855034777091e-01	-1.580185419124745971e+00	-8.231813539087119436e-01
6.000591283855717384e-01	1.018495957041082978e+00	-3.707059083474971706e-01	-3.634361157200255987e-01	1.300431699053802070e+00	-2.271060265560004843e-01	-7.093754137113468250e-01	-1.695162211385357498e+00	-9.580419827006723121e-01
7.844224418227092599e-01	1.139760252621077052e+00	-1.666914486887984270e-01	-1.456717797764589539e-01	1.451088143301231481e+00	-1.333485784437447030e-01	-6.835620570775617910e-01	-1.643887392003649417e+00	-8.058267994827936764e-01
9.067875510255263283e-01	1.205226539069447211e+00	-6.041140680419304632e-02	-2.469057416465914034e-03	1.515815764307139046e+00	-1.348232268271411516e-01	-7.254368529831626278e-01	-1.652149162629849455e+00	-7.567135602727852461e-01
7.323506405221829052e-01	1.005728563547668708e+00	-4.151040971918100730e-01	-3.468455757373564152e-01	1.046539666949146685e+00	-7.444979594087670627e-01	-4.901160931956213274e-01	-1.406068897821930452e+00	-2.627037301359114174e-01
9.557990473759014893e-01	1.159781533224530037e+00	-1.578573514645185694e-01	-1.055515093645223168e-01	1.207446475050368839e+00	-6.178143889425402602e-01	-7.728792658832434048e-01	-1.628648782677173834e+00	-5.771636961418429301e-01
9.227792558738930895e-01	1.084597709315112235e+00	-2.996180472161072972e-01	1.619131408396161653e-01	1.393166976054328821e+00	-4.454573330229555927e-01	-4.488630759540984116e-01	-1.296148691763119754e+00	8.194289434133350536e-02
1.040037707597461392e+00	1.142299695060437159e+00	-2.113751769874529507e-01	2.245343467384537661e-01	1.354232995942196593e+00	-5.202146249771807396e-01	-5.005384990928660738e-01	-1.301494744162692729e+00	1.632906155647985136e-01
9.446362468169154925e-01	1.009648006939928955e+00	-4.530462862513458533e-01	1.455237939321775420e-01	1.160000726252413461e+00	-7.410918015283258775e-01	-6.449357654250496008e-01	-1.386818303794576268e+00	1.092948756477536976e-01
8.461691203829417862e-01	8.732721636948499455e-01	-6.997876529421427350e-01	-1.477998158733923040e-02	8.786660565063593165e-01	-1.012855550164733387e+00	-1.277887354444569024e+00	-1.911930442726826662e+00	-7.086861185344012215e-01
8.919147878883975089e-01	8.643323848975219548e-01	-7.238642800261192445e-01	1.435285780972648806e-01	9.440509964239518492e-01	-9.157605461918418843e-01	-1.020275664254469028e+00	-1.622605544405692379e+00	-1.220347237912841609e-01
8.546711896084243643e-01	7.804847539409942581e-01	-8.771111733970280433e-01	5.707716617521575442e-01	1.300748979184212173e+00	-5.044345820240866418e-01	-1.207904579959667490e+00	-1.733828656390084433e+00	-2.359189563948773105e-01
1.157087328991052599e+00	9.981052500729155064e-01	-5.048924917547853441e-01	1.042206750260794013e-01	6.901847411759454154e-01	-1.140579564505551202e+00	-1.108605782568000020e+00	-1.579764997878565946e+00	1.042177217813529400e-01
1.329381119356061403e+00	1.098869008677871184e+00	-3.352583749334914764e-01	6.112178867896852497e-01	1.135350508023909466e+00	-6.316385270855433554e-01	-1.050687484310199427e+00	-1.459059974967290785e+00	3.830093936498458751e-01
1.128139314750744138e+00	8.658237831457178402e-01	-7.478874063088569724e-01	8.537133525077100771e-01	1.293629818893954564e+00	-4.428495399239038566e-01	-1.813996055673586127e+00	-2.080666239190697819e+00	-6.251469189904230728e-01
1.123562332217636683e+00	8.066602658612256338e-01	-8.578677061805696225e-01	6.629180634311515607e-01	9.827518783712760886e-01	-7.639640984176180316e-01	-8.187080009654614798e-01	-1.098217671824828878e+00	1.141358806483115940e+00
1.079080006220551891e+00	7.106378848049192953e-01	-1.031585391469830304e+00	6.071291960657222431e-01	8.267774543945690668e-01	-5.195065999341373919e-01	-1.203324897903228941e+00	-1.365569119000531462e+00	7.591096041566880448e-01
1.239823041241583157e+00	7.962373416425235773e-01	-8.819420250187431920e-01	4.048314959364829324e-01	5.739041285814763249e-01	-1.692777216761344461e-01	-1.302529321766902060e+00	-1.364764186145806635e+00	8.760664253427830062e-01
1.245891603389261748e+00	7.428073690617890135e-01	-9.792384136927243521e-01	4.864305280443471657e-01	6.118593815705897221e-01	-3.983197205597398538e-01	-1.467680374037340307e+00	-1.418667075897908969e+00	8.222340197102429027e-01
1.428086109436319973e+00	8.446622289179518406e-01	-8.105102148490508362e-01	7.486466737176227237e-01	8.330806779992113720e-01	-3.314763080328669287e-01	-1.252006808977718544e+00	-1.121810104219439053e+00	1.366361638180646487e+00
9.538309812766356810e-01	3.602589848479137991e-01	-1.658785999763054075e+00	7.496925276424821760e-01	7.627340668787022659e-01	-4.969956501261151849e-01	-1.336980635478248525e+00	-1.093830286436252797e+00	1.440701190538078214e+00
1.373872240320246796e+00	6.704623792212694999e-01	-1.127343353685565930e+00	1.102676911580257491e+00	1.067891563542846756e+00	-2.557556845502274023e-01	-1.593131422628087268e+00	-1.216760284428085148e+00	1.250299878405803922e+00
1.372679124917921323e+00	6.037710703138452484e-01	-1.246786680389352364e+00	5.210240116404336597e-01	3.546110582873672756e-01	-1.104542999854116747e+00	-1.672542525985044604e+00	-1.174119378124691249e+00	1.338884931343728546e+00
1.429359309538951184e+00	5.868498088857034833e-01	-1.276865002245227032e+00	8.041325054956471874e-01	5.754487097315134081e-01	-8.893224556086885002e-01	-1.788745936825617111e+00	-1.160029273085536383e+00	1.371937887153228397e+00
1.569091139365342835e+00	6.421282156094991755e-01	-1.177776237780734370e+00	7.113380423160046151e-01	3.849349209065382471e-01	-1.138576715826683072e+00	-1.806230229827239242e+00	-1.051322141181135983e+00	1.557800705775410854e+00
1.227136803927631581e+00	2.667939949299817370e-01	-1.820151692739409910e+00	9.982527924363294725e-01	6.047780609265606122e-01	-8.802292468323866803e-01	-1.869050764788898089e+00	-9.791643294761729344e-01	1.668863720095684622e+00
1.555901009126156254e+00	4.871842950362517133e-01	-1.421604745486311661e+00	1.041856226750000669e+00	5.605126493844869717e-01	-9.215431775142055582e-01	-1.735078393671486641e+00	-7.236614635706625220e-01	2.080413856044577070e+00
1.536668551879847300e+00	3.964265742236393053e-01	-1.552002345191725752e+00	1.268002008033028094e+00	7.131503160706528233e-01	-7.410331629105377793e-01	-2.019761823302884007e+00	-8.453114196301654282e-01	1.816066281555285045e+00
1.560521101547832412e+00	3.431072938809764938e-01	-1.605761670589476608e+00	1.444488181234228286e+00	8.136613290503933449e-01	-5.679959487309327315e-01	-1.708852443200275406e+00	-4.224593162727700024e-01	2.472681318289057906e+00
1.575175095063228614e+00	2.810691424387110060e-01	-1.661353905474089787e+00	9.531248661948978906e-01	1.911288709893127491e-01	-1.240681126712846583e+00	-1.671658134382187466e+00	-2.467261187974625902e-01	2.674310271854802412e+00
1.444619187759986323e+00	8.966397809909067151e-02	-1.926610520150541683e+00	1.019794387852366535e+00	1.758685184008940139e-01	-1.189036554564550485e+00	-1.811114498235330883e+00	-2.310502753890682215e-01	2.569568257899958574e+00
1.562660582011568211e+00	1.201688547993195882e-01	-1.789430304509190162e+00	1.206196480532270021e+00	2.935424379826051533e-01	-9.859495936108566561e-01	-2.177849228239633561e+00	-4.229164882390856195e-01	2.075252934267137306e+00
1.430488866899692679e+00	-7.103556995820645148e-02	-2.021473135163532664e+00	8.619004613886056543e-01	-1.590204074905330334e-01	-1.373452886758381952e+00	-2.045452190926986269e+00	-1.630148928671572572e-01	2.336017518971973406e+00
1.486618895454708822e+00	-9.285113337059200389e-02	-1.942876803331696101e+00	1.283320694622542835e+00	2.232498780755868828e-01	-8.573936922141052186e-01	-2.127847364085750481e+00	-1.021099571111927784e-01	2.221874922917838280e+00
1.608650659557109952e+00	-5.363713279774465215e-02	-1.742237737690811139e+00	8.441636623818404850e-01	-3.211325594081224644e-01	-1.337246695055785306e+00	-2.134230739154891143e+00	2.270733020301229921e-02	2.191400940362300709e+00
1.148710071313940873e+00	-5.297101102505522574e-01	-2.420877752834311281e+00	1.031892283615815309e+00	-1.793279876302782405e-01	-1.048090698820699718e+00	-1.765201965898587799e+00	4.823135540727800930e-01	2.716706423116066027e+00
1.588490723760560108e+00	-2.010631685618677056e-01	-1.690083819355932215e+00	1.222360948344035858e+00	-2.744708744449458893e-02	-7.360988679248379185e-01	-2.074120518901089394e+00	3.173074392851832348e-01	2.139334403932608542e+00
1.255906347371532616e+00	-5.561840284125808553e-01	-2.135907930953817591e+00	8.976840282980450558e-01	-4.255271104137550164e-01	-1.040236640857834072e+00	-2.073651310745248555e+00	4.245855866399086964e-01	2.021026689844994451e+00
1.302981960245658710e+00	-5.688261758891480779e-01	-1.979470629484573641e+00	1.077117284497582039e+00	-2.684470111595800290e-01	-7.064874842260236987e-01	-2.046950144715062869e+00	5.456828848555100864e-01	1.913736242904473084e+00
1.185589166595483412e+00	-7.231610165749944308e-01	-2.063110440882436336e+00	9.611034811004668388e-01	-4.226246973379672034e-01	-7.243035911197381882e-01	-1.964063942938987228e+00	7.069668223782128447e-01	1.870167445073390500e+00
1.213959536646127324e+00	-7.427023450331577958e-01	-1.910541639187514962e+00	7.570691172191417184e-01	-6.630953454166603755e-01	-8.361174253293514047e-01	-1.661907152393157894e+00	1.056270836135667412e+00	2.152326512254490787e+00
1.597278520522997125e+00	-4.410306831994941223e-01	-1.200935602159517668e+00	1.096856653789482383e+00	-3.049226002018787240e-01	-2.828572957316603520e-01	-1.550518978365551304e+00	1.220388870854259178e+00	2.118688559641712210e+00
1.569520041781826247e+00	-5.002668099936329327e-01	-1.121073053255204011e+00	1.151678770825638853e+00	-2.464700303965247641e-01	-6.405141409167242061e-02	-1.709092256425160938e+00	1.127275100856142576e+00	1.648881626883957230e+00
1.540260352986364545e+00	-5.557687207432255860e-01	-1.040469748437708342e+00	7.034373126753210581e-01	-7.238845005846991087e-01	-4.474475764983826820e-01	-2.032133392237758240e+00	8.730632554319595062e-01	9.130531117013431786e-01
1.437539072741680579e+00	-6.717205877072525144e-01	-1.070776842383499128e+00	1.338670006790820821e+00	-1.870378355280666316e-02	4.719393587715564053e-01	-1.459170472611708291e+00	1.422506670727861966e+00	1.583954621976797483e+00
1.314517518325881928e+00	-8.009330990452934174e-01	-1.131676537337112487e+00	9.521584734196409938e-01	-4.126941970559826478e-01	1.565714250003428232e-01	-1.510113314458986222e+00	1.393709083122937731e+00	1.270482936632446158e+00
1.291078544268546180e+00	-8.368577343496608201e-01	-1.039336205829306969e+00	4.354020117855337824e-01	-9.404822260270535583e-01	-3.197558004822916300e-01	-1.353746214670036085e+00	1.543169537446722916e+00	1.284365634901558417e+00
1.599280856835335829e+00	-5.730831648622116692e-01	-4.362269172026262409e-01	2.774611305325113686e-01	-1.072672252870024767e+00	-3.667019535941685171e-01	-1.422580723042693229e+00	1.478125685519773747e+00	9.458650965559799451e-01
1.277626881001935111e+00	-8.660598851487030236e-01	-8.083581291669970081e-01	5.353686788459975920e-01	-7.483658437307277866e-01	8.039329241275541826e-02	-1.551497204437275901e+00	1.349361759543702410e+00	5.162276687773231787e-01
1.292706193480124499e+00	-8.553142728668531314e-01	-6.630260437836072995e-01	4.889276157712728610e-01	-7.489022998851813107e-01	1.443161823532375654e-01	-1.332976409684349939e+00	1.528182615608004724e+00	6.388214690643735372e-01
9.464296450493048241e-01	-1.162754042356377582e+00	-1.079215471667155146e+00	2.681862745154098837e-01	-9.342696862391580703e-01	-9.424147435837915143e-03	-1.418824590886694548e+00	1.422435815282271365e+00	2.875349259734327756e-01
1.082360867976342345e+00	-1.037468119881261863e+00	-7.539175293459664529e-01	1.898547910802286798e-01	-9.620557420180113617e-01	-1.806344278815652515e-03	-1.431388981396459759e+00	1.376251159791171075e+00	5.778793443692781251e-02
8.668528506315875681e-01	-1.222071876957171011e+00	-9.750828019864260510e-01	8.476545832646988909e-01	-1.897621572020871672e-01	8.823679786810589842e-01	-1.071660855634195553e+00	1.662228533726709090e+00	4.211768745743763587e-01
1.084026308613847744e+00	-1.018564537835352946e+00	-5.311799217878071522e-01	4.965158033759288769e-01	-5.090340880258082956e-01	5.391630650730844243e-01	-7.663472108663675897e-01	1.892905990641309488e+00	7.054950853005683697e-01
1.195721410803435747e+00	-9.064077098369426322e-01	-2.535622333182425137e-01	5.323775904450074314e-01	-4.079890924754392412e-01	6.549291919780211302e-01	-6.903037778649985245e-01	1.909856885277792626e+00	6.357636432252798953e-01
1.000896275946113301e+00	-1.064834646225438108e+00	-4.520901751067398777e-01	7.516673793512018698e-01	-1.078171882759175748e-01	9.750243183733251495e-01	-1.318602712763023987e+00	1.281569036996465627e+00	-5.374508272475481130e-01
1.125900799943265529e+00	-9.362923518431738312e-01	-1.598331269119386278e-01	3.387643110207899100e-01	-4.931341048550185180e-01	5.270911421759598703e-01	-7.598224163851292623e-01	1.728827772829843568e+00	1.674321125758943540e-01
1.033186409341667833e+00	-9.996676987761748956e-01	-2.069582311359213223e-01	2.733087230679032142e-01	-5.026547680475178526e-01	4.908607683979947511e-01	-7.410091622072579876e-01	1.681450128412256051e+00	2.859593906851823353e-02
7.903857066646701179e-01	-1.194907838269109401e+00	-4.883847555868229273e-01	6.012518762100680370e-01	-8.703607839407978553e-02	9.207832212124797966e-01	-5.873775022755720610e-01	1.753625030419008191e+00	1.090430562792183700e-01
9.955681725147760286e-01	-9.895946663883631311e-01	-7.995448581802186427e-02	2.818000661101917603e-01	-3.741097150282304273e-01	5.678912130404579761e-01	-7.281262310363239010e-01	1.555470754539995060e+00	-2.672168555349977992e-01
8.154875944630162188e-01	-1.125877844262472172e+00	-2.692787424797376539e-01	5.318327302790145650e-01	-4.592969816002268058e-02	8.918462186741220599e-01	-7.395091118948587949e-01	1.472913502115954065e+00	-4.308904651473171588e-01
4.580993231105098817e-01	-1.418721112520904715e+00	-7.346915302841807716e-01	3.237761439571725242e-01	-2.155444669703835692e-01	6.658404034938451010e-01	-1.652819905669973832e-01	1.921243241680658187e+00	3.336725565405498362e-01
8.415222490650081655e-01	-1.050740079797497728e+00	-6.019622814842046088e-02	3.087542214170952981e-01	-1.775231563546448843e-01	6.732583990249647599e-01	-4.180433727093550988e-01	1.616264331400125265e+00	-1.946302534215407498e-01
7.382097480463314376e-01	-1.115250342391195026e+00	-1.408338906503870391e-01	5.346143820332028840e-01	1.203418900205544401e-01	9.704671902750188206e-01	-6.646625975665374497e-01	1.316005653971960454e+00	-7.095270926652852417e-01
9.730463626352274797e-01	-8.777821091881490290e-01	3.005296123855116797e-01	7.077802761021368960e-01	3.591881772471912093e-01	1.186976157279274968e+00	-3.204874399238473726e-01	1.552286541756023208e+00	-2.924478169485484891e-01
3.410254564434206936e-01	-1.411400886277616396e+00	-5.969514347829688594e-01	1.629232630641038460e-01	-1.827684288729835016e-01	5.243227944087121006e-01	-1.977035654815098575e-01	1.586471380001843956e+00	-2.234914557071621399e-01
6.673369368940844648e-01	-1.090791172864267411e+00	-1.261300046090305105e-02	5.925170640607192452e-01	3.276167273294710025e-01	1.016960091337991257e+00	-4.358320150119729397e-02	1.648378406892353265e+00	-1.046471964045284642e-01
5.506245218017210563e-01	-1.163887813956811623e+00	-1.135859992571728039e-01	8.014335645447143719e-01	5.947702791014959356e-01	1.237196745619703275e+00	-3.201633227380083491e-01	1.317953759289063775e+00	-6.609632350728938954e-01
4.225332559793050780e-01	-1.246373858775852161e+00	-2.328632773539350831e-01	1.314206362746888623e-01	-9.471209738169436565e-02	3.891969601426997771e-01	-2.877090603558591919e-01	1.268076484733851705e+00	-7.275176819663093930e-01
5.221496205380560252e-01	-1.125388597973121074e+00	-1.633508191150045974e-04	4.303682335381174839e-01	2.612493366654260463e-01	7.018316032021287842e-01	7.185892502200819099e-02	1.515307047640390259e+00	-2.763419064076384490e-01
1.919534414785976917e-01	-1.386442614227533232e+00	-4.310377491024514618e-01	4.411006902015034425e-01	3.001320313189596578e-01	6.572897130391773812e-01	3.737513725314670077e-01	1.709688843180358075e+00	8.413031335773091257e-02
4.337089205773327349e-01	-1.137521492867871409e+00	2.128061235475169066e-02	3.996036893379378285e-01	2.771849429357911565e-01	5.395693456823460465e-01	4.683248786976555028e-02	1.331845661969754735e+00	-5.426247786086081382e-01
4.467502290937278575e-01	-1.091634376603583201e+00	1.201564078915069861e-01	2.874764817234483072e-01	1.721608479288146698e-01	3.185644052603251453e-01	1.180110072740028770e-01	1.315582007167765299e+00	-5.456373695337162211e-01
1.711407298538617228e-01	-1.302174060898192209e+00	-2.266141409493462322e-01	2.052056458482011125e-01	9.287025643313057133e-02	1.196351433816292276e-01	4.668048587408481498e-01	1.551190375173355118e+00	-1.138529883199920212e-01
3.252152737935304905e-01	-1.129447472531628582e+00	9.211117860898063170e-02	5.063494366170678829e-01	4.213764215554169912e-01	3.533680138845211594e-01	4.956265344713369214e-01	1.494944220800008550e+00	-1.891038923020980089e-01
3.997347655551884982e-01	-1.026849355879177361e+00	2.910816228403940720e-01	2.800214931711225708e-01	1.695119951844808737e-01	-7.513762901232010072e-02	1.390378973006537178e-01	1.087037879396173690e+00	-8.751458714338695710e-01
-2.802416874036064987e-02	-1.370649377427115345e+00	-2.807040254716510752e-01	4.117180766298613737e-01	2.952885208760364644e-01	-9.834310926888031879e-02	8.033351705225852402e-02	9.493980625429710996e-01	-1.076130918647827617e+00
-1.704390591633991869e-01	-1.459385284127436400e+00	-4.100196772792277233e-01	8.958157966832245300e-01	7.935820074388248990e-01	3.252230418174966720e-01	-4.312641372661785155e-02	7.533908244945560773e-01	-1.354668740599869636e+00
1.681786341700930443e-01	-1.118939044011253214e+00	1.992294082376399600e-01	7.386657603030770680e-01	5.918052295195924684e-01	4.450438775133427893e-02	4.683691307109753010e-01	1.136338688420239329e+00	-6.153470002109446835e-01
-1.903187148078779589e-01	-1.398661650777302423e+00	-2.733810729978330967e-01	4.452226997132839315e-01	2.415372792604537910e-01	-3.489761393696512171e-01	3.993920145634537455e-01	9.931852547732246128e-01	-7.846843591056569256e-01
-1.411524020484816178e-01	-1.314920229138883068e+00	-1.194566929953180534e-01	7.076287865576044167e-01	4.924036295957394116e-01	-7.399695093562330683e-02	2.771085575296186043e-01	8.033040556405086630e-01	-1.038315031083616891e+00
-1.425679352716887893e-01	-1.275839676908845588e+00	-4.456605307081959455e-02	5.367468319817776390e-01	2.748944729034862311e-01	-2.879659967521380759e-01	1.627120526946307932e-01	6.223497599231002653e-01	-1.274158255894687342e+00
-6.427032916705521792e-02	-1.165430040155728486e+00	1.530654040148413941e-01	6.996998974436656749e-01	4.194080017760822843e-01	-1.284083481911764968e-01	4.078276062604574981e-01	7.700748525122912413e-01	-9.440975606441777135e-01
3.202039675115520012e-02	-1.038635636485943925e+00	3.793843211419479777e-01	9.819529900474064377e-01	6.935792400292221105e-01	1.933542484656744220e-01	6.532633593884252798e-01	9.197293858330108929e-01	-6.096300436159374225e-01
-3.709614124616542608e-01	-1.356072661598317408e+00	-1.657601565735329352e-01	5.166835350895885304e-01	1.577523414536878554e-01	-4.072631725839324091e-01	3.771542743589001434e-01	5.968283929772416618e-01	-1.091600702933683831e+00
-1.851707415586889005e-01	-1.148871031213666072e+00	1.984557358538241445e-01	8.229913355886148141e-01	4.573693036075565654e-01	-7.343029116545077284e-02	5.613160477482619370e-01	6.943483175708636823e-01	-8.464286564641243515e-01
-1.975571507749162015e-01	-1.117780218768928968e+00	2.574321615339832947e-01	7.349655171084774619e-01	3.300722982037843645e-01	-2.040483347853412344e-01	7.009446780497790019e-01	7.531685138617417730e-01	-6.678489257619247832e-01
-5.020973787580946812e-01	-1.346471776001049836e+00	-1.347596817464544183e-01	6.647700109096095211e-01	2.217929942979431912e-01	-3.287620301089911323e-01	6.412363443565501919e-01	6.325259586727144390e-01	-8.006558729966694044e-01
-6.050747719742481934e-01	-1.395285898223095566e+00	-2.148861937547396350e-01	7.844309113406047196e-01	3.182290015881976131e-01	-2.372036516037386022e-01	6.032989625906913789e-01	5.334857267498768207e-01	-8.958666166121910246e-01
-3.399352214097447478e-01	-1.115900622332577141e+00	2.739131624691547029e-01	6.276316474386033351e-01	1.145654930740434146e-01	-4.582009485792943315e-01	7.088077216053925156e-01	5.667910223316329210e-01	-7.608095330220270291e-01
-1.835510703187306913e-01	-9.329545994798998931e-01	5.952425652449504501e-01	1.156648616952082875e+00	6.540788714148118022e-01	1.526815550041314973e-01	8.247317347436016188e-01	6.115116978356690547e-01	-6.057694249302073564e-01
-6.299166933644848587e-01	-1.286318875845902099e+00	-1.402775893389518469e-02	7.380267946933859458e-01	1.667268426381587898e-01	-3.884312652981245506e-01	7.742281768246356277e-01	5.068821543053820822e-01	-7.081681286941271525e-01
-4.643237143115380161e-01	-1.094304478172221540e+00	3.225429698118295052e-01	7.721401309861937179e-01	1.697607684973390374e-01	-3.796466291090889178e-01	8.103076363550372196e-01	4.830077141570795485e-01	-6.723544371581002821e-01
-7.454447370239640769e-01	-1.299617668387657021e+00	-3.008551361189482076e-02	6.221351529749860054e-01	-2.762118622552170444e-02	-6.059135555984340726e-01	7.822667939956002847e-01	4.027998558267056328e-01	-7.346591232575939712e-01
-7.429498125066493763e-01	-1.251872681907177931e+00	5.644279020843404049e-02	7.952132410233898607e-01	1.244064170101986527e-01	-4.376071910190907355e-01	5.124223854076112028e-01	1.046942251979944838e-01	-1.174311785654628792e+00
-7.168562241015077330e-01	-1.182591634861647201e+00	1.799456309280756672e-01	6.349900719617453948e-01	-8.576812064895236731e-02	-6.867715134956188239e-01	8.075347308036825433e-01	3.224559625709519373e-01	-7.207014887320155605e-01
-5.046146540770786171e-01	-9.470010969976241366e-01	5.920406929231550874e-01	9.676414766484165986e-01	2.357035502428343199e-01	-3.602347043877225374e-01	9.933235507008164600e-01	4.427516487327398664e-01	-4.382239769294909992e-01
-6.933643856364155589e-01	-1.067908050036730172e+00	3.854300924544766249e-01	7.893361642459800764e-01	1.608181801816955690e-03	-6.360641550237186026e-01	8.886553544653525982e-01	3.009576238515891955e-01	-6.081022900027479583e-01
-8.553773244156577249e-01	-1.164413887481993148e+00	2.204179898710577623e-01	1.351956929638263860e+00	5.676551197311311414e-01	-2.834124231785950521e-02	5.821838389252499413e-01	-2.230327362797326907e-02	-1.093241620031917272e+00
-9.548617972965425249e-01	-1.204619040773267091e+00	1.530013274967529091e-01	1.276356308861168465e+00	4.401383701137326354e-01	-1.903273735460068172e-01	1.041595103724408888e+00	3.531048718959078903e-01	-3.685544013132122654e-01
-7.418196602311024623e-01	-9.658602770383936109e-01	5.697625321684890443e-01	2.762556389985737493e-01	-6.908545790782694151e-01	-1.456102170866471868e+00	1.141174610526912714e+00	4.033828911308485754e-01	-2.072409765580517371e-01
-6.537227483062573175e-01	-8.376650517929778994e-01	7.942510221305989493e-01	7.950607973677420448e-01	-1.763071103944793550e-01	-8.588996065146485837e-01	1.243497101822771178e+00	4.584425461237922050e-01	-3.563967070981999274e-02
-9.501442759751970168e-01	-1.051116880516127283e+00	4.269629485943155500e-01	8.824147813429072951e-01	-1.254943600328731479e-01	-7.076255445227764840e-01	1.164049702149132948e+00	3.505337371874174268e-01	-1.460066745513859954e-01
-1.103690913238160487e+00	-1.136470090386562104e+00	2.836092028245721375e-01	8.977281166535550083e-01	-1.442099290821012847e-01	-5.595646804034446475e-01	8.917237767139232218e-01	6.980836697522370404e-02	-5.517250872001995265e-01
-1.061156023707068519e+00	-1.046207194821428210e+00	4.469887628468727225e-01	7.064687736717980560e-01	-3.745421083672967333e-01	-6.138236125481532079e-01	1.094007084643997096e+00	2.236856737358388358e-01	-2.006265972460592462e-01
-1.098675359865886492e+00	-1.026103026729223266e+00	4.896696894187834159e-01	9.332763325683925970e-01	-1.419503955143958107e-01	-2.147356732627319631e-01	8.532799469794628555e-01	-2.227624455078196231e-02	-5.434518881897014708e-01
-1.073672101238807075e+00	-9.491754279148030271e-01	6.285090414150992233e-01	9.355878934054386864e-01	-1.485504010691046095e-01	-1.805869888432695691e-01	6.917471068171501258e-01	-1.930682370359816935e-01	-7.575498303843435366e-01
-1.039101608991708448e+00	-8.626406276187773559e-01	7.807746453001916942e-01	1.074709803602882152e+00	-6.333434587949660077e-03	-1.370353317122680048e-02	1.353748449588963787e+00	3.881611155546410008e-01	3.258068742396821316e-01
-9.184818862358279379e-01	-6.984221427286920747e-01	1.065458308196121973e+00	6.692308843870243829e-01	-4.553273288147049458e-01	-5.026175542296758003e-01	1.176056583735963779e+00	2.086018079165972705e-01	8.805338313442317988e-02
-1.226244128328814798e+00	-9.146245804658760248e-01	6.884136138333035726e-01	3.491862191578528618e-01	-8.121150541534536416e-01	-9.074548643857486274e-01	8.955482636966961563e-01	-6.161528570322775955e-02	-3.122178993599985519e-01
-1.136045648510608297e+00	-7.753516214717605104e-01	9.274415421017997430e-01	6.751625976886516112e-01	-4.683948576941560638e-01	-4.869319233429184601e-01	1.155683325630287639e+00	1.626056253907396942e-01	1.417697206464593740e-01
-1.220967670043316300e+00	-7.908991468143724557e-01	8.964422747065119434e-01	8.130958710813062096e-01	-3.270798086789170056e-01	-3.110243213854702593e-01	1.079245963436231026e+00	8.345830325850085718e-02	6.638428108858832055e-02
-1.252835189658218162e+00	-7.580523925805637830e-01	9.475260622248450337e-01	1.995490932181392396e-01	-1.001140433666031004e+00	-1.064883725339938803e+00	9.990543614722916521e-01	3.570832263478360136e-03	-1.219340349645184340e-02
-1.228043496568190340e+00	-6.736426453898942679e-01	1.084898190855451361e+00	5.345909983044822011e-01	-6.461952955726433245e-01	-6.350881601811945165e-01	1.086049973629504617e+00	7.845570751402335119e-02	1.749251326889062208e-01
-1.309376698196097255e+00	-6.826430829200346162e-01	1.057508482313639586e+00	5.537892603010111658e-01	-6.318401694241734257e-01	-5.701193125934016503e-01	9.755386311714149272e-01	-2.359494589022688438e-02	5.215064056529843117e-02
-1.353234225994805584e+00	-6.572423589815148404e-01	1.085456883561673580e+00	2.855032668333120083e-01	-9.270869173486306902e-01	-8.677593324981613954e-01	1.075238715918780397e+00	6.827403401449423648e-02	2.628274469896105248e-01
-1.109338177300073003e+00	-3.746304569799265294e-01	1.556133079257304708e+00	7.239259489441296491e-01	-4.552420507371678915e-01	-3.093927148648473180e-01	8.466101984718181761e-01	-1.359799586197666388e-01	-4.676197871236797282e-02
-1.559631850775364370e+00	-7.093115243499963363e-01	9.506062044201526451e-01	6.001339938460076295e-01	-5.915145303547061362e-01	-4.426694528709548826e-01	1.226499092977589189e+00	2.155389338900151053e-01	6.006810347647905113e-01
-1.786952936409774484e+00	-8.446890084970338775e-01	6.856163640012793437e-01	6.551784554020818607e-01	-5.328438778408609577e-01	-3.292808631189382829e-01	9.900055770259332810e-01	8.531930065511408867e-03	2.726670125606342476e-01
-1.227865189390420442e+00	-2.791762543845902611e-01	1.629764231498859406e+00	1.414934481736296323e-01	-1.088462418071456828e+00	-9.048802067203901567e-01	9.163212465023589104e-01	-4.846766271762393413e-02	2.010823676787422409e-01
-1.117141655611352702e+00	-1.125507803921455829e-01	1.874195414924394898e+00	1.218868603207888951e-01	-1.106330893911512403e+00	-8.716222269293758540e-01	6.982145588328140251e-01	-2.350805721971561679e-01	-1.019838543223531291e-01
-1.414898814431305274e+00	-3.095288163602257225e-01	1.479635252936476020e+00	2.594924730074707475e-01	-9.510589320248462597e-01	-6.405469661213514243e-01	7.921798303289002696e-01	-1.364239493345604792e-01	8.146533476298734033e-02
-1.053636589875152518e+00	8.021342887882865202e-02	2.093988670573587285e+00	2.293311946499162479e-01	-9.746160201789372257e-01	-6.076120884271469791e-01	1.256439905410045466e+00	3.001713555525621913e-01	8.442923735600512680e-01
-1.163724948743754872e+00	4.975049101959480580e-02	1.968946838885956563e+00	1.592597510741112221e-01	-1.037459890233999982e+00	-5.980525102036033935e-01	8.359783140021268544e-01	-6.707160327830449797e-02	2.039418399036291296e-01
-1.420414676318606073e+00	-1.120408090156001929e-01	1.607000743522912778e+00	2.154822132928148615e-01	-9.597064973201070437e-01	-4.426857700556876551e-01	6.528239078954405361e-01	-2.181708411859138441e-01	-7.016655040428770862e-02
-1.297855057040777860e+00	6.275966071907927712e-02	1.819145438683741345e+00	-5.265449819394173170e-02	-1.229620165720991309e+00	-6.698902583003226718e-01	7.134999578252234631e-01	-1.475638948586504851e-01	3.221029357775301305e-02
-1.546272199713911943e+00	-9.428605585059848804e-02	1.445266344527969427e+00	-1.715314178080946383e-01	-1.333556050468351906e+00	-7.057456915256704599e-01	9.164809168274262730e-01	5.202001351721831368e-02	3.506189879574678203e-01
-1.431326968279646117e+00	7.038202428111864362e-02	1.620985725654511711e+00	-1.276037291819961672e-01	-1.256398079756945840e+00	-5.378815631420482690e-01	1.375847795436161425e+00	4.838606213493499286e-01	1.062455605471500197e+00
-1.288683310924714220e+00	2.575453405925735573e-01	1.826748719014209987e+00	-6.916349847028102626e-02	-1.159297971913964664e+00	-3.504386749179884686e-01	7.033768794460445450e-01	-1.149136232107470512e-01	-1.382270970462215476e-02
-1.396932920700600267e+00	2.187199141858816864e-01	1.630975301387747489e+00	-3.621643847978975317e-01	-1.437670416667504059e+00	-5.650926983508521850e-01	6.511760770530578002e-01	-1.510838451167951513e-01	-1.208543678036444469e-01
-1.405606551153136152e+00	2.656573606781428287e-01	1.576645720089561165e+00	-1.347256766543147855e-02	-1.015085764234967769e+00	1.025047771048115397e-03	7.007591663116763403e-01	-9.653910502809026628e-02	-7.470044900683586730e-02
-1.516633799384164982e+00	2.182418940506476723e-01	1.352044622766884308e+00	-4.283238773782138686e-01	-1.414091782506209816e+00	-3.458760019298103283e-01	2.320954180422950541e-01	-5.154387402358936443e-01	-8.513009300764691201e-01
-1.370225685638444713e+00	3.965814046725026354e-01	1.513844102545759185e+00	-3.309894932268641066e-01	-1.252244385695266748e+00	-6.910376747928609342e-02	6.511779183754675682e-01	-1.292797156248602364e-01	-2.348996056308738090e-01
-1.428583876407492514e+00	3.888717805113707793e-01	1.349366400213942496e+00	-9.501119008499800955e-01	-1.860856616312779321e+00	-6.514789615690868008e-01	7.991401104604398675e-01	7.807536620981825326e-03	-4.998624090618512816e-02
-1.323323484065119349e+00	5.229514180180876437e-01	1.427514543047739393e+00	-3.378983095481331578e-01	-1.129294979842491609e+00	2.615851056232836314e-01	8.102701252273896149e-01	1.795572275655177297e-02	-8.238765639896929172e-02
-1.143103663051785013e+00	7.197581955291605382e-01	1.614973224493783333e+00	-7.179714081751664700e-01	-1.466855096038384820e+00	-2.496551992372911949e-02	1.239471756135234859e+00	4.056631328187700336e-01	5.394174181179890448e-01
-1.764836930597559750e+00	1.983728202562548004e-01	5.578478696341324650e-01	-7.675132243289420897e-01	-1.440966427829060592e+00	8.381257198159616784e-02	1.077014366257703193e+00	2.526133282502930899e-01	2.281527677331280923e-01
-1.436916803712032786e+00	5.185808757024784610e-01	9.634251532077977576e-01	-9.474042212061480894e-01	-1.551212426190115012e+00	3.729241067338881499e-02	1.086900552239997042e+00	2.537344215533982039e-01	1.885137156933385238e-01
-1.081890863129027824e+00	8.588891610845890145e-01	1.407145224360459856e+00	-6.726199759515040233e-01	-1.163850987889717192e+00	5.398303822489782799e-01	7.484632924528253906e-01	-6.440620300883340144e-02	-3.989775112873021334e-01
-1.123258100777721591e+00	8.422356740743439651e-01	1.235688812557057981e+00	-8.509944775674840312e-01	-1.262842453591846992e+00	4.949755157344755130e-01	9.064266642246944228e-01	6.660207763361890299e-02	-2.028198634490850361e-01
-1.219321406854407153e+00	7.729902840741283976e-01	9.781128135284029579e-01	-9.195072704133037123e-01	-1.238446459851059611e+00	5.802975150582670993e-01	1.089515222872795563e+00	2.183154090272867720e-01	3.523316421212113747e-02
-9.764835336205384131e-01	1.001768608410100292e+00	1.243084413936450083e+00	-1.457653590130545851e+00	-1.718958768612453003e+00	9.629858371791327754e-02	1.097652672919302130e+00	2.089528732785415899e-01	5.092201098068072085e-04
-1.070624195496766573e+00	9.268638088261741403e-01	9.880585409936741836e-01	-1.048351374581591333e+00	-1.169382199058413674e+00	7.461786020749823223e-01	7.860347400991215538e-01	-9.303987083493010790e-02	-5.358290951637822985e-01
-1.279900261659872251e+00	7.459723637689694709e-01	5.545477570563286385e-01	-1.331748464747138927e+00	-1.367465613433447080e+00	5.604779719934886995e-01	7.378003479226380446e-01	-1.570104953017210647e-01	-6.520659036913506457e-01
-1.013319042032138517e+00	9.855084056079476129e-01	8.567063319396520660e-01	-1.041668515495214997e+00	-9.413375170628471844e-01	1.062233209569822812e+00	8.431091938530067553e-01	-8.264617790054980262e-02	-5.228136731818008309e-01
-1.015616369949412290e+00	9.824646106433189141e-01	7.445271679593713499e-01	-1.192331009647630946e+00	-9.904988275451680479e-01	1.025088937202630834e+00	7.916293298346211982e-01	-1.519870712730660156e-01	-6.365538235845030757e-01
-8.627487321374073259e-01	1.114621102283905874e+00	8.733319553328890983e-01	-1.709164406368365086e+00	-1.434685685360499452e+00	5.392126243731569790e-01	1.004593775174089210e+00	1.828457891260319712e-02	-3.294847565123034672e-01
-9.045831242033407493e-01	1.070601862263514503e+00	7.029920569114909146e-01	-1.820254980310072712e+00	-1.438005571385536419e+00	5.341949231001050791e-01	1.253705714477927335e+00	2.207445966312676644e-01	3.872419465486531820e-02
-9.580642349855934548e-01	1.013595179823258752e+00	5.162556847144323946e-01	-1.696267550790990564e+00	-1.185982519231219889e+00	8.022144043732792884e-01	1.107720691459443962e+00	6.337950210615725388e-02	-2.105597099896684421e-01
-9.146224334504474696e-01	1.040428973719408567e+00	4.805976020385530623e-01	-1.676172914743197406e+00	-1.046424348560715867e+00	9.276306778302501055e-01	9.203895712964879072e-01	-1.319750717927253569e-01	-5.271239447634040731e-01
-1.030277607684493946e+00	9.233124414818295600e-01	2.017140469108023026e-01	-1.515491103556690922e+00	-7.570704170249047404e-01	1.196867801267607723e+00	8.600298077862479351e-01	-2.124559102278541500e-01	-6.382249706728103655e-01
-7.190413854051221909e-01	1.184223138165378497e+00	5.840324277661862462e-01	-1.864988663937498847e+00	-1.021135938241493069e+00	8.732833743712378194e-01	1.223383049626039387e+00	9.255732009658693138e-02	-7.115581040146945480e-02
-1.003410666710404131e+00	9.127872873327923520e-01	4.788655078762232842e-02	-1.754280542030531187e+00	-7.869896498814494823e-01	1.109901296097684176e+00	1.040523275315780038e+00	-9.883231142520551571e-02	-3.571603139527426141e-01
-6.015252088789893037e-01	1.250628480589979441e+00	5.735761978874991396e-01	-2.182242543207507435e+00	-1.136946950900059150e+00	6.811448754346293155e-01	9.929724717290610014e-01	-1.666387789271079611e-01	-4.299537407473461026e-01
-7.157205396667934982e-01	1.127207010617409688e+00	3.035156058256227585e-01	-1.924315798151438717e+00	-7.483625925953063529e-01	9.757228726368233351e-01	7.647155955451380160e-01	-3.991968845654785270e-01	-8.111134564425075411e-01
-6.611145094285281187e-01	1.152548891772095851e+00	2.960343444430830750e-01	-1.940765614977753906e+00	-6.623119426882789762e-01	1.012198358771529305e+00	6.987245227279976767e-01	-4.839974918659034619e-01	-9.010433980201434379e-01
-5.583436086698290168e-01	1.219312455244601523e+00	3.634707920005612047e-01	-1.652292204399834930e+00	-2.470427415742528776e-01	1.433013684479469196e+00	8.453052260271968210e-01	-3.743705148456619725e-01	-6.508826950464674521e-01
-4.200818795292788899e-01	1.316313532167111555e+00	4.871835874782444731e-01	-1.825289326057133676e+00	-3.316464918050021082e-01	1.319597217823892388e+00	7.503177885986551665e-01	-4.828730196899978511e-01	-7.703098646294981311e-01
-4.974299175040431953e-01	1.220045718902895260e+00	2.785588669228126202e-01	-1.694213651043326996e+00	-8.824011721042879230e-02	1.533520198075488228e+00	5.419683279555260746e-01	-6.935139288643522582e-01	-1.077447463005840822e+00
-5.934584996570366755e-01	1.105950824254565701e+00	4.195936076402675963e-02	-1.964974778604339001e+00	-2.824048516788194019e-01	1.259038332822641326e+00	7.339472361390325661e-01	-5.390643667238959047e-01	-7.501273503890518723e-01
-3.449411050551159930e-01	1.297574268983998635e+00	3.397687375340979754e-01	-1.845934024178419897e+00	-5.956320986381942462e-02	1.365580236714666107e+00	6.101889702786211789e-01	-6.721811468846266013e-01	-9.513907109374595272e-01
-7.876599510515763791e-01	8.726936730837846490e-01	-4.295902855716020596e-01	-1.665147990391032673e+00	2.248815372914785005e-01	1.604862149915564196e+00	1.043958648078493479e+00	-2.970130306939796627e-01	-2.250636122668369099e-01
2.023680109276176919e-02	1.560496341463514236e+00	7.324976819258857130e-01	-1.878835549453944376e+00	8.033068365328434324e-02	1.398201004932523528e+00	8.533930695760092444e-01	-4.877104154412214565e-01	-4.718767989512641647e-01
-3.702353162863005198e-01	1.180262704076130875e+00	4.437577557123986716e-02	-1.743809282555380813e+00	3.127250316328864521e-01	1.608164651334711648e+00	7.932300590079581770e-01	-5.575417839370381268e-01	-5.171764527649539422e-01
-5.126277741553260103e-01	1.020080579881007754e+00	-2.607167618701658474e-01	-2.160796908007576622e+00	-5.608935967048822580e-02	1.119612043228365605e+00	7.880425794570583564e-01	-5.760649719730310814e-01	-4.833609102005877456e-01
2.640326869706398072e-01	1.677472224790493849e+00	8.541896139123568155e-01	-2.200163901647183007e+00	-2.006230206842662955e-02	1.050041692647065483e+00	7.316640777438974119e-01	-6.398236606964800011e-01	-5.269087807326509054e-01
-3.216468719475837901e-01	1.120918866061427766e+00	-1.355644598902331910e-01	-1.510284999830359798e+00	7.996399914297122047e-01	1.824414580079574799e+00	9.042412887127148080e-01	-4.939945977524859977e-01	-2.070149204776062790e-01
3.156532261847215526e-02	1.399687582130639818e+00	3.260038522587330734e-01	-1.669160644449946274e+00	6.922012879290520004e-01	1.559334387012319745e+00	7.287816497779570080e-01	-6.633459425311987179e-01	-4.327435686937785020e-01
-1.501154833000147848e-01	1.201469270962640890e+00	-3.781615618368587561e-02	-1.749123666224167817e+00	6.624118121091289169e-01	1.385896174869457820e+00	6.708242598348382879e-01	-7.239528422037173616e-01	-4.502117582415293140e-01
-1.593211466928084463e-01	1.156082890532202923e+00	-1.385148350419240226e-01	-1.274319233910150784e+00	1.227910324910742812e+00	1.890482073015874898e+00	2.799395923151705157e-01	-1.085290534555497288e+00	-1.009349593676882595e+00
1.009183144221833042e-02	1.269079413283016100e+00	3.928810745441122659e-02	-1.409889894252793763e+00	1.123042116494710863e+00	1.603382855136866514e+00	5.980126538254458834e-01	-8.007461257314952841e-01	-4.536575226663051019e-01
-4.249300013934011189e-03	1.217806672165592907e+00	-6.734364871091222393e-02	-1.665377562723699079e+00	8.780908252291546034e-01	1.140610786946066879e+00	2.710960013249125167e-01	-1.101938811553252906e+00	-9.154436495988754752e-01
2.434063561190592528e-01	1.399193743025374470e+00	2.301275449305085485e-01	-1.858229799916539360e+00	6.927256409760644829e-01	8.089301452619518384e-01	5.334253417340750758e-01	-8.646733402124328061e-01	-4.150855546561230125e-01
6.527130211875897814e-02	1.200796260842211360e+00	-1.291734518632086659e-01	-1.548253674346044217e+00	1.043800197360977178e+00	1.036048058720382858e+00	3.209426165795579156e-01	-1.057799754114732149e+00	-6.826998353275340881e-01
2.220404877618203376e-01	1.300090339981127885e+00	2.990706051234684817e-02	-1.413897019124292109e+00	1.197649133996726345e+00	1.095385592420701437e+00	-8.133207824335950131e-02	-1.421133117048566596e+00	-1.222038902607175181e+00
4.899993769451114201e-01	1.497831679463050847e+00	3.595770847300446826e-01	-1.580576897225722144e+00	1.018953530287677989e+00	7.597307212680606270e-01	-1.957342170792658875e-01	-1.520903168441082309e+00	-1.327595564615083878e+00
2.011834382058629300e-01	1.199273426871964032e+00	-1.692408790127390983e-01	-1.215982264375823796e+00	1.415191948816203471e+00	1.202939968994485298e+00	2.774115450543523376e-01	-1.082698428295835846e+00	-4.646318463123467746e-01
4.913967834865007323e-01	1.415818485657067916e+00	1.957186686441448886e-01	-1.337790688533357919e+00	1.279363279349741589e+00	9.369095669931284398e-01	2.526690460127397619e-01	-1.095661555628756556e+00	-4.172091706453944782e-01
4.504756441506059250e-01	1.336987881445022674e+00	4.859912814944694626e-02	-1.117254069260700033e+00	1.508785517968407319e+00	1.083987333673253950e+00	2.956601026169478619e-01	-1.045477297601647759e+00	-2.665149539887147756e-01
5.013229003623376201e-01	1.339339711861268656e+00	4.185330765151062948e-02	-8.361932629048336452e-01	1.796735267981314443e+00	1.266797284134231871e+00	-9.560432452814965343e-02	-1.388654130098398554e+00	-7.938261380971569636e-01
6.149658395256992760e-01	1.397046909899833933e+00	1.317033242767307044e-01	-1.106950292293618299e+00	1.479160460250480424e+00	7.833248125923879535e-01	1.427295168800538361e-01	-1.157609939341886607e+00	-3.276736345432997299e-01
5.356551070739878906e-01	1.282400357122584378e+00	-7.612796207492891765e-02	-1.049904320764804000e+00	1.509140992749865795e+00	6.817526783622932518e-01	1.510300469188698425e-01	-1.134035713546341251e+00	-2.166262093129595057e-01
3.284693057535006400e-01	1.053337470458143965e+00	-4.824444101608762470e-01	-5.969551357518632084e-01	1.960150456412820041e+00	1.044008730075599578e+00	3.453716679415657076e-01	-9.394039178406939916e-01	1.892311753284970921e-01
5.366203598513211714e-01	1.193569136822966392e+00	-2.476867193425520419e-01	-1.104930400007485769e+00	1.360772907636628171e+00	2.250164867559695803e-01	-3.188849037515900098e-01	-1.523737963176115873e+00	-7.516999238167916264e-01
5.925476114748770007e-01	1.197668594353943128e+00	-2.487466920172521911e-01	-8.273825439557279671e-01	1.604585327411840456e+00	3.584835190696032958e-01	-2.016377647324521516e-01	-1.395390877482728165e+00	-4.589396092301633034e-01
9.069837521392918323e-01	1.431360885638217173e+00	1.483375700156244481e-01	-5.446573967599320776e-01	1.846327383623035612e+00	4.994119763521541744e-01	-8.463000630324438722e-01	-1.957974929379678430e+00	-1.363114581856424978e+00
5.028398854016972175e-01	1.024502741912375114e+00	-5.669265507041240104e-01	-2.032548650557237657e-01	2.142743447535037316e+00	6.899520218012529238e-01	-2.908676711984807262e-01	-1.426994636575528386e+00	-3.726926342177233620e-01
5.721486263269004446e-01	1.038495645292880631e+00	-5.533519367286131585e-01	-5.313959056149162308e-01	1.703936420202746937e+00	4.575791979272880727e-02	-5.341397324606100838e-01	-1.620200651506684464e+00	-6.332476231739464501e-01
1.050145407802066222e+00	1.415576101754931093e+00	8.882204309332891734e-02	-4.465041463584262793e-01	1.704420374165839691e+00	-7.995564430397650302e-02	-6.346327172648231763e-01	-1.680937794308412281e+00	-6.590249082069938869e-01
5.167371712147700302e-01	8.910668075542547140e-01	-8.346187215212526045e-01	7.958854689280370209e-02	2.175498871566493353e+00	3.339417959934734004e-01	-6.701906989940762394e-01	-1.679285926465820422e+00	-5.639675191391568809e-01
8.732844079574086926e-01	1.158009605240430950e+00	-3.859517595556431480e-01	9.130821592395887976e-02	2.081395242772440035e+00	1.094167504140441394e-01	-9.208579447509265270e-01	-1.869264503027281643e+00	-7.912447676729335022e-01
8.560645765103108706e-01	1.091015005192658816e+00	-5.161170129223732195e-01	-3.168108918750368597e-01	1.527180802054368458e+00	-5.602223398887347106e-01	-6.857067566494887689e-01	-1.612797003279778929e+00	-2.408982494557038445e-01
7.650602751894068909e-01	9.572191400987016818e-01	-7.605067761907190471e-01	-2.562541267827448399e-01	1.478313795411498432e+00	-6.498290583814494425e-01	-8.547694540252429585e-01	-1.719087016530519874e+00	-3.194390251105224676e-01
1.246414082003770352e+00	1.331988198939193069e+00	-1.215939050848626746e-01	-2.797651681432155035e-01	1.334506121831211090e+00	-8.636344336598261728e-01	-5.051400977317626051e-01	-1.348706546373274140e+00	4.230430020435390626e-01
9.602236443081882955e-01	1.022136519640420849e+00	-6.692768009336430568e-01	-1.280606914283415332e-01	1.377775813995647747e+00	-8.371460292397172598e-01	-9.480752510886415463e-01	-1.694227365537638308e+00	-7.888907327349117815e-02
1.067879848579241120e+00	1.061829498634421665e+00	-6.098504859446682858e-01	3.711902340787283094e-01	1.796101849870751721e+00	-3.884365522740712007e-01	-1.183170665724721182e+00	-1.845699381781047865e+00	-2.483131219589142791e-01
9.237783990898205122e-01	8.761186152773465796e-01	-9.405019680188895226e-01	5.098438684276925814e-01	1.820969321054733303e+00	-3.903236608530209484e-01	-1.354511076182763230e+00	-1.934071799672738345e+00	-3.129221744708040598e-01
9.596210560706395221e-01	8.494530511019721120e-01	-9.942001683501344722e-01	5.213805527713323285e-01	1.704495701319408418e+00	-5.622125391037546827e-01	-1.363901697515759626e+00	-1.870076012351693739e+00	-1.172532468006382833e-01
1.553498221111551114e+00	1.318265342189155032e+00	-1.928344309039085047e-01	2.621567408315133019e-01	1.292714277306476145e+00	-1.032620201234237367e+00	-1.406727301304931510e+00	-1.830925645280098379e+00	3.723071886589252033e-02
1.295884634970132954e+00	1.027279007568285607e+00	-7.093283026250921663e-01	5.127547164045144212e-01	1.431618986063740717e+00	-8.920970200603273170e-01	-1.347401408722135763e+00	-1.693102334332178716e+00	3.595018127936161489e-01
1.416852021261757688e+00	1.071802417731987367e+00	-6.401618670538243849e-01	7.935887785383871629e-01	1.625274277384462396e+00	2.525464747115396813e-01	-1.680866171389749031e+00	-1.905135542956983619e+00	1.336892955635822222e-01
1.395923997877174250e+00	9.887880835362230503e-01	-7.804236569082229069e-01	6.721462370884424553e-01	1.428380206809834796e+00	-4.113357653274299364e-02	-1.282347399926085485e+00	-1.439317075410993629e+00	1.086459673431420025e+00
1.141507756619702496e+00	6.963319562597741763e-01	-1.294933466532504518e+00	7.303867469103600962e-01	1.390544620832571798e+00	-5.341958435646076975e-01	-1.609015696979379850e+00	-1.627051074020311017e+00	7.992693201367678801e-01
1.296130017098073406e+00	7.661831997128859539e-01	-1.186613381205414930e+00	9.807689479293217882e-01	1.540680694379986448e+00	-5.954264685264030188e-01	-1.589654248598496578e+00	-1.495361279548283795e+00	1.052698241659906442e+00
1.339019184429695475e+00	7.343859856088871263e-01	-1.256273602081619867e+00	1.085190256294421562e+00	1.522349921812262696e+00	-7.668561133574985922e-01	-1.402218952618693670e+00	-1.205658441589876340e+00	1.580922299285711041e+00
1.214899227017723460e+00	5.515970156068270569e-01	-1.586709399172069102e+00	8.924603755726462362e-01	1.175117377568871024e+00	-1.207005466146122696e+00	-1.671929542403002067e+00	-1.326174186475432171e+00	1.397195087547140613e+00
1.435849019637749580e+00	6.737876628070308405e-01	-1.384229658194122470e+00	7.158673691361568947e-01	8.393462919018505053e-01	-1.649369420098005801e+00	-1.567081743225681612e+00	-1.100265211020833966e+00	1.805692110717149745e+00
1.289482251781120858e+00	4.666391860118113688e-01	-1.748315875825364074e+00	1.197748642803790675e+00	1.214941546890902391e+00	-1.235253836455117327e+00	-1.716357481453643530e+00	-1.099638346573648118e+00	1.816112195811391494e+00
1.820168929336670738e+00	8.601947640188281063e-01	-1.064692164326866308e+00	9.199492582317486677e-01	7.640040413519919582e-01	-1.748486914944920478e+00	-2.055990512593375286e+00	-1.266383304904085350e+00	1.523184356634349257e+00
1.199943790458071202e+00	2.268458618045672559e-01	-2.153346995257627849e+00	1.378722071990952536e+00	1.111704843158205058e+00	-1.325181621768522389e+00	-1.726694165842515893e+00	-8.193270851012024458e-01	2.275887908011775984e+00
1.442352792756019131e+00	3.598881251684498128e-01	-1.902064917714875625e+00	7.434783970233584949e-01	2.729171318685381653e-01	-2.237364582679431280e+00	-2.105284426975797984e+00	-1.011254098096916243e+00	1.899451641439390936e+00
1.666864182590969357e+00	4.756068533603427517e-01	-1.665525852700673770e+00	1.293714685986330659e+00	7.206857497507185295e-01	-1.667858023156519431e+00	-1.839761399269102427e+00	-6.135130540978246394e-01	2.515613587259939443e+00
1.549905537006447398e+00	2.863984673923021806e-01	-1.940991705340748164e+00	1.440660955736202675e+00	7.355839576725928808e-01	-1.540133784694453167e+00	-2.115004024705899877e+00	-7.049350617328563606e-01	2.253279296309445012e+00
1.452530171362233169e+00	1.143810220735006072e-01	-2.167867628956579029e+00	1.336541822903987153e+00	4.830022008813388834e-01	-1.723501695358659713e+00	-1.592541570089157421e+00	-6.964411609730558617e-02	3.214557788276287909e+00
1.611282425595039092e+00	1.708570978220088632e-01	-1.979104838602390171e+00	1.310099465149052955e+00	3.204118639208526353e-01	-1.764422670201120091e+00	-1.967128316434191282e+00	-2.506275728242506329e-01	2.726677047059347547e+00
1.320869723346134172e+00	-1.714065669208885700e-01	-2.457631250820579094e+00	1.215009663405300477e+00	8.973559761245912536e-02	-1.886490250123914247e+00	-2.061411788842147708e+00	-1.791662975008098402e-01	2.631848229888397839e+00
1.427257536120888348e+00	-1.582572738560385217e-01	-2.299531440999236231e+00	1.317625569426706500e+00	8.221336467226433853e-02	-1.718679288534466609e+00	-2.304034994157308169e+00	-2.469395062772405947e-01	2.263964796443974414e+00
1.595814766558382836e+00	-8.691594787060363814e-02	-2.020375046803461583e+00	1.332789558414430253e+00	-1.177398770132910555e-02	-1.668343902811737722e+00	-2.035786097689999963e+00	1.437216925685691205e-01	2.654946972586126552e+00
1.529822300775393495e+00	-2.208403758175940812e-01	-2.079018910197028003e+00	1.133936107528978443e+00	-3.280671758663845083e-01	-1.824521344932386047e+00	-2.296527488669591222e+00	4.521708384070510789e-02	2.169247661399436033e+00
1.424306577137598673e+00	-3.856675892963709051e-01	-2.175337484586949977e+00	1.117805301058913958e+00	-4.353695522445040211e-01	-1.741176576574187562e+00	-1.873208143972850515e+00	5.591813106284377888e-01	2.719781746856281046e+00
1.519504708976474161e+00	-3.668407654647066751e-01	-1.940356512913201659e+00	1.403502517402444028e+00	-2.035938473737872456e-01	-1.261563092508804829e+00	-1.834887336460758966e+00	7.118681091176571885e-01	2.626847162835372451e+00
1.835960949647640561e+00	-1.456020547498276252e-01	-1.345858404195791058e+00	1.289083110085815331e+00	-3.932783770547974012e-01	-1.258568395489043645e+00	-1.798101116499189356e+00	8.509560376753125821e-01	2.499576457573786215e+00
1.466705913013870655e+00	-5.292723855355060403e-01	-1.797486451813145925e+00	1.449132445781636580e+00	-2.731425485544705656e-01	-9.041801782584403258e-01	-1.890319529423567957e+00	8.598714428791202069e-01	2.147229924773017551e+00
1.490677297007589441e+00	-5.568725166766622658e-01	-1.629384861461545375e+00	1.357043607717397293e+00	-4.127875731807084669e-01	-8.317853622488837750e-01	-2.026438034533988297e+00	8.154839913462739176e-01	1.701584703260463627e+00
1.576527154891151472e+00	-5.233141966341459117e-01	-1.356286297409804442e+00	1.416269570759091767e+00	-3.762062878045338010e-01	-5.807683434059713878e-01	-1.700582263774192082e+00	1.177553276970237928e+00	1.966864057328835624e+00
1.450284006060510222e+00	-6.725834703684330229e-01	-1.405900657755539074e+00	1.237390226276559257e+00	-5.840446466737290176e-01	-5.903545946920133458e-01	-1.672564518174143533e+00	1.255164720206631390e+00	1.753963940414211331e+00
1.653776793695599379e+00	-5.223073906836845914e-01	-9.433153391208088934e-01	1.117365429195456672e+00	-7.156407230073027481e-01	-5.322113112137101254e-01	-1.594160079987643419e+00	1.365307744394695710e+00	1.614159472449723687e+00
1.382295339270831036e+00	-7.892762590585812310e-01	-1.214224394340692070e+00	9.308711649253834652e-01	-9.072082025823762219e-01	-5.531327972912689628e-01	-1.447824527201728495e+00	1.524450569177838277e+00	1.579706791527150767e+00
1.018183008713376747e+00	-1.133254190163106134e+00	-1.628744681543828676e+00	1.160375157051863448e+00	-6.369121786376333860e-01	-7.881612785032163226e-02	-1.547846295033478814e+00	1.447356031727770276e+00	1.157812823944455172e+00
1.190166740362750719e+00	-9.946474317636098128e-01	-1.217180992480319413e+00	9.683517504568444068e-01	-8.132032054544988675e-01	-1.183945952619772507e-01	-1.286334210583742088e+00	1.687603719997125218e+00	1.308831982343772182e+00
1.189456714502955759e+00	-1.004942332886729739e+00	-1.075653246808892627e+00	6.817940674721717498e-01	-1.082700593691414692e+00	-2.793839277994870085e-01	-1.548153653485076386e+00	1.441201686656496506e+00	6.404158945218350052e-01
1.170697377709613685e+00	-1.026754590842576809e+00	-9.655397395284407436e-01	8.768698298029881100e-01	-8.223322879326058210e-01	1.263534118291897712e-01	-1.359993439934911397e+00	1.594163480118597542e+00	6.869973053113954675e-01
1.313919691242250387e+00	-9.000899576902127164e-01	-6.092467178426037577e-01	9.314653842442950360e-01	-7.070029849511810793e-01	3.578581815675152544e-01	-1.178640550023198452e+00	1.731850863689365472e+00	7.303217023739427827e-01
1.167027333969577807e+00	-1.027864678416410937e+00	-7.055297867029862724e-01	6.836603724843178798e-01	-9.135278646183411233e-01	2.049173956926819140e-01	-1.415218813997783709e+00	1.481158067663052913e+00	1.224988250930983957e-01
1.191104228728870895e+00	-9.998061580437429541e-01	-5.421347870200398100e-01	1.190918589068578060e+00	-2.972317278102356020e-01	9.501447505143718608e-01	-1.233542669013594217e+00	1.603359506133823498e+00	1.820152742975927607e-01
1.350256642197741330e+00	-8.481854710853249379e-01	-1.745082611329771827e-01	9.338155505919023547e-01	-5.054771714474479705e-01	7.614370172054339969e-01	-1.105120096976673905e+00	1.670390687644818462e+00	1.659108641109566518e-01
8.716651118887696059e-01	-1.261478547792434179e+00	-7.964417178792800867e-01	7.543910726212783580e-01	-6.269032172998719732e-01	6.518601228357981947e-01	-1.053836386815994786e+00	1.661241027355227162e+00	3.703162394730258322e-02
1.275619179966704042e+00	-8.861545837996566144e-01	-5.883959390686865909e-02	6.001188744715590939e-01	-7.191005376917686265e-01	5.637726554695625669e-01	-6.097274000458061671e-01	2.004056110733560381e+00	5.358251342262466688e-01
1.275644412605893452e+00	-8.680482966028827407e-01	5.110174227458452734e-02	9.054790264345506934e-01	-3.122848408806035980e-01	1.015094851564379397e+00	-1.000287495594797793e+00	1.583085382891573856e+00	-2.723144668115569655e-01
9.009662552395143464e-01	-1.181360671570786502e+00	-4.212966412283766782e-01	5.806665677718239049e-01	-5.880371724561898050e-01	6.961092805077561119e-01	-7.439307297625425974e-01	1.746419401640757263e+00	-5.253122269305504632e-02
8.734165190698662817e-01	-1.183516935560162464e+00	-3.605375830033312190e-01	3.751853584641602346e-01	-7.347318479561262272e-01	5.127616436636213137e-01	-1.005745319372938429e+00	1.435038316633705513e+00	-6.404653775772748414e-01
6.851502663030406559e-01	-1.326943748484513019e+00	-5.511579671268318492e-01	6.452904844131454043e-01	-3.665848390751363928e-01	8.988890695334742498e-01	-1.050102556629064265e+00	1.318534239803634600e+00	-8.769671399131349077e-01
6.171828929834934918e-01	-1.361570781182189771e+00	-5.585059087465430450e-01	5.691524065812575417e-01	-3.746400234358648329e-01	8.558490327597635394e-01	-4.620159317793214870e-01	1.774908608034554636e+00	-1.076543960343279982e-01
9.419666676567699515e-01	-1.044980476003369851e+00	3.665614863695565440e-02	5.422313522148421994e-01	-3.303859287541415779e-01	8.741861759747003857e-01	-6.344101097910437304e-01	1.537930392861098117e+00	-5.253167942954595215e-01
5.803675805527468423e-01	-1.338410811575927895e+00	-4.345413056177746536e-01	4.106361836271705812e-01	-4.000030263440587097e-01	7.792504720011775854e-01	-2.345609875232963770e-01	1.820286292449297738e+00	-3.210624691037899936e-02
8.618460858713545836e-01	-1.058150706847143407e+00	8.604115394401021244e-02	5.726287971282573164e-01	-1.520486164642775306e-01	1.021017284605328479e+00	-6.120105769504105009e-01	1.394805184430570666e+00	-7.610167058741020840e-01
7.402957341281906078e-01	-1.135809248937279525e+00	-1.621056754737673633e-02	5.043828209516085792e-01	-1.555393775209196749e-01	9.642653630684209221e-01	-1.610396270638455585e-01	1.721926420244421330e+00	-1.835499149097402638e-01
4.773368322241863804e-01	-1.338430691714125986e+00	-3.360766063784548785e-01	8.137823792618348318e-01	2.471398733327943575e-01	1.345523624932527973e+00	-8.881870026258775752e-02	1.703769126748273299e+00	-2.026210612148819368e-01
5.960227888172680011e-01	-1.200234886035566273e+00	-6.536756464612546169e-02	3.087552572208001611e-01	-2.364164235920369062e-01	7.265466461093077477e-01	-7.696669374314474288e-02	1.629903314467203490e+00	-3.144290996676943339e-01
7.300324830456321745e-01	-1.047484516973566038e+00	2.282066413287109907e-01	5.209217081659296422e-01	5.296128021129294788e-02	9.655774551415738927e-01	-5.399988762989788027e-01	1.123525593609934869e+00	-1.170733897315554994e+00
4.174046992789465227e-01	-1.291628874532531279e+00	-1.696580721838874539e-01	5.167492478221952235e-01	1.034166938748410230e-01	9.345045917784382539e-01	-1.087661866175524822e-01	1.429996816020584482e+00	-6.145828278493736807e-01
3.667504180025001892e-01	-1.301693521660527653e+00	-1.622539234993579105e-01	4.693474688286438101e-01	1.020700345256734670e-01	8.367564481408672483e-01	-1.584778169973464212e-01	1.298690976120721263e+00	-8.141280515680748842e-01
5.206880305496919270e-01	-1.128808864894810249e+00	1.605904299092720811e-01	5.769156724434130190e-01	2.629643573402006274e-01	9.066800271946452439e-01	2.295814126083291495e-01	1.565062148025330391e+00	-3.246491115527180282e-01
2.673710456484292286e-01	-1.317864944543514216e+00	-1.460119475320136584e-01	4.201721993548737100e-01	1.310635868132599413e-01	6.435456077838318523e-01	-1.089080290594961059e-01	1.170156325789073914e+00	-9.807277134675450592e-01
2.242744009913966163e-01	-1.319032822051486420e+00	-1.276503453518968989e-01	3.080331943940359807e-01	4.008967364102319908e-02	4.140358824007154270e-01	2.668672357021872887e-01	1.424089383587628710e+00	-5.163767646219644680e-01
2.536539707819573941e-01	-1.254943309925169892e+00	4.716464834833629383e-03	8.101113896778399104e-01	6.059300043164246308e-01	8.876494204334233196e-01	1.544343879056025992e-01	1.232670373501492112e+00	-8.335904588288655104e-01
1.727666827351936607e-01	-1.288174125013527016e+00	-2.714307419252604339e-02	6.699472807216364512e-01	4.641353906802883067e-01	5.307067462623499265e-01	1.453338517235392979e-01	1.133408434858890645e+00	-9.921382897089894293e-01
4.612304026357356979e-02	-1.360994223383940049e+00	-1.215511443037330525e-01	6.928958385851382573e-01	4.847278894047626907e-01	3.195123810190853009e-01	5.521029981458198677e-01	1.411449373186861367e+00	-4.648124474628279046e-01
7.276478438068972876e-03	-1.354415183990012705e+00	-8.115224777423746261e-02	2.001283841152867171e-01	-6.583407593158957516e-02	-4.624261665295216206e-01	4.299337238309131615e-01	1.209519276589207326e+00	-7.353764804955672529e-01
-1.233487976585150858e-01	-1.428675200114810417e+00	-1.920450101253303454e-01	4.346116900839388508e-01	1.663526292850807664e-01	-2.430894952074814097e-01	5.845265648248159085e-01	1.261343022268157865e+00	-5.561251662591759626e-01
2.516150613988439311e-01	-1.052163238826550717e+00	4.711923786088059174e-01	8.956601984692111884e-01	6.423374425846306579e-01	2.488491834883859999e-01	4.315061425870425627e-01	1.035553210620595577e+00	-8.584848767696647842e-01
4.341118718360603007e-02	-1.194555895931444622e+00	2.316068503705246417e-01	8.580116094318819275e-01	5.783287673291048758e-01	2.080079664585089416e-01	3.331524730590756933e-02	5.887227367002018097e-01	-1.548410756005715427e+00
4.189742388634622172e-02	-1.152498566939815339e+00	3.111358164605811383e-01	1.151719981945131810e+00	8.731054972971881156e-01	5.282662760916432276e-01	1.646746244396298242e-01	6.254335382220836959e-01	-1.399465262176825764e+00
-1.476033929282208612e-01	-1.277447002962464717e+00	1.011382849146352514e-01	8.122105057603057343e-01	4.832530000314367857e-01	1.077895529805042718e-01	3.304369089762433376e-01	6.953626917247105466e-01	-1.193727747611677881e+00
-4.154467146801892330e-01	-1.471739343306005310e+00	-2.291826167608213838e-01	4.622264082986743405e-01	8.199281700895380554e-02	-3.184204221639397314e-01	6.299211978679726265e-01	8.888187152773289190e-01	-7.746701740195873764e-01
-4.204978656561840777e-01	-1.431570078068580720e+00	-1.528655650293057056e-01	8.175232048917883132e-01	4.444944108011610329e-01	5.903824604861118708e-02	9.119404247166358335e-01	1.068359716512462532e+00	-3.777930461670646056e-01
-1.596062309398609824e-01	-1.154149594555086589e+00	3.343176450789293597e-01	6.127342390334101774e-01	1.992464802199935270e-01	-2.121298166553451658e-01	3.063988294265162504e-01	4.427472402390279504e-01	-1.374592541528998790e+00
-4.076190574155720281e-01	-1.329469055003837052e+00	3.514728641016989785e-02	7.766101421472750843e-01	3.525882692124978623e-01	-5.782559999684180885e-02	6.417652863414466946e-01	6.750527539599945337e-01	-8.837849976384180017e-01
-3.574824397766587780e-01	-1.238861793471206507e+00	1.970766270035828605e-01	8.516051063309606484e-01	4.080838086948875842e-01	-1.553438634842449484e-02	2.954373514911138310e-01	2.895081615048675228e-01	-1.465186845929913551e+00
-5.121216986430766616e-01	-1.330149044514074674e+00	4.338038794859783165e-02	6.674276868141709729e-01	1.818371753760428811e-01	-2.756985690843337111e-01	5.976331370219326589e-01	4.959330305672628447e-01	-1.020739019948829984e+00
-3.240116154909659096e-01	-1.115749602379081384e+00	4.198230834883179829e-01	6.924773708752989254e-01	1.809777071771762613e-01	-2.968997404667177431e-01	9.728322375004023748e-01	7.709503981698775377e-01	-4.575272571671581967e-01
-6.732556212930773665e-01	-1.379364231795653595e+00	-3.324160986826688036e-02	7.380665026859822841e-01	2.007107610726430180e-01	-2.958971278105710923e-01	7.526224069702850406e-01	5.066419331940933413e-01	-8.299846654784549527e-01
-5.319817881609680832e-01	-1.205656552641481527e+00	2.724536575605804312e-01	7.989094900310708125e-01	2.352975049766099502e-01	-2.757251232810632446e-01	8.060771505555990313e-01	4.934178250727953019e-01	-7.661700919857743486e-01
-6.561094621765799495e-01	-1.267736252188480739e+00	1.690216906197725133e-01	9.416527906819106564e-01	3.572440528304138274e-01	-1.550410896934301674e-01	4.948983674292646295e-01	1.508699734830257766e-01	-1.272465614440603465e+00
-5.175946894193148573e-01	-1.095362096350412484e+00	4.719136197192687066e-01	6.403602097845624286e-01	-4.206601384708144598e-03	-5.891920497112888011e-01	6.218792645084040283e-01	2.091447281699709559e-01	-1.085177911760855540e+00
-6.528776920272827411e-01	-1.166211472163066531e+00	3.525571175346405295e-01	7.170735310109961347e-01	4.156208026479751849e-02	-5.600809814461746861e-01	7.329047700481077232e-01	2.552384111572868486e-01	-9.194674531094716441e-01
-5.979769183463204962e-01	-1.067066547163196599e+00	5.284038265602200024e-01	1.291576508120620526e+00	6.241112683629755908e-01	4.523926428578706194e-02	8.686631469042085385e-01	3.261966014766998212e-01	-7.102439182427568998e-01
-8.448281218757696109e-01	-1.235975381363473735e+00	2.384043667851886705e-01	6.403688622142940101e-01	-1.243200191293550583e-01	-8.086087329344575636e-01	1.016095727441293395e+00	4.102153681479575598e-01	-4.794992733878551960e-01
-8.733571119312333320e-01	-1.209775712945797554e+00	2.871217427271594569e-01	8.365003494323128841e-01	4.278989795586286837e-02	-6.480766475447062858e-01	1.072544163740170919e+00	4.138728208353495974e-01	-3.891912301620304437e-01
-9.108434351307538313e-01	-1.190799496788754963e+00	3.237048878593432599e-01	2.740288821000668174e-01	-6.140485201205346799e-01	-1.389497624531323972e+00	1.136391458910766872e+00	4.266923443609024202e-01	-2.828288514642712248e-01
-8.909006761850901679e-01	-1.119865060769393628e+00	4.508721121272016852e-01	6.398602006922418095e-01	-2.653786828215863869e-01	-9.790612134491634144e-01	7.659536529294399543e-01	4.708217157127551900e-02	-8.554196280086533433e-01
-9.626171140410519911e-01	-1.129657232676265277e+00	4.387037172780410277e-01	1.014141051066179688e+00	9.554759999888312594e-02	-4.954641716054152267e-01	6.175554804042947543e-01	-1.278788038447978559e-01	-1.071354007342003811e+00
-7.163490559316489925e-01	-8.552842670180366147e-01	9.212360962496826122e-01	5.738891088058714063e-01	-4.188181176556493579e-01	-9.239878050781742402e-01	6.531644821308445481e-01	-1.325993611412081830e-01	-9.907505211356973929e-01
-9.736867258934598368e-01	-1.028234586650340177e+00	6.289054106995143334e-01	9.218820285083693111e-01	-7.002996402848352120e-02	-3.913672964906166896e-01	1.017976273473155668e+00	1.653350135723204439e-01	-3.809815307529353934e-01
-1.006773601007752150e+00	-1.000279485922613398e+00	6.850739309558893098e-01	3.091060430328359532e-01	-7.544525651930631405e-01	-1.024672634809090654e+00	6.333885806890662273e-01	-2.148453797387194497e-01	-9.459704955542787008e-01
-8.047767913058925249e-01	-7.617410905709651736e-01	1.105020061105225881e+00	9.666779799050408961e-01	-5.883188575133319054e-02	-2.117940088577536240e-01	7.310347217667719777e-01	-1.529981583866865391e-01	-7.487905792725563225e-01
-8.196002046681618580e-01	-7.150544544994074103e-01	1.189207730293208920e+00	5.665769946192464879e-01	-5.084868008944700701e-01	-6.837852371866153245e-01	8.603162688782153289e-01	-5.894946964535443396e-02	-4.982264990296515483e-01
-8.022745763145111564e-01	-6.385382363708227427e-01	1.323297502765373057e+00	5.994110387874178603e-01	-4.893312946629020388e-01	-6.713336754862823108e-01	1.054682820284523537e+00	9.758976561313192910e-02	-1.462795024761041895e-01
-1.020452111791947392e+00	-7.704839387522650629e-01	1.094881352327952806e+00	8.039415383715816654e-01	-2.834877203595809192e-01	-4.333493290482887672e-01	7.621480773525545205e-01	-1.854755142046929650e-01	-5.584298254752283475e-01
-1.228373513193892208e+00	-8.920064978720176896e-01	8.831952815699937176e-01	5.938789183324250098e-01	-5.279626148877837322e-01	-6.867145173459523466e-01	1.234578745043499515e+00	2.303103907792807825e-01	2.349306586753371340e-01
-1.390091443732677234e+00	-9.710463254445700354e-01	7.441639977277763052e-01	1.393769628432650620e-02	-1.171797373840662404e+00	-1.377338658136476157e+00	1.297977782044747119e+00	2.772028482140054262e-01	3.882272618251387253e-01
-1.112756725379188794e+00	-6.577895589776350249e-01	1.282414868304163846e+00	8.301804772522610731e-01	-3.033669188398932515e-01	-4.154235177561825254e-01	5.550627271091290726e-01	-4.060522229151081186e-01	-7.266434750500796458e-01
-1.117116303413715261e+00	-5.940930519661437037e-01	1.384268308377305967e+00	4.336062723493590565e-01	-7.490601446737885638e-01	-8.779718680415011800e-01	6.164570509261839693e-01	-3.547045423601812852e-01	-5.732665509531050807e-01
-1.249890557756649034e+00	-6.434966251068192644e-01	1.286133876555162425e+00	1.043635900770790270e+00	-1.026553012732878134e-01	-1.239565156643190891e-01	8.858066976465477360e-01	-1.110884866886187317e-01	-8.856929890489027846e-02
-1.526908348948007088e+00	-8.201696135149419975e-01	9.632493322164624727e-01	2.786321378146349170e-01	-9.434501990825787665e-01	-9.981317516640735299e-01	7.205525017808785959e-01	-2.597080892602138258e-01	-2.903141580273459477e-01
-1.428511330634447907e+00	-6.614081589840319353e-01	1.217886943073353212e+00	2.530316697770433887e-01	-9.819612747764983052e-01	-1.017296779221128267e+00	1.321723718453074792e+00	2.915554678298218905e-01	7.138684150639947879e-01
-1.426519207532790157e+00	-5.875038181809297821e-01	1.318831905584848307e+00	4.233814675899019719e-01	-8.068441955828308254e-01	-7.804100097232578026e-01	8.763298868262285879e-01	-1.064129075966429999e-01	6.560284228740340118e-02
-1.150220484074551797e+00	-2.684758878282118011e-01	1.839029184710155418e+00	6.502682309731195875e-01	-5.702596221698640333e-01	-5.023240723502648830e-01	9.794919535203104877e-01	-3.192480609586212381e-03	2.788772551206828432e-01
-9.787837498927370872e-01	-4.222258740738399352e-02	2.188727882251304102e+00	-2.111360855230425271e-01	-1.510420137285483300e+00	-1.486690154483931492e+00	7.057897010267535354e-01	-2.405608512496260620e-01	-1.038862849718634462e-01
-1.116157225668241493e+00	-9.061127519334796765e-02	2.053292220603113449e+00	2.786444541105466133e-01	-9.835279342708908024e-01	-8.376207354505695868e-01	9.295145394285788676e-01	-2.366835783082406330e-02	2.916610166711074426e-01
-1.643541309887999180e+00	-4.862404220839198210e-01	1.305555022249993202e+00	4.743328525910123217e-01	-7.720855268812740757e-01	-5.349554740351432081e-01	7.795022829376917484e-01	-1.451976600078763724e-01	9.178739811088415523e-02
-1.543958008102627844e+00	-3.238688909436868157e-01	1.514149888271200117e+00	-4.098596946162244570e-02	-1.327409409947910790e+00	-1.072959958656322321e+00	1.159408812251961685e+00	2.164277212108222659e-01	7.214423480073584027e-01
-1.623094028072551875e+00	-3.213284421914238687e-01	1.434876665000779150e+00	2.061984154687431792e-01	-1.052008699060421826e+00	-6.858756849656006960e-01	7.033074028427281910e-01	-1.816982433755233717e-01	2.250159683909580544e-02
-1.563841964220578085e+00	-1.966239185126611999e-01	1.556147892508529473e+00	-2.016915259077335376e-01	-1.482251279896000806e+00	-1.083466913237411289e+00	7.366359101295217870e-01	-1.345585588461430671e-01	8.579305623435692918e-02
-1.297430692703398725e+00	1.110621358456086033e-01	1.983169674725049791e+00	-1.077569545187329336e-01	-1.364117670638924196e+00	-8.634035675049205327e-01	7.417701789631885312e-01	-1.133951298556813841e-01	9.529460514790469294e-02
-1.402320418369569222e+00	8.617224545472114416e-02	1.821552336444809628e+00	-7.845480349615435722e-04	-1.226605355727186764e+00	-6.097094439424356471e-01	1.368007419622478515e+00	4.718240354118914959e-01	1.071791494229072939e+00
-1.698937614938732299e+00	-1.117451877768733115e-01	1.350985635705526988e+00	-6.273737136691762695e-01	-1.878966380231782640e+00	-1.251143810481985863e+00	8.546433153824606332e-01	1.924831526373395676e-02	2.449377186594952072e-01
-1.098595273764530145e+00	4.863256002311960868e-01	2.249764016402375333e+00	-1.431245117810816536e-01	-1.321990014496785104e+00	-5.240174586050871941e-01	1.078671602045826461e+00	2.357037491665754936e-01	5.716979485075772693e-01
-1.493424859323800646e+00	1.950445537325737333e-01	1.596287717523110938e+00	1.038250536717725270e-01	-1.015640837561311072e+00	-7.030181354914266656e-02	1.015523136345282573e+00	1.889625385532440749e-01	4.374951313366465255e-01
-1.455716851686254421e+00	2.854207776302404298e-01	1.597549583740027090e+00	-4.861144956983950993e-01	-1.609459617052451774e+00	-6.177508242635476599e-01	1.209544193757634112e+00	3.737875949066415959e-01	7.009963041728159983e-01
-1.625062755422578276e+00	1.875760586754461612e-01	1.265685255900956596e+00	-3.449080380842466376e-01	-1.404180020542237894e+00	-2.745406990881971154e-01	8.387277673919434351e-01	4.230192123785625480e-02	6.808782169616943436e-02
-1.369822087325757387e+00	4.637131006455857962e-01	1.578366787974377461e+00	-3.783889976794265753e-01	-1.381298886504539913e+00	-1.359750989984345737e-01	6.989859950300141289e-01	-8.182683339971945358e-02	-2.060229233648575020e-01
-1.288754726112264937e+00	5.804173505906635722e-01	1.610677249381968990e+00	-1.137449342514502248e+00	-2.137721856463602244e+00	-8.619619067347608077e-01	9.116522402451319174e-01	1.117262250825427211e-01	7.297190021574723184e-02
-1.200966072656496353e+00	6.986151357395042893e-01	1.645528065256791184e+00	-8.852729997613515422e-01	-1.791114511549829924e+00	-3.660336817538207832e-01	8.757984405182145382e-01	7.625653159525300206e-02	-4.470084210700158572e-02
-1.673256797806166762e+00	3.135429003040424711e-01	8.091009556786395995e-01	-7.470656639706645397e-01	-1.561651912428861921e+00	-1.355267541107530935e-02	8.262831943924624500e-01	2.536435179763578407e-02	-1.850048755070279882e-01
-1.305458709087196967e+00	6.720355665378053844e-01	1.265673959197848752e+00	-9.486142863878607168e-01	-1.694244589172647419e+00	-6.817487577203432125e-02	9.650704119642360412e-01	1.428141213445317526e-01	-2.845335306299845435e-02
-1.245269997226565728e+00	7.521142070217664566e-01	1.243062615226332657e+00	-7.828460593767598841e-01	-1.422894846852128747e+00	3.215082094363265197e-01	8.371127704226709598e-01	1.488554243657091991e-02	-2.909711315770852624e-01
-1.316651926138276529e+00	7.106111708152191841e-01	1.014333453240781946e+00	-1.168440521681634925e+00	-1.743333497592845172e+00	4.625860175740470481e-02	1.022894819146973555e+00	1.696884281982689868e-01	-5.722568941865618930e-02
-1.064716333408283422e+00	9.527156717590242740e-01	1.283776888144923856e+00	-9.082883778672632413e-01	-1.358801102148473605e+00	5.468160825070802478e-01	9.323493626417017621e-01	7.076605063807060725e-02	-2.559821854959030696e-01
-1.021863805847651685e+00	1.004472291845485366e+00	1.229264885189464085e+00	-1.376120118955748373e+00	-1.758178484420143128e+00	1.697124907297592467e-01	9.732469371396924585e-01	8.920041669197829870e-02	-2.451970275285058620e-01
-1.379123118404230963e+00	6.959670783125847526e-01	5.577141955275981555e-01	-7.371650830769138629e-01	-9.541684312671983026e-01	1.111691891269690036e+00	1.095698832241196463e+00	1.798076037749332667e-01	-1.013836096135098397e-01
-1.104670801421542281e+00	9.461834146172546367e-01	8.616906032833049345e-01	-1.637640378223548909e+00	-1.814398733604091207e+00	2.019205754717052770e-01	1.007381343932382212e+00	7.705163344419524440e-02	-2.847558846331450511e-01
-1.167076064094310972e+00	8.927991993550457028e-01	6.462165833061368492e-01	-1.711602211067517754e+00	-1.775522208087250586e+00	2.832446572848640876e-01	9.358518753403881618e-01	-1.186367483964334904e-02	-4.373595795835621414e-01
-1.015874189544498263e+00	1.026197196492352193e+00	7.622785643925084065e-01	-1.728043659620061012e+00	-1.671444056025172431e+00	4.248307297087941525e-01	1.047907181090547812e+00	6.499277280027529469e-02	-2.961737713063267163e-01
-1.191847156944291886e+00	8.650173846634748864e-01	3.746144233847623073e-01	-1.521304163270976284e+00	-1.323234854886421008e+00	8.280704511662779765e-01	8.721208715481986173e-01	-1.208767518527429641e-01	-6.034547195129378316e-01
-5.488473096057910894e-01	1.430098150274774271e+00	1.254255312052572791e+00	-1.644196839345193784e+00	-1.330525901226763841e+00	8.240057882765927655e-01	9.229738376809448752e-01	-1.013161132143222121e-01	-5.478511461702925134e-01
-8.916536779918065037e-01	1.114483007257866642e+00	6.125477961784465686e-01	-1.561770827576570486e+00	-1.114035463228348899e+00	1.062939670144304793e+00	1.208346160348500842e+00	1.310419149007147066e-01	-1.199789338724443488e-01
-1.001873674965112038e+00	1.003360268955753698e+00	3.332485105747077236e-01	-1.585273007034077031e+00	-1.014650309551802021e+00	1.108549021424483083e+00	5.495754778352305303e-01	-4.962198014724170103e-01	-1.185948404023650760e+00
-1.045416159958487690e+00	9.491835899044774871e-01	1.590649711801839228e-01	-1.644561711728257158e+00	-9.542479201837320568e-01	1.157003366768363684e+00	8.531547358583293494e-01	-2.482508762383568435e-01	-7.165275444971365149e-01
-7.642699754010925384e-01	1.181877794424025518e+00	4.885424053033647351e-01	-1.833475459978463284e+00	-1.033507952560875687e+00	1.062439842494032893e+00	6.838495521265146593e-01	-4.299269080129532461e-01	-9.829948215486410401e-01
-6.528454640667701314e-01	1.261353306508877559e+00	5.580144923410919056e-01	-1.801145129165682368e+00	-8.731474354265800208e-01	1.204709417294561158e+00	5.682572517615951391e-01	-5.623972926849725162e-01	-1.166413610962717673e+00
-6.955303491919827552e-01	1.201665033906660129e+00	3.915672598768110135e-01	-1.701936358834172935e+00	-6.463770066862387642e-01	1.306427756968389087e+00	5.941674485179652132e-01	-5.670463868597382939e-01	-1.153670803648343846e+00
-9.702171687095765273e-01	9.336157506914783966e-01	-1.316844552883614239e-01	-1.905113622275086627e+00	-7.509036262061073996e-01	1.147705850141226946e+00	1.074642035986381305e+00	-1.577066915033625283e-01	-3.807690552429207065e-01
-5.929295774419288678e-01	1.244479310431658714e+00	3.536660513605091039e-01	-1.939656874117848817e+00	-6.713855478635524232e-01	1.241571175026296325e+00	8.879295346513056408e-01	-3.534649745773354446e-01	-6.444062100874873300e-01
-6.285276322364480306e-01	1.186135151070874194e+00	2.023318923866684049e-01	-2.069226455291392153e+00	-6.948740725460730294e-01	1.171618886712596286e+00	7.469653034710175277e-01	-5.064940977576610770e-01	-8.484021391394964695e-01
-5.860583978741752409e-01	1.195857969284873423e+00	1.725150581429830687e-01	-1.925003180108888712e+00	-4.255424782074108681e-01	1.330051626393754516e+00	6.899704264847831281e-01	-5.830930226323114418e-01	-9.576118943751951162e-01
-6.621662221044984920e-01	1.098734702012629239e+00	-3.629680212078484347e-02	-1.868783289418971760e+00	-2.604728083665380223e-01	1.409431620418441611e+00	7.485755295486080652e-01	-5.548101644173357716e-01	-8.373249216874671941e-01
-4.530873051447154021e-01	1.254356579236140190e+00	1.945844446028956454e-01	-2.087551348194656597e+00	-3.911879633828710401e-01	1.301933021554452230e+00	4.595922010349080544e-01	-8.396656769094317241e-01	-1.220997552671671649e+00
-4.293445657882529742e-01	1.243810403642786611e+00	1.398973395013827781e-01	-1.905440471737196884e+00	-8.566209157625447046e-02	1.613265692962179809e+00	7.416219135189326961e-01	-6.030676815104326627e-01	-7.421975239050251361e-01
-2.890219565373193245e-01	1.335978254188742831e+00	2.650374601108165806e-01	-1.768557831989663098e+00	1.702721800641381067e-01	1.848074484407667750e+00	2.944789095254883859e-01	-1.028394915620772787e+00	-1.409944949222091237e+00
-2.394314972362385219e-01	1.346303722552617099e+00	2.504521855807880226e-01	-1.901259904769842191e+00	1.315387825389319199e-01	1.725302100232568581e+00	7.921806373894484388e-01	-5.929692551462403260e-01	-5.832707807229919883e-01
-2.574078292371581589e-01	1.295479956560034340e+00	1.321766447734225580e-01	-1.887955607860802187e+00	2.468548345762800744e-01	1.750051313815754517e+00	6.335187165235948159e-01	-7.529991244599554268e-01	-7.876067466461590394e-01
-3.652366035044198878e-01	1.163721341663961351e+00	-1.242441614140197409e-01	-2.033280719743098430e+00	1.857237701890760151e-01	1.577997297325957726e+00	5.800032973556003002e-01	-8.157687045994308495e-01	-8.239025290600193729e-01
-1.545171662064613316e-01	1.315083715772062734e+00	1.237695204149815431e-01	-1.864228017747046717e+00	4.540668069030279197e-01	1.632775982356807098e+00	8.167191101241719764e-01	-6.137402560490580194e-01	-4.066621190478845738e-01
-1.621891041750161966e-01	1.271364353543623205e+00	2.547803979248010331e-02	-1.702917133741401967e+00	7.050383728485227763e-01	1.783051369840505052e+00	3.761672134088684949e-01	-1.025358791046579121e+00	-1.021473279640746412e+00
2.235777453896217182e-01	1.577049426503245311e+00	5.274123692758645454e-01	-1.763266976157596089e+00	7.126664314413970747e-01	1.713759964284117920e+00	5.853151658011338521e-01	-8.436754508408611519e-01	-6.326176858521119772e-01
-2.214221034091605755e-01	1.142087880621917684e+00	-2.504234598549799351e-01	-1.540529621862905429e+00	1.020533579535678470e+00	1.907285216624962532e+00	4.211351843311711418e-01	-1.000351169432843523e+00	-8.368038881978102639e-01
-1.643770569080143518e-01	1.153415681035228069e+00	-2.522252100434295707e-01	-1.928503858279908778e+00	6.579758800585608913e-01	1.336972095435004837e+00	3.859430879838121053e-01	-1.038373209778141515e+00	-8.316008569874190348e-01
1.625669811503451800e-01	1.404339140652917095e+00	1.633291621876156730e-01	-1.567520389647785173e+00	1.098104733516146680e+00	1.659221795036045277e+00	1.781374196357214390e-01	-1.231870210068799931e+00	-1.092607438504631379e+00
-1.322963194000157661e-01	1.100810812604460898e+00	-3.833994911005544903e-01	-1.464324205901353704e+00	1.249422752068637843e+00	1.663487278385663570e+00	5.083868794021404458e-01	-9.343962783276433814e-01	-4.995244956908880818e-01
1.478273548576058416e-01	1.308459675106706577e+00	-4.403124338718024389e-02	-2.006898060453061294e+00	6.929983391364564760e-01	8.764841730118337892e-01	2.280502531462874627e-01	-1.190216128431285547e+00	-8.618056706533897549e-01
2.558637736850489786e-01	1.362149446001107211e+00	3.286170019833396794e-02	-1.393019547864696284e+00	1.379109743396179644e+00	1.448908310424910084e+00	4.392928622860188259e-01	-9.968820806056236661e-01	-4.381023623093748820e-01
2.776677598395361768e-01	1.338355015152584926e+00	-2.475753057610480257e-02	-1.436680257220451784e+00	1.343721931840022421e+00	1.262283103581482990e+00	-1.705810226793840756e-01	-1.547813955842827660e+00	-1.311413223783036486e+00
4.725221709537213988e-01	1.468000052598089855e+00	1.862015625219276549e-01	-1.491918963060484549e+00	1.286262308244367603e+00	1.048619207507818230e+00	2.354345944066170149e-01	-1.172634142687325909e+00	-5.679967475584573045e-01
4.540262330219470011e-01	1.407010969045639603e+00	6.754529996117401847e-02	-1.276059996031807531e+00	1.515099102131219899e+00	1.161226109802384610e+00	3.463323459490986328e-02	-1.346869170565611284e+00	-7.800798004611935177e-01
3.997815719098454790e-01	1.313614616140759361e+00	-1.051289723916952051e-01	-1.440426393100696423e+00	1.329457279578851514e+00	9.008599019561132071e-01	2.081507580506181468e-02	-1.347598986664627185e+00	-6.773073379734473320e-01
1.825843922903238603e-01	1.074582657509069339e+00	-5.288422531561230988e-01	-1.126967929675548596e+00	1.661156870050195078e+00	1.247000142289817148e+00	-4.613066932917906926e-01	-1.770656209190745178e+00	-1.320544484338396218e+00
4.494185281154523537e-01	1.266029371737510623e+00	-2.055799052725377496e-01	-1.620098133234136206e+00	1.113697538961649913e+00	5.159698286405333123e-01	-1.292820476458552137e-01	-1.451731522675174357e+00	-7.036405042059254988e-01
4.664707262490170869e-01	1.234490132156403241e+00	-2.689341829899886682e-01	-1.109466237067849415e+00	1.644708711501438936e+00	9.293332092673012301e-01	-8.709783628044255599e-02	-1.394856103292445137e+00	-5.387089699419742583e-01
6.313344021296397601e-01	1.333989944766829527e+00	-1.048622821745088113e-01	-9.126908197577250359e-01	1.825341564160314789e+00	9.576866000089299114e-01	-4.691874307930944954e-01	-1.722272406034734082e+00	-1.039933904116223662e+00
5.370794175527657810e-01	1.202131079428707672e+00	-3.425111055889543121e-01	-1.002190596822922330e+00	1.685842650625336780e+00	6.391683585173388860e-01	-2.370401064900486965e-01	-1.489365249017038373e+00	-5.700803244332975916e-01
7.029105141368516829e-01	1.301191356678556676e+00	-1.806323479768431051e-01	-7.570166076227642371e-01	1.897636492171640210e+00	6.718245825998393483e-01	-2.386316728479342397e-01	-1.467147962721780496e+00	-4.589234960508598027e-01
4.329090974207710496e-01	1.011350413665294656e+00	-6.956320127426359745e-01	-5.250114804463718032e-01	2.083002570079473870e+00	6.781099696250758591e-01	-2.528314297539795419e-01	-1.454193153696349050e+00	-3.593567792095799796e-01
9.448261913453608329e-01	1.416895457834715710e+00	-5.530612302443171924e-03	-5.770417261934769337e-01	1.949592442480123422e+00	3.642543150440757938e-01	-2.501897031231583024e-01	-1.423115088506221371e+00	-2.178309058513290264e-01
7.045230314879635802e-01	1.151623030440593221e+00	-4.794398960798219589e-01	-5.990565269753573840e-01	1.839620439545017971e+00	9.785012947850069143e-02	-8.834770059121563879e-01	-1.966840966474077135e+00	-1.060372469682483887e+00
7.419351577529239572e-01	1.132625743602087898e+00	-5.260296592992337317e-01	-5.183512515297875600e-01	1.831370441550573824e+00	-5.711451218370411365e-02	-6.790669324943287011e-01	-1.744601880328167098e+00	-5.708221337630997594e-01
7.313013709954900854e-01	1.069806181870843753e+00	-6.472721875799302138e-01	-1.637434629560277910e-01	2.113097000223480570e+00	1.626114045938398256e-01	-7.148719590485587139e-01	-1.736439426365329108e+00	-4.516935739496101276e-01
5.540178682445078273e-01	8.575472788495903664e-01	-1.026429130280539059e+00	-6.257855391614647322e-02	2.115349438070259769e+00	8.832361583676281991e-02	-6.097444170985979461e-01	-1.595522865768054910e+00	-1.037193022613066284e-01
1.222510157066026171e+00	1.397370370953866958e+00	-1.004871949552662014e-01	-1.058043369855630050e-01	1.954958026778007563e+00	-1.860227323884256767e-01	-7.192972485711837116e-01	-1.645154193950821409e+00	-8.794610647776315848e-02
9.705924255620469454e-01	1.116447628930103964e+00	-5.982212319728816841e-01	1.188050276893402868e-01	2.079203657462083132e+00	-1.148728548547767458e-01	-7.826479332859888061e-01	-1.647925027695064548e+00	7.014615065005891381e-03
1.200327424384513231e+00	1.263235035025451980e+00	-3.540076740307704917e-01	3.673697194026963597e-01	2.225248616421262149e+00	-4.630596481135618170e-03	-1.432221952277821897e+00	-2.178817721909472649e+00	-8.138429405532477956e-01
1.073508272132066566e+00	1.091243367666086650e+00	-6.634823491528827333e-01	1.173222545985423415e-01	1.826716929238611398e+00	-5.169481551222419036e-01	-1.038520922792734336e+00	-1.755592102894177220e+00	1.748837197692875225e-02
1.062642937995436077e+00	1.021184745708469732e+00	-7.935161517368520823e-01	2.976982552432381746e-01	1.889737621936564915e+00	-5.107465993083987188e-01	-1.218915687945467230e+00	-1.849072110111437350e+00	-5.182722718712756693e-02
1.237258130981134574e+00	1.114936441758099139e+00	-6.417398629889288220e-01	4.547196729977511787e-01	1.922014822118607968e+00	-5.421796098104207928e-01	-1.190058529614170135e+00	-1.746650162374364879e+00	2.194461123315057660e-01
1.057926492646733774e+00	8.918438737621962042e-01	-1.043582262163470276e+00	2.798478102708769066e-01	1.591072419045792330e+00	-9.519295778676832853e-01	-1.456618436488922530e+00	-1.906749967352139530e+00	3.715365103608669894e-02
1.423048850224733375e+00	1.151810619620148080e+00	-6.073899657369397076e-01	4.913855903418536952e-01	1.674916429111687810e+00	-8.955270521245369819e-01	-1.064012598584697544e+00	-1.460906826701433125e+00	9.025107092715928259e-01
1.131476699849077283e+00	8.254177161035695098e-01	-1.173638287551126869e+00	3.558912289902546044e-01	1.440304660463836317e+00	7.249244562680634552e-02	-1.340328174895935032e+00	-1.612041846117794330e+00	8.651648588224376546e-01
1.147467479482170205e+00	7.716689712603854723e-01	-1.267104508274356389e+00	3.975216141352531096e-01	1.384039143481233136e+00	-7.619994371731886318e-01	-1.452403676436044622e+00	-1.602329112297899094e+00	9.782606443086594439e-01
1.395107500908280507e+00	9.223297084446058225e-01	-1.018420873220905909e+00	5.739690283425180617e-01	1.438858401790052088e+00	-1.096127107906029963e+00	-1.213723735531384129e+00	-1.268277950336268445e+00	1.585736552891795714e+00
1.153158016506669714e+00	6.347661278931189255e-01	-1.534521289683157041e+00	6.373633856221861960e-01	1.352666890393439347e+00	-1.395447194432558380e+00	-1.641977188658220621e+00	-1.535757390858342397e+00	1.147757478863040692e+00
1.512389748795821776e+00	8.800752602645636191e-01	-1.127489539532370300e+00	7.453010988276507209e-01	1.304457360473130656e+00	-1.587187955598855504e+00	-1.592199097278078623e+00	-1.362811309692904649e+00	1.474934099716782132e+00
1.430941475550487452e+00	7.303916309287094011e-01	-1.403494978833055296e+00	1.149214184069240474e+00	1.571261321669648714e+00	-1.350555272136476415e+00	-1.662211130317692298e+00	-1.292679829744293407e+00	1.622219170408295774e+00
1.565841686419476186e+00	7.707906243523865442e-01	-1.344755628849990892e+00	8.454231163548644457e-01	1.066275091641285089e+00	-1.913477525400669954e+00	-1.505006211128483429e+00	-1.009590900542599590e+00	2.129817765253524620e+00
1.330442336644489743e+00	4.789644976797126086e-01	-1.856151799340885811e+00	1.013512063418076981e+00	1.070803107478734306e+00	-1.932379135181766960e+00	-1.629559963051311566e+00	-9.764285928912830315e-01	2.193090992162695763e+00
1.494321821992688593e+00	5.403138817851819153e-01	-1.746924474886662360e+00	1.516590981666882554e+00	1.436255567766369534e+00	-1.506627422231195723e+00	-1.875201477470679112e+00	-1.047278990987727143e+00	2.059582713713739466e+00
1.642128794776686940e+00	5.852509626692565803e-01	-1.654009397863594799e+00	1.801402690934434281e+00	1.565808588541365953e+00	-1.313871087910670088e+00	-1.909159347754207481e+00	-9.200601814489577368e-01	2.246111738638867372e+00
1.408121003176377783e+00	2.884363697256705494e-01	-2.141069180938223848e+00	1.378589297141140424e+00	9.299721817965319604e-01	-1.939173130795371680e+00	-2.044011207731045943e+00	-8.798611969486769269e-01	2.256321534052390554e+00
1.364465890105388768e+00	1.598911997151138964e-01	-2.317351764720171126e+00	1.225884171743538253e+00	5.907310128342642130e-01	-2.204199076991506967e+00	-1.826637190054852811e+00	-5.157779690844054299e-01	2.793000461395482414e+00
1.439434021293793498e+00	1.364170296348920508e-01	-2.290679476975341355e+00	9.454909793676575802e-01	1.196081586318185064e-01	-2.592350164412264402e+00	-1.874857239759510685e+00	-3.912295142965553363e-01	2.877817922508971726e+00
1.615764502788092694e+00	2.033804799561903798e-01	-2.085316213009513309e+00	1.418719097368463578e+00	4.712720366410756978e-01	-2.071957572670640069e+00	-1.599204582670401109e+00	2.809853226342123866e-02	3.432477807111547374e+00
1.562361146943500811e+00	6.675757982611615904e-02	-2.209869516556312696e+00	1.276686728262991899e+00	1.638567633373479715e-01	-2.237252190370139449e+00	-1.936780468831571067e+00	-1.120648950491792001e-01	2.976919343986417221e+00
1.364438242872560103e+00	-1.965955283728817449e-01	-2.527167716291760069e+00	1.587089733925456825e+00	3.564201518644211086e-01	-1.824124092209257864e+00	-1.826841380622791444e+00	1.506546766370321366e-01	3.172390985551163833e+00
1.661619782776567522e+00	-1.618896851936379999e-02	-2.052985776752266567e+00	1.727244230294723515e+00	3.745825609164952774e-01	-1.616340125567681696e+00	-1.698445000279409367e+00	4.239966066928012589e-01	3.351103601633190099e+00
1.517585671917521140e+00	-2.249798894494087209e-01	-2.233593084125071737e+00	9.096841864739670935e-01	-6.351312420657249103e-01	-2.533917334062431692e+00	-1.891908785472693255e+00	3.963769012444700590e-01	2.973574406201578313e+00
1.384926495717640149e+00	-4.191556686100660345e-01	-2.370875517660661291e+00	1.171863622869113275e+00	-4.628605637421845942e-01	-2.119519255199039609e+00	-1.865455120906947206e+00	5.586716907582178759e-01	2.897629222809121607e+00
1.543836111057427463e+00	-3.485104833481974529e-01	-2.033917674407269338e+00	1.046336577571940207e+00	-6.973512249380986461e-01	-2.138299469635729810e+00	-1.932808469411684493e+00	6.239762009804644682e-01	2.632707842653359886e+00
1.508543118720711673e+00	-4.450472703726858770e-01	-1.976410473286853930e+00	1.184480760888485529e+00	-6.313711870913651936e-01	-1.807323699772625858e+00	-1.737608906236318695e+00	9.151073125862924096e-01	2.745785068198531853e+00
1.221611207172729863e+00	-7.595112836944537538e-01	-2.291583949659483199e+00	1.577846580883808691e+00	-2.749837278998766843e-01	-1.160884335281901381e+00	-1.956431253814963300e+00	8.158014854456768772e-01	2.177516929988381644e+00
1.463689392465778782e+00	-5.965332677698533814e-01	-1.778579930910999529e+00	1.484022311292724439e+00	-4.319171201524003578e-01	-1.078077969838700190e+00	-1.645576982089700380e+00	1.183966000332985269e+00	2.425800884601975849e+00
1.577402130235283417e+00	-5.414112093640834900e-01	-1.453684621037217184e+00	1.386209472711497304e+00	-5.777350509491840924e-01	-9.831362332310380481e-01	-1.743688692125483941e+00	1.165653452854231720e+00	2.009207950233532713e+00
1.341780879534990145e+00	-7.908561682642404334e-01	-1.661797562186434485e+00	1.183652693479139595e+00	-8.227767169204140973e-01	-1.008361508634573633e+00	-1.667651128423695894e+00	1.291098184931622761e+00	1.854668022241441117e+00
1.591057139455632985e+00	-6.021431819349933878e-01	-1.118469745127261161e+00	1.438477621767018766e+00	-5.575154473910201025e-01	-4.807741580216400856e-01	-1.994926011300250490e+00	1.035506936103483433e+00	1.059738594602703365e+00
1.581309877679489828e+00	-6.379336028787174762e-01	-9.747291440909724436e-01	7.839059388511785409e-01	-1.263886589865812926e+00	-1.043338295680481309e+00	-1.655486875460267848e+00	1.372566829149436618e+00	1.313291033432191890e+00
1.327541789574247177e+00	-8.851509079783287381e-01	-1.209438165327864301e+00	9.737326464706755891e-01	-1.042247141113852971e+00	-5.905414456887749797e-01	-1.725096860983707847e+00	1.324593300192405954e+00	9.239910294523900891e-01
1.245862209980904023e+00	-9.735675870847244617e-01	-1.180739185158141691e+00	1.075789031541835694e+00	-9.038264862443626813e-01	-2.522658804486458961e-01	-1.524988901128160990e+00	1.509691905850378157e+00	9.634673742145605235e-01
1.343023378285896241e+00	-8.975153410457212821e-01	-8.794377567131608231e-01	8.120863337769432810e-01	-1.151040075531966300e+00	-3.657088426212156129e-01	-7.775252414885759356e-01	2.181203362706951143e+00	1.871004347047891203e+00
1.100760292552029451e+00	-1.118863956729952758e+00	-1.106839658134659565e+00	1.228502242488634710e+00	-6.519273884032195099e-01	3.292744489801276986e-01	-1.260332939974375233e+00	1.723310397073197997e+00	8.479096438402465852e-01
1.421598427085309035e+00	-8.342844019405775136e-01	-4.688734818393221482e-01	1.213914949189900838e+00	-6.115742749038626247e-01	4.937779266646538101e-01	-1.082037954132346158e+00	1.857075036563275106e+00	8.744596349951845315e-01
1.094751632808107278e+00	-1.122328089710518340e+00	-8.365992109928996889e-01	9.825542648906505638e-01	-7.987357389823440679e-01	3.864287163551181625e-01	-1.361845866515666081e+00	1.565466745528642178e+00	1.879464429009344850e-01
1.222469147606044970e+00	-1.001798464141367750e+00	-5.068614289935664541e-01	6.955795722439233053e-01	-1.040478758423398542e+00	1.929320720003565026e-01	-1.328733219183373393e+00	1.550557650814738286e+00	3.406397426685359164e-03
1.182211984291524409e+00	-1.027382409643645245e+00	-4.413260496854050086e-01	9.473358932471425131e-01	-6.939835874322328735e-01	6.342134213575307822e-01	-1.025344310740175624e+00	1.774365640059027083e+00	2.534623538181949853e-01
9.381404755646660654e-01	-1.231307783103723130e+00	-6.954310655543892716e-01	7.277684266632012955e-01	-8.548220339774613707e-01	4.916965558623145327e-01	-8.411554740177527023e-01	1.883459900082913530e+00	3.256001665648758925e-01
1.151474902229904007e+00	-1.025056649068180059e+00	-2.472389262624452577e-01	6.927210651481634507e-01	-8.132713036942440521e-01	5.600066087914181701e-01	-1.151991636694513321e+00	1.536802447847983144e+00	-3.725949612979240211e-01
1.106722744366305466e+00	-1.046034520947758395e+00	-2.018916082117502842e-01	8.627244375124764053e-01	-5.479197833329210177e-01	8.627222564301876284e-01	-1.093616695543796480e+00	1.521072707726505158e+00	-4.802146471590482690e-01
7.458565909813072992e-01	-1.346156481634946500e+00	-6.486329596043574064e-01	3.519963905579482910e-01	-1.019224373944407791e+00	3.360434225054287349e-01	-1.012179654995751132e+00	1.522144492374440716e+00	-5.418536834215477160e-01
8.444028150275554312e-01	-1.235043698706184578e+00	-3.888551340721370653e-01	8.235943382866361961e-01	-4.259932638031195817e-01	9.804967513601603457e-01	-7.214915550290760260e-01	1.709964486204632372e+00	-2.649839406180958812e-01
6.992716443020839945e-01	-1.338990541458519257e+00	-5.088076584650030876e-01	8.577436307755806899e-01	-3.071705723180941372e-01	1.089130264647711011e+00	-8.381842824084932975e-01	1.524330025411540168e+00	-6.198075500696822449e-01
8.220691361303537059e-01	-1.202632118464404876e+00	-2.186605083385175230e-01	6.711347215532469379e-01	-4.281413271884965677e-01	9.283168198504018198e-01	-3.755325087788582983e-01	1.863301704979845042e+00	-5.082147444910539713e-02
5.552267957656685793e-01	-1.411761705821432011e+00	-5.358097028457995403e-01	8.400406901345722765e-01	-1.642489311220485804e-01	1.201812712124351590e+00	-7.217425721071260014e-01	1.465071082970779592e+00	-7.424909824705543393e-01
6.130816502833574821e-01	-1.330548049793030208e+00	-3.562179838061870774e-01	4.762626245877138453e-01	-4.775173512674264487e-01	8.369319893449618242e-01	-6.040472708845260330e-01	1.487700255718495734e+00	-6.971111507069660540e-01
6.092425743743514754e-01	-1.303185273849159609e+00	-2.730190077793591130e-01	6.243273009004013385e-01	-2.368244955660705475e-01	1.070025569582272018e+00	-1.007059444541758553e-01	1.860137593141084400e+00	-4.231249777687151603e-02
8.895480143301316422e-01	-1.021762983633136335e+00	2.492382710458243833e-01	3.220902469268047685e-01	-4.858226600207210533e-01	7.401858887017467303e-01	-7.706512065712363135e-01	1.164643964883327332e+00	-1.234169739276317346e+00
6.222977460779183234e-01	-1.226903711760563453e+00	-7.312745488415928197e-02	7.471299677544700479e-01	5.004004360376032579e-02	1.261270468194172878e+00	-2.939999671905388356e-02	1.751722547736647151e+00	-2.035512761814480265e-01
5.300498907187137787e-01	-1.275185772575504695e+00	-1.250499828527739665e-01	4.935362725364093595e-01	-1.536449721653909695e-01	9.517910768927475562e-01	-9.991558680391657288e-02	1.599746790441219479e+00	-4.474333950782247160e-01
3.683118723656760851e-01	-1.384406223546699621e+00	-2.857244988953439591e-01	5.205186395977431379e-01	-5.759600310049126093e-02	9.724358826993078075e-01	2.357126415435781830e-01	1.816576881066018778e+00	-4.736061441723404819e-02
2.807133322893237692e-01	-1.426753153318940814e+00	-3.327283330709066567e-01	4.977262830970842766e-01	-2.005004936411862448e-02	9.235498649204039179e-01	-3.194334785712857339e-01	1.222846032529667948e+00	-1.047383178115883329e+00
3.303767007303892722e-01	-1.346031284954932294e+00	-1.672313676904572943e-01	3.702111154057043385e-01	-1.010712856789607039e-01	7.337306991907903697e-01	-1.945694087673113110e-02	1.406391878583434618e+00	-7.012622736253986133e-01
4.732845569354646176e-01	-1.181495076607050443e+00	1.414351692808958338e-01	7.073822230579364101e-01	3.147854363932448551e-01	1.071741592928289410e+00	-1.527733859620087897e-01	1.195368969341876753e+00	-1.035523415800586378e+00
1.635301988580231680e-01	-1.419312579640699123e+00	-2.495938852148554266e-01	4.820201799923931607e-01	1.139604038530774854e-01	7.193506892883344550e-01	3.799829545784375040e-01	1.589471904768939847e+00	-3.256764803620910143e-01
3.992343701015665935e-01	-1.170672293468488778e+00	2.032787266590881381e-01	3.566950159461048653e-01	1.306535523039756286e-02	4.576043697880221028e-01	2.069164786034605463e-01	1.340495757262221144e+00	-7.392430030614366432e-01
1.632639846953639340e-01	-1.341210716483374865e+00	-6.756745748988236822e-02	3.924841721033917041e-01	7.574071527606812682e-02	3.278834522444784572e-01	4.019280507196183461e-01	1.424184751970726248e+00	-5.877494488595269573e-01
5.494228626727207243e-02	-1.396916861623475725e+00	-1.308474162198595692e-01	6.254732816215938795e-01	3.365672184519415411e-01	3.522419466087191031e-01	-7.365487924731928260e-02	8.961861759377078851e-01	-1.472591196001430180e+00
3.371116814224273672e-01	-1.103510245975459103e+00	4.128088269922428610e-01	2.968405802775291313e-01	-2.681966945249519840e-02	-2.840031145927900402e-01	5.442711613238300217e-01	1.363243102560221187e+00	-5.874474541534928651e-01
1.987671407092063691e-01	-1.183466069636279538e+00	2.966619419554387682e-01	7.511887865728090752e-01	4.488640341339354412e-01	1.519616196054634494e-01	3.342575294321904478e-01	1.079376412847513178e+00	-9.849930369385059281e-01
-2.514523917899929017e-01	-1.540493025166709495e+00	-3.112309056106614680e-01	7.549982226658149553e-01	4.345439803519320909e-01	1.067392981793706258e-01	5.819064447101931492e-01	1.214104517266771488e+00	-6.564414852790675381e-01
1.396632871543891374e-01	-1.147895587765825232e+00	3.773866512203797874e-01	6.120729563699718323e-01	2.605895973035393665e-01	-6.669192363132944723e-02	6.422696501907357858e-01	1.180559663560631245e+00	-6.244374806262990019e-01
-1.413198748452501041e-01	-1.353409511662513776e+00	2.708699942427893192e-02	8.891889994844510703e-01	5.415887251327454743e-01	2.335836930250763110e-01	2.901894916733666063e-01	7.739544680042413916e-01	-1.240375348212335194e+00
-9.186445306151995449e-02	-1.264253521336033304e+00	1.889704607068199427e-01	5.114230607572070042e-01	1.143893957640383652e-01	-2.247981398742514014e-01	3.193358504011979404e-01	7.160479508189395714e-01	-1.252738993363206710e+00
-3.314250323540118837e-02	-1.166380827437572210e+00	3.665721159816913710e-01	5.617754991481451743e-01	1.516842293755363280e-01	-1.661007190528051847e-01	2.454302599576613786e-01	5.664051965125189714e-01	-1.422404645169797366e+00
-2.611241006456424540e-01	-1.323340711215746035e+00	1.011562384413647597e-01	6.398854829129665411e-01	2.185824699292451823e-01	-9.307124354459146709e-02	6.193743743277517755e-01	8.262249968280732659e-01	-8.803491443903087577e-01
-1.964492183702519212e-01	-1.219227143380807954e+00	2.879741438384503804e-01	4.069450389219366193e-01	-5.170215412360518181e-02	-4.092456941376023671e-01	4.873005340071754343e-01	6.281064418450011955e-01	-1.131330788701702561e+00
-4.057719160221068266e-01	-1.358636781274348060e+00	5.193023628524517932e-02	5.860185860602121766e-01	1.234668756208360807e-01	-2.202717013082102770e-01	4.871928791201343145e-01	5.522436127784835502e-01	-1.170987758235634946e+00
-7.022754734298908286e-01	-1.575191321955649926e+00	-3.182166183206412979e-01	8.352659109296495243e-01	3.729217295313104197e-01	2.353234042638591150e-02	5.856200002949863981e-01	5.682700720819080509e-01	-1.051574697378713896e+00
-1.893767154671271158e-01	-1.070499256071932637e+00	5.621218884956107331e-01	4.357798030720302362e-01	-8.301489131251263420e-02	-5.141954176661209797e-01	6.982880173642761479e-01	5.995279804415314384e-01	-9.059715257821572276e-01
-4.300689482320960155e-01	-1.236360181403686198e+00	2.794923574511544162e-01	9.304803438627513579e-01	4.283315627533705316e-01	3.213796206880847883e-02	8.352133910719914400e-01	6.550886642595973308e-01	-7.194280243692999788e-01
-5.511884058488706328e-01	-1.295204750096198509e+00	1.819456624743738815e-01	4.600296709473121193e-01	-1.082940652388851843e-01	-5.941230585828969346e-01	8.351296808713021269e-01	5.884123757511442454e-01	-7.428631130288133599e-01
-5.259078942878934182e-01	-1.223141920565211649e+00	3.110240702564923687e-01	3.994203635039009215e-01	-2.030397025988964210e-01	-7.278035652380719922e-01	9.884054796628000128e-01	6.636252416053527448e-01	-5.209435995759899019e-01
-5.645561255842006521e-01	-1.207426761364950529e+00	3.427075494590715032e-01	7.372780234534244137e-01	1.320883354809642696e-01	-3.759471146560557364e-01	7.945864114537841694e-01	4.255871992071277865e-01	-8.416869427779090085e-01
-7.195165188423042757e-01	-1.294669894125631382e+00	1.955209170389588247e-01	8.748878315430190789e-01	2.479459718127483558e-01	-2.807954203266103121e-01	7.521477624717182175e-01	3.277027333149555299e-01	-9.199611118302550850e-01
-7.040535987550105013e-01	-1.229529625544973248e+00	3.119165698916095408e-01	8.490738974764601155e-01	1.834770293595477109e-01	-3.898112388715903598e-01	7.597732007060953308e-01	2.779156609000185130e-01	-9.143233556462988521e-01
-6.041416584916698973e-01	-1.088509090151139613e+00	5.608101425073641622e-01	1.042136871358715133e+00	3.536384829331489232e-01	-2.376714327131628224e-01	6.975504140091116634e-01	1.670971394536432120e-01	-1.016583580873881454e+00
-7.838678435418147128e-01	-1.195780008341627010e+00	3.786242173452556425e-01	8.279917478187480695e-01	7.921345656137446234e-02	-5.743068616521573855e-01	7.054665943052373933e-01	1.225816453996912969e-01	-1.004420568957288484e+00
-6.397481386578406370e-01	-1.013907223492078957e+00	6.980490571284141410e-01	9.422342852015802572e-01	1.578548434321952743e-01	-5.112968361518606120e-01	1.082481287384129853e+00	4.163280338674644754e-01	-4.064858947926100474e-01
-8.587658693692823419e-01	-1.154575034390610266e+00	4.584673897044982405e-01	4.490051243911025169e-01	-4.231241556240480373e-01	-1.159492285311860105e+00	9.658568812004000304e-01	2.637697196581920145e-01	-5.810809834175489907e-01
-7.592867977648608546e-01	-1.010714300250038944e+00	7.133995317755092991e-01	6.820006362061027394e-01	-2.160099065747856928e-01	-8.809693797350167666e-01	6.954648662790824387e-01	-2.588449099296166733e-02	-9.933389830312865376e-01
-7.182236969542160621e-01	-9.178537157804329549e-01	8.810042831008952913e-01	4.786203050200052989e-01	-4.773371874311020946e-01	-1.073356037586843392e+00	5.644224842815821486e-01	-1.858510218890639387e-01	-1.176368991648040652e+00
-1.163189562870027949e+00	-1.256690614529272221e+00	3.003446696215830158e-01	4.503973012195634507e-01	-5.417049701406082551e-01	-1.010436122391817682e+00	1.002206476543431313e+00	1.748048246174045695e-01	-4.547615611027800986e-01
-7.797332244425958514e-01	-8.566125741810031169e-01	1.002523352933933687e+00	6.162707958408227826e-01	-3.882091993560620180e-01	-7.262242587473685118e-01	7.913077225825775329e-01	-5.099004887541680464e-02	-7.480544168429776875e-01
-1.005572043723807152e+00	-9.978182812146347835e-01	7.650228509338170557e-01	9.095371013952866512e-01	-9.166740183893232197e-02	-3.239831006105927669e-01	1.142113879921922148e+00	2.376611976944660864e-01	-1.520682587564802790e-01
-1.195901384793115918e+00	-1.106112331774239177e+00	5.821208240084916330e-01	5.493729034423064927e-01	-5.009278281213875861e-01	-7.499853271481595751e-01	1.370925464415041928e+00	4.190320951761946078e-01	2.565135955057273320e-01
-1.075550002039761921e+00	-9.364657256987158895e-01	8.797395964399041812e-01	7.614437546446485294e-01	-2.892233645444358126e-01	-4.905524535883281079e-01	7.970166660133159997e-01	-1.261515150715052103e-01	-5.995267384043647674e-01
-6.919656551627324514e-01	-5.310899816465413092e-01	1.585159476468412487e+00	4.066097471584421141e-01	-6.922188400633852989e-01	-9.148480877640365883e-01	9.214532286484415913e-01	-3.277340985351234748e-02	-3.531457390590335144e-01
-1.187382792276362231e+00	-9.070893384618817779e-01	9.337470177705761154e-01	5.466367028017516949e-01	-5.593314221163594446e-01	-7.816569951307754671e-01	1.038606291436094065e+00	5.738531924880659052e-02	-1.172160997856563358e-01
-1.042919366603289655e+00	-7.118559137383984048e-01	1.272461937640426033e+00	5.666713211155394170e-01	-5.571475613299951002e-01	-7.654636121494496903e-01	9.398624684323196865e-01	-4.553034018576538472e-02	-2.179868962965167134e-01
-9.346647174482252129e-01	-5.474466967177665788e-01	1.554592302040092688e+00	6.757842691931794654e-01	-4.570082393989902680e-01	-6.219252273534322528e-01	8.836143492538255373e-01	-1.063588320971180640e-01	-2.475656511002555515e-01
-1.276622700650198228e+00	-7.825493737586581844e-01	1.140250105847487649e+00	3.663937517996763149e-01	-8.110580856805488237e-01	-1.018442347206666820e+00	1.165014602875255711e+00	1.432481862199424250e-01	2.552212597767429814e-01
-1.093096731782358333e+00	-5.483540994489770615e-01	1.536456594654524999e+00	4.334638995593911859e-01	-7.568375690597215488e-01	-9.233035261097828350e-01	1.042881388548720700e+00	2.916887309470136969e-02	1.260647779835590843e-01
-9.691035359692099505e-01	-3.658842831759287484e-01	1.838454846625714678e+00	2.766182669250827342e-01	-9.433654226233905149e-01	-1.083831160242366920e+00	1.059167787886611478e+00	4.426626874527578304e-02	2.135111896001901655e-01
-1.112480354317903153e+00	-4.202508365530721601e-01	1.725816811658635874e+00	4.606398352976901478e-01	-7.579579787010543024e-01	-8.312391515522247198e-01	1.135231702353429295e+00	1.168308387846617585e-01	3.950937812403194638e-01
-1.626364151935418612e+00	-8.034165042184789884e-01	1.036151386474728930e+00	5.758065111753321030e-01	-6.466182122677966992e-01	-6.765950416721564498e-01	9.533563194483689607e-01	-4.230434972973606822e-02	1.677365373437251783e-01
-1.220794791800928314e+00	-3.668295332168456380e-01	1.762768307351546770e+00	4.522068542717767037e-01	-7.926228470086277289e-01	-8.045619139419117882e-01	5.626632729199618765e-01	-3.888256361368913616e-01	-3.936733463049206794e-01
-1.310246999938796675e+00	-3.702932658956994971e-01	1.716047894054308243e+00	2.565702337761082141e-01	-1.016556491750830293e+00	-1.018992697377518519e+00	8.665693586349836330e-01	-1.012337378209817451e-01	1.371982296101888488e-01
-1.168773950281062346e+00	-1.676454679437706929e-01	2.017747208919573154e+00	1.547961550097113059e-01	-1.135330107634546559e+00	-1.083612501178919496e+00	8.764235923630296909e-01	-7.897623884502802394e-02	2.002513673726142585e-01
-1.318083055750537858e+00	-2.237496437835683194e-01	1.860447558569686022e+00	-1.389058969893716966e-01	-1.458808668313480883e+00	-1.375021463684449996e+00	7.502214854244640962e-01	-1.787485411779410061e-01	4.224219241602825137e-02
-1.499208461985232610e+00	-3.083705851648528840e-01	1.641472312177376880e+00	-1.550101022862236666e-01	-1.477936283146650709e+00	-1.317519831281950493e+00	7.610754259436729452e-01	-1.524753443120755447e-01	9.478545489760417664e-02
-1.575886756062933269e+00	-3.005711110197318847e-01	1.571511514398512110e+00	2.841156171667066910e-02	-1.276212601588957218e+00	-1.006941122150929013e+00	1.029962556835488652e+00	1.092907454601999284e-01	5.417144765085257774e-01
-1.326325620993842991e+00	-3.251435974813865482e-03	1.991722696969157935e+00	-1.494439743316440250e-01	-1.461651331406205401e+00	-1.129382225158456432e+00	8.271449248426251399e-01	-5.767693233080199711e-02	2.360153387266842873e-01
-1.502877361687812607e+00	-8.682174117725915963e-02	1.738601986349926021e+00	1.470844447328598092e-01	-1.128352162351596188e+00	-6.670953787504192434e-01	9.572247832895827147e-01	7.790860896569531957e-02	4.447854004250957893e-01
-1.455139460628512404e+00	2.741878623292906547e-02	1.815903598164370969e+00	5.236537879965968978e-02	-1.213698980399863459e+00	-6.622042087898134533e-01	1.089546071905598046e+00	2.148068893359084686e-01	6.465906467236062216e-01
-1.693557931977220710e+00	-1.154893529663559293e-01	1.437421429019094754e+00	-1.402120158146352713e-02	-1.262800889391961556e+00	-6.213738499883920685e-01	1.254705122926837113e+00	3.802178563706765657e-01	8.876030598568882546e-01
-1.533120118108555197e+00	9.400079106230434245e-02	1.658034723295093382e+00	-2.841044495005630166e-01	-1.526995825603617130e+00	-8.051295469352834910e-01	3.889855272668130137e-01	-3.935678841401032413e-01	-5.020903806322287721e-01
-1.428108665784374676e+00	2.508888068741150779e-01	1.777030975675414570e+00	-4.181773843486740194e-01	-1.636999756120841143e+00	-8.076422790017585562e-01	8.304528614867739966e-01	1.946561603323763989e-02	1.581403031916840118e-01
-1.529418839355528803e+00	2.204198591110291261e-01	1.562833653153472113e+00	-4.756267076768288526e-01	-1.656936331249228678e+00	-7.092292336491310412e-01	8.467350383193180674e-01	4.339014330830053001e-02	1.404118358776804409e-01
-1.419779770496767624e+00	3.738138076262959020e-01	1.660353834501598902e+00	-3.127347363409821446e-01	-1.430844783267266829e+00	-3.347103215033910839e-01	1.067854731652587708e+00	2.509031267289705269e-01	4.381393905989170445e-01
-1.220635173144253294e+00	6.026294406049765850e-01	1.883764102951047237e+00	-4.721692517778383058e-01	-1.546655274279599812e+00	-3.419620806120297618e-01	7.575698947943869666e-01	-2.781925970834359108e-02	-1.070639355161426415e-01
-1.321101865979470436e+00	5.601266034112875047e-01	1.632632011821104845e+00	-5.642335577978551120e-01	-1.582169322707738912e+00	-2.603530731233479334e-01	8.130548753377097038e-01	2.310715012276182145e-02	-7.840622593231034998e-02
-1.211641664962697984e+00	6.998457773586085340e-01	1.696535253783810315e+00	-7.936923446113712810e-01	-1.758679022593607977e+00	-3.333001747570849549e-01	7.821859637155393896e-01	-7.636332048256630478e-03	-1.913948169776851504e-01
-1.177243167842543459e+00	7.679677787247345400e-01	1.638410163588570612e+00	-8.291329779890340701e-01	-1.718024874851185713e+00	-1.823208431800517892e-01	1.139449827501772150e+00	3.114359385822684789e-01	3.056513824629530918e-01
-8.749405030434757036e-01	1.069901460236090340e+00	1.988984548476466108e+00	-8.898898644921054979e-01	-1.698243959271540593e+00	-5.928596416275717929e-02	7.723342095355864023e-01	-3.139476069909559464e-02	-3.382639549737357365e-01
-1.216508614516597753e+00	7.937547316670682251e-01	1.340593449460132591e+00	-1.007340918165970933e+00	-1.733486146549138462e+00	-2.491952247337114734e-03	6.457018932664668753e-01	-1.584606395081117058e-01	-6.021498290487948823e-01
-1.146352957073664136e+00	8.795987461203615965e-01	1.325453996357934150e+00	-9.623089380463621945e-01	-1.586543962511038464e+00	2.502157661472757533e-01	7.388941331095806309e-01	-8.837055296873518040e-02	-5.175914427797523309e-01
-9.864562506219731741e-01	1.040836432918774479e+00	1.447567375321739735e+00	-1.222707526783071152e+00	-1.764818424241894057e+00	1.321543410488562331e-01	7.323092910742184936e-01	-1.115842274089034747e-01	-5.872251708521809554e-01
-1.183802640244112414e+00	8.795871757195964369e-01	1.017174449090883837e+00	-8.513149729027980062e-01	-1.253145958172723784e+00	7.749487516018394029e-01	1.125095459699792189e+00	2.260840373678578707e-01	-2.545408084690548023e-02
-8.726620479689630727e-01	1.166980180486741903e+00	1.373123103035344350e+00	-1.482987626788182300e+00	-1.823903384958838636e+00	1.947233763535042850e-01	1.212487030123741372e+00	2.839015778903966614e-01	6.097995332561240156e-02
-1.185696475383753556e+00	8.945506323210634658e-01	7.644988700053034769e-01	-1.235954895920051477e+00	-1.438185063617438031e+00	6.785754376007669952e-01	1.248936329474304330e+00	2.936253343176944974e-01	7.179409400400338370e-02
-1.095726786728296931e+00	9.771871612877719437e-01	7.797897005693316119e-01	-1.159493491855093872e+00	-1.233379968375972524e+00	9.502422601729276774e-01	6.737838076298970913e-01	-2.544093447397527963e-01	-8.762332885952429651e-01
-9.621900392764672905e-01	1.095030462361665569e+00	8.641223792839126672e-01	-1.146252208416782992e+00	-1.093896494937357522e+00	1.135841163749058635e+00	9.207919857669293329e-01	-5.596196605142696179e-02	-5.242286190819728242e-01
-8.792084193860809638e-01	1.164479266073580987e+00	8.723163938025111364e-01	-1.545416214930294796e+00	-1.398653440640295731e+00	8.168622323797759543e-01	9.517929458901791540e-01	-5.495746123403243144e-02	-5.071458480076848074e-01
-8.036438469085895875e-01	1.224158278090399676e+00	8.708217717594385343e-01	-1.459560662593159863e+00	-1.175838061778463173e+00	1.076507340443855432e+00	1.114809144318176681e+00	6.542250538622894351e-02	-2.759189397931881560e-01
-8.474814407609565503e-01	1.174554881936315187e+00	6.876798046631610317e-01	-1.525751129380786608e+00	-1.116679279778172384e+00	1.118799852615704360e+00	8.866332860495286239e-01	-1.706603620749062300e-01	-6.652537832858643752e-01
-9.072908438192468505e-01	1.108010162576548829e+00	4.828324068539194824e-01	-1.726791460975057202e+00	-1.206041551966834824e+00	9.724949358123557985e-01	4.928731066563384888e-01	-5.582393858832894740e-01	-1.307872622711229837e+00
-8.120636148309205993e-01	1.177000885772229388e+00	5.196549746842353823e-01	-1.812279462913940931e+00	-1.169666767330804324e+00	1.005089076804279502e+00	1.183067443846744560e+00	4.012475309299814996e-02	-2.266562966025053028e-01
-9.838992203625105404e-01	1.005839807990838830e+00	1.463266411018110946e-01	-1.690217680300978298e+00	-9.071486710194505143e-01	1.287627767879194307e+00	5.792954874553404299e-01	-5.378901163365890081e-01	-1.180320597362708446e+00
-7.723989573043877899e-01	1.173870303481167721e+00	3.670275286765762313e-01	-1.932237227788063727e+00	-1.040190118838523414e+00	1.068146227049918906e+00	8.733841827132458047e-01	-2.992932027082979562e-01	-7.371034340195620205e-01
-5.741500070030888248e-01	1.328124488770327405e+00	5.705680639113013264e-01	-1.969590822550812304e+00	-9.594561590991432798e-01	1.029854467635542781e+00	8.757592237152074244e-01	-3.269774038787405246e-01	-7.411400092117620408e-01
-6.601488492877843894e-01	1.227420775667342312e+00	3.358110849799863518e-01	-1.865122553762850188e+00	-7.242156101112708910e-01	1.313107364452997361e+00	9.040692118232163121e-01	-3.293814233112841161e-01	-6.637745979659601669e-01
-4.179634410653804144e-01	1.417261461912006304e+00	6.100392505905729568e-01	-2.321507377427560748e+00	-1.095140484291099225e+00	8.695081189992798221e-01	6.499949811807032019e-01	-5.872964136313367778e-01	-1.049424508509236853e+00
-5.959470768284564901e-01	1.231344529432243595e+00	2.356906827181447783e-01	-1.754023702303590948e+00	-3.580695208341110880e-01	1.637910964566338112e+00	9.786389900749458137e-01	-3.142733700694820831e-01	-5.122174286582718006e-01
-4.910613467181820790e-01	1.295871019130105939e+00	3.022881028778987567e-01	-2.072857902124657148e+00	-5.916173524846719545e-01	1.167155444729265801e+00	4.340470877335226296e-01	-8.369638166011692526e-01	-1.394968621957647148e+00
-4.952021088800354076e-01	1.262019112618686822e+00	2.011080926650932743e-01	-1.877562993111548284e+00	-2.683031547210470436e-01	1.566434707051677311e+00	9.213411205468369225e-01	-4.182403507372230989e-01	-5.520973551368776322e-01
-2.122450167820242040e-01	1.482594823010328744e+00	5.440115348086997926e-01	-2.236022872664988448e+00	-5.405596953708353691e-01	1.261925074681272907e+00	9.604442319797650285e-01	-4.047349634869442658e-01	-4.557982501425014710e-01
-5.694795927115660072e-01	1.131877154592622725e+00	-1.028738095622263038e-01	-1.747305322250476189e+00	1.049452686509487476e-01	1.947782772720060507e+00	5.393598509354976533e-01	-8.084728126272376914e-01	-1.084027807524714060e+00
-5.870181996998727891e-01	1.082503314567558217e+00	-2.243339517124207372e-01	-1.830437148716859808e+00	1.295448686103461700e-01	1.912171953413555503e+00	8.298433635214709225e-01	-5.636100827711318928e-01	-5.851326676254393622e-01
-1.740667352713833882e-01	1.415537721840509855e+00	3.277648985869578979e-01	-1.968673634006797180e+00	8.701057647298765518e-02	1.672713717921343157e+00	5.924253057948885015e-01	-7.993182155180188486e-01	-9.296185372030925098e-01
-2.329031565027205875e-01	1.327846481485852159e+00	1.522972859201963125e-01	-1.806294822450268400e+00	3.635884197741880985e-01	1.888313787675916844e+00	1.777889118351163589e-01	-1.192682328896227606e+00	-1.519423421118655249e+00
-5.521432235926106991e-01	1.007361721625462447e+00	-4.331920137541270810e-01	-1.952640249105094483e+00	3.021430899017724103e-01	1.728324936732201111e+00	3.312283795216869331e-01	-1.067375513286644040e+00	-1.219111521836001799e+00
-4.548038849326041522e-01	1.056875807841890724e+00	-3.759936833478206286e-01	-1.659075998830313203e+00	7.124080993463737244e-01	2.066339645412601289e+00	6.331195120648086538e-01	-8.052267325221843519e-01	-6.857912442179484591e-01
-3.338596023649990086e-01	1.126521490123203684e+00	-2.808430253887356232e-01	-2.021507796405138446e+00	4.055632189817168776e-01	1.589347243907197171e+00	6.485164741505943242e-01	-8.019915944599721458e-01	-6.039320749450287629e-01
-1.061190437365907013e-01	1.290391553302476568e+00	-2.203090720540608338e-02	-1.756926259166469828e+00	7.717750825866990239e-01	1.866382279796452659e+00	2.071224499576848066e-01	-1.212598339803359293e+00	-1.238749773406110810e+00
-1.676255160211143902e-01	1.195816565873652149e+00	-2.104296882942570113e-01	-1.961972524621796055e+00	6.219075252448208468e-01	1.548713507125839328e+00	4.570557988521533055e-01	-9.928321277861705818e-01	-7.810880281049741303e-01
3.254379729732462811e-01	1.594231513348789875e+00	4.580268977144421605e-01	-1.732140522993890652e+00	9.349297825353204416e-01	1.737153959544041726e+00	2.624595043799968774e-01	-1.175573422191278361e+00	-1.014291329437942091e+00
1.353891864230677144e-01	1.383463913513861110e+00	6.872386718356150725e-02	-1.712379857682780893e+00	1.013499812850496840e+00	1.684650206293099473e+00	3.821511415774968001e-01	-1.070244642119633660e+00	-7.488795103548753218e-01
4.225581347653954989e-01	1.596829180159263561e+00	4.190197053287212370e-01	-1.663712846717656069e+00	1.113270476799764985e+00	1.599570840017633166e+00	6.442230034952366458e-01	-8.337916634092419343e-01	-2.628101065140923120e-01
3.183061506742663749e-01	1.460902519612187866e+00	1.653571246275481743e-01	-1.526103705715949888e+00	1.297722559723675229e+00	1.598467956956230784e+00	5.540365982344144236e-01	-9.157354261118048067e-01	-3.171034071135849230e-01
9.493656625282825834e-02	1.218132848641869659e+00	-2.741841023476352390e-01	-1.401821903443663198e+00	1.457071643246160564e+00	1.569156564460038483e+00	5.487701010064813811e-01	-9.184572420972507700e-01	-2.487163205471664140e-01
3.212184462749295144e-01	1.375020747918904052e+00	-1.855275725166169454e-02	-1.354402317580640558e+00	1.520776507080102702e+00	1.430729250971300104e+00	-4.821061449955788003e-02	-1.457390486393145501e+00	-1.092680261644807471e+00
4.506014693801152493e-01	1.444903643490505818e+00	8.828062438301702286e-02	-1.481606769601587992e+00	1.384662566068814105e+00	1.089684230220586025e+00	-1.002585128929004976e-01	-1.498415213238058374e+00	-1.075663253423396304e+00
3.292479255347875444e-01	1.290838382626997571e+00	-1.924295803367307156e-01	-1.695459344464101292e+00	1.146164612505627955e+00	6.885211241187279008e-01	-4.570640107265268315e-02	-1.439952838198470308e+00	-8.911976223681202791e-01
4.463993816693230809e-01	1.348545444207351673e+00	-1.032621965700184774e-01	-1.181916837177473312e+00	1.691504713665671789e+00	1.241036430853903916e+00	-2.213838662695630788e-01	-1.587163347665912383e+00	-1.037773394760379553e+00
5.435452271318754747e-01	1.387907708258996564e+00	-4.173347712230586481e-02	-1.055661663863953326e+00	1.818185402765715830e+00	1.407149294730726918e+00	-1.913853293969885183e-01	-1.543276016480353841e+00	-8.360061322885347090e-01
3.507460905047207200e-01	1.168556964043187207e+00	-4.301820935408722235e-01	-1.099226279145070206e+00	1.759587804264692634e+00	1.240876367317852447e+00	-1.025981190360261142e-01	-1.443636548240127437e+00	-6.017722483892228302e-01
7.461277632310455710e-01	1.472403724347889131e+00	8.866351890500018262e-02	-1.031631005618692365e+00	1.812050208585032518e+00	1.116247218831146748e+00	-2.688538105137253109e-01	-1.574862459656003688e+00	-7.715125932957140886e-01
4.294653550547904430e-01	1.141533550543824216e+00	-4.953185609401590250e-01	-8.550365075799214454e-01	1.971135482719814203e+00	1.082954981415900519e+00	-5.106997991232908873e-01	-1.773544887820001081e+00	-1.052494591111091449e+00
8.188752386102013947e-01	1.438628919424058017e+00	7.410971853252096286e-03	-7.964691896223817791e-01	1.988254540214223098e+00	8.589424206381186533e-01	-3.559559919893591218e-01	-1.609774777548291791e+00	-6.952133126926657303e-01
7.697257598317829297e-01	1.344273292387707652e+00	-1.709577118691338604e-01	-6.305964246523317884e-01	2.107727714594119117e+00	7.811424530179686965e-01	-2.751963384688578818e-01	-1.510542428771821211e+00	-4.308241925436524511e-01
8.308678310388790678e-01	1.347169271224618381e+00	-1.797401532489251441e-01	-6.891959016776538771e-01	1.974086004685042361e+00	4.810785703470891184e-01	-7.941481542258692627e-01	-1.953207508468838283e+00	-1.099393962004886260e+00
9.718249425455629531e-01	1.420171743943759335e+00	-6.583236904797312716e-02	-5.655937135383926062e-01	2.027288575260241643e+00	3.615050591860742291e-01	-6.932084702514865748e-01	-1.828285578159450031e+00	-7.811809331462087336e-01
1.090045667932620255e+00	1.471959830150557647e+00	1.284185648858177098e-02	-4.516832384309801829e-01	2.061148132492862217e+00	2.745508965490752740e-01	-4.524555615232563888e-01	-1.572177238939212796e+00	-2.355359158693111077e-01
9.528438650955226574e-01	1.295339605470191113e+00	-3.035901937763242353e-01	-2.457219750038646400e-01	2.188194820103447125e+00	3.116676444527660683e-01	-6.838627590900263620e-01	-1.741285438397207175e+00	-4.270858803366970879e-01
6.536890780735116202e-01	9.735128855787862356e-01	-8.713706801961650372e-01	-4.549470645207043251e-01	1.857978892948399796e+00	-1.691750677772217437e-01	-6.257879016426532992e-01	-1.642758090197791621e+00	-1.566489645259935004e-01
8.169448186113099641e-01	1.062402211977497402e+00	-7.270125961929114755e-01	6.229497237417752631e-02	2.307279771670749380e+00	2.194412485791735201e-01	-6.211851396033670758e-01	-1.588353872372140874e+00	3.721489671850194969e-02
1.137714399473794824e+00	1.290434754362830949e+00	-3.415526554372049217e-01	1.048653899754333485e-01	2.236433695608073258e+00	5.164338719313146808e-02	-7.890921771536871798e-01	-1.686090770756033974e+00	-3.240825381029027730e-02
6.734886279279301835e-01	8.182359341586664669e-01	-1.171047875557023943e+00	-1.322182581256839684e-01	1.857178810502690069e+00	-4.509280558127914951e-01	-1.295320525154453728e+00	-2.086491523270920467e+00	-6.262357330131416155e-01
1.206313505916420059e+00	1.232579291632261542e+00	-4.642843269496441660e-01	1.140790635256967722e-02	1.884188108430723929e+00	-5.091032769301948591e-01	-1.077496806384973249e+00	-1.823020934664534298e+00	-6.912073049542404035e-02
1.182515107743588922e+00	1.149847597817842404e+00	-6.187755660604746799e-01	1.886667225622311039e-01	1.941630718737129335e+00	-5.365112080137992567e-01	-1.059139033723906609e+00	-1.735366337356858191e+00	1.803091804620376437e-01
1.151643600813526014e+00	1.059419224061771470e+00	-7.855464211632718907e-01	4.505820022330896402e-01	2.084876834565982495e+00	-4.447725146609746716e-01	-1.519357148378282840e+00	-2.077224316877270383e+00	-3.162169747816378496e-01
1.319740848371818265e+00	1.144496405032172648e+00	-6.533594983958660452e-01	3.507845325952848592e-01	1.831570711799350049e+00	-7.872662058159523024e-01	-9.279889906325740068e-01	-1.456382004707704958e+00	8.582068468992795074e-01
1.413678966034333406e+00	1.161679267383385783e+00	-6.400858889521627848e-01	3.733998835831625063e-01	1.706067994217360440e+00	-9.783216560500236358e-01	-1.139312439169497537e+00	-1.558871705284709641e+00	7.790176375113846419e-01
1.198074204104677243e+00	9.015656616385664401e-01	-1.091581288957680362e+00	9.101731401793446974e-01	2.194986716861807796e+00	7.825062904248745177e-01	-1.354038733657810578e+00	-1.652418522872405315e+00	8.570059497380407842e-01
1.282113644873938529e+00	9.070403317461864789e-01	-1.081927697490124407e+00	1.177412969253269770e-01	1.225394713419707848e+00	-1.149041515788261192e+00	-1.231451566151496202e+00	-1.426978347493036203e+00	1.350990544280122885e+00
1.542470881791274007e+00	1.067578345481933422e+00	-8.175573793583352789e-01	9.006638426855748669e-01	1.924516926866906896e+00	-7.948302723451328156e-01	-1.688104026196178165e+00	-1.722852170001826888e+00	8.677591490864747792e-01
1.210873279709043571e+00	6.986229780893803420e-01	-1.476790764925746791e+00	1.062797382962235027e+00	1.931534882152265098e+00	-1.005785606098259954e+00	-1.907893370319112325e+00	-1.798147432252947597e+00	7.629468658237714696e-01
1.365523391644485995e+00	7.600642440625312579e-01	-1.391198185179047364e+00	9.063056670087868971e-01	1.582380163449532251e+00	-1.538108655367637523e+00	-1.619569437205704565e+00	-1.405485898930040500e+00	1.472366687651448958e+00
1.479175029798543539e+00	7.822780382353909934e-01	-1.371336822799207100e+00	1.037397221390484958e+00	1.539116349398895744e+00	-1.644138938332127875e+00	-1.545292348599250243e+00	-1.201124073494465705e+00	1.854211379165514595e+00
1.462852954684487061e+00	6.860296658525834035e-01	-1.552053499446758522e+00	9.116481659145274641e-01	1.212644281355126807e+00	-2.002537487652763293e+00	-1.740860619539985388e+00	-1.235595120636271860e+00	1.814166713081702742e+00
1.763947890258142026e+00	8.698339032812134608e-01	-1.239267639404003862e+00	1.381588317961545131e+00	1.530146929756051710e+00	-1.667561389071682942e+00	-1.903996480883694886e+00	-1.233991978818234525e+00	1.823533864012123029e+00
1.385049741230580667e+00	4.456265721538812952e-01	-1.973447719620417651e+00	1.259849253303196859e+00	1.204299003586209782e+00	-2.007496146066445331e+00	-1.639671856550978246e+00	-8.372784710129435037e-01	2.500398253675188087e+00
1.562213700519693438e+00	5.143901336707830119e-01	-1.839365012815943334e+00	1.304451441192607364e+00	1.059552735593363604e+00	-2.102194880194885762e+00	-1.840889581202956427e+00	-8.582326744068425883e-01	2.429625497171846504e+00
1.327526295077232632e+00	2.146078579068517456e-01	-2.330420891567888564e+00	1.165156817429316316e+00	7.175599436643961271e-01	-2.405992583000651663e+00	-2.013925063470205945e+00	-8.486899751437899653e-01	2.384360000443843663e+00
1.422382357225075555e+00	2.070065450964270748e-01	-2.295157652824211247e+00	1.226523729504180649e+00	5.976260921312613883e-01	-2.421386948841731446e+00	-2.091344453564748740e+00	-7.485332679239171672e-01	2.460330276941817829e+00
1.596341841400873873e+00	2.693073009883801827e-01	-2.116337126007547642e+00	1.583644596114466285e+00	8.061207060341317732e-01	-2.015629926170226849e+00	-2.118297098077218443e+00	-6.004848418273519561e-01	2.580155141970671195e+00
1.362379899769190494e+00	-3.139005565677323306e-02	-2.544194436592811748e+00	1.433647187084530428e+00	4.713980616182554817e-01	-2.253229648937657981e+00	-1.663593131728809738e+00	-1.430772568485189078e-02	3.415464421760979974e+00
1.798127889522929346e+00	2.654151986387716655e-01	-1.910376040631582395e+00	1.477691349608484028e+00	3.551904165125931434e-01	-2.193754376846866361e+00	-1.856134642627613296e+00	-1.887602837960979107e-02	3.183683407495391027e+00
1.409923105441901692e+00	-1.693950701936474679e-01	-2.518918282545453469e+00	1.201049183900069872e+00	-9.802991517038237013e-02	-2.479855750235339773e+00	-1.717308775358209028e+00	2.735045266818109111e-01	3.419437611750307582e+00
1.692053321956638934e+00	-4.172686012686971369e-03	-2.062859268024104242e+00	1.155964755378515729e+00	-2.893687814446985751e-01	-2.487339044269844202e+00	-2.005843642778379010e+00	1.704982473439841939e-01	2.932321786454392232e+00
1.589688686238720283e+00	-1.773748108919346311e-01	-2.172733488328960405e+00	1.528196821410639838e+00	-1.844770832941013128e-02	-1.984756038805676193e+00	-2.222214264797421457e+00	1.242656756854879085e-01	2.507596556240104135e+00
1.378655582664446211e+00	-4.425723102999846725e-01	-2.424094014239071448e+00	1.312719133764564727e+00	-3.708672135045628648e-01	-2.126224767869287824e+00	-1.717764240738240522e+00	7.229168349553686257e-01	3.173407885897714387e+00
1.533054346286976122e+00	-3.768897023159262227e-01	-2.086923270260872876e+00	1.257007762685488528e+00	-5.359411122703969799e-01	-2.050155435392040371e+00	-1.488598900799799063e+00	1.058895878597012175e+00	3.363263622650128681e+00
1.363302796190916544e+00	-5.938286570361406280e-01	-2.230014512031052387e+00	1.864048716171670339e+00	3.287010277137580871e-02	-1.142388498773453165e+00	-1.857856113188027125e+00	8.370435288512086958e-01	2.574861931480092458e+00
1.626007172970829640e+00	-4.192193356480317101e-01	-1.687822724388118534e+00	9.995136695998432241e-01	-9.781177484397604038e-01	-2.002339596823581314e+00	-1.702689919335594215e+00	1.077611463120531132e+00	2.582376745364217463e+00
1.366659393078522466e+00	-7.028371088057024929e-01	-1.941737609598016334e+00	1.524872757515875588e+00	-4.676350520964023261e-01	-1.163931334447273480e+00	-1.876726197371606508e+00	1.003886576758657778e+00	2.054149249355641249e+00
1.572030854793498911e+00	-5.659576177026386379e-01	-1.469449313424952885e+00	1.224993972035053114e+00	-8.349584396995128888e-01	-1.296231595302649531e+00	-1.756314476381479972e+00	1.182998805095733852e+00	1.971954503712722850e+00
1.445046361721220363e+00	-7.183395292863559156e-01	-1.503889977220962182e+00	1.352108008120529448e+00	-7.244703345165205421e-01	-9.126366591367809367e-01	-1.976997137820392769e+00	1.036863675866827261e+00	1.340153819272143831e+00
1.048460951003945540e+00	-1.104250617155749126e+00	-1.952709374590944069e+00	1.342165774476527851e+00	-7.471302939938894161e-01	-6.952391397782390348e-01	-1.690458222990654624e+00	1.337437017865513500e+00	1.503114849175384737e+00
1.145711628142987326e+00	-1.044096277908697523e+00	-1.638676522233945665e+00	1.653208855772041463e+00	-4.075641073708250461e-01	-8.294562727228182997e-02	-1.733314643112296105e+00	1.324441846793487532e+00	1.146604888217688467e+00
1.351932029523204459e+00	-8.809244697147792236e-01	-1.158830146714130427e+00	1.176970624490909501e+00	-9.073668838973458772e-01	-4.229126500941408628e-01	-1.797196363734472335e+00	1.279108195384323965e+00	7.601589603200938905e-01
1.075996532984116572e+00	-1.141469211367906356e+00	-1.426990309549328817e+00	1.221692645075270089e+00	-8.301499470047283280e-01	-1.433967041872002968e-01	-1.509368877469267067e+00	1.541279063945531824e+00	9.322490427047234185e-01
1.124574780675945407e+00	-1.107762416183931675e+00	-1.197804490805674194e+00	1.403465891525545128e+00	-5.933255256603231498e-01	2.876019932022740311e-01	-1.568101251094285775e+00	1.476761404051537774e+00	5.650147706188136665e-01
1.283200927106029621e+00	-9.711638933576950405e-01	-8.034005115559197385e-01	9.367467350315000774e-01	-1.049422036389675794e+00	-7.477738270978359636e-02	-1.245170352043884821e+00	1.748807212170622849e+00	8.073770943699624114e-01
1.106244085176791847e+00	-1.128877847781199151e+00	-9.324485993502371617e-01	5.875010856508338097e-01	-1.369683956902754129e+00	-3.074262383142551958e-01	-1.219341207951955219e+00	1.741024043394854726e+00	5.903427865870630731e-01
1.300898823340261634e+00	-9.515263848213375564e-01	-4.925787530822755556e-01	1.063136293750966299e+00	-7.885662864287443785e-01	4.426178389420873938e-01	-9.658267530057254024e-01	1.931578889011626554e+00	7.412523285114567262e-01
8.900643284376618114e-01	-1.309554355200339248e+00	-9.931782215644985312e-01	1.148051806054960267e+00	-6.250521307497536316e-01	7.030774253005569463e-01	-8.473153193351639079e-01	1.991491159966583213e+00	6.889535027917642607e-01
7.851809998869114793e-01	-1.391674990487314023e+00	-1.026163113905476543e+00	8.055399522845654303e-01	-9.199817093186406503e-01	4.310454195169503011e-01	-1.177160096092877195e+00	1.636587405584578159e+00	-6.038725497072305881e-02
1.186266961913232443e+00	-1.020084548908025024e+00	-2.820629700952673180e-01	7.144924460070674055e-01	-9.389768318585800522e-01	4.477854800233997956e-01	-1.176720124308854976e+00	1.575834541360721541e+00	-2.791705463311733859e-01
1.055629115131115237e+00	-1.119130732262714867e+00	-3.640196301972721260e-01	6.182489011457703576e-01	-9.610775044393067290e-01	4.460218740362370538e-01	-7.288859261425554292e-01	1.916513412510874925e+00	2.165390516747668082e-01
7.666921140597369178e-01	-1.356554352585300771e+00	-6.947029586990335348e-01	6.557330797502182174e-01	-8.366529013426311501e-01	5.913605281222582555e-01	-1.212272572260048253e+00	1.405490301062997771e+00	-7.451377819770237387e-01
8.917841265572264975e-01	-1.222945686779648877e+00	-3.893878887311994497e-01	6.200324846281703994e-01	-7.906157431020526261e-01	6.417008825460193133e-01	-7.027105494303150790e-01	1.793461258086103571e+00	-1.327942811228682851e-01
6.423106705836705288e-01	-1.420760307501441222e+00	-6.662483044429454715e-01	4.574577615397564245e-01	-8.816996465675888128e-01	5.246306053612086462e-01	-7.844761526364221194e-01	1.640177030274625469e+00	-4.426724304703814061e-01
7.156124511379805542e-01	-1.329235962096354973e+00	-4.479123560813261795e-01	7.012752709371127269e-01	-5.327796665968967949e-01	8.908735538147474209e-01	-5.185523948243098147e-01	1.800307657209470058e+00	-1.940425021067304912e-01
8.473877927469052329e-01	-1.183951682818837892e+00	-1.435457745417667019e-01	3.996812309386759132e-01	-7.753897185402698344e-01	5.948572160055987101e-01	-6.644655444011632328e-01	1.583782875033204807e+00	-5.812941571467101776e-01
6.665056584263552297e-01	-1.315692440120754148e+00	-3.290252885712586783e-01	4.479694733749139401e-01	-6.388128434218478535e-01	7.370831171845809715e-01	-7.653517821968551793e-01	1.406895700465274235e+00	-8.845665469456984731e-01
7.883148868742455573e-01	-1.176715917759938002e+00	-4.954368189458940863e-02	2.756564737248610175e-01	-7.410385576018971854e-01	6.026896478432784976e-01	-2.199822929325641052e-01	1.816770102487949679e+00	-1.664199015006599947e-01
7.418503940692730003e-01	-1.186483369554451661e+00	-3.046009407976421612e-02	1.849940991319269923e-01	-7.558385316309677027e-01	5.449183404841875245e-01	-5.059971637796336630e-01	1.469590416833825630e+00	-7.566000821857381542e-01
6.216388434322505097e-01	-1.260866904291380708e+00	-1.251700490328676307e-01	3.960795783226499500e-01	-4.456793968316715704e-01	8.360555741161567189e-01	-3.470632965735084285e-01	1.526220548097448226e+00	-6.446383376854012415e-01
5.933557634705789452e-01	-1.252322344169798596e+00	-7.612235606689546352e-02	1.967985364473998633e-01	-5.838281688511994805e-01	5.954390888783310798e-01	-2.376230199047674740e-01	1.536943608884603574e+00	-6.099523722818165350e-01
8.003837559747137842e-01	-1.033209141471681303e+00	3.356531637398807444e-01	5.363000514283037257e-01	-1.425107255047616261e-01	1.003601858482846998e+00	-6.570968134547914286e-01	1.065924458349872816e+00	-1.403943544499356655e+00
5.003815845341164081e-01	-1.264673878303013366e+00	-3.782527003420306511e-02	5.816651205779145295e-01	-2.432195522617864453e-02	1.046542506068826039e+00	-2.002663529276898224e-01	1.391381257730370136e+00	-8.129208045322263709e-01
1.826043103227940612e-01	-1.511101009278155605e+00	-4.386019926245645073e-01	6.745976122301338140e-01	1.405725757766585760e-01	1.133699450767347461e+00	-3.455417669504320943e-01	1.168811601720603832e+00	-1.168667185625945848e+00
5.344081690765510873e-01	-1.160429380051919868e+00	1.948520033773051829e-01	6.956815713657853451e-01	2.219935199222958511e-01	1.111808373527849003e+00	1.164619311186518291e-01	1.498040941847798679e+00	-5.691588129806318674e-01
4.173524515062553841e-01	-1.226491269892581393e+00	1.031175303061382109e-01	3.408613158139607302e-01	-1.110463225718163194e-01	6.099777772008417864e-01	2.621007470002842399e-01	1.539028383854794235e+00	-4.667806262441132059e-01
1.672247529641130992e-01	-1.410307284311748122e+00	-1.940769552049237123e-01	7.560597188711517536e-01	3.823766608118850940e-01	1.017737316958954308e+00	4.558385440231041419e-02	1.249767340470141708e+00	-9.432271542644052875e-01
3.547809810749368298e-01	-1.203584385142181468e+00	1.876888849624152034e-01	5.877858852011338398e-01	2.338469687650635009e-01	6.744799418368684352e-01	1.114149287136417948e-01	1.215535426212535963e+00	-9.933722907203849095e-01
-1.066874104065921869e-01	-1.573785818667496228e+00	-4.241826860606114358e-01	6.479676719739932977e-01	3.190575061975953197e-01	5.212306472678727154e-01	2.087910472773930881e-01	1.207587624033183316e+00	-9.974238848153738068e-01
3.484692160818878004e-01	-1.126344383354063172e+00	3.898817751771389561e-01	9.522841500584593444e-01	6.513399388422995706e-01	6.189734596497497021e-01	5.296606848023763803e-01	1.402141972398132541e+00	-6.043847809717116659e-01
-7.933116213333689382e-02	-1.463820180000385607e+00	-1.661569606887298434e-01	4.339709056994351388e-01	7.805614034137567381e-02	-2.019570267416747056e-01	2.940692627067509335e-02	8.516949324822129519e-01	-1.461896997910872686e+00
2.040155717041141070e-01	-1.167187780414437048e+00	3.642502511048024139e-01	4.123196331280540861e-01	3.889921345740904313e-02	-2.733170070270034557e-01	2.082941214886814552e-01	9.213064165000045547e-01	-1.242887192837176524e+00
1.648401124126566142e-01	-1.157260638588075041e+00	3.898748832594041147e-01	5.360409509720542864e-01	1.554572520347398124e-01	-1.679498218698949608e-01	6.331952995634544390e-01	1.216873247171646133e+00	-6.383426628021575677e-01
-2.200616600098004999e-02	-1.278443505618556575e+00	1.858324815043787825e-01	4.099203089843034276e-01	1.845592826925951391e-03	-3.376710631864209278e-01	4.473548093011094906e-01	9.591205991621167826e-01	-9.930831476014068127e-01
-4.450967495423555631e-01	-1.609596458350271098e+00	-3.817438431076235483e-01	6.675802738622348409e-01	2.648269355671727388e-01	-2.119793298688869843e-02	2.899398530659090811e-01	7.292260364848317522e-01	-1.301592976698859205e+00
-2.408323355603145810e-01	-1.381627572350877520e+00	2.174134491000404013e-02	4.905831956324127052e-01	5.751802303477024370e-02	-2.326000360635934461e-01	7.462974842625669236e-01	1.059554959884255965e+00	-6.382498878086213523e-01
-4.776087423348023275e-01	-1.545909432787631266e+00	-2.558482247476653870e-01	7.338777370926927723e-01	3.057964328731213599e-01	4.822818600723875054e-02	6.227374843215169875e-01	8.646561023667342916e-01	-8.814116875996768075e-01
-2.932236528230656170e-01	-1.334666235056988004e+00	1.174272538539085642e-01	1.174223964117765640e+00	7.678587134564804906e-01	5.504315131780117554e-01	7.728548301738846771e-01	9.209741008487283276e-01	-6.899082784965870907e-01
-3.646486396083321591e-01	-1.350723056066035488e+00	9.604818863660448403e-02	9.986413513386688257e-01	5.616923166994064465e-01	3.137724098625759295e-01	7.765887181027242292e-01	8.464435973673437585e-01	-7.248308597421329047e-01
-5.010833020450964348e-01	-1.424169411980233946e+00	-2.562437099164413534e-02	4.012590170991628402e-01	-1.036496641077681857e-01	-4.660687324888949101e-01	4.561605689853283074e-01	4.794178341248089836e-01	-1.266653178669816082e+00
-4.621582320139349109e-01	-1.340956733802964429e+00	1.240745924991689952e-01	7.874357083744039087e-01	2.947558566595710472e-01	-4.377457888575746192e-02	3.687856641405911073e-01	3.266644452139909061e-01	-1.438421117993875509e+00
-5.073127850126154526e-01	-1.332086358061626674e+00	1.446989211266860587e-01	7.565282706253223521e-01	2.388846018967450968e-01	-1.462290583874616134e-01	5.949683205454400214e-01	4.614275475318182496e-01	-1.110887402978472105e+00
-7.823561609691185303e-01	-1.527394161930820005e+00	-1.896534388511144642e-01	9.499452080489871886e-01	4.234636175087157506e-01	2.592769803514619054e-02	1.005713018278060478e+00	7.664715896800744499e-01	-4.883367919590936301e-01
-5.402149454931667316e-01	-1.261605312621471686e+00	2.757791069931596617e-01	7.126164593124972857e-01	1.393968555847275026e-01	-3.106022992578509889e-01	1.088604098968891654e+00	7.758013454150478605e-01	-3.779685809083870862e-01
-4.930191030593430446e-01	-1.168821071653791011e+00	4.413318039850555596e-01	1.075912927878938996e+00	5.040521587958063376e-01	6.246605257989401583e-02	5.177411109461383942e-01	1.930554531361011183e-01	-1.293353736025032008e+00
-1.111435960173671633e+00	-1.668141602635839771e+00	-4.210955102769751157e-01	8.068809599051143255e-01	1.804757277472313071e-01	-3.361553459426850909e-01	7.111336639715860608e-01	3.079612038738843149e-01	-9.994028180553184981e-01
-5.852680016858620160e-01	-1.147587023463032319e+00	4.860430288205714877e-01	5.324459328818520465e-01	-1.512070972100665878e-01	-7.326017398500066502e-01	1.195808439522045408e+00	6.903661271208456629e-01	-2.441617236285544834e-01
-5.950972925227886456e-01	-1.103635874879475898e+00	5.665706795567563292e-01	8.988448718507611179e-01	2.078973433654607295e-01	-3.822404121419683554e-01	6.240146744889512043e-01	1.144791287524694612e-01	-1.149738287932507763e+00
-1.061283957531714117e+00	-1.465323526842915669e+00	-5.663569037888382951e-02	5.649909128749115439e-01	-1.949243924967416497e-01	-8.678237992385311461e-01	7.840177380628204906e-01	2.067445384138105746e-01	-8.980948988653265630e-01
-7.417237486744405750e-01	-1.126533477674603434e+00	5.352750728272523961e-01	7.595132642966591074e-01	-2.815695478884555972e-02	-7.069544475706618369e-01	5.984652753457291308e-01	-1.262243926384337689e-02	-1.186395048056770429e+00
-8.419668011348013792e-01	-1.160730800492151271e+00	4.805776731271312885e-01	5.290632649159756618e-01	-3.234388400730539015e-01	-1.037933914413802006e+00	8.155340272176463401e-01	1.369100093904800641e-01	-8.352556127253401019e-01
-9.383510605518339265e-01	-1.190552794151888083e+00	4.348262578545923907e-01	7.254928843430173968e-01	-1.552931705266452633e-01	-8.131379277809592798e-01	8.927130894195502986e-01	1.620053924965232650e-01	-7.000302586898256019e-01
-8.476068756738698307e-01	-1.052705690461585686e+00	6.804652597214717602e-01	9.561253016082467138e-01	5.358990992846329737e-02	-4.913374111456834115e-01	9.093134124643134086e-01	1.350690194957319679e-01	-6.501769290524105349e-01
-8.928068716730691579e-01	-1.034796143307986638e+00	7.188191939361909810e-01	5.228479235613410214e-01	-4.504536953206743632e-01	-9.278149811703182426e-01	7.622048729400202616e-01	-3.741660069425147006e-02	-8.501700943021097689e-01
-8.728495566945623230e-01	-9.576364747769113839e-01	8.607951273787478597e-01	1.159190875150827083e+00	2.114004320301242634e-01	-8.266856494409158262e-02	9.672746853600316941e-01	1.139525861167932919e-01	-4.882621509557721895e-01
-9.906352306200787439e-01	-1.001828963024274932e+00	7.919388116112694442e-01	8.099035475240555781e-01	-1.895487079986242218e-01	-4.558345155304261986e-01	8.235718760888562917e-01	-4.822086205133523790e-02	-6.708122478589022553e-01
-1.004499319640034694e+00	-9.521643754557671535e-01	8.834650591057471303e-01	8.402384625557641762e-01	-1.769473821311585704e-01	-4.053095860707964793e-01	1.000917645292748626e+00	8.535451841704501386e-02	-3.425825793625268401e-01
-1.063119312210859757e+00	-9.410276347542483322e-01	9.068073771691704810e-01	6.907611420705297434e-01	-3.576062415668695427e-01	-5.694588445390067477e-01	8.359895849897442943e-01	-8.875966143502883599e-02	-5.529310680008330259e-01
-1.093553381875579600e+00	-9.034259154642688694e-01	9.747254789217182358e-01	7.823686014070504458e-01	-2.783141135953535739e-01	-4.787654016027274029e-01	1.118065479706825682e+00	1.471848262698690346e-01	-5.738477177207601532e-02
-7.851310979192716033e-01	-5.626670052738386163e-01	1.567747203750773588e+00	6.270183117994434507e-01	-4.660853441067766556e-01	-6.938974653242715451e-01	1.252451443390948604e+00	2.523021444531918789e-01	2.069109713230318226e-01
-1.093144816309052247e+00	-7.693634500771621143e-01	1.209473310736679519e+00	5.814204338353348156e-01	-5.364742035358166516e-01	-7.660248022979597726e-01	7.277883564966948216e-01	-2.385600160576706319e-01	-5.628481976493735495e-01
-1.038547471113412390e+00	-6.517017240425201363e-01	1.410943045919387462e+00	4.986293287352233095e-01	-6.456248148430542289e-01	-8.503088004781841347e-01	8.689938924535628439e-01	-1.202942102752946052e-01	-2.798484969429425040e-01
-1.408763209128008231e+00	-9.108838287179936710e-01	9.554425147825642561e-01	4.082594855512343690e-01	-7.632691220206589966e-01	-9.840408862936467216e-01	8.436050043204499360e-01	-1.500697508058662366e-01	-2.584392512220438087e-01
-1.421927513235522245e+00	-8.507171455547183347e-01	1.049718994506432912e+00	6.602141167423469792e-01	-5.102420204776507706e-01	-6.705593970426664274e-01	1.136012284421451302e+00	1.126284563282500262e-01	2.671173973939324764e-01
-1.087988969675090845e+00	-4.801252490113118165e-01	1.678708082259324552e+00	2.239282283459509415e-02	-1.219306788716747914e+00	-1.415204424938257377e+00	7.865766534572788959e-01	-2.050719524212761824e-01	-2.201484134055237962e-01
-1.202147885510267855e+00	-5.072604473997661678e-01	1.613553478641891248e+00	4.973600539331602954e-01	-7.202726701612044424e-01	-8.111890628937585834e-01	1.194188342967341665e+00	1.689451564557047369e-01	4.854320563825950119e-01
-1.425001947301966165e+00	-6.300079065580781457e-01	1.375904402273135041e+00	3.509038210185288498e-01	-8.939121418267774732e-01	-9.764324287564690730e-01	1.326261184000089077e+00	2.953565729531933970e-01	7.543753354959462643e-01
-1.294485491417050937e+00	-4.370545532539026889e-01	1.679701473444780602e+00	1.924959223443332978e-01	-1.079200225122087353e+00	-1.148633788884177331e+00	8.329591928958968161e-01	-1.443855440109377830e-01	3.283778386822236439e-02
-1.082046282728599262e+00	-1.703591468483392490e-01	2.101331204732025615e+00	-5.088704677269517695e-03	-1.306717061819323789e+00	-1.370549547051017836e+00	1.117408771468078488e+00	1.256985762725036926e-01	5.344739448764164180e-01
-1.070440271456978287e+00	-8.200916373076611032e-02	2.203975093891903381e+00	4.828889591387025559e-01	-7.881490865232804177e-01	-7.225320774172203642e-01	7.467867469912866651e-01	-1.978525827433468276e-01	-7.224427455683746224e-04
-1.488052820509297769e+00	-3.756788610270085371e-01	1.633426711670612930e+00	9.576098462960691560e-02	-1.214458900048930090e+00	-1.126696232859073499e+00	9.355265024561841836e-01	-1.090824643618240608e-02	3.383130175974287113e-01
-1.660194431516353708e+00	-4.509488717347571729e-01	1.429214784184499099e+00	-1.638363570433648553e-03	-1.323199186937094707e+00	-1.167271425596900336e+00	5.429437523444771152e-01	-3.512385430796078900e-01	-2.440021230810348052e-01
-1.510528398752128743e+00	-2.402607287965210503e-01	1.709415180489090691e+00	1.534852931469082860e-01	-1.153577129998133444e+00	-8.904112478186132495e-01	1.055916570919593234e+00	1.328420424894883045e-01	5.877305429491697097e-01
-1.525282886223081391e+00	-1.770138841846757849e-01	1.721238078301874586e+00	-1.641749250541305882e-01	-1.491819243119178795e+00	-1.180662822858879357e+00	7.811842855163017019e-01	-9.920718888803752022e-02	1.686427404697597721e-01
-1.569861221661279949e+00	-1.418169977153515282e-01	1.671485049273881529e+00	-2.617052894297621224e-01	-1.586715437318549693e+00	-1.192429207128272495e+00	9.602444292575953444e-01	8.121681790609358575e-02	4.540884788191507093e-01
-1.860592027746885257e+00	-3.278000505571301293e-01	1.224917528266832978e+00	1.036951527500968862e-01	-1.174441176499592565e+00	-6.256286013125518242e-01	7.890885106429095242e-01	-5.766910604651694083e-02	1.751504359889971829e-01
-1.466462941713960744e+00	9.368225676445446348e-02	1.822402694149131586e+00	-1.732438723173444772e-01	-1.452859333525564400e+00	-8.442215115347035947e-01	8.060057825477093818e-01	-2.689444803981846238e-02	1.833736206158173843e-01
-1.497196983382401925e+00	1.339412417810856848e-01	1.745514819838743348e+00	-1.515078240485727978e-01	-1.401554118797768922e+00	-6.708348107407897665e-01	8.163374269411941553e-01	-3.798273368959166618e-03	1.722743810622218985e-01
-1.854974453640129806e+00	-1.203814651301985950e-01	1.147197680705118072e+00	1.026581224283433236e-01	-1.091360010580681994e+00	-2.025622401851135956e-01	1.010402421392141648e+00	1.842587877453545075e-01	4.410705685077811466e-01
-1.444100624504893071e+00	3.060262545467717921e-01	1.721582070847350598e+00	7.533228518320500555e-02	-1.078940323445077176e+00	-6.432749576011570491e-02	7.102822549713063705e-01	-7.963568256493325226e-02	-7.696942529377373554e-02
-1.123883466946304255e+00	6.475939113541140379e-01	2.141430892621413840e+00	-5.519965254459098247e-01	-1.709166884807077791e+00	-6.391364897661067079e-01	1.220946788631029678e+00	3.910573585826641607e-01	6.748955359256668673e-01
-1.246587250304219907e+00	5.903386148412727019e-01	1.864462642068149822e+00	-4.539194326538642521e-01	-1.545809221298096725e+00	-3.322163927755893975e-01	8.536029004383690610e-01	6.019064514797050486e-02	3.780069972381172594e-02
-1.216771716830179040e+00	6.642453148293582244e-01	1.810996556345354502e+00	-7.554216648965035308e-01	-1.807812096066584218e+00	-4.956280804827249420e-01	8.354890353073798348e-01	4.385724237799727004e-02	-5.150474929366363752e-02
-8.518390073977539778e-01	1.031741293407808735e+00	2.266733522822373725e+00	-7.929541427966106948e-01	-1.775766313060201496e+00	-3.371928232825961436e-01	7.197022147933831437e-01	-6.455035653136868834e-02	-3.002393981612389573e-01
-1.235425951267733469e+00	7.278226217033684220e-01	1.559694430144602961e+00	-7.545014676917189966e-01	-1.654335163829886657e+00	-9.341988513025639707e-02	9.940923095262487186e-01	1.786310715559208950e-01	6.452693993903804714e-02
-1.349145786987326678e+00	6.593560517921546182e-01	1.264432367639419352e+00	-8.667027712165458198e-01	-1.689385349052790808e+00	-2.816200661206563760e-02	8.751257533299925395e-01	6.090778655162093491e-02	-1.900293552824110777e-01
-1.386692387841823360e+00	6.538999497017453644e-01	1.082801885069301751e+00	-6.302748782250936488e-01	-1.340075564334464175e+00	4.593806926939908997e-01	7.535949944934409173e-01	-6.215131231029741299e-02	-4.472503034207468975e-01
-1.342338705602937887e+00	7.166397523858886176e-01	1.025017997702956984e+00	-8.649448400661223779e-01	-1.494919785896717812e+00	3.788862011420932041e-01	5.097832045099845999e-01	-2.992443219348736583e-01	-8.947702755447746181e-01
-1.038219017976585556e+00	1.006098972384933621e+00	1.367334815361518130e+00	-1.162199378834220864e+00	-1.711703712412204315e+00	2.200466413886080774e-01	9.397509860723318731e-01	7.386490970882515772e-02	-2.776375787459798850e-01
-1.256339190701524888e+00	8.260757664696433133e-01	9.027102623166299855e-01	-1.084842136345321784e+00	-1.517095008893720509e+00	5.094634481973776552e-01	9.593095998507420452e-01	7.133056263196466129e-02	-3.047146935999774930e-01
-9.885875052847939992e-01	1.074490613530519223e+00	1.189019875678477556e+00	-1.282758413102577100e+00	-1.616213274102143105e+00	4.582533035589040349e-01	6.584401561789656743e-01	-2.247112991026460338e-01	-8.302662341066484597e-01
-1.039506174739403210e+00	1.035071957067152271e+00	9.832099861117069572e-01	-8.770599739541655726e-01	-1.056755136346007262e+00	1.136912620378605299e+00	8.256965173468858721e-01	-9.677222660741574556e-02	-6.138010980832634411e-01
-7.323064283755806869e-01	1.310702940355286783e+00	1.332186091545303430e+00	-1.363315137549453437e+00	-1.459801405493391879e+00	7.322167294082141398e-01	9.335779534423270798e-01	-2.434549564441751413e-02	-4.860843201111074707e-01
-8.555385266975894520e-01	1.199410690995114770e+00	1.017993903801090116e+00	-1.796804539341175122e+00	-1.802436876287184742e+00	3.823810770920075819e-01	6.417407180866707694e-01	-3.167051700329950870e-01	-9.828509969792482703e-01
-9.125933609464763618e-01	1.143641267097588177e+00	8.081917839696134420e-01	-1.730790532370159562e+00	-1.601220755522179129e+00	6.245018157114632373e-01	8.543764772757471704e-01	-1.512119841500463857e-01	-6.784698965637394608e-01
-7.245546562659692658e-01	1.302920252201614559e+00	9.787678489228367473e-01	-1.613874179545150778e+00	-1.342585067522723330e+00	9.274154263401230835e-01	8.082222940293726232e-01	-2.217603526230388922e-01	-7.778837331225397778e-01
-1.164669074088100054e+00	8.998745603763282919e-01	1.822867384294507009e-01	-1.318683035209486487e+00	-8.905826565887358104e-01	1.384244238379692682e+00	5.797307365293924430e-01	-4.589639137234683419e-01	-1.171807006358374093e+00
-9.384530977197523827e-01	1.087457527262723822e+00	4.180781231473162940e-01	-1.752873368918135499e+00	-1.230871997016404817e+00	9.770283384325690879e-01	1.142672468858918489e+00	2.290073943059481310e-02	-3.019661018962678800e-01
-5.437128130617689958e-01	1.422573716008032507e+00	9.165113841820139440e-01	-1.491419492345418707e+00	-8.162218905900624488e-01	1.440709125438440985e+00	8.930842867645394367e-01	-2.339351798617784195e-01	-6.983731186762049958e-01
-5.960155507709419265e-01	1.357260834987250364e+00	7.266826853066425951e-01	-1.566351318316583585e+00	-7.651443237470753056e-01	1.477972665997176360e+00	7.726364053937919696e-01	-3.729534998327383999e-01	-8.922830707501204772e-01
-9.865967084248030705e-01	9.885392957454296470e-01	1.616579624824365791e-02	-2.162037112343409451e+00	-1.280789500298201045e+00	7.878133258301192043e-01	8.841507256100792356e-01	-3.013430618086349599e-01	-7.473450429405248396e-01
-7.378430868889354066e-01	1.187165238993803440e+00	2.966607952842569285e-01	-1.849478594204654325e+00	-8.195689170875889440e-01	1.216609237844931801e+00	8.026983384959378576e-01	-4.057116631445100152e-01	-8.692995136367942521e-01
-5.450222957100415710e-01	1.334147107409515254e+00	4.921117124172346702e-01	-1.737413784272426653e+00	-5.726604364874200437e-01	1.522784148055027043e+00	5.749147014082458540e-01	-6.410879925097285881e-01	-1.195103396273210050e+00
-5.776757629349666967e-01	1.278634500206781599e+00	3.401798494903432446e-01	-1.900691242542653203e+00	-6.240326575149706123e-01	1.424394080894423320e+00	8.661489964264031949e-01	-4.034765380107959709e-01	-7.210702264671899897e-01
-4.938066902860406282e-01	1.325266849898303345e+00	3.694036687044264800e-01	-2.001650326796965196e+00	-6.118107956549302395e-01	1.287319021759654403e+00	7.647215255383775778e-01	-5.229878900758474503e-01	-9.057485245456987633e-01
-2.222832612533843788e-01	1.537614872097786467e+00	6.933952458155956400e-01	-2.046438970128363177e+00	-5.479097876549728907e-01	1.267357106222495977e+00	1.189212778955285765e+00	-1.641977422433396616e-01	-1.895950151210070711e-01
-2.171393250861254898e-01	1.511456685053610194e+00	6.060700605723943202e-01	-1.980621007491079055e+00	-3.586492467449174382e-01	1.545703191756021999e+00	7.899878807077400644e-01	-5.509780235740731058e-01	-7.647550247226253539e-01
-4.730894521069757830e-01	1.251528908598360301e+00	1.141900839936069723e-01	-2.334890345850441307e+00	-6.231207358215496983e-01	1.221384345033220908e+00	7.459533976042272974e-01	-6.133642839591622042e-01	-8.009692687697975710e-01
-5.180948536470835197e-01	1.178213143924117912e+00	-5.151241803693987209e-02	-2.012055091221553571e+00	-1.540538827190420512e-01	1.704205061749392680e+00	6.252236663414838524e-01	-7.440917595008544883e-01	-9.531904876765663337e-01
-4.033346768477711342e-01	1.246089428194133042e+00	3.561396269579564233e-02	-1.882009380960802947e+00	1.010693396026611235e-01	1.816362351824476473e+00	7.830893194855382822e-01	-6.219836623580723423e-01	-6.938047792459526297e-01
-3.959569476304958258e-01	1.217714518950984814e+00	-3.627791641558719693e-02	-2.165702456799492914e+00	-9.968367640966790955e-02	1.492252534708236933e+00	3.521344125352794951e-01	-1.031812365003923926e+00	-1.295676918414883749e+00
-7.076478503647670726e-02	1.471435559480749333e+00	3.728720109912168068e-01	-2.027100389602681130e+00	1.544832806522100088e-01	1.706791626365985026e+00	1.731351337213240527e-01	-1.210510039111659886e+00	-1.519494036370793388e+00
9.662932314017619317e-02	1.583616569584643141e+00	5.366420298659297927e-01	-2.063864559592040404e+00	2.153658013545485805e-01	1.680120611435581779e+00	8.081095524284578335e-01	-6.469500854808655221e-01	-4.608174865622948757e-01
-1.572065531496782964e-01	1.319741662371165747e+00	5.112880194398247702e-02	-1.971969119460000641e+00	4.096235099754128584e-01	1.757699307533929334e+00	3.910637921721932808e-01	-1.038408109803224288e+00	-1.059956780122093711e+00
-1.717596300914014107e-01	1.268036518038802463e+00	-6.535166196372714509e-02	-1.810138973567554377e+00	6.731384542471819943e-01	1.917598939974037853e+00	7.207931587873179780e-01	-7.490641771395226689e-01	-4.816931929561941161e-01
-6.847270015032488888e-02	1.320355455824012481e+00	-1.385320307597387446e-04	-2.157373126182198675e+00	3.783403934813912572e-01	1.438940594583841603e+00	5.531222244826388135e-01	-9.102697232369292291e-01	-6.713167091305259904e-01
-5.729278564020159892e-02	1.289912928929667357e+00	-7.232247133016601881e-02	-1.752744200446703537e+00	8.904388611592547464e-01	1.856225310235644965e+00	3.593305038828481512e-02	-1.386844016757165843e+00	-1.415089797110180125e+00
3.328330281098235699e-01	1.596157985694088621e+00	4.371180201984473102e-01	-1.693545035077202110e+00	1.019565274646922370e+00	1.838131089098860693e+00	3.814525507590190156e-01	-1.077704677650310972e+00	-8.181087546717122905e-01
-2.302337419596695300e-01	1.052656389737635090e+00	-5.318618706952178421e-01	-1.672941558243230764e+00	1.098728986263538099e+00	1.768505441515502152e+00	1.906734663046975864e-01	-1.255123677160795426e+00	-1.041519096591674520e+00
4.309080402690688150e-01	1.598315221760169713e+00	3.914689815350236857e-01	-1.466377103176611962e+00	1.371251533722143146e+00	1.902990410841988389e+00	2.096908476891941875e-01	-1.239439862515077762e+00	-9.298779066982447716e-01
2.819938727109311261e-01	1.421818307203727594e+00	6.679558331252608006e-02	-1.536944352669622482e+00	1.331526178679893757e+00	1.634051020063081561e+00	-7.891304820105535245e-02	-1.501579777652422010e+00	-1.299515885485712730e+00
4.089889259478656780e-01	1.490251752985380707e+00	1.678754529166779919e-01	-1.957189546730198071e+00	9.005088744272089496e-01	9.347492100427656769e-01	-1.062527290165821425e-01	-1.523941314975580275e+00	-1.255590436742670901e+00
1.829774390651133509e-01	1.243595992880449419e+00	-2.760302250537586821e-01	-1.288101515830605948e+00	1.636479778438432842e+00	1.520461111782001939e+00	-3.224791621590972213e-02	-1.452292892962221416e+00	-1.047664312278486332e+00
5.459525931123404563e-01	1.520688285117246741e+00	1.901051605287230606e-01	-1.528547393394551257e+00	1.374525967292242301e+00	1.012329694766566535e+00	2.218112539675690664e-01	-1.214574566410702605e+00	-5.446330466570579176e-01
2.334049819371944723e-01	1.195549597483499316e+00	-3.872964300630429291e-01	-1.649911707636360969e+00	1.232769039877655404e+00	7.092758153153577716e-01	8.305336363168275282e-02	-1.331279222982511223e+00	-6.578189710931496847e-01
5.397074290903954852e-01	1.420876616433829565e+00	-6.410305114189690512e-03	-2.160689356544357231e+00	6.654361914839761472e-01	3.907849427707565937e-02	-2.374982406801056101e-01	-1.609587516501118643e+00	-1.030073859027051730e+00
5.649243863031471191e-01	1.395392043845099739e+00	-5.714111243437597354e-02	-8.211182572191552120e-01	2.106589307564008529e+00	1.696660625372658604e+00	8.709731626325815934e-02	-1.296373547919896785e+00	-3.619016527264129479e-01
5.915925063359189773e-01	1.370663822133873166e+00	-1.072599607486979800e-01	-9.616794489745380536e-01	1.941822291394351696e+00	1.411750326836005875e+00	-2.269092568996586290e-01	-1.562249954927965145e+00	-7.612060652101170222e-01
6.257822966236739060e-01	1.352032821127073570e+00	-1.484829583771430928e-01	-8.740717690889187041e-01	2.014073946517615621e+00	1.290416615682145496e+00	-3.362110191115685320e-01	-1.641035452627671587e+00	-8.417867722272083242e-01
3.950895257737204735e-01	1.096781334753509807e+00	-6.036991923808763261e-01	-8.198416533203216616e-01	2.036295226299163819e+00	1.067911972408704946e+00	-1.567502921965821805e-01	-1.456075769453964996e+00	-4.588131489191688561e-01
4.116292711446726260e-01	1.060742407922413477e+00	-6.825946654080889964e-01	-6.914146633100689554e-01	2.122686788686761084e+00	9.066060829562668788e-01	-5.581509300456370948e-01	-1.796987741015827034e+00	-9.581417460863816959e-01
5.545614452540188477e-01	1.136193472704102314e+00	-5.683339726626818189e-01	-9.654664105012041864e-01	1.761348450831856649e+00	3.295273954401193306e-01	-2.268750260715735045e-01	-1.467537697278112008e+00	-2.720624826580387290e-01
5.510357159695147278e-01	1.080218072440022770e+00	-6.783115785265467768e-01	-5.388010237281311010e-01	2.150113512666349536e+00	6.113593018257917899e-01	-3.813183597894492793e-01	-1.575451932207241779e+00	-3.541650403361495947e-01
9.936521306699027667e-01	1.420614239880190643e+00	-9.755364877497540999e-02	-6.201253259209711377e-01	1.979659937727524133e+00	2.878735258856577328e-01	-4.382816339339354328e-01	-1.590885954963092486e+00	-2.826212683643257728e-01
7.276980621393915882e-01	1.129144247696929781e+00	-6.116645184802137480e-01	-5.576500803487494107e-01	1.957765566298661941e+00	1.402107428033647907e-01	-4.290182902736306980e-01	-1.542145906186604964e+00	-1.000583095304886649e-01
7.671988552470512257e-01	1.108739372259700318e+00	-6.559954939023341369e-01	-4.843390930257678306e-01	1.939107704310443436e+00	-1.912953156689531364e-02	-7.745136922830849757e-01	-1.811954832741471622e+00	-4.701558852749891382e-01
8.382844451023141463e-01	1.115456941307894301e+00	-6.530472926635507713e-01	-1.072328047463385059e-01	2.241566924171079833e+00	2.056595792959606539e-01	-6.815889223911203443e-01	-1.678697577897693360e+00	-1.413205673089226733e-01
9.619809714333021899e-01	1.167939530166187234e+00	-5.718444274573071251e-01	-1.547178565035683961e-01	2.077323418625452778e+00	-7.997659895132555596e-02	-6.470853726201107881e-01	-1.593979793624261898e+00	1.044634545414186155e-01
9.103512583603240449e-01	1.063134109757678525e+00	-7.633754714983617129e-01	-3.390623780625423023e-01	1.758724913226345610e+00	-5.305564316190540808e-01	-7.909362417342056251e-01	-1.666580234792647719e+00	7.800498694411484024e-02
1.099397497422214487e+00	1.171361406892706514e+00	-5.875015103098909508e-01	-2.036945972899711910e-01	1.779403351135800060e+00	-6.078940521747215886e-01	-8.216770973322298222e-01	-1.631096372251007010e+00	2.404243259830051993e-01
9.363194533458126800e-01	9.646196306792164110e-01	-9.582396852798190645e-01	5.349873071065977537e-02	1.925615274371438312e+00	-5.378992898070085182e-01	-1.068249323943356144e+00	-1.786343889116658312e+00	7.173000226106249211e-02
1.017473811297820996e+00	9.739183372405915140e-01	-9.523873047869999553e-01	-4.493589768468808643e-03	1.723443476924643170e+00	-8.529291284645743598e-01	-1.110372701331594270e+00	-1.749896677808800094e+00	2.319595213252886035e-01
1.308273276639723814e+00	1.168362965608741755e+00	-6.282055605966261336e-01	4.191426938736065311e-01	2.037927742031540923e+00	-5.738058528798042346e-01	-9.453739232509242862e-01	-1.518974269672243249e+00	7.311586977532753551e-01
1.379653614526965111e+00	1.165591499946858844e+00	-6.497563018226214515e-01	4.591537712810270233e-01	1.931305291896378229e+00	-7.643288189503422148e-01	-1.260028049274518613e+00	-1.717640886208346540e+00	4.873663324880649350e-01
1.185196204449514568e+00	9.241890446824758687e-01	-1.080322904254126248e+00	3.568683389447944165e-01	1.692653651443206453e+00	-5.507557596455367466e-02	-1.440305074925919637e+00	-1.785356779412778039e+00	5.464742134484888991e-01
9.647899650326057230e-01	6.584523855291711802e-01	-1.534257004948869074e+00	6.265975643892813807e-01	1.894717142063657489e+00	-1.553279921477848657e-01	-1.586958641696515793e+00	-1.807081449797393047e+00	7.040627214297133785e-01
1.230273111593812807e+00	8.236898173224647124e-01	-1.258086989373490949e+00	7.417366686099333695e-01	1.875673832187456203e+00	-8.251516545468797759e-01	-1.309284923238666520e+00	-1.435804636502283183e+00	1.388982613609896832e+00
1.515825735288239162e+00	1.004521821988000996e+00	-9.630700801864062743e-01	1.010020295285749992e+00	1.997379444326682574e+00	-1.010030107572375879e+00	-1.598690720554411193e+00	-1.575202737293403432e+00	1.171947752061021752e+00
1.323591564638390672e+00	7.573105682682590434e-01	-1.413669995501497079e+00	1.052643570131988948e+00	1.861802691446713620e+00	-1.309285687190826275e+00	-1.616089791688524402e+00	-1.461573703974625493e+00	1.398315186303119351e+00
1.613230121621234581e+00	9.364399586539666753e-01	-1.123870033097610355e+00	8.724116533161492271e-01	1.476483573300480634e+00	-1.790430215316079599e+00	-1.514997475915806247e+00	-1.233893463210118169e+00	1.822609592221572150e+00
1.525946535202440613e+00	7.771244036301793168e-01	-1.417420912587581183e+00	1.069622191274031797e+00	1.494112659765421292e+00	-1.830167477755259231e+00	-1.573100090772845183e+00	-1.144338954635595096e+00	2.001607109701966980e+00
1.565515057668931176e+00	7.280483132073243269e-01	-1.512157437886650690e+00	1.183284838885080070e+00	1.420009368403908123e+00	-1.887899296049618370e+00	-1.937947854060490860e+00	-1.327033393800387540e+00	1.697992964044532815e+00
1.356505234098287493e+00	4.550208447632467235e-01	-1.988260376484078051e+00	9.892155259897176256e-01	1.009421524843307827e+00	-2.359682811112000511e+00	-1.538625401899766709e+00	-8.081627979797800787e-01	2.593835319565109820e+00
1.570946407157413072e+00	5.566953228953773758e-01	-1.802588014530474902e+00	1.286491083459171625e+00	1.131355266698201190e+00	-2.160787863072450854e+00	-1.899180025043849529e+00	-9.742656289011478732e-01	2.281541229690774664e+00
1.643346786238650825e+00	5.298994359429928247e-01	-1.825118072218395504e+00	1.047556341765818244e+00	6.741040374036428862e-01	-2.586246635901592317e+00	-1.658836256954503652e+00	-5.885754820723106961e-01	2.897674801052586790e+00
1.580286612609568708e+00	3.809504540860553234e-01	-2.042718754258470604e+00	1.437580532586164139e+00	9.022505353542354944e-01	-2.231690265929936245e+00	-2.013398028177951993e+00	-7.397050479937137268e-01	2.551473595239605707e+00
1.751095164214339528e+00	4.394351842816244247e-01	-1.877790217545816098e+00	1.614843177671748897e+00	9.068512753458947140e-01	-2.046965520412681094e+00	-1.870372532741256144e+00	-4.356496376171267171e-01	2.954346366907935284e+00
1.671149267120594084e+00	2.745918767443265018e-01	-2.077056400177497597e+00	1.269654550205257193e+00	3.532850833617006137e-01	-2.512577167271965450e+00	-1.972044607014842077e+00	-3.533225806769473842e-01	2.930791032681227204e+00
1.491475375544039528e+00	2.178475605627328004e-02	-2.403449974786185717e+00	1.600118493180026080e+00	5.386195009198582184e-01	-2.144450160439442143e+00	-2.020037977262948203e+00	-2.235809473796538382e-01	2.942269098940459848e+00
1.589365057427396311e+00	1.794672724569267713e-02	-2.271953084977473836e+00	1.435426235922494520e+00	1.976065298419001914e-01	-2.318703786740699435e+00	-1.822531864852060757e+00	1.257837887519769604e-01	3.289378313826255340e+00
1.638282790672973555e+00	-2.664917992361379162e-02	-2.184143530755689788e+00	1.738478390426589026e+00	3.750084465608589657e-01	-1.902033936786918344e+00	-2.045470853730050109e+00	8.662733052996779426e-02	2.920219755709764886e+00
1.503297349516773407e+00	-2.312518701576839475e-01	-2.352219032261664289e+00	1.271371970113715832e+00	-2.716995597812822960e-01	-2.425645570888853353e+00	-2.107934443192045926e+00	1.851097140655598716e-01	2.751939620428005995e+00
1.300608728126213309e+00	-4.915394927142350268e-01	-2.597341058271962488e+00	1.709828401608520787e+00	7.554749776716851439e-02	-1.779953768533205194e+00	-1.437277832539627376e+00	9.400462258445114738e-01	3.691140295412480121e+00
1.746433996369324948e+00	-1.689763134635471342e-01	-1.815263612594395060e+00	1.699353244595172452e+00	-4.919318980454226442e-02	-1.654220548734504526e+00	-1.989088953861295916e+00	5.711399332490326719e-01	2.660364042844178822e+00
1.236885900914955094e+00	-6.911864206724169790e-01	-2.487135239312305846e+00	1.280932503238021658e+00	-6.002163479256701351e-01	-1.982514953807724911e+00	-2.044173400486948289e+00	6.405456904807387275e-01	2.373815808059284826e+00
1.585745303712986498e+00	-4.425612910560036695e-01	-1.814672981025227561e+00	1.090420758037246696e+00	-8.888945348105128375e-01	-2.035546554545196063e+00	-1.728070243959992203e+00	1.033061938549999947e+00	2.639858239864385059e+00
1.331657745422048178e+00	-7.241174328967875384e-01	-2.059721104722924245e+00	1.718758545972756568e+00	-2.745287356117823152e-01	-1.075875334716270171e+00	-1.860854770279700254e+00	1.002178844947379632e+00	2.174245517070793721e+00
1.436924015185115033e+00	-6.788679287668627493e-01	-1.741927066879604524e+00	1.339550339279702351e+00	-7.357063259061257243e-01	-1.307008277603109336e+00	-1.827574711064803514e+00	1.107172834941703821e+00	1.957658141559349252e+00
1.427803886550970125e+00	-7.286855177365487712e-01	-1.593539501491145982e+00	1.295252264477244175e+00	-8.179458833723843858e-01	-1.137251209953308750e+00	-1.276283398800385882e+00	1.668031977967545210e+00	2.540737772428844465e+00
1.583514499196759351e+00	-6.250265088805669889e-01	-1.187175238583601855e+00	1.551766642019944964e+00	-5.579905056540468422e-01	-5.806672991509531645e-01	-1.799884181700558416e+00	1.236352354073265492e+00	1.424812712177784269e+00
1.347366411360839455e+00	-8.638406632448561995e-01	-1.385803617975736701e+00	1.063888938132865780e+00	-1.089802259442798515e+00	-9.295957529797799213e-01	-1.483099800791498168e+00	1.554607188720903199e+00	1.631066480279970143e+00
1.458150471692700068e+00	-7.875428416456634606e-01	-1.050203843559581518e+00	1.301329488864664263e+00	-8.214574508534939756e-01	-4.025818188781423168e-01	-1.516012453950611460e+00	1.541194019965450579e+00	1.288677045824922818e+00
1.380961195370953298e+00	-8.728197190337996236e-01	-1.008401159141773196e+00	9.346024032894848510e-01	-1.194421772702617845e+00	-6.096205487778453280e-01	-1.156449257579353684e+00	1.871962430459890303e+00	1.569150958389192496e+00
1.194554479363181043e+00	-1.049907080150628946e+00	-1.139215197058688567e+00	1.159746642897006241e+00	-9.141724274108721238e-01	-1.172122367471739035e-01	-1.545888535328649116e+00	1.509630800934913974e+00	6.758149191000177858e-01
1.227517818105961389e+00	-1.026582480041585033e+00	-9.358567884145561067e-01	8.507047078520653116e-01	-1.202334564079555523e+00	-2.819683904689539999e-01	-1.519164590903706813e+00	1.514854211289193842e+00	4.463551667517861588e-01
1.198963496210608159e+00	-1.053360816226761587e+00	-8.326517153563489648e-01	1.417464852358077954e+00	-5.323452637733944171e-01	5.978901005585998130e-01	-1.044715499784752311e+00	1.917285104592390210e+00	9.311383709660897567e-01
1.327073159347968767e+00	-9.363329774461599531e-01	-4.927396802400937359e-01	6.590332460746983756e-01	-1.290160561843584741e+00	-1.299274436006209177e-01	-9.885890057478945447e-01	1.930184642542339457e+00	7.661701004134193749e-01
9.760018294241598058e-01	-1.242072879666330287e+00	-8.982392548709849933e-01	9.175525292708047731e-01	-9.396212668686222402e-01	3.449757601999715595e-01	-1.159158529607078103e+00	1.728731597282743060e+00	2.535802642631457271e-01
9.788285765406269379e-01	-1.229078101996654571e+00	-7.622087125647103445e-01	9.702507837293791182e-01	-8.068843113925228128e-01	5.600555805359378470e-01	-1.512092892023052970e+00	1.354090639674201624e+00	-5.365944219125337034e-01
1.112260915520906668e+00	-1.096518182191030588e+00	-4.292779441732699208e-01	1.000949942316758934e+00	-6.940239431583054008e-01	7.301078298616358042e-01	-9.116108707360706109e-01	1.840053566694462406e+00	1.854028144118844146e-01
1.005154359612888459e+00	-1.175190618078727933e+00	-4.725643483914099274e-01	8.675583889461807585e-01	-7.560438471042392194e-01	6.901131436200163005e-01	-8.126493797408167463e-01	1.864181732184200913e+00	1.273445240024066172e-01
1.031770402764594641e+00	-1.132102072646668622e+00	-3.135979204576491153e-01	7.556723818051838126e-01	-7.927651033728841945e-01	6.619915280489073739e-01	-6.935701252441641707e-01	1.901604331381026913e+00	1.104747526413216857e-01
1.076096779759061040e+00	-1.070810787341910153e+00	-1.310597514880144088e-01	6.551716042808676255e-01	-8.160112382648622154e-01	6.364465762722333331e-01	-7.510932543557236052e-01	1.774125006085630174e+00	-1.745065237229529165e-01
8.234907323548844582e-01	-1.271734500066914908e+00	-4.110248423020983477e-01	6.322330000045769394e-01	-7.545497967787982985e-01	6.979610587906370789e-01	-7.862784137161247244e-01	1.663323165783443303e+00	-4.146159303206579105e-01
6.824669376795247100e-01	-1.371316060336967402e+00	-5.221195523524604365e-01	7.396225875821382800e-01	-5.519904963819629584e-01	9.027131632003588813e-01	-5.830001983360942885e-01	1.766425759832612075e+00	-2.683165116564257824e-01
7.553670414347422035e-01	-1.278633607957288643e+00	-3.064986981244800512e-01	5.133413057492350884e-01	-7.113793552927477615e-01	7.009732485375042010e-01	-6.673829406339524262e-01	1.605595823988357873e+00	-5.633701460593300014e-01
9.458219071946152301e-01	-1.079790251204660656e+00	8.375449479369079242e-02	7.550006856423412405e-01	-3.639752386822373564e-01	1.071912396231002207e+00	-5.557754122138351960e-01	1.621542483974548032e+00	-5.346860124310183204e-01
9.834198443268109546e-01	-1.015854741630235925e+00	2.339397991555254575e-01	6.465894732048408367e-01	-3.951884782002068053e-01	1.025860563534156888e+00	-3.936089018002980611e-01	1.682453914686590668e+00	-4.212990065908768789e-01
4.982269353025449155e-01	-1.416332237060846877e+00	-4.240009772883330808e-01	6.911944822940937483e-01	-2.613854277746381349e-01	1.137878106163604297e+00	1.234907559117339737e-01	2.065228664556898686e+00	2.527002277853133139e-01
9.002773757419694212e-01	-1.025650995531037557e+00	2.889359013173438129e-01	5.287257388982816719e-01	-3.538339789641933297e-01	9.834551411012864008e-01	-6.752879072793499526e-02	1.803105287520324174e+00	-1.871837707423010810e-01
3.815467686376145529e-01	-1.453834613630561767e+00	-4.191030573876991516e-01	4.936066082249305209e-01	-3.111699773750608577e-01	9.556337742953130432e-01	-5.342513776425749095e-01	1.289328974699855301e+00	-1.062078639835621896e+00
7.269348672226076946e-01	-1.111469269185299868e+00	2.075004186769554559e-01	5.671069733762859055e-01	-1.553951484334044342e-01	1.040581270029542704e+00	-1.133984801256273378e-01	1.582028821050488476e+00	-5.339289710159205171e-01
3.910223159664059644e-01	-1.374834053483944496e+00	-2.203866102703240515e-01	5.019729773308487797e-01	-1.541049590280526849e-01	9.547743104376072987e-01	-1.482193353264490143e-01	1.459747585343190934e+00	-7.190290452116507858e-01
1.957727243925780070e-01	-1.512060356719318710e+00	-4.313484067161051927e-01	6.607303673080958673e-01	8.499534688640296431e-02	1.123821830108350017e+00	-2.907646028695068385e-01	1.239061910196563865e+00	-1.071448098218218181e+00
4.253284246304647742e-01	-1.270139758430418819e+00	1.411819179181750261e-02	8.518314265911022254e-01	3.536973719420803963e-01	1.315963260464412254e+00	2.396055878572375397e-01	1.629889136201252864e+00	-3.650179180188181105e-01
3.309428984964185028e-01	-1.315884287456494883e+00	-4.181634770282328245e-02	5.318622006887193665e-01	6.179755069749996721e-02	8.651041600685595023e-01	-1.674282028407831635e-01	1.167658710370141018e+00	-1.134446368538850836e+00
1.737817551580928543e-01	-1.416773116410753097e+00	-1.948162498366781403e-01	8.335233633847576318e-01	4.354412307388725312e-01	1.133337692316836787e+00	1.691989840567616477e-01	1.381001412305093545e+00	-7.366781640300670286e-01
-1.777118677516398293e-02	-1.547507010081961898e+00	-3.988659091739983342e-01	5.564987801325727013e-01	1.728386873608666052e-01	6.730779956801441477e-01	3.754980830600668229e-02	1.166754320604535211e+00	-1.099401235336396221e+00
1.531321922590375695e-01	-1.354487177133416154e+00	-3.435900310900373567e-02	5.403307588846825160e-01	1.794739261110983031e-01	4.376820554152390796e-01	-4.308159309745668297e-02	9.964116430437490735e-01	-1.388419859105334719e+00
1.684876585542886829e-01	-1.298588030989773046e+00	1.007469095077327681e-01	4.847634724010760343e-01	1.253228017888302626e-01	8.555144208136312989e-02	5.300218949430439697e-01	1.419494718833222091e+00	-6.038177308169400126e-01
7.014200471672756010e-02	-1.342530347942693103e+00	5.654426753390266042e-02	5.317571829578939813e-01	1.672631627575349444e-01	-7.221304100898139067e-02	2.599012361577212049e-01	1.077253782392548320e+00	-1.103427587788355702e+00
2.244614401387004798e-01	-1.160551704390253347e+00	3.896492719660863413e-01	8.955523084081369323e-01	5.467372057776408445e-01	3.129338775370558157e-01	5.679322276935869773e-01	1.263266184238682976e+00	-6.811511420137592587e-01
6.826807894202674420e-02	-1.254551026398795566e+00	2.354471679162312148e-01	7.524241317043822708e-01	3.753884701938059454e-01	9.285519623382419707e-02	5.288894752478470185e-01	1.135900303847233728e+00	-8.074546558862898404e-01
2.261105361368005717e-02	-1.249729017487181348e+00	2.498899374935678042e-01	7.232210967711458771e-01	3.276280524928465443e-01	4.105130946928278735e-02	2.373251615592766317e-01	7.810369569846119520e-01	-1.329270199943256792e+00
1.307606007075486076e-02	-1.212343552858861528e+00	3.216413102913663336e-01	6.808894726642721329e-01	2.664678925215231420e-01	-3.353040559020990796e-03	3.068644641512767168e-01	7.566002521492338762e-01	-1.281307938735294139e+00
-4.677059290354951271e-01	-1.594128456103942604e+00	-3.329023795735781555e-01	8.859671724182965891e-01	4.740674723582663508e-01	2.492567499803061137e-01	7.116157560816454009e-01	1.039075905050182991e+00	-6.993757452048025014e-01
-3.554078352395640961e-01	-1.447289899045320016e+00	-7.059745694968488916e-02	5.240612718201332898e-01	6.772007542864086349e-02	-1.955812744599635666e-01	7.699099178426386247e-01	1.008684907954376042e+00	-6.565660581160802645e-01
-4.744992380745095550e-01	-1.506007790533335333e+00	-1.655502319853987547e-01	7.455324855642891935e-01	2.938268133156030082e-01	4.705255880610869496e-02	5.702824532149514125e-01	7.460510494072637444e-01	-1.016482320261250960e+00
2.057480676394851660e-02	-1.017307747742632884e+00	6.891888027044346110e-01	9.552906563173410026e-01	5.066678853630223189e-01	2.741771418919900505e-01	2.693081047216521751e-01	3.935590719482205402e-01	-1.531688701005448294e+00
-4.451972814836037684e-01	-1.383720418955654008e+00	5.935075098211722855e-02	7.389249126880991225e-01	2.553899686293333859e-01	-4.374781828018194790e-02	6.369718463649804985e-01	6.515332832746771885e-01	-9.898327974028227061e-01
-4.643594588137880397e-01	-1.351913822806132481e+00	1.202506264442223249e-01	6.940867155110260756e-01	1.881385792371295107e-01	-1.446712998315274334e-01	8.032513506666776326e-01	7.286835000265896589e-01	-7.622959228214947203e-01
-1.927071762375882069e-01	-1.060607098093247602e+00	6.307050933413844707e-01	7.000790508393305300e-01	1.730848778606167149e-01	-2.074586807804043309e-01	7.446549412427538872e-01	6.036992914482103290e-01	-8.834835434351323569e-01
-4.338591862192751059e-01	-1.225409173995807288e+00	3.493970485564278916e-01	9.097604993002017526e-01	3.762956444134608058e-01	-7.635639233891849953e-03	7.507956942956428570e-01	5.400423843440920191e-01	-8.984234020406175469e-01
-6.705450008161909503e-01	-1.385671317574855399e+00	7.581577319296889383e-02	8.682897371108937445e-01	3.054874340898556251e-01	-1.115856968672200578e-01	9.760873716210510809e-01	6.782049496775948150e-01	-5.636976435068021818e-01
-7.009018371939019776e-01	-1.361604281275534678e+00	1.220493097617242340e-01	6.440501430964657992e-01	3.409361809240120389e-02	-4.536486076026172154e-01	1.205415393214542608e+00	8.225668722522985199e-01	-2.186954507562888228e-01
-4.288839931590068266e-01	-1.067660101404677153e+00	6.359320981464271494e-01	8.016172540323240892e-01	1.735665916433302980e-01	-3.288402034516685890e-01	5.258236906221107620e-01	1.429183076657087326e-01	-1.299891900923147325e+00
-3.178965530532225081e-01	-9.164575469706552902e-01	9.025238824444815622e-01	8.238656463153360976e-01	1.640356907244423235e-01	-3.751064066594824720e-01	8.119551308292085601e-01	3.441575465164683489e-01	-8.574268216774860729e-01
-7.055868889597186611e-01	-1.208620283328030620e+00	3.999333401279758782e-01	8.949604061941252020e-01	2.036210475530615405e-01	-3.761904308572926459e-01	1.343043847390090528e+00	7.707660324193945645e-01	-2.538321558037681669e-02
-6.546492698245232056e-01	-1.109436046268983178e+00	5.764145314692489253e-01	8.277393843501985593e-01	9.001181434023126926e-02	-5.453485515721656629e-01	9.432653057541482422e-01	3.533969082471919432e-01	-6.554231763124978016e-01
-8.281300046436853579e-01	-1.209300847241619570e+00	4.074393355920339910e-01	1.073056926849094594e+00	3.123229088811468324e-01	-3.216486551967521201e-01	7.171506057186266547e-01	9.665452476369587598e-02	-1.007197336362174456e+00
-6.175141228165990093e-01	-9.662753191825402821e-01	8.339405570175992821e-01	9.435432116936981473e-01	1.269429872869001497e-01	-5.278069895587264027e-01	6.431196733174853186e-01	-1.899936221220205335e-02	-1.114158812842172219e+00
-1.231570124975436942e+00	-1.456650165701169009e+00	-1.058874904520590299e-02	3.344968437768942593e-01	-5.771777416300055696e-01	-1.275779746866869235e+00	9.243149708929526698e-01	1.912362344315745033e-01	-6.568366619383196880e-01
-9.248110507942970404e-01	-1.126004079160938254e+00	5.696260422604376705e-01	9.439357537529853293e-01	4.260096580447739201e-02	-4.998311549449367952e-01	7.184866225809160012e-01	-3.832301526076148379e-02	-9.567306014789533908e-01
-1.006001265544151257e+00	-1.139688875006447999e+00	5.532616279265467618e-01	9.418449945666464984e-01	6.229237175146451477e-03	-4.120457689415052971e-01	7.662250227164143501e-01	-3.388487743478119096e-02	-8.490733354832420421e-01
-6.741104047716033332e-01	-7.842862419300353771e-01	1.178119133515831862e+00	8.004775905714978101e-01	-1.741865742759854396e-01	-5.118169217171736340e-01	6.543437567859007320e-01	-1.710157695536027589e-01	-9.857982325390606260e-01
-1.047372581858656337e+00	-1.055491553319504394e+00	7.154198191567249232e-01	6.727642188708348181e-01	-3.354739835962681771e-01	-6.302447140167377615e-01	1.217561128851814223e+00	3.095545619694355377e-01	-5.310876801605995956e-02
-9.303095880054441658e-01	-8.887430888033250875e-01	1.010115507887920261e+00	9.368142571374185046e-01	-6.994487796433124238e-02	-2.925039602841749131e-01	6.530825785425702357e-01	-2.317226406051777488e-01	-8.943174915994986929e-01
-1.252429675935283315e+00	-1.111730622603803509e+00	6.274563235864856203e-01	8.051778198122339081e-01	-2.317199902949462764e-01	-4.370296182711699284e-01	1.057429602375330235e+00	1.117682602645492518e-01	-2.071392753106438556e-01
-1.047553514081335235e+00	-8.640468354414698737e-01	1.060024038809741276e+00	8.669268392613148633e-01	-1.852530115960626944e-01	-3.828304163736182542e-01	8.031691587845917191e-01	-1.401677062188844414e-01	-5.556716344874448321e-01
-1.135035384763314781e+00	-8.752721856219604080e-01	1.042499959111314434e+00	9.464154735541874253e-01	-1.190316897074880087e-01	-3.152909816981074309e-01	1.130077875591550818e+00	1.400046632407356273e-01	1.280470839365799307e-02
-1.167847849308793151e+00	-8.363176969041331565e-01	1.110560516518505070e+00	6.395760726429935428e-01	-4.729772994725426338e-01	-7.030250895538113776e-01	8.884135847130605335e-01	-9.346846419107068815e-02	-3.101790887209256997e-01
-1.064944046652915643e+00	-6.750296819303566176e-01	1.387783083517224236e+00	5.695758872528255967e-01	-5.687587849637432136e-01	-7.723819820677415571e-01	9.035887205471213601e-01	-8.977517007129591498e-02	-2.247837243770903215e-01
-1.214503344650950778e+00	-7.370886318873576259e-01	1.274276212211481019e+00	3.666679244855446385e-01	-8.088597870107085974e-01	-1.042793944152450525e+00	8.783444288722904725e-01	-1.193142797510828579e-01	-2.021985943651622430e-01
-1.371290067991418837e+00	-8.041743028362987600e-01	1.147391282022308889e+00	9.001601907762711852e-01	-2.512447240023826245e-01	-3.870272992649636534e-01	7.529353713915210022e-01	-2.364457768629612822e-01	-3.339518080361625341e-01
-1.251738434707152070e+00	-6.238268954647910869e-01	1.446361157359590699e+00	8.065110014601764021e-01	-3.711703652350009097e-01	-4.794590549734798479e-01	1.093393212351903454e+00	7.347958248525528202e-02	2.663363312215177858e-01
-1.471665510924903719e+00	-7.444646956189509002e-01	1.218676446577735106e+00	4.828058804206736276e-01	-7.381366336111446769e-01	-8.393641963574516307e-01	5.702737399669368656e-01	-3.987681314103888042e-01	-4.935401272017979624e-01
-9.242764155825622385e-01	-1.806301279605201926e-01	2.171748630790226731e+00	3.756256525910186550e-01	-8.696865128523602051e-01	-9.520466022294594710e-01	4.719143321638309962e-01	-4.817169768949888242e-01	-5.886779532859468533e-01
-1.716813407895747989e+00	-8.089453054570927559e-01	1.049960758760621227e+00	2.263683862506542244e-01	-1.045864462316539178e+00	-1.120984927364315098e+00	8.909068369157471246e-01	-9.147194240181942548e-02	1.292354270150082585e-01
-1.668678632044033439e+00	-6.878795930030179306e-01	1.217767496168632668e+00	3.556937701830744647e-01	-9.196808934246081257e-01	-9.460997962792929705e-01	9.030179997050703511e-01	-6.880408128530529632e-02	2.020302386905157843e-01
-1.525571833981790970e+00	-4.817651037306574513e-01	1.523533090532098067e+00	7.390586815116234609e-02	-1.235661480995771999e+00	-1.225885369381588763e+00	9.611358978139719067e-01	-2.146202214018247401e-03	3.422628829261438188e-01
-1.412992818283402396e+00	-3.026651678746297702e-01	1.771821028535481179e+00	2.055968325630024018e-01	-1.100214974734933460e+00	-1.004018057168067024e+00	7.015846765963136278e-01	-2.226516453343145019e-01	-2.513606978582261231e-02
-1.221572576002581512e+00	-5.358192676421275058e-02	2.128676916950163367e+00	3.658283827729691406e-01	-9.301617530397782163e-01	-7.331489690390942116e-01	1.108039492848415408e+00	1.639657639111633258e-01	6.509163154533887941e-01
-1.266960664952488269e+00	-1.602646743065791468e-02	2.106559639631361502e+00	1.907783636756905099e-01	-1.118582278286664788e+00	-8.532184031838143667e-01	6.465863567651985999e-01	-2.379756253615161743e-01	-5.309090151603462759e-02
-1.448804690848032317e+00	-1.010647252950665487e-01	1.858954384195626197e+00	1.954565243312172407e-01	-1.107749678188018283e+00	-7.534255310054477350e-01	1.115613503071043677e+00	2.065667892884657242e-01	6.985887938358470439e-01
-1.426617471672184667e+00	-5.971456848209082818e-03	1.910781342220635004e+00	1.571274707895042311e-01	-1.138584040045932166e+00	-6.922037196191234143e-01	8.064939808287044931e-01	-5.690513738037902142e-02	2.138459757780148962e-01
-1.503113993033989404e+00	-8.109071005110851660e-04	1.793356792323419269e+00	3.346742926319404843e-01	-9.298616361212970194e-01	-3.501042576779284654e-01	1.077123758779213292e+00	2.060326473720296980e-01	6.295273937036671708e-01
-1.405780146658674123e+00	1.566711669991356914e-01	1.930220444089766563e+00	-2.549037950751544823e-01	-1.546923598355962604e+00	-9.437912674128583479e-01	8.934161960226062460e-01	5.430766430600519890e-02	3.202480432331155646e-01
-1.323145965316901762e+00	2.980928201492514251e-01	2.026216143144595083e+00	-1.212805881635473371e-01	-1.374157416573493329e+00	-6.333730931997993974e-01	6.812364375716468690e-01	-1.250795293511798578e-01	-4.287932937276289769e-02
-1.445050237195327769e+00	2.539363416376912985e-01	1.789923990643171425e+00	-5.143419918201845853e-01	-1.764929573327137957e+00	-9.431523789991400619e-01	8.804182763429999614e-01	6.744946480695519775e-02	2.324518847272354916e-01
-1.395514320664579699e+00	3.586148803118229811e-01	1.803566286482806369e+00	-2.037088945260145945e-01	-1.385850650198581890e+00	-3.950018187437536743e-01	8.315076327037028703e-01	3.176793294861828681e-02	1.086256573565237971e-01
-8.986998595906003917e-01	8.573947455812734875e-01	2.493783976015532033e+00	-2.825021357332276883e-01	-1.421116627738552962e+00	-3.059812265766198025e-01	6.660242024440921060e-01	-1.128024570800151977e-01	-2.061340675940713518e-01
-1.426162060293844291e+00	4.395812898278994019e-01	1.589026104960579389e+00	-5.211165601553034987e-01	-1.621894476702027799e+00	-4.026824256355623355e-01	8.034644075924566309e-01	1.503872855207008530e-02	-4.938683761316406406e-02
-1.150896591087088749e+00	7.318577413151134969e-01	1.912390032144634322e+00	-8.714466008435631794e-01	-1.936018933146064658e+00	-6.225085467326749722e-01	1.151530763489633680e+00	3.313092827843910904e-01	4.369473664302921945e-01
-1.801066982647994585e+00	1.951456367538131342e-01	7.975512269640366858e-01	-3.739103473947303358e-01	-1.323309660666197374e+00	1.830906731168110424e-01	6.846666010478934528e-01	-9.688074342152135088e-02	-3.659713046831853944e-01
-1.482941116220363842e+00	5.157697356522664700e-01	1.172762293582655158e+00	-8.171774750784701613e-01	-1.722917597337122908e+00	-1.522494583175377780e-01	1.132271407359288551e+00	3.033337190137926354e-01	2.708359331204590603e-01
-1.160515849044765124e+00	8.353118380562125633e-01	1.549500276668095422e+00	-7.035744744488131586e-01	-1.512298453328553727e+00	1.873035191797269294e-01	5.114797386632345955e-01	-2.713214305550429861e-01	-7.749521775203462859e-01
-1.072640843432439928e+00	9.411264410308729511e-01	1.559970984611331657e+00	-1.079028034415819404e+00	-1.824936225163274361e+00	-6.118229999893604054e-02	7.563933389538120000e-01	-6.165868243873920407e-02	-4.554199229872618604e-01
-1.787781332903370490e+00	3.270959629733659613e-01	3.272707797009742903e-01	-9.910571084401821329e-01	-1.629087833861171175e+00	2.489457717615714827e-01	9.546767958612600857e-01	1.027784068845737364e-01	-2.068161357113363907e-01
-1.235427471521763465e+00	8.371292292291712123e-01	1.051802634866335406e+00	-1.100947826068440438e+00	-1.641728807081438868e+00	3.173681519465782475e-01	1.042853304590633412e+00	1.644935271230167084e-01	-1.282832326648863930e-01
-1.038661077238218988e+00	1.026063304843693791e+00	1.227044542523760162e+00	-8.907340150491795949e-01	-1.302019779251856413e+00	7.684115063824445979e-01	1.057796747667210546e+00	1.572268333491665115e-01	-1.626422968856576223e-01
-1.064034331556790169e+00	1.012946642045881918e+00	1.059480371935741072e+00	-8.808522605994570931e-01	-1.174825369175887868e+00	9.686147012045658311e-01	7.986870942805270879e-01	-1.013521520671076398e-01	-6.222885819033063814e-01
-1.320328029419558957e+00	7.901295863320743074e-01	5.355017733523548262e-01	-1.307493139348762323e+00	-1.516118023626181310e+00	6.444601269236618357e-01	9.495222299415596590e-01	1.115598324589922585e-02	-4.314863693060329575e-01
-1.103729979962023933e+00	9.845603464120721293e-01	7.434812141104324423e-01	-1.293479369231810505e+00	-1.375997729840320982e+00	8.442427200313968871e-01	9.379679582795640291e-01	-2.549747027562452792e-02	-4.912436955770624891e-01
-9.916403620120146645e-01	1.082296438851240605e+00	7.923884858267956632e-01	-1.755927752334893288e+00	-1.748835981704649267e+00	4.597091405285574917e-01	5.356609121367448267e-01	-4.187777790671263767e-01	-1.162003866296053456e+00
-8.329779457077114424e-01	1.218106107123176907e+00	9.152019443145017474e-01	-1.354145802467751736e+00	-1.182763764375272642e+00	1.107735996212428464e+00	9.034376558228478515e-01	-1.125791699240964311e-01	-6.121995920432186100e-01
-8.822603510056264975e-01	1.165545186301581770e+00	7.188270685335070853e-01	-1.469287312191291273e+00	-1.174557078329038884e+00	1.128755927700499040e+00	7.423843237596484679e-01	-2.880279334630507782e-01	-8.928731761976113068e-01
-1.082557652087693167e+00	9.755605193524294894e-01	2.925554042692331547e-01	-1.206242656115242173e+00	-7.572858775487125715e-01	1.534089145842441493e+00	7.987630493246162811e-01	-2.666849302195700711e-01	-8.393806395843683710e-01
-8.968683433696637008e-01	1.126571523663525420e+00	4.652823611357286282e-01	-1.548249954149916174e+00	-9.968932928856959474e-01	1.250523795991079101e+00	1.255006457858967694e+00	1.178355530181885991e-01	-1.343746145980136975e-01
-5.724755527353797557e-01	1.398570566125937331e+00	8.547004348463862478e-01	-1.902464118911234126e+00	-1.248254418527300347e+00	9.743885474408120473e-01	8.193612948958074460e-01	-3.084320791066543777e-01	-8.230995167880089669e-01
-8.295681362814332216e-01	1.150430842809082588e+00	3.480432906660308467e-01	-1.548782609537869392e+00	-7.319103859853026695e-01	1.526111618513208201e+00	8.005791724892968864e-01	-3.552383526944993264e-01	-8.563220077942672592e-01
-7.368036746405426385e-01	1.211672823187978310e+00	3.843193086910338119e-01	-1.337895847377106318e+00	-3.744533009968584736e-01	1.775621775927978430e+00	1.055636544993706849e+00	-1.537042491128942645e-01	-4.890953512134487147e-01
-8.903998202786727045e-01	1.051573005105686853e+00	4.254149687006003600e-02	-1.706129801084746100e+00	-6.499760703017885000e-01	1.433713678229953992e+00	1.019528330811051875e+00	-2.167621266337342034e-01	-5.233505901318642461e-01
-5.608441186408434920e-01	1.319887890518334883e+00	4.489644146273642500e-01	-1.558207057659694250e+00	-3.628043684653141088e-01	1.769988806361737721e+00	5.091487331564024110e-01	-7.092164769972991722e-01	-1.303776301639638646e+00
-6.231852504752724009e-01	1.237511522272829012e+00	2.506458331772906667e-01	-1.675511319936305199e+00	-3.635342068545512895e-01	1.724950672004303964e+00	8.517718894120756001e-01	-4.249534581473885519e-01	-7.473966251363126645e-01
-3.840933204724018002e-01	1.421959487100598940e+00	5.203230398396601064e-01	-1.667514046984000853e+00	-2.344717477896480218e-01	1.679969018383286716e+00	8.982583992586555821e-01	-4.105956106404484718e-01	-7.045932303041720912e-01
-4.976425572115462104e-01	1.291026320415692652e+00	2.492451593079816341e-01	-2.251993731617508487e+00	-7.527867050936739579e-01	1.103133555752369821e+00	6.852258629024587933e-01	-6.307009358992874404e-01	-9.680904972717863100e-01
-2.801561371622178775e-01	1.453583427066760692e+00	4.890142979826606617e-01	-1.719590818495027040e+00	-5.545024443690044214e-02	1.912072358358434254e+00	9.321499947756047844e-01	-4.298891955287806321e-01	-5.434075881215825188e-01
-1.684661159439205247e-01	1.520639183444081555e+00	5.642393478896882142e-01	-2.183483151428285751e+00	-4.373832098320292738e-01	1.447978549659395098e+00	8.159231875015058311e-01	-5.579690348714629877e-01	-6.914532526213839070e-01
-2.230331402639966210e-01	1.438405125926853101e+00	3.827313728589449293e-01	-1.964407941784072520e+00	-7.945673621730783842e-02	1.803501203053817115e+00	5.461311743535378627e-01	-8.247698339294299297e-01	-1.109880034657402703e+00
-4.381751278906151903e-01	1.212336610175044349e+00	-3.185019705037225868e-02	-2.102322002876775286e+00	-1.165646333334035001e-01	1.575021831209579393e+00	5.929322173256996731e-01	-8.026758140328914548e-01	-9.668485567187329321e-01
-1.340300270868323429e-01	1.447964415853906228e+00	3.481197474457694563e-01	-1.752789808630359936e+00	3.696178969245998980e-01	2.024274143447526875e+00	8.907610894021151804e-01	-5.496484613867018698e-01	-4.430938342112643036e-01
-5.147231411601599360e-01	1.072710655577515215e+00	-3.355567610851249993e-01	-1.809607278154043541e+00	4.136962586819573628e-01	2.012550548260422012e+00	7.406641508786983019e-01	-7.018667058337625386e-01	-6.198974992235424253e-01
9.783641882710852888e-02	1.580906943710977064e+00	5.159462334779765236e-01	-1.758442782209808319e+00	5.708072355579807411e-01	2.074854191178426177e+00	3.641023727477000205e-01	-1.058101041006963783e+00	-1.154165408107541202e+00
-1.438175707900774536e-01	1.327493469342346133e+00	4.832643089220831079e-02	-2.194685465083155762e+00	1.932225962217922755e-01	1.518729310158164925e+00	6.426117042812080626e-01	-8.167796533572683204e-01	-6.567599415301796917e-01
-3.429895859123115176e-03	1.413419096447511736e+00	1.741894577720784487e-01	-1.711186584543674005e+00	8.056868867709023885e-01	2.068846717524171819e+00	3.109047617079093717e-01	-1.127766262611422876e+00	-1.095118013546185320e+00
-2.096845552905788820e-03	1.374781572235128202e+00	8.446408983528072567e-02	-1.719697154691822938e+00	8.784299851574159934e-01	2.002918726419291140e+00	1.826533614221292900e-01	-1.252193996395764675e+00	-1.243334312967149025e+00
8.331096213182243027e-02	1.410138331823606928e+00	1.212171319542527381e-01	-1.988136591529897190e+00	6.618918287307151704e-01	1.607190074878583674e+00	3.831876456205795534e-01	-1.076392628133984619e+00	-8.682350053954024371e-01
-1.520613307474053544e-01	1.158965107719106546e+00	-3.378372187079571876e-01	-1.933898503936124502e+00	7.865860317947288571e-01	1.580149135060032739e+00	3.166829063351566664e-01	-1.142035468201899828e+00	-9.065979784605634473e-01
2.747647924141350395e-01	1.496618748057425785e+00	2.252783972320682726e-01	-1.555382808565218600e+00	1.253994478443761995e+00	1.937246299121378357e+00	2.025808307256256602e-01	-1.248923031443868625e+00	-1.000628157254586759e+00
2.762768333765152629e-01	1.454520121046799064e+00	1.264240846795774142e-01	-1.649193926660758480e+00	1.201641650644813986e+00	1.711422090334298041e+00	2.222624354940642977e-01	-1.232663783916356115e+00	-9.030814365546486755e-01
2.772626679914151349e-01	1.411060999054147835e+00	3.137982339653617309e-02	-1.375434430882269021e+00	1.534955824696114801e+00	1.844806997197411702e+00	4.412490061085393989e-01	-1.033210976210402698e+00	-4.710803690942995114e-01
2.113563081371145624e-01	1.307236703426847946e+00	-1.668714097364946414e-01	-1.282376903934512313e+00	1.659044094658669088e+00	1.747006569276363441e+00	1.810725960957060288e-02	-1.415468634233605583e+00	-1.047153215358415768e+00
2.866035966620098518e-01	1.328353674007217045e+00	-1.460733959929020331e-01	-1.339611419847643425e+00	1.605941975748760076e+00	1.443952494980767165e+00	3.345503560283184519e-01	-1.123093985532841899e+00	-4.559141700986338863e-01
3.813248809750536261e-01	1.366076047350091693e+00	-9.482007879265577643e-02	-1.261282477322500206e+00	1.686466205040773048e+00	1.311744220028532970e+00	1.926249158391987182e-01	-1.245202690572721815e+00	-5.724464815993375311e-01
1.884394008496382000e-01	1.147016233924679884e+00	-4.868399118140155357e-01	-1.302076335604907875e+00	1.628565463699727323e+00	1.100176180235156398e+00	3.988467726644663869e-01	-1.047519679282185034e+00	-1.235582706489256610e-01
5.208060765661753910e-01	1.395083514211405529e+00	-6.559475793134372790e-02	-8.066554553091362934e-01	2.149427264923085001e+00	1.664347190507716512e+00	7.008502431365831731e-04	-1.395614025904733158e+00	-6.082648609536750461e-01
6.445239814699585956e-01	1.456824246061193096e+00	3.398236076406921380e-02	-1.359237126171579657e+00	1.536657407922013441e+00	9.829594978042692777e-01	-1.326359645027129497e-02	-1.390412698917570911e+00	-5.055920146741138543e-01
5.891833949821153604e-01	1.358598113621317438e+00	-1.430143190618083371e-01	-1.113607090417518375e+00	1.787952425296571279e+00	1.197192591000089568e+00	-1.230251621698621178e-01	-1.470127314057071866e+00	-5.742912566448938883e-01
2.354841188348457681e-01	9.940564403341936028e-01	-7.852410585466900184e-01	-9.607805633850923233e-01	1.927985449588485833e+00	1.136987068004904122e+00	-2.244985221422506338e-01	-1.541583769164667883e+00	-6.467927916329038185e-01
6.228453285536127426e-01	1.288569791294404299e+00	-2.891934339393253395e-01	-9.542675902633445117e-01	1.893300307164654139e+00	8.137073075400444999e-01	-5.732131037327581335e-01	-1.836528649667783952e+00	-1.084842673419678549e+00
7.363995212247170796e-01	1.338231487614209625e+00	-2.203617838503134641e-01	-4.626346562283796815e-01	2.369491106924853430e+00	1.126830335847702980e+00	-3.784242136161746761e-01	-1.633928886685549697e+00	-6.261322940246583091e-01
7.803687975510681385e-01	1.324812809702732519e+00	-2.607967751179086635e-01	-4.221360294239947519e-01	2.346066397420959682e+00	9.320951799675081251e-01	-6.096334318562910415e-01	-1.813745316107028938e+00	-8.085163626555441629e-01
7.758771192717731635e-01	1.267254323801711102e+00	-3.717003551337466072e-01	-6.964837902032702255e-01	1.974594167640914222e+00	4.089180905207177030e-01	-3.663540848096191738e-01	-1.557716742336863192e+00	-2.659094169591262324e-01
7.071542174700653494e-01	1.151660366045620609e+00	-5.795094765642669898e-01	-7.321924981779512898e-01	1.854107161041014029e+00	1.460623714599263989e-01	-5.975352013192798406e-01	-1.729509995171969461e+00	-4.697606847732630486e-01
8.919284578622457271e-01	1.260932209532507287e+00	-3.977772264010401293e-01	-3.134571502996040260e-01	2.216916212563610600e+00	3.936776742540947227e-01	-3.495220072374042863e-01	-1.461664263804927977e+00	8.887310648536184132e-02
7.893857847566673192e-01	1.113420457178664558e+00	-6.614485277268329355e-01	-7.416346773990276642e-01	1.653361360254098633e+00	-3.558613239803528061e-01	-5.912610000922589037e-01	-1.635192541888637274e+00	-1.168818848005299393e-01
8.232589600262726348e-01	1.086374296399936545e+00	-7.172658496429723529e-01	-2.542098654957022918e-02	2.322514395388982855e+00	2.731404267006428688e-01	-8.682161136552829506e-01	-1.836437838362804165e+00	-3.686834576049765611e-01
7.257871011462869726e-01	9.412689735053049178e-01	-9.779796335953347963e-01	-4.243740783792487870e-02	2.190386287998655757e+00	2.149944543167198879e-02	-9.324520579775945617e-01	-1.839563119989618967e+00	-2.759413792535603815e-01
1.149583117663188325e+00	1.259149486826025344e+00	-4.371401157933559323e-01	-1.177935728158036460e-01	1.987476910260298046e+00	-3.170325285411340621e-01	-1.038735318344183201e+00	-1.875973475416322866e+00	-2.396789683505284319e-01
9.615003376682020875e-01	1.030809648755886432e+00	-8.454692344293569528e-01	2.721544917503222472e-01	2.281745184196501519e+00	-9.159890695390440762e-02	-1.063096118906988741e+00	-1.832542789320827925e+00	-6.387560979014629547e-02
1.057503263062432586e+00	1.054006127317750785e+00	-8.176189665730267953e-01	4.753188468773337783e-01	2.366160228705197710e+00	-1.032655393870088867e-01	-1.433136543309786903e+00	-2.097873180385963821e+00	-4.235980444284084268e-01
1.142684085818490791e+00	1.066050156879611910e+00	-8.077983090389491139e-01	7.500895466184118732e-01	2.522411748022275635e+00	-5.651121498749356320e-03	-1.148083466030526800e+00	-1.761473326645742521e+00	2.571003104948707541e-01
1.102571740810200485e+00	9.649227997732849893e-01	-9.967432837066466655e-01	5.180920610605377341e-01	2.123656559175160385e+00	-5.290400747202720355e-01	-1.055532670227640413e+00	-1.593914087772273724e+00	6.461010731863133794e-01
1.177785157686772832e+00	9.646016145783243845e-01	-1.014808456210934962e+00	8.595012669668798955e-01	2.340857377217910873e+00	-3.474698726666715642e-01	-1.623448200293464039e+00	-2.020193873092679837e+00	9.275992024812662606e-03
1.378442390160252717e+00	1.074290506632281650e+00	-8.249130972313957200e-01	6.781614507659674551e-01	2.048138377051470282e+00	5.259303739699219271e-01	-1.408299566433478534e+00	-1.721858977233195809e+00	7.769266554198112074e-01
1.490080576370813148e+00	1.103454305134693669e+00	-7.743538267495145844e-01	8.984499715683168519e-01	2.169044405229880290e+00	-2.482322447992084957e-01	-1.510154249215421851e+00	-1.699065190192343255e+00	9.256387835373639517e-01
1.440973666053317892e+00	9.874775385216836288e-01	-9.905215447210964363e-01	8.297862108766909106e-01	1.936424941541736944e+00	-9.543362888047692838e-01	-1.180589712329741747e+00	-1.278320640133280062e+00	1.683315248666517716e+00
1.742619964042120273e+00	1.181399406616978842e+00	-6.749618292230259442e-01	1.020140144224429779e+00	1.964096586806728606e+00	-1.150988874253864314e+00	-1.535156418875590845e+00	-1.474555463077753092e+00	1.369689500459932763e+00
1.338370452989162462e+00	7.440301711808213758e-01	-1.456604757189904342e+00	1.048201819596245032e+00	1.804583850734383210e+00	-1.476597655470644810e+00	-1.746819217119359724e+00	-1.534849347308138823e+00	1.295877876390920669e+00
1.412364818088536200e+00	7.297025303034385679e-01	-1.502090337990099611e+00	1.086515620292020534e+00	1.650427165087210657e+00	-1.704458587394999558e+00	-1.615662526599231485e+00	-1.276810657558551387e+00	1.772579512177176353e+00
1.471978271082194478e+00	6.997298682536311487e-01	-1.569947777997422689e+00	1.109762897456055608e+00	1.475050867331736404e+00	-1.891951831940363427e+00	-1.848061009355718820e+00	-1.342615432232432626e+00	1.680792839980896680e+00
1.422550736237557567e+00	5.699422526704379655e-01	-1.802271319079865819e+00	1.257086786151971447e+00	1.432927514178760964e+00	-1.951015922131515756e+00	-1.598071528873713953e+00	-9.629061283675867111e-01	2.345852044021271343e+00
1.315880856588435899e+00	3.866342976205253690e-01	-2.119010624568823609e+00	1.279691434972576314e+00	1.252813919368116480e+00	-2.143213115965465487e+00	-1.913293940320820008e+00	-1.090780582928124076e+00	2.114132726367702109e+00
1.359802527226637192e+00	3.351604646510130681e-01	-2.193808772874389579e+00	1.003437236446328651e+00	7.505719114485912558e-01	-2.622691303742740399e+00	-1.715801148923937980e+00	-7.464552808689179919e-01	2.676132617221944177e+00
1.619332615888913640e+00	4.738628218851462792e-01	-1.922650452122270259e+00	1.457639849597636150e+00	1.042535130232170149e+00	-2.201129774637748504e+00	-1.877692940941867672e+00	-7.240455038258599707e-01	2.651086041113917435e+00
1.472378975139339463e+00	2.492888463275756972e-01	-2.263605815729182069e+00	1.660850801245751907e+00	1.067424860225585803e+00	-2.039918599912539321e+00	-1.750960019055430861e+00	-4.353898295901644788e-01	3.052642658437162648e+00
1.826916343355340810e+00	4.707427079816279836e-01	-1.806744746206855989e+00	1.582227363631930173e+00	7.955116349198392278e-01	-2.158899386578049473e+00	-2.083582944734490905e+00	-5.624834588532641177e-01	2.692613965574202073e+00
1.331539894124956325e+00	-6.435242780614983116e-02	-2.638373352888580214e+00	1.607037814574667989e+00	6.423811093404498962e-01	-2.192022455641575274e+00	-1.794235198569134715e+00	-1.239046300922113097e-01	3.267131884908996309e+00
1.566459060311023999e+00	5.209990559040553193e-02	-2.312981341256871826e+00	1.605834109128266185e+00	4.697889286658537000e-01	-2.184746513192372674e+00	-2.040920922481558097e+00	-1.751324521217386132e-01	2.946681773410595451e+00
1.476114256015795823e+00	-1.188749553658090680e-01	-2.459773583812428832e+00	1.329021450349698208e+00	9.452749022533124545e-03	-2.465173626156812681e+00	-1.916275459486676658e+00	1.067176500401967321e-01	3.157382425237475143e+00
1.536782847398705076e+00	-1.521269318399897930e-01	-2.342321323421644230e+00	1.717366224568120048e+00	2.813751109747643087e-01	-1.960540683191937417e+00	-2.195322180475447027e+00	1.433804141705533053e-02	2.678575486835530040e+00
1.416046799881188756e+00	-3.427820723759643085e-01	-2.476629726170883838e+00	1.581763093607703841e+00	-3.727385319601927982e-03	-2.056803435650767398e+00	-2.485773534704442511e+00	-9.761486849894335238e-02	2.130875483289089267e+00
1.579245800880817008e+00	-2.756342319768701477e-01	-2.145121088489734262e+00	1.429393368203730308e+00	-2.928397286750213380e-01	-2.113323071837167610e+00	-1.844983191907400011e+00	6.262641938985082923e-01	3.003464240632987003e+00
1.530414701300112812e+00	-3.916288756729230380e-01	-2.117076316153012616e+00	1.365326636532803839e+00	-4.713819515016027251e-01	-2.040409152538170456e+00	-1.932768781896702759e+00	6.747709320865982185e-01	2.685888086131769992e+00
1.573317899286388766e+00	-4.197060020728838881e-01	-1.926503010242818448e+00	1.257821222604460720e+00	-6.805326663352978533e-01	-1.986834944206803621e+00	-1.885262688912458184e+00	8.323233684899709051e-01	2.545577311226295603e+00
1.692736342606016464e+00	-3.730200460557832054e-01	-1.601274682803472293e+00	1.308368679790006484e+00	-7.030017919356404965e-01	-1.734748349280086810e+00	-1.735829668350026278e+00	1.067655546923812260e+00	2.536535809505983785e+00
1.416973089405659136e+00	-6.713789199822045584e-01	-1.873998316451201296e+00	1.483619806472012970e+00	-5.742231031778484152e-01	-1.315749626781548276e+00	-1.985134801224285095e+00	9.249745912859648200e-01	1.878794816252894684e+00
1.364517460403330329e+00	-7.640503460059872021e-01	-1.796639293018544414e+00	1.227224856615498405e+00	-8.979498476310824318e-01	-1.406845365912338330e+00	-1.810352937093956616e+00	1.152631627838891060e+00	1.874804042442872021e+00
1.572674969221609320e+00	-6.178243032346699692e-01	-1.309406719490288307e+00	1.789719050811387158e+00	-3.170694271851388080e-01	-4.712367747393557682e-01	-1.608005856899955344e+00	1.390098310124544101e+00	1.903981948675612212e+00
1.298740269855997997e+00	-8.942085331901350465e-01	-1.564175076141164134e+00	1.436773369611406226e+00	-7.112145386028436711e-01	-6.400318375763884848e-01	-1.698253166411149762e+00	1.346688736114574514e+00	1.468692575088676122e+00
1.188753989221509766e+00	-1.018181700854781324e+00	-1.567214807842495450e+00	1.622552796725357460e+00	-5.070528871566710727e-01	-1.818738177953063140e-01	-1.815220850938161767e+00	1.264820166824643710e+00	9.906532102957212871e-01
1.185806208499004422e+00	-1.040769698348040784e+00	-1.407488583705730711e+00	1.417533787426180414e+00	-7.125371533814545133e-01	-1.892947290066209487e-01	-1.473787311797153832e+00	1.586507419752573478e+00	1.238150636124824455e+00
1.306398409490610479e+00	-9.476547824058577651e-01	-1.060939599945590839e+00	1.174802408733157222e+00	-9.458514104818669388e-01	-2.468366003905691497e-01	-1.820359750091599338e+00	1.269984210544341074e+00	4.071554548844124044e-01
1.034562698368197697e+00	-1.198681638928564164e+00	-1.324988602224476120e+00	1.207000367269368102e+00	-8.697889264739875337e-01	1.028376481286992494e-02	-1.465950859446541354e+00	1.579434007989375832e+00	6.876441500243277716e-01
1.022880101878680614e+00	-1.213118040069064429e+00	-1.192001043599098198e+00	9.261755350485793015e-01	-1.122889608701679531e+00	-1.225301906741067259e-01	-1.388796557244826646e+00	1.626124685336291620e+00	5.400737458245997713e-01
1.413947737282544193e+00	-8.643715973608248060e-01	-4.421094524229609024e-01	8.574269027287395595e-01	-1.137318604733064120e+00	-6.642551073527236394e-03	-1.169968991947350156e+00	1.792012438408443931e+00	6.248442947590585606e-01
8.232147970470468090e-01	-1.385745805977457001e+00	-1.214367985320607080e+00	1.450680326107293361e+00	-4.269104954613259784e-01	8.831234282241071654e-01	-1.334981054216588081e+00	1.600077146852688426e+00	1.144031277571130323e-01
9.192876770315843160e-01	-1.291717004134952607e+00	-9.306060509669894509e-01	9.601169294719558156e-01	-8.849845416897815786e-01	4.519103325334469234e-01	-1.197708028873547992e+00	1.675201572628337132e+00	8.989969395750432857e-02
8.656246321150785628e-01	-1.327560697299559056e+00	-8.834748495011549574e-01	7.996010752990690973e-01	-9.806266322178122108e-01	4.043398438562386676e-01	-1.039973375624897223e+00	1.761915319448164263e+00	1.074938733181151768e-01
1.359931004185217951e+00	-8.722963141857524860e-01	5.595922148301069043e-03	1.002758245535542159e+00	-6.786590107224423907e-01	7.791478322324704164e-01	-1.313845791117055573e+00	1.449902654170142746e+00	-5.444907426297969089e-01
1.095311226535461202e+00	-1.089990548169552653e+00	-2.824391797701178985e-01	1.079164279610393518e+00	-5.114452222131552483e-01	9.885284265105855894e-01	-9.433457971949623655e-01	1.718503545720497572e+00	-1.717066701315823063e-01
1.092855957040772763e+00	-1.071644962841771465e+00	-1.695465709151527389e-01	7.665917841551287415e-01	-7.640985654597153287e-01	7.141808097001614009e-01	-8.345931408434351662e-01	1.744330450883001316e+00	-2.011159832610208420e-01
1.015923799354657930e+00	-1.117276382200864004e+00	-1.754620373595247029e-01	6.766097555912627959e-01	-7.746656076791256229e-01	6.987428917496010250e-01	-8.092450033868108239e-01	1.690280464862521592e+00	-3.521566255050811445e-01
6.603110141361395735e-01	-1.408958162421973803e+00	-6.157245298008701129e-01	4.609625637972254442e-01	-9.209409560284691487e-01	5.241578084154417949e-01	-4.983372345270205006e-01	1.892568969881414986e+00	-4.321948423975896514e-02
8.394390227480161837e-01	-1.222562149018996847e+00	-2.333353189851711251e-01	6.745396617683869778e-01	-6.024111598365191611e-01	8.568467415879794657e-01	-6.456032484424932827e-01	1.675458668943197837e+00	-4.449464066429380527e-01
8.230124004017658201e-01	-1.208632888256721882e+00	-1.577088479740885729e-01	7.525293324319540789e-01	-4.312869523935453087e-01	1.022150060265846871e+00	-5.795983695283732917e-01	1.650342766755508395e+00	-4.966050340060375601e-01
8.388115422030828494e-01	-1.164667169327050500e+00	-3.974042958943613257e-02	2.759747712028023381e-01	-8.606478539907373992e-01	5.401913720125093299e-01	-3.733873240943432759e-01	1.751553704488479690e+00	-3.157258112037742981e-01
8.990742254261601119e-01	-1.079947252816946035e+00	1.454301543077894388e-01	8.232267654466007833e-01	-1.804766841660900289e-01	1.271537032796764333e+00	-3.196935547746083128e-01	1.713083319376053071e+00	-3.729310502690413864e-01
7.105093334873848754e-01	-1.215693227913963614e+00	-5.381388870927911183e-02	6.821109664474566125e-01	-2.475178543756356708e-01	1.151455057076279820e+00	-7.110133768772693985e-01	1.268966211971177538e+00	-1.129616513105599296e+00
5.452056670888272283e-01	-1.329650237500394905e+00	-2.166753101995610165e-01	8.775856802554660163e-01	4.800643950963889850e-02	1.425006041463338313e+00	-2.885519332119959035e-01	1.564109971015359424e+00	-6.038823797052700337e-01
6.034091237513707906e-01	-1.243484582808369154e+00	-3.268677362307909062e-02	7.668812897115786509e-01	7.826424738917009405e-03	1.290174781822671202e+00	-5.476887294588095312e-01	1.238466279389873304e+00	-1.149942801157187944e+00
4.221343637783533387e-01	-1.369541864934111342e+00	-2.199731119981002403e-01	6.504174838556153748e-01	-4.285045420328513488e-02	1.148060576751096296e+00	5.010031331094670637e-02	1.691519373671612314e+00	-3.414748258731150066e-01
3.650486229616518585e-01	-1.384088635017216351e+00	-2.172927401953162196e-01	6.952911073364648198e-01	7.677621772681933465e-02	1.190656457873322527e+00	1.018853751496501259e-01	1.647491371780806402e+00	-3.895053177097132502e-01
3.068869727975935269e-01	-1.398710902131117040e+00	-2.156936626846296945e-01	6.565444150026866765e-01	1.006424565652309089e-01	1.115635766944451213e+00	-1.838892860065896931e-02	1.446562112286092106e+00	-7.068532226675072749e-01
2.313630356945184374e-01	-1.427951899429990235e+00	-2.417201716417430590e-01	4.721581929864683280e-01	-3.936039931834189876e-02	8.398606484869730604e-01	1.376349192136435418e-01	1.496394273995477864e+00	-5.889041105745183025e-01
1.666760234853655598e-01	-1.446763308464968478e+00	-2.516967777858555300e-01	7.176332382433855406e-01	2.790822520933385897e-01	1.058100720987102061e+00	-1.561162770846744041e-02	1.264361152130385690e+00	-9.606511061089614278e-01
1.283634350045043115e-01	-1.441330633952167206e+00	-2.201933717266860435e-01	5.180263958799030677e-01	1.067529064398884675e-01	7.129200085342011217e-01	1.353538693079190947e-01	1.307868570848208289e+00	-8.658761032446142814e-01
3.235015461343046517e-01	-1.227164687455345460e+00	1.764805095018238401e-01	9.265290002386996626e-01	5.822863041810015794e-01	1.044148881252884964e+00	2.121030721359830340e-01	1.281680156245688540e+00	-9.081290256709226849e-01
3.359657794392627572e-01	-1.174469671297667661e+00	3.029986048421294820e-01	1.973433617393552941e-01	-1.910029066927262653e-01	-1.052197049877399149e-01	-2.090168192635870614e-01	8.003463746477957885e-01	-1.720866947535053093e+00
2.428542689160832768e-01	-1.214283966909024848e+00	2.717420987616964712e-01	5.354705542385770345e-01	1.740794645995468459e-01	3.958969751344756927e-02	5.614479123768685298e-01	1.403058152239063050e+00	-5.991853047742843330e-01
-2.391704586563075247e-02	-1.407532838745025661e+00	-3.885434988333490158e-02	6.261054336216623772e-01	2.595865727238553800e-01	8.236149617797318412e-03	3.305353901638151681e-01	1.097280776075789888e+00	-1.029285634144188277e+00
-5.871447584821871957e-02	-1.393511025449546192e+00	-2.321416576114246344e-03	6.614632508136194522e-01	2.831102741361608000e-01	7.218209337296846440e-03	5.734786030298573145e-01	1.224891846612796042e+00	-7.107880078953624503e-01
-2.599585562611884115e-01	-1.527273665423134918e+00	-2.275041556185961045e-01	5.511820069230535246e-01	1.477458152538365099e-01	-1.322471212704666998e-01	2.213201171556922753e-01	8.134769135392670991e-01	-1.328084168636390672e+00
-2.079243273258025160e-01	-1.435120968671801389e+00	-6.160263402658409937e-02	9.604664621891787490e-01	5.755501012479394829e-01	3.475466224155861483e-01	4.872250806970203629e-01	9.662776428258600392e-01	-9.716295090178292959e-01
-1.069030579492105532e-01	-1.298907812722641220e+00	1.823604144620822320e-01	4.859616481369933849e-01	4.694935867201030510e-02	-2.290698298861162663e-01	2.791634399780928422e-01	6.900035284302938887e-01	-1.359145986005940721e+00
-5.135741155283783943e-01	-1.614303258350977988e+00	-3.571373412664049507e-01	4.737514248193446242e-01	1.967501709688052047e-02	-2.594613098011015473e-01	4.925995554334588467e-01	7.992522798765384628e-01	-1.075090213003608408e+00
-5.138944948161686677e-01	-1.567352258769968421e+00	-2.683489071213176480e-01	5.888651219728163744e-01	1.315456796943641204e-01	-1.182000481197874042e-01	5.156633113289335046e-01	7.376858165169010162e-01	-1.085712149475132504e+00
-4.061534639447710315e-01	-1.423661060477886098e+00	-1.181998416012378095e-02	7.303102515449974019e-01	2.714086739317334573e-01	3.364977083686838955e-02	6.466772455197096203e-01	7.766075255096599461e-01	-9.226935839482768298e-01
-6.364314391434392482e-01	-1.580452325507264444e+00	-2.775372977423194443e-01	5.896220294920379024e-01	1.038089259036730633e-01	-1.907983257094183760e-01	8.697413152898605393e-01	9.016007424456916608e-01	-6.104888605361773468e-01
-3.498602657089266987e-01	-1.276480682360376040e+00	2.557881721912954598e-01	1.114658072596123928e+00	6.555296856064704025e-01	4.016310636284330382e-01	8.148168853462607331e-01	7.761120394283739232e-01	-7.333397214039374390e-01
-4.072476943472709832e-01	-1.278261931513858363e+00	2.581387936513963033e-01	6.377306641514017826e-01	1.189339469204302863e-01	-2.406219313985484831e-01	6.657231842243983566e-01	5.673529656493019324e-01	-9.991339302321855520e-01
-4.037287165312690163e-01	-1.225277587395697809e+00	3.547515843265655056e-01	8.899907826859106974e-01	3.696238791372009613e-01	3.247001970715368557e-03	5.929004748079405029e-01	4.304081157971212379e-01	-1.140537651204138081e+00
-7.172201494911648600e-01	-1.454029116242647746e+00	-3.746209013291923462e-02	5.072059146563960841e-01	-6.959622088546790764e-02	-5.100400762236465546e-01	6.218100996021074245e-01	3.884880896103422021e-01	-1.117094215201595020e+00
-6.100993351260842745e-01	-1.307650320655038501e+00	2.208802019971919661e-01	6.755383552535406677e-01	8.590149091021449801e-02	-3.710432107114238764e-01	1.124138842449739606e+00	7.796670251170104704e-01	-3.438304162719872936e-01
-5.979273738895406476e-01	-1.245215443396930244e+00	3.332765041861621147e-01	8.569144061465314710e-01	2.525943104585069987e-01	-2.210319537092048647e-01	7.373580742883015793e-01	3.648437192762586379e-01	-9.656218944145197325e-01
-7.470873298048417155e-01	-1.325805001393700389e+00	1.976987871094534888e-01	8.384907304509264803e-01	2.005886542739652723e-01	-3.103704276322100664e-01	8.801862640794353432e-01	4.342816963004725306e-01	-7.506543908498277684e-01
-7.952937664156473074e-01	-1.315811459551589735e+00	2.192818284670296769e-01	6.486713442306906163e-01	-4.080671557964740681e-02	-6.285203499804752347e-01	7.615681728927754524e-01	2.685386348244530597e-01	-9.438925483059280586e-01
-4.358235928470599041e-01	-9.420475289667981089e-01	8.723705985332081969e-01	7.610140508812763827e-01	4.189479985078264912e-02	-5.799956399176567912e-01	9.543696390022625708e-01	3.886543278365368059e-01	-6.421855457171484760e-01
-8.672710992640793037e-01	-1.271808897519538073e+00	3.045554865878188355e-01	8.512915709077587545e-01	9.741290793703850925e-02	-5.498172004207024788e-01	1.036440427530883612e+00	4.107311710533266824e-01	-5.105246751028671426e-01
-7.607576418408478203e-01	-1.121692175514692247e+00	5.695399312560593952e-01	9.542589026117914708e-01	1.645251795014449070e-01	-4.906773436880154660e-01	1.044470004789926021e+00	3.682268469746505235e-01	-4.904619987941492565e-01
-6.509676834676705326e-01	-9.677387556087060361e-01	8.425092173285231301e-01	8.444158328137886249e-01	9.158726138576572806e-04	-6.503873410734257732e-01	9.644518352239122017e-01	2.484223465378329887e-01	-6.050138906101921732e-01
-7.235733257020133813e-01	-9.751871874258484230e-01	8.360428226105338645e-01	4.150353948974976892e-01	-5.069775935975086023e-01	-1.155078816529399699e+00	1.432211856240461767e+00	6.298541045103634994e-01	1.527977277110647014e-01
-9.765380949728843518e-01	-1.142147525492056115e+00	5.532879313911016617e-01	9.263473706640028560e-01	9.896766772705484216e-03	-4.642694212023026346e-01	1.262287425394263973e+00	4.346251527294172079e-01	-8.578662955934446277e-02
-1.295186313978415882e+00	-1.366396278010220566e+00	1.722382157921734658e-01	8.423140674234104175e-01	-1.116573956817683844e-01	-4.958971019213047060e-01	8.905292652536727083e-01	5.936019753582523484e-02	-6.348671498841701455e-01
-9.343626845825605542e-01	-9.842850321466801722e-01	8.434259986471944748e-01	8.430109510582407539e-01	-1.354525214425997270e-01	-4.165044244864375411e-01	9.213945845139585034e-01	5.395357765324768073e-02	-5.433958574513021444e-01
-1.082975086577550705e+00	-1.054484073511507747e+00	7.280033841972031183e-01	3.827863678862667984e-01	-6.558940009250759928e-01	-9.461680213435550435e-01	7.768758772283095304e-01	-1.071617711372983978e-01	-7.226195556930337105e-01
-7.565986724828527299e-01	-7.003684283000667365e-01	1.347319488395882336e+00	5.591528298351362558e-01	-4.852670269944017178e-01	-7.320968031331893666e-01	1.162234733687769195e+00	2.173218525849849037e-01	-6.685506515977346353e-02
-1.123180652200453933e+00	-9.619419220939506854e-01	8.970775614243597929e-01	6.155319368854093032e-01	-4.444022031977294396e-01	-6.976394725153896026e-01	1.296638790651685635e+00	3.172023883689007451e-01	1.962824263450962392e-01
-1.255614649329619859e+00	-1.013590698012456492e+00	8.097015795655952974e-01	7.308769204273852793e-01	-3.393844726393328015e-01	-5.541892015037133135e-01	1.130522789561658747e+00	1.473743546880427746e-01	-1.046242309192568776e-02
-1.304355239005374756e+00	-9.892226567205499865e-01	8.537211340280234095e-01	5.790823906373883112e-01	-5.253531544742483517e-01	-7.766653801338960772e-01	7.834604979499336652e-01	-1.835717542516362433e-01	-5.025747496791912461e-01
-1.131987789307437708e+00	-7.664618842275171540e-01	1.238834582124599626e+00	1.019885971873840447e+00	-6.865516464619259018e-02	-2.269330442685461025e-01	8.687582959448102438e-01	-1.176998594209630600e-01	-3.074727118083828703e-01
-9.678376062520783751e-01	-5.495313064086434496e-01	1.611013469389792618e+00	5.182322508390946325e-01	-6.325193986928433487e-01	-8.443555455692612899e-01	1.125103653070382403e+00	1.073154258518408538e-01	1.588838692804517838e-01
-1.154511691494428005e+00	-6.435546950342820871e-01	1.439559013202231563e+00	4.130167505293133035e-01	-7.678148809283213971e-01	-9.927010313689265120e-01	7.079003938154369013e-01	-2.767257892065377312e-01	-4.330866380833059970e-01
-1.334621809932160508e+00	-7.303542491754885235e-01	1.276372612314107036e+00	5.989210999801947155e-01	-5.859299035149113655e-01	-7.410159281364444572e-01	8.487934356580751905e-01	-1.497077358534902869e-01	-1.465227454042824784e-01
-1.308678932202699485e+00	-6.323150795055764162e-01	1.430153319673389101e+00	2.497843801099540739e-01	-9.820816408022590149e-01	-1.129228881464698686e+00	8.363641658757517972e-01	-1.588557566160710977e-01	-1.016055405451629090e-01
-1.104338446362525650e+00	-3.741524438470428260e-01	1.856037952603923680e+00	1.385681877709010745e-01	-1.118682331806610586e+00	-1.255139443266184651e+00	5.992941660455837205e-01	-3.691562676270253585e-01	-4.117470741838817894e-01
-1.363703511057152484e+00	-5.278045365618689866e-01	1.560785881090118732e+00	5.941402494197556283e-01	-6.402275296865154175e-01	-6.908736642645975090e-01	9.877945396627543229e-01	-7.727497742348862775e-03	2.579136971795868982e-01
-1.321212147404149606e+00	-4.117486326130405661e-01	1.724275745314930441e+00	7.295569892565083592e-01	-5.080344925903577114e-01	-5.233272200528177320e-01	6.978725917663575196e-01	-2.606859787358210556e-01	-1.421711626326788436e-01
-1.210540201342057864e+00	-2.343772261976844462e-01	1.983983946864085413e+00	3.408874483384269349e-01	-9.419737537742461919e-01	-9.378556733527453337e-01	9.439596517416340982e-01	-2.387034779461247314e-02	2.964926692874532144e-01
-1.313520123387268645e+00	-2.469524310421888635e-01	1.904065550067572499e+00	2.072961587065092481e-01	-1.095931990744969831e+00	-1.037538104260418592e+00	1.012008919145306107e+00	5.295185985266501194e-02	4.485650351819499559e-01
-1.631861466630244006e+00	-4.513616595066366477e-01	1.478948002623219349e+00	4.238744603202596606e-01	-8.669557926009862081e-01	-7.065622591035438660e-01	7.052181333244661454e-01	-2.095488936549541326e-01	4.755762684020892195e-03
-1.461442168422840249e+00	-2.210192333146199506e-01	1.796114506333389427e+00	4.481803711609995411e-02	-1.278714805543195165e+00	-1.074196664700795223e+00	9.400279852762292165e-01	2.156274303744109416e-02	4.018883937565947972e-01
-1.546485484740368843e+00	-2.190576524545583548e-01	1.704437807268071481e+00	4.466997320600756688e-02	-1.275486752667497559e+00	-9.847214306950058393e-01	1.103571661003830640e+00	1.883021126959677216e-01	6.765811902464884398e-01
-1.455230924855454022e+00	-6.147158385479987996e-02	1.869566006749322051e+00	-3.065932058421577677e-01	-1.647957849595774293e+00	-1.306186474347359683e+00	7.616278903732800476e-01	-1.047638310941875761e-01	1.445142971099238338e-01
-1.150862564102485219e+00	2.840289581071173131e-01	2.347274307079347810e+00	1.325855022375835995e-02	-1.287912684059110191e+00	-8.036030671985723295e-01	6.119323039623465466e-01	-2.236088964858492512e-01	-9.571320160135349253e-02
-1.157755475134528256e+00	3.500272701478484016e-01	2.329092917092674409e+00	-1.390650516288062244e-01	-1.433663922842459693e+00	-8.642312592446437236e-01	1.260323636322985053e+00	3.821159891066550629e-01	9.077517623789970180e-01
-1.382705354041338097e+00	2.190759810399435514e-01	1.956749834260190335e+00	-1.903775119375539504e-01	-1.464390470398594379e+00	-7.886982003010238884e-01	8.716796998592150070e-01	4.304956571256106368e-02	2.705412864218982860e-01
-1.272131082463488383e+00	3.836246667579999992e-01	2.085632948455712121e+00	-2.688504707957762307e-01	-1.517549759482947236e+00	-7.232429122493319040e-01	1.171476305170861432e+00	3.280536322538754046e-01	7.078222949529104913e-01
-1.556829092124791813e+00	1.924878383008188920e-01	1.588483698839147085e+00	-5.991209437429787510e-01	-1.836213564739421544e+00	-9.514977253198806384e-01	5.912745816064975957e-01	-1.897314442188863803e-01	-2.500555786858528196e-01
-1.312897579441251628e+00	4.680125507802773699e-01	1.893091168052619233e+00	-3.964751911923105610e-01	-1.569864890828479576e+00	-5.260798229314688212e-01	7.384834407075735463e-01	-4.872965176899070328e-02	-6.983603603270926996e-02
-1.499962774263923215e+00	3.553345680926087713e-01	1.518470312445301618e+00	-6.805433292730298511e-01	-1.823178114229257574e+00	-6.796294017310926527e-01	9.630060082421408874e-01	1.595569942976535760e-01	2.257979081085986772e-01
-1.302347235893462685e+00	5.805543345355604901e-01	1.726243838676680964e+00	-6.920011452596847024e-01	-1.773487962003006180e+00	-5.000287669469374308e-01	1.205552939142498392e+00	3.810802405406290561e-01	5.469676906499737479e-01
-1.203994529198385788e+00	7.124969279121305954e-01	1.769904243053966653e+00	-5.918979506624255649e-01	-1.594636261305752534e+00	-1.662985761215509950e-01	9.123277880767627357e-01	1.120972758132603997e-01	1.843803110364774026e-02
-1.290147550633284013e+00	6.751975072439473369e-01	1.522139939367448624e+00	-7.239992046503033185e-01	-1.659924031430243030e+00	-1.252302423117657715e-01	1.147151223862222569e+00	3.200171421694790741e-01	3.197215316796274132e-01
-1.202816088651841309e+00	7.874410055798890529e-01	1.536944377544379181e+00	-1.092490903770714450e+00	-1.974425448191253540e+00	-3.676716324156016347e-01	6.878680526961699071e-01	-1.065812958541958733e-01	-4.723472701996476175e-01
-1.203744812563328326e+00	8.161791535452631585e-01	1.411012422323080884e+00	-6.584143837575235914e-01	-1.412505948743447259e+00	3.602710356349351772e-01	7.294793401939196897e-01	-8.073234023297273798e-02	-4.741778179294562356e-01
-1.437187611341137705e+00	6.330304460663166433e-01	9.227122736783979207e-01	-6.677188516730671042e-01	-1.324488663206828898e+00	5.543467040802608770e-01	9.393176237495604042e-01	9.519549768503865472e-02	-2.088232735157666831e-01
-1.113664373243189010e+00	9.411439812970929797e-01	1.293446851038884349e+00	-9.511584843989341342e-01	-1.527373960913498196e+00	4.154755362356995496e-01	1.082260874670777140e+00	2.075907662906386064e-01	-4.574816611561111079e-02
-1.253251713552218316e+00	8.323146618671518615e-01	9.479057889041745399e-01	-8.641475006682655113e-01	-1.323137262130908098e+00	7.238284410377853195e-01	1.031164600145566101e+00	1.410495933956442960e-01	-1.855547023646637317e-01
-1.129606370117779868e+00	9.535580455530567878e-01	1.010380205630725614e+00	-1.157188293853612437e+00	-1.525782551747688620e+00	5.578579812878632360e-01	7.590913772312567476e-01	-1.286905170669345455e-01	-6.683904459126113196e-01
-1.135892364605100902e+00	9.549421699353234372e-01	8.717819083956186432e-01	-1.170195727766000227e+00	-1.420441292787283150e+00	7.345202692212521312e-01	9.654735179811606560e-01	3.484572756247304032e-02	-3.921017478134222745e-01
-9.015825348875321499e-01	1.166618181801798215e+00	1.106224351247157234e+00	-1.593080657663032307e+00	-1.754958148620097802e+00	4.117221587585605524e-01	8.042273090477743969e-01	-1.375595822184338124e-01	-6.900733885610649265e-01
-7.692490926311941202e-01	1.283755238867603232e+00	1.184991363928612040e+00	-8.572944350814410974e-01	-8.304805644313540958e-01	1.475153207546918033e+00	1.154082726838922435e+00	1.535371900394825462e-01	-1.779310239516651015e-01
-9.851988440444156003e-01	1.087244428548414632e+00	7.277332764069399662e-01	-1.428616166382094876e+00	-1.319509369218989647e+00	9.530279138157691232e-01	1.281686852362436291e+00	2.414667319645848742e-01	-9.176783574935121202e-03
-9.918477423562411799e-01	1.073814127088466019e+00	5.956004020620363493e-01	-1.307543812507036440e+00	-1.055761829639227267e+00	1.266335501310944966e+00	8.669526458881906539e-01	-1.645812180024306959e-01	-6.906560587408586693e-01
-7.824160726038813518e-01	1.249751831450575557e+00	8.008112833549945186e-01	-1.219386256354799469e+00	-8.267054038318581988e-01	1.493498242717625324e+00	7.302583996352633999e-01	-3.185043666978401022e-01	-9.373270480148707673e-01
-8.250199556072138618e-01	1.198436935583834018e+00	6.195411102220637067e-01	-1.748308183956788442e+00	-1.268754572699424932e+00	9.560368407026331727e-01	9.584522030199124076e-01	-1.415665999441213796e-01	-6.020036741841710004e-01
-8.599102321875368160e-01	1.151389026511590030e+00	4.526398301996130136e-01	-1.428401699983393280e+00	-7.899617764547997023e-01	1.492906010675810524e+00	1.035171906029615174e+00	-1.021590092512867087e-01	-4.854526223050462663e-01
-8.179892906907040295e-01	1.170330208063946387e+00	4.068618931161819274e-01	-1.838149570792220411e+00	-1.100654719307424312e+00	1.131494861478728575e+00	8.558395185429031882e-01	-2.952754414738684718e-01	-7.728891709071876726e-01
-4.378501375377337745e-01	1.488212808773482720e+00	8.854651446113563917e-01	-1.857228077277078171e+00	-9.888609977140053742e-01	1.185360187485724470e+00	1.072786181383559967e+00	-1.279442248012469530e-01	-4.521250502190932719e-01
-5.386079462172830290e-01	1.375825203109074746e+00	6.246863236882732595e-01	-2.355051988272303998e+00	-1.404349078454688371e+00	5.899394270686292296e-01	6.772435772600068349e-01	-5.186965768848138536e-01	-1.083367561358929088e+00
-9.721487542353975941e-01	9.652198952842818702e-01	-1.487604946167634945e-01	-1.534481344830304295e+00	-3.886079596052285368e-01	1.757055990239364984e+00	3.285619384952911393e-01	-8.647080414516423730e-01	-1.598643830100163976e+00
-5.803770029164690980e-01	1.287788934174823430e+00	3.538497323824387752e-01	-2.015792340918699299e+00	-7.831408187970850809e-01	1.280514839674318894e+00	7.493582524072992523e-01	-5.099071130320255163e-01	-9.207136429585797144e-01
-3.574932639448642480e-01	1.458299943383123631e+00	5.960735212073295930e-01	-2.086261648455208118e+00	-7.345958424407761367e-01	1.240958104963012287e+00	5.723346474808050921e-01	-6.982306872071748494e-01	-1.208945310638998460e+00
-5.817776295903855921e-01	1.229170235744309059e+00	1.536267188198233991e-01	-2.146463674748499084e+00	-6.846130086367653300e-01	1.172300221503879802e+00	5.713687499594626296e-01	-7.268236043133137203e-01	-1.171926813511053211e+00
-4.545221557736394691e-01	1.311791395197617449e+00	2.542986265523617950e-01	-1.906118548770096899e+00	-3.044556945141595472e-01	1.639100121901793994e+00	5.579520382953877533e-01	-7.636006301726168122e-01	-1.151215996172679557e+00
-6.705956100512168172e-01	1.087371443253253744e+00	-1.772411799985385006e-01	-1.847992630942530745e+00	-1.203825936601324864e-01	1.817571918752715510e+00	5.913588312181341511e-01	-7.563365179010643757e-01	-1.063829665839405081e+00
-2.605058206264483922e-01	1.419272459402604269e+00	3.590399883497445988e-01	-1.897186226726579550e+00	-5.235269247305465723e-02	1.860127704817591265e+00	9.558304112268452002e-01	-4.464603341487964894e-01	-4.504923368770302194e-01
-3.864950766284905304e-01	1.272745206746063173e+00	7.639582568270354701e-02	-2.079011401229946099e+00	-1.325255646965614598e-01	1.620317659802610999e+00	7.945288047857662628e-01	-6.142989585168855404e-01	-6.754923761242405122e-01
-3.517364541653998922e-01	1.268754832085847717e+00	4.444903147211920480e-02	-2.186515381889803766e+00	-1.397002699671540948e-01	1.494805641672842578e+00	4.004537822756840115e-01	-9.915421651497970945e-01	-1.242502764294462825e+00
-2.311502157031449789e-01	1.340186193398350323e+00	1.354740551919011715e-01	-1.979670038078110927e+00	1.912015363551464731e-01	1.804115075182472827e+00	6.166219369369877468e-01	-8.116194748656042623e-01	-8.414261885809380948e-01
-3.431351615059414772e-01	1.203460454614978525e+00	-1.329778385588356038e-01	-1.802329011639742573e+00	4.873121397368326280e-01	2.037301183545523475e+00	6.348361709610280679e-01	-8.096480403299721740e-01	-7.527398263051666705e-01
-1.847072040581652086e-01	1.306566515446259791e+00	1.705397709023120933e-02	-1.882288822658714444e+00	4.984711793941262736e-01	1.914895359077609438e+00	8.123059293994507879e-01	-6.609484831051396503e-01	-4.133146692981502501e-01
-9.367155973489681153e-02	1.348781553996756255e+00	6.670689136023290333e-02	-2.042532659594761046e+00	4.164144877919491727e-01	1.691340571454571950e+00	5.273407241391013800e-01	-9.300323693578872453e-01	-7.773886341748547091e-01
-4.151501064558858756e-02	1.355624926388707463e+00	5.505134998963028686e-02	-1.805853318065507196e+00	7.581757598108385121e-01	1.936634954518566598e+00	3.349826508330254748e-01	-1.113370205347162356e+00	-1.027827883940414910e+00
-1.281695455215423329e-01	1.237964222978144235e+00	-1.744595579836786259e-01	-1.964582635881902739e+00	6.643622886622093660e-01	1.683638613678989593e+00	7.364305637926640280e-01	-7.554580374818655741e-01	-3.372929010307052500e-01
-1.711708564471736693e-01	1.158277822974704385e+00	-3.367297077031884411e-01	-1.984343312830085582e+00	7.129820938640192285e-01	1.571909431544682434e+00	3.933347983951704929e-01	-1.073298886974875410e+00	-8.129814223015026098e-01
3.682496236280496937e-01	1.596374969243407493e+00	4.013127050115135597e-01	-1.690346185286470515e+00	1.092684245457387071e+00	1.822172951025715193e+00	6.087088162603397912e-01	-8.814608223836111200e-01	-3.939819528674867177e-01
-1.023953285817556513e-01	1.134079005375381088e+00	-4.256164275947957321e-01	-1.955953935670851962e+00	8.581168933462315351e-01	1.411249123871396005e+00	3.327843991951767721e-02	-1.406621213720510077e+00	-1.225896233958573278e+00
-1.555552529595674582e-02	1.167269125117653461e+00	-3.904272757517445180e-01	-1.855579228660394930e+00	1.008950039079853589e+00	1.344538799141745011e+00	-2.506341572058418121e-02	-1.460275623003828960e+00	-1.242771547032008650e+00
4.405734087676013710e-01	1.528466318922519829e+00	2.173214432489826153e-01	-1.533175532956083442e+00	1.386716127356123707e+00	1.524092668195318412e+00	3.187429305787829459e-01	-1.145895805695031688e+00	-6.068631609039095709e-01
3.472628430976344438e-01	1.399604252797932435e+00	-2.263202724432256119e-02	-1.587477011837621799e+00	1.341827389638750034e+00	1.218039168173292053e+00	3.283737523504882683e-01	-1.133345957322300812e+00	-4.990219235704901335e-01
3.785363536554092745e-01	1.380938540145503657e+00	-7.049268092468993774e-02	-1.273266185152581276e+00	1.682511966171097662e+00	1.370372309343575790e+00	-9.175300055348374617e-02	-1.509404199206725972e+00	-1.064443422783443616e+00
3.899310029393405763e-01	1.343874808223316730e+00	-1.475840087976426629e-01	-1.354405289388662226e+00	1.583593622449039895e+00	1.090760040091937721e+00	-1.438894011535287454e-01	-1.547865246508035364e+00	-1.029567895697317326e+00
2.432152700354795194e-01	1.165379234987106383e+00	-4.677526354520862295e-01	-1.386366181348275495e+00	1.532577297488975754e+00	9.676561633120925876e-01	5.573313868786904102e-02	-1.353837911916634162e+00	-5.857637199993102062e-01
6.124963623383361533e-01	1.445823649036963143e+00	1.138764300212094516e-02	-8.572287288899296254e-01	2.090012890473460061e+00	1.588841365306306930e+00	-2.482550142905647350e-01	-1.613729051671644266e+00	-9.207650108901515029e-01
4.213491346361222245e-01	1.226714033418611294e+00	-3.746188534232898770e-01	-1.060711041664115006e+00	1.856757353073180461e+00	1.336607214649157438e+00	2.114093035133874365e-01	-1.175845153181835689e+00	-7.663527872413034014e-02
4.611509675632851635e-01	1.212667166112479489e+00	-4.081137850510551113e-01	-1.299057269348092625e+00	1.577777648849478132e+00	8.182232190086625723e-01	-2.207291340536581270e-01	-1.548405661853520465e+00	-6.725777733498443656e-01
5.582377273533486450e-01	1.248837893808678823e+00	-3.588962549652287004e-01	-1.029224678940086735e+00	1.833528702578776759e+00	8.252612405848324117e-01	-4.090025478243182189e-01	-1.698051511375662459e+00	-8.660630048837396622e-01
3.808293082573337429e-01	1.039606278998524758e+00	-7.382495974042518894e-01	-1.138181919277066800e+00	1.663153086753393683e+00	4.078901097191166003e-01	-3.853966221379515611e-01	-1.652374539135541553e+00	-6.924371359131273884e-01
8.262215801780442570e-01	1.383857586356183500e+00	-1.595684395825543722e-01	-8.285582878208507251e-01	1.934318376811076323e+00	5.199110919536794606e-01	-4.909807967418922114e-01	-1.719375563147432784e+00	-6.725385967628926265e-01
9.976892120499090133e-01	1.483090709640436211e+00	-8.150123110310381058e-04	-6.721463517138597243e-01	2.032718295963315658e+00	5.337942127264845293e-01	-1.051805544952850169e-01	-1.334510334599149584e+00	1.016460746606741572e-01
5.246694588897093947e-01	1.007563650746740702e+00	-8.334787196502249085e-01	-8.289059667950577914e-01	1.784792194263131293e+00	1.294291526791073732e-01	-4.645035537408567228e-01	-1.623679379688303559e+00	-3.063391576979936914e-01
1.031874130684693247e+00	1.404067744745780999e+00	-1.527707775666758416e-01	-4.709896777670437018e-01	2.085415801099030908e+00	3.108787750764525071e-01	-6.114515224022220030e-01	-1.715968798850989518e+00	-3.723984830074120178e-01
5.111110554975057951e-01	8.842736150888965696e-01	-1.062228870431844108e+00	-6.490368256537607516e-01	1.795889035686598856e+00	-1.516964250900051103e-01	-6.804614126866975754e-01	-1.733431003699287709e+00	-3.089455300255485315e-01
8.383979035269657487e-01	1.118671395865800777e+00	-6.640060713010154103e-01	6.473196530292082973e-02	2.465241298835077810e+00	4.725394538856687587e-01	-3.210142950805641160e-01	-1.357010655243565678e+00	4.391453770094974618e-01
8.307579812660158547e-01	1.053754767718322771e+00	-7.852905456955739938e-01	-9.726581605977696610e-02	2.178622344564638880e+00	4.456651029999342262e-02	-5.422803646292202462e-01	-1.504187901142693073e+00	2.818389266168337404e-01
1.089933989859041663e+00	1.225270875965839945e+00	-4.978694699871790141e-01	4.718119387510517904e-02	2.216277101117286374e+00	-3.071346630826460311e-02	-6.106733675431179620e-01	-1.507484700888772622e+00	3.749126746323074300e-01
1.209772815686145142e+00	1.271396141331087248e+00	-4.297201139900226341e-01	4.101502329463966451e-02	2.083521901027747258e+00	-2.844905168220620562e-01	-8.845056688785731813e-01	-1.692388838484246927e+00	1.550553454072088888e-01
1.401050526124870466e+00	1.379721257015499747e+00	-2.540216334682779409e-01	2.164907911650369721e-01	2.139915231447603094e+00	-3.315983066676582158e-01	-1.253643554117531700e+00	-1.958436615912052980e+00	-2.059130336963527486e-01
9.070577223642304343e-01	8.762859050847437992e-01	-1.140899494667011238e+00	1.834502964365293254e-01	1.964264221316903258e+00	-6.078100693575811952e-01	-7.043348666490032439e-01	-1.383253912993453572e+00	8.914411161620070523e-01
1.111903931491117437e+00	9.935894372882331238e-01	-9.482052395844746684e-01	4.700864189938986359e-01	2.129127064471655562e+00	-5.073470693787144326e-01	-1.405632794196289836e+00	-1.939332761326910459e+00	2.474522360039188573e-02
1.272989339655441920e+00	1.070161189901222221e+00	-8.312847749105566342e-01	2.890918950837978452e-01	1.781375701132801526e+00	-9.614030601063823234e-01	-1.319300401940206147e+00	-1.772472395631327968e+00	4.143149059844799531e-01
1.469432975538731867e+00	1.176276201231449825e+00	-6.595613328583502799e-01	5.681439634208833578e-01	1.954098319320029420e+00	1.989850435178753540e-01	-1.421205724798558334e+00	-1.767923234105251096e+00	6.016193177025102035e-01
1.257160016669471636e+00	9.171774188982464437e-01	-1.101981833011818734e+00	4.381930087427989839e-01	1.720560903087722693e+00	-4.218492973026428117e-01	-1.509811347623533972e+00	-1.735543520947509855e+00	8.567009205710733877e-01
1.174368046935238663e+00	7.716459642515869355e-01	-1.365263712058180756e+00	6.029820643856140805e-01	1.752367509332728446e+00	-1.026846438811550355e+00	-1.305647475972731675e+00	-1.429681652254883417e+00	1.428732093049107199e+00
1.323950796742115577e+00	8.307166516385916522e-01	-1.282404398180653882e+00	1.256735712010041084e+00	2.287486696092175364e+00	-7.653260412890534603e-01	-1.668915519320210539e+00	-1.634763838561572147e+00	1.097565729070907103e+00
1.427761273984929247e+00	8.463785708604885105e-01	-1.277929572785074797e+00	1.106820131955955411e+00	1.938901302250163550e+00	-1.303064300065565284e+00	-1.896858560132354654e+00	-1.711028008341416218e+00	9.951409343139975272e-01
1.479103670798181058e+00	8.125041917278661430e-01	-1.358159129960020861e+00	1.072688927083069288e+00	1.707396115874022291e+00	-1.613455185488131161e+00	-1.542458292106303253e+00	-1.251299202999976101e+00	1.820888573604155569e+00
1.649031363965521635e+00	8.813732759404657724e-01	-1.256402916256530444e+00	1.099300679420299076e+00	1.535605129209163477e+00	-1.864049489156829331e+00	-1.543401757089637449e+00	-1.107995343512113262e+00	2.092772424058494174e+00
1.221747168552717033e+00	4.156578399963672954e-01	-2.074174530988037279e+00	1.330478997604391589e+00	1.584525881859657925e+00	-1.785784205644570966e+00	-1.729651935442042987e+00	-1.126392868106919520e+00	2.072702717211953871e+00
1.241467724557268282e+00	3.453922096376443318e-01	-2.197600317941891035e+00	1.410935518939858468e+00	1.466503502566053996e+00	-1.931903966021480512e+00	-1.660360909907007798e+00	-9.058322735987576202e-01	2.449230651154367777e+00
1.333335285113147251e+00	3.369898462061506894e-01	-2.201981823775509106e+00	1.468707379109914335e+00	1.323980634675511858e+00	-2.014812237488581736e+00	-1.892318325429578341e+00	-9.531498141031381488e-01	2.340155837877800682e+00
1.506155137950134337e+00	3.987118005269517651e-01	-2.068804671089205183e+00	1.310990109788267688e+00	9.504513722986420721e-01	-2.362699142711188305e+00	-1.910765675135950969e+00	-8.010540247895441279e-01	2.547239755427363583e+00
1.575400868321885417e+00	3.667232560427930999e-01	-2.081506743603091625e+00	1.551761922241316816e+00	1.012912695683437780e+00	-2.173163699182435238e+00	-2.072388538654179158e+00	-7.750335230302485279e-01	2.504015514201040737e+00
1.510089339213892101e+00	2.141449614914261446e-01	-2.279972827932688517e+00	1.808748011273047851e+00	1.100422630313278471e+00	-1.888859828398119056e+00	-1.816465396818239819e+00	-3.667609420460866687e-01	3.082218405741431244e+00
1.642987900650616062e+00	2.381311865091582103e-01	-2.148030504371500005e+00	1.251097550035009665e+00	3.126989752739461892e-01	-2.636175156166149058e+00	-2.165694121684240248e+00	-5.082906410057613789e-01	2.663542652796796695e+00
1.648383650625052876e+00	1.495399876676257456e-01	-2.185374340194645715e+00	1.812421137185973308e+00	7.450386367654273645e-01	-1.966006434403843040e+00	-1.965370663171664312e+00	-1.516989194633991123e-01	3.060935536597908069e+00
1.816313893673486390e+00	2.076350429344563930e-01	-1.941923341105189937e+00	1.766217416367113602e+00	5.292458143744509513e-01	-1.999925892636732261e+00	-1.945722028374832213e+00	3.657364474540376886e-02	3.121668857051587143e+00
1.530022416021561860e+00	-1.357576873413500196e-01	-2.367841097341909951e+00	1.710491070154796844e+00	3.152315658040663049e-01	-2.013198158065244936e+00	-2.039890080220422064e+00	1.148142759520602019e-01	2.946472983161311454e+00
1.391770146627429483e+00	-3.434059657304598945e-01	-2.536664887501490551e+00	1.305627830448274684e+00	-2.666490649021547310e-01	-2.456127962978838841e+00	-2.183552925483799534e+00	1.393816252353927421e-01	2.643131918450001727e+00
1.564785016879719937e+00	-2.691011327943090281e-01	-2.196602962239198931e+00	1.527709681108166295e+00	-1.560418639701162402e-01	-2.067696945479684967e+00	-1.578078257301705811e+00	8.345753986257009593e-01	3.471405283120321261e+00
1.510989872144513635e+00	-3.912498561874508396e-01	-2.181846660640837765e+00	1.685002036570085071e+00	-1.008041923142215246e-01	-1.736311324144789392e+00	-2.231378759958068780e+00	3.725386617412302925e-01	2.272769734754424231e+00
1.624901227327478326e+00	-3.579429821470241357e-01	-1.886319145482397319e+00	1.605020690242884296e+00	-2.863817625344500239e-01	-1.654633148573736889e+00	-1.602565565747775977e+00	1.062804080483035873e+00	3.056398779469391425e+00
1.255485246348784445e+00	-7.484829568697506375e-01	-2.320019232142807919e+00	1.324001110522531999e+00	-6.750402497282488312e-01	-1.839926390711250859e+00	-1.749602971845695132e+00	1.032634025315983806e+00	2.584072608529447201e+00
1.182662072602137515e+00	-8.680765601030733247e-01	-2.281342009929133496e+00	1.439861336005180625e+00	-6.180276345700074225e-01	-1.479622535660842342e+00	-1.732065698989427194e+00	1.136691546518644014e+00	2.348689529154842415e+00
1.162318238934573866e+00	-9.340218196673514273e-01	-2.154267457938251695e+00	1.340884393871007108e+00	-7.766628704062281674e-01	-1.361283676673070930e+00	-1.359176062792778250e+00	1.548601832984388027e+00	2.662428763180421321e+00
1.377763821664814925e+00	-7.831425702550063317e-01	-1.656469368058091529e+00	1.782912824040484789e+00	-3.321003018752951563e-01	-5.836055245125716384e-01	-1.681479413359913799e+00	1.312922227340353576e+00	1.866010148850216321e+00
1.264070782605033250e+00	-9.186158158718329414e-01	-1.664191270191995198e+00	1.253645955093147801e+00	-9.235261332421343949e-01	-9.778882355728661935e-01	-1.484028633080079373e+00	1.534956040957588419e+00	1.882985339609191122e+00
1.405773143060572661e+00	-8.201529966811927919e-01	-1.277260191127866484e+00	9.799114359260137075e-01	-1.222839599003867184e+00	-1.062557883599295705e+00	-1.509018319875622183e+00	1.540281829965353788e+00	1.548504506011336268e+00
1.123290741889756417e+00	-1.093232553737470969e+00	-1.547726762832181802e+00	1.474060687139444381e+00	-6.748326214517267330e-01	-2.097246122442826821e-01	-1.897105170168104982e+00	1.201829446616597519e+00	6.463360193548568500e-01
1.345915178404669232e+00	-9.107035588104654966e-01	-1.042013507401317707e+00	1.174604627042588056e+00	-9.736789760970558927e-01	-3.410357852145859403e-01	-1.517409641708697743e+00	1.548940733501751321e+00	9.574561813255325626e-01
1.252653218527174150e+00	-1.004049429001295568e+00	-1.028731098640274677e+00	1.076194899434702146e+00	-1.042794825997915398e+00	-2.366233004018798436e-01	-1.137403437208168500e+00	1.884503065709374869e+00	1.275533122489459270e+00
1.301601949498639721e+00	-9.657225220403534705e-01	-8.004373525772178199e-01	8.877481966842889483e-01	-1.199037817403183936e+00	-2.546184412471363956e-01	-1.297419276263054977e+00	1.718052611661961437e+00	7.512799244640043783e-01
1.373799759667721165e+00	-9.020446063714047114e-01	-5.415099259350941718e-01	1.243488840171851795e+00	-7.564595596064876970e-01	3.719069454387161633e-01	-1.225994096525307553e+00	1.752167654212857251e+00	6.007982442515155119e-01
1.168269227406511623e+00	-1.081417791942300255e+00	-7.171185291194323019e-01	1.155001277505765866e+00	-7.871032709183346521e-01	4.513931411093379253e-01	-1.165070384177282481e+00	1.767750421404618688e+00	4.434132972856660304e-01
9.104827948116412939e-01	-1.303419386122408152e+00	-9.785071785794666743e-01	7.518536946996960957e-01	-1.152392041483219609e+00	1.295008712471495960e-01	-1.412943607447339822e+00	1.494393651175464299e+00	-1.908133870654125097e-01
1.015064842606061335e+00	-1.199175656580905969e+00	-6.852412192759004261e-01	6.767437471504569313e-01	-1.157096610801384262e+00	1.889734971819039822e-01	-1.099624309835579128e+00	1.724175189380094064e+00	6.866155697450807005e-02
1.167580014853682124e+00	-1.049017289204823955e+00	-3.229766294707442364e-01	8.747199427926598547e-01	-8.619114562128442625e-01	5.636530441832641181e-01	-3.907885361654719336e-01	2.307273786826647743e+00	9.620194619606550201e-01
6.051956085909833138e-01	-1.532535641148081496e+00	-1.069677514315662492e+00	1.164611168244613637e+00	-4.642088272826864204e-01	1.034990264943684846e+00	-1.451935012716784712e+00	1.274975001332286473e+00	-9.232790040245149044e-01
7.233403856434956758e-01	-1.407393451174804522e+00	-7.692322198950151124e-01	1.258561858448699722e+00	-2.768752894596337444e-01	1.255214497030107568e+00	-1.026195789514625423e+00	1.590065442367434745e+00	-4.563618915380773799e-01
1.045904758507010923e+00	-1.097808147888434060e+00	-1.567389383271195757e-01	6.172110016899045037e-01	-8.851506286522272671e-01	5.784234501593106259e-01	-6.423438867034027000e-01	1.862857191798883427e+00	-4.533746189961215811e-02
7.176296664180970009e-01	-1.365615315973241151e+00	-5.536743203130939373e-01	9.194047107368807925e-01	-4.704107929433287705e-01	1.033347395213998210e+00	-6.978940277775521617e-01	1.732477514335658553e+00	-3.165888536238963824e-01
9.241017671906335273e-01	-1.155283193166662947e+00	-1.279653155476231652e-01	7.935371238303260411e-01	-5.195216836989831055e-01	9.588133538050310767e-01	-8.750258303442313146e-01	1.488655294848734378e+00	-7.683988142711719593e-01
6.829553325751115400e-01	-1.341812226411168041e+00	-3.977845464486823301e-01	8.909535540771513773e-01	-3.270640506435662509e-01	1.148756151489432442e+00	-3.052895809096672353e-01	1.921919176208110036e+00	-3.093799823725768006e-02
7.605282052975599338e-01	-1.243093324135270406e+00	-1.826859816263866343e-01	1.117781699929196293e+00	5.645150202199356038e-03	1.508149068120588909e+00	-4.250650639191422275e-01	1.726733404711335185e+00	-3.656659150556629267e-01
6.452516036677901079e-01	-1.314921732644457553e+00	-2.686114898811903240e-01	5.650804360585776065e-01	-5.056325984874671109e-01	9.262985762047066807e-01	-1.029739245362167210e+00	1.089543437513686985e+00	-1.460443137044992623e+00
6.744629096051660833e-01	-1.256961726922933176e+00	-1.312276468309075406e-01	7.328745021150143701e-01	-2.371655635193786194e-01	1.184109486513274190e+00	-4.099061815455148916e-01	1.565094808836723361e+00	-6.249153624267147489e-01
8.820997728538211291e-01	-1.039032067026811612e+00	2.819652055972525773e-01	6.138418589668994674e-01	-2.815829207140295720e-01	1.079843677080670750e+00	-4.018699299963890414e-01	1.483368411595553660e+00	-7.519940821620390015e-01
4.779669329007127931e-01	-1.364781080694988047e+00	-2.481820960738407300e-01	4.457135759613252701e-01	-3.823040093836380104e-01	8.869322246043565006e-01	-3.713083044361973339e-01	1.421218690748997870e+00	-8.429891384265824072e-01
4.962345428923856105e-01	-1.313332705433711833e+00	-1.266668129338285320e-01	5.674448928657693791e-01	-1.734242896361742337e-01	1.034860200173266076e+00	-2.481007426526451454e-01	1.442606563216126681e+00	-7.835000746095831525e-01
3.758082819310660794e-01	-1.384441522914951150e+00	-2.214153160394838893e-01	8.694626292936113998e-01	2.264587374403692344e-01	1.391329406462144647e+00	1.412027902535097079e-01	1.705488446964074978e+00	-3.005056956634021836e-01
2.567129244770372520e-01	-1.453477102319183922e+00	-3.138748212325860321e-01	5.259492097937473742e-01	-7.809681930177739262e-02	9.530344104380727988e-01	-1.891663680262085090e-01	1.313403385024781489e+00	-9.491030776508788680e-01
5.655619630752500848e-01	-1.140572526149987276e+00	2.543573807446357082e-01	5.040798310700291829e-01	-3.985754154615776812e-02	8.809960829801672944e-01	2.046984804523352686e-01	1.579493697979088562e+00	-4.572164036807755405e-01
5.046711174525997379e-02	-1.560585825296720852e+00	-4.512200237813027703e-01	4.435972753038773253e-01	-5.044983037800411518e-02	7.382925998523514055e-01	1.534207737605274569e-01	1.440200485032252509e+00	-6.672461525603363697e-01
3.804721518945011205e-01	-1.227288929089360936e+00	1.490626525861120377e-01	5.177933060642745389e-01	7.670086421320046477e-02	7.375892323135027073e-01	4.317786462675525794e-01	1.599784652765441351e+00	-3.672128996301324277e-01
1.287930870769524450e-01	-1.411165391138651470e+00	-1.462641681526629378e-01	4.458948694192143569e-01	3.532210319095205331e-02	5.020678355376865243e-01	2.984550710385425187e-01	1.382962155950851590e+00	-7.370576436886913108e-01
-1.872669900942692811e-01	-1.651282195153361387e+00	-5.303980851159562082e-01	4.446730415732711439e-01	5.579955202318084839e-02	2.593079530931391430e-01	-1.926556275494423209e-02	9.959367905530105425e-01	-1.395317348786349054e+00
3.382500883167342542e-01	-1.140503802516804610e+00	3.947219511228333699e-01	5.455398427175700560e-01	1.684283437792458704e-01	1.001436790828550971e-01	5.196680248020471016e-01	1.387603457491675352e+00	-6.512625727716858659e-01
7.600046881163413648e-02	-1.329889333942114060e+00	9.485162992309376095e-02	3.306501094648426897e-01	-7.458033488702778269e-02	-3.317444479742472363e-01	2.098485322924210916e-01	1.009325854067270489e+00	-1.209083047166334302e+00
7.172637510314436304e-02	-1.288732487179129915e+00	1.809973944219403219e-01	4.766968284916882070e-01	6.990239349674526315e-02	-2.023622684431347074e-01	2.476096683822655575e-01	9.496560024666043098e-01	-1.211535143359725231e+00
1.780520256740574653e-02	-1.291315389213285147e+00	1.840915847634352343e-01	8.832726822073683204e-01	4.950630704584937369e-01	2.626798078606062403e-01	4.910368466386271225e-01	1.079256312428832354e+00	-8.923497623706532211e-01
-1.895749558548932567e-01	-1.430173398728444401e+00	-5.092511792764041478e-02	5.277171428837412748e-01	9.462045966565355015e-02	-1.930291953497210999e-01	5.866035110891122395e-01	1.076518292029319257e+00	-8.047587259471858934e-01
1.767482272118724440e-01	-1.057739044323839472e+00	6.024931311797148137e-01	8.968826277560533189e-01	4.806891855205378539e-01	2.530625867466266832e-01	6.050229486116540656e-01	1.005632742242124955e+00	-8.364278102876601118e-01
-3.948797586949531757e-01	-1.520060395097141193e+00	-1.918975848158748776e-01	3.397359567115098566e-01	-1.361520423543382541e-01	-4.179763074997140393e-01	7.920998364225424471e-01	1.090264660668395447e+00	-5.956695698385742199e-01
-4.866370022199196788e-01	-1.554569702841849921e+00	-2.444377572994524961e-01	5.370333945287243393e-01	6.517432429964836738e-02	-1.703961657147532727e-01	8.445895464340109626e-01	1.054814974125507510e+00	-5.601526714425154596e-01
-3.161080594694583024e-01	-1.355008099711376257e+00	1.090541003184796187e-01	5.306094698859836756e-01	4.560513679197289449e-02	-1.982119632565887413e-01	9.148654058082705820e-02	2.890022431421960247e-01	-1.790991403242846447e+00
-1.441362567997292454e-01	-1.153635736617862673e+00	4.650915609849753940e-01	5.167396207120192875e-01	1.666785470342746489e-02	-2.660829868748456617e-01	9.495004154315033196e-01	9.908281010789287135e-01	-4.793498745482134837e-01
-1.619145332078437693e-01	-1.120717061885297294e+00	5.282237531718078083e-01	7.063444434302776909e-01	2.062405119498937622e-01	-7.468118944956579630e-02	7.048790947060732393e-01	6.921948080565635264e-01	-9.014005738481652985e-01
-4.161722570865752369e-01	-1.297839743061992790e+00	2.266319045032429980e-01	5.595154923374545675e-01	2.868958614075445279e-02	-3.192335784574418245e-01	8.753461494865902859e-01	7.734256236988836797e-01	-6.651159085721074504e-01
-2.571576146105407634e-01	-1.106418716800831703e+00	5.634828634839675887e-01	8.819753873480855599e-01	3.567085082299987775e-01	8.080778223527762538e-03	5.491169142422364091e-01	4.053730177698537940e-01	-1.206536256880524682e+00
-4.692217493116705995e-01	-1.244884708318056976e+00	3.279996083413712626e-01	9.304608363995461318e-01	3.859692550587063287e-01	1.632153375344116975e-02	8.279318943491746907e-01	5.900988642635561776e-01	-7.902468495648924396e-01
-3.138847257866392293e-01	-1.055607649214067800e+00	6.607712652030819367e-01	8.282702529741263753e-01	2.495147729660270874e-01	-1.697333932180822846e-01	7.932983495172218902e-01	4.922788342838315678e-01	-8.636943756091230995e-01
-6.475042484658717346e-01	-1.301136728656106412e+00	2.389805942177193054e-01	8.441118387129309397e-01	2.379951374659495245e-01	-2.197198892146350890e-01	9.134683335345581412e-01	5.378540592307983204e-01	-6.877254345581537143e-01
-4.771461605664634176e-01	-1.097244087025351034e+00	5.969716559581010884e-01	7.896683562162408743e-01	1.481393955461169643e-01	-3.505200211529319598e-01	9.349489921510046875e-01	4.962962120759005780e-01	-6.645863896241842594e-01
-5.982028816153822648e-01	-1.152177809024343969e+00	5.058008592614575694e-01	1.004354268246538284e+00	3.463380691756403618e-01	-1.786608195532441989e-01	1.016864178488495973e+00	5.123000202238384704e-01	-5.426622894419228516e-01
-8.379319715258448653e-01	-1.312057672804386455e+00	2.330424568878102787e-01	4.533038267051029413e-01	-2.885284825082791715e-01	-9.291754751077554442e-01	4.786585991139028495e-01	-3.305549170999916297e-02	-1.393320819217492845e+00
-7.950230644934622726e-01	-1.219477003476883370e+00	3.980918621454004880e-01	1.070512111921322562e+00	3.391496441500658765e-01	-2.648793740261753404e-01	5.442715573372336468e-01	-2.657261616929512682e-02	-1.288346957076067056e+00
-9.229361349323125241e-01	-1.278190950066235176e+00	3.006884606601845089e-01	7.520838240309436484e-01	-4.937706165301949945e-02	-7.153327900361842184e-01	9.119560162087918531e-01	2.573779339282573075e-01	-7.026122640282590481e-01
-1.000156795660442022e+00	-1.290857336413147927e+00	2.844576810003790479e-01	1.295126122567756166e+00	4.950239928498380571e-01	-9.480341293142069414e-02	1.113611843604735308e+00	3.930982481706308262e-01	-3.744869333292364377e-01
-8.890846000505021607e-01	-1.134846058107612521e+00	5.614407774200658174e-01	6.489702645938049130e-01	-2.476225370410618520e-01	-8.676698512131327812e-01	7.589760431689689391e-01	2.589956249499758556e-02	-9.134344824812233865e-01
-9.679450729806819975e-01	-1.146884966050560895e+00	5.474358420551486137e-01	5.274964243546781395e-01	-4.170087504501661657e-01	-9.536513967446329509e-01	7.820519900601732299e-01	5.490505205616322271e-03	-8.494983310601934567e-01
-1.002317467851144173e+00	-1.118123846846878600e+00	6.051752689045593048e-01	3.500282057921958456e-01	-6.404467741946755499e-01	-1.091925405302775376e+00	7.612533910828253036e-01	-5.132477892190481783e-02	-8.468442982097328375e-01
-1.190126121743122933e+00	-1.224711594047260599e+00	4.285130208090166537e-01	6.688633523125203650e-01	-3.199241916281291287e-01	-6.329026717542114433e-01	8.539019106633534140e-01	-1.289387803809251276e-03	-6.590068372829795962e-01
-1.051928239869618809e+00	-1.039660213141708311e+00	7.562723319331225991e-01	7.610150464405139870e-01	-2.419564993085577820e-01	-4.924016043258607755e-01	9.931880628412710355e-01	9.496169605554104221e-02	-3.918004245242273642e-01
-1.190361285930073398e+00	-1.099601783866352545e+00	6.576167396719707625e-01	5.940948625157489449e-01	-4.428792892754636612e-01	-6.852152500495910514e-01	1.031845281056020358e+00	1.033994898734391099e-01	-2.824541066629959185e-01
-9.989403020121417898e-01	-8.644293362655788293e-01	1.069514650942471778e+00	6.402021346660611290e-01	-4.127173480120199245e-01	-6.619099729610097294e-01	8.604422699584033385e-01	-7.556528667401433974e-02	-5.013663470484283069e-01
-1.206533172740481996e+00	-9.831625854263967845e-01	8.659249943620050960e-01	6.267530481116043717e-01	-4.473069983800965210e-01	-6.706094782681972788e-01	1.197164601323704058e+00	2.112110204452476991e-01	8.344887605453238377e-02
-1.002333414723264315e+00	-7.337131476025796628e-01	1.300879082339097881e+00	5.053669991198921352e-01	-5.998679880345513249e-01	-8.615929389842676978e-01	6.753989965544248131e-01	-2.793112344584121609e-01	-6.840965648081988038e-01
-1.411930819398716119e+00	-1.029340806900223226e+00	7.870398906761066904e-01	9.686001065710447833e-01	-1.191138989150829497e-01	-2.875618801723470175e-01	8.149951585510023522e-01	-1.647437638353211609e-01	-4.039841990329207100e-01
-1.268424269472751886e+00	-8.309431204003234761e-01	1.127705945423161493e+00	6.863148159136016613e-01	-4.449892353712331383e-01	-6.352644917678659242e-01	5.564573511882758838e-01	-4.086663766921891372e-01	-7.486760690094427240e-01
-1.852539741634067205e+00	-1.279016722107838788e+00	3.429606989805021877e-01	2.476901132265691419e-01	-9.412567167783167932e-01	-1.192348809334201398e+00	6.423813534487478050e-01	-3.357819976895026204e-01	-5.486865498488009418e-01
-1.029696402440397174e+00	-4.728171991447191469e-01	1.729653551164957115e+00	5.923587599663397985e-01	-5.876140744744658972e-01	-7.481010908529588388e-01	9.847086462542644636e-01	-2.617502141401358007e-02	5.598861885204398092e-02
-1.367742502121745751e+00	-6.990142373355280325e-01	1.321686488807605864e+00	6.102243271784206780e-01	-5.865461353038199377e-01	-7.123139220744332256e-01	8.708076875053041288e-01	-1.281897108447923872e-01	-5.901799691092868283e-02
-1.287268046232641572e+00	-5.512361696590795113e-01	1.557233438264429948e+00	4.259450729831692484e-01	-8.021766167790487234e-01	-9.057670564931414869e-01	7.401014785850110744e-01	-2.422854378993251623e-01	-2.007491819141546674e-01
-1.211341378783150624e+00	-4.063676710130781355e-01	1.781092962491499954e+00	5.355844712533230911e-01	-6.986466684494851975e-01	-7.583698177791169392e-01	1.081527691472386365e+00	7.588108915067125204e-02	3.954444355373658015e-01
-1.163483695196044776e+00	-2.855297374197529603e-01	1.954830325097708155e+00	3.781828614642150921e-01	-8.835874916354901076e-01	-9.288923214183345545e-01	6.732258424857540113e-01	-2.851643682277094083e-01	-1.898733540525845698e-01
-1.226276835990674163e+00	-2.625705903278313658e-01	1.948213619439546296e+00	6.285702543119908725e-01	-6.257971692776036488e-01	-5.991558406070708331e-01	7.691159422858518946e-01	-1.853078682330159821e-01	1.296305563023653074e-02
-1.584399179188894724e+00	-5.022357656095490785e-01	1.476071331059912062e+00	3.014399082678119735e-01	-9.900590893269691772e-01	-9.324730376215646377e-01	9.354641077953341766e-01	-1.935250346522061904e-02	3.212861608550662273e-01
-1.479356324218839003e+00	-3.294401001245800265e-01	1.707760930037699243e+00	1.510364153838001933e-01	-1.159437032645869170e+00	-1.050221164816599995e+00	8.086958675812117026e-01	-1.183561453820849291e-01	1.624525326535238845e-01
-1.368687342602797230e+00	-1.520511675994992984e-01	1.934745586704374354e+00	1.470210840210850745e-01	-1.165653216248358826e+00	-9.637924719643842231e-01	7.942133815596820190e-01	-1.140640332028626663e-01	1.689059105758531354e-01
-1.359968196475679791e+00	-6.626561074360674819e-02	1.990613087049793339e+00	1.029880574269187860e-01	-1.210773570508891117e+00	-9.285531929085788505e-01	9.199732944630177878e-01	1.831827732295857741e-02	3.858790198550616779e-01
-1.644003616304123394e+00	-2.424615443186796948e-01	1.578675247301493334e+00	1.451554833907863218e-01	-1.157841031899773387e+00	-7.782028096483590840e-01	5.603351720541951408e-01	-2.907575037674878793e-01	-1.722438447210026258e-01
-1.564567479736762134e+00	-9.676573364777198150e-02	1.711886929303666038e+00	2.540310851430829103e-03	-1.299919423034189281e+00	-8.363106549294463399e-01	1.139931755435294125e+00	2.538566160372377478e-01	7.383209088829210121e-01
-1.242699782213775972e+00	2.625591882586705839e-01	2.204243262333904330e+00	-2.386987513427805130e-01	-1.543092038542996258e+00	-1.005740838609972876e+00	1.463767916962390725e+00	5.646743812946515284e-01	1.232218921402863154e+00
-1.569977994191886994e+00	4.112505019358053682e-02	1.676511911223328655e+00	-7.657792551465140984e-02	-1.343712703616078086e+00	-6.754358087764007479e-01	9.177250088714686838e-01	8.279659847937212436e-02	3.486912677186045917e-01
-1.428357467286079041e+00	2.340274622587006359e-01	1.855985053766982418e+00	-1.824500882838130111e-01	-1.427799133885143901e+00	-6.452318193018331538e-01	8.236017684189528287e-01	9.941600473778122726e-03	1.668780693845293706e-01
-1.479453580629496390e+00	2.516732921153549407e-01	1.722071085832777904e+00	-1.963814380547555249e-01	-1.404966393455129303e+00	-4.938687690619309456e-01	1.130452393226522467e+00	2.993707816751031148e-01	6.076355365862217139e-01
-1.276951479080937313e+00	4.911212789390390077e-01	1.964952486314371249e+00	-3.705602702822076155e-01	-1.548273182250506252e+00	-5.247780647728120806e-01	9.049264709735648227e-01	1.018784081918783502e-01	2.017290080754576831e-01
-1.259329917358631423e+00	5.615685890562959193e-01	1.908449295396275947e+00	-2.265123630791158471e-01	-1.339052717768785650e+00	-1.633185558559433481e-01	1.001042172892082416e+00	1.939078292540130644e-01	2.958340955678280815e-01
-1.339220380661285459e+00	5.405512167926480593e-01	1.689029940085765569e+00	-6.730055397382025406e-01	-1.762086520589391858e+00	-5.093166029875266787e-01	1.035250958306683788e+00	2.264897780189816245e-01	2.892953151085907448e-01
-1.305490386077746257e+00	6.158421906370497023e-01	1.634173436385797151e+00	-5.199254911263786472e-01	-1.527161299443324793e+00	-1.127293635965481433e-01	1.111048371654155265e+00	2.936586338272726415e-01	3.423603260036838236e-01
-1.295441607401367490e+00	6.651014408628100893e-01	1.535813175200773983e+00	-9.123120837847418230e-01	-1.875763170143943004e+00	-3.853859064186209715e-01	9.232665227555134635e-01	1.177532386475300397e-01	-2.215881298076270711e-02
-1.260806973215198079e+00	7.312982877850505714e-01	1.469799667576730862e+00	-8.465631325778902871e-01	-1.720968880880277441e+00	-1.046699522602945187e-01	1.103181590981268556e+00	2.729817341485162308e-01	1.924395535335619578e-01
-1.410045688667260988e+00	6.288285761390617346e-01	1.115109005832341849e+00	-1.039577015751867783e+00	-1.839725323876341800e+00	-1.329621298499735205e-01	1.422653528925650335e+00	5.520002162508245158e-01	6.278831324687911275e-01
-1.020806082415528726e+00	1.001006088865305177e+00	1.589015299982760254e+00	-1.166457103574479737e+00	-1.880223365013458769e+00	-8.047459166254958274e-02	1.088576210534881739e+00	2.336664726562824590e-01	3.578111313176207675e-02
-1.303444858579360766e+00	7.701405864297811155e-01	1.023159664300395066e+00	-9.296735454724940340e-01	-1.520459014375441287e+00	4.084569612800051375e-01	8.360475537279511427e-01	-1.324616143029546528e-02	-4.248886705079610859e-01
-1.008380816771186517e+00	1.049126179061677488e+00	1.348891335518359158e+00	-1.016110872356401629e+00	-1.505171394296429987e+00	5.051976853978796811e-01	8.602432844305519799e-01	-1.096652985879911779e-02	-4.459242725421440068e-01
-1.312955309389298497e+00	7.897566204141441837e-01	7.493492661038585467e-01	-1.060769955127883080e+00	-1.439403504481060470e+00	6.436022246954058446e-01	5.352949215415369055e-01	-3.285310749818807774e-01	-1.014042332031855009e+00
-1.051383029250789969e+00	1.030344786872532170e+00	1.024308254838768972e+00	-9.131720440553672269e-01	-1.160835049848195411e+00	1.013356082547978154e+00	1.173593391471028813e+00	2.280464625391151745e-01	-5.819692367977719050e-02
-1.004763214982771879e+00	1.075520965662806194e+00	9.682713676711802719e-01	-1.214259809056760453e+00	-1.364071103620083658e+00	8.387746791907585431e-01	9.976361859238320751e-01	4.242343125134692000e-02	-3.803060516246875022e-01
-1.171048586520233581e+00	9.273328121395150170e-01	5.851061010842959487e-01	-1.381332342909349364e+00	-1.418447313753967043e+00	8.150994607391780500e-01	6.648842498995207739e-01	-2.871706353154460656e-01	-9.444753714420783819e-01
-1.054861130935411229e+00	1.027133511886777928e+00	6.404568399592547312e-01	-1.153904597307370938e+00	-1.042399436657275746e+00	1.260003995318458303e+00	9.924252813770055859e-01	-1.734337153722334546e-02	-4.627054792331298239e-01
-1.044374771860949735e+00	1.029473644180034508e+00	5.342560065838608541e-01	-1.648773402574238878e+00	-1.446533505882866333e+00	8.291428989031024432e-01	9.363771371023024148e-01	-9.713789592877658530e-02	-5.788764488797780716e-01
-8.769107539846860977e-01	1.168502190486352621e+00	6.739476452141979212e-01	-1.469270531596144735e+00	-1.118255419483975777e+00	1.192642104785807788e+00	8.468393376009456519e-01	-2.080619216993077614e-01	-7.450735764202511824e-01
-9.426065486612877908e-01	1.097044347876973802e+00	4.562902057882660678e-01	-1.874350299918539742e+00	-1.426041677561816767e+00	7.812772162559386002e-01	1.408552764334791263e+00	2.721711271171343149e-01	1.065690671267612855e-01
-1.088085304696838396e+00	9.519025245668872870e-01	1.179981345220240674e-01	-1.996000358439221634e+00	-1.426176064750462436e+00	7.814063607429451164e-01	1.094566669246714863e+00	-4.395077474810957230e-02	-3.938722363963899631e-01
-6.380710909075884008e-01	1.334594875051453577e+00	7.022144603588149625e-01	-1.662184460288580912e+00	-9.313741129331305491e-01	1.321967863159703382e+00	1.014350831321538360e+00	-1.470647823387454534e-01	-5.249793293118146797e-01
-6.215179474593969244e-01	1.329028562260446078e+00	6.187325400444945167e-01	-1.366800274894874656e+00	-4.779728370138039972e-01	1.802519609282828839e+00	9.419925460262108530e-01	-2.426697967157924740e-01	-6.399548454724092172e-01
-8.501477188954086328e-01	1.103050084833150812e+00	1.596152470770812459e-01	-1.791293286767760895e+00	-8.130681569409897724e-01	1.251358098802634267e+00	7.981271150352143851e-01	-4.047211438721013410e-01	-8.985034763043562300e-01
-5.642654048161377389e-01	1.333341454609813015e+00	4.973863628888184341e-01	-2.077576711048810587e+00	-9.968861844691221386e-01	1.081989141629773554e+00	7.990706729306094047e-01	-4.330532693870597916e-01	-8.630577980444937847e-01
-7.373698592920069350e-01	1.153136111667196095e+00	1.270050954345617877e-01	-1.682613341403952800e+00	-4.420222367662695051e-01	1.663478873192135499e+00	1.202410923979047030e+00	-9.442821827709879656e-02	-2.129409365170402690e-01
-6.353745708282737548e-01	1.216222337841912582e+00	1.824713237333745741e-01	-1.856977868241147966e+00	-5.051532718819559120e-01	1.547203507918428311e+00	7.402457288612920294e-01	-5.418754115161551477e-01	-9.199169518412853019e-01
-5.752691989615625889e-01	1.240499541518038429e+00	1.777491114208547274e-01	-1.631685971319910333e+00	-1.451944351487742257e-01	1.753905844710835771e+00	6.893603250693767226e-01	-6.165860907882060316e-01	-1.007314908924489050e+00
-5.213948582637220053e-01	1.257937336686452134e+00	1.653675808529119773e-01	-2.000529615948601236e+00	-4.260434693048893440e-01	1.498546424547981148e+00	7.053119545660551104e-01	-6.270103549021126543e-01	-9.267665352802185730e-01
-1.942655452289281381e-01	1.517398775408320022e+00	5.731836767833903279e-01	-2.067458839795743408e+00	-3.774607250467464925e-01	1.533775944996136786e+00	5.741203775381642505e-01	-7.697359079794748871e-01	-1.098599720167174221e+00
-1.683131585025129107e-01	1.507384783752256263e+00	5.157434400222047355e-01	-2.140525304263207307e+00	-3.352795801970022138e-01	1.552944667747642615e+00	7.356938244234060287e-01	-6.446892600211230340e-01	-8.052794826712390552e-01
-4.263652111483871576e-01	1.243333800920919829e+00	2.563424007500442192e-02	-1.655866212403620974e+00	3.085133043171364720e-01	2.155641387498316686e+00	7.466575053127911810e-01	-6.554388504011928740e-01	-7.582470173336062214e-01
-3.937441328194037360e-01	1.237531671713843595e+00	-6.868426048206310863e-03	-1.935992994198963757e+00	1.154020580266495316e-01	1.794348968077105422e+00	4.955850684504077286e-01	-9.031991306550468668e-01	-1.106551300445918651e+00
-8.609389176953971545e-02	1.475673726059500535e+00	3.735908003355546958e-01	-1.971910579457127666e+00	1.834727651499062362e-01	1.805835045038155506e+00	9.658729382152413390e-01	-4.926870191536363297e-01	-3.042939432029345692e-01
-1.742987436002061685e-01	1.360269273190543915e+00	1.423311975073830449e-01	-1.983685726399913252e+00	2.750371120017376381e-01	1.813199859369442501e+00	7.876536505966633683e-01	-6.698106710320308466e-01	-5.239368591102199213e-01
1.045272456339252365e-01	1.570703312334007506e+00	4.774399605814773628e-01	-1.711970017773869479e+00	6.683382931586268061e-01	2.126286514757981916e+00	6.923457432788795440e-01	-7.695558982038531726e-01	-6.134630538179454140e-01
1.417982908979653067e-01	1.565136547392363520e+00	4.437287824242751588e-01	-1.816201581607308491e+00	6.482966829860501434e-01	1.976188630004660718e+00	6.676435576383167314e-01	-8.022235988923197558e-01	-5.666904089228950170e-01
8.881644547035155712e-02	1.478442435495016527e+00	2.694941244665056135e-01	-1.970038741785767433e+00	5.684058117415902167e-01	1.754334447463927082e+00	4.379533833307335811e-01	-1.019778522128883980e+00	-8.760521015995551553e-01
-6.632041664094176503e-02	1.299878141769248874e+00	-6.600500287541817557e-02	-1.754646607119176194e+00	8.816450265630744187e-01	1.956274489007313155e+00	4.175681536581221098e-01	-1.045770220432640896e+00	-8.502793044449649118e-01
7.677535601809407084e-02	1.385978934553739661e+00	5.902759825697137530e-02	-1.674865102919097293e+00	1.039835265564155176e+00	1.966279527743278077e+00	4.034947840261804419e-01	-1.064638524997018720e+00	-8.082517096087797892e-01
1.241616845534202207e-01	1.385983496314988850e+00	3.646624385902082210e-02	-2.140262181965710830e+00	5.983525267882103815e-01	1.301739516372838912e+00	3.387151904912732991e-02	-1.405219103745049436e+00	-1.317744359372325258e+00
-1.191409707616284952e-01	1.126214876917861041e+00	-4.385836545126811647e-01	-1.398573974965314992e+00	1.456478682469810604e+00	2.099451476048737941e+00	5.994542684750469030e-01	-8.928335579893001972e-01	-3.399822644459579157e-01
2.681526429751170393e-01	1.427048031429182018e+00	6.106588450378032384e-02	-1.243951889418183354e+00	1.668258820852055679e+00	2.116628137095809770e+00	1.113487416218525705e-01	-1.337505295998736354e+00	-1.041548315260596880e+00
2.707479936198425863e-01	1.384443895875549391e+00	-3.231692607611747620e-02	-1.462981012866882313e+00	1.461427488823515475e+00	1.645087671479997349e+00	4.746121317715590315e-01	-1.005860837242217976e+00	-3.757263999106696950e-01
2.888549952069777160e-01	1.354845534835844356e+00	-1.008443640289319043e-01	-1.540658195331798375e+00	1.393412290404424603e+00	1.312155354487641201e+00	3.137835474061656527e-02	-1.405565854822610206e+00	-9.844679263356745924e-01
2.766477242767719780e-01	1.297507597685785941e+00	-2.158176813279618633e-01	-1.054334942797727548e+00	1.922338749542722436e+00	1.668161269429380811e+00	7.506899334113527333e-02	-1.360087129885072299e+00	-8.163839819181475388e-01
3.441479338855811254e-01	1.310434298211734294e+00	-2.066528111061459172e-01	-1.564972239864373282e+00	1.359353772033007557e+00	8.626191449468684214e-01	1.114991176922653371e-01	-1.318301571291220053e+00	-6.404533608550778689e-01
7.236636847235016212e-01	1.600557262123027957e+00	2.861452886221392822e-01	-1.452035430345380407e+00	1.465245413714551859e+00	8.976700912536474952e-01	-4.300595088689837531e-03	-1.411809549142367004e+00	-6.970814061970419528e-01
5.131936523267857098e-01	1.364741661812256757e+00	-1.307086613253625740e-01	-1.165489206880675477e+00	1.758312753094062986e+00	1.213812386524568021e+00	-7.126571557446559346e-02	-1.457004429871872064e+00	-6.574797560884436676e-01
4.653851492722548833e-01	1.273274396687145371e+00	-2.952747355778410077e-01	-1.002474305591682713e+00	1.920958943401575247e+00	1.402245120476919293e+00	-5.845780357563428176e-01	-1.904318185276756559e+00	-1.334560930353290154e+00
8.255409413216767689e-01	1.544538153728280072e+00	1.669068289355797319e-01	-1.141466754167223430e+00	1.752569258169623501e+00	1.070950340226382691e+00	-6.066462310052514462e-02	-1.407317875330845958e+00	-4.338178657901739510e-01
8.419675953015643977e-01	1.508953818298971683e+00	9.234277422878678365e-02	-1.134187207074829118e+00	1.726481228973753002e+00	7.523513349250482429e-01	-2.172484207303213566e-01	-1.528328599418781186e+00	-5.807355802489626573e-01
5.874233181507128032e-01	1.231092555243110453e+00	-4.071861864646212359e-01	-1.109871359091528342e+00	1.702698439058782043e+00	4.754148254604305679e-01	-5.411443242189744041e-01	-1.799083363621883480e+00	-9.559777188900773215e-01
6.097831420424697502e-01	1.198688296163334721e+00	-4.815461433712046602e-01	-8.491064862508141964e-01	1.923157187023658343e+00	5.365227345502192602e-01	-5.823971795147078190e-01	-1.808247353907844301e+00	-8.442386312044533048e-01
7.810021631974923828e-01	1.297754613391113976e+00	-3.238544328463754951e-01	-5.290349383602279687e-01	2.199424623453711813e+00	7.360206821219886786e-01	-5.015219060196810519e-01	-1.701052856027829963e+00	-5.406905103242147792e-01
1.191803951031961795e+00	1.609292822950255886e+00	2.086872237884726533e-01	-8.335240722361462185e-01	1.792958961735688250e+00	1.631597097889997405e-01	-5.694959183798047331e-01	-1.725560562374453877e+00	-4.901917316843859562e-01
8.309899932690520963e-01	1.232875401173144425e+00	-4.514216430958196136e-01	-2.575264813792087493e-01	2.331394798189213358e+00	6.076314591607859805e-01	-7.916368482063402823e-01	-1.886586345816688937e+00	-6.758832423511833554e-01
9.439150078360789564e-01	1.277423768849834218e+00	-3.816515679676912298e-01	-2.982895038353163830e-01	2.192013342887426663e+00	3.101477394731246839e-01	-7.826165200252974685e-01	-1.833482374711577600e+00	-4.905279855688847168e-01
8.636061002998222103e-01	1.148923539714072461e+00	-6.128662308250970581e-01	-3.623444735253213977e-01	2.019868915996920755e+00	-3.747091885268505340e-03	-8.576444892292506283e-01	-1.852655636540367023e+00	-4.281038055309442925e-01
9.513995485347511716e-01	1.169062504013633097e+00	-5.864816102182954793e-01	-9.727355936190604235e-02	2.197212915399922029e+00	8.266667940413224835e-02	-6.175950148002241624e-01	-1.580757594589292214e+00	1.402511311277045425e-01
1.192309922545580658e+00	1.324400337836514341e+00	-3.268548540580576978e-01	-2.970196824836075500e-01	1.863027901193663016e+00	-4.085890361530716275e-01	-1.044540166704933881e+00	-1.910679394818117993e+00	-3.328021877375030302e-01
1.066056031408295635e+00	1.151482135376568738e+00	-6.387588117275924127e-01	6.895655209846660028e-02	2.134532211269986046e+00	-2.134718610883758194e-01	-6.510558323526050017e-01	-1.489242322257406936e+00	4.976452908666179065e-01
1.262912612977306726e+00	1.264879419689188822e+00	-4.542893588937058080e-01	2.692238731487544556e-01	2.218750611676112428e+00	-2.315671364235536156e-01	-7.808690951326806573e-01	-1.538234409048822249e+00	5.127422300454421711e-01
9.092992053862567481e-01	8.865660365204158788e-01	-1.124180697050722433e+00	2.600185609558671729e-01	2.069716169938802253e+00	-4.822506802224504341e-01	-1.120967948203812181e+00	-1.772591591061181138e+00	2.081771800945805273e-01
1.253839264410161913e+00	1.128300842991690534e+00	-7.177149337617854119e-01	4.932080824400841834e-01	2.177464916143734275e+00	-4.423025452110037614e-01	-9.559779818571707555e-01	-1.541321877020015219e+00	7.078667276255539154e-01
1.485575751359812680e+00	1.267924617390536746e+00	-4.881813491264908600e-01	3.496548693760831994e-01	1.870737259414588349e+00	-8.679876322346258277e-01	-1.351753462511262605e+00	-1.813642431320350301e+00	3.331464455203196895e-01
1.217515126715787765e+00	9.606074359644244387e-01	-1.033030716424255369e+00	7.526613564155248959e-01	2.178223602019990324e+00	4.444131662858437637e-01	-1.307125420887419232e+00	-1.676654671399415264e+00	7.497856485037441843e-01
1.063791487976186723e+00	7.538620787353196295e-01	-1.384825712466895453e+00	6.033136690330599405e-01	1.922966280530419514e+00	-2.128545925459197075e-01	-1.537436342826735691e+00	-1.773953228165036977e+00	7.821111114299154066e-01
1.763152602819607617e+00	1.305053981930941465e+00	-4.395514209444482123e-01	6.585535145014034253e-01	1.834708305142694007e+00	-9.585476988609358262e-01	-1.492535939503239817e+00	-1.613757393140762719e+00	1.102543081821785620e+00
1.216820093914235956e+00	7.446525713157138293e-01	-1.431495803129650080e+00	9.138998335745860402e-01	1.937241011854268447e+00	-1.173820476616719510e+00	-1.434382225417159429e+00	-1.436402712312600860e+00	1.434465357565004595e+00
1.461726932036813364e+00	8.862014034134176876e-01	-1.208984777295158741e+00	5.381821814936527115e-01	1.342859817291821134e+00	-1.987436793632721521e+00	-1.636302808241942852e+00	-1.489863148032813278e+00	1.372624194934998876e+00
1.446882447097924684e+00	7.936126454046034118e-01	-1.391973496442606262e+00	1.381452802948425429e+00	2.060934533326000739e+00	-1.240160607825844474e+00	-1.215026638712473961e+00	-9.701467309521933924e-01	2.304125878754243129e+00
1.611450669207118880e+00	8.579147419730965840e-01	-1.299179623725288613e+00	1.123377354476285284e+00	1.579579006908870653e+00	-1.834353273300772136e+00	-1.851761475498501008e+00	-1.405891103851189872e+00	1.575251745587222363e+00
1.402550300416379736e+00	5.868308637631037827e-01	-1.780806817623135974e+00	1.177963540085963823e+00	1.435960813449971507e+00	-1.964201815470140167e+00	-2.063062276463424105e+00	-1.447790467494222577e+00	1.517480091286916188e+00
1.322670972346203788e+00	4.280156014124556485e-01	-2.058610806842001928e+00	1.029946075317434317e+00	1.069781178217557693e+00	-2.386899781948211618e+00	-1.745926002012571310e+00	-1.002463339699249500e+00	2.285854620704735662e+00
1.692042741363650515e+00	6.668334007022960197e-01	-1.635648380756576925e+00	1.256385827817957601e+00	1.109270458109996360e+00	-2.278466580931631125e+00	-1.441000306945261045e+00	-5.620291246772106675e-01	3.025043741767108330e+00
1.647414045273010608e+00	5.349680961188103545e-01	-1.840155154550636940e+00	1.564622901545817291e+00	1.239711197638187601e+00	-2.058480933646312572e+00	-1.791278584569752530e+00	-7.121241384719037004e-01	2.711860190985602603e+00
1.664940752348323949e+00	4.569220173328595869e-01	-1.934680920400112303e+00	1.480235459802536457e+00	9.490526850217607668e-01	-2.258815095137154838e+00	-2.439623809407820865e+00	-1.129012953700443189e+00	1.906431689678443231e+00
1.550299477011648941e+00	2.603177631855749241e-01	-2.212130859799712912e+00	1.312465670450334576e+00	5.752666136976960498e-01	-2.489547396428407389e+00	-1.847365866265203049e+00	-4.148621142981993581e-01	3.019237512014207425e+00
1.794013809052042774e+00	3.827973407498742597e-01	-1.911653468518906607e+00	1.326081521415064524e+00	4.061678407789566236e-01	-2.523647505367643262e+00	-2.081124310511043518e+00	-4.511386332796211707e-01	2.788058916467390791e+00
1.458247706195761717e+00	-9.883486343247899208e-03	-2.479418474829340191e+00	1.476092320258722612e+00	3.917553421759122356e-01	-2.375399327215911516e+00	-1.938543730715016844e+00	-1.465679975392542855e-01	3.100347773769575710e+00
1.452843204754947104e+00	-1.065318171591456003e-01	-2.506847302281275169e+00	1.442896195379572033e+00	1.892424677009029443e-01	-2.394880025084233033e+00	-2.243607504172663081e+00	-2.528544232436372163e-01	2.655931668956597935e+00
1.327995271933373633e+00	-3.066555479407815921e-01	-2.686461428255485728e+00	1.443865245797929520e+00	3.601987884357450709e-02	-2.332156002114960547e+00	-1.929420379599492419e+00	1.978067105736273923e-01	3.129130355308893385e+00
1.536335122932235953e+00	-2.062463170353474318e-01	-2.323130539277029616e+00	1.201638406514499158e+00	-3.704172666801699432e-01	-2.586961428268762297e+00	-2.295967610532883896e+00	2.088190094703767929e-02	2.480576961358501809e+00
1.582775260330341105e+00	-2.453231949406081691e-01	-2.181335114895810445e+00	1.503898053438953442e+00	-1.737212085755009405e-01	-2.101909499117827984e+00	-1.936821079691163794e+00	4.934774212824218909e-01	2.925632096353148803e+00
1.452529051274506822e+00	-4.362815422542444255e-01	-2.286891152331820276e+00	1.723008979240320482e+00	-5.230461481751133568e-02	-1.695489415208476736e+00	-1.762136197665598036e+00	7.860630317639986098e-01	3.035355053680890869e+00
1.581857831721232177e+00	-3.900185643625557752e-01	-1.969440740223551867e+00	1.662061771989102432e+00	-2.182196042566542926e-01	-1.587775586565088215e+00	-2.096013550125090497e+00	6.024617090040338407e-01	2.305900042244945158e+00
1.529339282074589024e+00	-4.991544991742943305e-01	-1.914643541711301467e+00	1.726206930979331311e+00	-2.328526202109094112e-01	-1.329818051818506319e+00	-1.915596803649145974e+00	8.719076066333439901e-01	2.354158072456279172e+00
1.503971802543601521e+00	-5.772898586220897021e-01	-1.804108070552385312e+00	1.431073358639279647e+00	-6.213378808426073263e-01	-1.507776881399458757e+00	-1.893820537269055304e+00	9.816904408283506633e-01	2.126160814770615470e+00
1.278950403143466641e+00	-8.262850094107254684e-01	-1.993159395042121806e+00	1.153765819556945793e+00	-9.746879907599552695e-01	-1.602683649826637691e+00	-1.265667451283463807e+00	1.627445311419840168e+00	2.841319937856697564e+00
1.365537612549430291e+00	-7.909091352944405129e-01	-1.694565518807360283e+00	1.186965043843525081e+00	-9.742835306985558885e-01	-1.321717559050079371e+00	-1.612149778881712958e+00	1.371417424610335667e+00	2.007242020327263177e+00
1.673352371639220904e+00	-5.517667863426376496e-01	-1.051148719738626447e+00	1.149362881190661767e+00	-1.033509934546140707e+00	-1.108906021141247367e+00	-1.330798512480280138e+00	1.671359574367649481e+00	2.157048579751851491e+00
1.154221844000233421e+00	-1.042453475831262244e+00	-1.684273419705928143e+00	1.136799231550138956e+00	-1.049827837600992853e+00	-8.615703304793034256e-01	-1.834858421014207375e+00	1.242515451088324729e+00	1.068188603194668351e+00
1.334167062465938969e+00	-9.043645817832011158e-01	-1.239528415225901847e+00	1.242597571932519074e+00	-9.231955894871816115e-01	-4.981947998053594118e-01	-1.402995197653172044e+00	1.651186548135349375e+00	1.455501382328481697e+00
1.426793896907138315e+00	-8.381632880960063758e-01	-9.336597020746572051e-01	1.406972699774446500e+00	-7.200540338456410394e-01	-6.461366212015057231e-02	-1.233070873956902513e+00	1.808770545314605460e+00	1.434991011363934810e+00
1.290147026802755503e+00	-9.706596457541563083e-01	-9.868067066723927860e-01	1.239229853918168978e+00	-8.645944802688272368e-01	-3.931046103880588005e-02	-1.438813571119147205e+00	1.612764703551163414e+00	8.296687204313363262e-01
1.013166255042443398e+00	-1.223048599278320214e+00	-1.261611187980620441e+00	1.089134153929624649e+00	-9.792410844708343554e-01	-6.564412622562730906e-03	-1.524154823232751532e+00	1.515293299922465531e+00	4.221585732689811521e-01
1.058988355071949883e+00	-1.183296586210668799e+00	-1.042756675746510542e+00	8.886654262258193437e-01	-1.139141254252393098e+00	-4.839128051443594702e-02	-1.281455128383319320e+00	1.706144242215518636e+00	5.403755834423995541e-01
1.129588769098149648e+00	-1.117178116092716778e+00	-7.911795417704520217e-01	9.016407610922629878e-01	-1.059518813409026539e+00	1.556960992414231082e-01	-1.223058622472126933e+00	1.720296809356091527e+00	3.779563979362352000e-01
1.031170588645290653e+00	-1.197628699747554926e+00	-8.057874709096604082e-01	9.187305352531967007e-01	-9.690268440528331251e-01	3.423968118655527082e-01	-1.064496998547879603e+00	1.817360045150810732e+00	3.829256922432420773e-01
9.566131586444301949e-01	-1.253236405615972160e+00	-7.887191704543876636e-01	8.450654766839456045e-01	-9.716600167648444808e-01	4.054284634399800136e-01	-7.988525972934029662e-01	2.004470723424748080e+00	5.661531663290600980e-01
1.040852013777211038e+00	-1.164174721646162203e+00	-5.313722326583392164e-01	8.999477201494106016e-01	-8.309400793448254996e-01	6.085222227700276543e-01	-9.814803371613691763e-01	1.777396923267770212e+00	5.392857638462992403e-02
1.373221806409482326e+00	-8.511896012441699799e-01	1.048800114238996883e-01	9.549718758950328512e-01	-6.871332607789462088e-01	7.977752758483336315e-01	-1.087187072889649775e+00	1.614568605973245585e+00	-3.273531962274756069e-01
9.481643954862296608e-01	-1.209998239963667954e+00	-4.333851542013182900e-01	7.929139328208000270e-01	-7.765623607986787968e-01	7.103734948484884404e-01	-9.499425257982895276e-01	1.667706132148401243e+00	-3.162758479018913382e-01
9.909642259100930328e-01	-1.149749509712510775e+00	-2.527070736839719389e-01	9.607943930741916772e-01	-5.073672324836300263e-01	1.010151336434860880e+00	-5.758847235402718701e-01	1.931947981261211034e+00	7.818765923550716201e-02
7.287225904807801413e-01	-1.358940924820882579e+00	-5.471813191298023904e-01	7.612031689452762873e-01	-6.357085853491506455e-01	8.602549573461950594e-01	-6.227360769826908449e-01	1.809766865785524592e+00	-1.805877146277663770e-01
8.922669285826420049e-01	-1.186998312337183226e+00	-1.873334892862628387e-01	6.311839240928246442e-01	-6.887371746952910545e-01	7.804508491615151922e-01	-5.627101700885228652e-01	1.781843864334885730e+00	-2.600004002716519436e-01
1.120654402137506001e+00	-9.555514769233370842e-01	2.688430772519161405e-01	5.746828699631316706e-01	-6.625117227192448555e-01	7.846174060433050990e-01	-4.974976030295135687e-01	1.756387107562820571e+00	-3.189312023868125512e-01
6.932987204776837054e-01	-1.306563096169865101e+00	-2.951346877308835825e-01	6.798502426055645920e-01	-4.612505628029587856e-01	9.948342807757627471e-01	-2.403797725865693680e-01	1.904038775128537475e+00	-6.094516692700735483e-02
2.853849685279978843e-01	-1.639064592404366971e+00	-8.332292521958638565e-01	3.911413142310567470e-01	-6.860510494469738152e-01	7.338508929540280556e-01	-5.490629967106099851e-01	1.536103239653448638e+00	-6.894765925574910526e-01
4.908569059587312711e-01	-1.424229623420361301e+00	-4.234666732878016315e-01	5.983295835347928193e-01	-3.743647301331834432e-01	1.040642157430628378e+00	-2.026542790118735782e-01	1.763030167999428688e+00	-2.848985267662407228e-01
5.674224019711259226e-01	-1.323094490895770470e+00	-2.127806298468873369e-01	6.807175939521203922e-01	-1.999995934491116678e-01	1.177767201451578982e+00	-1.151569705248204067e-01	1.753627478708245757e+00	-2.861570221233081246e-01
6.917821955002363410e-01	-1.178314785914184259e+00	7.338378877160534053e-02	5.947547609088571496e-01	-2.109750261828053641e-01	1.089291794916849465e+00	-3.527263067204772229e-01	1.447682176233614060e+00	-8.004069921046844671e-01
4.849374278639854707e-01	-1.327400520337385315e+00	-1.526185642253977681e-01	4.416861779035607949e-01	-2.991236672504827832e-01	9.059969162712260271e-01	-2.277940733611545643e-01	1.470679092283506462e+00	-7.387106265158953633e-01
4.078660580200759167e-01	-1.359956626507547339e+00	-1.799144569950276440e-01	4.687179376182498691e-01	-1.965564096249182713e-01	9.304165723401401911e-01	-3.078036885188047966e-01	1.306726623228619877e+00	-9.956445407149465687e-01
5.535529450883227565e-01	-1.193262113058219498e+00	1.365516235441517900e-01	6.222398788694076810e-01	3.813326977007282931e-02	1.092560682708540121e+00	-3.012229640620862625e-01	1.221091832678399935e+00	-1.113475521475388641e+00
4.220079283715645335e-01	-1.272573015060698198e+00	2.457024198830280726e-02	4.011820184816622947e-01	-1.386797333611702598e-01	7.844784631238254091e-01	1.140609289248615821e-01	1.506662628822189598e+00	-5.887906033014386198e-01
2.318446939400345408e-01	-1.403280042669019956e+00	-1.788220308191942054e-01	6.321575301442889927e-01	1.673344904777462339e-01	9.954134599851547360e-01	-2.195512835329980761e-01	1.110594904760847434e+00	-1.243662328136534878e+00
2.772538401265617902e-01	-1.323451910678517418e+00	-1.822994019530112253e-02	5.450957929727445750e-01	1.204749231259867881e-01	7.949247763689755164e-01	3.171038956795208530e-01	1.505133294747497352e+00	-5.347412185056596989e-01
1.533447525816748758e-01	-1.393596950593738226e+00	-1.164609491745426523e-01	5.811515825964516102e-01	1.970582077428723045e-01	6.927380489179276735e-01	6.995118067711211807e-02	1.184923801466527982e+00	-1.082325100394825323e+00
1.853406801430710626e-01	-1.323855764774548804e+00	3.608034825841413551e-02	3.871204011088103525e-01	1.007587825725364539e-02	2.312436346357006345e-01	1.376761050539619113e-01	1.148524617836012895e+00	-1.137357920995057725e+00
1.777324553248728622e-01	-1.287904827274307662e+00	1.378210391793582845e-01	7.278417713558251734e-01	3.837624510692456692e-01	3.513945838955309098e-01	2.344477924934001978e-02	9.459489246033394583e-01	-1.426803152463820279e+00
-1.526340962825366299e-02	-1.415668117365065815e+00	-5.393170289712301280e-02	7.172258086434902813e-01	3.625283377684204167e-01	1.503036220732232864e-01	4.063062289328565058e-01	1.197361982901369304e+00	-8.946868668005478753e-01
-1.818923291061349534e-01	-1.519096499460635075e+00	-2.177938335883376486e-01	9.557372034946003403e-01	6.067794657584346663e-01	3.903479429557586422e-01	4.468289104481458218e-01	1.139901028046820031e+00	-8.931049582092196459e-01
-1.431601351089883956e-01	-1.439165866512459813e+00	-7.132015750191311731e-02	2.117701094529975125e-01	-2.149069643416227360e-01	-5.368164365694116924e-01	4.166306816768862165e-01	1.020359934521975376e+00	-1.005084931854857366e+00
-4.236925472065611320e-04	-1.266244876059098523e+00	2.345645076645165306e-01	5.019582397341851854e-01	8.384428502632448876e-02	-2.156457807655618453e-01	4.435956916826589991e-01	9.549576557084611395e-01	-1.025916630794866613e+00
-3.085422317544219140e-01	-1.494398359661177622e+00	-1.543001519188169635e-01	7.207722354345452720e-01	3.065167979882061911e-01	4.935927607796511407e-02	6.121016785132695759e-01	1.020291962318149670e+00	-8.215526589795683066e-01
-4.303085612494927936e-03	-1.176782911344736782e+00	4.044347656435497429e-01	8.239219106265317505e-01	4.046033569277343034e-01	1.765025735910955851e-01	7.082010752973340040e-01	1.021896912787574108e+00	-7.245544886735597601e-01
-2.100475404456252637e-01	-1.312807808170333823e+00	1.758810398908133565e-01	5.005869457343794515e-01	4.144261382674979677e-02	-2.048550020952669415e-01	8.217511821253556947e-01	1.041706980738128729e+00	-5.932506787505266166e-01
-4.225006325464294443e-01	-1.454296556615577662e+00	-6.228325792335279165e-02	8.434856148075123849e-01	4.000506702086784605e-01	1.887597569897557226e-01	4.676096694484752625e-01	6.384579035418571635e-01	-1.195984525764453688e+00
-3.534874116251051634e-01	-1.344614562175548533e+00	1.347804384426136426e-01	9.453029059915790677e-01	4.961543287115028900e-01	2.600932903031162313e-01	3.105500619264638940e-01	4.168048090597332722e-01	-1.483821961888475816e+00
-1.219257950220863640e-01	-1.089669049126621214e+00	5.831493829905352033e-01	7.110794530035823291e-01	2.261799126262512838e-01	-5.979668806040384921e-02	7.242195386491778741e-01	7.165900436434442522e-01	-8.692016698413681519e-01
-2.870596572049313733e-01	-1.187433923024439508e+00	4.193481793926044920e-01	6.880875795127282535e-01	1.824894113784185923e-01	-1.560586304853005257e-01	7.027546002244976497e-01	6.229856169857608261e-01	-9.356419467163636927e-01
-5.978375388073078334e-01	-1.414365472079770703e+00	3.030287728290059768e-02	5.676112351715945081e-01	3.020395263838057676e-02	-3.635065234377819476e-01	6.373930074457458961e-01	4.919074152438073777e-01	-1.066458515307642907e+00
-3.458621934579135804e-01	-1.139619453768239143e+00	5.117855112568682197e-01	8.619140121723550818e-01	3.254223982858980846e-01	-5.818469071699203243e-02	6.140446536812339540e-01	4.015355498461720130e-01	-1.126569311813410801e+00
-6.022636325532035872e-01	-1.317000362808037339e+00	2.084200874431418882e-01	6.084053742132916609e-01	2.468425133569129848e-02	-4.282412472349291788e-01	9.067668781783845278e-01	6.011647193778492104e-01	-6.846121466588731552e-01
-5.962268986749196253e-01	-1.260083391506722661e+00	3.113380380798032032e-01	8.433901073617035005e-01	2.503019517257666915e-01	-2.141721671451641273e-01	7.044143926595307637e-01	3.531348755402110018e-01	-1.017040878414512406e+00
-3.893836643615395388e-01	-1.023716419607275663e+00	7.257214306616683874e-01	5.640144262303914413e-01	-8.355983973208454263e-02	-6.161447894188015750e-01	5.855892187426259277e-01	1.836984134534346558e-01	-1.215233466902133186e+00
-8.563281739990572516e-01	-1.386674850144149262e+00	1.001413364949328422e-01	9.154599130437184318e-01	2.625877423044745695e-01	-2.804865215090373010e-01	7.742189474576464114e-01	2.964895156005065702e-01	-9.254644360481850685e-01
-9.266147182036806873e-01	-1.395688065044071280e+00	8.914258022987814334e-02	9.905347081232052098e-01	3.059446179257502285e-01	-2.728512606251531358e-01	1.200727171478137123e+00	6.282520719323323455e-01	-2.566552906514728560e-01
-6.850436915282458461e-01	-1.126223450255974701e+00	5.610548334422742478e-01	8.528222458350388502e-01	1.152272819134152887e-01	-5.226498792326812470e-01	9.421128649217263007e-01	3.395781703246541494e-01	-6.628633034121406142e-01
-9.014857589859840425e-01	-1.263795695615197889e+00	3.268557641078729814e-01	5.483579415467718654e-01	-2.585802924025641381e-01	-9.585365912198117178e-01	7.089645315106913870e-01	7.681615380611200861e-02	-1.023988428222335489e+00
-1.069164318319427265e+00	-1.357048293146235096e+00	1.706116309003783971e-01	6.442387254501676930e-01	-1.993488422684847605e-01	-8.794032426306491734e-01	1.158032686586375037e+00	4.372944231352727251e-01	-3.065892845015478207e-01
-9.434863226591793106e-01	-1.188068014892830870e+00	4.701832463569540210e-01	8.119721020696362146e-01	-6.101445490955471895e-02	-6.787503348369442469e-01	1.045197376928567401e+00	2.897109091295044792e-01	-4.653318118626117439e-01
-1.137001934528318881e+00	-1.302249524222486521e+00	2.788484173908444830e-01	1.231278843298777792e+00	3.544926062599623728e-01	-1.178418439565547260e-01	8.964506302136702187e-01	1.127162758580956825e-01	-6.726199365283657139e-01
-1.237919580476306569e+00	-1.332795988031034939e+00	2.336770069846695885e-01	8.555484193119449188e-01	-8.486198893210208927e-02	-4.949316299149738585e-01	8.107980593444639172e-01	-3.405131681602779903e-03	-7.726337819744977242e-01
-9.242313989219672621e-01	-9.928614552355244927e-01	8.316949736464380738e-01	8.087607967216091653e-01	-1.619919152854210065e-01	-4.889004422202183342e-01	1.145496792772457084e+00	2.664293190381759602e-01	-2.041168952361014366e-01
-1.194828098245242831e+00	-1.171887657223835255e+00	5.281520196387736732e-01	7.494118411263547275e-01	-2.488221049212279712e-01	-5.181954977225254888e-01	1.120566318817910245e+00	2.129886472467535374e-01	-1.955454900477456293e-01
-1.257648135412329449e+00	-1.164547733862740575e+00	5.462413897663591644e-01	5.815293952674308597e-01	-4.516973299050864310e-01	-7.254262691544053343e-01	1.156212184822339006e+00	2.183757334633391889e-01	-9.120757438973947639e-02
-1.139771402836174063e+00	-9.949205049094531628e-01	8.444956615601382222e-01	8.624217600181628418e-01	-1.675658935314273401e-01	-3.974102994532670019e-01	1.026150644487354713e+00	7.671125658709528061e-02	-2.448872556646368159e-01
-1.052735458579964201e+00	-8.513431387887687718e-01	1.096180660431434362e+00	6.764765845695012159e-01	-3.896965752113691339e-01	-6.131828844820945701e-01	5.189969554733995238e-01	-4.043081050397343557e-01	-9.896443601073752205e-01
-9.783359884700899567e-01	-7.175411883378165490e-01	1.330502922694636325e+00	3.709288162966591917e-01	-7.418171852947090805e-01	-1.027098085609619904e+00	1.191931974599268695e+00	1.914759201247887010e-01	1.249451905857989487e-01
-1.476761244299581444e+00	-1.092319974521693826e+00	6.797061801848527374e-01	3.960824655265756666e-01	-7.366430554345675397e-01	-1.002542950658096954e+00	8.715050064218377024e-01	-1.126221025133310183e-01	-3.201082554168420691e-01
-1.251391525392739679e+00	-8.210730258994659581e-01	1.146964753964125006e+00	7.563993213551346573e-01	-3.665347073907190278e-01	-5.556852020289011485e-01	8.550387709918766399e-01	-1.366595198962963220e-01	-2.832066235085392569e-01
-1.201794899426672059e+00	-7.048776427052996230e-01	1.341517850254661859e+00	5.325230293663445469e-01	-6.305495491817220133e-01	-8.558930790938920063e-01	7.803575541378546809e-01	-2.100993927935482508e-01	-3.362124509224946323e-01
-1.337196841161354399e+00	-7.520229021734414765e-01	1.247950436625242965e+00	3.051232310223700450e-01	-8.972659194687594431e-01	-1.102401640710538144e+00	6.706544859662324498e-01	-3.118532063556360701e-01	-4.435960727357323163e-01
-1.339768935776833869e+00	-6.795147046557650228e-01	1.358610196275951587e+00	6.927869014748303522e-01	-4.960021724021755896e-01	-6.213473233614499325e-01	5.558833594340537587e-01	-4.148886319018906810e-01	-5.598472807083842984e-01
-1.130335192621820584e+00	-4.169199068697368449e-01	1.793798172084613229e+00	4.021742331418205474e-01	-8.273696572241864278e-01	-9.436991826545187978e-01	8.993021482470353600e-01	-9.799019351334707639e-02	4.553091269215679693e-02
-1.508409030982593713e+00	-6.763486618281429053e-01	1.316281518421090535e+00	4.411885562642894332e-01	-8.008468757874538380e-01	-8.780376199615222976e-01	1.427064574086742255e+00	3.894794629162166011e-01	9.357175818005982748e-01
-1.311962884517994699e+00	-4.231914407537178402e-01	1.720515295815568280e+00	-2.865789585083944324e-02	-1.324768129477369660e+00	-1.429849527607471860e+00	8.711714866757770404e-01	-1.059788535166357737e-01	1.179235776544672043e-01
-1.334299914427850009e+00	-3.641768907840243208e-01	1.777185650805851447e+00	2.503310526204813868e-01	-1.036578252829878810e+00	-1.067340440755636166e+00	5.822783944589773331e-01	-3.562201627951339100e-01	-2.848884461331658846e-01
-1.415612018870930910e+00	-3.572927849813335999e-01	1.733507997455839167e+00	5.300101336631534155e-01	-7.439294123451724028e-01	-6.695024346183626740e-01	9.162455808754290665e-01	-3.794283618080374065e-02	2.880338744425710029e-01
-1.168279547108133087e+00	-5.770595974783152005e-02	2.186337629842975527e+00	4.822322199360057349e-01	-8.026747195746006813e-01	-6.664715893599657548e-01	1.052554780186870875e+00	1.022097110423207389e-01	5.435307071065264006e-01
-1.183814603706702107e+00	7.414306928250957718e-03	2.218943261897701635e+00	8.780174516386599071e-02	-1.232707822818837062e+00	-1.050130307612179736e+00	1.150090822253244660e+00	2.083446776406623346e-01	7.280094119904545469e-01
-1.406383628449846990e+00	-1.126255643418836161e-01	1.918364688828706699e+00	-2.004589912411108843e-01	-1.543033948361233421e+00	-1.308475933651569445e+00	1.296234711039611076e+00	3.592612142270819597e-01	9.777285708199718872e-01
-1.287868061320502910e+00	6.980830645059984962e-02	2.129400189161895440e+00	3.383973973402065183e-01	-9.525004856807481879e-01	-5.602510029931799806e-01	1.216422566446694109e+00	3.047100195962734737e-01	8.611051819276935859e-01
-1.486445909291205458e+00	-3.187391074146698339e-02	1.834055155298787820e+00	1.123200417652499838e-01	-1.185610299731898465e+00	-7.196986604974269230e-01	1.072599107039472033e+00	1.914488314324642448e-01	6.327099290896727180e-01
-1.533441023724040120e+00	-8.100190961506659182e-04	1.757212490220508627e+00	1.028704660263895926e-01	-1.178155123671192239e+00	-6.062824672495330525e-01	6.395257241225053013e-01	-1.860049930915070315e-01	-6.518469897588780038e-02
-1.530947538996824342e+00	7.166012088277988468e-02	1.740441068932349067e+00	-8.500386936423753870e-02	-1.358628617638564684e+00	-7.036681746335828880e-01	7.284659781210151008e-01	-9.026525323612509533e-02	5.216505744482641260e-02
-1.470864561636477941e+00	1.922300311317657329e-01	1.794962897019255488e+00	-5.631763213106301125e-01	-1.846832683417905185e+00	-1.123253983544983736e+00	1.060614025516649184e+00	2.247161041568196682e-01	5.424845853519937311e-01
-1.547615167628750177e+00	1.873290975940658798e-01	1.622330814523320397e+00	-3.963205212273668843e-01	-1.628801831542320278e+00	-7.541858306170337034e-01	1.160253214050815496e+00	3.258552096805765741e-01	6.573096535783803374e-01
-1.454863456604452265e+00	3.293620489757364544e-01	1.696456702307376885e+00	-4.006062143285112342e-01	-1.588680557976289265e+00	-5.805432863116405384e-01	7.586322035308612488e-01	-3.161796297338906325e-02	-2.562293900285617099e-02
-1.462313985408547845e+00	3.778127966775370883e-01	1.601908486594586289e+00	-6.486288384788402306e-01	-1.804939348853356273e+00	-6.920755596377833330e-01	6.183292804910283103e-01	-1.544157296932310297e-01	-3.036705157650915199e-01
-1.155052497984115689e+00	7.018939814929970877e-01	1.981655880493965016e+00	-7.039214512540930002e-01	-1.804699274211265081e+00	-5.686742665063105884e-01	7.686392000619201026e-01	-1.606983232922470917e-02	-1.276772939220585101e-01
-1.549543126063235965e+00	3.962098287460750212e-01	1.265267248313443282e+00	-4.634713844789592474e-01	-1.475841426532346956e+00	-6.509243207242004781e-02	6.866952253276704665e-01	-9.215857466931996755e-02	-3.223287751430756742e-01
-1.323409077465939498e+00	6.382316810598480661e-01	1.501000783564867769e+00	-7.280980859306024344e-01	-1.686519045144730944e+00	-1.823338538913589213e-01	7.233107477581124378e-01	-6.378002501047100314e-02	-3.334113786580879535e-01
-1.378490192301392803e+00	6.248730468252297054e-01	1.296562547377410723e+00	-4.846867724637982655e-01	-1.339702875617432953e+00	3.124338917971447027e-01	8.719286738979576956e-01	6.317192883804560732e-02	-1.682522619681831311e-01
-1.484950268305972321e+00	5.608238504637983457e-01	1.008068039521382797e+00	-8.013014551039470135e-01	-1.592851567791679246e+00	1.351280884699306295e-01	6.881269969486486504e-01	-1.153599220674358106e-01	-5.258404132484018056e-01
-1.712759043116929059e+00	3.838423665078866120e-01	5.286490202324962695e-01	-8.873120742600488775e-01	-1.589513061664045601e+00	2.370557089543698648e-01	8.042162747039145465e-01	-2.412402402872779184e-02	-4.090319958713260484e-01
-1.035926368864668712e+00	1.007675410065839383e+00	1.445079118601154011e+00	-1.081201324711988931e+00	-1.696800857262105611e+00	2.072049120078116591e-01	7.978932697571459176e-01	-4.698411179164042883e-02	-4.821523224194492752e-01
-1.165388247044408354e+00	9.089126407646708206e-01	1.114899322023614525e+00	-9.859264173793813590e-01	-1.484978209495118717e+00	5.232213658511226662e-01	7.293378162786313679e-01	-1.289460949062193329e-01	-6.496165643517386457e-01
-1.071208655083870420e+00	1.004901286756642920e+00	1.131307725815986709e+00	-1.399955147358392438e+00	-1.819764260136742973e+00	2.168008829386176561e-01	7.476926547822644320e-01	-1.341893530135495061e-01	-6.772727691367632641e-01
-1.087585245865587469e+00	9.982346152034344833e-01	9.766433129882770015e-01	-1.207381709918075030e+00	-1.492727878594629631e+00	6.414136316160129470e-01	6.497180248430241001e-01	-2.471654634801386252e-01	-8.816611481362239822e-01
-9.077329397310671677e-01	1.162290725430708882e+00	1.126239147848736799e+00	-1.334934880159179826e+00	-1.508150107832058717e+00	6.766842461100193162e-01	9.816405592713995931e-01	2.918360550473468942e-02	-4.040455030347972487e-01
-8.711797632487430221e-01	1.194943097673532906e+00	1.055968405156261003e+00	-1.249114119838776737e+00	-1.288646987281836465e+00	9.608870575990764440e-01	9.892760155630855312e-01	9.212247112025069573e-03	-4.322820099666589977e-01
-7.864561987327961523e-01	1.266927569602201542e+00	1.062742495775871099e+00	-1.391333106893121396e+00	-1.313216221563300534e+00	9.584282815360842811e-01	5.166967049458011108e-01	-4.486441797014562027e-01	-1.211552117241475601e+00
-9.047138232705362881e-01	1.154809923848103548e+00	7.573888965703292619e-01	-1.618661152925391589e+00	-1.427574990198422489e+00	8.506295705505784177e-01	7.704319560946938372e-01	-2.466966464753493349e-01	-8.400052770420375348e-01
-1.090096119743145575e+00	9.798048002517170119e-01	3.517063938335068807e-01	-1.643147132174449299e+00	-1.320387001612273625e+00	9.690221463862087603e-01	6.663670833421140305e-01	-3.708448421120966731e-01	-1.029454349444152594e+00
-7.165258982189662840e-01	1.299669942138254486e+00	8.125864814341188236e-01	-1.638847454794133185e+00	-1.183931300692893318e+00	1.051666805207886801e+00	8.309767356879271816e-01	-2.516788560254655249e-01	-8.043875124922071906e-01
-8.559752292226051607e-01	1.160041037908786876e+00	4.833065656055412496e-01	-1.649036350536090989e+00	-1.063487930759432931e+00	1.184154207696922478e+00	6.674864330950298630e-01	-4.310242553390849496e-01	-1.068431352543210533e+00
-8.167953045293698811e-01	1.177019821519379228e+00	4.325505268933644287e-01	-1.676862073669299402e+00	-9.606836249563349694e-01	1.289549053353696628e+00	8.519217886930621209e-01	-2.935400268549712144e-01	-7.826666604341248057e-01
-8.185631483953094145e-01	1.155256035926311764e+00	3.205621095425942313e-01	-1.779725981843454763e+00	-9.389368828212147911e-01	1.292113697609250877e+00	5.567061679233876736e-01	-5.919313560311694200e-01	-1.248840890277817639e+00
-7.894645173396768190e-01	1.158877574552347411e+00	2.591507232257291293e-01	-1.625712660367335527e+00	-6.452934178756655204e-01	1.445511362592365900e+00	1.110501283788000837e+00	-1.191995858781219053e-01	-4.098920135972938250e-01
-7.535563624303983632e-01	1.166662911595804264e+00	2.108088840662103447e-01	-2.017158890276192995e+00	-9.433977534166946288e-01	1.137488392989798536e+00	6.743028697419006789e-01	-5.453384288861989893e-01	-1.063982685349592838e+00
-6.515143328243410137e-01	1.231559574177639060e+00	2.654228520717734074e-01	-1.957064538089277494e+00	-7.516865592548123143e-01	1.317097436179116565e+00	9.868717693316370054e-01	-2.894595306564912152e-01	-5.563396449580542136e-01
-7.068857733432367674e-01	1.154591602049487964e+00	7.760851819257733042e-02	-1.885901140362098660e+00	-5.489287784908963852e-01	1.499318276015279450e+00	8.297905998709119713e-01	-4.596022941138829809e-01	-7.823948331507625253e-01
-5.519086643668004166e-01	1.263396736206694015e+00	2.185714067199739374e-01	-1.893807050492825494e+00	-4.393744585730221530e-01	1.437089014032802758e+00	8.129489390956807782e-01	-5.029782276142162889e-01	-8.189284907804833535e-01
-2.423846623900672570e-01	1.508547858621772209e+00	6.018197853798861185e-01	-1.811181018075149751e+00	-2.313851189778696749e-01	1.710287757767494421e+00	6.942836907819556203e-01	-6.361766138309833396e-01	-9.508093100403702813e-01
-4.535160256215702290e-01	1.288757309132954054e+00	1.780109412061685326e-01	-1.888453438486946467e+00	-1.943964748293052769e-01	1.734568034625019850e+00	5.420211029519663715e-01	-7.983283123657597402e-01	-1.154768507995308280e+00
-5.679150702787605365e-01	1.153817968254649884e+00	-9.642657221832617864e-02	-2.184852060203581914e+00	-3.943930317241549632e-01	1.487689940848296422e+00	7.350801528130316287e-01	-6.448504975695450447e-01	-8.111301687218674950e-01
-3.562321320890685650e-01	1.308082615929515802e+00	1.370903400998225996e-01	-2.459271852190239471e+00	-5.720705170680826512e-01	1.212753685601090536e+00	8.638899222983529302e-01	-5.480539631326521999e-01	-5.733132870688522065e-01
-4.105189921507823581e-01	1.224897194402559730e+00	-2.813687258385738632e-02	-1.918298073052591590e+00	1.250634131592942566e-01	1.809169265143492966e+00	7.572973554339684776e-01	-6.647553278769313678e-01	-7.022764800161495069e-01
-3.488346144543167382e-01	1.244069591456493207e+00	-2.637573187985892131e-02	-1.962610781450270681e+00	1.837275594977355597e-01	1.799847514016202688e+00	4.804232343087330159e-01	-9.340972033446215406e-01	-1.076137902389695755e+00
-2.061073095202895500e-01	1.334387940103278103e+00	9.872852115004748796e-02	-2.041532471871090770e+00	2.021002891731495388e-01	1.732157409330955966e+00	9.507480243412734788e-01	-5.216076784493242080e-01	-2.730136367023874300e-01
9.089854551520912262e-02	1.561051174247793272e+00	4.612627537381856491e-01	-1.818664951814589203e+00	5.427568502876648493e-01	1.995677315958165332e+00	8.401672105435009641e-01	-6.354310239483040856e-01	-3.859598699441358360e-01
1.118863640173936302e-01	1.541055478786781174e+00	4.033203977125014994e-01	-1.596268803755356069e+00	8.771416815943121614e-01	2.244348059979040411e+00	5.759283051668951936e-01	-8.858143805349459887e-01	-7.168545176788103657e-01
-3.403050079142586060e-01	1.098910813550255217e+00	-3.886609144123217563e-01	-1.723136958362888604e+00	8.271751516506120616e-01	2.058323506505171263e+00	3.110271432082110099e-01	-1.135589493980215803e+00	-1.081751592173487264e+00
-1.233673666705354943e-01	1.251694445853014814e+00	-1.496766386736106957e-01	-1.862281856816456305e+00	7.573204134202308202e-01	1.837049507298971651e+00	3.330351305807182638e-01	-1.123175564196535969e+00	-9.885877077536462387e-01
2.218795839170742967e-01	1.517822428056937456e+00	2.875712596483001593e-01	-1.662695006331375458e+00	1.046390429916377984e+00	1.992096944248108681e+00	4.034060216352689521e-01	-1.065367391942708908e+00	-8.133664940769238516e-01
1.161329782956605772e-01	1.381474689579676784e+00	2.834844404170894228e-02	-2.047949608675595723e+00	6.927553499575325180e-01	1.424332823198337872e+00	6.450477254912940772e-01	-8.501293536040617216e-01	-3.599490502166469708e-01
1.926713317812034643e-01	1.406530788183586900e+00	4.738483271610902797e-02	-1.884780525795054951e+00	9.249983348264567695e-01	1.523192940688598673e+00	3.951172701095957418e-01	-1.079570855002339735e+00	-6.670630943760583742e-01
5.659556580996005781e-02	1.241315649004990362e+00	-2.616699859248007298e-01	-1.547232271923684621e+00	1.335774743943668685e+00	1.760302588983478911e+00	-8.796147585031136029e-02	-1.519794622024085440e+00	-1.360651169470376676e+00
-1.542517409135266138e-02	1.132267262840330302e+00	-4.705156977629981752e-01	-1.687400381396919835e+00	1.215171136468119251e+00	1.384608395554829618e+00	3.057240685461137808e-01	-1.160581192035675002e+00	-6.468050945565548826e-01
2.832604692999978746e-01	1.352517420924576275e+00	-1.056462614274325112e-01	-1.100244548284661450e+00	1.868258613017997227e+00	1.852645072952199268e+00	2.854921234339068414e-01	-1.175661872912346917e+00	-5.891815073558359650e-01
3.395800447944214429e-01	1.356200819918825795e+00	-1.146744222023384635e-01	-1.357833125493394855e+00	1.591803250149088189e+00	1.312654304992707965e+00	-3.012268515683934056e-01	-1.703562656424124189e+00	-1.414300998054426328e+00
6.399255529713777646e-01	1.576475745173850918e+00	2.544707825091269138e-01	-1.363025989660580306e+00	1.576556692100679502e+00	1.103618339363548140e+00	-1.272463885669641581e-01	-1.536947090059154419e+00	-1.022832083973078010e+00
2.697831700664712340e-01	1.199039372862432229e+00	-4.112309768986519565e-01	-1.488665943011522108e+00	1.424458138721434786e+00	8.591962270942652413e-01	-4.836593078293611320e-02	-1.453443607070480370e+00	-7.720614794313969131e-01
4.214297026973782279e-01	1.285681623523612593e+00	-2.687300424432489399e-01	-1.185619192577445080e+00	1.735716275022461064e+00	1.196589488868185169e+00	-5.728990163311070694e-02	-1.445949815044033970e+00	-6.412816962849143820e-01
3.661418838565779765e-01	1.187552386033149165e+00	-4.447616563613081553e-01	-1.099431094268591869e+00	1.815787191812149537e+00	1.304237905736787662e+00	-3.022406282637204455e-01	-1.649286437273696615e+00	-8.952694061845820617e-01
4.054984353343351611e-01	1.173149700304121357e+00	-4.781670206036248150e-01	-8.212491090322893150e-01	2.099787721489439374e+00	1.460608184061126691e+00	-2.545167626711886122e-02	-1.377095011975463690e+00	-3.821585372335082331e-01
8.098845708552775413e-01	1.483044027751606153e+00	4.670467652632628863e-02	-7.168709264603996267e-01	2.179764522122723758e+00	1.272136917987612748e+00	-4.367031730580477333e-01	-1.729785058546076115e+00	-9.323289993374594964e-01
5.628808135744797214e-01	1.211934039001163921e+00	-4.396810387761335148e-01	-8.718115107683834797e-01	1.962332461560373664e+00	7.730767534799114493e-01	-2.811491407999016090e-01	-1.564676838723746410e+00	-5.562638044107037771e-01
6.917397247957134399e-01	1.274405710736841391e+00	-3.505596310105014712e-01	-5.278916587615005707e-01	2.273311942319245826e+00	9.370088867779419184e-01	-3.552695986783737658e-01	-1.603933706048322527e+00	-4.936748838998767375e-01
3.025069168684144660e-01	8.744019342011388751e-01	-1.059279737116606945e+00	-5.762661949515994753e-01	2.151179820146430721e+00	6.955895117030821417e-01	-5.623590463692552666e-01	-1.758752256438851802e+00	-6.431503490407141088e-01
7.784986647404362747e-01	1.243993956705704118e+00	-4.260419774294539885e-01	-4.367890437817384397e-01	2.226496738054835944e+00	6.564051422143705183e-01	-7.351380157457496622e-01	-1.878695416402826002e+00	-7.579465198323190878e-01
9.068555263915731857e-01	1.303182862471417458e+00	-3.303378904276160766e-01	-5.449632544560740754e-01	2.024203655365217180e+00	2.750208481986392561e-01	-7.405944730494089523e-01	-1.842781939838487926e+00	-6.025724309865270190e-01
9.304339476843985768e-01	1.268177550463667203e+00	-3.985332515046210444e-01	-2.540213996881685588e-01	2.244802065178730821e+00	3.771899519927693900e-01	-8.874811693524636835e-01	-1.931613502295258078e+00	-6.631379954240810282e-01
5.745387356899667175e-01	8.942837827066179024e-01	-1.055449911481754377e+00	5.325308292880936989e-02	2.475517110635043316e+00	5.109335952696407723e-01	-7.748053195124392500e-01	-1.780219521377806924e+00	-3.053363205414192927e-01
1.007243567925866001e+00	1.221578966974228742e+00	-4.961103061328522301e-01	-3.095532450922139356e-01	1.973008060714860346e+00	-1.599790016184647889e-01	-8.526785036138643248e-01	-1.797629882236612575e+00	-2.381229359838501203e-01
1.003626424140761531e+00	1.159187692349676890e+00	-6.141770807093351880e-01	9.823164141526480320e-02	2.297555496165761380e+00	8.125205803082348466e-02	-8.403187614927044580e-01	-1.728181763757274059e+00	-1.948692546024465011e-02
1.096347763870475722e+00	1.181292111576019321e+00	-5.875914033224456379e-01	-3.467970108297989407e-02	2.028896695448168419e+00	-3.254839868804659808e-01	-7.938197319915933914e-01	-1.622515993684260360e+00	2.639359502929058410e-01
9.175617461013236831e-01	9.602137617440477113e-01	-9.835149178926778646e-01	1.274308747268338982e-01	2.072137588860178070e+00	-3.898924668922012504e-01	-1.003544329336999219e+00	-1.744378621726675238e+00	1.529529106596738131e-01
1.105003427699545959e+00	1.063733962010858125e+00	-8.174344667821877852e-01	3.801008672832461577e-01	2.207200334754872095e+00	-3.252070009335602530e-01	-1.019891271165362268e+00	-1.684498729490675695e+00	3.581329525697841687e-01
1.207090169794897250e+00	1.089569310478933239e+00	-7.875447269459250332e-01	2.562203594203913970e-01	1.928243922774973695e+00	-7.183170426448229895e-01	-1.332643149846752584e+00	-1.887895227543404886e+00	1.074070955705593300e-01
1.223572911995206791e+00	1.037455452402842537e+00	-8.898771338893514127e-01	4.620217612873805391e-01	2.000527167390743433e+00	-7.188256424500640840e-01	-1.258110214927385950e+00	-1.732559999115014904e+00	4.723490017617922865e-01
1.332422039112626688e+00	1.065829017713206373e+00	-8.501725418928289812e-01	4.722912592394792330e-01	1.882612287272565244e+00	1.144549101914385525e-01	-1.319980619676158318e+00	-1.692690171285740286e+00	7.187975182623036474e-01
1.526937339183563003e+00	1.169275665087673222e+00	-6.634995420620525275e-01	7.999517533311989448e-01	2.143961770983961568e+00	2.746185897700381684e-02	-1.458742230987607691e+00	-1.707010312354766857e+00	8.952860217333186155e-01
1.220614736949529489e+00	8.250052452927910673e-01	-1.272069552859229846e+00	8.375906956227399114e-01	2.036275019758926330e+00	-7.407608967357546259e-01	-1.635968689124199571e+00	-1.749105493581663229e+00	8.657216100195556097e-01
1.192806989101315329e+00	7.264301291697916607e-01	-1.462861986148654925e+00	4.103585100253540618e-01	1.398766231451600728e+00	-1.781247240812943389e+00	-1.353825971899661917e+00	-1.368316119947292853e+00	1.550233053112447967e+00
1.295743087522215120e+00	7.416539989690036361e-01	-1.459419998509957406e+00	8.726834474493717630e-01	1.711958526843502026e+00	-1.585876155651978259e+00	-1.884187637485134070e+00	-1.720799661413512815e+00	9.704602741208085970e-01
1.533295011878780256e+00	8.739095908101864874e-01	-1.252730484781937381e+00	7.391175837149019934e-01	1.371092292995020667e+00	-2.015858639819967379e+00	-1.414339898744331414e+00	-1.157210308067888604e+00	1.978652967713725896e+00
1.648709270291034867e+00	8.945236457396794627e-01	-1.236190553009494320e+00	1.214053735227948350e+00	1.683495826099953296e+00	-1.727191863816980533e+00	-1.546048198082919045e+00	-1.133928814873590651e+00	2.045752614587719620e+00
1.334984137407879246e+00	5.301461190682962288e-01	-1.880667553720787311e+00	6.914530518764832046e-01	9.139641337636571494e-01	-2.553246251393071820e+00	-1.895507200304981765e+00	-1.301708618345347679e+00	1.771572999782601743e+00
1.288733266827109869e+00	4.013103299900552257e-01	-2.106807033779949379e+00	1.552287699289307543e+00	1.640506990046558977e+00	-1.759746628107614175e+00	-2.045177393283804435e+00	-1.281131900287185044e+00	1.804974866586719351e+00
1.438573145508693862e+00	4.446652122347401481e-01	-2.023415515494247696e+00	1.253345376799351651e+00	1.110299753279441637e+00	-2.284352909823046396e+00	-1.325291721923060884e+00	-4.634798111972865398e-01	3.198523369243599923e+00
1.397282395407551059e+00	3.157695949454822903e-01	-2.223668488335948545e+00	1.077216844908054805e+00	7.159167952617836450e-01	-2.626245782760810332e+00	-2.105427206925223782e+00	-1.004618035499762696e+00	2.210168670894856024e+00
1.547561763129564394e+00	3.559123442305376361e-01	-2.113754384699545241e+00	1.212762695352929576e+00	6.629447772638330516e-01	-2.586108257792978815e+00	-1.962014625752428021e+00	-7.014604091238441086e-01	2.652936541071435173e+00
1.664351479942403067e+00	3.653444328803494567e-01	-2.034438104636497435e+00	1.431747670636782432e+00	7.078501809551976942e-01	-2.347891530026766205e+00	-1.884359760004967743e+00	-4.553036226647322326e-01	2.956494603437965552e+00
1.529368274393366312e+00	1.505223651000676954e-01	-2.319752668252057504e+00	1.360340692965789522e+00	4.462208513731711346e-01	-2.485908278129307369e+00	-1.585351526598389293e+00	-6.948234178775047898e-03	3.566264066089438689e+00
1.613816501915070312e+00	1.319320125099717467e-01	-2.239516292959458088e+00	1.730713650731959818e+00	6.702755970896605575e-01	-2.069764922495254567e+00	-1.939095230682088555e+00	-1.535995287791545039e-01	3.098634125481809054e+00
1.633747214227038391e+00	5.769396253836690802e-02	-2.229064981503426690e+00	1.916361963198427443e+00	7.045344345373882877e-01	-1.825811554557446703e+00	-1.919723972533546430e+00	3.547379967414997226e-02	3.167708716786293621e+00
1.593329691192083564e+00	-6.742270525892440913e-02	-2.279032842710820628e+00	1.391749547252355557e+00	-1.849897676654614631e-02	-2.399820769535845777e+00	-2.286328813633624168e+00	-1.326891114625731727e-01	2.570016702445613532e+00
1.241912045643105422e+00	-4.656606661211107889e-01	-2.781046638610146005e+00	1.472162082030235908e+00	-7.566989770547666305e-02	-2.263225147205071508e+00	-2.017518571228963165e+00	2.686269102883459547e-01	2.923355610381141112e+00
1.390467883000300109e+00	-4.140419531834372835e-01	-2.483351461252220727e+00	1.816511623455591140e+00	1.662809578923452325e-01	-1.726525496994492759e+00	-2.075995204261651850e+00	3.619050083018370279e-01	2.713607602260271090e+00
1.584842388912490740e+00	-3.161995541701703161e-01	-2.088389484512446881e+00	1.608322831211088655e+00	-1.756339262787652844e-01	-1.838603144912354104e+00	-1.959518912523585454e+00	6.021321075991650229e-01	2.733604153059489672e+00
1.558234339152765546e+00	-4.090837178831708276e-01	-2.012324790363928972e+00	1.673972779970854585e+00	-2.046497246241491541e-01	-1.577838964400085198e+00	-2.126875731478405029e+00	5.705932601803038740e-01	2.267287401561916216e+00
1.615305159572067772e+00	-4.209245387883124856e-01	-1.788481692885072416e+00	1.274011929857671310e+00	-7.224325270549325495e-01	-1.878958562745911554e+00	-2.213453380497914402e+00	5.978396939948609212e-01	1.895437936292275971e+00
1.213830153950799851e+00	-8.342508575662535009e-01	-2.258524322602569967e+00	1.314098300568276478e+00	-7.472360406780526043e-01	-1.623996888502150515e+00	-1.971750221769909439e+00	9.082809103130751183e-01	2.015582743492342566e+00
1.226768060626399759e+00	-8.716327655727509338e-01	-2.081128419931280060e+00	1.443353962185129014e+00	-6.606496312052972941e-01	-1.261882426561731885e+00	-1.585463759460990829e+00	1.334685906632126606e+00	2.349067206997656587e+00
1.228845841076142253e+00	-9.117857515633844834e-01	-1.912341242931757890e+00	1.623163341185730024e+00	-5.018181533759631385e-01	-8.020885302724993782e-01	-1.881010387040882970e+00	1.125560959164350283e+00	1.594409701078835617e+00
1.519010016425638154e+00	-6.885927195766694542e-01	-1.295871669582508989e+00	1.463632796385051504e+00	-6.933951391684440857e-01	-7.295863797864369227e-01	-1.786774796697678802e+00	1.255829407861895897e+00	1.449338689981062078e+00
1.339909941353621514e+00	-8.767048308583461624e-01	-1.403363650050243994e+00	1.191969494087813830e+00	-9.902790720643598332e-01	-7.988911022083797775e-01	-1.705320409327357734e+00	1.360016298904285215e+00	1.282891000749459609e+00
1.491261242134233500e+00	-7.642777409511090081e-01	-1.002588192679123136e+00	9.528376330580290432e-01	-1.237787621210785449e+00	-8.515711540812673785e-01	-1.591675897501815040e+00	1.479703536295313482e+00	1.168103410408951381e+00
1.490939208742553923e+00	-7.810277755694562396e-01	-8.399391483166158689e-01	1.137185420852349305e+00	-1.013179999599697068e+00	-3.930806327665564703e-01	-1.274888894969635977e+00	1.771247238531205248e+00	1.378586558311230670e+00
1.281505108796374026e+00	-9.784854718518783967e-01	-1.004703134701292466e+00	1.014456994434048909e+00	-1.109155026967169055e+00	-3.131463502300105839e-01	-1.309760081818310606e+00	1.730993862697369101e+00	1.041800682800428479e+00
1.354256819171282045e+00	-9.195675537129402999e-01	-7.389952183019024012e-01	1.137791270017716405e+00	-9.276074769536495346e-01	5.234468944462541268e-02	-1.222056838892901620e+00	1.791221521689151830e+00	9.069201918826097497e-01
1.257957809672570759e+00	-1.006495043673816481e+00	-7.397753357254085449e-01	1.168788654452301845e+00	-8.365047756341541518e-01	2.932766881166383177e-01	-1.596416323807191340e+00	1.421178987297462282e+00	5.293662198810678010e-02
6.216004395149316020e-01	-1.570029252202053804e+00	-1.580313530977144332e+00	9.853498897867090101e-01	-9.694244277192204384e-01	2.616585470899125965e-01	-9.731343918835591023e-01	1.949358406542581967e+00	7.800486727760767014e-01
9.414921118139811806e-01	-1.278086068330200220e+00	-9.485504644675877284e-01	6.959948133427654726e-01	-1.210662949324957438e+00	7.983732344596916608e-02	-1.201414950539720472e+00	1.694845979473531994e+00	1.753541093518895255e-01
1.036811702392738788e+00	-1.182520945137503388e+00	-6.689619836312924450e-01	1.027685867935955510e+00	-7.737100198158057829e-01	6.324397415274131129e-01	-7.946486777083094921e-01	2.010534854943778704e+00	5.806441834751927544e-01
1.151162105319734730e+00	-1.066738929585438811e+00	-3.649858974481114404e-01	1.004811640471241274e+00	-7.168799499431258715e-01	7.421372314658774005e-01	-8.306207901945982242e-01	1.917042133442263374e+00	2.991204002966696973e-01
1.118103374035190889e+00	-1.079249082923259051e+00	-2.931854700932813307e-01	6.121790631740900990e-01	-1.057768589805898385e+00	3.920758135162942248e-01	-5.813728507665796297e-01	2.077214891848419676e+00	4.766508938735221634e-01
9.288455003085437367e-01	-1.228157744259578354e+00	-4.669767545466718128e-01	7.355433315405398575e-01	-8.375414553640307957e-01	6.493008600808465314e-01	-8.433526102512634015e-01	1.767414461859579067e+00	-1.416409192278758333e-01
1.046076385480716242e+00	-1.101698387780698285e+00	-1.711896500218971218e-01	5.901955190975590737e-01	-9.073654251431589879e-01	5.717795603450746000e-01	-6.909398668422704892e-01	1.830198268692668551e+00	-9.672269531622518235e-02
1.020311457416717804e+00	-1.100372062989086963e+00	-1.001603024167437295e-01	4.543144675145021072e-01	-9.663118635282972324e-01	4.988217981472489737e-01	-6.217647168548716685e-01	1.813638680479063847e+00	-1.731482575249089773e-01
6.629432801532764152e-01	-1.392350585594871681e+00	-5.449869645051241829e-01	1.231095402408908246e+00	-3.642593942732286205e-02	1.512346392567007758e+00	-6.699008559907350113e-01	1.687420803751548348e+00	-4.233733215531703120e-01
3.345025993778423801e-01	-1.656799858246184032e+00	-9.489278914106928919e-01	3.194796315914267826e-01	-9.364306548478609216e-01	4.855329392188910131e-01	-7.551758341782572881e-01	1.525144991857582344e+00	-7.199520208448128011e-01
7.620451291293927065e-01	-1.246568104688691614e+00	-1.917181336694834815e-01	4.990630473492141395e-01	-6.542730147618213143e-01	7.845792856915533298e-01	-4.278098616001580479e-01	1.736704177314265296e+00	-3.516613351843340673e-01
6.980001204777943613e-01	-1.272872051209716915e+00	-1.980705882939999829e-01	8.132171705220841984e-01	-2.255834662739679419e-01	1.250997655571979950e+00	-2.610732888120175232e-01	1.801157305354336602e+00	-2.315309188698907727e-01
5.911875780167999972e-01	-1.336142628251186570e+00	-2.711466610859593063e-01	5.803220737167519294e-01	-3.904077870812310835e-01	1.028910053406974168e+00	-2.082219506487449912e-01	1.761117899351666738e+00	-2.892191535182460638e-01
5.662267964882117255e-01	-1.325433975173399892e+00	-2.171336180003443361e-01	5.409821351831628489e-01	-3.476167331043525377e-01	1.018898253477311666e+00	-2.634529909612618459e-01	1.621911860073703027e+00	-5.155271671650459853e-01
7.297302476705566088e-01	-1.145818989963991452e+00	1.292858288592324545e-01	6.559130442519450765e-01	-1.405638588830532554e-01	1.173512566931180112e+00	-6.195112305023858790e-01	1.208213812088548833e+00	-1.216312724177158078e+00
5.812516511844094680e-01	-1.242957176708769929e+00	-6.621867888515514666e-03	4.008633666572002929e-01	-3.388614463017509681e-01	8.675164951010538861e-01	-1.059924966044059613e-02	1.671398262516412103e+00	-3.922468738609564132e-01
3.539385009837275886e-01	-1.409324309483586557e+00	-2.658560101524945485e-01	7.508703085939878452e-01	1.140059693847029071e-01	1.281249563181324769e+00	7.579751232604677036e-02	1.658795817181514032e+00	-3.872467939265364367e-01
6.025029077718541126e-01	-1.151035013127104989e+00	2.096251858935253842e-01	4.066810745568645302e-01	-1.902607562439260769e-01	8.438305878329274146e-01	-2.879079598840469378e-01	1.236399439089539198e+00	-1.088529241693682259e+00
6.330560941647749296e-01	-1.086013497013049944e+00	3.481862705587526197e-01	4.393578138277818290e-01	-9.175293573701312488e-02	8.433011419921870866e-01	1.183265912891189875e-01	1.513746619263003801e+00	-5.782149955698634436e-01
4.174807265001245216e-01	-1.239358033837565820e+00	1.056930458063224249e-01	6.463793064776272024e-01	1.887070488822025771e-01	1.026878400000875047e+00	-3.496972413687265968e-04	1.313170811182343911e+00	-8.944184664694009301e-01
5.794986971555787791e-01	-1.055697929782964284e+00	4.464171918001447747e-01	5.214622902355532386e-01	1.012626421894655127e-01	7.793061632494195923e-01	-3.117165735417664063e-01	9.364618827360374764e-01	-1.521268758939161581e+00
9.127974292254176225e-02	-1.450265982873648607e+00	-2.147484643628353451e-01	4.378883357024044853e-01	4.865490941218864052e-02	5.344694383675990812e-01	1.487226380409077953e-01	1.259825662069872454e+00	-9.538741202280549558e-01
2.693928650655458834e-01	-1.250425522942739676e+00	1.632862957399314474e-01	6.904879308749040101e-01	3.460820838787450060e-01	6.096775168970764991e-01	1.197095732533169088e-01	1.135416953144675833e+00	-1.162258552263733646e+00
-8.049244696824280065e-02	-1.519296276195059914e+00	-2.639871264359001657e-01	2.924720533945709966e-01	-8.026255579086660763e-02	-1.594056601426528386e-01	2.389549958981547206e-01	1.145124928153499200e+00	-1.085358019656105011e+00
9.520875189952185402e-02	-1.318753256118908146e+00	1.144372702323230157e-01	2.439612309292058523e-01	-1.424190921545910593e-01	-4.133920124881099722e-01	2.736937371353945769e-01	1.079801568515724730e+00	-1.102231364873187625e+00
-7.032512810442009821e-02	-1.421202911566064486e+00	-4.734677523373181929e-02	6.027549124027145044e-01	2.321024963766099847e-01	-2.854956717584230391e-02	2.416487126419036569e-01	9.562388932842995626e-01	-1.214967228766649754e+00
-5.229787457259059413e-02	-1.359695460626718422e+00	6.734026064159723268e-02	6.806080440269394183e-01	3.008263756102228514e-01	3.515314658830200056e-02	8.663620709519699314e-01	1.432228333770106055e+00	-2.953714935935946029e-01
-2.132925495853107145e-01	-1.457230123335625960e+00	-9.604429641694478548e-02	6.623178195426566717e-01	2.652084154239212621e-01	-1.701098657504402506e-02	3.194000640303462646e-01	8.447474450271572621e-01	-1.220424054606084274e+00
-6.823874080314729085e-02	-1.281830023355557291e+00	2.150507287442751103e-01	4.324982269288684122e-01	1.626997154603293527e-03	-2.927623142929822730e-01	4.789999693865473751e-01	9.018858770926153623e-01	-1.030173569721354987e+00
-3.288637194497937011e-02	-1.203654510793621624e+00	3.581969385918543081e-01	1.137231768213877281e+00	7.514264070185703304e-01	5.595691656726181629e-01	8.879250637185946982e-01	1.187904223982768848e+00	-4.404802857532860161e-01
-1.662274893811112320e-01	-1.275206503419554771e+00	2.415342879641707019e-01	7.249718959583490996e-01	2.917969538266250717e-01	7.105786509730477318e-02	2.117160161414768371e-01	4.893452878896678571e-01	-1.553479519628321093e+00
-4.162558770109509587e-01	-1.450155652250365135e+00	-5.466158739326024141e-02	5.937859284347581923e-01	1.366136124413690478e-01	-1.063631985390529056e-01	6.864345096173287697e-01	8.398299632392828284e-01	-8.505914776225422802e-01
-3.243855924070232488e-01	-1.320117047530332099e+00	1.778335567348286739e-01	6.335131215531857318e-01	1.653675274631802861e-01	-1.102076162138433679e-01	7.907381384404391644e-01	8.557935841654586984e-01	-7.268119128272442220e-01
-4.283990213240109757e-01	-1.363993839015041232e+00	1.077308869388080986e-01	1.046816646587594990e+00	5.969536803336701336e-01	3.506364118993849921e-01	8.154270549735151974e-01	8.017133756633957331e-01	-7.250703457155400766e-01
-6.100242533124083932e-01	-1.476439867561945007e+00	-8.149045905935586864e-02	4.293505889398782083e-01	-9.097808372958418599e-02	-4.629276537376053047e-01	6.230423836321274944e-01	5.525582454394120102e-01	-1.060900459872038848e+00
-2.298462020119811100e-01	-1.088079561270325346e+00	5.969954448614723796e-01	7.840655235564379932e-01	2.715000817015035262e-01	-9.667821781699584283e-02	7.475582561868314713e-01	5.940770145514584488e-01	-8.927040373400400020e-01
-2.889566298011769785e-01	-1.090346484011512684e+00	5.979207989145911561e-01	6.999090430570983346e-01	1.565952436487099142e-01	-2.494900286351710017e-01	8.438601431272911846e-01	6.124345041420258262e-01	-7.643914366341547639e-01
-4.381032790614213801e-01	-1.172213943925663360e+00	4.602283921076779638e-01	1.144197466911573535e+00	6.117918718295387581e-01	2.217062198054310929e-01	7.967827060555703333e-01	5.029232594493937558e-01	-8.578810192692890579e-01
-6.997406326522664921e-01	-1.353655688856029826e+00	1.495554621265993422e-01	7.304856295095808472e-01	1.343989521962925815e-01	-3.461406965469698838e-01	7.843007264036855331e-01	4.274897596687898815e-01	-8.912871217291850057e-01
-8.843647364448824488e-01	-1.465882587830803496e+00	-4.081005793165803919e-02	7.999115242518445301e-01	1.783706844901026267e-01	-3.278077850804431703e-01	7.605758584657285049e-01	3.444507430100942624e-01	-9.397625513020264609e-01
-5.949744484184809057e-01	-1.155330694361361044e+00	5.021294455784282018e-01	7.841229010879156025e-01	1.264822199532206759e-01	-4.347860053807843794e-01	9.551971620191086476e-01	4.625964400090651352e-01	-6.406386086840571981e-01
-7.359466537056769120e-01	-1.227287568596600265e+00	3.819080416886195817e-01	6.395780214051012269e-01	-6.822581850871585474e-02	-6.920655120324444853e-01	5.466334193752740989e-01	3.478807068164369021e-02	-1.287429208405006076e+00
-9.656885096263072565e-01	-1.377520638557779176e+00	1.256679803775967996e-01	6.180419375025276718e-01	-1.331754541372217604e-01	-8.022471651066634957e-01	1.128030497141448985e+00	5.100060461416491275e-01	-3.704128296585482705e-01
-9.009165193974371100e-01	-1.264674227083552704e+00	3.259290662422927864e-01	6.804827445420428278e-01	-1.095647649005981050e-01	-7.962092082811569327e-01	8.226422150315985116e-01	1.814531317835718638e-01	-8.454331164637458595e-01
-8.597463129339144583e-01	-1.171951673101532254e+00	4.922900147871253629e-01	2.779233487600479280e-01	-5.905997251683892113e-01	-1.319070416954084113e+00	8.041050379822869409e-01	1.165665484735317059e-01	-8.647824595434622230e-01
-7.873267940772976647e-01	-1.050400857292089318e+00	7.095947325980327403e-01	6.713863979701989448e-01	-2.079656399048463444e-01	-8.485958036759287948e-01	8.273672291326459316e-01	9.267132972141148284e-02	-8.092811676357711814e-01
-1.013235565631916302e+00	-1.193431137452389601e+00	4.682437651877335294e-01	5.202054105703002307e-01	-4.109945176716233717e-01	-9.773831597941449179e-01	8.156136543107506132e-01	4.017937694335660392e-02	-8.009318866804495674e-01
-1.051591274671026088e+00	-1.168272169945500316e+00	5.196457587745930695e-01	8.458586622922515952e-01	-9.089831340993836939e-02	-5.083756096286438098e-01	8.297241153566217164e-01	1.469055518526063420e-02	-7.440094143139570626e-01
-9.618184936190384837e-01	-1.027740497494579852e+00	7.716703485497168336e-01	5.696690940771100831e-01	-4.168838034758902689e-01	-7.782463992719941270e-01	8.799642896191092190e-01	2.571590819141495593e-02	-6.236303910506439951e-01
-1.083548690827738303e+00	-1.074211070045570926e+00	6.981684288080513001e-01	4.305887224789052281e-01	-5.904004997734282334e-01	-9.038662573776636844e-01	1.007693956460482765e+00	1.110167559838000084e-01	-3.746326412732925437e-01
-1.103304177579121248e+00	-1.028530100814598391e+00	7.828311916634267398e-01	1.246450680593257143e+00	2.724003733773554536e-01	7.522352651006747326e-02	8.409933671679818978e-01	-6.772018678405708481e-02	-5.890928467037257477e-01
-1.282116668551362082e+00	-1.123107992198544069e+00	6.227306065781208488e-01	7.942362422589456239e-01	-2.380841988601394010e-01	-4.806525476372981442e-01	7.246368816763530951e-01	-1.970068408434513529e-01	-7.211959365587397031e-01
-1.132117214226351143e+00	-9.234685381742978594e-01	9.717311202137431936e-01	6.937341232379465872e-01	-3.678585696457512544e-01	-5.934775908942457878e-01	1.049754899510696227e+00	7.882381556998731276e-02	-1.548535858938216159e-01
-1.069463655844162142e+00	-8.001318780838216904e-01	1.187940861525615954e+00	5.675653586971703968e-01	-5.258462596268701494e-01	-7.913424805903861436e-01	1.389002545761123919e+00	3.710405306253689028e-01	4.340470786520106983e-01
-1.280443447592898076e+00	-9.189489502788812381e-01	9.812941544483519962e-01	8.300275411176372131e-01	-2.637650180577643111e-01	-4.808761156746980125e-01	9.822253003187855214e-01	-1.166898216714715164e-02	-1.470343827018029959e-01
-1.125800576687800314e+00	-7.106875160670986791e-01	1.339332268466961073e+00	9.011938328985374946e-01	-2.071884773950143366e-01	-3.828487955898665640e-01	9.614684940966599092e-01	-3.968502977368282975e-02	-1.168907755205229604e-01
-1.156087520144306380e+00	-6.656294999736077633e-01	1.410567545524469502e+00	4.101715736984821170e-01	-7.606785771446928912e-01	-1.007779369869205910e+00	1.003359375783168250e+00	-7.166052698982766644e-03	1.388471050176054433e-02
-1.293686996005672718e+00	-7.147318502966282239e-01	1.313658195638431447e+00	7.067104722331195577e-01	-4.600625815842359634e-01	-6.218336771595426304e-01	8.973340911219106486e-01	-1.056427485800732063e-01	-8.782266115587156197e-02
-1.097374476346578476e+00	-4.651176776075616193e-01	1.731688220543096124e+00	9.538690814132065876e-01	-2.113066328018707862e-01	-3.093557390013454977e-01	7.038938148066822276e-01	-2.802919661872709245e-01	-3.279562564017611814e-01
-1.097834505034709363e+00	-3.894263038449039538e-01	1.842709744618687751e+00	6.947012418430321690e-01	-5.088411967953386794e-01	-5.937852606747843209e-01	1.083095345395125531e+00	6.908850237080853274e-02	3.338611197270119901e-01
-1.334143351657111953e+00	-5.226065538823075896e-01	1.584367726359092954e+00	3.298383743603710005e-01	-9.201719706787323538e-01	-1.015301585574061694e+00	8.360809053990775341e-01	-1.481378574253378044e-01	3.601612994074424035e-03
-1.357414298275350539e+00	-4.650919176398825572e-01	1.649301551923686660e+00	4.289660088607603616e-01	-8.278048358821075148e-01	-8.813201204613374529e-01	1.161952027206868188e+00	1.583066130756190515e-01	5.749957404193559718e-01
-1.494159681526912031e+00	-5.079384751969991951e-01	1.529398957466181930e+00	4.152326210438546106e-01	-8.570353565041241017e-01	-8.720409265223518780e-01	8.048046668098236545e-01	-1.540434236657183265e-01	6.479617249468502815e-02
-1.390518878381472589e+00	-3.363318200356101295e-01	1.771688825775980414e+00	1.401399256697856699e-01	-1.165742904177198502e+00	-1.143384502454916962e+00	9.503450260589871856e-01	-7.162221231626998696e-03	3.410334777365848224e-01
-1.306802575340867856e+00	-1.824127548530669052e-01	1.971960240137589970e+00	4.419485683261537012e-01	-8.459289317750106063e-01	-7.191184729539614739e-01	9.800402895679650728e-01	3.600336176184113640e-02	4.287289424427523366e-01
-1.380671109474282954e+00	-1.692002234381024262e-01	1.914688790087597292e+00	2.399689401172727665e-01	-1.067675005592393367e+00	-8.710068827378316669e-01	6.126482809900037907e-01	-2.807141003482391817e-01	-1.190458146140997986e-01
-1.249957898620169150e+00	2.539847885497688307e-02	2.160198565479335642e+00	6.480528641239713394e-01	-6.237104431053718256e-01	-2.900138685158396568e-01	5.758197812215124500e-01	-2.962138367486744639e-01	-1.574054348087249866e-01
-1.171927329774351101e+00	1.718331408492690671e-01	2.308951986115861388e+00	1.582150607477725845e-01	-1.148070174872208637e+00	-7.824394606784386141e-01	1.038461035287584711e+00	1.426011076657523469e-01	5.807026469229334964e-01
-1.205358574711319353e+00	2.172715427367680752e-01	2.269030048216697182e+00	-1.511510772623094745e-01	-1.471682688452608856e+00	-1.042603669101055619e+00	9.914019061134183852e-01	1.173626441011725030e-01	5.049122335106438486e-01
-1.353648372154726776e+00	1.582000960416599655e-01	2.035948483576584422e+00	9.169389112086426263e-02	-1.191100542504711868e+00	-6.252543229423621618e-01	7.040382490488731326e-01	-1.275514709998833429e-01	3.670592321813043180e-02
-1.587703107461215790e+00	2.009957234239581614e-02	1.653957264429143148e+00	-2.734909701546577865e-01	-1.563949412108632142e+00	-9.366963710411999600e-01	1.290219439828437231e+00	4.204528309126991381e-01	9.375229330928747107e-01
-1.177716072340560860e+00	4.523334349270058397e-01	2.249320791297773958e+00	-2.671602824961762934e-01	-1.527424875767456003e+00	-7.723349092338402944e-01	9.201298788520511085e-01	9.679569654612940610e-02	3.216904138766218391e-01
-1.480781667381355859e+00	2.459847015303822104e-01	1.727238480538825893e+00	-6.423313504521639405e-01	-1.896959922938525001e+00	-1.057045957138899928e+00	1.012269807561279933e+00	1.911533397736655260e-01	4.247912455347757632e-01
-1.169682539009371247e+00	5.825402108168244997e-01	2.138897673902839358e+00	-3.085426640849709967e-01	-1.490772693842318697e+00	-4.759780743693925453e-01	1.237952411617651460e+00	4.042504455932547924e-01	7.301520082480792428e-01
-1.160999179534772496e+00	6.454470949466878382e-01	2.069428714360931565e+00	-2.035000992481918181e-01	-1.324712752041411701e+00	-1.619749804237120006e-01	6.272621346372432294e-01	-1.463099847420310795e-01	-2.888763148208629561e-01
-1.257885500943317414e+00	6.097297787146959136e-01	1.824898618989728494e+00	-4.820914488549966070e-01	-1.566673569049415127e+00	-3.079624489537394760e-01	6.838193447593933216e-01	-9.318941806607572431e-02	-2.605753942367305953e-01
-1.289831952594921338e+00	6.269790550482341462e-01	1.668744647131232384e+00	-7.984895902866915307e-01	-1.841438870835209407e+00	-4.759506639859613086e-01	1.215377744920953740e+00	3.887324921535332267e-01	5.112395469510303547e-01
-1.294672303999562679e+00	6.634096938888189854e-01	1.547633475022012206e+00	-9.311439292632108788e-01	-1.909341015728181157e+00	-4.341146229338186946e-01	1.010414031739194085e+00	1.974391364068345256e-01	1.195366031640713728e-01
-1.116886820287913640e+00	8.575026546691248974e-01	1.703011478169613069e+00	-8.007444737635364129e-01	-1.685210105169506756e+00	-7.576323829477561722e-02	1.024069809697828459e+00	2.016831443701530002e-01	7.202577550286480557e-02
-1.193083631055784855e+00	8.204864929295355713e-01	1.461285441342674574e+00	-9.980294569521299675e-01	-1.809276954651902525e+00	-1.092565208203921667e-01	1.025808107585279627e+00	1.919248559904180862e-01	6.643007171204140526e-03
-1.235767618163903681e+00	8.084368929469287757e-01	1.267874951791886806e+00	-4.903465322851449648e-01	-1.162843198442733428e+00	7.084810059971999863e-01	9.377502159929202996e-01	9.751736641791032556e-02	-1.982449834618031370e-01
-1.019228807349138455e+00	1.022460008236271589e+00	1.473111837299280635e+00	-6.960270028258073172e-01	-1.283112111856680837e+00	6.643960303960338987e-01	1.214186612570234969e+00	3.318483125362891029e-01	1.739854774837908957e-01
-1.067731378902581740e+00	9.958625862329616441e-01	1.267969913257894987e+00	-9.113525578037273700e-01	-1.408038855534944345e+00	6.058977706540032981e-01	1.113334982074790869e+00	2.205233324994764765e-01	-4.447170506633374432e-02
-9.882725261090931079e-01	1.078799430851350438e+00	1.261363269504382378e+00	-1.525508817737133427e+00	-1.959765642472664382e+00	6.004153595803352061e-02	5.037055409136199646e-01	-3.558338727031435389e-01	-1.061608674641091765e+00
-1.373164554452563690e+00	7.440359858297270756e-01	5.374966175206521424e-01	-1.123190330608325960e+00	-1.405653286399647595e+00	7.351208056347970921e-01	6.699825799946522720e-01	-2.284762180609088977e-01	-8.498090428192770496e-01
-1.217860046568150612e+00	8.862919642676386767e-01	6.491260231498074962e-01	-1.080250570776465802e+00	-1.236527160844253848e+00	9.761742820898251516e-01	5.693675253071872611e-01	-3.455254706372418716e-01	-1.053691299981770690e+00
-9.131729543041968711e-01	1.157775495556107037e+00	9.933707290012047109e-01	-1.370230793883364662e+00	-1.424396136384855405e+00	8.053080086818210637e-01	6.772887218488092831e-01	-2.743061400610281586e-01	-9.241447313090189741e-01
-9.725498331468681590e-01	1.101493928611680717e+00	7.771470277218851530e-01	-1.599541100316889786e+00	-1.543545857209744465e+00	7.000718823694687121e-01	8.578221639316973013e-01	-1.381818585731418025e-01	-6.745067181300785641e-01
-9.869460218251266959e-01	1.081908298806858681e+00	6.321279583737875463e-01	-1.472660672965748319e+00	-1.274221920290023125e+00	1.019753873934691635e+00	6.475353804836243565e-01	-3.582730604144293007e-01	-1.034117117311220024e+00
-1.179629819318358308e+00	9.004406335184285126e-01	2.150756657119691773e-01	-1.595499517766751918e+00	-1.273723920836089984e+00	1.019436362116251882e+00	7.682458164380127075e-01	-2.780112824735487820e-01	-8.695750348769377691e-01
-6.281829545054656849e-01	1.378736363614568194e+00	9.506349366559314618e-01	-1.448451847740228615e+00	-9.819553328682094628e-01	1.278827975780691073e+00	9.370924016525156164e-01	-1.548669651670865621e-01	-6.379146796079130377e-01
-7.890113669952074638e-01	1.220096785980828713e+00	5.881426778715376225e-01	-1.938287486397343384e+00	-1.381324609086239219e+00	8.299299593374935835e-01	9.828004678668474936e-01	-1.439856660542523092e-01	-5.729770114210557264e-01
-7.179955023246176182e-01	1.265451738854933117e+00	5.866954204642581550e-01	-1.928761681159095076e+00	-1.238363958134543363e+00	9.754058943456094255e-01	8.413355517789460336e-01	-3.029977104134720101e-01	-8.012785095102118449e-01
-6.212293522689629199e-01	1.331457265918047028e+00	6.269088128098352364e-01	-1.651210183264305575e+00	-8.046673556331529475e-01	1.436477986579654420e+00	7.180729956606272113e-01	-4.450807383179768428e-01	-9.962984255914877352e-01
-4.587773792520071225e-01	1.453851766221104347e+00	7.714827342402603705e-01	-1.717759747799211700e+00	-7.503942796766763790e-01	1.323250883138435308e+00	9.316207796995148449e-01	-2.818842537076008403e-01	-6.937597826838139969e-01
-7.505037717547259346e-01	1.169907625459677636e+00	2.169783947433238658e-01	-2.060950226638770921e+00	-9.965498058261429426e-01	1.073904703435818675e+00	1.043414588750002370e+00	-2.097292298491502394e-01	-4.842552805808451044e-01
-7.355552111239058721e-01	1.157265609607742718e+00	1.368307991989776706e-01	-2.014384335206462762e+00	-8.196848223468620187e-01	1.239953337577132109e+00	1.118604303850194270e+00	-1.697938445380683947e-01	-3.502224422609278576e-01
-6.709146090807266427e-01	1.187180656300298009e+00	1.343977603584928515e-01	-2.113514407096459102e+00	-8.015412074856417268e-01	1.217975165883917743e+00	9.507462011941337776e-01	-3.497761051927407161e-01	-5.930704548087076811e-01
-7.578851443420853151e-01	1.080546942681462674e+00	-9.833034195961176671e-02	-1.978932660399943089e+00	-5.367621442665395648e-01	1.355139660110460165e+00	5.997294711667904288e-01	-6.966949080077348144e-01	-1.144501170667097334e+00
-5.870204506571164993e-01	1.202247966531355239e+00	7.078980411502056036e-02	-1.833236144410991919e+00	-2.599678731073025162e-01	1.680542822739378606e+00	8.824921387833584152e-01	-4.649731270142510864e-01	-6.582552618274384315e-01
-5.702838530909581927e-01	1.185384876711542246e+00	-1.213060831478207646e-03	-2.099272883848620985e+00	-4.275675480369370840e-01	1.474731172493209730e+00	9.761887094704649881e-01	-4.035888984205243668e-01	-4.738531491231177117e-01
-2.934338335165391776e-01	1.398855611273903010e+00	3.287043545923501453e-01	-1.984889288730840473e+00	-1.825184081527631563e-01	1.723090292123768741e+00	6.837853018647019887e-01	-6.917359518811510011e-01	-8.942343757503790069e-01
-4.128238365869015269e-01	1.258294368154537768e+00	4.916748704584075758e-02	-2.195375873442643400e+00	-2.904297989764918486e-01	1.550918102675525878e+00	5.001160001984716885e-01	-8.786742336289330435e-01	-1.133254530367054036e+00
-4.339547953085453047e-01	1.204581432877255498e+00	-6.374692441064150339e-02	-1.820516530132038735e+00	2.275851155367397405e-01	1.923753752288456020e+00	3.858797197811488777e-01	-1.002544485785082262e+00	-1.292710910767128851e+00
-1.379334770386111408e-01	1.432489031881132968e+00	3.018404968928708465e-01	-1.674088250821574420e+00	4.918564088409289603e-01	2.126815583782667218e+00	8.086468894851983613e-01	-6.357762005787070958e-01	-5.630412543603169340e-01
-6.815972756976947100e-02	1.457862125824457067e+00	3.129766684834124346e-01	-1.944861331467480525e+00	3.019024344744910548e-01	1.840674639288600423e+00	3.455145944770886546e-01	-1.072393227825318540e+00	-1.229551460308166311e+00
1.720446405360420983e-01	1.633943716740826613e+00	5.874560183617055786e-01	-2.173387199362409650e+00	1.534738749085600151e-01	1.564601481332961397e+00	1.106791165145531775e+00	-3.933730895417476559e-01	3.162111509121556807e-02
-3.456623936834057331e-01	1.134252022191750697e+00	-3.025999783451883696e-01	-1.861540725882812275e+00	5.849102621046107231e-01	1.920083253357232067e+00	7.113775015237138177e-01	-7.631391324424590117e-01	-5.052473310134321105e-01
-7.359393270404065990e-02	1.337048513453433785e+00	2.413745516366871957e-02	-1.808748755365646499e+00	7.297567514605888261e-01	1.953508344192343760e+00	8.794451922515212905e-01	-6.191655464471180759e-01	-1.875488306722434828e-01
-9.992739314439470777e-02	1.273195316191677806e+00	-1.127803111680464876e-01	-1.908467793049205774e+00	7.027560222160954551e-01	1.779679722817157916e+00	5.221400909590330208e-01	-9.517424116162241932e-01	-6.916603517407852175e-01
-1.034975735265263042e-01	1.228698338777083787e+00	-2.144818241670211623e-01	-1.967130225301157553e+00	7.121781237678557197e-01	1.623789128225195499e+00	3.910749030500527690e-01	-1.077135786612912316e+00	-8.337599251530296574e-01
8.542115374417280638e-02	1.354735335347042380e+00	-1.871440149446347567e-02	-1.942834771463346710e+00	8.025825545406423123e-01	1.553152971383673364e+00	2.987246443156814646e-01	-1.165639282168168700e+00	-9.062910648557934712e-01
1.480730347095940980e-01	1.367412874253996602e+00	-2.097295660469509007e-02	-1.721457656234334666e+00	1.098147833004947005e+00	1.719622522775999585e+00	7.883754927064884344e-02	-1.367766244669910369e+00	-1.166556015360681764e+00
2.925186245895529669e-01	1.452007145629377716e+00	1.040668239194750266e-01	-1.572914782934476063e+00	1.304221033139643771e+00	1.727671270066680531e+00	2.061921969344586159e-01	-1.252741422115650316e+00	-8.986030029376748107e-01
3.460976271096473100e-01	1.454807788973510041e+00	8.881512073487536629e-02	-1.731826813889255190e+00	1.163420047579248440e+00	1.330367321492550214e+00	4.049752934517570901e-01	-1.070856910972667331e+00	-4.932593443491056218e-01
4.845004419182191713e-01	1.532324975451696769e+00	2.059430683935482009e-01	-1.804768048116375256e+00	1.101349208331513063e+00	1.002271567393706153e+00	5.840305637167012009e-02	-1.382767464379907940e+00	-9.482654494587889893e-01
3.524670786773236864e-01	1.368275944401725841e+00	-9.411533507071880023e-02	-1.888851816240047610e+00	1.013014501151999092e+00	6.708387803059016052e-01	1.046907717268155541e-01	-1.335007365316080330e+00	-7.760731111371551583e-01
5.010650760580573904e-01	1.453413884459626271e+00	4.047251396836720749e-02	-1.727195293410542565e+00	1.178841257424586342e+00	6.665958558938074319e-01	7.850136315697497924e-02	-1.350425608459377314e+00	-6.997235923264057966e-01
1.403757630250845323e-01	1.084386807074618098e+00	-6.106308396436539443e-01	-1.562942211933422421e+00	1.341060584072327755e+00	7.696515836081934125e-01	-6.232803169411115229e-01	-1.976947377971633113e+00	-1.679384056006699488e+00
3.813788548998131023e-01	1.250591028394447468e+00	-3.301087207972944748e-01	-1.086225180441646510e+00	1.840598329258877452e+00	1.314905143640259011e+00	2.662235728954011060e-01	-1.152386956316866495e+00	-1.334699193570776377e-01
5.182485038775752617e-01	1.323567707782316916e+00	-2.092141651462427476e-01	-1.396538497224027120e+00	1.491196227322531209e+00	9.473163972819806933e-01	-1.464428795049214915e-01	-1.508266097985628607e+00	-6.505636015205318312e-01
6.127305849834805418e-01	1.358247416684972952e+00	-1.574218939237111980e-01	-7.818094180772453550e-01	2.140146163056418693e+00	1.510764612722548250e+00	-1.996558425046784380e-01	-1.536193865514448698e+00	-6.573590948897266584e-01
3.846120165981737338e-01	1.104898349419300541e+00	-6.097716567942457200e-01	-1.408708528318720177e+00	1.428036809954419173e+00	4.407191569851043322e-01	-6.038443572921341485e-01	-1.882451761211217045e+00	-1.196530150344892185e+00
5.843221724132808825e-01	1.231577200363099589e+00	-4.059852467956593380e-01	-7.329632506917826973e-01	2.110980134922578522e+00	9.433887326462307987e-01	-2.116217862874263944e-01	-1.502099955752036697e+00	-4.477023512864714005e-01
7.146745781132496367e-01	1.295395512583067843e+00	-3.140204113275661402e-01	-5.938119755669480915e-01	2.200030561168683452e+00	8.534379756215976220e-01	-3.719040702597601333e-01	-1.619823613711008248e+00	-5.215977857846295640e-01
6.733117542147297740e-01	1.205162599696779413e+00	-4.859116310276774819e-01	-8.735012294614487027e-01	1.827497709150808669e+00	3.413515324776564830e-01	-5.796572974954756763e-01	-1.775239334858717655e+00	-6.708950884768576373e-01
6.798043423455883971e-01	1.156657450972317536e+00	-5.782227530637329416e-01	-4.656777821653710348e-01	2.193993812828793022e+00	6.265371604535892036e-01	-8.490976136265919738e-01	-1.983074394781534355e+00	-9.378653457776449098e-01
9.568317801671351042e-01	1.348227223781660378e+00	-2.526522700972594349e-01	-4.772803860614511784e-01	2.096672686131061170e+00	3.613681253070353816e-01	-5.669883012293926994e-01	-1.685593528609349079e+00	-3.297253777165323196e-01
8.079122053699782091e-01	1.159605893048104353e+00	-5.874341851408326765e-01	-5.549132430439916996e-01	1.918217631846429239e+00	1.894704858266207936e-02	-6.804117993272746912e-01	-1.743977735965334785e+00	-3.376079585632065783e-01
1.061316526131496074e+00	1.328277398124090070e+00	-3.029604370782507106e-01	-3.000969702032957320e-02	2.385045552024592119e+00	4.150071728394290060e-01	-6.435327632457210623e-01	-1.661516352239850169e+00	-9.931898570278765992e-02
8.922504542793630034e-01	1.119694688487763878e+00	-6.733871158645176047e-01	-2.165581303532098101e-01	2.073777555142662710e+00	-4.363316700806971898e-02	-4.049699229464355787e-01	-1.391130794552329686e+00	4.663394530524828108e-01
1.021361419789410752e+00	1.175487871245269655e+00	-5.863899686531669486e-01	-8.842719736369727968e-03	2.181787999642762710e+00	-4.362622091618347658e-02	-8.335065621886248444e-01	-1.722676171694183855e+00	-9.676822560329215173e-03
1.151050268120077158e+00	1.230505374951416098e+00	-5.026619596687245117e-01	3.168913666043830513e-01	2.410317958520971082e+00	1.025557873708829726e-01	-9.184190318447085222e-01	-1.736527422978599855e+00	6.666584414462006780e-02
1.081943072110078230e+00	1.107088439399239288e+00	-7.291584629031327980e-01	-6.872784043782353969e-02	1.860262043676354171e+00	-6.225307324638404971e-01	-1.133335213624274473e+00	-1.863127929217127221e+00	-5.252398324540330510e-02
1.209540957372590597e+00	1.157310395423419180e+00	-6.555839285469106104e-01	1.325987824509551327e-01	1.939890656529931201e+00	-6.196798317498932729e-01	-1.102478382085408271e+00	-1.760322105141802984e+00	2.270066842656945916e-01
8.172176013478322787e-01	7.428737616709153446e-01	-1.389524495448044128e+00	7.184236627793824104e-01	2.430103264592542445e+00	-1.572800539036670608e-01	-1.450472959098508818e+00	-1.995782679431932438e+00	-7.931608061402001253e-02
1.276485505639113560e+00	1.084983592109965977e+00	-8.099583012341772248e-01	5.365118461633286984e-01	2.082430669324909722e+00	-6.230002677597310523e-01	-1.333783655776431987e+00	-1.802017781590891987e+00	3.545089324844710177e-01
1.073141032643933901e+00	8.353297461606354890e-01	-1.250377188557421970e+00	4.897861228156895619e-01	1.902903846399262022e+00	1.373539690177890404e-01	-1.482395265327615341e+00	-1.841031905456318674e+00	4.617415159615094189e-01
1.538726823397397858e+00	1.180172657069921360e+00	-6.445813080466681333e-01	3.979198588132641934e-01	1.709652819159703796e+00	-4.567842383846743015e-01	-1.573453935521887725e+00	-1.812008182249799315e+00	7.132218937181445950e-01
1.078599566367793194e+00	6.989521841494883425e-01	-1.490726787440785683e+00	7.792427262577299452e-01	1.974350867042399926e+00	-8.105056311037771577e-01	-1.434945054230237771e+00	-1.566978498580698709e+00	1.181030534682930178e+00
1.357100411004695140e+00	8.731582450802434225e-01	-1.208224797752690760e+00	1.045658342414552910e+00	2.088379359934844359e+00	-1.015000640765114426e+00	-1.825653879225111798e+00	-1.798176607583617415e+00	8.055023882057184004e-01
1.490670821339787899e+00	9.156775056432745474e-01	-1.157330522407944429e+00	1.206401131643132896e+00	2.074721728525710684e+00	-1.183285381974200856e+00	-1.381419525186846187e+00	-1.264335717093755251e+00	1.760781725492029937e+00
1.345537700002283454e+00	7.071691385130998153e-01	-1.542148224755486963e+00	1.454552753001182364e+00	2.147365904720507146e+00	-1.153541154899702326e+00	-1.774477773810711145e+00	-1.485582216245854514e+00	1.409909803705756026e+00
1.388293228031453275e+00	6.630941552153927221e-01	-1.637724495276411396e+00	1.122677083416204979e+00	1.585445199898576574e+00	-1.838486345660293786e+00	-1.919409351992942270e+00	-1.474372390125791243e+00	1.455962152689257660e+00
1.546927201482547476e+00	7.193468641087051862e-01	-1.552943082624082649e+00	1.504437512762132112e+00	1.795744999286979393e+00	-1.573765573362192693e+00	-1.847292020631428278e+00	-1.258760229963402644e+00	1.846593175250734298e+00
1.867588646717522005e+00	9.172272815100157572e-01	-1.212463088678027656e+00	1.668712764909926705e+00	1.767442324979032309e+00	-1.619242132653499144e+00	-1.788861907773925841e+00	-1.048913304719808703e+00	2.208091957779170222e+00
1.527912481388801869e+00	5.246579313031553005e-01	-1.885400546644550479e+00	1.406510524338317136e+00	1.276961069527164705e+00	-2.099713171241735399e+00	-1.790715041478457392e+00	-8.876606666512019128e-01	2.464723191587220086e+00
1.544562332048336151e+00	4.473387547018001786e-01	-1.996309345310350869e+00	9.817028536870114896e-01	6.130356635708831270e-01	-2.742378095497192803e+00	-2.039739438848562347e+00	-9.457490446545178120e-01	2.313437407156718972e+00
1.627513539666380460e+00	4.275021873652342097e-01	-1.990529150649540391e+00	1.735390236080983861e+00	1.229815345835188811e+00	-1.955800208362002746e+00	-1.907443025160327599e+00	-6.526743963998337117e-01	2.738779374611306494e+00
1.538902394126364870e+00	2.540010797143592569e-01	-2.228656693341737771e+00	1.211582580874097426e+00	4.698014573661143389e-01	-2.613208672889309803e+00	-1.656462662938083863e+00	-2.488439141077278260e-01	3.315710953133050864e+00
1.458783729377654659e+00	8.800665348199279703e-02	-2.429280172428916806e+00	1.395239300075546529e+00	4.845135109718355371e-01	-2.443742296702332784e+00	-1.653539053985374263e+00	-6.973253275711027710e-02	3.459047900285065147e+00
1.578469471837219418e+00	1.007670797456980960e-01	-2.294682920574064866e+00	1.529662474604313926e+00	4.528160996014289896e-01	-2.312465425225673776e+00	-1.619602305182036961e+00	1.362493034433450434e-01	3.602404499903873347e+00
1.690420529729379284e+00	1.084348997735219422e-01	-2.142338188493216666e+00	1.336362306773274611e+00	7.636217522188251672e-02	-2.527277317577469873e+00	-1.841434675297412671e+00	1.060144687415334186e-01	3.292172119913910677e+00
1.543053548973620348e+00	-1.119593633809274902e-01	-2.357558824575594514e+00	1.554075807689331290e+00	1.576710723477451614e-01	-2.203399396167673885e+00	-2.071277008953396503e+00	6.231243599201893857e-02	2.909756310947951619e+00
1.726600334477329302e+00	-3.385769388362191989e-02	-2.033080594285881837e+00	1.575050565317124951e+00	3.600925643490796718e-02	-2.138870749821089490e+00	-2.149937741143804537e+00	1.476827481487752169e-01	2.715943018502008144e+00
1.446037953328538128e+00	-3.643956451950922659e-01	-2.398402852291915188e+00	1.649184141980454932e+00	-1.490609034086992635e-02	-1.930745589372434345e+00	-2.185295071265766165e+00	2.620569596892392550e-01	2.542847347456810958e+00
1.512363321946030403e+00	-3.806260419506978243e-01	-2.201411534046708862e+00	1.111386147167239491e+00	-7.139197431117669801e-01	-2.436579043768246855e+00	-1.833835576658884747e+00	7.160812102835499848e-01	2.932899840948427705e+00
1.501838994765522850e+00	-4.592303275454747702e-01	-2.100523708488117425e+00	1.637704124174004017e+00	-2.438237758049528192e-01	-1.621270383715977204e+00	-1.751091249766744129e+00	9.120857980383747510e-01	2.860716453188714592e+00
1.517358431063960733e+00	-5.081136418085325790e-01	-1.940889591620669208e+00	1.877543994452901988e+00	-6.839412601861594165e-02	-1.151074885900504885e+00	-1.788396533745470141e+00	9.842283140104822747e-01	2.566599669865710531e+00
1.244870573812058900e+00	-8.066230686725803789e-01	-2.211986622599551033e+00	1.616812002154951688e+00	-4.191857467370607160e-01	-1.258155323441649598e+00	-1.451073498731078271e+00	1.381724411772272898e+00	2.837921309746922027e+00
1.228982221264369068e+00	-8.697025601540022688e-01	-2.078434669115663880e+00	1.377000009080443066e+00	-7.325011275887051143e-01	-1.345502174140523532e+00	-1.601010674290601177e+00	1.320484769465203323e+00	2.325814251958430390e+00
1.519205483449503902e+00	-6.533015861317079676e-01	-1.465011155303520995e+00	1.119205698071727983e+00	-1.047867296386874258e+00	-1.408638727302703897e+00	-1.764314913488007619e+00	1.231715539903956769e+00	1.780281684220768712e+00
1.300421117677567517e+00	-8.833478881768792590e-01	-1.634244804755040192e+00	1.368350712522190760e+00	-7.966084129792063706e-01	-8.435946520277390892e-01	-1.567737324221832207e+00	1.455125529008546748e+00	1.795687426792300867e+00
1.169586403551113429e+00	-1.028499375318713938e+00	-1.667196167006281371e+00	1.100561226385377678e+00	-1.089251249350454476e+00	-9.071493260330423247e-01	-1.650110475440065727e+00	1.410366674022303757e+00	1.371174512697768577e+00
1.500884535169682454e+00	-7.558478818017931866e-01	-9.880805666031470258e-01	1.317996469515226643e+00	-8.420151259210442163e-01	-4.101449452552555219e-01	-1.696515056127317456e+00	1.384543828149176425e+00	1.004002738153952023e+00
1.314870210392830252e+00	-9.379629697991483939e-01	-1.112288265777068297e+00	1.274310703826536884e+00	-8.644246682401017789e-01	-2.257046247872829814e-01	-1.325768870150627610e+00	1.725200348570566700e+00	1.299442573155569214e+00
1.158459170506660696e+00	-1.088210342261346719e+00	-1.195038823215050172e+00	1.181575951460667184e+00	-9.278365586245606034e-01	-1.107944856991023852e-01	-1.322602241404406076e+00	1.719571692067345614e+00	1.022595535424773994e+00
1.136441865042956856e+00	-1.113682543328223140e+00	-1.075683445802658511e+00	1.129395364273130253e+00	-9.363899261656342121e-01	4.329204519481961305e-02	-9.940950343276867551e-01	1.998826915333028698e+00	1.267020225701769753e+00
1.087717204956333283e+00	-1.158243117463117366e+00	-1.002889383487876485e+00	1.001518903581779529e+00	-1.017384975300354988e+00	9.412384838598597536e-02	-1.573947641072821924e+00	1.441921924700943602e+00	8.935269619975877431e-02
1.216790657192357239e+00	-1.040169769819501822e+00	-6.609344520311479787e-01	1.040410913252800551e+00	-9.092212345777532789e-01	3.321196511221640169e-01	-1.134153962230354473e+00	1.803252902869508567e+00	5.274670864345096799e-01
1.168213386170351420e+00	-1.076345049974664958e+00	-5.984672243634675537e-01	7.435797940529028649e-01	-1.158354995986178082e+00	1.415711705692894729e-01	-1.063393520695063987e+00	1.820735907587916591e+00	3.938135762571272069e-01
9.517804513935566035e-01	-1.258394414999960187e+00	-8.005880456691035763e-01	1.002443676592260413e+00	-8.001203983630208461e-01	6.065854530582770465e-01	-1.024304013851806916e+00	1.802058819532425860e+00	2.198847256426177121e-01
1.070763763802200730e+00	-1.138490682463127124e+00	-4.894783991670785261e-01	1.059251685348917338e+00	-6.567478685389065429e-01	8.124138631250976683e-01	-1.507128208481722575e+00	1.302184808148089790e+00	-7.656046848830367901e-01
1.017292394720443749e+00	-1.169182285821692480e+00	-4.492138497507489614e-01	5.552985018107963189e-01	-1.118063941560974772e+00	3.282212234882959101e-01	-5.906034523245513590e-01	2.069254303355619662e+00	4.630546355081766041e-01
1.101553787082573121e+00	-1.074527688602957332e+00	-2.003886377628079085e-01	1.161714227356604789e+00	-3.742470444373821037e-01	1.167908998414337374e+00	-1.016237941061762129e+00	1.610629168268642220e+00	-4.131216703505116161e-01
9.297554268717111992e-01	-1.205449846262612645e+00	-3.511848714986272046e-01	8.640809006421790173e-01	-6.089072287084708046e-01	9.068824237281242207e-01	-7.287834526717988926e-01	1.796247326305730363e+00	-1.555034637124073083e-01
7.604083138321245938e-01	-1.331984987299905443e+00	-5.019562378400204139e-01	6.478157574476945957e-01	-7.547868777381193661e-01	7.369527706233618414e-01	-6.272643772978860888e-01	1.809109830903028904e+00	-1.810794362810838609e-01
8.299391063840173555e-01	-1.243817121214616517e+00	-2.871953723566571526e-01	8.647250042491465560e-01	-4.313969866173949508e-01	1.075392377738851879e+00	-4.957963905196075549e-01	1.846247325416462193e+00	-1.484156051974556412e-01
8.689021402013221707e-01	-1.181099437703869937e+00	-1.234726230860434537e-01	2.682386837563890958e-01	-9.897910243984395784e-01	4.285663496292675956e-01	-3.707075267094518400e-01	1.875292770100871254e+00	-1.136982820112733550e-01
7.854433237336163609e-01	-1.225909076755416605e+00	-1.557312238301036267e-01	7.647056858985971095e-01	-3.641390369160245055e-01	1.109597228514087819e+00	-4.626456442172773853e-01	1.705505627849124739e+00	-4.059947385232086647e-01
8.638346186841528995e-01	-1.125374205418639972e+00	5.802894880830958280e-02	9.534546726196009292e-01	-7.119932056093059014e-02	1.424881402063181923e+00	-1.302293191766313307e-01	1.920643029247210087e+00	-2.489862778758172857e-02
8.642418215250537994e-01	-1.093164460001029292e+00	1.506550442206471552e-01	1.239404672994480761e+00	3.263045637899595897e-01	1.828489575176304172e+00	-1.055558683312684265e-01	1.854970365449703174e+00	-1.270245067522535742e-01
6.689624623158481054e-01	-1.234118773239128553e+00	-5.844007800126854724e-02	4.192535560414923368e-01	-4.768360472580028819e-01	8.770776254720413778e-01	-6.674592834377343076e-01	1.254947750070192658e+00	-1.151560103983775729e+00
5.673314509343190259e-01	-1.290598135640333544e+00	-1.216173697242781820e-01	4.141138586260773025e-02	-8.036072719702400668e-01	4.376154248441114225e-01	6.285002898913366609e-02	1.829280420623399239e+00	-1.409389929114560069e-01
2.340653540368712315e-01	-1.552281393455062108e+00	-5.429877605157509279e-01	5.147780281978409089e-01	-2.125006158092023756e-01	1.010003807418681898e+00	-2.907389653440574651e-01	1.417074257167126428e+00	-8.331938948798782718e-01
2.593856791461593425e-01	-1.493674555749075816e+00	-4.118708819676972777e-01	3.846444438360229201e-01	-2.797714208986042395e-01	8.448244644561878625e-01	-1.824344791318857628e-01	1.424393698993013491e+00	-7.937181184458169669e-01
4.678959307637316489e-01	-1.271045667544883573e+00	1.748236143635811812e-03	6.131700470634559030e-01	3.664930381666789416e-02	1.097881442311192668e+00	-2.546538771476504204e-01	1.267088243124690372e+00	-1.035842440279546750e+00
4.559141383867193476e-01	-1.243893588819510843e+00	7.460517864603780080e-02	3.924919587283153266e-01	-1.392647248031960716e-01	7.919402565297078977e-01	4.183054021218577945e-01	1.787007191686370122e+00	-1.053565748321911855e-01
4.435847324473850550e-01	-1.216242283264226565e+00	1.461427189240758762e-01	9.150764177758259343e-01	4.832453986309209193e-01	1.356188035374342071e+00	1.037573194433875634e-01	1.408286133630980430e+00	-7.301426531725463409e-01
1.572801175294441522e-01	-1.431800220920800282e+00	-2.057818780467444431e-01	6.295302738364358941e-01	2.218465565544129880e-01	9.146576088444456909e-01	1.633848587581663014e-01	1.368971475398795823e+00	-7.726368434707272526e-01
5.051045750895746256e-01	-1.081873908459563438e+00	4.247450654328097097e-01	5.893520996438494919e-01	2.163439450349873561e-01	7.220151309235118831e-01	2.925501369166259025e-01	1.391035145176325205e+00	-7.273029720066113146e-01
2.229285367421308117e-01	-1.291916842198308935e+00	9.133342338773135782e-02	5.346817913166970193e-01	1.809002509152800864e-01	4.266458551679741529e-01	5.495109715634386438e-01	1.526696940881388187e+00	-4.852131110619012921e-01
-6.919543411286600831e-02	-1.509343762605732664e+00	-2.462802786417855605e-01	4.875380112244907527e-01	1.346265318522941457e-01	7.593997996168200260e-02	3.965134619855680276e-01	1.288747089161854431e+00	-8.371614617944052039e-01
1.692792651637665957e-01	-1.252896381278528093e+00	2.288840605241787007e-01	5.667476678401606183e-01	2.107925207040123317e-01	-2.058080022339004583e-02	4.864377514767107558e-01	1.273601591373580977e+00	-7.669438847134205650e-01
-3.256116579076675510e-01	-1.648626087936083451e+00	-4.414528583951096707e-01	8.183590962752078646e-01	4.691735424373483232e-01	2.347093786635763846e-01	2.864771726907288096e-01	9.973072934578751658e-01	-1.144473047431799007e+00
-1.792367292202833862e-01	-1.472808028843583639e+00	-1.282814769293730006e-01	3.874716817182825013e-01	-1.337279945421313010e-02	-3.154274049550146453e-01	5.748343200628318606e-01	1.167356033961933548e+00	-7.548882333988614635e-01
-1.439014847228367033e-01	-1.395495798766644535e+00	1.160562321065443381e-02	8.100931998529139477e-01	4.287347203604233714e-01	1.641010943171310743e-01	5.016316025387782540e-01	1.010725383761611695e+00	-9.335874510786351665e-01
-2.494957341848548504e-02	-1.243322958061945149e+00	2.823455936234534613e-01	7.150345627763177170e-01	3.111298956803754123e-01	5.081285267152943486e-02	7.909862329900267941e-01	1.185849510442171573e+00	-5.389215527338609979e-01
2.149561788096984727e-01	-9.829861923341220997e-01	7.413278382297422420e-01	4.932691423789987706e-01	5.699175635967032583e-02	-2.143246374663987930e-01	6.468116051516961118e-01	9.688196648277940248e-01	-8.204871710437944277e-01
-2.708401527983009260e-01	-1.368392291903099744e+00	8.001352582071026565e-02	6.366713560201144873e-01	1.994300073536433016e-01	-3.243767272877606800e-02	8.169071925806543621e-01	1.039935087504968436e+00	-6.002462370705228256e-01
-2.662902712571357799e-01	-1.316641164663801655e+00	1.771146371783114959e-01	5.901917584184995791e-01	1.360193286763468068e-01	-1.075781405537469815e-01	7.157505513682452802e-01	8.666622386480566931e-01	-8.045292923580406041e-01
-1.658477487344584000e-02	-1.046049782781744764e+00	6.535329260986288968e-01	5.876445353088413093e-01	1.189421731645926295e-01	-1.627643031847469945e-01	9.121513286412494814e-01	9.663642407290794489e-01	-5.356996314171773577e-01
-2.884838113163539219e-01	-1.239421879839038843e+00	3.241056757869022475e-01	1.040587200235936649e+00	5.934393332240215369e-01	3.455940410342613900e-01	5.850757415754627155e-01	5.923501138722560011e-01	-1.088118592631251769e+00
-3.257417464325833012e-01	-1.223303545830524364e+00	3.580063972756150070e-01	4.564997391929578319e-01	-5.837529965510396268e-02	-4.280219452599051122e-01	7.473723198507745691e-01	6.657533633151725416e-01	-8.652292027584663758e-01
-3.979473854508565056e-01	-1.237777901904669298e+00	3.375535608841072621e-01	8.318429610419897369e-01	3.263903420118178245e-01	-3.696866269119877813e-02	6.524292961783935141e-01	5.076669904072531603e-01	-1.042748734422897616e+00
-3.768964948972420848e-01	-1.168654450461324767e+00	4.623482259834544861e-01	6.477721079715331731e-01	1.031550661006957192e-01	-3.104092080273231913e-01	8.612531187983499814e-01	6.283435320051962147e-01	-7.371935480137066232e-01
-7.514224614735056651e-01	-1.451210729951271761e+00	-2.353188895353136578e-02	9.838352535266480237e-01	4.410123315732579208e-01	3.006648844414894217e-02	4.804581381951852914e-01	2.153110795458914595e-01	-1.356390585033849128e+00
-6.488362605822480811e-01	-1.308310640088884202e+00	2.284181377383993905e-01	7.089210736929069112e-01	1.139966824053658678e-01	-3.683634524853355297e-01	1.125202757688010147e+00	7.376148543125802259e-01	-3.543935438852728326e-01
-5.397963505977213527e-01	-1.159025366445246785e+00	4.918914371788519757e-01	7.580146607969729944e-01	1.358750693877582016e-01	-3.769000561776527092e-01	6.563165720550182547e-01	2.496964474534625611e-01	-1.104250267822913134e+00
-4.633117937396205033e-01	-1.038054480281021874e+00	7.059166202305806603e-01	7.360607522797945057e-01	7.721467206982890463e-02	-4.916517206440194077e-01	7.112284481904740385e-01	2.407664829512319860e-01	-1.025193478249306178e+00
-6.637023071788978879e-01	-1.162914294152054495e+00	4.938841280313164828e-01	5.343994193228955858e-01	-1.794833592438415670e-01	-8.177781196029912936e-01	6.996275192222285444e-01	1.739711383943980394e-01	-1.046621184536799198e+00
-8.382401083106673090e-01	-1.263978539872542495e+00	3.229967150032043710e-01	1.009431797936811703e+00	2.935275096674036521e-01	-3.294233878412172190e-01	1.094137457325191631e+00	4.792085908447310527e-01	-4.239931048727691998e-01
-9.619256870371472035e-01	-1.318940449690811256e+00	2.321099150169908532e-01	6.890260892250986702e-01	-9.778140960439049567e-02	-7.849644449389899803e-01	6.906326364158823505e-01	6.140562485136599746e-02	-1.053563595568693279e+00
-3.820943173853447727e-01	-7.465309205882582066e-01	1.230864938684835819e+00	8.193237303311377007e-01	-1.526821294913438543e-03	-6.669767101393915265e-01	8.953048417250862867e-01	1.994974277910884219e-01	-7.212440624530732647e-01
-7.328417460517309134e-01	-1.001792789691297036e+00	7.942577686108802659e-01	4.672044986312123283e-01	-4.268877104786735210e-01	-1.094132202224985750e+00	1.123254749800549179e+00	3.617617809820398156e-01	-3.431770825255263668e-01
-1.023662787718547573e+00	-1.202615278335359417e+00	4.526216808318648810e-01	7.307927089821912858e-01	-1.805764221292143479e-01	-7.226723378559625210e-01	8.516901028684991104e-01	7.297624916941000683e-02	-7.441192212153890928e-01
-1.252584520445129801e+00	-1.347141316168835701e+00	2.096125742277978321e-01	6.942843952028417975e-01	-2.529959208898908685e-01	-6.907222710664878695e-01	1.064792894188904882e+00	2.284675262855507261e-01	-3.737061969036992726e-01
-9.677983029583026031e-01	-1.032940447398939643e+00	7.629523235060098330e-01	7.558941417201375801e-01	-2.130680963442479203e-01	-5.536016012966202826e-01	1.056360574002113362e+00	1.861383224151169635e-01	-3.457345787892235345e-01
-1.337770381608975434e+00	-1.300455349130205107e+00	3.059301546311983255e-01	1.157184466868826256e+00	1.988244850669626529e-01	-2.784203464294920938e-02	8.189699931461130733e-01	-6.062934988448616391e-02	-6.719107770064020047e-01
-9.040120770659465510e-01	-8.509125464652428361e-01	1.091321248172898883e+00	5.656933152479300952e-01	-4.634332214539811368e-01	-7.457470638297298837e-01	1.255124069381055474e+00	3.089212143856927550e-01	6.334072503316601210e-02
-7.797631068360656448e-01	-6.756023884137101199e-01	1.399495189890417990e+00	3.142104309694002118e-01	-7.565332138333538126e-01	-1.059627241940304110e+00	7.260990977657628687e-01	-1.956816424764791507e-01	-7.188227555023161131e-01
-1.035848722571988123e+00	-8.375635649722585896e-01	1.121061672707298618e+00	5.520626066103103691e-01	-5.197728284295731749e-01	-7.644069284818655330e-01	1.196371135635296401e+00	2.121756524511896891e-01	7.622045975465208123e-02
-1.231925438305836673e+00	-9.446085425720712747e-01	9.375973611001719998e-01	5.154075194228320278e-01	-5.808692355641813521e-01	-8.546877871909882574e-01	9.825029062768373400e-01	1.350897142263420003e-03	-2.061911855272222094e-01
-9.955152159639713005e-01	-6.650146489938693062e-01	1.422163812663022719e+00	5.129064550210027384e-01	-6.059969175100208272e-01	-8.635443587268063492e-01	1.006687614474898629e+00	1.059617636015951214e-02	-1.083428687266126678e-01
-1.184777128824955117e+00	-7.629813855400889855e-01	1.248900861708849730e+00	5.209423133662863803e-01	-6.179183229654975351e-01	-8.416455865083801724e-01	8.956231495533681919e-01	-9.954269470716491097e-02	-2.204466054158354671e-01
-1.351557077987330047e+00	-8.394507601553529152e-01	1.109297820526325751e+00	5.273421688483573844e-01	-6.325303156559094475e-01	-8.669677858757111055e-01	1.287204813982941065e+00	2.510204614378935828e-01	4.612553735075850536e-01
-1.020434425636644438e+00	-4.711460586077438339e-01	1.736519554357522477e+00	6.145785660215864477e-01	-5.587840618958443972e-01	-7.333562376647810854e-01	7.814487651489244735e-01	-2.109903708485709461e-01	-2.701594219882614833e-01
-1.179618658524570929e+00	-5.380827093856397347e-01	1.605310893384172211e+00	2.282543103645545135e-01	-9.965289052940888848e-01	-1.184885927170661102e+00	1.062364743580270554e+00	4.579305700008355628e-02	2.369971903013277092e-01
-1.221225409840738685e+00	-4.990168058598323797e-01	1.652769658471053393e+00	2.881548286235890433e-01	-9.484225829675936303e-01	-1.084644915992793113e+00	1.134667007382451631e+00	1.160696567465647894e-01	4.153575159837878950e-01
-1.294314722168585563e+00	-4.868368353664827008e-01	1.646604746479840786e+00	3.179615886543336045e-01	-9.321923218390932853e-01	-1.030311881819529374e+00	1.020466296773489878e+00	1.964471835776193664e-02	2.943242451030986806e-01
-1.489931151465424541e+00	-5.827779939207432536e-01	1.445338121019063449e+00	3.457331498212393717e-01	-9.172271489249511633e-01	-9.825465886120857695e-01	6.832540188731364150e-01	-2.769625773099217980e-01	-1.788586992687545563e-01
-1.571252800070059408e+00	-5.762534558383487493e-01	1.410997630493448396e+00	3.885784124979119181e-01	-8.852288779827836018e-01	-9.047406270073490298e-01	7.020032936206299645e-01	-2.474299711330754659e-01	-9.690579390009784744e-02
-1.440736959428746911e+00	-3.807032277641977935e-01	1.694710802024941287e+00	1.518024829596604508e-01	-1.152483920089590885e+00	-1.129967751780685870e+00	7.321835500808691055e-01	-2.054573452272914214e-01	-2.447870443105654159e-03
-1.261231428666859333e+00	-1.414750814973063930e-01	2.042938562317348605e+00	8.313199025092649075e-02	-1.234177600343798531e+00	-1.152537597990748619e+00	7.438024681831461038e-01	-1.787238234737051623e-01	5.673787372943681073e-02
-1.499570375445881565e+00	-2.747132966079030569e-01	1.731510268002395714e+00	-1.045907474577953966e-01	-1.440538953306877090e+00	-1.287241163686819956e+00	1.210363717759279645e+00	2.630304194165634657e-01	8.226859498467797849e-01
-1.317884590645513443e+00	-3.471783121231956926e-02	2.055714808716728736e+00	-3.409970797654027219e-02	-1.362441640526745212e+00	-1.113307281646729319e+00	8.257525413720100405e-01	-6.876643584126028441e-02	2.363997828033151671e-01
-1.170847061619900265e+00	1.731706742455817460e-01	2.311015590843376266e+00	2.497424602663680937e-01	-1.048531212310053196e+00	-6.728503256765718810e-01	8.497340225754096421e-01	-2.890804054779005233e-02	2.834040123462232552e-01
-1.667567042173233371e+00	-1.939428580543006708e-01	1.555225689546691603e+00	-7.875991257567611925e-02	-1.392929749109180770e+00	-9.560826895710859974e-01	1.055988216287522929e+00	1.762371930819869315e-01	6.066077084332521796e-01
-1.360010269496709112e+00	1.529103778290964999e-01	2.026350254948813490e+00	3.982531899214450388e-01	-8.586603692440264446e-01	-2.563811493411541909e-01	9.850593553693918203e-01	1.281635358401984059e-01	4.792942699075010138e-01
-1.390690438003411744e+00	1.959082587561490896e-01	1.958487082130507373e+00	-1.402696968566854996e-01	-1.419381660484209773e+00	-7.768424531750623974e-01	9.116857087715581898e-01	7.630891521794973265e-02	3.410191200376712084e-01
-1.404280821412346780e+00	2.509441174273600028e-01	1.899324356418341075e+00	-5.299340579951913321e-01	-1.811980200168584076e+00	-1.089970276276680305e+00	5.512728512705509232e-01	-2.385566695517907232e-01	-2.596385258687321507e-01
-1.393733852932618644e+00	3.238537706388553983e-01	1.861687845076788417e+00	-6.148761547298341457e-01	-1.867081660932231824e+00	-1.024765485152093092e+00	9.359454882618416516e-01	1.218415736496779866e-01	3.042314246294844926e-01
-1.180028758283022006e+00	5.736683556201545020e-01	2.122782914520420228e+00	-2.669813364552908741e-01	-1.445646140089488885e+00	-4.267286850786980446e-01	1.055054758592125941e+00	2.379903772208172563e-01	4.416239267945367697e-01
-1.378287179050498468e+00	4.522809398475803877e-01	1.733501411852368612e+00	-1.576288593747893763e-01	-1.274959788071170275e+00	-1.075934346826515342e-01	7.113489782376727355e-01	-6.977750987858558074e-02	-1.568886981122362689e-01
-1.219538140254316172e+00	6.441867997363586174e-01	1.883854965502522294e+00	-2.975093500154776804e-01	-1.366663591142342593e+00	-8.640532345055224051e-02	9.072668657771023604e-01	1.100736418033711889e-01	9.090286653354073820e-02
-1.300085966746487909e+00	6.181381514943392608e-01	1.652541089842381794e+00	-8.198925730823610758e-01	-1.864670504387528460e+00	-5.028559604336713118e-01	7.210988761075732834e-01	-6.078741229945790192e-02	-2.680030415168016544e-01
-1.049216220284594936e+00	8.822553062005435986e-01	1.926444989339886060e+00	-4.871059526388015204e-01	-1.428297138013657541e+00	1.000670788721729487e-01	6.421708103793306588e-01	-1.374801932855008180e-01	-4.612072422087392654e-01
-1.293374183952980205e+00	7.005910257411173125e-01	1.429859273522157359e+00	-6.945340191513981187e-01	-1.570265034473815380e+00	5.096571281122832392e-02	5.097846567425587949e-01	-2.660870612883938779e-01	-7.388280001103169070e-01
-1.390475784113065938e+00	6.449371694957508616e-01	1.155789805671212145e+00	-9.219439605687211881e-01	-1.727036719821554822e+00	-1.899132928620264615e-02	8.704027152197492123e-01	5.052519872296280107e-02	-2.388806958276986359e-01
-1.309006996881765472e+00	7.434216443389125573e-01	1.154160503298329976e+00	-7.975879407242567609e-01	-1.496018739648558249e+00	3.364056594091879848e-01	7.015135550553406318e-01	-1.174282944021495106e-01	-5.711389200979064551e-01
-9.781038192325549607e-01	1.059262196971210823e+00	1.536062431430590181e+00	-9.043328597585653661e-01	-1.509150425342356217e+00	4.114602452164989876e-01	1.036448132946207634e+00	1.700792959481585154e-01	-1.067717396100362204e-01
-1.192628857209100834e+00	8.848010134509851632e-01	1.074389291836706617e+00	-1.159244270527238996e+00	-1.677041158849343239e+00	3.050722523742785963e-01	1.164873737419157340e+00	2.672504330130320849e-01	3.594543782308551316e-02
-1.076232116580330134e+00	1.000608179360019223e+00	1.124834569776080873e+00	-9.668954665786988478e-01	-1.354958864309662392e+00	7.315000225859538130e-01	7.120600439349115129e-01	-1.665136648560587296e-01	-7.341622907302786105e-01
-7.853459287104249675e-01	1.267595578091253561e+00	1.445043901761381200e+00	-1.382972122752776922e+00	-1.687698640695266539e+00	4.196286755352269804e-01	1.142462974910888995e+00	2.010271570128305541e-01	-1.062892469041144539e-01
-1.081872165422603560e+00	1.007480242925690606e+00	8.585774757870296980e-01	-1.207538111871841569e+00	-1.375103313153780427e+00	8.202899355517564439e-01	5.182564939959650729e-01	-3.922409324972744860e-01	-1.134997032351845903e+00
-1.092373500355624527e+00	9.982715602560654489e-01	7.158447085263304199e-01	-1.329631313787819513e+00	-1.381147343446610387e+00	8.515643863033891536e-01	1.209835871297266552e+00	2.097754098477689899e-01	-8.602815060628543620e-02
-1.213726789516240911e+00	8.867797164320528891e-01	4.038005018772798937e-01	-1.348931256350926589e+00	-1.272901941518698177e+00	9.966590217534836427e-01	7.423886650175024471e-01	-2.434291872188263928e-01	-8.562081488507555793e-01
-9.827283963152263491e-01	1.085688409600373161e+00	6.378913308921487779e-01	-1.258371090382234048e+00	-1.042917094609464801e+00	1.275695372479904721e+00	8.267737552547811397e-01	-1.955492598088323652e-01	-7.527054229091402204e-01
-6.709495424149091169e-01	1.353421398739043324e+00	1.000356904603775465e+00	-1.755507904158779553e+00	-1.448154321017328217e+00	8.224065781092382288e-01	9.478335585846101585e-01	-1.150084980043244304e-01	-5.875967591881035013e-01
-6.460312730813982940e-01	1.362833785054199165e+00	9.224357959096312065e-01	-1.545997172127701269e+00	-1.088907193450594502e+00	1.156016191344742428e+00	8.760023234561487016e-01	-2.107968408876959021e-01	-7.353474100373180722e-01
-8.528464248622599220e-01	1.163232956692263675e+00	4.891076075967049630e-01	-1.453170082676989772e+00	-8.571724591658300696e-01	1.407725530500357536e+00	6.175876636871200365e-01	-4.765624680794871004e-01	-1.149590868156315171e+00
-7.951394757458215556e-01	1.196724689793865926e+00	4.668966937011445051e-01	-1.783216726021038534e+00	-1.082411708220686331e+00	1.145687491390066759e+00	1.208784406706715053e+00	3.073566980702208129e-02	-2.233696087663258334e-01
-6.235789845589252423e-01	1.329319112762759492e+00	6.226229231001094711e-01	-2.085197574582687174e+00	-1.276832734464184105e+00	9.087199727185353293e-01	8.391884892736127810e-01	-3.354016234603505175e-01	-8.063007622703608490e-01
-7.715023565856681254e-01	1.175305211045345022e+00	2.872688883769589641e-01	-1.606394298870771120e+00	-6.298925675224296139e-01	1.470092297548738491e+00	1.051988342180661951e+00	-1.725008138016411174e-01	-5.043497184731999816e-01
