Pos_TX	Vel_TX	Acc_TX	Pos_TY	Vel_TY	Acc_TY	Pos_TZ	Vel_TZ	Acc_TZ
-1.040674342485661041e+00	1.705870321019579148e-03	-5.072087964784821774e-03	-3.027976210598761764e-01	-2.893216802334718733e-03	3.220080466462928344e-03	8.489074523425250707e-01	-2.122221585226032492e-04	4.693810854893308354e-04
-1.040680583374566481e+00	1.318908283973322000e-03	-9.018740399130848948e-03	-3.027766824995896666e-01	-1.718909047166746222e-03	3.406520726342287392e-02	8.489074523425250707e-01	-2.570686236767119994e-04	-9.891149167069930061e-04
-1.040703502501064470e+00	7.698584272689001657e-04	-1.226471267876505511e-02	-3.026510511378703860e-01	1.170000726279594875e-03	5.218041540713080906e-02	8.489006526769868888e-01	-3.974622626028455124e-04	-2.532662190663775761e-03
-1.040747081121869977e+00	1.411339944967354698e-04	-1.417185177256510657e-02	-3.023718703339670633e-01	4.684923133255332675e-03	6.090232107067213019e-02	8.488938530114487069e-01	-6.094415142878691896e-04	-3.832180916896646850e-03
-1.040814439681436276e+00	-5.963359788524200469e-04	-1.759823380177042568e-02	-3.018972629674058772e-01	9.052025435062923189e-03	7.680446000944020357e-02	8.488666543493056382e-01	-9.107655136599825075e-04	-5.690204148942681027e-03
-1.040910420248741364e+00	-1.501026365559677720e-03	-2.203455639459318480e-02	-3.011923314376430127e-01	1.424767738737743768e-02	8.471035312551586371e-02	8.488326560216243877e-01	-1.331992041395508707e-03	-7.935223968340295031e-03
-1.041040833306559721e+00	-2.544787395706381468e-03	-2.514263570941213319e-02	-3.002431167045205851e-01	1.840065602214328508e-02	5.567940945172057676e-02	8.487782586973382504e-01	-1.849175320100480404e-03	-9.383199178308206795e-03
-1.041209229705475137e+00	-3.671819697809503968e-03	-2.702213414660851673e-02	-2.991752501297578193e-01	1.929086738616891256e-02	1.407926385687904253e-05	8.486966627109091554e-01	-2.398503108858362175e-03	-9.544785712622166213e-03
-1.041418299483809484e+00	-4.858939792744813857e-03	-2.848562271303670124e-02	-2.981422811554396146e-01	1.691441562170793375e-02	-4.549629769847678834e-02	8.485946677278654038e-01	-2.893086725269531072e-03	-8.144628539507545520e-03
-1.041669656664554910e+00	-6.090718961480512568e-03	-2.949673434894754462e-02	-2.972628616232558252e-01	1.314461741632606991e-02	-5.963772765528892184e-02	8.484790734137550583e-01	-3.292453297403177045e-03	-6.320267642555705764e-03
-1.041964700067638860e+00	-7.349125643278720844e-03	-3.005615829579983550e-02	-2.965788686537795260e-01	9.023458053054832922e-03	-6.030464594547196855e-02	8.483430801030397150e-01	-3.584021253665987256e-03	-4.226427360258582996e-03
-1.042304075302258326e+00	-8.619194420015659566e-03	-3.026929823959854590e-02	-2.960903022470603441e-01	5.395161607346572220e-03	-4.977116292728091945e-02	8.482070867923148239e-01	-3.764552519920543253e-03	-2.359767822327042859e-03
-1.042687997571479119e+00	-9.890917008946155387e-03	-3.024445204228901410e-02	-2.957552852823763789e-01	2.579630793845654000e-03	-3.686159815211573210e-02	8.480574941505231168e-01	-3.869891866298066137e-03	-1.213961275201463127e-03
-1.043116359273768667e+00	-1.115669318602335869e-02	-3.004991523601224096e-02	-2.955458996795108928e-01	4.506009059131120520e-04	-2.735282835447511510e-02	8.479079015087315208e-01	-3.922950028693224581e-03	-2.113255109296069455e-04
-1.043588837604527697e+00	-1.241356433868476793e-02	-2.981406063793396594e-02	-2.954202683177420408e-01	-1.167245517989923872e-03	-2.013477343178901591e-02	8.477515092014016318e-01	-3.922097842754577318e-03	8.348948883167971614e-04
-1.044105217360691062e+00	-1.366189391850477879e-02	-2.960106907250485350e-02	-2.953714116770899678e-01	-2.335411080717458236e-03	-1.303382929381525189e-02	8.476019165596100358e-01	-3.874632596763303086e-03	1.500282222486336780e-03
-1.044665175737659935e+00	-1.490190988919277634e-02	-2.937654946503760051e-02	-2.953644321570109699e-01	-3.139585910223593838e-03	-7.971331832339870541e-03	8.474523239178183287e-01	-3.801310073665768383e-03	1.930003938073632892e-03
-1.045268389930835928e+00	-1.613237780575643363e-02	-2.912415147648205263e-02	-2.953853707172975351e-01	-3.670002464233327027e-03	-4.384756225239341138e-03	8.473095309415552556e-01	-3.722184119500370012e-03	1.994192620484933932e-03
-1.045914644737153232e+00	-1.735430169164894204e-02	-2.891957280506265299e-02	-2.954342273579496081e-01	-4.049029949319884851e-03	-1.977551391243973552e-03	8.471667379653017305e-01	-3.628706643558157058e-03	2.254020091300120918e-03
-1.046603402148947870e+00	-1.856976517204152882e-02	-2.877087294899484046e-02	-2.954970430388092484e-01	-4.296059450164537233e-03	7.974925046005565098e-06	8.470307446545864982e-01	-3.516523246306919436e-03	2.672021984710158150e-03
-1.047334769767752194e+00	-1.978052098677520951e-02	-2.864952098145734372e-02	-2.955668382397974581e-01	-4.371343574683471574e-03	2.781689669446828217e-03	8.468947513438614960e-01	-3.391799118635347669e-03	2.772006293179621675e-03
-1.048108424788968041e+00	-2.098652858165910712e-02	-2.852764091456137449e-02	-2.956366334407360963e-01	-4.312858265724842446e-03	4.638082815800042939e-03	8.467655576986747867e-01	-3.265126236132715951e-03	2.794203929234675629e-03
-1.048924259611062171e+00	-2.218761467969578363e-02	-2.839249773598274615e-02	-2.957064286417243060e-01	-4.142540163996711287e-03	6.069245910404947632e-03	8.466431637190261483e-01	-3.148111626955776669e-03	2.553183838243216260e-03
-1.049782059030969439e+00	-2.338387820853271570e-02	-2.828000459529692728e-02	-2.957622648025049483e-01	-3.940963147602822778e-03	6.560005475002595246e-03	8.465275694049158028e-01	-3.034581301101335442e-03	2.547474122584248400e-03
-1.050681607845623589e+00	-2.457653272160934335e-02	-2.819086748635927023e-02	-2.958041419230780789e-01	-3.691786904667037749e-03	7.357003951272692542e-03	8.464119750908053463e-01	-2.921869126874724384e-03	2.523262851308398416e-03
-1.051623013656557637e+00	-2.576670974229718775e-02	-2.813759805620640736e-02	-2.958390395235721559e-01	-3.402828617545122347e-03	8.292369451903532779e-03	8.463031804422331827e-01	-2.800053853641305043e-03	2.687380165639278833e-03
-1.052605953659173421e+00	-2.695427378273123134e-02	-2.805870463890337146e-02	-2.958529985637301518e-01	-3.023169871877165547e-03	9.429393790878875733e-03	8.462011854591894311e-01	-2.682972670031987840e-03	2.577417728117457202e-03
-1.053630535455003292e+00	-2.813831575313240768e-02	-2.796425702025372856e-02	-2.958529985637301518e-01	-2.595536272022740554e-03	1.006578792873455939e-02	8.461059901416838613e-01	-2.572389383452224412e-03	2.455667002134720705e-03
-1.054696436239448643e+00	-2.931823932255743850e-02	-2.784537403687705609e-02	-2.958250804833646441e-01	-2.122741385557742888e-03	1.072205809769038488e-02	8.460107948241784026e-01	-2.474881747046217377e-03	2.132283650747946856e-03
-1.055803548410977122e+00	-3.049313110002518229e-02	-2.772246250099241402e-02	-2.957762238427125157e-01	-1.725007659795596169e-03	8.892229406912326509e-03	8.459155995066728329e-01	-2.389512572108792084e-03	1.985952094284621806e-03
-1.056951764368055491e+00	-3.166392137409631408e-02	-2.761645413324466392e-02	-2.957064286417243060e-01	-1.320857486370313316e-03	9.769246010118767462e-03	8.458272038547054450e-01	-2.310191211192996752e-03	1.888246647758509917e-03
-1.058140976509150954e+00	-3.283031213291354167e-02	-2.749855635033281176e-02	-2.956226744005781004e-01	-8.786046652999555950e-04	1.024420915939487815e-02	8.457456078682763501e-01	-2.236397022353849452e-03	1.782248020400205779e-03
-1.059370862029665128e+00	-3.399217126812777851e-02	-2.738781742488758872e-02	-2.955110020790168157e-01	-4.305921841011883821e-04	1.028004988577718541e-02	8.456640118818471441e-01	-2.163000785919716017e-03	1.845833509663341761e-03
-1.060641420929597789e+00	-3.514979679159629250e-02	-2.726688666046379536e-02	-2.953783911971689102e-01	5.884515424688233954e-05	1.101857141094766436e-02	8.455892155609464611e-01	-2.092626796286114511e-03	1.702546092984450745e-03
-1.061952438005883126e+00	-3.630175394520207544e-02	-2.711218944642471845e-02	-2.952248417550344950e-01	5.657148464470990830e-04	1.114743095275189805e-02	8.455076195745173662e-01	-2.031039635600267405e-03	1.542053065645839069e-03
-1.063303590453922975e+00	-3.744734839204052340e-02	-2.694317691065188647e-02	-2.950433742325345721e-01	1.069770593360643658e-03	1.105583950002391423e-02	8.454396229191548651e-01	-1.977952585546172148e-03	1.387103334805029828e-03
-1.064694878273717116e+00	-3.858611928903336874e-02	-2.676259245751656107e-02	-2.948409681497480839e-01	1.563707983625619658e-03	1.087616276230009456e-02	8.453648265982541821e-01	-1.933139027420097611e-03	1.235563853693449335e-03
-1.066125871059134145e+00	-3.971762729911266360e-02	-2.657066423870534447e-02	-2.946106439865464610e-01	2.043535301078811157e-03	1.064019715992356625e-02	8.452968299429013399e-01	-1.896460997747464279e-03	1.086453323119396285e-03
-1.067596353607108473e+00	-4.084097224213217858e-02	-2.634507088239141856e-02	-2.943593812630582729e-01	2.516874577508004199e-03	1.037212785307926009e-02	8.452288332875389498e-01	-1.874591213700704589e-03	7.790851908943347351e-04
-1.069106003113041270e+00	-4.195543213060261983e-02	-2.612057680238560192e-02	-2.940802004592045771e-01	2.937796039390015452e-03	9.613672192174163925e-03	8.451608366321764487e-01	-1.861539653178165580e-03	6.631281471568708065e-04
-1.070654496772334374e+00	-4.306140328957130947e-02	-2.589883649728226198e-02	-2.937870606151433139e-01	3.327545345627106257e-03	9.193337679360173362e-03	8.450928399768139476e-01	-1.854611745083018220e-03	5.485576082385186601e-04
-1.072241726983454546e+00	-4.415856312888346430e-02	-2.566664907858598466e-02	-2.934729822107954855e-01	3.693639226820823272e-03	8.829812514636221910e-03	8.450248433214612165e-01	-1.854052851893097861e-03	4.304933993918273359e-04
-1.073867048137204572e+00	-4.524646309460954308e-02	-2.542257463792511538e-02	-2.931449447662897168e-01	4.035829881810065398e-03	8.449134861813709443e-03	8.449568466660987154e-01	-1.859947345495024332e-03	3.115107594576784714e-04
-1.075530352632052100e+00	-4.632458397021470969e-02	-2.516344697234833977e-02	-2.927959687614478113e-01	4.418151162249238720e-03	9.112261601117565418e-03	8.448888500107362143e-01	-1.871088153399897303e-03	2.227230601138035582e-04
-1.077231317663398080e+00	-4.739236967171784470e-02	-2.489288140858161510e-02	-2.924330337163982829e-01	4.746837369319845817e-03	8.091180143701505456e-03	8.448208533553737132e-01	-1.888451313233530885e-03	9.845096784659424470e-05
-1.078969405223578759e+00	-4.844954983784637015e-02	-2.461514581908388552e-02	-2.920561396311908142e-01	5.027382191811678031e-03	7.414834823532764907e-03	8.447528567000112121e-01	-1.912501783487991110e-03	-2.324447840377410137e-05
-1.080744400109528103e+00	-4.949577115557360352e-02	-2.432733166871770686e-02	-2.916583069856968358e-01	5.270188414033967136e-03	6.847353676088072279e-03	8.446848600446584809e-01	-1.943024417512607179e-03	-1.413880415962619392e-04
-1.082555764313581692e+00	-5.053062193841629385e-02	-2.402901137250402358e-02	-2.912604743402028018e-01	5.478018618330639591e-03	6.305219111079831892e-03	8.446100637237577979e-01	-1.979849209774323451e-03	-2.564774835175767436e-04
-1.084403175031141586e+00	-5.155376423478370135e-02	-2.372262360074318954e-02	-2.908486826545012560e-01	5.651627510893843069e-03	5.770923531701063237e-03	8.445352674028667739e-01	-2.022830725852284295e-03	-3.690857781358480275e-04
-1.086286309457608290e+00	-5.256470955101287534e-02	-2.340147936080566246e-02	-2.904229319285920874e-01	5.789509399218142893e-03	5.207450441942817164e-03	8.444604710819662019e-01	-2.071782690152653220e-03	-4.777174728568292202e-04
-1.088204521983785478e+00	-5.356307077891805241e-02	-2.307261306378354665e-02	-2.899971812026829743e-01	5.892005939869765854e-03	4.656729710401562305e-03	8.443856747610751778e-01	-2.126547382698473505e-03	-5.839376770109701558e-04
-1.090157489805074098e+00	-5.454852840063163094e-02	-2.273464702449245339e-02	-2.895714304768234326e-01	5.958936861796179305e-03	4.098765900953302288e-03	8.443040787746363129e-01	-2.186969407807187304e-03	-6.870077605795827172e-04
-1.092144782515343193e+00	-5.552071374169100654e-02	-2.238710818716262846e-02	-2.891387002308353216e-01	5.989913294584064095e-03	3.536294110482704738e-03	8.442224827882071070e-01	-2.252861659779816818e-03	-7.865519068509512369e-04
-1.094165862106928122e+00	-5.647925505534635848e-02	-2.203016248029340471e-02	-2.887059699848472105e-01	5.984854545476572286e-03	2.973752683842476215e-03	8.441408868017780120e-01	-2.324024747361283158e-03	-8.823290033977010133e-04
-1.096220298173697483e+00	-5.742380517314540217e-02	-2.166410506515765305e-02	-2.882732397388590995e-01	5.943876216862944983e-03	2.413130229799765030e-03	8.440524911498009653e-01	-2.400245997614239117e-03	-9.741182975834506656e-04
-1.098307552707987300e+00	-5.835407222780521902e-02	-2.129167934612663168e-02	-2.878405094928709884e-01	5.866772856972205137e-03	1.846432489263420858e-03	8.439572958323050544e-01	-2.481236201907256050e-03	-1.059363338350462029e-03
-1.100427087702133155e+00	-5.927005314703863437e-02	-2.092233447259774295e-02	-2.874147587669618198e-01	5.747229542219686217e-03	1.297344274471696427e-03	8.438621005147995957e-01	-2.561640684012166796e-03	-1.018076032595953201e-03
-1.102578472750003646e+00	-6.017168034052749331e-02	-2.054699942069612012e-02	-2.869959875611812761e-01	5.614452901488650033e-03	1.043767067992467041e-03	8.437669051972940260e-01	-2.644342565107725418e-03	-1.085784547419642613e-03
-1.104761169843934354e+00	-6.105875103731736586e-02	-2.016871913793124443e-02	-2.865841958754796748e-01	5.455956732162745015e-03	6.128998163465675759e-04	8.436649102142503853e-01	-2.730014396379877931e-03	-1.131518071338964010e-03
-1.106974748577793877e+00	-6.193123758682354124e-02	-1.978964989706134478e-02	-2.861863632299361249e-01	5.270170959217768819e-03	1.926419569542206056e-04	8.435629152312162926e-01	-2.817180582928430210e-03	-1.149693839775523885e-03
-1.109218563342385444e+00	-6.278908468787663955e-02	-1.940860546886278432e-02	-2.857885305844420909e-01	5.061185160245459426e-03	-1.371141350860080827e-04	8.434541205826343591e-01	-2.904369182315813015e-03	-1.145460071603688528e-03
-1.111492183731577210e+00	-6.363202812377843909e-02	-1.902007989899695550e-02	-2.854046569791556243e-01	4.837531449704361372e-03	-5.081877622670307511e-04	8.433385262685240136e-01	-2.996092148030163327e-03	-1.222699288468664155e-03
-1.113795071737704978e+00	-6.445998494277487001e-02	-1.862938688810852547e-02	-2.850347424140271535e-01	4.581204326253088092e-03	-8.614225962245349467e-04	8.432229319544135571e-01	-3.085073276460906927e-03	-1.160499699641039280e-03
-1.116126689353104773e+00	-6.527246050662857679e-02	-1.822152506393762833e-02	-2.846787868891062501e-01	4.310437348421705846e-03	-1.036420793475878238e-03	8.431073376403032116e-01	-3.169067631262362066e-03	-1.056801026603262136e-03
-1.118486498570112175e+00	-6.606912608061038528e-02	-1.781012369769190834e-02	-2.843367904043433425e-01	4.037543744459497728e-03	-8.263772328965181442e-04	8.429849436606545732e-01	-3.241203270028047458e-03	-8.365007316654194443e-04
-1.120873853779530194e+00	-6.684956690594985595e-02	-1.738533716658853534e-02	-2.840017734397089488e-01	3.746985008071754622e-03	-1.233680440552137108e-03	8.428557500154678639e-01	-3.307813562948396392e-03	-7.373035565248233208e-04
-1.123288324575226982e+00	-6.761329756127122670e-02	-1.694712797716851904e-02	-2.836876950353611204e-01	3.504789561344116497e-03	-3.874586231821217672e-04	8.427265563702810436e-01	-3.371609135353682493e-03	-7.294377481569526119e-04
-1.125729265348005770e+00	-6.835969744456239783e-02	-1.649019918118376296e-02	-2.833805961510922899e-01	3.276145061020885665e-03	-2.963302196950704892e-04	8.425973627250943343e-01	-3.431558000531528731e-03	-6.052383528586045532e-04
-1.128195922887136549e+00	-6.908787866482592188e-02	-1.600995264464298920e-02	-2.830804767869520844e-01	3.055863992957046690e-03	3.755634665287798875e-06	8.424681690799171729e-01	-3.477527895120232932e-03	-3.030636156558417994e-04
-1.130687866786487694e+00	-6.979688266845898714e-02	-1.550503381662373011e-02	-2.827943164630193906e-01	2.890166853516055578e-03	9.916418473589895359e-04	8.423321757691922818e-01	-3.513549975709758140e-03	-2.054219346520474456e-04
-1.133204236233796847e+00	-7.048610114259826198e-02	-1.498778921339643036e-02	-2.825221151792446372e-01	2.758297004793710833e-03	1.206702564342225980e-03	8.421961824584672796e-01	-3.547405647900023131e-03	-1.225853320094486671e-04
-1.135744385619866570e+00	-7.115445264215343457e-02	-1.443141420271947493e-02	-2.822429343753909414e-01	2.641722153372892071e-03	1.647300822603891017e-03	8.420601891477520473e-01	-3.567939792773509172e-03	1.611578115568772988e-04
-1.138307561733966633e+00	-7.180043481868930710e-02	-1.384593469507209434e-02	-2.819777126116951860e-01	2.585455122637352922e-03	2.663061303421551760e-03	8.419173961714985222e-01	-3.579988934928824990e-03	2.219558622864332541e-04
-1.140893011365367693e+00	-7.242378960008206967e-02	-1.325496678321584111e-02	-2.817124908480490575e-01	2.558575421054398811e-03	2.810718834224891233e-03	8.417814028607736310e-01	-3.587920589559422200e-03	3.944301901255566588e-04
-1.143499766100273485e+00	-7.302264596343394087e-02	-1.259723099823894209e-02	-2.814472690843533575e-01	2.576119228200134115e-03	3.788976483243002361e-03	8.416454095500582877e-01	-3.584119704135813652e-03	5.543892903395753738e-04
-1.146127180329487238e+00	-7.359577806615670570e-02	-1.193161919367567540e-02	-2.811750678005786042e-01	2.641547319066388927e-03	4.249807400972896790e-03	8.415026165737952146e-01	-3.582367684223376671e-03	5.007192573808696024e-04
-1.148774070436147543e+00	-7.414188325848246330e-02	-1.120365098042127965e-02	-2.809028665168039063e-01	2.719433284240742755e-03	4.702398321703661101e-03	8.413666232630798714e-01	-3.571868514388965628e-03	6.699230885148802156e-04
-1.151439683209524167e+00	-7.465954828830451140e-02	-1.047528788924778284e-02	-2.806306652330292084e-01	2.857965436004534197e-03	5.263116022651047679e-03	8.412306299523549802e-01	-3.564228890747279336e-03	5.678275612926459576e-04
-1.154122835032755923e+00	-7.514808189100544156e-02	-9.686067330009389201e-03	-2.803445049090965147e-01	2.984989141003562951e-03	5.335477992425104697e-03	8.410946366416396369e-01	-3.557343168595442431e-03	5.773013658070773454e-04
-1.156822557492046988e+00	-7.560520135720422141e-02	-8.884633475939911901e-03	-2.800513650650352515e-01	3.122418062540309371e-03	5.235487224259829930e-03	8.409586433309147457e-01	-3.559420755744521856e-03	3.559350847148154439e-04
-1.159537774572069191e+00	-7.603069777137201612e-02	-8.027519442078150450e-03	-2.797582252209739329e-01	3.236558968607413083e-03	4.987337996298188587e-03	8.408158503546612206e-01	-3.570237689827241746e-03	2.114934266135889539e-04
-1.162267302655960677e+00	-7.642228227955344400e-02	-7.169620438777214028e-03	-2.794581058568337273e-01	3.325209977063228912e-03	4.336908683983806655e-03	8.406798570439363294e-01	-3.594667352110509761e-03	-8.674941371123958854e-05
-1.165010065728393052e+00	-7.678159548310711791e-02	-6.305231078406016605e-03	-2.791510069725648968e-01	3.356396010717748509e-03	3.522667344560595059e-03	8.405438637332209861e-01	-3.635232266099449727e-03	-3.728368330621448538e-04
-1.167764664969439536e+00	-7.710557431170615705e-02	-5.398329719677979859e-03	-2.788508876084246357e-01	3.323561784582932527e-03	2.223984626753433037e-03	8.404010707569579131e-01	-3.695028225910162913e-03	-7.569541735692412315e-04
-1.170530131965304088e+00	-7.739707599243583758e-02	-4.562079599141634877e-03	-2.785437887241558053e-01	3.189579473883889706e-03	7.298950622280321252e-04	8.402582777807043879e-01	-3.776649310111002827e-03	-1.165678778708351560e-03
-1.173305067896059706e+00	-7.765303131039484608e-02	-3.608756152924522294e-03	-2.782576284002231115e-01	2.952680705438633785e-03	-1.324624473564395321e-03	8.401086851389127919e-01	-3.882981130196149194e-03	-1.629026627422647472e-03
-1.176088504347911012e+00	-7.787444797578102484e-02	-2.756817492775767622e-03	-2.779784475963197887e-01	2.538585364340251432e-03	-3.879936233014934233e-03	8.399522928315829029e-01	-4.012273990547560870e-03	-2.030576649781670826e-03
-1.178879042500930341e+00	-7.806352881850851799e-02	-1.881926294316178978e-03	-2.777271848728812276e-01	2.011095382103344261e-03	-5.439200246377126104e-03	8.397959005242531250e-01	-4.165596402503858077e-03	-2.513442090099380060e-03
-1.181675606339789519e+00	-7.821565311864583925e-02	-9.160450920852235496e-04	-2.775038402297586027e-01	1.362696746499381453e-03	-7.572106733232546183e-03	8.396327085513948241e-01	-4.344130435787067757e-03	-2.931603565199544792e-03
-1.184476797044561547e+00	-7.833377334418113735e-02	-7.894387002991838220e-05	-2.773153931871796818e-01	5.711564569328268261e-04	-9.685622139206373493e-03	8.394559172474503894e-01	-4.539153511587415424e-03	-3.200115326295203434e-03
-1.187281646201450380e+00	-7.842012612018758877e-02	7.712623529937769930e-04	-2.771688232651242090e-01	-3.145256684340581735e-04	-1.103078040760094650e-02	8.392791259435157247e-01	-4.750905198248845870e-03	-3.518777800747507206e-03
-1.190088862592062258e+00	-7.847009687130812594e-02	1.756453005695292596e-03	-2.770641304636914937e-01	-1.274070996130810410e-03	-1.233967691449259704e-02	8.390819356429761733e-01	-4.983345927403235939e-03	-3.883450655647337300e-03
-1.192897262599535102e+00	-7.848286529686343549e-02	2.695666970863945869e-03	-2.770082943029108513e-01	-2.357172257601056631e-03	-1.424215606455490370e-02	8.388847453424268519e-01	-5.227486324448213026e-03	-4.072887064184403313e-03
-1.195705447403942800e+00	-7.846185699706864636e-02	3.537374956787953800e-03	-2.770152738229897937e-01	-3.574438676123628533e-03	-1.633425343182123152e-02	8.386739557108109366e-01	-5.475357380021796290e-03	-4.100253126282695990e-03
-1.198512340989955849e+00	-7.840804281467531056e-02	4.423756344846774442e-03	-2.770780895038990610e-01	-4.890969876078841636e-03	-1.781267400895809871e-02	8.384563664136568395e-01	-5.728779016637029244e-03	-4.223288533710036624e-03
-1.201316652139180485e+00	-7.831749636665659431e-02	5.411032431601028002e-03	-2.772107003856973395e-01	-6.303578565107338313e-03	-1.914277759003820897e-02	8.382251777854360375e-01	-5.990109064938884537e-03	-4.422375849471197468e-03
-1.204117089633222282e+00	-7.818577205345073056e-02	6.487719329543525579e-03	-2.774131064685333992e-01	-7.822497099837573409e-03	-2.127261861046607014e-02	8.379803898261388717e-01	-6.258016534342886704e-03	-4.446923591475867611e-03
-1.206912254652154681e+00	-7.801394517557372343e-02	7.525707872321180970e-03	-2.776922872723870950e-01	-9.502545335055590306e-03	-2.376788191193366859e-02	8.377288022013035240e-01	-6.524406903589602402e-03	-4.413269803220471084e-03
-1.209700748376049795e+00	-7.780183139579423257e-02	8.561931270913812272e-03	-2.780622018375155657e-01	-1.136246945721306259e-02	-2.696771754152112524e-02	8.374636152454014715e-01	-6.785276741600804011e-03	-4.231400704706258370e-03
-1.212481064383448048e+00	-7.755081938792147966e-02	9.592722345939413975e-03	-2.785228501638692400e-01	-1.339413223129984690e-02	-2.914664356932296710e-02	8.371916286239612370e-01	-7.038421289119678285e-03	-4.171267588877855537e-03
-1.215251803854422441e+00	-7.725627614287521039e-02	1.075584833946566406e-02	-2.790881912917052565e-01	-1.556590567343819030e-02	-3.144222805960565637e-02	8.369060426714446388e-01	-7.289289024255424070e-03	-4.118492690765997860e-03
-1.218011460367513177e+00	-7.691451184374210881e-02	1.200118241138918400e-02	-2.797652047410529308e-01	-1.792227996403177384e-02	-3.450196671108040486e-02	8.366068573878613357e-01	-7.536426598925649242e-03	-4.042571121723847159e-03
-1.220758312298193982e+00	-7.652296420300694346e-02	1.334024295117675930e-02	-2.805608700320905702e-01	-2.044538222972784938e-02	-3.698340334433534299e-02	8.363008724387398507e-01	-7.784360576468986846e-03	-4.120870543417283829e-03
-1.223490422818873880e+00	-7.607757472929377318e-02	1.471992645717486344e-02	-2.814821666848474346e-01	-2.319743588575325435e-02	-4.096816330714791315e-02	8.359880878240801838e-01	-8.029599202616661408e-03	-3.986679374648924648e-03
-1.226206070305027485e+00	-7.558016221661814638e-02	1.607194218364152438e-02	-2.825430537395312025e-01	-2.621594875681583503e-02	-4.528719699733154552e-02	8.356617038783538121e-01	-8.267772969922882950e-03	-3.865140579743952479e-03
-1.228903425530595950e+00	-7.503164220656224903e-02	1.738814607264528578e-02	-2.837644697564283280e-01	-2.951227076561193860e-02	-4.953905055608787827e-02	8.353285202670893694e-01	-8.501303295086495154e-03	-3.796149886478450072e-03
-1.231580659269520650e+00	-7.443261379512783327e-02	1.869015110895809809e-02	-2.851464147355389223e-01	-3.297058348378006237e-02	-5.069796089955765778e-02	8.349817373247484520e-01	-8.731635723201555677e-03	-3.730620357681872432e-03
-1.234236049897276422e+00	-7.378578366732792271e-02	1.992656333310952044e-02	-2.866958681969914435e-01	-3.625783471104397637e-02	-4.582591411591490499e-02	8.346349543824171935e-01	-8.945597647813737993e-03	-3.400697728357518230e-03
-1.236867875789336990e+00	-7.308536056181227925e-02	2.139251769276584794e-02	-2.883918915804993821e-01	-3.896126811962328379e-02	-3.561277535637509539e-02	8.342677724434715003e-01	-9.148004176808990570e-03	-3.144998899596951163e-03
-1.239474200118111602e+00	-7.232280352019691827e-02	2.307177792472022218e-02	-2.901995872855190894e-01	-4.103914523796618058e-02	-2.606196685568803670e-02	8.339005905045256961e-01	-9.330321165244744031e-03	-2.718244554867029362e-03
-1.242052440446811401e+00	-7.149130742635935454e-02	2.488881225924753984e-02	-2.921049962718925141e-01	-4.267023485983394149e-02	-2.127005530216804358e-02	8.335266089000417100e-01	-9.484874457105409856e-03	-2.203087814496013444e-03
-1.244600444744779155e+00	-7.059146830401419326e-02	2.663371077415398538e-02	-2.940802004592045771e-01	-4.399661918907488145e-02	-1.596470371041913694e-02	8.331390279644911301e-01	-9.609497976033786609e-03	-1.622586004424334243e-03
-1.247115845778292487e+00	-6.962411567070228569e-02	2.840156007235829574e-02	-2.961112408073469093e-01	-4.522695338465939491e-02	-1.690149098675983522e-02	8.327514470289404391e-01	-9.703772684954254171e-03	-1.098379840609629452e-03
-1.249596061110562761e+00	-6.859070886283819002e-02	3.007019290302333919e-02	-2.982050968362992549e-01	-4.649375383887045798e-02	-1.627287124899760157e-02	8.323638660933802003e-01	-9.770890172116289060e-03	-5.923629370270151479e-04
-1.252039046312465764e+00	-6.749688245512554252e-02	3.161853076260099510e-02	-3.003617685461608677e-01	-4.758484009215481481e-02	-1.301360754013995528e-02	8.319694854922913274e-01	-9.811300520527812055e-03	-1.642224781906118916e-04
-1.254442649353344486e+00	-6.633952114835522940e-02	3.330533037074404068e-02	-3.025672968966745535e-01	-4.864810451299833582e-02	-1.373820294878107078e-02	8.315751048912025656e-01	-9.831448168447241842e-03	2.782891665256395555e-04
-1.256804610601008898e+00	-6.512023174872684506e-02	3.486959337759229505e-02	-3.048286614079689372e-01	-4.981319775623779811e-02	-1.615453021038983084e-02	8.311807242901136927e-01	-9.825168423048971297e-03	7.235471883199318631e-04
-1.259122885626335009e+00	-6.384365955446932861e-02	3.632709415884725207e-02	-3.071458620800439632e-01	-5.100329716976425426e-02	-1.482744628246778287e-02	8.307931433545631128e-01	-9.796980044683302469e-03	1.136705041795978794e-03
-1.261395430000198159e+00	-6.251197360033779182e-02	3.776527384272736904e-02	-3.095188989128996315e-01	-5.208965345400359132e-02	-1.336533299447715400e-02	8.303987627534742400e-01	-9.746364881720677789e-03	1.546524283314135899e-03
-1.263620414496540389e+00	-6.112322298396750259e-02	3.926423680548758732e-02	-3.119477719065359422e-01	-5.310501441944322915e-02	-1.235756308534115104e-02	8.300111818179236600e-01	-9.673335219717194011e-03	1.959642024644238627e-03
-1.265795687084704246e+00	-5.967466108061200702e-02	4.084121009493176663e-02	-3.144115425006168141e-01	-5.392190983254846470e-02	-9.717393976819520621e-03	8.296236008823633101e-01	-9.574574290567986964e-03	2.442782276353725607e-03
-1.267919095734032719e+00	-5.816543686672006469e-02	4.240466021167989957e-02	-3.169241697353993303e-01	-5.475018950569338072e-02	-9.629960804606046629e-03	8.292428196123508011e-01	-9.453155309529299305e-03	2.845591705934050544e-03
-1.269988703616934611e+00	-5.659656419706388802e-02	4.394788220843902360e-02	-3.194716945706759237e-01	-5.554829809982399919e-02	-9.045187941419405644e-03	8.288688380078669260e-01	-9.310281098951701112e-03	3.238899889542517715e-03
-1.272002251101219672e+00	-5.496894325178969948e-02	4.547513518260320325e-02	-3.220610965265256476e-01	-5.629530414272958944e-02	-8.220528530425635222e-03	8.285016560689211218e-01	-9.146491227177411948e-03	3.621110308216096176e-03
-1.273957801359296704e+00	-5.328067842970220930e-02	4.707057280399776222e-02	-3.246853960828199326e-01	-5.699867028369595690e-02	-7.578261578379544110e-03	8.281344741299754286e-01	-8.961478389282911614e-03	4.015335689725279579e-03
-1.275853094758976125e+00	-5.152981575614954540e-02	4.870596170027379629e-02	-3.273376137195292968e-01	-5.769630494976990542e-02	-8.832978418850112590e-03	8.277808915221059882e-01	-8.755324599656217135e-03	4.384607049142646984e-03
-1.277685979269600702e+00	-4.971473613578338002e-02	5.038944672709592953e-02	-3.300317084768117915e-01	-5.845308568974613705e-02	-7.925935351858565125e-03	8.274341085797650708e-01	-8.530656310966213893e-03	4.747544285278009792e-03
-1.279454087657447170e+00	-4.783450559329843060e-02	5.207684303965005868e-02	-3.327537213145093653e-01	-5.908941961362324663e-02	-6.264443832426783501e-03	8.271009249685005171e-01	-8.283667159095356447e-03	5.158350534055207090e-03
-1.281155267891859184e+00	-4.588926545390534933e-02	5.376913902933366796e-02	-3.355106317526515003e-01	-5.964110626327791265e-02	-5.077788525992709204e-03	8.267745410227742564e-01	-8.014533292354750552e-03	5.565001492955390892e-03
-1.282787152739113479e+00	-4.387823842894546245e-02	5.548456369681203232e-02	-3.382954602712087144e-01	-6.013107296900247617e-02	-4.183891856031675578e-03	8.264617564081145895e-01	-7.723235618326134387e-03	5.972330094074553355e-03
-1.284347482567020249e+00	-4.180114494028461941e-02	5.719129387047171970e-02	-3.410942478299735514e-01	-6.056705278666149606e-02	-3.317537453252353361e-03	8.261625711245312864e-01	-7.409921729703732203e-03	6.372822445132329643e-03
-1.285833890141856672e+00	-3.965800342164593068e-02	5.892490366329099921e-02	-3.439209534691038406e-01	-6.095273125777342371e-02	-2.631709903695168482e-03	8.258701855064861652e-01	-7.075126712261993467e-03	6.768987348560162251e-03
-1.287244008229900150e+00	-3.744646357333024367e-02	6.071330575888446435e-02	-3.467616181483921811e-01	-6.130193202447768719e-02	-2.064864108080581399e-03	8.255981988850459308e-01	-6.718464567109951394e-03	7.170865203235934383e-03
-1.288575469597427858e+00	-3.516546852854470634e-02	6.252137038164948257e-02	-3.496162418679376604e-01	-6.161249469558918029e-02	-1.448421537349859787e-03	8.253398115946724012e-01	-6.340071763532927063e-03	7.567998951890361932e-03
-1.289825799409183960e+00	-3.281449599846727322e-02	6.434191474212433426e-02	-3.524848246276410801e-01	-6.188310872917043154e-02	-8.262632584211916046e-04	8.250950236353752354e-01	-5.940257598706782938e-03	7.959234466041480507e-03
-1.290992630431446075e+00	-3.039210508040656941e-02	6.621587691112165719e-02	-3.553743459476310651e-01	-6.211923376281243414e-02	-3.431504872005039183e-04	8.248706346726926153e-01	-5.519119194933118540e-03	8.352761143478932074e-03
-1.292073272625892555e+00	-2.789776181084921772e-02	6.807018054161326215e-02	-3.582638672676210501e-01	-6.231856919451144589e-02	3.098807953417753573e-04	8.246598450410767001e-01	-5.076804476948215163e-03	8.734296606082865219e-03
-1.293065358758800798e+00	-2.533266315288385667e-02	6.990549094306285072e-02	-3.611673476278186024e-01	-6.247588430229873008e-02	9.342121876000034769e-04	8.244762540716037424e-01	-4.614295459134908073e-03	9.101062520755464832e-03
-1.293966306393381949e+00	-2.269673875113387140e-02	7.174681465714712048e-02	-3.640778075080950971e-01	-6.259798360304609510e-02	1.458793230792088244e-03	8.242994627676594188e-01	-4.132077420959136965e-03	9.459520602872216466e-03
-1.294773748295913629e+00	-1.998971302143845094e-02	7.359484810492335216e-02	-3.669952469084506452e-01	-6.268883162918657825e-02	1.934838131926665478e-03	8.241498701258678228e-01	-3.630632653508330740e-03	9.808477652688081874e-03
-1.295485102029607427e+00	-1.721139056633241501e-02	7.544721483927846473e-02	-3.699126863088557093e-01	-6.275052295866391516e-02	2.382117819759274786e-03	8.240206764806810025e-01	-3.110522639900451750e-03	1.014657624905540047e-02
-1.296098000360740299e+00	-1.436235819266875637e-02	7.726618926087494565e-02	-3.728301257092112575e-01	-6.273599969315393765e-02	5.289484710303878762e-03	8.239186814976469098e-01	-2.571910578806391873e-03	1.050282131041196942e-02
-1.296609753250990815e+00	-1.144304448451026815e-02	7.911216056840701671e-02	-3.757475651096163771e-01	-6.259122773074404789e-02	4.942655040728300732e-03	8.238302858456796329e-01	-2.012568966088449426e-03	1.085587656943145032e-02
-1.297018101068169393e+00	-8.451686870696924203e-03	8.098341363555937311e-02	-3.786580249898928718e-01	-6.251033038055882340e-02	4.390782675331648434e-03	8.237690888558553137e-01	-1.436975189656653504e-03	1.114582807565175394e-02
-1.297320353773954604e+00	-5.388631597994864193e-03	8.284050055708075400e-02	-3.815615053500904241e-01	-6.243336751763123998e-02	4.462077911060458035e-03	8.237282908626358813e-01	-8.460678327928171719e-04	1.142005339848384086e-02
-1.297514144134623404e+00	-2.254433214241608526e-03	8.468373484210689472e-02	-3.844649857102879764e-01	-6.234239931078905395e-02	4.715257704187778010e-03	8.237146915315691764e-01	-2.407341218338361676e-04	1.167780407904439946e-02
-1.297596889713387824e+00	9.503840869227452330e-04	8.651321620728406880e-02	-3.873614865503569593e-01	-6.223323088125430613e-02	5.004676262791532028e-03	8.237282908626358813e-01	3.781430566730757930e-04	1.191901296360002062e-02
-1.297566223276524600e+00	4.225257585376755373e-03	8.832762839288194057e-02	-3.902579873904755137e-01	-6.210551313270302326e-02	5.292345693113939022e-03	8.237622891903171318e-01	1.009634270525189628e-03	1.214256255297787267e-02
-1.297419562387245540e+00	7.569935046342250208e-03	9.014788796261513637e-02	-3.931405291903369292e-01	-6.196098439314179362e-02	5.516662567761621006e-03	8.238302858456796329e-01	1.652785523048417660e-03	1.235015580480844366e-02
-1.297154539811827600e+00	1.098500530438177060e-02	9.196261126414927156e-02	-3.960160914701689183e-01	-6.180401981240108561e-02	5.765800043816089390e-03	8.239186814976469098e-01	2.307053809265255384e-03	1.254441079896209676e-02
-1.296768680715015387e+00	1.446804407912063474e-02	9.371120248589916157e-02	-3.988916537499513359e-01	-6.162409928691529176e-02	6.120051485397634029e-03	8.240342758117573663e-01	2.970711912804904591e-03	1.270413473290659019e-02
-1.296259725464618873e+00	1.801762367870236164e-02	9.543208045732692879e-02	-4.017462774694471883e-01	-6.142576106889577336e-02	6.382650464384989793e-03	8.241770687880107804e-01	3.642335373243910622e-03	1.283999741914843180e-02
-1.295625306826915235e+00	2.163287249525157677e-02	9.713028685206628876e-02	-4.046009011889926676e-01	-6.121238023304827192e-02	6.611065369510813611e-03	8.243470604264170332e-01	4.320659608409145244e-03	1.295197993254457169e-02
-1.294863057568182096e+00	2.531284580045783245e-02	9.880303758135433601e-02	-4.074415658682810082e-01	-6.098474224610168221e-02	6.832291837433983155e-03	8.245510503924947665e-01	5.004331546919354307e-03	1.303842418636821064e-02
-1.293970933259294798e+00	2.905648181186877912e-02	1.004473251911405379e-01	-4.102682715074112973e-01	-6.074301021043685550e-02	7.052006467463848433e-03	8.247754393551870455e-01	5.691918759341721250e-03	1.309795413957287082e-02
-1.292946459064997722e+00	3.286260753023586417e-02	1.020603097513400892e-01	-4.130810181063837017e-01	-6.048720844833867238e-02	7.271698079119285826e-03	8.250338266455509162e-01	6.381919087411514445e-03	1.312929844988736626e-02
-1.291787698157699671e+00	3.672994426963124143e-02	1.036393348104972384e-01	-4.158867851851779096e-01	-6.021729689957324577e-02	7.492326292786672184e-03	8.253194125980675144e-01	7.072762304242365475e-03	1.313123339314237192e-02
-1.290492390905210618e+00	4.065695404308836830e-02	1.051701688088610698e-01	-4.186785932238636931e-01	-5.993294792865618698e-02	7.729823175761119450e-03	8.256321972127271813e-01	7.762809616263187905e-03	1.310200106774369981e-02
-1.289058600479939587e+00	4.464067209347036269e-02	1.066285686353984907e-01	-4.214494627022133955e-01	-5.962870332871915424e-02	8.024134993809687796e-03	8.259721804895202579e-01	8.449819241527840169e-03	1.302906417690748685e-02
-1.287484282452761697e+00	4.868088028838683107e-02	1.080965013733161673e-01	-4.242133526604344729e-01	-5.931516904668615586e-02	8.148989114983965637e-03	8.263393624284659511e-01	9.132410549164358612e-03	1.293652053262454513e-02
-1.285767499996086194e+00	5.277680441146629514e-02	1.095305543835084217e-01	-4.269563040584186120e-01	-5.898989568539897421e-02	8.359040497341043222e-03	8.267337430295548240e-01	9.809068929330881995e-03	1.281169700442297797e-02
-1.283906208680788419e+00	5.692667789757537705e-02	1.109168311541556956e-01	-4.296852964161951838e-01	-5.864920199550707064e-02	8.606786367399711299e-03	8.271621219583248363e-01	1.047787202453986065e-02	1.265097400607185195e-02
-1.281898794483876003e+00	6.112861129009316413e-02	1.122536006042793438e-01	-4.323933502136852458e-01	-5.829222238981376231e-02	8.862884108226819560e-03	8.276108998837095054e-01	1.113685796429899136e-02	1.245391107012883483e-02
-1.279743320577757304e+00	6.538072742154749095e-02	1.135442850091781947e-01	-4.350874449709677405e-01	-5.791883525689474344e-02	9.111969513589618028e-03	8.280868764712274732e-01	1.178403499433086296e-02	1.222011778920740165e-02
-1.277437957736373697e+00	6.968109689558400766e-02	1.147764875953920655e-01	-4.377606011679636144e-01	-5.752862282573936031e-02	9.399281287538864896e-03	8.285968513864266916e-01	1.241742397795622503e-02	1.194853099760993971e-02
-1.274981307139798181e+00	7.402738477393945582e-02	1.159548192606429939e-01	-4.404197983247519765e-01	-5.711979526232605076e-02	9.676320609070735226e-03	8.291272252982404556e-01	1.303482629869630836e-02	1.163744315904231483e-02
-1.272371539561972353e+00	7.841789208179864024e-02	1.170891479642425514e-01	-4.430510774011748309e-01	-5.669416958440653270e-02	9.936649708164184067e-03	8.296779982066591064e-01	1.363422430299328011e-02	1.128937040179779465e-02
-1.269607363784502008e+00	8.285025930260077331e-02	1.181557730537131784e-01	-4.456683974374396895e-01	-5.624880994912526133e-02	1.026116587957111477e-02	8.302559697772208258e-01	1.421345241255301747e-02	1.089918920126125255e-02
-1.266687165784394331e+00	8.732271065435093238e-02	1.191945811875495670e-01	-4.482577993932398419e-01	-5.578502975986499718e-02	1.051369242017132291e-02	8.308611400099255029e-01	1.477037543092960155e-02	1.047336096756393622e-02
-1.263609654343254896e+00	9.183442276408261551e-02	1.201887880598571795e-01	-4.508262627888030005e-01	-5.530531275112728767e-02	1.082467289349672152e-02	8.314867092392351777e-01	1.530336203549821465e-02	1.001412741442484974e-02
-1.260373538242689717e+00	9.638150918850241222e-02	1.210806138571405705e-01	-4.533737876240796494e-01	-5.479873821700752268e-02	1.124252097491368341e-02	8.321326774651593983e-01	1.580969346589819816e-02	9.503022791376788611e-03
-1.256977526264304146e+00	1.009612171582894152e-01	1.219105116284450452e-01	-4.558933943789411636e-01	-5.426842799430432740e-02	1.159878596555933249e-02	8.327990446876883945e-01	1.628699479131865552e-02	8.950683028815310457e-03
-1.253420649994303249e+00	1.055713776386886099e-01	1.226843526899010356e-01	-4.583850830534371146e-01	-5.371577131470031685e-02	1.194962889989052181e-02	8.334858109068320475e-01	1.673308598963599639e-02	8.358176481590158524e-03
-1.249701725815824727e+00	1.102098431009551904e-01	1.234013393083386728e-01	-4.608488536475179864e-01	-5.325409571844223755e-02	9.799830948832976424e-03	8.341861764570422944e-01	1.714344514610038200e-02	7.649174079595065685e-03
-1.245820000518139237e+00	1.148738392697580130e-01	1.240427327315971051e-01	-4.632986652014408624e-01	-5.274296862488471460e-02	1.161899743918391216e-02	8.349069410038574279e-01	1.751627358889040406e-02	6.977682532107184511e-03
-1.241774505687450958e+00	1.195612216886394880e-01	1.246358154340867636e-01	-4.657135791548696058e-01	-5.216452746187801720e-02	1.246025779120740924e-02	8.356345052162108544e-01	1.785198138994614422e-02	6.275788352793797674e-03
-1.237564380511497086e+00	1.242700333106605826e-01	1.251758488807784286e-01	-4.681005750279328415e-01	-5.154695460396803430e-02	1.301431609764907953e-02	8.363824684251690567e-01	1.814833390622568390e-02	5.533465489256428338e-03
-1.233188979381080186e+00	1.289980989564918357e-01	1.256582381286135142e-01	-4.704596528205809425e-01	-5.089762399563693002e-02	1.349845977917306372e-02	8.371372312996750997e-01	1.840312803868248553e-02	4.750425485685645308e-03
-1.228647764288536282e+00	1.337431543504753739e-01	1.260816908498568478e-01	-4.727838330127349664e-01	-5.021787336255231077e-02	1.397346494256949088e-02	8.379055935052381887e-01	1.861414740658775754e-02	3.926676583676004702e-03
-1.223940089624668381e+00	1.385029229278045004e-01	1.264460076112158826e-01	-4.750800951245234272e-01	-4.950752100293898811e-02	1.445404368128874913e-02	8.386807553763491185e-01	1.877919057110524759e-02	3.062749755587829310e-03
-1.219065417381811844e+00	1.432751373405341533e-01	1.267514277326416416e-01	-4.773344801157387574e-01	-4.876604041086577551e-02	1.494346773321080651e-02	8.394627169129885713e-01	1.889610257928665132e-02	2.159363271648812033e-03
-1.214023532356901303e+00	1.480575363852936199e-01	1.269984378313677165e-01	-4.795539675064600105e-01	-4.799283640571478521e-02	1.544228886888385742e-02	8.402446784496376830e-01	1.896275836196877410e-02	1.217256952330189428e-03
-1.208813896542272337e+00	1.528472290398384947e-01	1.271547297140134258e-01	-4.817315777766081886e-01	-4.718539377708638044e-02	1.601784320833084946e-02	8.410334396518153177e-01	1.897698304367990974e-02	2.325195566319362235e-04
-1.203436509937924948e+00	1.576413519325091384e-01	1.272677046855338612e-01	-4.838742904462622341e-01	-4.634365386535237857e-02	1.648840873069426158e-02	8.418154011884547705e-01	1.893642576665827484e-02	-7.894937898140526452e-04
-1.197891157340793322e+00	1.624393581961860455e-01	1.273569311405865490e-01	-4.859681464752145796e-01	-4.547361569053870456e-02	1.695310121538790363e-02	8.425973627250943343e-01	1.883958238038679553e-02	-1.840480669484798352e-03
-1.192177731149344666e+00	1.672393952416945107e-01	1.273947038061810089e-01	-4.880271049037224751e-01	-4.457080109078484509e-02	1.747208868185412892e-02	8.433793242617434460e-01	1.868456356556256678e-02	-2.927037416571741900e-03
-1.186296123762046406e+00	1.720392725282691715e-01	1.273690247754421523e-01	-4.900372066915286151e-01	-4.363352467482187191e-02	1.803149060335371145e-02	8.441476864673065350e-01	1.846949494477524017e-02	-4.048072843955781777e-03
-1.180246442780431115e+00	1.768365936719030473e-01	1.272880787906929545e-01	-4.919984518386827377e-01	-4.266051309950094628e-02	1.857708954545315289e-02	8.449092490073411010e-01	1.819244901388538532e-02	-5.203340192191050276e-03
-1.174028903407564606e+00	1.816294845774111266e-01	1.271578967146979045e-01	-4.939178198652637297e-01	-4.165299535556910709e-02	1.911830292852551710e-02	8.456504125507707803e-01	1.785168421230535346e-02	-6.390461608626262294e-03
-1.167643505643446655e+00	1.864159974147159560e-01	1.269771782423900486e-01	-4.957813517310640794e-01	-4.061061948525710591e-02	1.966415417882622432e-02	8.463847764286622777e-01	1.744547060091948196e-02	-7.608996320574838192e-03
-1.161090679894208888e+00	1.911942304380478130e-01	1.267475826587627363e-01	-4.975960269561627847e-01	-3.953333112110467978e-02	2.020964495691378662e-02	8.470987413099393404e-01	1.697213800818232060e-02	-8.857806682743921481e-03
-1.154370641362917116e+00	1.959623709979655126e-01	1.264726040351001612e-01	-4.993548660205303635e-01	-3.842122182936070357e-02	2.075419153469104661e-02	8.477923071946210642e-01	1.643006606885693416e-02	-1.013631089960676836e-02
-1.147483820455702741e+00	2.007187846376848606e-01	1.261519551874611400e-01	-5.010648484441962980e-01	-3.727514718216341782e-02	2.129234034525330499e-02	8.484586744171501715e-01	1.581774980232110786e-02	-1.144132954713054061e-02
-1.140430647578696721e+00	2.054614405753741879e-01	1.257826127071317579e-01	-5.027120151870025921e-01	-3.609364498097559354e-02	2.183395979032894466e-02	8.491046426430742811e-01	1.513363276143382501e-02	-1.277474323509502838e-02
-1.133211660739563698e+00	2.101888825469062083e-01	1.253759044051245275e-01	-5.043033457690282440e-01	-3.487860807184883088e-02	2.235646683328912712e-02	8.497166125413075921e-01	1.437632269385114188e-02	-1.413318481425808980e-02
-1.125827290344435294e+00	2.148995989869841305e-01	1.249296205605588406e-01	-5.058318606701446285e-01	-3.363023103306204270e-02	2.287653661031223071e-02	8.503013837774074934e-01	1.354446088347683458e-02	-1.551626876114108565e-02
-1.118278397205573649e+00	2.195920967640344335e-01	1.244451412518186167e-01	-5.072975598904508887e-01	-3.234893306634851334e-02	2.338841564518789190e-02	8.508453570202879623e-01	1.263673974869143103e-02	-1.692290016464514588e-02
-1.110565411729111052e+00	2.242650947342994805e-01	1.239344005671254717e-01	-5.087004434298976197e-01	-3.103552968361254771e-02	2.387853360053326240e-02	8.513485322699586577e-01	1.165190234428910288e-02	-1.835221945698260054e-02
-1.102689087125776846e+00	2.289184392834198722e-01	1.234142546083592668e-01	-5.100405112884350833e-01	-2.969425010097546253e-02	2.432633774973586710e-02	8.518109095264099206e-01	1.058901446994318929e-02	-1.979691664902725676e-02
-1.094650284207834057e+00	2.335496449310600908e-01	1.228187787063599462e-01	-5.113177634661129067e-01	-2.831839996720869959e-02	2.487215324333842681e-02	8.522324887896418621e-01	9.446752107952399724e-03	-2.126860536848430849e-02
-1.086449540982946882e+00	2.381568775217686451e-01	1.221873649250568711e-01	-5.125252204428024649e-01	-2.691114404079003944e-02	2.534068756176802856e-02	8.526064703941160783e-01	8.223901810620345629e-03	-2.276009833441317368e-02
-1.078087933466443937e+00	2.427390986224758351e-01	1.215301763850345079e-01	-5.136628822185533849e-01	-2.547570430910284234e-02	2.577359547052480646e-02	8.529260546743139271e-01	6.919477080996424244e-03	-2.426925517418345238e-02
-1.069566322470588027e+00	2.472953404627172835e-01	1.208480267741261771e-01	-5.147237692732371528e-01	-2.401340132914304287e-02	2.618844691715813827e-02	8.531844419646874567e-01	5.532540232312375787e-03	-2.579524501296628566e-02
-1.060885676409174749e+00	2.518246629226132960e-01	1.201416659615115179e-01	-5.157218406470612804e-01	-2.252535535673709163e-02	2.658541107554608998e-02	8.533952315963033719e-01	4.062203052066396675e-03	-2.733713166666904698e-02
-1.052046748492934336e+00	2.563261627497305239e-01	1.194121389776431480e-01	-5.166431372998181448e-01	-2.101279681335465124e-02	2.696246992703730389e-02	8.535380245725568971e-01	2.507628628254450227e-03	-2.889395544739244148e-02
-1.043050722338727976e+00	2.607989766313689173e-01	1.186606503996075895e-01	-5.174876592315078572e-01	-1.947708202405763409e-02	2.731784904548649126e-02	8.536128208934478101e-01	8.680329099679345807e-04	-3.046474812039834390e-02
-1.033898566360351268e+00	2.652422934837107560e-01	1.178885005324717683e-01	-5.182623859622093043e-01	-1.791966603377005349e-02	2.765005558874623903e-02	8.536264202245241739e-01	-8.573160064967399975e-04	-3.204856281804564777e-02
-1.024591248971600033e+00	2.696553575241076861e-01	1.170970215906294021e-01	-5.189533584518142284e-01	-1.634208944462973989e-02	2.795777326336620905e-02	8.535584235691617838e-01	-2.669099620858947884e-03	-3.364447434503447382e-02
-1.015130061390868477e+00	2.740374559819320210e-01	1.162875378111425384e-01	-5.195745357403812603e-01	-1.474597240695325884e-02	2.823982880268863238e-02	8.534224302584464406e-01	-4.567949692937963921e-03	-3.525157612596374612e-02
-1.005515756828886609e+00	2.783879375322997340e-01	1.154613973630682494e-01	-5.201119587878021422e-01	-1.313300460417744613e-02	2.849516738411831882e-02	8.532048409612923434e-01	-6.554449570821187579e-03	-3.686898600497182793e-02
-9.957498417071142249e-01	2.827061877177731719e-01	1.146198686421467244e-01	-5.205726071142053879e-01	-1.150493738388488028e-02	2.872286380309085896e-02	8.528988560121708584e-01	-8.629135502430268848e-03	-3.849584929817893159e-02
-9.858330692362814451e-01	2.869916565989455992e-01	1.137642200441180557e-01	-5.209495011994128566e-01	-9.863576461118425329e-03	2.892208895116809425e-02	8.525112750766202785e-01	-1.079249774786199788e-02	-4.013132353147495779e-02
-9.757669458378481764e-01	2.912438280315693406e-01	1.128956561460687930e-01	-5.212496205635530622e-01	-8.210774621695775266e-03	2.909217015546623070e-02	8.520352984890925407e-01	-1.304498157551447352e-02	-4.177459980761653868e-02
-9.655524399256100176e-01	2.954620537630475718e-01	1.120096857102524518e-01	-5.214659856865471177e-01	-6.478191252674167511e-03	3.027388433317584893e-02	8.514573269185308213e-01	-1.538534348788517248e-02	-4.338527294618638175e-02
-9.551907351164286020e-01	2.996463522271035629e-01	1.111297301825371064e-01	-5.215985965683950232e-01	-4.770172532933112178e-03	2.982289180389582905e-02	8.507909596960018250e-01	-1.781538033056419626e-02	-4.504972096300744605e-02
-9.446831226286980243e-01	3.037963977612951338e-01	1.102350644551688963e-01	-5.216474532090966676e-01	-3.073035488983060642e-03	2.971882193395448957e-02	8.500157978249005541e-01	-2.033595640902525342e-02	-4.671706269525009725e-02
-9.340307860792795847e-01	3.079115052455794754e-01	1.093186764535844790e-01	-5.216195351286815329e-01	-1.377548297151567815e-03	2.971710784723732152e-02	8.491386409707458727e-01	-2.294727460096502789e-02	-4.838824134762455265e-02
-9.232350166865676000e-01	3.119903167290191126e-01	1.083731073726453276e-01	-5.215008832870412503e-01	3.203695207571176937e-04	2.973905352072177266e-02	8.481526894680286865e-01	-2.564963540444487392e-02	-5.006561340568507074e-02
-9.122968904658905753e-01	3.160335388376674937e-01	1.074555147939743605e-01	-5.213054567243337045e-01	2.013788288254745023e-03	2.965461184326657895e-02	8.470511436511913850e-01	-2.844316167502577986e-02	-5.174341585812792382e-02
-9.012178062371756226e-01	3.200413681979046854e-01	1.065347472372872306e-01	-5.210262759204800087e-01	3.702765520391406839e-03	2.959014251651714139e-02	8.458408031857818088e-01	-3.132792978238082421e-02	-5.342308030045175848e-02
-8.899990552188170589e-01	3.240135590267554933e-01	1.056054040490237295e-01	-5.206633408754801629e-01	5.387038536490557084e-03	2.950928544805065182e-02	8.445012690751855233e-01	-3.430404265954756921e-02	-5.510430454085622071e-02
-8.786417134261433892e-01	3.279498348183730871e-01	1.046730454293780394e-01	-5.202166515892844290e-01	7.064513903186598123e-03	2.938789369265330451e-02	8.430461406504788924e-01	-3.737158331704021341e-02	-5.678669786671054071e-02
-8.671472872806145205e-01	3.318499190669104149e-01	1.037283538549257506e-01	-5.196931875820215430e-01	8.733679346649951200e-03	2.925864887242659099e-02	8.414618185805854411e-01	-4.053056337633074990e-02	-5.846908814012243688e-02
-8.555167451960260516e-01	3.357135659893924484e-01	1.027824736580503356e-01	-5.190789898135335090e-01	1.039240824074979044e-02	2.908014696571609159e-02	8.397415031999669877e-01	-4.378100275994257357e-02	-6.015152114772831515e-02
-8.437515935938378897e-01	3.395407755858191878e-01	1.018350458588253293e-01	-5.183949968440572098e-01	1.203832401211023077e-02	2.887217707014958640e-02	8.378851945086333020e-01	-4.712288486577284607e-02	-6.183337113883048686e-02
-8.318531236924445738e-01	3.433314249647029803e-01	1.008852886787442171e-01	-5.176272496334347606e-01	1.366969405561526546e-02	2.863633706317528227e-02	8.358996921721129070e-01	-5.055616320793364371e-02	-6.351413140798591039e-02
-8.198224115071743867e-01	3.470854834031721348e-01	9.993382434967955363e-02	-5.167757481816660503e-01	1.528465800261721332e-02	2.837128830340649235e-02	8.337645971938008049e-01	-5.408076307696216278e-02	-6.519324946311516600e-02
-8.076608558579545516e-01	3.508028587326108561e-01	9.898122723951362223e-02	-5.158544515289091859e-01	1.688136735946629829e-02	2.807756937610898437e-02	8.314867092392351777e-01	-5.769658486024140109e-02	-6.687021249389035749e-02
-7.953698555647119584e-01	3.544835509530191997e-01	9.802797598814838587e-02	-5.148494006350060603e-01	1.845805947587109488e-02	2.775697258577711213e-02	8.290524289773397726e-01	-6.140349408073838416e-02	-6.854447106067448892e-02
-7.829504866427755561e-01	3.581276522330128498e-01	9.707701423098075155e-02	-5.137675750199861557e-01	2.001281575277250382e-02	2.741004322205752713e-02	8.264685560736527714e-01	-6.520134463994811669e-02	-7.021557645443067541e-02
-7.704041479120720126e-01	3.617349167896166118e-01	9.612041250030195494e-02	-5.126159542040772399e-01	2.154522271132781538e-02	2.705064370986103722e-02	8.237282908626358813e-01	-6.908990078801033330e-02	-7.188239011413331825e-02
-7.577321305909957561e-01	3.653054675143181940e-01	9.516769573016055361e-02	-5.113875586670515450e-01	2.305319721937443278e-02	2.666813643149048077e-02	8.208248336787510313e-01	-7.306894835779841058e-02	-7.354473805056402358e-02
-7.449357258979407703e-01	3.688393658528612562e-01	9.421611174112039244e-02	-5.100823884090082139e-01	2.453588799694205944e-02	2.626165652180957599e-02	8.177581845220077694e-01	-7.713821341461554737e-02	-7.520195177883111370e-02
-7.320162250513018165e-01	3.723366732509895138e-01	9.326519784794294610e-02	-5.087074229499766176e-01	2.599178849309168385e-02	2.584922088709444565e-02	8.145215437268681358e-01	-8.129742202376490090e-02	-7.685369247782508628e-02
-7.189748116679399725e-01	3.757974204315749911e-01	9.231993190560834617e-02	-5.072626622899567561e-01	2.741172777570637098e-02	2.491857236538658552e-02	8.111149112933124794e-01	-8.554635171706846675e-02	-7.850712117748165353e-02
-7.058128845677823504e-01	3.792220375148239730e-01	9.137680388816907251e-02	-5.057550859491269923e-01	2.879098159863166181e-02	2.472460792152344350e-02	8.075314875558319283e-01	-8.988502075683935111e-02	-8.014579131799963452e-02
-6.925315197661573441e-01	3.826098178746831779e-01	9.041889387509165210e-02	-5.041777144072593364e-01	3.015382789433123864e-02	2.442399487934486177e-02	8.037712725144166015e-01	-9.431217568431335407e-02	-8.177190371036947847e-02
-6.791323312860577666e-01	3.859614988600777452e-01	8.949194388633782693e-02	-5.025305476644530422e-01	3.149120875777665363e-02	2.396671811036643618e-02	7.998206668379804762e-01	-9.882773680939684058e-02	-8.339579392465186480e-02
-6.656162875412796609e-01	3.892771419167515012e-01	8.854725231188555201e-02	-5.008205652407871078e-01	3.279852870785095881e-02	2.350894722851557331e-02	7.956932698576194563e-01	-1.034313040214114160e-01	-8.501056649340230087e-02
-6.519846797502170110e-01	3.925561940330105637e-01	8.759660167065416725e-02	-4.990477671362615331e-01	3.408055777383309920e-02	2.313421077456866148e-02	7.913686825767091149e-01	-1.081223012273886397e-01	-8.661355052949643030e-02
-6.382390143343299460e-01	3.957987781003424188e-01	8.665148729762185698e-02	-4.972121533508763180e-01	3.533392088101729861e-02	2.265224780467259280e-02	7.868469049952592220e-01	-1.129001739170937268e-01	-8.820784731444092364e-02
-6.243803673089465267e-01	3.990050784559784347e-01	8.570953992527402532e-02	-4.953207034046608337e-01	3.655394385854149331e-02	2.212685944228027710e-02	7.821347367787886418e-01	-1.177645452227922829e-01	-8.979514484889837556e-02
-6.104100298924615142e-01	4.021752179914060421e-01	8.477207581334099407e-02	-4.933664377776353360e-01	3.774806503340658037e-02	2.176299615327952422e-02	7.772185785962498761e-01	-1.227148025268895853e-01	-9.136881628035797842e-02
-5.963292933032686705e-01	4.053093503209846959e-01	8.383704478757615652e-02	-4.913563359898291405e-01	3.891397092710507932e-02	2.128740323915739169e-02	7.720984304476237181e-01	-1.277503066484264038e-01	-9.293259474590895297e-02
-5.821394487597626455e-01	4.084074754447145073e-01	8.290264397101551608e-02	-4.892903980411927312e-01	4.004693586275986927e-02	2.077507434032323588e-02	7.667742923329198268e-01	-1.328706159714672375e-01	-9.448814687911691323e-02
-5.678416798788046282e-01	4.114697469769547644e-01	8.197182178545502074e-02	-4.871686239318251954e-01	4.115761013969677917e-02	2.047645406362795864e-02	7.612325649210618383e-01	-1.380749817411741909e-01	-9.602694110339603240e-02
-5.534373854803220638e-01	4.144962263634493493e-01	8.104253603397974792e-02	-4.849910136616770728e-01	4.224291341207370848e-02	2.003712179361193807e-02	7.554800478775878236e-01	-1.433626485618680335e-01	-9.755446876267401257e-02
-5.389276415796429021e-01	4.174869136041981510e-01	8.011290486404192002e-02	-4.827645467508768218e-01	4.329694251828154067e-02	1.955133643268452265e-02	7.495031418714216409e-01	-1.487331349725665997e-01	-9.907299476923228654e-02
-5.243137393951616820e-01	4.204416550848418255e-01	7.917511368150922935e-02	-4.804822436792959284e-01	4.434589685128833420e-02	1.957079947392112440e-02	7.433086465681109090e-01	-1.541852705250198186e-01	-1.005632765260057876e-01
-5.095970777468057378e-01	4.233606351426116299e-01	7.825438441601423323e-02	-4.781510839670133350e-01	4.536619380983302613e-02	1.900968212482819636e-02	7.368897623021078980e-01	-1.597187264975914733e-01	-1.020597547409078099e-01
-4.947787326499031302e-01	4.262443760663296999e-01	7.733845112233665720e-02	-4.757780471341576667e-01	4.636236592323644823e-02	1.875827543931791325e-02	7.302464890734126080e-01	-1.653328952533177076e-01	-1.035339165492198954e-01
-4.798601029243813598e-01	4.290927856873801849e-01	7.642012462914940518e-02	-4.733491741405709274e-01	4.734800219512518699e-02	1.853843789563818303e-02	7.233652275509582230e-01	-1.710264436433407143e-01	-1.049870928158405936e-01
-4.648422645855684876e-01	4.319057103914039075e-01	7.549744729925353393e-02	-4.708714445062825438e-01	4.831234502197552516e-02	1.816857463268925846e-02	7.162527774002831471e-01	-1.767987125641778123e-01	-1.064300220332310559e-01
-4.497265088518592746e-01	4.346830580097850172e-01	7.457318646901542336e-02	-4.683518377513714026e-01	4.925946194825054497e-02	1.803579548633060456e-02	7.089023389558393173e-01	-1.826490279704538477e-01	-1.078563642784686333e-01
-4.345141269416474272e-01	4.374248899882673958e-01	7.365139462293814054e-02	-4.657833743558578155e-01	5.020512096815626935e-02	1.794935232769693037e-02	7.013071125520984328e-01	-1.885760948981474727e-01	-1.092604175890981577e-01
-4.192064100733277621e-01	4.401312063268509878e-01	7.272768741951994576e-02	-4.631730338397215263e-01	5.113589761116960758e-02	1.766774464101873374e-02	6.934670981890699304e-01	-1.945791828547338009e-01	-1.106534119008116129e-01
-4.038044342622287286e-01	4.428018841340483069e-01	7.180200502877308322e-02	-4.605138366828835927e-01	5.205025528117609990e-02	1.752339775585252252e-02	6.853822958667442622e-01	-2.006576941645107082e-01	-1.120319803696110950e-01
-3.883095983282769392e-01	4.454373535300656939e-01	7.088893878810810512e-02	-4.578127624055221556e-01	5.293669812177022316e-02	1.717140881934589233e-02	6.770459059195735874e-01	-2.068111141622902827e-01	-1.134006650298292479e-01
-3.727229782868013430e-01	4.480366313830028147e-01	6.992304665693271915e-02	-4.550698110075380165e-01	5.381320888580339024e-02	1.659038124681022977e-02	6.684579283475868827e-01	-2.130333498763311018e-01	-1.145598056222612016e-01
-3.570461881607943644e-01	4.505957237195146736e-01	6.887982067680144260e-02	-4.522780029689017489e-01	5.469984344323115810e-02	1.724959530941993016e-02	6.596115634852171006e-01	-2.193210476818600874e-01	-1.158660098384239473e-01
-3.412803039655850079e-01	4.531179178868929847e-01	6.794832360897921919e-02	-4.494512973297714042e-01	5.559703673373581762e-02	1.721356663689301708e-02	6.505136109980215187e-01	-2.256821931903419121e-01	-1.172096736280611173e-01
-3.254267245211002191e-01	4.556051494260664469e-01	6.704357214114405050e-02	-4.465757350499889866e-01	5.649650058106879535e-02	1.727235914085373594e-02	6.411436718893857023e-01	-2.321153586209327158e-01	-1.185212501428968696e-01
-3.094866334442010758e-01	4.580574797827788314e-01	6.613518699872000806e-02	-4.436513161295049246e-01	5.738927436934114501e-02	1.710304536468946687e-02	6.315153454903763564e-01	-2.386191493969940514e-01	-1.198122440384416787e-01
-2.934613219532823392e-01	4.604742637767206270e-01	6.520500220196226437e-02	-4.406919996085267299e-01	5.828047436271042298e-02	1.710837668838238734e-02	6.216150324699267760e-01	-2.451922539524017952e-01	-1.210765473773975087e-01
-2.773519736652051981e-01	4.628556550222511223e-01	6.429350669790881434e-02	-4.376838264468964068e-01	5.917329965699777428e-02	1.717578566267779702e-02	6.114427328280369611e-01	-2.518337425693970566e-01	-1.223246880336979203e-01
-2.611597721968306196e-01	4.652018993023455118e-01	6.337715299885070264e-02	-4.346337761646930642e-01	6.005907721156468482e-02	1.698893724870357766e-02	6.010052462302450937e-01	-2.585423036818556564e-01	-1.235498987424804296e-01
-2.448861163680859931e-01	4.675125357739254306e-01	6.244740057347103468e-02	-4.315418487618669641e-01	6.092621531158880221e-02	1.666820234812512944e-02	5.902821736799366281e-01	-2.653170905825328885e-01	-1.247598594488934370e-01
-2.285320821943002401e-01	4.697870114252969964e-01	6.150584169717693978e-02	-4.284080442385174159e-01	6.176953187967115094e-02	1.627582599758811352e-02	5.792871145081975870e-01	-2.721572731662868505e-01	-1.259547471945977881e-01
-2.120990684953999728e-01	4.720256027623072614e-01	6.057348866166342022e-02	-4.252323625945451102e-01	6.257742518593088776e-02	1.571461478716256605e-02	5.680064693839322887e-01	-2.790622703595182497e-01	-1.271375106389787957e-01
-1.955883664897796193e-01	4.742272037615682390e-01	5.960499751582052502e-02	-4.220217833501283544e-01	6.337329040696330906e-02	1.564706658522376642e-02	5.564470379726982330e-01	-2.860301563182980344e-01	-1.282809799919862048e-01
-1.790010521927672404e-01	4.763915071943611301e-01	5.863644813545622336e-02	-4.187693269850888966e-01	6.416451722519962708e-02	1.553990465481062608e-02	5.445952209434093971e-01	-2.930596194765018869e-01	-1.294040590295756910e-01
-1.623387396273565930e-01	4.785184516149421641e-01	5.766254596552193579e-02	-4.154819730196048777e-01	6.494109773577901035e-02	1.524137823944797174e-02	5.324578179616137330e-01	-3.001495308911369952e-01	-1.305044217906172199e-01
-1.456025048088753771e-01	4.806073918430017189e-01	5.667766938036939567e-02	-4.121527419334982123e-01	6.570010038801384067e-02	1.501042192700172660e-02	5.200280293617631777e-01	-3.072985789960790970e-01	-1.315848612599322121e-01
-1.287937465572509821e-01	4.826590037817214407e-01	5.570945664340280074e-02	-4.087886132469470413e-01	6.644932118956482781e-02	1.490027006618585212e-02	5.072990554783294304e-01	-3.145057178588495095e-01	-1.326376425484085964e-01
-1.119138636924107838e-01	4.846730416481259685e-01	5.472984509717156859e-02	-4.053895869599016821e-01	6.718778724903735899e-02	1.468884808489313160e-02	4.942776959768505063e-01	-3.217690382376218738e-01	-1.336594140742605741e-01
-9.496403983121586012e-02	4.866495668879593506e-01	5.375959654515539282e-02	-4.019486835522833035e-01	6.791318079575603406e-02	1.438174274372883317e-02	4.809571511917883346e-01	-3.290872451683748423e-01	-1.346578893595032633e-01
-7.794578139512579884e-02	4.885875963693210866e-01	5.274260960444827895e-02	-3.984798620642497902e-01	6.859695891306984150e-02	1.373509000917630049e-02	4.673374211231331454e-01	-3.364588610639560051e-01	-1.356280044021489495e-01
-6.086016439946986128e-02	4.904860240688233008e-01	5.171275841864345774e-02	-3.949761429757717157e-01	6.924781753317955924e-02	1.324732596196547332e-02	4.534185057708947086e-01	-3.438827237771666101e-01	-1.365790294698509266e-01
-4.370891046877316971e-02	4.923441126375409094e-01	5.065662511582327832e-02	-3.914445058068785621e-01	6.984150161518370981e-02	1.236121397214860751e-02	4.391868058040063194e-01	-3.513579533965563440e-01	-1.375147099094681524e-01
-2.649320321989757573e-02	4.941625379786553918e-01	4.963954244713577463e-02	-3.878779710374912759e-01	7.042957297227450675e-02	1.239577997224216264e-02	4.246491208879867862e-01	-3.588830557328697712e-01	-1.384146859300069698e-01
-9.214549074302649800e-03	4.959413615379103524e-01	4.860249411267215935e-02	-3.842904977078669959e-01	7.100580653024900213e-02	1.213722261754163201e-02	4.098054510228554270e-01	-3.664553246433444600e-01	-1.392624773947994665e-01
8.125760749617563436e-03	4.976805833153059022e-01	4.757421127027933877e-02	-3.806681267776990674e-01	7.159373052290796124e-02	1.207664898305473196e-02	3.946489965430644009e-01	-3.740719045662923570e-01	-1.400603644783392776e-01
2.552632743193529799e-02	4.993785135528883146e-01	4.648638881501828551e-02	-3.770248172872941450e-01	7.212007478245544001e-02	1.122648834190504916e-02	3.791797574486137079e-01	-3.817313677208694078e-01	-1.408379467148490605e-01
4.298553694965838445e-02	5.010336775528071440e-01	4.536273059029924393e-02	-3.733535897164741435e-01	7.256545730929893356e-02	9.697423988834587283e-03	3.633977337395034035e-01	-3.894330168187564167e-01	-1.416090089343330360e-01
6.050199048285905684e-02	5.026458602549592758e-01	4.426039497547830381e-02	-3.696614235853675767e-01	7.297793178471942421e-02	9.620567424452058577e-03	3.472961257502049648e-01	-3.971756399064462761e-01	-1.423416836378444961e-01
7.807407400854515789e-02	5.042158604540135647e-01	4.316693414217243757e-02	-3.659483188939744447e-01	7.339028321799295762e-02	1.014545474611166197e-02	3.308817331462468592e-01	-4.049561987991197598e-01	-1.430109560596873053e-01
9.570049630832225263e-02	5.057439853786890316e-01	4.206853374507858734e-02	-3.622142756422947474e-01	7.381581446821829096e-02	9.469591470929744279e-03	3.141477562621005637e-01	-4.127708916152270646e-01	-1.436237308246333111e-01
1.133796433591977987e-01	5.072279308135941855e-01	4.090744428456175724e-02	-3.584662733504075383e-01	7.417328624249946989e-02	8.580334902990682452e-03	2.970873954322278965e-01	-4.206182573697184734e-01	-1.442102179553907959e-01
1.311100087397110703e-01	5.086657304949284697e-01	3.970189236808769478e-02	-3.546973324982337639e-01	7.440650404773871407e-02	6.960069068681342015e-03	2.797074503221477770e-01	-4.284977315910975526e-01	-1.447872883012583656e-01
1.488898708253369174e-01	5.100583368317203048e-01	3.853758644742985573e-02	-3.509214121259809915e-01	7.464302396082912738e-02	6.831938293081106332e-03	2.620079209318891267e-01	-4.364061432777223692e-01	-1.452964784324156655e-01
1.667177231946157800e-01	5.114065793415105698e-01	3.738937559120780046e-02	-3.471315327135206519e-01	7.493055056672773273e-02	7.648761623677129487e-03	2.439752079303563193e-01	-4.443391260765465756e-01	-1.457151025967390323e-01
1.845920594260869185e-01	5.127106730844024352e-01	3.624515340083522136e-02	-3.433346737809813143e-01	7.513963637321252609e-02	5.733717793367199347e-03	2.256229106486353497e-01	-4.523051138558115691e-01	-1.463276972675817966e-01
2.025112654967581582e-01	5.139674536045917286e-01	3.496710907801335588e-02	-3.395238558082344649e-01	7.515193772646389103e-02	3.073425896771554006e-03	2.069442294211880085e-01	-4.602933318507760330e-01	-1.467069052428345011e-01
2.204736197821032251e-01	5.151748317467904625e-01	3.369654111045972816e-02	-3.357200173555665579e-01	7.516114156520152523e-02	3.433546331046391682e-03	1.879391642480046642e-01	-4.682991480747482060e-01	-1.469969483223276530e-01
2.384774006575973992e-01	5.163338828115143775e-01	3.244887925314646204e-02	-3.319091993828196530e-01	7.526348401702490087e-02	4.855840168869506208e-03	1.686009154635567941e-01	-4.763160545034157978e-01	-1.471558004787147655e-01
2.565208864987139625e-01	5.174434393296321044e-01	3.113989245613073276e-02	-3.280914018899938056e-01	7.530455577182686155e-02	3.533947800646520827e-03	1.489362827333825801e-01	-4.843410295540623856e-01	-1.472959930545404972e-01
2.746023556809278343e-01	5.185008284112893051e-01	2.976578111632434062e-02	-3.242805839172469562e-01	7.518160662183186183e-02	9.574044289734197442e-04	1.289452660574820220e-01	-4.923745712897730775e-01	-1.474493935487514729e-01
2.927199789781809169e-01	5.195059271649988819e-01	2.842294410771048843e-02	-3.204767454645790492e-01	7.505420935515175196e-02	1.268518140695269400e-03	1.086210657703072791e-01	-5.004136581278315621e-01	-1.475155674481445633e-01
3.108718195628810133e-01	5.204599030598922038e-01	2.710045328359478659e-02	-3.166729070119111422e-01	7.503235363611615583e-02	2.943026282691246342e-03	8.797048153741585108e-02	-5.084518816565423149e-01	-1.474546101728606562e-01
3.290561558105025708e-01	5.213610048922717732e-01	2.569779426457055593e-02	-3.128760480793718046e-01	7.494522119666953419e-02	1.502258045048034552e-03	6.699351335878840630e-02	-5.164859048532353114e-01	-1.473643647124816269e-01
3.472711584949879082e-01	5.222057917004867544e-01	2.422281435183004303e-02	-3.090861686669114650e-01	7.465525520867119513e-02	-1.046402499241489824e-03	4.568336156889644256e-02	-5.245164084041268326e-01	-1.472855384392251499e-01
3.655147831872118114e-01	5.229953387850527768e-01	2.280461229972358811e-02	-3.053102482946587481e-01	7.439894267859083199e-02	-7.492364027637626834e-04	2.404682583327812789e-02	-5.325378638089718342e-01	-1.470801243260438096e-01
3.837849854580507314e-01	5.237309057837173931e-01	2.139527944500002263e-02	-3.015413074424849182e-01	7.428650218638035985e-02	9.360098555990763050e-04	2.077106486385625790e-03	-5.405422854563057822e-01	-1.467238310360968745e-01
4.020800436829786717e-01	5.244092975178045180e-01	1.987961434286172890e-02	-2.977793461104397132e-01	7.404521796690158308e-02	-2.151046019338458994e-03	-2.021219714069504361e-02	-5.485275482769650379e-01	-1.463661275177482735e-01
4.203978058313387334e-01	5.250272880857662638e-01	1.830548018576920108e-02	-2.940383233386315021e-01	7.365666803545289909e-02	-2.485110570025396252e-03	-4.283468437903057563e-02	-5.564928553700138059e-01	-1.459559952482591683e-01
4.387361198724734623e-01	5.255854304992964021e-01	1.675553250065469832e-02	-2.903112596070308027e-01	7.334859625245615522e-02	-1.583936165882079809e-04	-6.578355556311177299e-02	-5.644311010354375879e-01	-1.454020685208794461e-01
4.570930489787922713e-01	5.260833253610606164e-01	1.517094405037070284e-02	-2.865911753955586727e-01	7.314842527873588462e-02	-4.483840141869916101e-04	-8.905201102737149432e-02	-5.723337849965833835e-01	-1.447202810850824750e-01
4.754662259165718385e-01	5.265174395407921093e-01	1.348829983430963747e-02	-2.828920297443731080e-01	7.282475146535927202e-02	-3.490025753773514858e-03	-1.126468504373672047e-01	-5.801973544034441099e-01	-1.439734430487058237e-01
4.938533910536221372e-01	5.268853459316119592e-01	1.177586267755252949e-02	-2.792068431333455392e-01	7.235748317430476528e-02	-3.629838466135997671e-03	-1.365612741275607500e-01	-5.880192359300800975e-01	-1.431662246486641588e-01
5.122523923592866568e-01	5.271878740510610450e-01	1.006425237122601617e-02	-2.755495746027330495e-01	7.195279612220913112e-02	-2.934694955836726887e-03	-1.607952820979424713e-01	-5.957926891227390831e-01	-1.422275558679100549e-01
5.306607549983091143e-01	5.274229347438512683e-01	8.287052284124154372e-03	-2.718992855921996132e-01	7.174528411062741640e-02	-4.638601835807978826e-04	-1.853420746829741728e-01	-6.035068396040627059e-01	-1.410737753643813985e-01
5.490761117369673538e-01	5.275856430733528724e-01	6.377158936781725934e-03	-2.682699351419526312e-01	7.146051307653179807e-02	-1.571363569091011611e-03	-2.102084515482036953e-01	-6.111543990509052948e-01	-1.397415673911759082e-01
5.674958801384720752e-01	5.276708375970892151e-01	4.325560257805117527e-03	-2.646545437319132721e-01	7.102761646616015390e-02	-3.509769038131802660e-03	-2.353876130280928569e-01	-6.187235633681493763e-01	-1.383151579922048957e-01
5.859171549614372587e-01	5.276778424118789834e-01	2.302906273890341360e-03	-2.610531113620814803e-01	7.067471585071104234e-02	-1.906520263426813005e-03	-2.608727594571035313e-01	-6.262137846864013202e-01	-1.368041287842493847e-01
6.043373537690734931e-01	5.276046912539213984e-01	1.983602255962184011e-04	-2.574726175524866267e-01	7.046356551145797897e-02	1.708874124979088260e-03	-2.866638908352356352e-01	-6.336143712514338278e-01	-1.350569809447309255e-01
6.227534637184616306e-01	5.274476666557184057e-01	-2.028229999261581349e-03	-2.538991032630699696e-01	7.033168722147205287e-02	8.823493317391406521e-04	-3.127542074969510422e-01	-6.409117757473314914e-01	-1.330957470030936229e-01
6.411625795682140971e-01	5.272002860913024280e-01	-4.417823755016668519e-03	-2.503255889736036854e-01	7.017984462777950017e-02	9.267940136117868181e-04	-3.391437094422497522e-01	-6.480954060324840560e-01	-1.309250361474035285e-01
6.595613656708126937e-01	5.268561284804494926e-01	-6.984572668556334948e-03	-2.467660337242953694e-01	6.990378240238838414e-02	-9.752900249360568763e-04	-3.658255970056031869e-01	-6.551538398601393087e-01	-1.285318083436089442e-01
6.779462711756734095e-01	5.264102474407862386e-01	-9.654440400755758683e-03	-2.432204375152442477e-01	6.974911842365143222e-02	1.435628924339095057e-03	-3.927930705214635609e-01	-6.620696948286264316e-01	-1.257901259220221002e-01
6.963137452322116783e-01	5.258575122527077150e-01	-1.246576616730669419e-02	-2.396818208262720684e-01	6.976610253210073498e-02	5.711345050819317988e-03	-4.200393303243024068e-01	-6.688232642418773244e-01	-1.226737928217272872e-01
7.146599141852447712e-01	5.251933452083031861e-01	-1.540697246671446884e-02	-2.361292450970923495e-01	7.002171973097845448e-02	7.289264674478200881e-03	-4.475575767485814316e-01	-6.753939614923736290e-01	-1.192020821642139211e-01
7.329806891765247023e-01	5.244126155879680340e-01	-1.844753802789892219e-02	-2.325627103277050634e-01	7.034214294251894817e-02	8.766784853259984925e-03	-4.753410101287625089e-01	-6.817680234368630465e-01	-1.154958248829879297e-01
7.512721965508686317e-01	5.235159685720117695e-01	-2.140334683298161095e-02	-2.289822165181598090e-01	7.079855634091022920e-02	1.097780966898360966e-02	-5.033828307993171158e-01	-6.879389586531362566e-01	-1.117687529968465071e-01
7.695303474500277963e-01	5.225093029518360632e-01	-2.425452336003462023e-02	-2.253738046281994201e-01	7.124683608109799726e-02	1.099112278161920760e-02	-5.316694394291689996e-01	-6.939125446729803581e-01	-1.081238009693412105e-01
7.877513758203525951e-01	5.213957217375015940e-01	-2.697631873519514348e-02	-2.217444541780020928e-01	7.196109288279353700e-02	1.559131675279554034e-02	-5.602008360183179381e-01	-6.996949408765482659e-01	-1.046579204768650073e-01
8.059315156081932052e-01	5.201784201076841141e-01	-2.966929121319421964e-02	-2.180662470870534664e-01	7.291832358740468756e-02	1.943601348287927327e-02	-5.889634212356876786e-01	-7.052908622610458700e-01	-1.012530247316545673e-01
8.240672159629655047e-01	5.188585040857716102e-01	-3.233875529240967661e-02	-2.143391833555023940e-01	7.408647571564663803e-02	2.223629683957140807e-02	-6.179571950812783321e-01	-7.107068500549911239e-01	-9.781657894150999621e-02
8.421549260340848164e-01	5.174296140372839359e-01	-3.521570019631661136e-02	-2.105493039430420543e-01	7.547952599698121157e-02	2.607557196029940474e-02	-6.471617585584945598e-01	-7.159272152712025106e-01	-9.423878675230198954e-02
8.601905569633033766e-01	5.158904288787299341e-01	-3.807875177933666561e-02	-2.066896293295935050e-01	7.707905530815206685e-02	2.894079640867708997e-02	-6.765771116673267027e-01	-7.209658870739606984e-01	-9.098672679945339625e-02
8.781702350954381231e-01	5.142377227085618285e-01	-4.106168351219575963e-02	-2.027462004749987501e-01	7.878393588085641497e-02	2.984486429490389170e-02	-7.061964547422365790e-01	-7.258368610359576811e-01	-8.787453281109075531e-02
8.960900867753063270e-01	5.124669792646125988e-01	-4.418433262562965896e-02	-1.987190173792578174e-01	8.066343185950060335e-02	3.246932101634461554e-02	-7.360129881176861177e-01	-7.305131587400826021e-01	-8.411631990730053521e-02
9.139457003400612845e-01	5.105673533731067693e-01	-4.763822368546562214e-02	-1.945941210021631118e-01	8.256295509364758312e-02	3.371591795762593491e-02	-7.660199121281563439e-01	-7.349714874360545602e-01	-8.008649457139645211e-02
9.317323413222570183e-01	5.085276619086784855e-01	-5.131343225182487255e-02	-1.903784908638432305e-01	8.456378064425926211e-02	3.446696058456817646e-02	-7.961968277770230529e-01	-7.392368498907465613e-01	-7.666568033892484646e-02
9.494450600513825167e-01	5.063441874038294710e-01	-5.508394041585921996e-02	-1.860651474441200326e-01	8.646603512792436219e-02	3.245774478532124918e-02	-8.265505347298147676e-01	-7.432955659714207686e-01	-7.244329777734549725e-02
9.670785840523276056e-01	5.040063919135033821e-01	-5.920193716003367690e-02	-1.816610702631716312e-01	8.842452845708899389e-02	3.411825455990967482e-02	-8.570606339899460302e-01	-7.471425554346089459e-01	-6.906538562319715358e-02
9.846273180453846141e-01	5.015024778548965445e-01	-6.361379487200211069e-02	-1.771592798008694569e-01	9.026160207875988384e-02	3.196699751208858381e-02	-8.877339252229453637e-01	-7.508066395308365948e-01	-6.576799079541030546e-02
1.002085343946246265e+00	4.988202482478705790e-01	-6.833778243908827932e-02	-1.725737350973715334e-01	9.185058839480285398e-02	2.723725344787515656e-02	-9.185432097666599294e-01	-7.543154441592255788e-01	-6.294586735852264470e-02
1.019445990459875606e+00	4.959407778033445569e-01	-7.367033272082589013e-02	-1.679183951929349439e-01	9.308074518078010562e-02	2.045576367372764146e-02	-9.495020869521660911e-01	-7.577151895740752430e-01	-6.128421232652305622e-02
1.036701833080505342e+00	4.928283972670602364e-01	-8.007565462610816143e-02	-1.632211781679252793e-01	9.361897016112305514e-02	8.142064159950739358e-03	-9.805969574483875961e-01	-7.610334186639929888e-01	-5.952835586875796642e-02
1.053843833279376696e+00	4.894306319738385147e-01	-8.796084814392872431e-02	-1.585239611429156148e-01	9.319523446780984821e-02	-8.111318858605795143e-03	-1.011821021589805358e+00	-7.641806294925820309e-01	-5.549079564374174989e-02
1.070860908098605346e+00	4.856839470246217538e-01	-9.751177233914226639e-02	-1.538686212384790530e-01	9.164938873150503540e-02	-2.531691571047816128e-02	-1.043167479710862322e+00	-7.668540993167041186e-01	-4.417039471549295826e-02
1.087739714948117165e+00	4.815328569127859670e-01	-1.083064662515331594e-01	-1.493109946153962364e-01	8.951512826467603046e-02	-3.084203400294860398e-02	-1.074602333483886563e+00	-7.686209117027696935e-01	-2.521700588689309089e-02
1.104465727620977500e+00	4.769586206864816491e-01	-1.192179961639867752e-01	-1.448580607937461628e-01	8.730597089841039826e-02	-2.848360264609465717e-02	-1.106091584581206488e+00	-7.691877905041547558e-01	-2.515524191603832078e-03
1.121024527511782942e+00	4.719861853176791078e-01	-1.292188259123573102e-01	-1.404888812132918663e-01	8.612967938907434284e-02	-6.353704618874023158e-03	-1.137574036012988232e+00	-7.685321734631034296e-01	1.963278833146745242e-02
1.137402987233526730e+00	4.666692236635610058e-01	-1.379419663291666098e-01	-1.361476197132031329e-01	8.628180812729471794e-02	1.019804480382098186e-02	-1.169008889786012473e+00	-7.667669548789103340e-01	3.945129611954568266e-02
1.153589270617594087e+00	4.610096712650560979e-01	-1.468661195501258510e-01	-1.317784401326992372e-01	8.710020579917106265e-02	2.162051643819440025e-02	-1.200355347907069214e+00	-7.639861690620468604e-01	5.792650610583385123e-02
1.169571111089239945e+00	4.549972666829548706e-01	-1.560502619884853726e-01	-1.273394653512567309e-01	8.946015274726686062e-02	4.605041893054675345e-02	-1.231559013051872542e+00	-7.602151508214430864e-01	7.567303703574858320e-02
1.185336457276785715e+00	4.486414418389259584e-01	-1.649122877501732476e-01	-1.227539206478083789e-01	9.256735468400745237e-02	5.198320604291131047e-02	-1.262592686558279498e+00	-7.555482997138326384e-01	9.196607729747255378e-02
1.200872935003951314e+00	4.419286786693400471e-01	-1.744159542324022483e-01	-1.180148265022256254e-01	9.627816562569996295e-02	6.552952833337703786e-02	-1.293415570433070316e+00	-7.499633855235162683e-01	1.091784246976308242e-01
1.216167739688328364e+00	4.348394988734221034e-01	-1.842217860847238098e-01	-1.130593672335992034e-01	1.010917532553612941e-01	8.015827962478114244e-02	-1.323993666348554532e+00	-7.434478238565431774e-01	1.262040145127266977e-01
1.231207528739843626e+00	4.273664982390481537e-01	-1.942085757293042225e-01	-1.078596247616627896e-01	1.061891418891688921e-01	8.206014264223859822e-02	-1.354286176311531475e+00	-7.360227325877225502e-01	1.427797964116564455e-01
1.245978851966888845e+00	4.194999990615743135e-01	-2.046431888434682156e-01	-1.024086195661886162e-01	1.115432908692429032e-01	8.895934391362722571e-02	-1.384252302328782269e+00	-7.276667282085999000e-01	1.604551871183479972e-01
1.260467290764063275e+00	4.112120742504574156e-01	-2.156540843995638779e-01	-9.669937212719686981e-02	1.161582283833494100e-01	4.652300180112344669e-02	-1.413858046072616004e+00	-7.182425445329149172e-01	1.825322364352906790e-01
1.274658641729028874e+00	4.025471490784428008e-01	-2.250347882909853603e-01	-9.096918612786898672e-02	1.118804535356613949e-01	-1.010774747207434238e-01	-1.443049010218755868e+00	-7.072091522334004177e-01	2.120941004660311102e-01
1.288539669873245863e+00	3.934763747688306834e-01	-2.361715342319635480e-01	-8.560193517359059034e-02	1.018304138931127589e-01	-1.694699638160628297e-01	-1.471757198111839360e+00	-6.950743432274429923e-01	2.293418531459099075e-01
1.302094988177515233e+00	3.839418387081182105e-01	-2.484944136685942051e-01	-8.078606630689103008e-02	8.965459081537206776e-02	-1.926354077790152497e-01	-1.499955411089723967e+00	-6.820766897328172096e-01	2.454221473277408416e-01
1.315307703201179956e+00	3.739110053749796214e-01	-2.616225488989113446e-01	-7.657741568865014670e-02	7.676954278745770632e-02	-2.030459972604870267e-01	-1.527596051493651519e+00	-6.681407517942293817e-01	2.632353954918008609e-01
1.328159953089786072e+00	3.633531518975300356e-01	-2.755287292444897895e-01	-7.303181947959899722e-02	6.286643974337419172e-02	-2.179063469205483605e-01	-1.554651920661479281e+00	-6.531816096556658513e-01	2.825237364591134392e-01
1.340632799973550338e+00	3.522407198596889111e-01	-2.901319209699317336e-01	-7.017021623997454771e-02	4.854815672735955656e-02	-2.216148640422801464e-01	-1.581068621268930663e+00	-6.371066899917051662e-01	3.036117730623396627e-01
1.352706445170428706e+00	3.405549375867346629e-01	-3.051072392644659792e-01	-6.800656501003395082e-02	3.433515915963703674e-02	-2.214376672550518177e-01	-1.606805355322767026e+00	-6.198469114524405299e-01	3.257474140116846661e-01
1.364360551990712267e+00	3.282751285858888091e-01	-3.207305083489151998e-01	-6.654086578972762123e-02	1.980760291247188679e-02	-2.242534848857722363e-01	-1.631807725498721551e+00	-6.013212225718194137e-01	3.494591225597951656e-01
1.375573707729362605e+00	3.153766838367716430e-01	-3.369795751731514688e-01	-6.580103665947066582e-02	5.039934207669433987e-03	-2.255991211765251414e-01	-1.656021334472488560e+00	-5.814616709429282215e-01	3.743858863407307225e-01
1.386324069275210125e+00	3.018421896155989437e-01	-3.535838007819563367e-01	-6.576613905902614632e-02	-9.366558725011365702e-03	-2.203725869570930807e-01	-1.679398584585330312e+00	-5.602017485417999376e-01	4.004076833182287909e-01
1.396589040306356777e+00	2.876600818333933107e-01	-3.704867455535598708e-01	-6.642221394808731083e-02	-2.321270026559030253e-02	-2.101131052819680545e-01	-1.701871479181883862e+00	-5.374912340073512151e-01	4.273645044602220611e-01
1.406345809297836258e+00	2.728204984482797135e-01	-3.876156402682042756e-01	-6.774134324633822313e-02	-3.662481506798491437e-02	-2.042842204300222841e-01	-1.723385620937863294e+00	-5.132915606546907261e-01	4.548502833505354004e-01
1.415571241920086321e+00	2.573170214523214372e-01	-4.049047915993487234e-01	-6.970258839349231794e-02	-4.952066219037954548e-02	-1.956198249458545868e-01	-1.743879812863424750e+00	-4.875752354015197021e-01	4.828933161304747590e-01
1.424241988640476908e+00	2.411446829571346762e-01	-4.222920960197170115e-01	-7.227803130913448837e-02	-6.192538372171191990e-02	-1.884259571946676759e-01	-1.763286058303235260e+00	-4.603214060066741498e-01	5.111703796713564785e-01
1.432334699926379074e+00	2.243016887470014042e-01	-4.397148277701602992e-01	-7.544673343302776836e-02	-7.352734251816853139e-02	-1.739102797567557424e-01	-1.781543160267450521e+00	-4.315130553147458192e-01	5.398187423091602710e-01
1.439825595839032690e+00	2.067857868354124606e-01	-4.573031689266736088e-01	-7.915285860429230325e-02	-8.428071110289492296e-02	-1.608737340073149447e-01	-1.798589921766256650e+00	-4.011209304205349824e-01	5.692583285486839673e-01
1.446691219244275128e+00	1.885927712612068541e-01	-4.746964723004795106e-01	-8.336848874266176990e-02	-9.397836375942192344e-02	-1.434975721183227304e-01	-1.814358346144290479e+00	-3.691409472067436193e-01	5.979094078602485984e-01
1.452908220609477219e+00	1.697485997788399370e-01	-4.914457577088979234e-01	-8.801684912696976226e-02	-1.024457981088981728e-01	-1.258306032381378836e-01	-1.828787236411728134e+00	-3.356273945496502931e-01	6.258470703275790248e-01
1.458454111214273041e+00	1.502747292420360814e-01	-5.076537093655578703e-01	-9.306304215682136005e-02	-1.100127942889241872e-01	-1.107074172640052645e-01	-1.841815395578745296e+00	-3.006312907112744237e-01	6.527599973474600414e-01
1.463307155549026017e+00	1.301924966853192089e-01	-5.232080782361233640e-01	-9.845123167143589316e-02	-1.165433392210868807e-01	-9.386600573489628507e-02	-1.853374826989989010e+00	-2.642006157688163714e-01	6.786232504652561781e-01
1.467446909322494220e+00	1.095397066025435157e-01	-5.377411651705950035e-01	-1.041325610300621041e-01	-1.219835475986281725e-01	-7.707542235219570770e-02	-1.863417932986692005e+00	-2.264209867666089893e-01	7.028854670052271381e-01
1.470853896657230875e+00	8.835616354652287008e-02	-5.511842693883814981e-01	-1.100581735920974913e-01	-1.264901207493230872e-01	-6.127685492438863374e-02	-1.871890316244568364e+00	-1.873896090167654349e-01	7.251924720724710616e-01
1.473510363300314818e+00	6.668844031874737732e-02	-5.633257363248463934e-01	-1.161722331967118271e-01	-1.297167093366872193e-01	-4.193642340571354654e-02	-1.878730779773812865e+00	-1.472084509747032255e-01	7.454742426376931297e-01
1.475400276623351381e+00	4.458949700577193725e-02	-5.741784812800104776e-01	-1.224119241630950289e-01	-1.317490823214920725e-01	-2.313881655632084658e-02	-1.883912124912253683e+00	-1.060014805423096784e-01	7.635664046761543311e-01
1.476509433224004297e+00	2.211188907392877198e-02	-5.835540637244812645e-01	-1.287214103304168689e-01	-1.325811662861344775e-01	-4.564451511750319823e-03	-1.887386754001161959e+00	-6.389782555503399630e-02	7.791148443418013381e-01
1.476825566527527611e+00	-6.830247094629384418e-04	-5.913167254274060980e-01	-1.350378760178176929e-01	-1.320660760908665132e-01	1.622238560090111248e-02	-1.889120668712847007e+00	-2.103972452893609901e-02	7.920278967885260313e-01
1.476338884794431872e+00	-2.372585787499774043e-02	-5.971940405112661221e-01	-1.413054850645664440e-01	-1.304555173388704803e-01	3.316256070594720412e-02	-1.889086670385175415e+00	2.240399907265040735e-02	8.016548423395620793e-01
1.475041855917416544e+00	-4.695128140006853135e-02	-6.014648326736025119e-01	-1.474614217898034541e-01	-1.277029901136515488e-01	5.126899728464225786e-02	-1.887257560355984909e+00	6.627211890865038202e-02	8.084360568639735733e-01
1.472929207421373787e+00	-7.028904464232950400e-02	-6.038549130465913350e-01	-1.534638090728564774e-01	-1.237613792879799085e-01	7.128477896988091866e-02	-1.883633338625284814e+00	1.103842348694216574e-01	8.114504658591603636e-01
1.469998572072579002e+00	-9.365071642349116765e-02	-6.037987047674404639e-01	-1.592358721927574494e-01	-1.187353107470111163e-01	8.524854730238888567e-02	-1.878200405861998989e+00	1.545028256502995745e-01	8.106816166604365881e-01
1.466250165074099110e+00	-1.169824733442986764e-01	-6.027191723552809410e-01	-1.647496930690912631e-01	-1.128209895013096709e-01	1.010526525488206484e-01	-1.870958762066137204e+00	1.985224197521679446e-01	8.079842648602292288e-01
1.461685923253524866e+00	-1.402330696544482336e-01	-6.001185542440937715e-01	-1.699424560209487067e-01	-1.056249582407746135e-01	1.210051828698403414e-01	-1.861922006568765831e+00	2.422974001310394532e-01	8.023994246209845693e-01
1.456309720266038443e+00	-1.633359503965759463e-01	-5.957914261652993426e-01	-1.747513453675196837e-01	-9.726551483610108850e-02	1.385848674150677029e-01	-1.851103738700951906e+00	2.856543727646693731e-01	7.936499036458304346e-01
1.450128012203611760e+00	-1.862229445902566782e-01	-5.896289533825289642e-01	-1.791275044681025497e-01	-8.787250308968216905e-02	1.542228693898695935e-01	-1.838517557793781121e+00	3.284225186169630883e-01	7.817208365401434600e-01
1.443149622391939335e+00	-2.088212758965699578e-01	-5.815901164561867454e-01	-1.830220766819956324e-01	-7.753897147907731768e-02	1.686411455820436278e-01	-1.824197462174915740e+00	3.704267851156022862e-01	7.666152146975029336e-01
1.435385848991969748e+00	-2.310631112866813608e-01	-5.718522674246034887e-01	-1.863931848886754006e-01	-6.621024780007686572e-02	1.845686494285559420e-01	-1.808170650506518040e+00	4.115058994336239229e-01	7.486827564468662155e-01
1.426850249796842718e+00	-2.528862308004499182e-01	-5.605108550615572893e-01	-1.891919724473906106e-01	-5.407916055781699510e-02	1.960716641428903451e-01	-1.790484720447316436e+00	4.515073214501574839e-01	7.279221187135649362e-01
1.417558534630355638e+00	-2.742341166427564314e-01	-5.477840593890139775e-01	-1.913765622376673581e-01	-4.121429287272778547e-02	2.074204311658223721e-01	-1.771187269656087970e+00	4.902921081665562730e-01	7.047898553115309328e-01
1.407528242542362307e+00	-2.950607244455072942e-01	-5.339568785592502254e-01	-1.929190361789913100e-01	-2.765864654445141652e-02	2.180314794014572843e-01	-1.750325895791580599e+00	5.277457548795501108e-01	6.797039371824078469e-01
1.396778203801113172e+00	-3.153293434490873071e-01	-5.191624941249796121e-01	-1.937775171508885619e-01	-1.346357020850683615e-02	2.277152692973268555e-01	-1.727961795843599324e+00	5.637729987230578610e-01	6.528774553320831897e-01
1.385328539893251110e+00	-3.350018742200723265e-01	-5.034361419603167187e-01	-1.939380461131019473e-01	1.287956368119453363e-03	2.360988070915598924e-01	-1.704149367136449378e+00	5.982804860728243579e-01	6.244513105030259359e-01
1.373200878726879903e+00	-3.540511915348752425e-01	-4.870884513842864139e-01	-1.933657254651869883e-01	1.651821418558508531e-02	2.432190607404475791e-01	-1.678956606325493484e+00	6.311988533431945880e-01	5.948874593322650561e-01
1.360417171014701720e+00	-3.724585851645182966e-01	-4.703013614009466381e-01	-1.920396166468074928e-01	3.214900781340885444e-02	2.491252850956801879e-01	-1.652451510066084372e+00	6.624766008111669935e-01	5.644669707185556717e-01
1.347000228281681755e+00	-3.902116123458880814e-01	-4.532346579642271833e-01	-1.899387810977265501e-01	4.800874138578083844e-02	2.510009473925742807e-01	-1.624702075013574998e+00	6.920763239390487209e-01	5.334088879305196595e-01
1.332973077255850347e+00	-4.073037598301450513e-01	-4.360603642548841474e-01	-1.870632188179441324e-01	6.407435737664857189e-02	2.554533267493028226e-01	-1.595769498157808552e+00	7.199743315260905829e-01	5.020949494181821127e-01
1.318358852266770631e+00	-4.237371782183211866e-01	-4.190144816538989292e-01	-1.834059502873316705e-01	8.030435338369568132e-02	2.574213530670841354e-01	-1.565728575819657076e+00	7.461698100692536473e-01	4.708411134972488310e-01
1.303180472440940596e+00	-4.395169060614055323e-01	-4.020313567213893435e-01	-1.789460369456025990e-01	9.659196029925329330e-02	2.577690646085755710e-01	-1.534654104320040569e+00	7.706650672608321706e-01	4.395660020525934963e-01
1.287460964506390804e+00	-4.546464150439211704e-01	-3.852294129464261530e-01	-1.736974378329149138e-01	1.128039678305584465e-01	2.560941985196832915e-01	-1.502607280648773358e+00	7.934649509148549162e-01	4.085264781145186985e-01
1.271222709581955046e+00	-4.691385166034438559e-01	-3.687783919928994125e-01	-1.676601529493678133e-01	1.288554826190947411e-01	2.533306527120586793e-01	-1.469662901126746801e+00	8.145918572680495018e-01	3.779196684150141761e-01
1.254487765981868286e+00	-4.830069745865780972e-01	-3.527129394123778017e-01	-1.608481413350696110e-01	1.446530169554524903e-01	2.487080938201121916e-01	-1.435888962409322955e+00	8.340718682239735005e-01	3.478705399470756188e-01
1.237277869215766213e+00	-4.962716974143052129e-01	-3.371933995720098887e-01	-1.532753620302775288e-01	1.600923026351360468e-01	2.428695613640490802e-01	-1.401346661486336131e+00	8.519448454315398100e-01	3.185747542703273316e-01
1.219613571176424882e+00	-5.089508115810371658e-01	-3.221234621461945280e-01	-1.449557740750999080e-01	1.751009121859838646e-01	2.355083746134955247e-01	-1.366110794678677243e+00	8.682471807001680419e-01	2.899617328109529435e-01
1.201515208553553204e+00	-5.210674821321750194e-01	-3.077183076801788264e-01	-1.359172955500015101e-01	1.895640158089781369e-01	2.266493688301044751e-01	-1.330235759310622656e+00	8.830283150921083291e-01	2.623250381145649235e-01
1.183002042021531697e+00	-5.326433379695256765e-01	-2.938068144316888786e-01	-1.261878445353478151e-01	2.034313236033528371e-01	2.169087302537769102e-01	-1.293782752372006462e+00	8.963329414681988627e-01	2.354456177552143314e-01
1.164092471442477406e+00	-5.437019128129527701e-01	-2.805976454659738772e-01	-1.157953391115043723e-01	2.165869613425636109e-01	2.054287853141248121e-01	-1.256812970852662525e+00	9.082156143383636193e-01	2.097210950933209306e-01
1.144804358670846067e+00	-5.542679078514518576e-01	-2.679403243751967145e-01	-1.047886359191232686e-01	2.290040743626735875e-01	1.938468265146745806e-01	-1.219387611742395627e+00	9.187359020475835969e-01	1.849531498919057548e-01
1.125154381944228454e+00	-5.643631363240608767e-01	-2.559401678924467793e-01	-9.318867351859023984e-02	2.406145888805122923e-01	1.808220424841287255e-01	-1.181561072365511444e+00	9.279453209209631570e-01	1.612744046695734901e-01
1.105158789094085492e+00	-5.740131903830599791e-01	-2.445131507829391149e-01	-8.104430855050777371e-02	2.513961427012298411e-01	1.678813604424057582e-01	-1.143380950380748384e+00	9.359048504822243819e-01	1.385736711584477365e-01
1.084832644335017360e+00	-5.832391459185619631e-01	-2.337165343336087830e-01	-6.839043861532040358e-02	2.612960566172529142e-01	1.537453945560283974e-01	-1.104894843446863728e+00	9.426625372169790129e-01	1.168502198247882151e-01
1.064190473873958487e+00	-5.920646595419181146e-01	-2.234231518998429089e-01	-5.528289987390794247e-02	2.702820392186159326e-01	1.394481145607785189e-01	-1.066163948553681795e+00	9.482762560557184139e-01	9.611163904047052842e-02
1.043245943105582052e+00	-6.005080420847719314e-01	-2.137098810272241578e-01	-4.175658992666533148e-02	2.783325009006942241e-01	1.248052505475766155e-01	-1.027215464363355535e+00	9.527925094884902579e-01	7.627389201301387756e-02
1.022011964213829893e+00	-6.085915983521115180e-01	-2.044999718074770878e-01	-2.786036541434384547e-02	2.854254085348449377e-01	1.094927954310055823e-01	-9.881105878656897268e-01	9.562634115161012804e-01	5.741117446051171441e-02
1.000501018976512890e+00	-6.163370186914874926e-01	-1.958654595458430570e-01	-1.364308297754596513e-02	2.915558833568684949e-01	9.465816154128901816e-02	-9.488833173883849392e-01	9.587449278272165420e-01	3.947584386155035541e-02
9.787242979530486053e-01	-6.237612928510523069e-01	-1.876805337440980714e-01	8.464007430266352015e-04	2.967042815449296156e-01	7.910373861359963621e-02	-9.095744509246413978e-01	9.602773019191143122e-01	2.237370947391279646e-02
9.566929917028529351e-01	-6.308823322651146981e-01	-1.799213740897891434e-01	1.557318814683025104e-02	3.008774705676960370e-01	6.396763106267608356e-02	-8.702179868021499010e-01	9.609128138136294739e-01	6.136813396252531298e-03
9.344173223715472876e-01	-6.377178333078801220e-01	-1.726199537283655272e-01	3.046748403302543609e-02	3.040816025325161487e-01	4.865749119230972780e-02	-8.308615226796584041e-01	9.606911923428522737e-01	-9.352565781835155828e-03
9.119069740970883187e-01	-6.442831574152912966e-01	-1.657329158620435561e-01	4.550834984117686777e-02	3.065026713824788307e-01	3.796858274647135767e-02	-7.915186578882336121e-01	9.596639870360927915e-01	-2.383464536886548829e-02
8.891713082128344103e-01	-6.505926214456460022e-01	-1.591990344700338067e-01	6.063994941065266320e-02	3.079525657049893561e-01	2.095141967117706769e-02	-7.522437897521713213e-01	9.578655808483275136e-01	-3.781278594144711624e-02
8.662188252398810295e-01	-6.566611874375526403e-01	-1.530501470831467370e-01	7.581342610065196219e-02	3.084092952930839182e-01	6.184023123604811580e-03	-7.130505176025478953e-01	9.553378608850155995e-01	-5.098015262904710687e-02
8.430578104962573871e-01	-6.625020662259213378e-01	-1.472210948560654376e-01	9.099388231077983058e-02	3.079614791070312552e-01	-7.934476956606520762e-03	-6.739796394325633377e-01	9.521147286401508980e-01	-6.350809062442122621e-02
8.196961188938628462e-01	-6.681277005738655017e-01	-1.417591993204279643e-01	1.061324614003346101e-01	3.066257278366718575e-01	-2.139480595239707378e-02	-6.350515542388418533e-01	9.482498587122069056e-01	-7.488031286776741791e-02
7.961408521338648736e-01	-6.735540663747651147e-01	-1.366522392040716294e-01	1.211803067286146146e-01	3.045843298534592347e-01	-3.175409574600369933e-02	-5.963002603490551445e-01	9.437824818701885388e-01	-8.596773002282666332e-02
7.723988967143657902e-01	-6.787887829008477647e-01	-1.317467465997720910e-01	1.361164797353333067e-01	3.018227490153797543e-01	-4.318230297823839881e-02	-5.577393570942794643e-01	9.387289345832879883e-01	-9.651574091913539544e-02
7.484768163288708642e-01	-6.838414971338850901e-01	-1.270849854108703492e-01	1.508991032999671689e-01	2.983790568518610575e-01	-5.357838641423281340e-02	-5.193960431366483332e-01	9.331205284174565184e-01	-1.065062109962298803e-01
7.243808518662846474e-01	-6.887193060572825987e-01	-1.225842067756533066e-01	1.655002593420515089e-01	2.943186087730593203e-01	-6.299586712672411437e-02	-4.812907174727857340e-01	9.269864664715854463e-01	-1.159976952572032982e-01
7.001170290124471007e-01	-6.934295831602926841e-01	-1.182979306124891383e-01	1.798850502611417657e-01	2.897000071782739883e-01	-7.139419255043236157e-02	-4.434505787648252428e-01	9.203540924090480857e-01	-1.249970922219425656e-01
6.756910506485994672e-01	-6.979798862693987749e-01	-1.141659440217142468e-01	1.940395170170799988e-01	2.846083657573078574e-01	-7.793169694176889373e-02	-4.058892263438431680e-01	9.132374184046390120e-01	-1.340587956415188464e-01
6.511085120544500837e-01	-7.023685256266473109e-01	-1.099970941811585362e-01	2.079217824892435340e-01	2.787756958526224627e-01	-9.200177664223295471e-02	-3.686338588719728637e-01	9.056223160688435803e-01	-1.429243582680095881e-01
6.263750085097075093e-01	-7.066066536345325666e-01	-1.061620876948718845e-01	2.215109081173457783e-01	2.724640343155774191e-01	-9.684225473100387116e-02	-3.316980756803100672e-01	8.975580604428836651e-01	-1.509740701872726854e-01
6.014954896848829780e-01	-7.107003534216875806e-01	-1.024318475057874878e-01	2.347859553410506228e-01	2.658056228397089327e-01	-1.025743193835565170e-01	-2.951022757654403472e-01	8.890613366401105555e-01	-1.588650367856336565e-01
5.764751204535535356e-01	-7.146551243821797073e-01	-9.893107526302317989e-02	2.477190060800917026e-01	2.587232024025031829e-01	-1.094116191060810067e-01	-2.588600584584400122e-01	8.801530965143052887e-01	-1.661081468982255060e-01
5.513185276816315872e-01	-7.184814737381937100e-01	-9.556377175691388448e-02	2.603030808142908770e-01	2.513322466281656120e-01	-1.136254163640464110e-01	-2.229918227559332666e-01	8.708555536790646423e-01	-1.734086581906728319e-01
5.260302306334970757e-01	-7.221739328185338147e-01	-9.207249253887131446e-02	2.725172409833119813e-01	2.435824656159302215e-01	-1.196848827535460236e-01	-1.875111679889674976e-01	8.611541646923024373e-01	-1.807743086045302539e-01
5.006149637765954230e-01	-7.257309347567343361e-01	-8.849232191370742795e-02	2.843475275470961905e-01	2.354603533440834950e-01	-1.251164816368205701e-01	-1.524384931541669375e-01	8.510570977886150468e-01	-1.880560901102403815e-01
4.750775691799054012e-01	-7.291471644959587328e-01	-8.488322548380317079e-02	2.957660224251292824e-01	2.269526327065342075e-01	-1.315073768613953253e-01	-1.177873975825982217e-01	8.405627093598215804e-01	-1.952203831069030115e-01
4.494228889124050053e-01	-7.324303027541785305e-01	-8.145874844140756077e-02	3.067657460973817751e-01	2.180888195113278583e-01	-1.367466427001594320e-01	-8.357828027087593759e-02	8.296919180554973572e-01	-2.020335353364369202e-01
4.236554422384746221e-01	-7.355873236233112511e-01	-7.826517526503787292e-02	3.173187804834386450e-01	2.088873271588302938e-01	-1.421503535936770868e-01	-4.981794088452859426e-02	8.184521118114046478e-01	-2.086582145082639950e-01
3.977796408209607337e-01	-7.386208385474674065e-01	-7.500977298160234341e-02	3.274251255833493524e-01	1.993718341087193369e-01	-1.467985366294293492e-01	-1.651997875463253468e-02	8.068698041857752523e-01	-2.148952060197737990e-01
3.717997887211773045e-01	-7.415246722293981074e-01	-7.156673747474229241e-02	3.370498837965703598e-01	1.896511038960229378e-01	-1.467248018482739669e-01	1.628840745666916903e-02	7.949681385099643949e-01	-2.206386755871083960e-01
3.457206204065705890e-01	-7.442956909361709839e-01	-6.817970283640885365e-02	3.462070141633090681e-01	1.798642886046243616e-01	-1.516519318254039572e-01	4.860721774938618622e-02	7.827429808603655337e-01	-2.265911184154952296e-01
3.195465475399871247e-01	-7.469430500836077291e-01	-6.501645947515853619e-02	3.548755781232790230e-01	1.697176608767069772e-01	-1.571166883418239901e-01	8.042285279243249763e-02	7.701781275846094621e-01	-2.327293328900401914e-01
2.932818741827412645e-01	-7.494667803945803675e-01	-6.176284331629040836e-02	3.630416166363222286e-01	1.592383185990562111e-01	-1.622782369971771665e-01	1.117081139236650311e-01	7.573153661755379629e-01	-2.378574056443833185e-01
2.669311195992125074e-01	-7.518608601861992424e-01	-5.836334489491052518e-02	3.706911706621814906e-01	1.486170343283757800e-01	-1.629827065247898832e-01	1.424698008086316414e-01	7.441855267381202177e-01	-2.429857378563327619e-01
2.404986954522477793e-01	-7.541270713850337648e-01	-5.508477324928858637e-02	3.778242402009560630e-01	1.378742473682885161e-01	-1.661997366565962087e-01	1.726807147851699420e-01	7.307403137552020977e-01	-2.488023775211050670e-01
2.139892286077604011e-01	-7.562653832682122435e-01	-5.169738760836038033e-02	3.844198866922106106e-01	1.268304406570928689e-01	-1.709487602854888877e-01	2.023408558532992785e-01	7.170254826222035582e-01	-2.532169632250381164e-01
1.874071307285968546e-01	-7.582690368039196604e-01	-4.819048478618543491e-02	3.904781101360938478e-01	1.157249025561860045e-01	-1.699494365554126973e-01	2.314298250163954185e-01	7.030822729625728629e-01	-2.577211655862099993e-01
1.607572438837359396e-01	-7.601410121107292639e-01	-4.479485935934538615e-02	3.959919310123781178e-01	1.045509601751788975e-01	-1.732915905479849028e-01	2.599408226089395257e-01	6.888306294364278104e-01	-2.632995315950652504e-01
1.340440873375568220e-01	-7.618803567796123000e-01	-4.133126626869717407e-02	4.009543698010835100e-01	9.308787017952305232e-02	-1.754042437705748136e-01	2.878670489653740727e-01	6.743718082689741378e-01	-2.667578115058961696e-01
1.072723955575057009e-01	-7.634858418956934623e-01	-3.782850208620763821e-02	4.053584469820318836e-01	8.169444206916723350e-02	-1.755255349602586057e-01	3.151949047546517280e-01	6.596645532346606666e-01	-2.718158337589627882e-01
8.044690301102801200e-02	-7.649514764989554516e-01	-3.415473263048687813e-02	4.092041625552728656e-01	6.995608819135291923e-02	-1.828297992821643070e-01	3.419175903112149362e-01	6.447403253183644489e-01	-2.750556808896575944e-01
5.357245176710179191e-02	-7.662739425192344189e-01	-3.038766429188112517e-02	4.124705779604703193e-01	5.815756384222666581e-02	-1.809528206918198101e-01	3.680215063039970480e-01	6.295799490913082108e-01	-2.800936058617793378e-01
2.665442190236988473e-02	-7.674460815273812520e-01	-2.646255384405492642e-02	4.151576931976738161e-01	4.616922552056493961e-02	-1.841291194748554960e-01	3.935066527330076669e-01	6.142173592516915193e-01	-2.828398364225837014e-01
-3.020217095904118476e-04	-7.684670332829832695e-01	-2.249425172921113575e-02	4.172585287467547865e-01	3.432237422213362671e-02	-1.820968853011799005e-01	4.183526306016323582e-01	5.986609564635503311e-01	-2.870824658347869152e-01
-2.729149899213662717e-02	-7.693299465856100472e-01	-1.837676074786638580e-02	4.187800641278417446e-01	2.229013417628970123e-02	-1.839554313136323449e-01	4.425594399098710108e-01	5.829479460393435231e-01	-2.892630757612704717e-01
-5.430841466556075164e-02	-7.700307045704293252e-01	-1.407413025698621943e-02	4.197222993408852298e-01	1.036174685308704525e-02	-1.847210961953208719e-01	4.661134813266473165e-01	5.670251348415796810e-01	-2.932810209912454225e-01
-8.134685064555551015e-02	-7.705645759151705798e-01	-9.777111818956260234e-03	4.200712753456775639e-01	-1.695588525678742766e-03	-1.823920367311966939e-01	4.890215545175090606e-01	5.510013662564611225e-01	-2.952484025519324096e-01
-1.084011040508795209e-01	-7.709255389369444877e-01	-5.182342347102649946e-03	4.198339716623969431e-01	-1.368632242071300860e-02	-1.851391076401524838e-01	5.112632604858321494e-01	5.348333586018907404e-01	-2.969516196400293628e-01
-1.354648263910948058e-01	-7.711105827943063318e-01	-5.897901745947625599e-04	4.190243473312013633e-01	-2.545703051721670898e-02	-1.787164247109297444e-01	5.328453988971643129e-01	5.185809624585976385e-01	-2.993398994346485043e-01
-1.625318843788281786e-01	-7.711110129145127834e-01	4.209336358403653264e-03	4.176354228319621997e-01	-3.721372482854224534e-02	-1.799222143204568802e-01	5.537611700859674801e-01	5.022356941520316198e-01	-3.000144403721217712e-01
-1.895957143205764250e-01	-7.709263070087416514e-01	9.133664639444157018e-03	4.156881367250157000e-01	-4.841967962860022068e-02	-1.718945070729870905e-01	5.740037743867034692e-01	4.858279521324883610e-01	-3.017550712470568053e-01
-2.166496449213019260e-01	-7.705468488180929887e-01	1.412167683694381427e-02	4.131894685304407511e-01	-5.968268449389414060e-02	-1.710291949779585985e-01	5.935732117993720580e-01	4.693949915187349275e-01	-3.014839105764222649e-01
-2.436868972844352388e-01	-7.699728841255422118e-01	1.933073084438325165e-02	4.101533772883952933e-01	-7.053041066739483556e-02	-1.656265143243061400e-01	6.124694823239832386e-01	4.529194465112034718e-01	-3.025188900206595144e-01
-2.707004773103409145e-01	-7.691959026955770273e-01	2.450353824978220019e-02	4.065938220391366320e-01	-8.120462881427839563e-02	-1.610394975903124692e-01	6.306925859605174711e-01	4.364662977403996891e-01	-3.016050284395164760e-01
-2.976833908993832267e-01	-7.682162117569162341e-01	2.992148666509016411e-02	4.025247618228225410e-01	-9.135580767091089349e-02	-1.543925039544724875e-01	6.482425227089940734e-01	4.200033039226133691e-01	-3.020450349630468545e-01
-3.246282135457952411e-01	-7.670250245682007639e-01	3.533733544669497018e-02	3.979671351997397521e-01	-1.012910962041868312e-01	-1.500482461485435626e-01	6.651124929038556566e-01	4.035799725285056927e-01	-3.007180924530293287e-01
-3.515277359468764740e-01	-7.656272875118041998e-01	4.076823506001617942e-02	3.929349012100957217e-01	-1.108369262971382191e-01	-1.442739461311046967e-01	6.813160958761977914e-01	3.871962205475625307e-01	-3.005465085592757268e-01
-3.783744259953262801e-01	-7.640089295124032898e-01	4.657233180034368869e-02	3.874420188940484455e-01	-1.200865538821072054e-01	-1.407310205132606129e-01	6.968465319604727481e-01	3.708456561701914400e-01	-2.991581386978404700e-01
-4.051606439823126071e-01	-7.621758186385280132e-01	5.206582794004015191e-02	3.815024472918550624e-01	-1.289285514185118664e-01	-1.325708302295886265e-01	7.117106008222187086e-01	3.545922306965223481e-01	-2.975531827839379417e-01
-4.318788578005356982e-01	-7.601194753775381008e-01	5.806213051032200340e-02	3.751510840039105621e-01	-1.373866946551695056e-01	-1.285381875783770944e-01	7.259083024614259028e-01	3.383871837505216251e-01	-2.966883220610889715e-01
-4.585209973350312107e-01	-7.578290852785302123e-01	6.406838240869877632e-02	3.683809495102350895e-01	-1.457557568081459809e-01	-1.252241741072423753e-01	7.394464365436518305e-01	3.222692812423146869e-01	-2.945727047387788899e-01
-4.850788848693027289e-01	-7.553116531562940050e-01	6.999524948613985997e-02	3.612199618910949539e-01	-1.537688422919992193e-01	-1.220532142461979441e-01	7.523318027344058079e-01	3.062761767411369962e-01	-2.925052763250771681e-01
-5.115444502883859101e-01	-7.525531079355062269e-01	7.640589626033116033e-02	3.536611416264608398e-01	-1.618051684344027630e-01	-1.228181192980509900e-01	7.645576013681785188e-01	2.903621978620826716e-01	-2.911449034655899659e-01
-5.379088702665872912e-01	-7.495409454073100886e-01	8.300968380775192168e-02	3.457044887163326918e-01	-1.702538574558609130e-01	-1.328234848238640797e-01	7.761306321104889383e-01	2.745412903715350739e-01	-2.891838618278256279e-01
-5.641634290797449269e-01	-7.462717860557979144e-01	8.968567338664666655e-02	3.373220850803450577e-01	-1.792374793648693621e-01	-1.382124393750173708e-01	7.870644942924036602e-01	2.588417774569350405e-01	-2.866671474656128926e-01
-5.902988729960341185e-01	-7.427428648225001817e-01	9.653557677391005898e-02	3.284999716781911161e-01	-1.883396366445310444e-01	-1.372793169367568511e-01	7.973523882484135905e-01	2.432676270208606883e-01	-2.844276620295811964e-01
-6.163059482836290570e-01	-7.389359323215173303e-01	1.039291831804466520e-01	3.192311689899406391e-01	-1.976148970563029739e-01	-1.461027001096242284e-01	8.070079133095563462e-01	2.278108700539500375e-01	-2.824671118350476906e-01
-6.421745403984420175e-01	-7.348297897712490201e-01	1.117776889497837794e-01	3.094807794149508351e-01	-2.081379192961268776e-01	-1.669904893316184191e-01	8.160310694758609040e-01	2.124571789414543554e-01	-2.802880128675659388e-01
-6.678938891871870620e-01	-7.304195215121935814e-01	1.197332664651841322e-01	2.991929667925400937e-01	-2.193764459277876278e-01	-1.737824719088356118e-01	8.244286564128461281e-01	1.972360556201157578e-01	-2.776363439207336081e-01
-6.934534496996449526e-01	-7.256988600784866073e-01	1.277958917946525885e-01	2.883398130423430183e-01	-2.315895808212346252e-01	-1.943577967545314644e-01	8.322074737860599702e-01	1.821775664981729603e-01	-2.745821677055968468e-01
-7.188420313763989045e-01	-7.206533042745983941e-01	1.365222869627950586e-01	2.768654820035292841e-01	-2.446274843944701016e-01	-2.039836898517287944e-01	8.393743212610212945e-01	1.672654747190508717e-01	-2.717896132785076468e-01
-7.440477980488349186e-01	-7.152577842370709815e-01	1.456680025943607737e-01	2.647280965555258159e-01	-2.591314494560383319e-01	-2.280399627834210907e-01	8.459291988377491966e-01	1.525013458610471051e-01	-2.690389230993162628e-01
-7.690581603376089870e-01	-7.094934053996952983e-01	1.554542421200297286e-01	2.518508819772654062e-01	-2.747783759123411107e-01	-2.476144531785443026e-01	8.518857058473009447e-01	1.378704106934774687e-01	-2.664033130520968018e-01
-7.938599908557135709e-01	-7.033470183733047110e-01	1.654227716523512248e-01	2.381710225879379583e-01	-2.919610114350503771e-01	-2.711240352479676319e-01	8.572438422896860866e-01	1.234148734219649990e-01	-2.630575522740408734e-01
-8.184397318100085084e-01	-6.968016948554905943e-01	1.759993892480881117e-01	2.236326822267132863e-01	-3.099511897369727209e-01	-2.788201281724906888e-01	8.620104078304428041e-01	1.091551280696353154e-01	-2.592049273259576236e-01
-8.427826417904932255e-01	-6.898243463132333053e-01	1.874610838184910533e-01	2.082219018533837673e-01	-3.274422318317762870e-01	-2.634292385037522166e-01	8.662058014661663252e-01	9.515624657855978330e-02	-2.536002919975683390e-01
-8.668731185749040113e-01	-6.823810239730999649e-01	1.999698909250290091e-01	1.920154561890662637e-01	-3.422588384044507048e-01	-2.099237802696888033e-01	8.698300231968664198e-01	8.152186093486017693e-02	-2.464619966530636197e-01
-8.906938383164514361e-01	-6.744088073934706440e-01	2.141868681135982999e-01	1.751878332361321011e-01	-3.527193809866230878e-01	-1.375212825130815442e-01	8.729034720191477525e-01	6.836118973226297524e-02	-2.369189841114658635e-01
-9.142253251376888379e-01	-6.658522110677216332e-01	2.297139864190801961e-01	1.579553981176249622e-01	-3.589179868207228452e-01	-7.912828367111181260e-02	8.754533465951536142e-01	5.578571111069090260e-02	-2.256776841762920538e-01
-9.374461663335785788e-01	-6.566706193592212193e-01	2.461505684022317619e-01	1.404996183559951706e-01	-3.623352821515493094e-01	-4.582361004367839497e-02	8.775000459214983284e-01	4.381980193774019650e-02	-2.142478959211992773e-01
-9.603343035898856961e-01	-6.468596388972899236e-01	2.623784952974658191e-01	1.229112277125671004e-01	-3.647949805127689848e-01	-3.778609428694959527e-02	8.790707686603154158e-01	3.249651035931912235e-02	-2.025426949431699819e-01
-9.828681089985067398e-01	-6.364311287104751358e-01	2.783595397312809694e-01	1.052041852274491346e-01	-3.670426600860936528e-01	-3.700991246642012372e-02	8.801859138082290812e-01	2.178414296111094717e-02	-1.913458721466121948e-01
-1.005025954651337816e+00	-6.253909875901787485e-01	2.941495510029014659e-01	8.736453186053290410e-02	-3.700181196514990556e-01	-3.859209942852285385e-02	8.808794796929011461e-01	1.166379160819409552e-02	-1.803650798579997661e-01
-1.026786320241808825e+00	-6.137307974695044299e-01	3.105175040014470644e-01	6.938528809168981182e-02	-3.729321869084586960e-01	-5.076695791820928089e-02	8.811718653109462673e-01	2.122282033903955239e-03	-1.698991644007877000e-01
-1.048126932252618770e+00	-6.014197433079517818e-01	3.276325261362670327e-01	5.124551536058373491e-02	-3.767835491807756676e-01	-5.725790932335899502e-02	8.810766699934408086e-01	-6.865167886685981727e-03	-1.595077621156816006e-01
-1.069024548752671278e+00	-5.884238763320881471e-01	3.457976762386041902e-01	3.291031606681973920e-02	-3.803337157230995413e-01	-5.054148288410878487e-02	8.806346917336039803e-01	-1.527586092072353435e-02	-1.487733965567109296e-01
-1.089454313787877382e+00	-5.747011062074313115e-01	3.648277445984041134e-01	1.440760829071375919e-02	-3.843702564266011645e-01	-6.309214427126419444e-02	8.798527301969548686e-01	-2.307779037221144650e-02	-1.373051444745849448e-01
-1.109390402990352298e+00	-5.602325076449004015e-01	3.843333018141196211e-01	-4.318444128465261274e-03	-3.893156779938465872e-01	-7.841327485672185127e-02	8.787715833767321127e-01	-3.025421202431196818e-02	-1.257476206612144487e-01
-1.128806453984546598e+00	-5.449979571634108177e-01	4.044248339297810135e-01	-2.329575927118204479e-02	-3.944440603721859895e-01	-7.688337312647677835e-02	8.774048506039927586e-01	-3.677988437191308246e-02	-1.134354476112944682e-01
-1.147675243582648719e+00	-5.289755186324369696e-01	4.249456821054843902e-01	-4.252433713728781539e-02	-3.996971016140742350e-01	-7.886688656414074516e-02	8.757797305408799859e-01	-4.258947648013909626e-02	-9.996179579804279069e-02
-1.165968687784583846e+00	-5.121423342352965369e-01	4.463293265684187827e-01	-6.200417772693134905e-02	-4.045440751565200221e-01	-7.050532349570939883e-02	8.739438208461607349e-01	-4.767182011441124106e-02	-8.641420161941919253e-02
-1.183657841778014363e+00	-4.944629190549625908e-01	4.685294589080716832e-01	-8.172132199985548962e-02	-4.097205155083083472e-01	-8.046387232968685299e-02	8.719039211853542026e-01	-5.200891195441257470e-02	-7.268976724118124400e-02
-1.200712577133741688e+00	-4.759093460008919640e-01	4.914145169700641080e-01	-1.017036880364257795e-01	-4.153643014101736641e-01	-8.682298208440732135e-02	8.697076292172177814e-01	-5.558774093214938899e-02	-5.861310542631024967e-02
-1.217101797008770747e+00	-4.564547018373135701e-01	5.151323446427726882e-01	-1.219722143969783346e-01	-4.212832152755467963e-01	-9.115853089954513433e-02	8.673821436038946509e-01	-5.841316980354276794e-02	-4.493817555936697322e-02
-1.232793328544778300e+00	-4.360684173067020941e-01	5.393438973516605506e-01	-1.425338806015921667e-01	-4.278755273654867297e-01	-1.084356534390658322e-01	8.649546630075374276e-01	-6.045935407510564380e-02	-3.032977522112421942e-02
-1.247754568477310144e+00	-4.147471436160221070e-01	5.636580225915334141e-01	-1.634445228110479320e-01	-4.351272309053562104e-01	-1.090441475192790305e-01	8.624591857558177033e-01	-6.171061472091830119e-02	-1.559417930166921533e-02
-1.261952590737313029e+00	-3.924871940206475229e-01	5.880595235455048364e-01	-1.847041410252960314e-01	-4.422991859653197522e-01	-1.096177654100422838e-01	8.599229105108786575e-01	-6.214573757397504061e-02	-6.093903155733737661e-04
-1.275354469255733703e+00	-3.692848203302082077e-01	6.125461745380307299e-01	-2.063197147644650342e-01	-4.496290069612866036e-01	-1.126184876312342070e-01	8.573934349314776826e-01	-6.176595949093725835e-02	1.428535393875750119e-02
-1.287927277963519135e+00	-3.451406062792701790e-01	6.369467900081836609e-01	-2.282982235486835099e-01	-4.572193053209363534e-01	-1.182915537318530719e-01	8.548979576797580693e-01	-6.057070603904678163e-02	2.953772103538359825e-02
-1.299638413596214681e+00	-3.200836771503800526e-01	6.603784468608558944e-01	-2.506466468980304563e-01	-4.648959048701793995e-01	-1.163589421887874231e-01	8.524636774178626641e-01	-5.854804694720458502e-02	4.406328938017182312e-02
-1.310456101421169084e+00	-2.941188625789981637e-01	6.840107415830884996e-01	-2.733719643325849269e-01	-4.726332958243598670e-01	-1.193525532966364239e-01	8.501245924734727177e-01	-5.576887983536780308e-02	5.774865249533345929e-02
-1.320348545185423550e+00	-2.672519538264747085e-01	7.072723217239393900e-01	-2.964811553724258086e-01	-4.806219216739742173e-01	-1.231317949324988170e-01	8.479215008397982256e-01	-5.225743879304824840e-02	7.089173700341999673e-02
-1.329284615765524258e+00	-2.395094616589591441e-01	7.297512458518069511e-01	-3.199881790578102403e-01	-4.888018780621215531e-01	-1.258713479956703185e-01	8.458748015134630593e-01	-4.805225564072138078e-02	8.323754796889475116e-02
-1.337234260053344670e+00	-2.109282074384052630e-01	7.512046839897752459e-01	-3.438930353886887614e-01	-4.971155068664443455e-01	-1.277305443330702117e-01	8.440116931565911917e-01	-4.320196789885985544e-02	9.462584437406594551e-02
-1.344168845280992786e+00	-1.815504566196649572e-01	7.715774409798196176e-01	-3.682027038851898304e-01	-5.051153352743232849e-01	-1.158993412344297841e-01	8.423593744313352394e-01	-3.775445603204689859e-02	1.052712464984772722e-01
-1.350061148260656818e+00	-1.514119982761966965e-01	7.911027181594948443e-01	-3.928962459869773105e-01	-5.130083745444162791e-01	-1.242660912588853112e-01	8.409450439998480409e-01	-3.180836309450156552e-02	1.134547622315646431e-01
-1.354885419945524694e+00	-1.205763242950376180e-01	8.083797359691251572e-01	-4.179806412141798266e-01	-5.213151501872976823e-01	-1.270846152246963290e-01	8.397755015276482382e-01	-2.541244448162662678e-02	1.212730807001431016e-01
-1.358618967172317893e+00	-8.913697660421510127e-02	8.234247442333814115e-01	-4.434698486070049461e-01	-5.294513979988191288e-01	-1.232939694369203781e-01	8.388847453424268519e-01	-1.864029565509027833e-02	1.274268504213003639e-01
-1.361242055819910979e+00	-5.717588695847143632e-02	8.363268018833505124e-01	-4.693499091251955302e-01	-5.372684945112262689e-01	-1.179733459359158104e-01	8.382727754441839929e-01	-1.158450023361795415e-02	1.318422999664404516e-01
-1.362737943089791681e+00	-2.478096916293354504e-02	8.468421216623127634e-01	-4.955998842085641565e-01	-5.446857040459922583e-01	-1.112949713278692382e-01	8.379531911639958031e-01	-4.342785167394148070e-03	1.344182652886199703e-01
-1.363093189550507178e+00	7.945192805946677678e-03	8.546459463968041348e-01	-5.221988352967250613e-01	-5.515933044839207433e-01	-1.028731001184347016e-01	8.379327921673909163e-01	2.980967861832746393e-03	1.350501239236248374e-01
-1.362297885100881345e+00	4.090888466483048186e-02	8.601171195692073335e-01	-5.491258238294414173e-01	-5.579347536663127327e-01	-9.368729599237785033e-02	8.382183781198978556e-01	1.028511679598710996e-02	1.338448914505325216e-01
-1.360345358445877340e+00	7.401381140914078949e-02	8.629841725818075959e-01	-5.763459522061694651e-01	-5.635947353484532796e-01	-8.237314368804053710e-02	8.387963496904595750e-01	1.746756799979614153e-02	1.307297610125542908e-01
-1.357232489141042331e+00	1.071552092746654583e-01	8.631076616765073206e-01	-6.038173433064352169e-01	-5.684488195824156653e-01	-6.923423992058193310e-02	8.396599072135378927e-01	2.442303558565345895e-02	1.256818667634632403e-01
-1.352960008876799680e+00	1.402123865314924833e-01	8.597661169744538201e-01	-6.315050995296950243e-01	-5.723894017185096050e-01	-5.215471336457938589e-02	8.408090506891230387e-01	3.109431999661110141e-02	1.197625063061093231e-01
-1.347533082526726433e+00	1.730713551803550465e-01	8.541439329129896230e-01	-6.593533847151186178e-01	-5.750138048699477977e-01	-3.348741733197674320e-02	8.422165814550818252e-01	3.732905709408854134e-02	1.106671436038812739e-01
-1.340959844766706599e+00	2.056589517741468642e-01	8.463634019870590608e-01	-6.873063627020246091e-01	-5.766327963011790292e-01	-1.764079848885134055e-02	8.438756998458663006e-01	4.302436032638146113e-02	1.000186463028481243e-01
-1.333251582997535989e+00	2.378726387279525012e-01	8.358559797664788515e-01	-7.153151768497112428e-01	-5.771208014861651803e-01	7.423104582609114628e-04	8.457524075338145320e-01	4.809209577036693134e-02	8.775638984395058018e-02
-1.324423103190135675e+00	2.696162749587830976e-01	8.229568737292383140e-01	-7.433100319572398806e-01	-5.763750802321896405e-01	2.047030972201103680e-02	8.478195058567641329e-01	5.245025069823815167e-02	7.406635343943192284e-02
-1.314492396320798395e+00	3.008037288953098187e-01	8.078746910992651298e-01	-7.712420713838593622e-01	-5.743138524331984351e-01	4.147555500433398878e-02	8.500565958181103277e-01	5.602648310709119200e-02	5.911659235959921405e-02
-1.303480326326744487e+00	3.313558338412599391e-01	7.907936763294777238e-01	-7.990414999286309383e-01	-5.708606602713558464e-01	6.363899348484959584e-02	8.524160797591147087e-01	5.875766018046601341e-02	4.308316537880527153e-02
-1.291410447183515720e+00	3.612012297821067253e-01	7.719241597474507666e-01	-8.266315428704873458e-01	-5.659487462283192549e-01	8.678852124754174446e-02	8.548707590176150006e-01	6.059046426510013295e-02	2.614751181167046523e-02
-1.278308669340223025e+00	3.902764033248029563e-01	7.514406694160934430e-01	-8.539493845286186824e-01	-5.595236999221219198e-01	1.107542515151584139e-01	8.573866352659395007e-01	6.148129159810121480e-02	8.486077177003229638e-03
-1.264202969195408643e+00	4.185219364351234206e-01	7.295183316981929122e-01	-8.809182501819081690e-01	-5.519429874041543727e-01	1.265328175399424993e-01	8.599161108453404756e-01	6.138528993844359627e-02	-1.005240505690612081e-02
-1.249123044772139313e+00	4.458977357652585960e-01	7.066661322654683719e-01	-9.074823036696245682e-01	-5.426797879842304440e-01	1.565439863974190660e-01	8.624183877625982708e-01	6.028213665204393279e-02	-2.859738990891949606e-02
-1.233100208116476137e+00	4.723722182029109762e-01	6.830389350581914654e-01	-9.335508112304437001e-01	-5.316650406805584206e-01	1.833328800624306476e-01	8.648526680244936760e-01	5.816808132387123187e-02	-4.730147416515662756e-02
-1.216166201680610515e+00	4.979200373787756040e-01	6.588115712778763733e-01	-9.590469981433477065e-01	-5.189878222846516787e-01	2.091567630188202465e-01	8.671849533033550994e-01	5.503647149131853100e-02	-6.606056434967612356e-02
-1.198353951533595696e+00	5.225237734244937426e-01	6.341923450098456705e-01	-9.838801306470621455e-01	-5.046826847482455136e-01	2.345240150615915675e-01	8.693676459404151569e-01	5.088858053567347356e-02	-8.473606950319413633e-02
-1.179696814150616113e+00	5.461737793582938094e-01	6.093831944287265712e-01	-1.007973434020569048e+00	-4.887754383077501652e-01	2.594729606667716681e-01	8.713599479424640748e-01	4.573272777066789835e-02	-1.032043138158619949e-01
-1.160227930803790608e+00	5.688708846977165168e-01	5.847953828929263187e-01	-1.031257113062830966e+00	-4.712562538986346250e-01	2.848402596402093145e-01	8.731142616507637788e-01	3.956442730811512987e-02	-1.221286693383094729e-01
-1.139980442765238022e+00	5.906432008705364556e-01	5.608252641279068973e-01	-1.053647413532750932e+00	-4.524314778523928493e-01	3.039945864842314993e-01	8.746033884031516603e-01	3.240021484244128003e-02	-1.397863802984589676e-01
-1.118986738096347633e+00	6.114806507747754249e-01	5.364966360990054417e-01	-1.075088499269499120e+00	-4.321184355024587642e-01	3.283243154693431531e-01	8.757729308753514630e-01	2.429856297983987515e-02	-1.568751770389081035e-01
-1.097279527663106213e+00	6.313879964555755286e-01	5.124612946700154437e-01	-1.095503595552107079e+00	-4.102832759511900185e-01	3.515925621742465590e-01	8.765956904052005783e-01	1.528276779101245784e-02	-1.734816848233164399e-01
-1.074891199526903041e+00	6.503838866961708653e-01	4.889639205588072746e-01	-1.114808948139329736e+00	-3.870276234276452398e-01	3.734299599071381759e-01	8.770308689995088836e-01	5.382032208829084369e-03	-1.895209602838021090e-01
-1.051853065733798331e+00	6.684922853366315199e-01	4.661145849881626058e-01	-1.132955700390465115e+00	-3.624305682793164118e-01	3.939489634836736975e-01	8.770444683305852474e-01	-5.371288426553396875e-03	-2.049476074965783101e-01
-1.028195900322188105e+00	6.857400748898566656e-01	4.439865039084145981e-01	-1.149867077584545427e+00	-3.365829041648837339e-01	4.130741486187104461e-01	8.765956904052005783e-01	-1.694370518339640211e-02	-2.197500546524011611e-01
-1.003949401315139989e+00	7.021568414814712833e-01	4.226426743079896853e-01	-1.165494223080868919e+00	-3.095486273079962602e-01	4.313199648067617686e-01	8.756641362267695294e-01	-2.930046272155690384e-02	-2.338980428894834596e-01
-9.791418679157943838e-01	7.177735230434632019e-01	4.021072355926088582e-01	-1.179767341678447545e+00	-2.814230667581001377e-01	4.478227090042155023e-01	8.742022081365246056e-01	-4.240634698479048281e-02	-2.474035683065665681e-01
-9.538009537180945907e-01	7.326208731705893262e-01	3.823482545034813662e-01	-1.192651535776787064e+00	-2.522925952409207917e-01	4.633876890970312079e-01	8.721963068033993238e-01	-5.622677911330725697e-02	-2.602656724367282126e-01
-9.279531286991223871e-01	7.467290924459121237e-01	3.634286163463898434e-01	-1.204083989695027501e+00	-2.222217097330307645e-01	4.773090231680194861e-01	8.696056342341741408e-01	-7.072696774040106160e-02	-2.724961804419337996e-01
-9.016235716175657888e-01	7.601340959066650305e-01	3.454296260860099665e-01	-1.214036785352754277e+00	-1.913572023772065200e-01	4.892042933305553176e-01	8.664097914322441696e-01	-8.587151552261212961e-02	-2.840596168362871099e-01
-8.748362776152509568e-01	7.728686034114050640e-01	3.282642111468478396e-01	-1.222461066109364669e+00	-1.597413510274347526e-01	5.008683517437324539e-01	8.625815797354663417e-01	-1.016249271640739804e-01	-2.949619308300798215e-01
-8.476143810217412478e-01	7.849640137351987512e-01	3.119031744948852491e-01	-1.229328913884443653e+00	-1.274503173419651858e-01	5.107651800471301184e-01	8.580938004816880404e-01	-1.179515596102048702e-01	-3.052648092323361761e-01
-8.199795097451403336e-01	7.964501587866459342e-01	2.963072995674901899e-01	-1.234605431077447246e+00	-9.459177464517462552e-02	5.194855682857940637e-01	8.529328543398521090e-01	-1.348249424682407271e-01	-3.150890646619076141e-01
-7.919525384828217662e-01	8.073563174626527950e-01	2.814691355368558745e-01	-1.238262699608109196e+00	-6.121351765754639435e-02	5.268029307331877353e-01	8.470647429822677488e-01	-1.522169401545029332e-01	-3.243733735504188420e-01
-7.635533735183631654e-01	8.177106933596097749e-01	2.673548026752568529e-01	-1.240286760436122959e+00	-2.745567135435842548e-02	5.326652637414514002e-01	8.404758670778584850e-01	-1.700968753033684222e-01	-3.331194147412050999e-01
-7.348008451200142011e-01	8.275408448935972494e-01	2.539473172435061654e-01	-1.240656675001201803e+00	6.723248353455828219e-03	5.404340768508201220e-01	8.331390279644911301e-01	-1.884414684462384915e-01	-3.414512089701096098e-01
-7.057128151422286111e-01	8.368745148179270732e-01	2.412683137651712162e-01	-1.239344525223079474e+00	4.126636365966617620e-02	5.434632502297646051e-01	8.250474259766272800e-01	-2.072265153773863999e-01	-3.493764178676260213e-01
-6.763061770256640903e-01	8.457345916721537016e-01	2.291182073784762685e-01	-1.236343331581528204e+00	7.590137599785604094e-02	5.451522849102955481e-01	8.161806621176525001e-01	-2.264327576575207168e-01	-3.568916226982353224e-01
-6.465971786017813416e-01	8.541422127921335372e-01	2.175431309926362244e-01	-1.231653094076597510e+00	1.106666098492156830e-01	5.468860378114399623e-01	8.065115377254333806e-01	-2.460315898634524989e-01	-3.639129423440204958e-01
-6.166013144913117250e-01	8.621194371998800454e-01	2.065295151664312545e-01	-1.225259853668129617e+00	1.455787231174326957e-01	5.491754498017059616e-01	7.960400527999603737e-01	-2.660011138215391258e-01	-3.705359487773970950e-01
-5.863333261042559252e-01	8.696866341594526872e-01	1.960358219337048902e-01	-1.217163610356025050e+00	1.806635904214360100e-01	5.521888678855317867e-01	7.847390086790901886e-01	-2.863188336824357694e-01	-3.767398548654316004e-01
-5.558072016398846182e-01	8.768608855876193209e-01	1.858864702237634225e-01	-1.207350405100225066e+00	2.159697619032624472e-01	5.562245699692280887e-01	7.725948060317562316e-01	-3.069519934972442798e-01	-3.822270474714097865e-01
-5.250366064928709831e-01	8.836539276214401273e-01	1.761945068041125828e-01	-1.195806278860423122e+00	2.515693459839248303e-01	5.578756131579835076e-01	7.596074448579489546e-01	-3.278787615007331957e-01	-3.875828019064453400e-01
-4.940343452456236184e-01	8.900895704866256253e-01	1.670374234748758790e-01	-1.182524252116589736e+00	2.870547154763042896e-01	5.588423401881162933e-01	7.457565261610730190e-01	-3.490910192646151655e-01	-3.926046496642996431e-01
-4.628126844728882583e-01	8.961817316441397230e-01	1.582236924792933819e-01	-1.167511304388803683e+00	3.227954403453184851e-01	5.619051919071229584e-01	7.310284506100520607e-01	-3.705591154332223969e-01	-3.971387171221855139e-01
-4.313834603432786796e-01	9.019452809639744162e-01	1.497997737971797638e-01	-1.150746497116729161e+00	3.585452359958649082e-01	5.613386717209408738e-01	7.154164185393478981e-01	-3.922690876380686142e-01	-4.014577094866059737e-01
-3.997579710177446843e-01	9.073926612092433341e-01	1.416686471204124664e-01	-1.132250768860751933e+00	3.942304631337066323e-01	5.624571188908760178e-01	6.989068306178842782e-01	-4.142085341083341921e-01	-4.055038745468263484e-01
-3.679470842511040618e-01	9.125343181563870809e-01	1.338143178989351090e-01	-1.112003181060485790e+00	4.297231722332249260e-01	5.542015677280538455e-01	6.814996868456707491e-01	-4.363627121766995298e-01	-4.094074294968180205e-01
-3.359613449935770491e-01	9.173794379440991520e-01	1.261755680892900078e-01	-1.090052590356632933e+00	4.642851676415258866e-01	5.362084173082461991e-01	6.631813878916309468e-01	-4.587357557667711139e-01	-4.134029545371604164e-01
-3.038109753907840549e-01	9.219349024956819960e-01	1.186749537553438150e-01	-1.066454832910023187e+00	4.973734185809219888e-01	5.140559807167900397e-01	6.439383344246886187e-01	-4.813324462841661600e-01	-4.174076063803621728e-01
-2.715060899868138589e-01	9.262036919297080839e-01	1.112788424666537601e-01	-1.041265744881338273e+00	5.292059099527132160e-01	4.952791328654622127e-01	6.237637267793152418e-01	-5.041423576083027269e-01	-4.212304547525618226e-01
-2.390565881226887623e-01	9.301931490125582291e-01	1.040907560566770446e-01	-1.014555121471665711e+00	5.598649798447824510e-01	4.753095533038098619e-01	6.026575649555009351e-01	-5.271566906246768491e-01	-4.248858461331703751e-01
-2.064721539363655878e-01	9.339132586775947820e-01	9.716249931746662183e-02	-9.863927578818446618e-01	5.888744980700484355e-01	4.473857174570515793e-01	5.805994499566508038e-01	-5.503711121844481191e-01	-4.284771972716428512e-01
-1.737620411596693115e-01	9.373650962253335939e-01	9.014070038675439656e-02	-9.568554288329920166e-01	6.159163434496970346e-01	4.159930349318242682e-01	5.575893817827453081e-01	-5.737791806717156273e-01	-4.319396742908119813e-01
-1.409358263290245439e-01	9.405479857525933518e-01	8.324788693228238334e-02	-9.260478271265901729e-01	6.410966040674209721e-01	3.890694256717702193e-01	5.336137611027370609e-01	-5.973683947030425934e-01	-4.350834763205149169e-01
-1.080026555747232997e-01	9.434733561677151048e-01	7.654493716317789520e-02	-8.940606865238147627e-01	6.642808063023666332e-01	3.529519871417202692e-01	5.086725879166069664e-01	-6.211211560494213080e-01	-4.379868069357527594e-01
-7.497167502705871789e-02	9.461339568729343341e-01	6.970770177865241723e-02	-8.609917203061184798e-01	6.852169569761016321e-01	3.232391095993160657e-01	4.827522628932977011e-01	-6.450314049433163444e-01	-4.408408711302052585e-01
-4.185181561325685556e-02	9.485474842424562736e-01	6.335625398526580077e-02	-8.269595803150427971e-01	7.039531569837540470e-01	2.806810852082425312e-01	4.558527860327901138e-01	-6.690905082912520507e-01	-4.433335566656261828e-01
-8.651900659012357400e-03	9.507059810524629562e-01	5.671027592595566380e-02	-7.920759388721982930e-01	7.200840682944270599e-01	2.483456326406373316e-01	4.279605580040368173e-01	-6.932727660380358925e-01	-4.453773805420334075e-01
2.461924650998128031e-02	9.526172509124131160e-01	5.029054616189194277e-02	-7.564594478192254723e-01	7.340500244147708520e-01	2.060120731569417829e-01	3.990755788070087795e-01	-7.175534244483375845e-01	-4.471190736669333754e-01
5.795301777109573144e-02	9.542753335851609231e-01	4.375916406790346380e-02	-7.202147999575569948e-01	7.457549809340195957e-01	1.803937040579150775e-01	3.691978484417349771e-01	-7.419111498200106070e-01	-4.481421302710474341e-01
9.134037459557081684e-02	9.556817344914290135e-01	3.708553897012429462e-02	-6.834536676087046292e-01	7.551712676763321364e-01	1.369155905450536448e-01	3.383205672426579658e-01	-7.663083217880254372e-01	-4.487712386554247868e-01
1.247723860561800874e-01	9.568259464090326238e-01	3.035954508294107235e-02	-6.462877230942792872e-01	7.627308627281458309e-01	1.147460466083303487e-01	3.064437352097873490e-01	-7.907110222562852009e-01	-4.484242370002282096e-01
1.582399060226311605e-01	9.577109801794165822e-01	2.355735331883588787e-02	-6.088007206554271189e-01	7.679340575932861457e-01	7.448010925550253847e-02	2.735673523431231824e-01	-8.150848018614021973e-01	-4.478157936510873682e-01
1.917338959661638309e-01	9.583329032749795529e-01	1.671897956907697144e-02	-5.710973530935313791e-01	7.718339213630701634e-01	5.753946171508224350e-02	2.396982183082035922e-01	-8.393697436142356638e-01	-4.457530446316274042e-01
2.252449945534205911e-01	9.586842500378535137e-01	9.583352331672468846e-03	-5.332543951297582518e-01	7.736524986024622130e-01	2.058709556772901281e-02	2.048363331050189751e-01	-8.635508724180267492e-01	-4.437173097276539413e-01
2.587635176464442299e-01	9.587605963744869619e-01	2.538777257407930782e-03	-4.953556010051549663e-01	7.741446242686491619e-01	6.714385242708631636e-03	1.689816967335789344e-01	-8.875913648086815044e-01	-4.406803126585010499e-01
2.922798887088104980e-01	9.585636934885777283e-01	-4.685662587035374464e-03	-4.574707659207591925e-01	7.730099038363161812e-01	-2.679436459934302767e-02	1.321479085249502028e-01	-9.114471256010640010e-01	-4.371460116690047970e-01
3.257844236025629336e-01	9.580779648840798135e-01	-1.217684875196655379e-02	-4.196836441177668187e-01	7.700168177679965753e-01	-4.950721368597998939e-02	9.434176814466126160e-02	-9.351054873907090892e-01	-4.333225222838952839e-01
3.592669001820806840e-01	9.573086948949577346e-01	-1.957385749047273540e-02	-3.820710103171457428e-01	7.660809999382907076e-01	-6.423205886884619797e-02	5.557007525826966610e-02	-9.585046571508556434e-01	-4.279908516196154200e-01
3.927173115048080976e-01	9.562393853390090959e-01	-2.753771388071024964e-02	-3.446887006797263453e-01	7.606814956198332256e-01	-8.793757423532411188e-02	1.585322886237059553e-02	-9.815917571839664069e-01	-4.219819355538712013e-01
4.261246822143938129e-01	9.548518482760782744e-01	-3.587759376657500415e-02	-3.076134899265261513e-01	7.534162145221181550e-01	-1.151526363419308613e-01	-2.480877104304559863e-02	-1.004331674042540090e+00	-4.150373237862976517e-01
4.594777141498889717e-01	9.531329343169985258e-01	-4.458367625501243048e-02	-2.709151732585830530e-01	7.452436406627888088e-01	-1.289829562073868396e-01	-6.639552546135471522e-02	-1.026652869265450407e+00	-4.073210240485423683e-01
4.927646787442118703e-01	9.510796326203252438e-01	-5.329762997663720775e-02	-2.346286482763415004e-01	7.363551331948308132e-01	-1.433669841871220429e-01	-1.088866353959518918e-01	-1.048548735215767636e+00	-3.992519230149775833e-01
5.259737398287490651e-01	9.486835251191618745e-01	-6.218343297318696533e-02	-1.988167306606115625e-01	7.258892540172143804e-01	-1.685131860871879328e-01	-1.522617018502322173e-01	-1.070044341068776550e+00	-3.918767642429574760e-01
5.590928460318206339e-01	9.459396347082632550e-01	-7.134360751845701676e-02	-1.635561951325596453e-01	7.136232539222510107e-01	-1.989111843139229341e-01	-1.965139251586575653e-01	-1.091098580017851649e+00	-3.834508632140027906e-01
5.921095155756158634e-01	9.428328150117900597e-01	-8.085993801475807596e-02	-1.289307959332823550e-01	6.999437570887169224e-01	-2.134048311561923261e-01	-2.416093069935562887e-01	-1.111613532860457276e+00	-3.730730168257186952e-01
6.250108362761926939e-01	9.393574744670593057e-01	-9.041461155587011966e-02	-9.499636922360991942e-02	6.853421881287061757e-01	-2.303455546795961650e-01	-2.875410476893806022e-01	-1.131652785650461235e+00	-3.650435670192915816e-01
6.577841111526734341e-01	9.355147805432028063e-01	-9.995746269140431961e-02	-6.180875116422383797e-02	6.692425810293776145e-01	-2.536862757420454972e-01	-3.342819485839971239e-01	-1.151223178454232388e+00	-3.548495997628604570e-01
6.904159976149851774e-01	9.312803392799436919e-01	-1.104570910589146998e-01	-2.944471647629048547e-02	6.518142045861685663e-01	-2.738639592868823414e-01	-3.818184103463197476e-01	-1.170200012877358642e+00	-3.450384698357287228e-01
7.228923998623237868e-01	9.266304018973152701e-01	-1.213483665261847061e-01	2.032919159429674109e-03	6.324842832977236595e-01	-3.096258644977224472e-01	-4.301164346486866519e-01	-1.188683449406258363e+00	-3.343224738752887948e-01
7.551980384770239363e-01	9.215299750442409454e-01	-1.333684264515234696e-01	3.251946294140471011e-02	6.114885716405210614e-01	-3.324953122786644677e-01	-4.791624221600118139e-01	-1.206583936298226245e+00	-3.250055038527997486e-01
7.873167732291579402e-01	9.159409930824553570e-01	-1.464468629053561899e-01	6.191720158833047272e-02	5.878905758038813767e-01	-3.709375395822043786e-01	-5.289223745526139275e-01	-1.223909857615195662e+00	-3.138305426489100824e-01
8.192303118581403254e-01	9.098113807441138290e-01	-1.608617975800347433e-01	9.012144229872461054e-02	5.623900050017055507e-01	-4.026801237466842709e-01	-5.793894921609644699e-01	-1.240611539865476010e+00	-3.020523303004493676e-01
8.509188556819267113e-01	9.030820886694538308e-01	-1.770112275313511785e-01	1.170274922711048021e-01	5.343821213888793054e-01	-4.474177870647289001e-01	-6.305229769918537786e-01	-1.256586979729234610e+00	-2.867163284180102023e-01
8.823599159801500669e-01	8.956681988405860162e-01	-1.954080154142305570e-01	1.425097201438509376e-01	5.043230536499885286e-01	-4.741262080457789851e-01	-6.822888307175812850e-01	-1.271615003992470738e+00	-2.681925907020042965e-01
9.135279911895243243e-01	8.874770817987780447e-01	-2.164501104204746285e-01	1.664634331153815039e-01	4.716589976658729921e-01	-5.188024145388925312e-01	-7.346462553449467636e-01	-1.285302275634759184e+00	-2.397866988284557133e-01
9.443940288961791829e-01	8.784044333939808880e-01	-2.399941678767851250e-01	1.887699793441553753e-01	4.367385633147866653e-01	-5.507535049494112211e-01	-7.875272542185878244e-01	-1.297080770309618769e+00	-2.014639648416145234e-01
9.749258562417916218e-01	8.683895145084785661e-01	-2.646656775767706749e-01	2.093525841090557449e-01	4.013232563100461725e-01	-5.469471820842937149e-01	-8.408434316865371905e-01	-1.306367737605352186e+00	-1.530716017881977864e-01
1.005090009149644192e+00	8.574079311819945426e-01	-2.898998763454728733e-01	2.282391654904481759e-01	3.673717931735479003e-01	-5.210405380152616228e-01	-8.944791934346747464e-01	-1.312895535022116533e+00	-1.012677710810234583e-01
1.034852270332288882e+00	8.454398978850351520e-01	-3.155401930936365673e-01	2.454855596491628822e-01	3.342186589624666082e-01	-5.109078495917469542e-01	-9.483257448144281065e-01	-1.316571572632387221e+00	-4.880464943874531641e-02
1.064178099697680402e+00	8.324806525724581796e-01	-3.412579697325970329e-01	2.611615617861385297e-01	3.029781147753956017e-01	-4.698981349260805129e-01	-1.002267491511687147e+00	-1.317431279323619586e+00	2.954299040178394106e-03
1.093032419146108936e+00	8.185066922472715722e-01	-3.681883247217919708e-01	2.753648851827288357e-01	2.737463767098174960e-01	-4.472632957808205245e-01	-1.056182039546803120e+00	-1.315464876457242083e+00	5.535616033016396015e-02
1.121378859359469127e+00	8.034812723547016811e-01	-3.951892073005373041e-01	2.881583455198430954e-01	2.451854472608293312e-01	-4.360482744524937782e-01	-1.109960594271203638e+00	-1.310717621365589780e+00	1.066094738881504522e-01
1.149180728215058567e+00	7.873990163921680274e-01	-4.233713651799304589e-01	2.996047584782416950e-01	2.185106680814800362e-01	-4.070056562167551628e-01	-1.163487561370759149e+00	-1.303131240667703361e+00	1.595327481739827191e-01
1.176399181559516505e+00	7.701482774432419909e-01	-4.545193992570103481e-01	3.097739192590120982e-01	1.925009889353904990e-01	-4.045209232628903528e-01	-1.216647346531378737e+00	-1.292559104591322061e+00	2.158733111212824685e-01
1.202991286381235536e+00	7.516138140154837721e-01	-4.887379641463354130e-01	3.186867664223911878e-01	1.672956906714815617e-01	-3.833711715311357016e-01	-1.269303956442337178e+00	-1.278710609928378927e+00	2.777974841735284528e-01
1.228910236013423640e+00	7.317063761660679289e-01	-5.247853323276432391e-01	3.264130951693177130e-01	1.439062083522711089e-01	-3.565897174941312642e-01	-1.321321397792900143e+00	-1.261406553580846968e+00	3.421468441017885276e-01
1.254107179360165691e+00	7.103704476654990607e-01	-5.623291841170193761e-01	3.330296802209083973e-01	1.230702454620649505e-01	-2.557714722900498172e-01	-1.372556877606823322e+00	-1.240444804946679414e+00	4.130451307381439729e-01
1.278530790490290503e+00	6.875226773623533960e-01	-6.026901907092186983e-01	3.391088422250781997e-01	1.209767391296120431e-01	-1.266607008907259975e-02	-1.422847203911239200e+00	-1.215198252795397282e+00	4.914341721412618380e-01
1.302125116606714705e+00	6.630032448770869502e-01	-6.469519768875625632e-01	3.451112295081312231e-01	1.191610648264548461e-01	-3.046085195720292862e-02	-1.472022385067751182e+00	-1.185834478753041488e+00	5.684946074532389870e-01
1.324830223655638184e+00	6.367333153204431939e-01	-6.929465432162289495e-01	3.509740263893069701e-01	1.150954818841012361e-01	-7.366862024938333753e-02	-1.519905629772414724e+00	-1.152142353877828373e+00	6.492797245889365687e-01
1.346583595146473300e+00	6.086429327131407385e-01	-7.405696179925811418e-01	3.565716015067869615e-01	1.081317813807691625e-01	-1.228661517176234258e-01	-1.566313347055757088e+00	-1.113963394496071624e+00	7.323114088270984423e-01
1.367320347354910037e+00	5.786732320326483103e-01	-7.901007987153351175e-01	3.617643644586444052e-01	9.845878865965049243e-02	-1.588201687284041541e-01	-1.611068745613853048e+00	-1.071132924349726068e+00	8.195424907353581201e-01
1.386973121721382318e+00	5.467243332224684949e-01	-8.421778969858167985e-01	3.664266838831599649e-01	8.691100989881568595e-02	-1.826372584018459144e-01	-1.653967835480615323e+00	-1.023389211287559331e+00	9.111317583688116617e-01
1.405471008835738944e+00	5.127221634384873106e-01	-8.959502181289823453e-01	3.704887645793950024e-01	7.334598661436235456e-02	-2.212366475676866284e-01	-1.694806626689956630e+00	-9.705491341152743257e-01	1.005753627554321739e+00
1.422741054858705612e+00	4.765897926095052917e-01	-9.517914602482689945e-01	3.738319547056596637e-01	5.778957625654777830e-02	-2.485706319827252764e-01	-1.733374329610270381e+00	-9.124286917271232644e-01	1.103242900107694435e+00
1.438707831115751956e+00	4.383063599055126436e-01	-1.007649055897538393e+00	3.763655205007287452e-01	4.009290211971035245e-02	-2.797299573567055275e-01	-1.769453354944402701e+00	-8.490224386333755646e-01	1.200279739644412702e+00
1.453296124135413647e+00	3.978711894233280533e-01	-1.063440200373755751e+00	3.780057077234560414e-01	2.108423672338180163e-02	-3.012916709469248833e-01	-1.802826113395199492e+00	-7.803073809216013457e-01	1.297528327112350333e+00
1.466431043250825406e+00	3.553166937927897950e-01	-1.118094255989605434e+00	3.786966802130112830e-01	1.321989110609081549e-03	-3.153794971436353900e-01	-1.833275015665506436e+00	-7.063449463722991650e-01	1.393013732260695914e+00
1.478039419419646006e+00	3.107141193537986124e-01	-1.170309800851722093e+00	3.783965608488710219e-01	-1.972231217657516300e-02	-3.322706484746530964e-01	-1.860596071789236250e+00	-6.273558101363846395e-01	1.482886672565824515e+00
1.488051742051652360e+00	2.641942502996807995e-01	-1.219419291843538478e+00	3.770285749099184791e-01	-4.237455313489221082e-02	-3.593309377133536153e-01	-1.884578492134792338e+00	-5.436498504633189288e-01	1.568116634267242349e+00
1.496402912219468861e+00	2.158662726448273839e-01	-1.265235261670128786e+00	3.745368862354224726e-01	-6.557766236951434458e-02	-3.626472820742484005e-01	-1.905045485398210836e+00	-4.554898786410189748e-01	1.647311612044582096e+00
1.503032350260097960e+00	1.659060072404605346e-01	-1.306097946698211443e+00	3.709145153053041155e-01	-8.870524661746122252e-02	-3.555876583766471866e-01	-1.921813460610038327e+00	-3.633071342906880052e-01	1.717941833186925171e+00
1.507886793414778381e+00	1.145415867717604064e-01	-1.340681354852787832e+00	3.661614621195138364e-01	-1.117465411215959464e-01	-3.605106405767927735e-01	-1.934739624794021395e+00	-2.676723146973636891e-01	1.777094016116718356e+00
1.510921479445841875e+00	6.203209721733105031e-02	-1.368170043287591620e+00	3.602916857182590915e-01	-1.346735180254176045e-01	-3.560681837037986130e-01	-1.943681184973887088e+00	-1.692483252252429127e-01	1.823436288629423085e+00
1.512101975862776060e+00	8.697599625148761185e-03	-1.387079111480182148e+00	3.533051861015399364e-01	-1.576258845331935943e-01	-3.539591866035937118e-01	-1.948556545163216080e+00	-6.882584932301136216e-02	1.854836641786892892e+00
1.511404825531418972e+00	-4.515144339644439758e-02	-1.398366716740918836e+00	3.452159223095639384e-01	-1.795955320125420251e-01	-3.335896683732267332e-01	-1.949284109375569507e+00	3.291422258713021937e-02	1.874392236298532133e+00
1.508817761877025543e+00	-9.916487897537590301e-02	-1.399391325224331295e+00	3.361076485835268746e-01	-1.994901309122051603e-01	-3.046373134523595594e-01	-1.945836678948804188e+00	1.350366226633054334e-01	1.875063895730353591e+00
1.504342183719522552e+00	-1.529427069943976591e-01	-1.390489181461529444e+00	3.260571396443968095e-01	-2.181722925257768564e-01	-2.846570068812647181e-01	-1.938214253882929894e+00	2.365798019348461234e-01	1.858711625875759887e+00
1.497992509664311411e+00	-2.061322872577293353e-01	-1.372476685578583266e+00	3.151341906932114689e-01	-2.351367285387899742e-01	-2.549913058324712045e-01	-1.926457632171146628e+00	3.366850863613164990e-01	1.826718549447652773e+00
1.489795747696140538e+00	-2.583744632484639148e-01	-1.345400744285882633e+00	3.034225559711171694e-01	-2.504083621396183679e-01	-2.260907757759731407e-01	-1.910648409799893255e+00	4.344821140218833588e-01	1.779253435987867560e+00
1.479790526765302205e+00	-3.093741141315636267e-01	-1.311070377092796724e+00	2.910339077996255130e-01	-2.630165910898655257e-01	-1.823263248591868169e-01	-1.890895381417751597e+00	5.292568782798159344e-01	1.719479470535524079e+00
1.468024837155449402e+00	-3.588651276076244012e-01	-1.269822466716972187e+00	2.781008570606339769e-01	-2.723921308514152262e-01	-1.312533523386223422e-01	-1.867327740669898928e+00	6.203694676833468868e-01	1.648181527612091690e+00
1.454556138085126848e+00	-4.065917572742159813e-01	-1.222366517039713107e+00	2.647909122363854562e-01	-2.788488104351640740e-01	-8.405755011095578100e-02	-1.840122278860279570e+00	7.072071152188487142e-01	1.566345424024065291e+00
1.439449420880177355e+00	-4.523831839636593410e-01	-1.171099636463234672e+00	2.512366842087773167e-01	-2.820020945173888904e-01	-3.015268732385618933e-02	-1.809448987627289895e+00	7.893391789408201742e-01	1.477609274327911670e+00
1.422774734138488428e+00	-4.961213704021730786e-01	-1.117022820569120167e+00	2.376196405003095369e-01	-2.815846096512861219e-01	2.640119703630745829e-02	-1.775518656602536494e+00	8.664422664880907510e-01	1.383423080250126835e+00
1.404605677308531808e+00	-5.377034871375591107e-01	-1.060253894546563602e+00	2.241072895932745002e-01	-2.779230756587310891e-01	7.714163896853527824e-02	-1.738535275752115972e+00	9.382357857206039542e-01	1.284337288733722326e+00
1.385019185486297433e+00	-5.770549390368812093e-01	-1.002009720572921259e+00	2.108531809298065940e-01	-2.707365415350747040e-01	1.320812000341413661e-01	-1.698730033704239917e+00	1.004544700668144941e+00	1.182992201429929446e+00
1.364094022993834532e+00	-6.141490586473433710e-01	-9.432782911791074421e-01	1.980318025123268266e-01	-2.601562617752321560e-01	1.847503046290838447e-01	-1.656313720090543340e+00	1.065302802144597605e+00	1.080822130511165158e+00
1.341909276957789832e+00	-6.489776122392805213e-01	-8.842352672091330357e-01	1.858176423432561508e-01	-2.460034389709895020e-01	2.389750535421397426e-01	-1.611531122870304422e+00	1.120453726010828932e+00	9.771293486872736356e-01
1.318544680114007717e+00	-6.815381727058137384e-01	-8.258617009153339517e-01	1.743572703446499839e-01	-2.292477310838014204e-01	2.789866870229903428e-01	-1.564599831340676817e+00	1.170029331702183928e+00	8.762495451827563286e-01
1.294078028370741817e+00	-7.119159652935512783e-01	-7.698134629931231432e-01	1.637832973983065765e-01	-2.096603941781212399e-01	3.237238586864354950e-01	-1.515744234464362794e+00	1.214246326467000037e+00	7.789137494346553003e-01
1.268584427597923447e+00	-7.401959080203828201e-01	-7.160054751999316291e-01	1.542283343860242628e-01	-1.873629824493708573e-01	3.648871707185566970e-01	-1.465188721204044864e+00	1.253287167415460868e+00	6.850381413739028424e-01
1.242135755619497628e+00	-7.664713984168376459e-01	-6.646989552622410979e-01	1.458249921897004642e-01	-1.626547315375276304e-01	4.009360904757927613e-01	-1.413137281525800759e+00	1.287348572864087659e+00	5.948826975220775637e-01
1.214800339408828034e+00	-7.908441906345982098e-01	-6.160860451913524605e-01	1.386779636108174951e-01	-1.359021983056312721e-01	4.312325396798053490e-01	-1.359793905395708435e+00	1.316655102855859738e+00	5.090361119258122180e-01
1.186643062690223571e+00	-8.134217840023892920e-01	-5.702963606727099455e-01	1.328779824105013885e-01	-1.074476287776372219e-01	4.562293098687499326e-01	-1.305335384117711994e+00	1.341451090538236190e+00	4.277314385644723771e-01
1.157724827931280842e+00	-8.343141049558143729e-01	-5.273707536219440772e-01	1.285018233099185225e-01	-7.762373464183351668e-02	4.760429231826955321e-01	-1.249952108326813027e+00	1.361984073264523420e+00	3.509344290340177253e-01
1.128102663944410944e+00	-8.536315714964273216e-01	-4.872981116159980641e-01	1.255983429497705695e-01	-4.696908139055126774e-02	4.859467687381035517e-01	-1.193814069661417676e+00	1.378492274608336121e+00	2.785329213374371227e-01
1.097829941089909056e+00	-8.714839257226004721e-01	-4.500878239742816533e-01	1.242094184505314475e-01	-1.567845404213566093e-02	4.957493110980888407e-01	-1.137070860763317537e+00	1.391246474866953520e+00	2.113332639286804315e-01
1.066955940869823705e+00	-8.879778374455177259e-01	-4.156065176881201806e-01	1.243559883725372933e-01	1.602573370018355037e-02	5.010826908011555281e-01	-1.079885673605380569e+00	1.400525041498651202e+00	1.491365627115922021e-01
1.035526609138681220e+00	-9.032152451540925719e-01	-3.836909765509531889e-01	1.260589912761242437e-01	4.791631813401465295e-02	5.022693662207322607e-01	-1.022380902167245864e+00	1.406574880976827924e+00	9.129945134321465483e-02
1.003584125697360996e+00	-9.172882252953635795e-01	-3.541444636084215003e-01	1.293114476411637015e-01	7.971799460160394757e-02	4.998398997134326227e-01	-9.646925397596383123e-01	1.409627327002420660e+00	3.758154998235553601e-02
9.711677651053547411e-01	-9.302853211861026317e-01	-3.268578090762249144e-01	1.341133574676061091e-01	1.111950844547728579e-01	4.941251301288123732e-01	-9.069361806966682593e-01	1.409919274980817372e+00	-1.163117101477778061e-02
9.383138966807664794e-01	-9.422911436154803866e-01	-3.017316632653848640e-01	1.404368026751355025e-01	1.422418916278318235e-01	4.865983898658628459e-01	-8.492206196269176388e-01	1.407679319265987106e+00	-5.669829608155793621e-02
9.050556616957151634e-01	-9.533855413275250656e-01	-2.786436379529761975e-01	1.482678242235443422e-01	1.727760451262772834e-01	4.775690190593822049e-01	-7.916478515334204324e-01	1.403107448788709632e+00	-9.841856027003116625e-02
8.714236189855315562e-01	-9.636424949977354659e-01	-2.574349842381898901e-01	1.575645449922099262e-01	2.026830413558531330e-01	4.676425797403359619e-01	-7.342994724026155051e-01	1.396384377438371294e+00	-1.369431431172979663e-01
8.374459601518227103e-01	-9.731312539793395278e-01	-2.379971545685984347e-01	1.683060264208952883e-01	2.318044134770475273e-01	4.540803770063079892e-01	-6.772706775519987676e-01	1.387673818551051541e+00	-1.723068607816902464e-01
8.031485095624736337e-01	-9.819215591915159136e-01	-2.204836248287578016e-01	1.804434118688987565e-01	2.598867518960150114e-01	4.391653195980899649e-01	-6.206362633024709030e-01	1.377256928738303632e+00	-2.016254817802411448e-01
7.685541863439820931e-01	-9.900926449208550251e-01	-2.050015146287213486e-01	1.939348242156472557e-01	2.873303871144149424e-01	4.292705026089627673e-01	-5.644642263094039603e-01	1.365407094827551182e+00	-2.263434798662096181e-01
7.336830043814588365e-01	-9.977411960451785244e-01	-1.921796211849949865e-01	2.087523453807256513e-01	3.144534975399670418e-01	4.265788277646029303e-01	-5.087953645659883950e-01	1.352351632810845361e+00	-2.478195826326141660e-01
6.985520723186274816e-01	-1.004933358907654117e+00	-1.805860852536035899e-01	2.248959753641835146e-01	3.413339717131463336e-01	4.211320099366818170e-01	-4.536840753965393214e-01	1.338132861448318556e+00	-2.692235958662004824e-01
6.631768847762190555e-01	-1.011697367827543825e+00	-1.696420556918084854e-01	2.423238370453981716e-01	3.674607698144763401e-01	4.066296518688277128e-01	-3.991847561253235588e-01	1.322730343551377752e+00	-2.908707819258004590e-01
6.275721831642342430e-01	-1.018030611360737359e+00	-1.581872854453202082e-01	2.610080123440041144e-01	3.923817548755342277e-01	3.835760347445196783e-01	-3.453382047455700876e-01	1.306064322617991991e+00	-3.144486622405472387e-01
5.917531392988057970e-01	-1.023939602756074541e+00	-1.475433471473759361e-01	2.808647470188551099e-01	4.156209540887287890e-01	3.567309114368866774e-01	-2.921988185815554417e-01	1.288189485974907900e+00	-3.361097399656363116e-01
5.557341717853354623e-01	-1.029461823917254604e+00	-1.377859057891401839e-01	3.018033073086763829e-01	4.367862493003494273e-01	3.239169225084641557e-01	-2.398141952920468944e-01	1.269162247567567015e+00	-3.567428771787268249e-01
5.195279776047005971e-01	-1.034624065188561204e+00	-1.283804083507983640e-01	3.237259799321142162e-01	4.559082293604210245e-01	2.919448473857236825e-01	-1.882387322013208408e-01	1.249026486753769039e+00	-3.771896933060220891e-01
4.831475765423758340e-01	-1.039409582604816862e+00	-1.183987640851637824e-01	3.465280720877358389e-01	4.727658619284217933e-01	2.557481183775445199e-01	-1.374996279715300362e-01	1.227774317534665816e+00	-3.977297310250634821e-01
4.466062035869025615e-01	-1.043816379179349330e+00	-1.088487413284322247e-01	3.700909319339009684e-01	4.871336937308752835e-01	2.142407598654914314e-01	-8.766487925802726733e-02	1.205346188167379484e+00	-4.195917815596014178e-01
4.099167709222229505e-01	-1.047871275979313843e+00	-9.965797770476259032e-02	3.942889281088407527e-01	4.984892963960974033e-01	1.663270078350126968e-01	-3.876848438849378464e-02	1.181795042757858960e+00	-4.391064122938593828e-01
3.730915451230822910e-01	-1.051563704336782257e+00	-9.026355280281891935e-02	4.189615316503417231e-01	5.070084198930806529e-01	1.211633012238164386e-01	9.141958978312813081e-03	1.157119187891614498e+00	-4.608299429910219791e-01
3.361433307718903474e-01	-1.054895968467145728e+00	-8.082827598524497392e-02	4.439761316765560295e-01	5.121147834500037188e-01	6.893274359240707250e-02	5.601885318364459992e-02	1.131348108903285299e+00	-4.800539201573011949e-01
2.990849324510564955e-01	-1.057860141869457982e+00	-7.117938935903524167e-02	4.691582401851123185e-01	5.138994811773007765e-01	1.121474025525123763e-02	1.018146005687536326e-01	1.104387622063474961e+00	-5.018206123903934390e-01
2.619291547429903333e-01	-1.060443443829015120e+00	-6.114005701921974151e-02	4.943333691735896096e-01	5.117655726682409645e-01	-5.252973855386378760e-02	1.464816034748823159e-01	1.076197732906447824e+00	-5.242727610950810302e-01
2.246900934484956924e-01	-1.062623876769547504e+00	-5.048897422300589743e-02	5.192991125591518431e-01	5.052538102628849614e-01	-1.213823805975683956e-01	1.899654645777348883e-01	1.046813422062882193e+00	-5.468186503067273829e-01
1.873822747745077788e-01	-1.064354588311430927e+00	-3.823621553200894085e-02	5.438321256987259655e-01	4.943332617377743654e-01	-1.853726905055565477e-01	2.322253858841112351e-01	1.016267345869059424e+00	-5.683480456654795843e-01
1.500225921616843705e-01	-1.065582397163433059e+00	-2.504337456881535612e-02	5.677300025095254332e-01	4.790278487754356940e-01	-2.561123677109580221e-01	2.732137697352537975e-01	9.847362005054789424e-01	-5.840381491842024930e-01
1.126285846598810009e-01	-1.066314093080239944e+00	-1.230421084120603310e-02	5.907903369087141865e-01	4.601221510567238826e-01	-3.086881674368934236e-01	3.128966178034716106e-01	9.525317734634278777e-01	-5.940440249382301641e-01
7.521736091282096859e-02	-1.066572380264175113e+00	-2.481238499951125397e-04	6.128665589742864350e-01	4.389567127728393192e-01	-3.363603431725432635e-01	3.512535310921695020e-01	9.199679274970486986e-01	-5.988384352107863906e-01
3.780495354889949755e-02	-1.066389333393485739e+00	1.092468617167429226e-02	6.338679349449674039e-01	4.160705300636276527e-01	-3.623744584674274960e-01	3.882709102702711634e-01	8.872632458922993237e-01	-6.005998776381944460e-01
4.059963765847519825e-04	-1.065803018106437294e+00	2.122570450734241262e-02	6.537316491398974527e-01	3.922014409013226399e-01	-3.765974673310498178e-01	4.239487553377764839e-01	8.545198979900415770e-01	-6.010745629601473849e-01
-3.696573760791800611e-02	-1.064847813296668555e+00	3.044662164710089033e-02	6.723948858782168303e-01	3.672944483076756583e-01	-3.821668635897878530e-01	4.582870662946855189e-01	8.218342257930409955e-01	-6.004828469955110215e-01
-7.429776662679796195e-02	-1.063531399682150935e+00	3.985314816123185222e-02	6.898506656398465386e-01	3.423963691160705203e-01	-3.885393329408514673e-01	4.912858431409982685e-01	7.891741374365131012e-01	-5.986161868776155304e-01
-1.115776089022438994e-01	-1.061870459782317866e+00	4.876421058087314353e-02	7.060920089046581749e-01	3.178383583885640018e-01	-3.783431316822626900e-01	5.229518855422529144e-01	7.566432466442661875e-01	-5.966776417405443844e-01
-1.487931054610435178e-01	-1.059852397219696263e+00	5.814144034433972597e-02	7.211328747128096239e-01	2.930827934790442568e-01	-3.878279757792592042e-01	5.532783938329113305e-01	7.241321953649101362e-01	-5.962393415323311574e-01
-1.859316669238534059e-01	-1.057476874042695858e+00	6.731272571720005315e-02	7.349593040241925168e-01	2.677439086423182846e-01	-3.937080977448483843e-01	5.822857670095783478e-01	6.917539443061508919e-01	-5.930617794893763284e-01
-2.229808115128615598e-01	-1.054750956511849580e+00	7.650222812472809442e-02	7.475363992383126099e-01	2.420437091103023741e-01	-3.985961277725604268e-01	6.099672054067253324e-01	6.595134408946340399e-01	-5.908615484629665682e-01
-2.599280574502579877e-01	-1.051651233798782004e+00	8.645735095339636411e-02	7.588571808349919845e-01	2.164129711624170616e-01	-3.986054915578863267e-01	6.363227090243428474e-01	6.273714045550463636e-01	-5.891316072414138905e-01
-2.967599545444354892e-01	-1.048158565554308197e+00	9.668332493430620289e-02	7.689216488142800454e-01	1.904464139966713654e-01	-4.037586575023188740e-01	6.613726768590452165e-01	5.953762802234672247e-01	-5.856715721761869275e-01
-3.334624069945903435e-01	-1.044265148168969981e+00	1.071571067471119992e-01	7.777228236560979058e-01	1.645172273062601720e-01	-4.013427338444404135e-01	6.851171089108325507e-01	5.636140999968004550e-01	-5.805177368077529820e-01
-3.700215342029843923e-01	-1.039964806345518022e+00	1.178804274727924400e-01	7.852537258403664566e-01	1.386023735952479352e-01	-4.023262218268270907e-01	7.075628048452430319e-01	5.321225174442816286e-01	-5.759643473892989141e-01
-4.064223795565512498e-01	-1.035224697333908095e+00	1.295377581257802779e-01	7.915213348871151799e-01	1.125173554564262296e-01	-4.052880832215199347e-01	7.287233639933433649e-01	5.008741058920229694e-01	-5.711963102193191588e-01
-4.426491256299612820e-01	-1.030019167536115887e+00	1.418862447971645790e-01	7.965116917561860799e-01	8.619280716408138365e-02	-4.135644626610096575e-01	7.486123856862099135e-01	4.698675371717975779e-01	-5.669193194627059063e-01
-4.786847713810237770e-01	-1.024311902517573980e+00	1.551167291931791203e-01	8.002038578872926466e-01	5.920541508807867365e-02	-4.189772669298235108e-01	7.672366695893710897e-01	4.391371610343762777e-01	-5.610048154412546895e-01
-5.145115625568179585e-01	-1.018081457713706728e+00	1.688499450328611040e-01	8.025699152000197456e-01	3.201170851534321932e-02	-4.227001872965254758e-01	7.846030153683651864e-01	4.087536360294352633e-01	-5.543110839168250426e-01
-5.501104536860284000e-01	-1.011304330127522189e+00	1.832435084359181898e-01	8.035959046542590078e-01	4.432327906736008120e-03	-4.256615793845551776e-01	8.007386216853449312e-01	3.787800335456539824e-01	-5.460155221795390812e-01
-5.854620764927418453e-01	-1.003946908937178639e+00	1.986551309330627790e-01	8.032818262499111794e-01	-2.343677861461069753e-02	-4.378808946239998168e-01	8.156570878713769179e-01	3.492393474954623711e-01	-5.382776416738189740e-01
-6.205452334749865795e-01	-9.959731254910832998e-01	2.148610962341296338e-01	8.015718438262452450e-01	-5.261360125313049863e-02	-4.603620470110597052e-01	8.293720132575376214e-01	3.201186780449555846e-01	-5.302633014574096304e-01
-6.553379739200596577e-01	-9.873533322178673632e-01	2.319806255613594548e-01	7.983891826621940524e-01	-8.395514873563462988e-02	-4.949320026893470614e-01	8.418969971748839765e-01	2.914065531410731658e-01	-5.230538597847967930e-01
-6.898166254907336370e-01	-9.780336412002448299e-01	2.505052023207242073e-01	7.936291499562750928e-01	-1.172015188489411164e-01	-5.232700351882039191e-01	8.532592382855784807e-01	2.631268632097980564e-01	-5.140165545375462441e-01
-7.239562246313869798e-01	-9.679881530572173043e-01	2.694369500673347018e-01	7.871800733870264466e-01	-1.533532889014593004e-01	-5.797906702886831409e-01	8.634791355862161399e-01	2.353511467122569589e-01	-5.047262933863008172e-01
-7.577309469741343451e-01	-9.571933340689205982e-01	2.892505758785999803e-01	7.789023625524219563e-01	-1.923818859313628227e-01	-6.186836107722988309e-01	8.725634887423451280e-01	2.080983466477873411e-01	-4.941342571128553018e-01
-7.911138921357624421e-01	-9.456114258258087046e-01	3.099752289245479853e-01	7.686354884903473517e-01	-2.346312399231533230e-01	-6.668749688679749266e-01	8.805462960816367035e-01	1.814395532207392636e-01	-4.834866663872231518e-01
-8.240765457100653890e-01	-9.331834404138626970e-01	3.323745871460502821e-01	7.562328812786481835e-01	-2.802738387982062207e-01	-7.279929767361470461e-01	8.874547562662340461e-01	1.553437387611198151e-01	-4.728621521263455252e-01
-8.565883488617126451e-01	-9.198620338875083124e-01	3.559401275566260181e-01	7.415130733949235609e-01	-3.294516960856831433e-01	-7.820325886401935378e-01	8.932956689616753376e-01	1.298448097435539184e-01	-4.613900967009545440e-01
-8.886173439354468906e-01	-9.055930418236125545e-01	3.811923231856410577e-01	7.243364744371474373e-01	-3.807121275539273042e-01	-8.002468048462620942e-01	8.981166318267181925e-01	1.049735232237582194e-01	-4.494926528988199554e-01
-9.201284528315579747e-01	-8.902814076565642720e-01	4.089988045833358732e-01	7.046751663250535591e-01	-4.301283861547651188e-01	-7.422066888582526945e-01	9.019244445268814747e-01	8.092498711427860425e-02	-4.321570081916740191e-01
-9.510832618028168817e-01	-8.738003073712229396e-01	4.407142423321664393e-01	6.828153093824753661e-01	-4.703700786031739800e-01	-5.655297369770941884e-01	9.047735043864801874e-01	5.806631707431873096e-02	-4.077687563038576157e-01
-9.814376542207540188e-01	-8.559717326478886168e-01	4.768062516616616842e-01	6.592873471368043692e-01	-4.983700932414850127e-01	-3.884544554786376613e-01	9.067250083953194428e-01	3.682152748992676555e-02	-3.754751669187298968e-01
-1.011142456184855210e+00	-8.367027775219815222e-01	5.146076835142648909e-01	6.346147435953033433e-01	-5.182847651797753974e-01	-2.870999044983038040e-01	9.078333538776852674e-01	1.739734940584510003e-02	-3.423206971956791467e-01
-1.040146772170081002e+00	-8.159674504438874099e-01	5.525204470080585795e-01	6.090138638809169391e-01	-5.369750676051638916e-01	-2.822272051549200023e-01	9.081869364855642557e-01	-3.249959149292692430e-04	-3.113413368978570350e-01
-1.068399276245260543e+00	-7.937702369529016089e-01	5.907047588728842058e-01	5.824637694334576787e-01	-5.572952492610673270e-01	-3.156216593817998683e-01	9.078469532087616312e-01	-1.650033822413365936e-02	-2.835033153086984892e-01
-1.095848427276156389e+00	-7.700889244126508659e-01	6.293061336162625308e-01	5.548876855317591561e-01	-5.796908228700894394e-01	-3.673461815167273770e-01	9.068746010371110389e-01	-3.113375324780415579e-02	-2.552118961310786971e-01
-1.122441715714736610e+00	-7.448932815172011335e-01	6.690459055024066126e-01	5.261599808141020906e-01	-6.039477523254142000e-01	-3.707280500269669044e-01	9.053378766259655430e-01	-4.425398338809957699e-02	-2.268305947337287964e-01
-1.148125448396107195e+00	-7.181405727517605753e-01	7.097202696610721562e-01	4.962387781599630343e-01	-6.285094972390088408e-01	-3.848547839808427740e-01	9.032911772996304878e-01	-5.572505692471802635e-02	-1.963051417822534173e-01
-1.172844102929315957e+00	-6.897691987582000861e-01	7.523815159166667987e-01	4.650891799687982830e-01	-6.546339346479843613e-01	-4.084774466081391164e-01	9.008092993789774683e-01	-6.561223506370331138e-02	-1.669477272928871492e-01
-1.196539682088154866e+00	-6.597133204220709812e-01	7.965525679242668744e-01	4.326483705597977125e-01	-6.809630798521687511e-01	-4.074248141107209564e-01	8.979534398538502327e-01	-7.385806290776578131e-02	-1.368527450347975793e-01
-1.219151821412693071e+00	-6.278893715318463187e-01	8.430989183092175709e-01	3.989303089730697471e-01	-7.073336873984356066e-01	-4.053381649468546510e-01	8.947983950451395829e-01	-8.043368102154312138e-02	-1.049301281352523069e-01
-1.240617789209277122e+00	-5.942562141620728600e-01	8.902217346147288657e-01	3.639070771282984507e-01	-7.342848106555359688e-01	-4.230132148408194404e-01	8.914121616081985833e-01	-8.521357418716353493e-02	-7.201945698891293324e-02
-1.260873777768924953e+00	-5.587906218216054377e-01	9.380300430331303119e-01	3.275577364651476309e-01	-7.619173012623031704e-01	-4.315097214532438996e-01	8.878627361983895128e-01	-8.819994550367354913e-02	-3.904777667576840583e-02
-1.279855548976523316e+00	-5.214924408960848190e-01	9.853188676112967226e-01	2.898404098630938952e-01	-7.902137330169924923e-01	-4.478877641659285147e-01	8.842317148021610063e-01	-8.931029580165324167e-02	-4.942046236460257043e-03
-1.297498972318491317e+00	-4.823695057178414847e-01	1.032839832541902370e+00	2.507341587618009959e-01	-8.189186646996106100e-01	-4.438591240301151819e-01	8.805870940748464770e-01	-8.867220892098796881e-02	2.705993263998757517e-02
-1.313740304646766388e+00	-4.414226150815445116e-01	1.079999663666496801e+00	2.102250241211109649e-01	-8.474553290926388760e-01	-4.442716445869884234e-01	8.770104700029039968e-01	-8.628168707531445880e-02	5.882494064294660485e-02
-1.328516018016352440e+00	-3.986811400527156546e-01	1.126478310437318608e+00	1.683339445012608238e-01	-8.760319535689785608e-01	-4.462481184247057975e-01	8.735630395761386779e-01	-8.224790237247125990e-02	8.765357137321128089e-02
-1.341763821899880416e+00	-3.541830848238764484e-01	1.171356305602747172e+00	1.250260223018556105e-01	-9.051438686135281353e-01	-4.542360307019374654e-01	8.703127994499225695e-01	-7.663002636718140026e-02	1.165611077402355505e-01
-1.353423922125543744e+00	-3.080305722211717501e-01	1.213502942167774767e+00	8.030125752279614060e-02	-9.342266970668240411e-01	-4.515892305137454987e-01	8.673209466140703316e-01	-6.950081943534033857e-02	1.431284952248428888e-01
-1.363440322855645537e+00	-2.603373628946163421e-01	1.252515843521506245e+00	3.416662968421099733e-02	-9.629690707609086520e-01	-4.455945977223576548e-01	8.646554777239541245e-01	-6.100445257777829811e-02	1.668611648951053572e-01
-1.371761364594262567e+00	-2.112389877212426104e-01	1.287687739435513734e+00	-1.335692265361327485e-02	-9.913007269069737948e-01	-4.395885227875644397e-01	8.623571907727740626e-01	-5.126800659066461929e-02	1.890155508933997197e-01
-1.378341262889166252e+00	-1.609375970534778488e-01	1.317486982223599501e+00	-6.223450189013297190e-02	-1.017783174041942740e+00	-3.958553992079375528e-01	8.604872827503736721e-01	-4.046928501475767492e-02	2.058357723819506935e-01
-1.383140818501937819e+00	-1.095970820513912369e-01	1.343071242261914877e+00	-1.123614152239649500e-01	-1.043068378165247889e+00	-3.924533952070570764e-01	8.590729523188767036e-01	-2.889790655342612882e-02	2.177814630890996250e-01
-1.386127062322910941e+00	-5.741978969379006592e-02	1.363079347442668787e+00	-1.637097445746940605e-01	-1.067672300782244621e+00	-3.783516015501349194e-01	8.581413981404455438e-01	-1.681582582608057153e-02	2.250862203289640817e-01
-1.387274664951252179e+00	-4.635437044357655634e-03	1.376943391522213345e+00	-2.162236537815892812e-01	-1.091012437477630881e+00	-3.565392782018151352e-01	8.577130192116755314e-01	-4.472246705110389381e-03	2.277001427727337879e-01
-1.386566679145536662e+00	4.851470949122380777e-02	1.384958934639994643e+00	-2.698403271636917178e-01	-1.112600654301383107e+00	-3.295075943216279613e-01	8.577946151981047374e-01	7.804465786471632624e-03	2.235318525434181469e-01
-1.383993808133326286e+00	1.018204314271413946e-01	1.386759258857812149e+00	-3.244690309598258771e-01	-1.132777334476580133e+00	-3.046796627917211508e-01	8.583657871031282749e-01	1.979164490949357827e-02	2.168299130013000842e-01
-1.379555675309256157e+00	1.549912584494746448e-01	1.381135240010057164e+00	-3.800329904489244681e-01	-1.150601706331851881e+00	-2.647965075968808368e-01	8.594265349267461440e-01	3.126553582296354855e-02	2.051057197264847531e-01
-1.373261717327756815e+00	2.077610659696706441e-01	1.368708072916126062e+00	-4.363995947491396410e-01	-1.165687832435288840e+00	-2.209282236982783587e-01	8.609360606757485712e-01	4.195402275645031959e-02	1.885154997748713368e-01
-1.365130420132173450e+00	2.598804733643537701e-01	1.350023726157494774e+00	-4.934292534584949763e-01	-1.177847572759842754e+00	-1.743378739966893187e-01	8.628671656879732810e-01	5.160457610432411107e-02	1.674760977368478232e-01
-1.355188630304952291e+00	3.111134245196846559e-01	1.325080364947872846e+00	-5.509823761751131421e-01	-1.186871512432822406e+00	-1.236321696967061234e-01	8.651654526391533429e-01	5.999008242018900178e-02	1.424167633288288271e-01
-1.343471630388716198e+00	3.612240261530452190e-01	1.294262416901831747e+00	-6.088844748965733800e-01	-1.192510047582602040e+00	-6.974010557274762379e-02	8.677765242049834127e-01	6.690397169970019320e-02	1.138087020883997158e-01
-1.330022407195839973e+00	4.099985208110099588e-01	1.257684276955934877e+00	-6.669889797008199395e-01	-1.194644399615679919e+00	-1.222148605401701844e-02	8.706391833956489412e-01	7.222337676038843857e-02	8.373611560040319923e-02
-1.314891598007684514e+00	4.572336152503175266e-01	1.216838105004468984e+00	-7.250865049849876121e-01	-1.192623475273433487e+00	5.211286429996028757e-02	8.736854335557872053e-01	7.576888199730989759e-02	4.938796995129194484e-02
-1.298135004979187546e+00	5.028220559252183364e-01	1.173137643771121397e+00	-7.829955832265267368e-01	-1.186894346766143027e+00	1.096398537912877530e-01	8.768336786989693321e-01	7.739766782080531593e-02	1.343721724272640798e-02
-1.279812400761848989e+00	5.466463892964968929e-01	1.126566699272542715e+00	-8.405487059431450136e-01	-1.178027901041280856e+00	1.558332974391233583e-01	8.800159221698229395e-01	7.702310279805849036e-02	-2.413279481971424001e-02
-1.259987033536680290e+00	5.886270738488437182e-01	1.078185139798255365e+00	-8.975783646525002935e-01	-1.165135444731540737e+00	2.246931466922971465e-01	8.831369686508618866e-01	7.460428432830878975e-02	-6.174887953242793465e-02
-1.238724540238721916e+00	6.287081939554285404e-01	1.028505828003183575e+00	-9.538751737517272566e-01	-1.148101232375416725e+00	2.886504486983133000e-01	8.861152221556377606e-01	7.014439835509074517e-02	-9.933848400183589722e-02
-1.216092171826007373e+00	6.668539881933773783e-01	9.780590171253564780e-01	-1.009236727158039360e+00	-1.127065088496431722e+00	3.510018391730097553e-01	8.888690866977213556e-01	6.365388760108908750e-02	-1.365488041849304834e-01
-1.192157824865766935e+00	7.030501397043922296e-01	9.274099808889612051e-01	-1.063481557348837425e+00	-1.102094156908041356e+00	4.123534276717923941e-01	8.913169662906930135e-01	5.516448864608791691e-02	-1.730164437582351333e-01
-1.166989826331362501e+00	7.373066948675791599e-01	8.772536246582925967e-01	-1.116414237761513162e+00	-1.073254365309457281e+00	4.725012222317628297e-01	8.933772649481045436e-01	4.472643115222198207e-02	-2.084146906513711095e-01
-1.140655642383893165e+00	7.696512120990187666e-01	8.277732675157924991e-01	-1.167853300873517020e+00	-1.040629339438937651e+00	5.314761523968137835e-01	8.949751863490743586e-01	3.240568191490564992e-02	-2.425153961599545438e-01
-1.113221663169129405e+00	8.001238461922646206e-01	7.798221010413262100e-01	-1.217596340602013161e+00	-1.004288641031197526e+00	5.877155387184722635e-01	8.960291345071540459e-01	1.824144513977930121e-02	-2.761908567565886097e-01
-1.084751911599119101e+00	8.287977483052740846e-01	7.333144088057885757e-01	-1.265496787025044867e+00	-9.646974266306762580e-01	6.390583134048647418e-01	8.964643131014622401e-01	2.342785353055125072e-03	-3.069061380502088321e-01
-1.055308904164450112e+00	8.557076045604051773e-01	6.879363705574750298e-01	-1.311380152140141808e+00	-9.216216013991567202e-01	6.934464637240472795e-01	8.962127254766268925e-01	-1.517225234356681628e-02	-3.359648405235868829e-01
-1.024953435731184470e+00	8.809178100971283287e-01	6.443539339466133331e-01	-1.355078927465011684e+00	-8.752136231410662104e-01	7.444338838747204257e-01	8.952131746428333425e-01	-3.421955123778715191e-02	-3.634362424100651134e-01
-9.937437187285959039e-01	9.045028371568920589e-01	6.027380611688433198e-01	-1.396432584037391234e+00	-8.256873276620517732e-01	7.918090729873764611e-01	8.934112632757857941e-01	-5.470464685864998705e-02	-3.890961112888944307e-01
-9.617352755476366033e-01	9.265366049694512274e-01	5.630403697074110037e-01	-1.435301531455403623e+00	-7.732936923274720264e-01	8.355451464946000995e-01	8.907321950545932232e-01	-7.653475520004864030e-02	-4.131746013191339162e-01
-9.289809385409377729e-01	9.471033249266418430e-01	5.256299308133681736e-01	-1.471553158837151098e+00	-7.182863127251157831e-01	8.754972450730448275e-01	8.871419716515743792e-01	-9.962798638973729970e-02	-4.356568776305841939e-01
-8.955308500228090773e-01	9.662875770947625398e-01	4.903429140256134189e-01	-1.505061834820963895e+00	-6.608479207504548425e-01	9.120934657912118659e-01	8.825725964113668720e-01	-1.238900753480151884e-01	-4.564084801342990771e-01
-8.614318166600417603e-01	9.841670596168099472e-01	4.570507885758133826e-01	-1.535708907565201953e+00	-6.012381353335884970e-01	9.450539901382061236e-01	8.769968706718276330e-01	-1.492256529553427358e-01	-4.754028525811562766e-01
-8.267283854872368165e-01	1.000813633290122517e+00	4.254408590160329018e-01	-1.563403643308540758e+00	-5.395622147390786161e-01	9.777549432046283018e-01	8.703535974431420019e-01	-1.755061226435615795e-01	-4.916568948384221760e-01
-7.914625211022073836e-01	1.016290464339295152e+00	3.958176360518841919e-01	-1.588055308289755274e+00	-4.772187189611433178e-01	9.756730764991383698e-01	8.626155780631475922e-01	-2.030127024520046453e-01	-5.160626066969258297e-01
-7.556737132675106494e-01	1.030690581620395063e+00	3.684531706262961226e-01	-1.609663902508845279e+00	-4.140327135426941640e-01	9.983542205684918791e-01	8.537352148730964485e-01	-2.314366148506287746e-01	-5.299472210440070441e-01
-7.193984389027837656e-01	1.044082312800493684e+00	3.427141264210262772e-01	-1.628145671724664512e+00	-3.493421745041455639e-01	1.021188202174464488e+00	8.436649102142503853e-01	-2.605630120266144156e-01	-5.423554300375916792e-01
-6.826709152954740789e-01	1.056524246396275180e+00	3.185190229701016507e-01	-1.643437800256304149e+00	-2.832152185503472031e-01	1.042547398765584221e+00	8.323978644210614508e-01	-2.903427683576655371e-01	-5.539564816799831259e-01
-6.455233153039047211e-01	1.068074325744114539e+00	2.957811147686278397e-01	-1.655477472422953955e+00	-2.159118938281902045e-01	1.060349965984296761e+00	8.198932795003198715e-01	-3.207356569486068953e-01	-5.648052588860339451e-01
-6.079859825603405321e-01	1.078786930327247706e+00	2.744163765818199985e-01	-1.664194893023625665e+00	-1.471301318668717939e-01	1.085472420967209084e+00	8.061375561209495055e-01	-3.516178593164768218e-01	-5.718203210248420376e-01
-5.700873238694548206e-01	1.088717269146451283e+00	2.545793612340134238e-01	-1.669527246377409790e+00	-7.709567923800962619e-02	1.101104646000467646e+00	7.911034956208070623e-01	-3.829366969889719252e-01	-5.812646084209962538e-01
-5.318538092083292534e-01	1.097912102412734070e+00	2.357318222008169817e-01	-1.671418696323625275e+00	-6.317673615331411904e-03	1.112828954450013619e+00	7.747774986688162890e-01	-4.147784510945385916e-01	-5.903813992690677415e-01
-4.933107249371843639e-01	1.106408051789382396e+00	2.179242240825581822e-01	-1.669841324781757619e+00	6.537071226841646709e-02	1.128113177418607949e+00	7.571391662683722990e-01	-4.470723634708834160e-01	-5.981387543574774313e-01
-4.544815281901825599e-01	1.114248436525754338e+00	2.012025322644863390e-01	-1.664739295591175061e+00	1.382678162747553452e-01	1.148222252798885679e+00	7.381680994228798642e-01	-4.797525735760504451e-01	-6.047546180755729583e-01
-4.153887076876900397e-01	1.121468434310157525e+00	1.853204944943867838e-01	-1.656056772590997594e+00	2.117690028552396686e-01	1.150021753328738017e+00	7.178574984667814851e-01	-5.127744715597152281e-01	-6.108143267833162637e-01
-3.760534609316789068e-01	1.128094313198053422e+00	1.700973364586297609e-01	-1.643786776261146221e+00	2.856805206886310344e-01	1.160230357691994785e+00	6.961801647379437519e-01	-5.461052184624652917e-01	-6.160284784141244474e-01
-3.364962322133913109e-01	1.134153846665625798e+00	1.556200509593922421e-01	-1.627894409001176435e+00	3.599005023230222311e-01	1.162131563680123714e+00	6.731360982363666645e-01	-5.797045541849197292e-01	-6.207013404292041070e-01
-2.967361746056749183e-01	1.139674716020443013e+00	1.417849725712464759e-01	-1.608393629851246454e+00	4.337421007410386387e-01	1.156212377521814938e+00	6.487116996309738592e-01	-6.135565573104576620e-01	-6.253380615259381825e-01
-2.567919031737134206e-01	1.144681007994062361e+00	1.286168469771225564e-01	-1.585305377371692082e+00	5.068792685604450732e-01	1.137942447910454291e+00	6.228933695906987422e-01	-6.476583888794935628e-01	-6.293847455013711345e-01
-2.166810645688952985e-01	1.149185626192675835e+00	1.156578232014913443e-01	-1.558692467243323554e+00	5.780321385371671727e-01	1.101051949566581367e+00	5.956743084500030205e-01	-6.819632641662316530e-01	-6.329957848935031661e-01
-1.764210902395420277e-01	1.153197756754976933e+00	1.030042434792809575e-01	-1.528673551307781153e+00	6.467979622482854518e-01	1.075212326958628450e+00	5.670477165433581712e-01	-7.163243043668688914e-01	-6.276649078642545510e-01
-1.360291964309106316e-01	1.156717215343734173e+00	9.002867471770613361e-02	-1.495290506685737153e+00	7.158702324414825124e-01	1.076223995688738277e+00	5.370271932018212402e-01	-7.500740551410308710e-01	-6.228602413851408448e-01
-9.552259938825771735e-02	1.159755277252929151e+00	7.784708978012715164e-02	-1.458592190017794055e+00	7.825554706763019341e-01	1.028434364096683762e+00	5.056195380909400683e-01	-7.841669215745344923e-01	-6.293872790285863772e-01
-5.491754694304370327e-02	1.162339224392795911e+00	6.635487473637720346e-02	-1.418718191705878651e+00	8.461357975613261750e-01	9.976194651175530614e-01	4.728043522140905619e-01	-8.183045306751852710e-01	-6.196007823118472313e-01
-1.422953371599969610e-02	1.164498304937368278e+00	5.520048453314730513e-02	-1.375696429830356449e+00	9.115780382744820276e-01	1.018270455606104186e+00	4.386224335645113048e-01	-8.512948846634587063e-01	-6.079981739238174976e-01
2.652637607827462718e-02	1.166210214081658370e+00	4.340580496936608662e-02	-1.329554822471692432e+00	9.738248172020109727e-01	9.548345868247071211e-01	4.030873814732691129e-01	-8.845464395356742449e-01	-6.131496589115821294e-01
6.733414981138406696e-02	1.167458637980695046e+00	3.137687504891124163e-02	-1.280467857632257678e+00	1.032337710493123506e+00	8.972943941725908257e-01	3.661855966092779080e-01	-9.180375793539369278e-01	-6.168534925535203994e-01
1.081775396518682847e-01	1.168246065187101168e+00	1.951977126911945415e-02	-1.228644920914967242e+00	1.085859284634726585e+00	8.215232467100883618e-01	3.279034796414709851e-01	-9.516781380977368254e-01	-6.190742970418937619e-01
1.490408357759301916e-01	1.168593725205348877e+00	8.043843703045885571e-03	-1.174323316003052398e+00	1.134582157815728687e+00	7.348035323642235772e-01	2.882478302353961852e-01	-9.853851550591952169e-01	-6.197870728732181034e-01
1.899082207582409032e-01	1.168482569854869979e+00	-3.842736157826867269e-03	-1.117747326099971739e+00	1.178656913593899791e+00	6.740758759000768929e-01	2.472050490599675410e-01	-1.019076250604032285e+00	-6.186758312073638022e-01
2.307636619704044600e-01	1.167911554558019871e+00	-1.584832392709070031e-02	-1.059140295848748803e+00	1.217890032425069435e+00	6.028692273909134203e-01	2.047887354462613607e-01	-1.052672398722741987e+00	-6.163916885386129252e-01
2.715911267840264154e-01	1.166876961847301164e+00	-2.808585389187438081e-02	-9.986976518121405411e-01	1.253484408675325401e+00	5.345251260473542487e-01	1.609988893942873311e-01	-1.086062547949444568e+00	-6.118836584146364332e-01
3.123736141569153357e-01	1.165348283910931926e+00	-4.090909869559056222e-02	-9.366287795930126059e-01	1.285367876694749389e+00	4.934845041857316428e-01	1.158491102351024704e-01	-1.119178629662506141e+00	-6.062573965316460090e-01
3.530940154453482416e-01	1.163325950869118275e+00	-5.388786636717667750e-02	-8.730662900732127918e-01	1.314173044805466040e+00	4.309150202003073082e-01	6.934619763425463324e-02	-1.151952060575105463e+00	-5.999133528117495118e-01
3.937346839979366520e-01	1.160794294057199361e+00	-6.716083563862029759e-02	-8.081986302953696466e-01	1.338969242237937785e+00	3.763575172195513519e-01	2.151055058833902314e-02	-1.184359448324344477e+00	-5.921939701071420314e-01
4.342776503586939230e-01	1.157738228545079906e+00	-8.094433020680119606e-02	-7.421793497015679586e-01	1.361334827900443356e+00	3.339453578089595087e-01	-2.764423157155833019e-02	-1.216238839397043581e+00	-5.812242246076759766e-01
4.747036538532400929e-01	1.154115510383918242e+00	-9.602963995080047999e-02	-6.751619977339421430e-01	1.379879554297298583e+00	2.753447108817065336e-01	-7.809095018330403093e-02	-1.247461550894109816e+00	-5.691352095187703908e-01
5.149925729949305087e-01	1.149910993197874820e+00	-1.109711662682579952e-01	-6.073210623949132358e-01	1.395167955967457907e+00	2.247710650071351179e-01	-1.298024065847550312e-01	-1.278096498144421389e+00	-5.585088332680117063e-01
5.551242862971226266e-01	1.145133340836821612e+00	-1.259703128525769822e-01	-5.388240521668231642e-01	1.406806469727344799e+00	1.687916388201410323e-01	-1.827582017792871161e-01	-1.308022701624601769e+00	-5.432523597205874966e-01
5.950780266639750238e-01	1.139748389467222456e+00	-1.420206005255389703e-01	-4.698454550520432815e-01	1.414759227360395721e+00	1.089229431675153709e-01	-2.369175377737001986e-01	-1.337157482862520341e+00	-5.302061902595847087e-01
6.348322737889173784e-01	1.133733895729833074e+00	-1.585876757006218774e-01	-4.006016361736172704e-01	1.417520364674456967e+00	2.011783225961604610e-02	-2.922600155713797609e-01	-1.365515119666617316e+00	-5.134400092117762382e-01
6.743642161469844964e-01	1.127044758448726647e+00	-1.763494600029336390e-01	-3.313298992148256961e-01	1.416174927411830486e+00	-3.808590079210572021e-02	-3.487448371791160295e-01	-1.393003005507265302e+00	-4.989568414290203591e-01
7.136495357917516102e-01	1.119646905958982641e+00	-1.952066994714760084e-01	-2.622396297784845287e-01	1.410083711619025237e+00	-1.050870453624790507e-01	-4.063312046036798852e-01	-1.419549137064458399e+00	-4.806439572786021519e-01
7.526624083553343780e-01	1.111478308782266167e+00	-2.157612678282708751e-01	-1.935541725077659092e-01	1.399204911580524735e+00	-1.910833972353504773e-01	-4.649919191829380294e-01	-1.445101915002577675e+00	-4.615042580477556333e-01
7.913744270330588249e-01	1.102452482034221193e+00	-2.387267453711203746e-01	-1.255457286864446187e-01	1.382455355800685126e+00	-2.832245265099002651e-01	-5.246725835926042691e-01	-1.469557792006225716e+00	-4.404413369408256007e-01
8.297538493727333320e-01	1.092464998673312149e+00	-2.646143992886098584e-01	-5.851441767866086274e-02	1.358962489463569900e+00	-3.968389095382605647e-01	-5.853323998394495131e-01	-1.492666358558305317e+00	-4.127019000847589880e-01
8.677646288608524827e-01	1.081387897938138387e+00	-2.938721009143130392e-01	7.225682111287104296e-03	1.329646825207979388e+00	-4.818318211911822302e-01	-6.469033712681306891e-01	-1.514076048529130469e+00	-3.787086802313869294e-01
9.053664149225956193e-01	1.069091775092321672e+00	-3.265211975878563044e-01	7.140236939962457674e-02	1.295093528593324494e+00	-5.545918747552380790e-01	-7.093039018921992733e-01	-1.533014781126244674e+00	-3.283402666807881398e-01
9.425143377187638061e-01	1.055456257923817587e+00	-3.620505258259664738e-01	1.337853200230507411e-01	1.255901385658540148e+00	-6.296364461115017130e-01	-7.724115977320162862e-01	-1.548758273011261233e+00	-2.650022755545859976e-01
9.791599765595717653e-01	1.040390990466413035e+00	-3.997065069897028367e-01	1.941442098185127418e-01	1.212683647048443669e+00	-6.824671017034419362e-01	-8.360904654768568367e-01	-1.560669949755083108e+00	-1.918389972732718052e-01
1.015251897912316625e+00	1.023838428781068011e+00	-4.385517407857860706e-01	2.523603869443207248e-01	1.168127481716652705e+00	-6.907475708152815974e-01	-9.001773131538625128e-01	-1.568410182139964304e+00	-1.136639320843454010e-01
1.050737484627432661e+00	1.005762166264598800e+00	-4.784803759999027295e-01	3.083849947597729346e-01	1.122682079342953276e+00	-7.169827742443629637e-01	-9.644885497935509200e-01	-1.571868200935773618e+00	-3.415098443174015286e-02
1.085562290329295854e+00	9.860906186255140593e-01	-5.203802976274769510e-01	3.621342790237728759e-01	1.074678788113309746e+00	-7.560018241327370880e-01	-1.028854183757535123e+00	-1.570985649751036828e+00	4.614650807855279896e-02
1.119669501408560253e+00	9.647851057681109399e-01	-5.627037038856212980e-01	4.134965674147095815e-01	1.025302346523519148e+00	-7.676661283732140184e-01	-1.093090624076332507e+00	-1.565654249671048603e+00	1.286593900443520899e-01
1.153001766248214599e+00	9.418052271158608990e-01	-6.077676267209572991e-01	4.624160237718023536e-01	9.741154255844743926e-01	-8.110583118360602528e-01	-1.157014279780470112e+00	-1.555762218737403835e+00	2.155084129961314376e-01
1.185495815146941467e+00	9.168990858421812717e-01	-6.592705884517342518e-01	5.087670167333815385e-01	9.198613071444020628e-01	-8.587730778413803501e-01	-1.220434760234946792e+00	-1.540833275823901616e+00	3.099146393338846894e-01
1.217081922311450626e+00	8.899383832340808098e-01	-7.133782686421917818e-01	5.524029763773421475e-01	8.630026439831230967e-01	-8.972191042940977912e-01	-1.283141275808136861e+00	-1.520611101064834658e+00	4.097179379673765443e-01
1.247685519879476290e+00	8.607791519139079695e-01	-7.710868605202304549e-01	5.932680665430026812e-01	8.117581507650790673e-01	-5.362198374227465925e-01	-1.344895838206281224e+00	-1.494325257275927354e+00	5.360870703922800962e-01
1.277231286778020447e+00	8.295489532457279713e-01	-8.241456173202572622e-01	6.332746757367658796e-01	8.214350007144328725e-01	1.061706182587263958e-01	-1.405372063483663281e+00	-1.458297747798774191e+00	7.140540180800183379e-01
1.305644009535618322e+00	7.960161982212737852e-01	-8.869198786457784811e-01	6.733720186917543371e-01	8.144208686687934851e-01	-1.729125829564449601e-01	-1.464236768028999158e+00	-1.415535180253034042e+00	8.276588741021300155e-01
1.332836638512191918e+00	7.598436725987385287e-01	-9.576723491767300533e-01	7.127923481973950093e-01	7.942305250923925586e-01	-3.747081280971164552e-01	-1.521217965220867940e+00	-1.366652645946731637e+00	9.422622145668118065e-01
1.358712547531238712e+00	7.208013542363207460e-01	-1.033236746188484156e+00	7.509633436057234768e-01	7.641110665509035504e-01	-4.954633472237323089e-01	-1.576070867099953032e+00	-1.311278407195233697e+00	1.064052500203413132e+00
1.383168654324284930e+00	6.787407287713298487e-01	-1.112980227957363732e+00	7.874941517913742750e-01	7.263735393233389237e-01	-6.357914029981823756e-01	-1.628516687379286010e+00	-1.248942524875622739e+00	1.194556013274701289e+00
1.406096604147747842e+00	6.335289505057359882e-01	-1.195156077934568239e+00	8.219799605887246896e-01	6.807135428609940586e-01	-7.416614439074648013e-01	-1.678256240775283237e+00	-1.179315895503352030e+00	1.329883881078762986e+00
1.427384921813591445e+00	5.850916393667064952e-01	-1.279915466555792580e+00	8.541066915933773762e-01	6.295985157345662664e-01	-8.290654297160794384e-01	-1.724990342004361521e+00	-1.102044744869058013e+00	1.472374701857261492e+00
1.446918796486260206e+00	5.333351520407363378e-01	-1.366534690289308296e+00	8.835672459211628693e-01	5.715548279329618619e-01	-9.309091099790550716e-01	-1.768392607120784943e+00	-1.016909526764818050e+00	1.617407871409481501e+00
1.464581372901075929e+00	4.782356475792430839e-01	-1.453295591433797496e+00	9.100824427681776241e-01	5.092405904329970756e-01	-9.865417945249947973e-01	-1.808150251509903494e+00	-9.237764448438650078e-01	1.764802807241392602e+00
1.480256010996425786e+00	4.198232958424175099e-01	-1.538477619088431725e+00	9.334638350917932037e-01	4.430634733434702377e-01	-1.052238715765444255e+00	-1.843930091560452400e+00	-8.226600591503875348e-01	1.908935292606430689e+00
1.493829406358214928e+00	3.582788087626858076e-01	-1.618189590397100419e+00	9.535090168092726914e-01	3.723796943984448160e-01	-1.120237183925591351e+00	-1.875412542992234144e+00	-7.140284327696820865e-01	2.043465648777371246e+00
1.505196109484246980e+00	2.938410259460798590e-01	-1.691239771777298673e+00	9.700434999180960194e-01	2.995741680867924361e-01	-1.140063803738486037e+00	-1.902298420521665534e+00	-5.983948363130714432e-01	2.167937901904343434e+00
1.514259817002617803e+00	2.268247892391003495e-01	-1.755469098404706996e+00	9.829556120968505617e-01	2.234521408542414211e-01	-1.204712316241485226e+00	-1.924322537192834526e+00	-4.765196958968200835e-01	2.276277630507101968e+00
1.520937137725366650e+00	1.576242331482949621e-01	-1.808697923939223573e+00	9.921057629435102720e-01	1.458663555968066072e-01	-1.222422474743438014e+00	-1.941240105046453612e+00	-3.493970956325266330e-01	2.364576029434679594e+00
1.525160605491394428e+00	8.677555781209390917e-02	-1.847368438216436592e+00	9.974590548575811289e-01	6.736384482339746738e-02	-1.237637463805255855e+00	-1.952867533113050058e+00	-2.182998191321221526e-01	2.429675865910690291e+00
1.526881692009384617e+00	1.480113008863246683e-02	-1.872544498191716977e+00	9.989736107185395175e-01	-1.049403769777862427e-02	-1.208175151325079355e+00	-1.959062028416370449e+00	-8.444464613403621089e-02	2.472111500506551707e+00
1.526070914459334738e+00	-5.771956504391829307e-02	-1.881922729110311776e+00	9.967331847675316991e-01	-8.728360477490594571e-02	-1.202950315548809046e+00	-1.959748794635504332e+00	5.077256670125557952e-02	2.486687523587962190e+00
1.522720095124747264e+00	-1.301573102657525571e-01	-1.875001994994893506e+00	9.907796541251308042e-01	-1.622659898892452601e-01	-1.160462553069583791e+00	-1.954887033777251704e+00	1.858170960843040787e-01	2.473928466861722075e+00
1.516843222204894426e+00	-2.018917812995602579e-01	-1.852105457552586154e+00	9.812386501530560023e-01	-2.342140125871255973e-01	-1.109166977224738337e+00	-1.944531143165889153e+00	3.192170012377502641e-01	2.434201783347293535e+00
1.508475373799486485e+00	-2.723159157029091393e-01	-1.813708964619231923e+00	9.682637222934914467e-01	-3.027755434126002676e-01	-1.042479908316873427e+00	-1.928769518453393284e+00	4.495014719874382281e-01	2.368311822148837287e+00
1.497672287502540112e+00	-3.408942445417198486e-01	-1.762375234003116464e+00	9.520642561492529410e-01	-3.666031134768952260e-01	-9.746669727242086578e-01	-1.907751752281546587e+00	5.754681508416735758e-01	2.282375097927678009e+00
1.484506271544133726e+00	-4.071808683426060282e-01	-1.699012325371529908e+00	9.328775554036706774e-01	-4.247387681297439821e-01	-8.804064165675649090e-01	-1.881688634281983852e+00	6.959851562353063237e-01	2.174079507642425746e+00
1.469065774384273437e+00	-4.707283637777357477e-01	-1.625134017187664703e+00	9.110107189410134865e-01	-4.769029870891366429e-01	-7.847035916434401681e-01	-1.850818152748444856e+00	8.099617632161212333e-01	2.048568203113017461e+00
1.451452587073037481e+00	-5.312175202082264347e-01	-1.543610633170116708e+00	8.867499070852140619e-01	-5.225790076450399502e-01	-6.797531236186162840e-01	-1.815432693298984823e+00	9.166422108587511941e-01	1.910471403733815743e+00
1.431778184798462084e+00	-5.884068251381919801e-01	-1.456636577722631776e+00	8.604301368009068529e-01	-5.611038615409266184e-01	-5.679316484788884400e-01	-1.775831441217196049e+00	1.015471374650620096e+00	1.763744555976085593e+00
1.410160498840554055e+00	-6.421746467178409690e-01	-1.367286394255299742e+00	8.324073636130125964e-01	-5.924183311667622354e-01	-4.490170724329242136e-01	-1.732347580114333763e+00	1.106124816298078573e+00	1.612246557557099225e+00
1.386720150517643413e+00	-6.924945018316085443e-01	-1.277692104437979870e+00	8.030515020867096121e-01	-6.159469941843088714e-01	-3.273364699584019322e-01	-1.685327892932748650e+00	1.188476409625869756e+00	1.459390100160028014e+00
1.361577868749591191e+00	-7.393631645779467076e-01	-1.188138259692373744e+00	7.727324667870268948e-01	-6.319285380514549910e-01	-2.104472024606420244e-01	-1.635098763618157092e+00	1.262503160721564210e+00	1.306807538422007031e+00
1.334853952050127246e+00	-7.828237391461099204e-01	-1.100256383897549206e+00	7.418062132389847685e-01	-6.406225530838475235e-01	-9.706355293580269661e-02	-1.582013774778428417e+00	1.328316951156183423e+00	1.157215179810719752e+00
1.306666116496192354e+00	-8.229771808931114485e-01	-1.015253128246288217e+00	7.106286969674544540e-01	-6.422588276445595490e-01	1.210236050729159366e-02	-1.526392510693780125e+00	1.386150940861976988e+00	1.012388813232985685e+00
1.277127989306481304e+00	-8.599565812999558911e-01	-9.339588531951339423e-01	6.795488939772282855e-01	-6.369878308335501504e-01	1.181206051085934572e-01	-1.468561355309909500e+00	1.436307155293763849e+00	8.734299125388896856e-01
1.246347925224576159e+00	-8.939134348479070846e-01	-8.566846746803453705e-01	6.488739031526743473e-01	-6.253766295688446553e-01	2.172536952338923188e-01	-1.408826293575957012e+00	1.479118300592406454e+00	7.409830314714940247e-01
1.214429006518951137e+00	-9.250192058849536769e-01	-7.839656961576239036e-01	6.189108233779125889e-01	-6.080582756965859925e-01	3.010451281942065904e-01	-1.347486510775506519e+00	1.514985948421337492e+00	6.159631091241191125e-01
1.181467859366107653e+00	-9.534552208009596797e-01	-7.160772312985635990e-01	5.899178968966094505e-01	-5.856556057032735740e-01	3.785079473937279504e-01	-1.284807193864459407e+00	1.544322146370880278e+00	4.986580518665583162e-01
1.147554653850578088e+00	-9.794138047739234798e-01	-6.531919654024515021e-01	5.621324273920453862e-01	-5.586722482651133026e-01	4.470722653019670867e-01	-1.221053529798727944e+00	1.567547342695392976e+00	3.891380353502276734e-01
1.112772781160323632e+00	-1.003083012502651306e+00	-5.951321156550449798e-01	5.357638004670365328e-01	-5.277131415283886628e-01	5.063016043742960548e-01	-1.156470306537589643e+00	1.585095914813515527e+00	2.875730531463758788e-01
1.077199283992866352e+00	-1.024643924594032418e+00	-5.417277968004833300e-01	5.109865041241028472e-01	-4.933542801203936734e-01	5.566113010075666168e-01	-1.091275113378218142e+00	1.597390104006712219e+00	1.936227762389535756e-01
1.040904964156824208e+00	-1.044269971659855800e+00	-4.927564093750393392e-01	4.879610673254081155e-01	-4.561168619913424371e-01	6.013733906200291468e-01	-1.025671940286681405e+00	1.604845776348959641e+00	1.074443626788004896e-01
1.003954920579573695e+00	-1.062110958423431617e+00	-4.473645145015646141e-01	4.668131214326717848e-01	-4.164725963953616605e-01	6.315575861398133872e-01	-9.598647772290572755e-01	1.607834520105964948e+00	2.768381951634787258e-02
9.664089797133811333e-01	-1.078317979968689055e+00	-4.062508386862382359e-01	4.476403797272970331e-01	-3.751608378706827174e-01	6.583698803289650403e-01	-8.940100165126851905e-01	1.606786645181172979e+00	-4.395914127994716286e-02
9.283215879338704291e-01	-1.093048613905524880e+00	-3.689762537510283269e-01	4.305196169303016074e-01	-3.323080336841532367e-01	6.804198516323088919e-01	-8.282776497759714029e-01	1.602081061367642612e+00	-1.088817041095187510e-01
8.897422419461541443e-01	-1.106431988464470884e+00	-3.348771334492315344e-01	4.155206282427232889e-01	-2.882862003364040637e-01	6.968353494862969955e-01	-7.628104699951500089e-01	1.594072007733617236e+00	-1.673237240987057450e-01
8.507159191909648976e-01	-1.118583928872532551e+00	-3.037538051684232632e-01	4.026922703051645236e-01	-2.431162979140985558e-01	7.136585630908455213e-01	-6.977308711498888538e-01	1.583114769279818423e+00	-2.193337930785169143e-01
8.112839386569186129e-01	-1.129621151319999850e+00	-2.757734658036816722e-01	3.920903792784060093e-01	-1.973482961997245211e-01	7.233500585551645434e-01	-6.331476478887505532e-01	1.569647276274892311e+00	-2.633348697210523559e-01
7.714831000682509377e-01	-1.139656470192433435e+00	-2.505079958947196150e-01	3.837428732428628808e-01	-1.505671854773448781e-01	7.381460685065072136e-01	-5.691695948603266997e-01	1.553914974207188271e+00	-3.025882231979654113e-01
7.313461142909493118e-01	-1.148850658278406822e+00	-2.304203248076005239e-01	3.776916293191082130e-01	-1.028256463852555841e-01	7.563805766387711182e-01	-5.058715083854986583e-01	1.536386274806162300e+00	-3.329895333159006432e-01
6.908989132944313161e-01	-1.157380095585409663e+00	-2.139299756087980342e-01	3.740134222282092136e-01	-5.367816906229828933e-02	7.768204908686046073e-01	-4.433213851196384780e-01	1.517311371761575378e+00	-3.608391633436122126e-01
6.501637705959977254e-01	-1.165305336893927013e+00	-1.983297610129587663e-01	3.727501290906893305e-01	-3.835593272367776325e-03	7.830091931391562898e-01	-3.815872217180989456e-01	1.496717426113668870e+00	-3.887008199944894660e-01
6.091614532914888525e-01	-1.172628870756581732e+00	-1.826765290706482969e-01	3.739226884669344386e-01	4.586116661407195483e-02	7.787381002420061815e-01	-3.207302151707044358e-01	1.474580929284825537e+00	-4.173004046022965041e-01
5.679135892890090354e-01	-1.179326518273200453e+00	-1.662238488321282348e-01	3.774962027564006672e-01	9.462968270870811272e-02	7.576958867799126196e-01	-2.608047628017410302e-01	1.450819435232354015e+00	-4.468452695811563347e-01
5.264418064966611688e-01	-1.185422243283853039e+00	-1.509487264576842847e-01	3.834078562782285426e-01	1.418162087210067257e-01	7.331568023271815004e-01	-2.018924605976572251e-01	1.425518909644747367e+00	-4.746462742009924796e-01
4.847664416041545521e-01	-1.190955924076246175e+00	-1.367118936905163118e-01	3.915808743113506907e-01	1.871859687887744983e-01	7.028885562188281755e-01	-1.440409062171816301e-01	1.398740000003670270e+00	-5.011913208594703795e-01
4.429066476843377398e-01	-1.195953552199994219e+00	-1.225951596520759440e-01	4.019175435744135050e-01	2.304214340523699223e-01	6.675268131560661011e-01	-8.731809631568637764e-02	1.370538505976759414e+00	-5.271000248450171677e-01
4.008816854115904715e-01	-1.200394420439446996e+00	-1.082398794638420730e-01	4.142992122257765364e-01	2.710911414855057822e-01	6.249734818316236007e-01	-3.177842821746725693e-02	1.340867028560414287e+00	-5.547174861016672676e-01
3.587103850541628614e-01	-1.204306824559610023e+00	-9.459346497037630919e-02	4.285932693836416729e-01	3.085967628804912044e-01	5.745239094648101341e-01	2.251010142213260082e-02	1.309724903670521190e+00	-5.809408358526755300e-01
3.164111464741725666e-01	-1.207699827807689585e+00	-8.121980342502911621e-02	4.446322065656667655e-01	3.424478035949478638e-01	5.080569677298798492e-01	7.549309527881740978e-02	1.276912756654104752e+00	-6.126175876719857083e-01
2.740021543306717655e-01	-1.210577147651183738e+00	-6.769140238578483237e-02	4.621996586488082981e-01	3.713375417208645279e-01	4.295090221335040592e-01	1.270957570316865182e-01	1.242231262664498903e+00	-6.490107293353966078e-01
2.315019160873115212e-01	-1.212898137730588743e+00	-5.267763335246167938e-02	4.810304038694696582e-01	3.939418434557117044e-01	3.228392603223468327e-01	1.772364906943107443e-01	1.205374395140100585e+00	-6.906768431951999521e-01
1.889314140429977085e-01	-1.214567311360086999e+00	-3.461332150919819300e-02	5.007824457428382559e-01	4.087187474751498573e-01	1.910477653666207976e-01	2.258133012836464060e-01	1.165958496086438423e+00	-7.384450031392209013e-01
1.463166877686815359e-01	-1.215400853597192077e+00	-1.134428734960779908e-02	5.210230540230252894e-01	4.137265342422357106e-01	3.345279112038226227e-02	2.727309934821975923e-01	1.124379990515065986e+00	-7.730392489066341133e-01
1.036894797165541782e-01	-1.215276978977752886e+00	1.351381293654919762e-02	5.412636623031628069e-01	4.094050794323745301e-01	-1.022828129019565241e-01	3.179147709690540169e-01	1.081751069897167072e+00	-7.859056905574857144e-01
6.108196274493896821e-02	-1.214307395863942096e+00	3.376313747094885492e-02	5.611483150584288815e-01	3.994552189890189231e-01	-1.695395843421382831e-01	3.613578340786968712e-01	1.039013903568768216e+00	-7.839263037407301349e-01
1.851996122172049758e-02	-1.212693216175117605e+00	4.927841262979046344e-02	5.805095038063825541e-01	3.881280447826366831e-01	-1.858523129760799031e-01	4.030465834800496805e-01	9.965090172611682506e-01	-7.789271661545389414e-01
-2.397629576492425751e-02	-1.210576256687899033e+00	6.158248470920770629e-02	5.992634743059767066e-01	3.749837955956335511e-01	-2.046598378396196627e-01	4.430014181697077280e-01	9.541805282962162460e-01	-7.769771743583633317e-01
-6.639045278200197964e-02	-1.208004506528170596e+00	7.312951838092643375e-02	6.173823084767465774e-01	3.622674898572252888e-01	-1.907387205436138211e-01	4.812291378132285691e-01	9.120351273213557208e-01	-7.723851715431970799e-01
-1.087069076072489371e-01	-1.205000301223792425e+00	8.441009641016973541e-02	6.348869448790780412e-01	3.491795682205253715e-01	-2.065574100533001112e-01	5.177297424105927748e-01	8.700288021619645429e-01	-7.709641985441900713e-01
-1.509101656199340058e-01	-1.201533194408726857e+00	9.675333399729611761e-02	6.517285268721701996e-01	3.357626948346328910e-01	-2.048181997861018566e-01	5.525100316273385825e-01	8.280961073286576823e-01	-7.683509110084453253e-01
-1.929836561839979037e-01	-1.197585520431640127e+00	1.092186566687431276e-01	6.679140339762011935e-01	3.216189857336015923e-01	-2.249150284972658842e-01	5.855836047945519596e-01	7.863909941210467380e-01	-7.632533932028049417e-01
-2.349104858587825195e-01	-1.193163700372755986e+00	1.216069422479734569e-01	6.833666914701037598e-01	3.060782475115762513e-01	-2.417845246779715129e-01	6.169504619122136990e-01	7.449467829595263213e-01	-7.587854721723302776e-01
-2.766737612036300753e-01	-1.188232648712382211e+00	1.351955849052754732e-01	6.980446222332552519e-01	2.900664581678384368e-01	-2.485661847433939531e-01	6.466242023114193715e-01	7.037650510438663298e-01	-7.534222087289222936e-01
-3.182547595518243622e-01	-1.182762041975968570e+00	1.492804495035785495e-01	7.119268877054187872e-01	2.728900892102886222e-01	-2.719020116077850990e-01	6.746184253232163641e-01	6.628863407091956095e-01	-7.480677057952822562e-01
-3.596344354320494263e-01	-1.176724106687331073e+00	1.643235112989002433e-01	7.249227541252699636e-01	2.537486084006455589e-01	-3.089563873688286333e-01	7.009399306131622875e-01	6.222883719335063901e-01	-7.420487777183747413e-01
-4.007923445530639506e-01	-1.170093189248446075e+00	1.798878199247625764e-01	7.369345082115541512e-01	2.330012129646930885e-01	-3.264076003324266062e-01	7.256159168433807816e-01	5.820777634212207508e-01	-7.343308907105570160e-01
-4.417071818113628701e-01	-1.162839642087944769e+00	1.963867607098048196e-01	7.479132933235200786e-01	2.111914487402692386e-01	-3.401563859869450313e-01	7.486463840138815051e-01	5.423134858416175375e-01	-7.256298119967327098e-01
-4.823562432835136748e-01	-1.154917995355437821e+00	2.139557727916115981e-01	7.578032733003872146e-01	1.881557555152667816e-01	-3.645855185928905118e-01	7.700585307868171858e-01	5.030899387514303767e-01	-7.147367438510539017e-01
-5.227159642338220502e-01	-1.146302103886951196e+00	2.323259004319531140e-01	7.665346529412664367e-01	1.636869217298582146e-01	-3.864055072833744719e-01	7.898795558243212334e-01	4.644287546906565867e-01	-7.045356338793417050e-01
-5.627609507005342238e-01	-1.136939861691768527e+00	2.521642001301632185e-01	7.740097189647047182e-01	1.369433405295150397e-01	-4.227888192120441424e-01	8.081298581229984235e-01	4.263218318331114531e-01	-6.939159730019243133e-01
-6.024639794958381867e-01	-1.126771666398433291e+00	2.734959121637374757e-01	7.801377376095266492e-01	1.080712718281917617e-01	-4.557846756463897475e-01	8.248298366794731828e-01	3.888229941961939828e-01	-6.821634591662634195e-01
-6.417961058073964331e-01	-1.115751464421990136e+00	2.959148547345606395e-01	7.847930775139632109e-01	7.655175532588162635e-02	-5.061445880926129792e-01	8.400066901558690402e-01	3.519886059190374672e-01	-6.695470735991003730e-01
-6.807266631983464045e-01	-1.103826811820131759e+00	3.199444923713858357e-01	7.878152097158009903e-01	4.085180319063781013e-02	-5.770625683080914392e-01	8.536876172143484931e-01	3.157553631835225416e-01	-6.581982147500967661e-01
-7.192227255996341828e-01	-1.090934603814007309e+00	3.454784952199976833e-01	7.890017281322536657e-01	1.245801699351922016e-03	-6.364674057244870120e-01	8.658930168515066583e-01	2.802557009639836672e-01	-6.439607380583576290e-01
-7.572496453176810194e-01	-1.077032319948928007e+00	3.720270072500910241e-01	7.881292881201488187e-01	-4.328344258297189134e-02	-7.081837659656600170e-01	8.766704867261012613e-01	2.455268577770853000e-01	-6.293246734343913573e-01
-7.947711606359157965e-01	-1.062060173516206074e+00	4.003442213551473006e-01	7.849745450365127608e-01	-9.230106036558710647e-02	-7.828173364247216215e-01	8.860336261691988957e-01	2.116246000862584686e-01	-6.136168047007384274e-01
-8.317483197994454125e-01	-1.045940712155820185e+00	4.308211464483902575e-01	7.793281132783310694e-01	-1.457476145656066147e-01	-8.495159815636100786e-01	8.940300328395668350e-01	1.786094923626542486e-01	-5.965780100196996782e-01
-8.681398038196539435e-01	-1.028600969047044122e+00	4.629728405358409793e-01	7.709806072427879409e-01	-2.023993337121917091e-01	-8.879346094463763661e-01	9.007005047304051937e-01	1.466754139632084619e-01	-5.756612703806388565e-01
-9.039011732634731899e-01	-1.009937930400448103e+00	4.984093684742973429e-01	7.598761907691026218e-01	-2.582717282221755339e-01	-8.553780463966376146e-01	9.060790401693952223e-01	1.159142160218694373e-01	-5.523984845403904220e-01
-9.389834694334547871e-01	-9.898000095661528830e-01	5.380851462055525891e-01	7.461614337792811247e-01	-3.084408473829583497e-01	-7.423181827126457133e-01	9.102336358119090809e-01	8.664273971002835195e-02	-5.225657437161612684e-01
-9.733318155478434264e-01	-9.680007494346900554e-01	5.826787335412505486e-01	7.302411484388963148e-01	-3.487834200846535171e-01	-5.851597619940187567e-01	9.132186889822134779e-01	5.926198889920072238e-02	-4.854300038589060562e-01
-1.006884878732912991e+00	-9.443646609618538967e-01	6.314876227199872627e-01	7.125620240341934419e-01	-3.811066063999926090e-01	-4.808648259858133711e-01	9.151293949978428488e-01	3.397467858545250019e-02	-4.460179050610909579e-01
-1.039576591647491055e+00	-9.188137694988007809e-01	6.811872128922377145e-01	6.933892823288186902e-01	-4.109860469115384496e-01	-4.726211192292506524e-01	9.160541495107358267e-01	1.093484822556155429e-02	-4.041897065083693841e-01
-1.071340026138143164e+00	-8.913485666114809858e-01	7.309657148296540008e-01	6.727368823629796823e-01	-4.418934187176315476e-01	-4.983876193895037110e-01	9.160745485073503724e-01	-9.895160730338340219e-03	-3.636788505342296585e-01
-1.102107500840704413e+00	-8.619386366567284297e-01	7.817534529322988091e-01	6.504931518150655068e-01	-4.756307026750496991e-01	-5.252108193715886442e-01	9.152925869707012607e-01	-2.855819930579684557e-02	-3.227388822035845428e-01
-1.131810150774148704e+00	-8.305322115954177908e-01	8.343157963353637907e-01	6.265743364439794183e-01	-5.115496240487694690e-01	-5.729905284799087228e-01	9.137830612217083814e-01	-4.503107635540235659e-02	-2.834918717020365464e-01
-1.160376313317595498e+00	-7.970177981254786825e-01	8.898502302775090911e-01	6.008478253679233605e-01	-5.489190406485082718e-01	-5.765379281546076928e-01	9.116479662433962794e-01	-5.933999713633660716e-02	-2.426692331534326952e-01
-1.187730344593449061e+00	-7.613016914876631347e-01	9.477945363525880351e-01	5.732857005063827227e-01	-5.869274465933423945e-01	-6.001785585227203956e-01	9.089756976877418904e-01	-7.139933796342569361e-02	-2.018494822153655555e-01
-1.213793265076595018e+00	-7.232860086121460919e-01	1.007846533235844833e+00	5.438042076183604578e-01	-6.281208986629904789e-01	-6.497936365987161400e-01	9.058478515411744203e-01	-8.119875572660185947e-02	-1.590254578974286681e-01
-1.238484158414327574e+00	-6.829399344584272669e-01	1.068767181767799723e+00	5.122707358218595575e-01	-6.703805395505563203e-01	-6.620011074319014366e-01	9.023732224522660328e-01	-8.859488296681221342e-02	-1.144284193428397878e-01
-1.261720171426349735e+00	-6.402054949672599804e-01	1.131138667615841475e+00	4.786643465566929323e-01	-7.132421856029956819e-01	-6.607021559801597999e-01	8.986402060729841157e-01	-9.353263390684204981e-02	-6.899061604592725272e-02
-1.283417482518568464e+00	-5.950713533989189230e-01	1.193324999595150260e+00	4.429571217424453367e-01	-7.564769211980452157e-01	-6.779072958167341456e-01	8.947643967174584434e-01	-9.586400412031599594e-02	-2.148118203782256944e-02
-1.303491839690759990e+00	-5.475220561488459703e-01	1.256162202067776512e+00	4.051211432987512628e-01	-8.006847627961097835e-01	-6.937957622880501773e-01	8.908409897031750457e-01	-9.575287628476314428e-02	2.291660864253345503e-02
-1.321858829540400349e+00	-4.975773887465350098e-01	1.317969770338019764e+00	3.651005750648300685e-01	-8.461862924189428314e-01	-7.260640593069580540e-01	8.869719800131778964e-01	-9.325466323882415642e-02	6.580998811536177551e-02
-1.338435426724740029e+00	-4.452893342912150332e-01	1.378583929786101114e+00	3.228256218396934885e-01	-8.929666305510973734e-01	-7.300196216909444757e-01	8.832525629649723431e-01	-8.855795158905027664e-02	1.044945922044655390e-01
-1.353140618049694099e+00	-3.907325800844377306e-01	1.436211456019415023e+00	2.782474269826398228e-01	-9.402818872635757552e-01	-7.399873153004715709e-01	8.797643345449875918e-01	-8.171549451720756807e-02	1.434927584419689317e-01
-1.365897726662950840e+00	-3.340651953020501441e-01	1.489862840814024647e+00	2.313659904937187539e-01	-9.877041763366888327e-01	-7.396163395572517008e-01	8.766024900707387602e-01	-7.284006512724001958e-02	1.790380018051022648e-01
-1.376635681752060636e+00	-2.754559376070281340e-01	1.538752476544217984e+00	1.821743328528512562e-01	-1.034837430822241444e+00	-7.337743208231198855e-01	8.738418258631170943e-01	-6.215388256562710823e-02	2.101108400998345505e-01
-1.385290105319917586e+00	-2.151202050541555222e-01	1.581578063810142654e+00	1.306933926202742680e-01	-1.081495556626560051e+00	-7.265459031623534569e-01	8.715503385774751033e-01	-4.987855004083293492e-02	2.379599847892001074e-01
-1.391805582577101630e+00	-1.533526852859764811e-01	1.616558184670107146e+00	7.697202643668946132e-02	-1.126623209809331616e+00	-6.972720061334473085e-01	8.697892252036469873e-01	-3.632120811556083240e-02	2.572055610380986623e-01
-1.396136684156442875e+00	-9.042153674516262285e-02	1.644510675169887914e+00	2.108002950308508761e-02	-1.170352059775036313e+00	-6.770887356045258709e-01	8.686060834003804798e-01	-2.192096414754855088e-02	2.697639990382116881e-01
-1.398247998393478575e+00	-2.663909674969845709e-02	1.664036550649440560e+00	-3.690582345952125171e-02	-1.212555602027921342e+00	-6.509010885839727756e-01	8.680213121642806895e-01	-7.029595777272312947e-03	2.756341480187440296e-01
-1.398115745349448602e+00	3.764555958668922703e-02	1.674170713519827158e+00	-9.690177820998337188e-02	-1.252690691332487560e+00	-6.157600313925538638e-01	8.680485108264236471e-01	7.971640660993451269e-03	2.743214237855554072e-01
-1.395728680664169552e+00	1.020818892114549736e-01	1.675985716027970973e+00	-1.587961624266903404e-01	-1.290196813480396720e+00	-5.754922458653909390e-01	8.686876793868096858e-01	2.260792436201323335e-02	2.635053840245430989e-01
-1.391086675215801760e+00	1.663563246628240455e-01	1.668533691621402859e+00	-2.224633447479228976e-01	-1.325406869015325562e+00	-5.352819615784270013e-01	8.699116191832955147e-01	3.654662655072351413e-02	2.485263256022880174e-01
-1.384202694989054683e+00	2.300560334944195262e-01	1.650643727553352313e+00	-2.877637347718037808e-01	-1.357053180450084495e+00	-4.753831453772041638e-01	8.716795322226619236e-01	4.945994800377623291e-02	2.265138079707122443e-01
-1.375103317562542449e+00	2.928201387085088148e-01	1.623773760965118607e+00	-3.545088854556547875e-01	-1.384617554352002067e+00	-4.101839350269504969e-01	8.739574201772274398e-01	6.098148695238972405e-02	1.981458945858508014e-01
-1.363827118085793488e+00	3.543144829890375047e-01	1.588133675453700322e+00	-4.224963907166895960e-01	-1.407777377073176739e+00	-3.388494339739941963e-01	8.766704867261012613e-01	7.079030150577189651e-02	1.641247265696095248e-01
-1.350424400275416437e+00	4.142142211224192350e-01	1.544437442206153088e+00	-4.914959263917559884e-01	-1.426162019913938206e+00	-2.626364901580149902e-01	8.797439355483827050e-01	7.859682774749345013e-02	1.251698561755025807e-01
-1.334955872916247399e+00	4.722464387654147777e-01	1.494023338388291489e+00	-5.612701887975238835e-01	-1.439525026592466617e+00	-1.826280018866144883e-01	8.830961706576424541e-01	8.416401255218967925e-02	8.227319898999525816e-02
-1.317491563085867234e+00	5.281446764501677160e-01	1.436524965155183464e+00	-6.315679152105546645e-01	-1.447502306811552675e+00	-9.251084698846957777e-02	8.866251970708369790e-01	8.739924108918181722e-02	3.789763344820056001e-02
-1.298109826220499752e+00	5.817269933293764961e-01	1.375485933020816454e+00	-7.021169043470240068e-01	-1.449675860644943137e+00	-5.848745399006228043e-03	8.902358194704605987e-01	8.803954103015533550e-02	-1.074833842664642790e-02
-1.276893709183201331e+00	6.328806364632241221e-01	1.311728864429985375e+00	-7.726309958830488434e-01	-1.446511817528471910e+00	7.764175226188742285e-02	8.938192432079509198e-01	8.600076959750939387e-02	-6.044205567045234095e-02
-1.253929820447765353e+00	6.815286757805111284e-01	1.246143311640439233e+00	-8.428659066152199841e-01	-1.437939356691501080e+00	1.633408452943453382e-01	8.972598739691780567e-01	8.125975025568289711e-02	-1.102350563514218756e-01
-1.229306823677263072e+00	7.276169468581049626e-01	1.179384931544514847e+00	-9.125494352597627312e-01	-1.423827881771529746e+00	2.505323111675550329e-01	9.004557167711080279e-01	7.382808123371811804e-02	-1.595375844782015717e-01
-1.203114781354693186e+00	7.711242201915329275e-01	1.112308814327021222e+00	-9.814093805328526487e-01	-1.404154243676256408e+00	3.377260475910967008e-01	9.032911772996304878e-01	6.375041056677580031e-02	-2.077593251572294741e-01
-1.175444078767652112e+00	8.120625391465741139e-01	1.045904069345310994e+00	-1.049166561630735517e+00	-1.378939502642929193e+00	4.239591356231895980e-01	9.056574609061633918e-01	5.110019259865003494e-02	-2.544055415722440983e-01
-1.146384025188408096e+00	8.504741783949417711e-01	9.805851189811437552e-01	-1.115569715829823449e+00	-1.348291892839199368e+00	5.087706714247876016e-01	9.074593722732109402e-01	3.597560220425987526e-02	-2.991101207260081218e-01
-1.116021670257040022e+00	8.864378806572764669e-01	9.179186314068752406e-01	-1.180339662326362449e+00	-1.312398838930795453e+00	5.870320047376215156e-01	9.085881167521913104e-01	1.842014685430116983e-02	-3.427657127772336110e-01
-1.084441588778370047e+00	9.200260597426107578e-01	8.565348987697968264e-01	-1.243246076957051471e+00	-1.271568361194698626e+00	6.671908789770251147e-01	9.089552986911371146e-01	-1.348249501180167178e-03	-3.824384596339618914e-01
-1.051725665518899788e+00	9.513077499440694140e-01	7.973674124706554567e-01	-1.304030717478422696e+00	-1.225621533457657675e+00	7.458865667805348876e-01	9.084657227725426720e-01	-2.320562988448046995e-02	-4.198548410480325566e-01
-1.017953095206809433e+00	9.803837837271784927e-01	7.409168856881986898e-01	-1.362456280207096082e+00	-1.174839006272567543e+00	8.199581760324272661e-01	9.070445926755076327e-01	-4.701903539210396804e-02	-4.547354059151768602e-01
-9.831990913135637555e-01	1.007361445360559049e+00	6.872339984107099786e-01	-1.418292440979969538e+00	-1.119509756998082528e+00	8.899352857801167138e-01	9.046103124136122275e-01	-7.264852168617338957e-02	-4.869928238575347290e-01
-9.475354240615753154e-01	1.032353334169669345e+00	6.366299862344234617e-01	-1.471322834673999047e+00	-1.059918213294865463e+00	9.549244031808516997e-01	9.010880856659558846e-01	-9.995458129654556656e-02	-5.167688808258789068e-01
-9.110293444088778392e-01	1.055479207909115535e+00	5.889254309920983754e-01	-1.521352034726477287e+00	-9.964518434680491588e-01	1.013121066462912667e+00	8.964167154427046258e-01	-1.287975357514180852e-01	-5.434355673151062271e-01
-8.737446600644535044e-01	1.076830159894036187e+00	5.437544922520211044e-01	-1.568198573614904223e+00	-9.294281534857133931e-01	1.057822146209171033e+00	8.905350047540535607e-01	-1.591272450400114946e-01	-5.741550731890465720e-01
-8.357411974805685206e-01	1.096544873168118883e+00	5.022762763100480088e-01	-1.611743799497639573e+00	-8.613655585661880165e-01	1.080809859269216799e+00	8.833749569446208705e-01	-1.912239310754884902e-01	-6.014483955842847562e-01
-7.970741562435766925e-01	1.114735854888205813e+00	4.634704026685674272e-01	-1.651903958133487782e+00	-7.902468256316359518e-01	1.130213034212850465e+00	8.748753750245918948e-01	-2.244039308844744396e-01	-6.201743057196136277e-01
-7.577951850892477026e-01	1.131505043543210354e+00	4.273668581174356884e-01	-1.688504561520077107e+00	-7.157177220638307746e-01	1.189211541450738485e+00	8.649954610007568601e-01	-2.584715953258708843e-01	-6.336765100793353422e-01
-7.179522743012343167e-01	1.146951520394960733e+00	3.936943016962446973e-01	-1.721385080695194247e+00	-6.375822960901152969e-01	1.236829764371076390e+00	8.537080162109533799e-01	-2.932972121702088208e-01	-6.493427740226968004e-01
-6.775902937187360253e-01	1.161161555267709700e+00	3.624275170594943862e-01	-1.750426863817199141e+00	-5.599442751491252590e-01	1.185391720432072749e+00	8.409654429964529276e-01	-3.298490658612774906e-01	-6.909939309146038156e-01
-6.367505623303689744e-01	1.174244705922597998e+00	3.336770780018635807e-01	-1.775748562727682334e+00	-4.835068021890952528e-01	1.211169819171285633e+00	8.266929450363450504e-01	-3.676125908237325990e-01	-6.994494711595327097e-01
-5.954716014848946415e-01	1.186250405460488100e+00	3.061073797636568172e-01	-1.797273402705626077e+00	-4.041379216137192532e-01	1.258200715976709905e+00	8.108701233340153136e-01	-4.056886005657943661e-01	-7.051297307490717037e-01
-5.537899957034826404e-01	1.197247995403224019e+00	2.806021591278146654e-01	-1.814812936708402047e+00	-3.202947421289421559e-01	1.332229260755277922e+00	7.934901782239448531e-01	-4.436085339390812288e-01	-7.022986209216764975e-01
-5.117398546720478558e-01	1.207302884745048432e+00	2.564497583334744979e-01	-1.828185697213510208e+00	-2.334062695067429527e-01	1.371981658174601382e+00	7.745463100405954870e-01	-4.819885779904053980e-01	-7.110577876149024590e-01
-4.693533512489135306e-01	1.216465028875645782e+00	2.337040323469357639e-01	-1.837259073339102766e+00	-1.440177922051340265e-01	1.413033208177093547e+00	7.540181197873430108e-01	-5.208102711814117658e-01	-7.185088606301029968e-01
-4.266607214648109880e-01	1.224803892208347511e+00	2.135104701588449172e-01	-1.841963269884191456e+00	-5.526067706623120912e-02	1.370368025431276671e+00	7.318716091365157217e-01	-5.615130490323139156e-01	-7.596990376665578859e-01
-3.836884352968228939e-01	1.232425652988387688e+00	1.945529237215199991e-01	-1.842375061569893058e+00	3.284616318739869145e-02	1.391168300134569158e+00	7.080387814327611107e-01	-6.025259043579113127e-01	-7.542520152029300595e-01
-3.404624247143663851e-01	1.239297837140183489e+00	1.752109337149596324e-01	-1.838417673675140307e+00	1.241256967065760969e-01	1.446935385169648924e+00	6.825400356726837314e-01	-6.430980734657911757e-01	-7.410286209345671171e-01
-2.970081912807280289e-01	1.245470615113523083e+00	1.575129919982345417e-01	-1.829902659157255140e+00	2.194380768034008278e-01	1.504356440973144471e+00	6.553957708528885817e-01	-6.828995065515446328e-01	-7.343124844827171316e-01
-2.533496225362013021e-01	1.250964786292672493e+00	1.398726147070489811e-01	-1.816690427614360503e+00	3.167691221314247185e-01	1.534522914579411923e+00	6.266127866389042955e-01	-7.228823674171058755e-01	-7.376679123459419785e-01
-2.095103908180134811e-01	1.255787570552524324e+00	1.225570982946395104e-01	-1.798704204325438427e+00	4.149415754435303305e-01	1.534106952440342564e+00	5.961978826962786027e-01	-7.630276466547259995e-01	-7.403142578331801671e-01
-1.655137380572610228e-01	1.259953622702967957e+00	1.056640214823475615e-01	-1.775950968810468877e+00	5.117761600157706425e-01	1.504084377196158950e+00	5.641306600284065054e-01	-8.033188915804930774e-01	-7.428052034764170974e-01
-1.213823681773764235e-01	1.263489425859568138e+00	8.969693737900558128e-02	-1.748528434350904659e+00	6.062018798021601151e-01	1.463635640428462725e+00	5.304111186352689078e-01	-8.437602527201166769e-01	-7.452448375624421972e-01
-7.713726347726548860e-02	1.266455534802808813e+00	7.493649728884722860e-02	-1.716576191348673008e+00	6.976788086931378086e-01	1.425140716691036591e+00	4.950324588513468904e-01	-8.838322170716066406e-01	-7.271438234409401957e-01
-3.279983666196664704e-02	1.268748659237414644e+00	5.696284941580859185e-02	-1.680184973564949003e+00	7.881322558369761033e-01	1.401104170282750250e+00	4.580354786698598302e-01	-9.233156368775083944e-01	-7.287878078837249918e-01
1.160699314202248353e-02	1.270428647317816351e+00	4.162905935085111503e-02	-1.639480412361551398e+00	8.742680395859470099e-01	1.326551097090380216e+00	4.194133784252502273e-01	-9.631788463879200624e-01	-7.350123179581474764e-01
5.606235123732905556e-02	1.271513502646938631e+00	2.583893001472143194e-02	-1.594699811421711466e+00	9.546740939241191715e-01	1.225831406285551761e+00	3.791457591209325129e-01	-1.003669565579279332e+00	-7.452284154221804346e-01
1.005450401219798034e-01	1.271977387289526362e+00	9.404259320471581446e-03	-1.546122351549331864e+00	1.030911394479706145e+00	1.185257766901659515e+00	3.372394204224352099e-01	-1.043100788373860333e+00	-7.241453176708023687e-01
1.450327862786748856e-01	1.271822943412561857e+00	-5.940533798324931780e-03	-1.493922520746784555e+00	1.102671019620463655e+00	1.101558554935439860e+00	2.937215609918917281e-01	-1.082556798107977558e+00	-7.255822854681313050e-01
1.895055758223032905e-01	1.271118375791628896e+00	-2.035995971075001479e-02	-1.438316684137112889e+00	1.171189070784934616e+00	1.065941263220646418e+00	2.485989804948499360e-01	-1.121066952839238962e+00	-7.022849154551754625e-01
2.339431796646887773e-01	1.269816586264128411e+00	-3.603431482966610450e-02	-1.379416514041878150e+00	1.236921977109459503e+00	1.002282473774272598e+00	2.019124769245292106e-01	-1.159250892851847015e+00	-7.011663479274943267e-01
2.783256915222532824e-01	1.267967714556976322e+00	-5.005471939690905869e-02	-1.317277846621762061e+00	1.305432559901754219e+00	1.080801501141026133e+00	1.537028482741393254e-01	-1.195209188162270841e+00	-6.595152520844359545e-01
3.226330975098861131e-01	1.265536367921761052e+00	-6.502424136223085294e-02	-1.251809948115588877e+00	1.372528186618386270e+00	1.040581964808418025e+00	1.040244918679567310e-01	-1.230851014188407033e+00	-6.513750596667269299e-01
3.668452761409436991e-01	1.262516002386771641e+00	-8.061128458570201993e-02	-1.183124490844919663e+00	1.437411258002484704e+00	1.004563214765239021e+00	5.289780670261527706e-02	-1.266265092567818717e+00	-6.489483984610201484e-01
4.109404919057898509e-01	1.258855218587344504e+00	-9.778912820765112146e-02	-1.111354085691503624e+00	1.498583235161808247e+00	9.350185375857004155e-01	3.227927780956441994e-04	-1.301410200279160545e+00	-6.427081988325186179e-01
4.548955028733276951e-01	1.254506119566211497e+00	-1.156082057062247231e-01	-1.036708118258255595e+00	1.555271756786840154e+00	8.680202289684485484e-01	-5.368015090898762415e-02	-1.336240880764864025e+00	-6.370858746002601158e-01
4.986863139017314595e-01	1.249480072785970064e+00	-1.332454080193940793e-01	-9.594099331883476633e-01	1.607196687384835343e+00	7.908674650376882331e-01	-1.091110243586345258e-01	-1.370629181618360448e+00	-6.264371544709297357e-01
5.422888222476420772e-01	1.243741286100874310e+00	-1.520894370266430151e-01	-8.797107932052186108e-01	1.653768998445258154e+00	7.030724126910853355e-01	-1.659290295776353064e-01	-1.404422396697750708e+00	-6.162418746642546186e-01
5.856772035431740964e-01	1.237253690859331678e+00	-1.718930193772993109e-01	-7.979038381528799073e-01	1.693453238431776642e+00	5.952177632952584396e-01	-2.241205672349039502e-01	-1.437551560867848410e+00	-6.024137610265126730e-01
6.288246650066475762e-01	1.229972892511468796e+00	-1.926979961761240145e-01	-7.143031464357292304e-01	1.727113134601643507e+00	4.948304756955295702e-01	-2.836584386683166925e-01	-1.469987155589808303e+00	-5.881501554275911925e-01
6.717023694272578060e-01	1.221845525428821633e+00	-2.151763698681043169e-01	-6.292088374179065635e-01	1.754711202021712824e+00	3.974629753414830047e-01	-3.445086455501730205e-01	-1.501604963930200265e+00	-5.726218924063922744e-01
7.142794351650755269e-01	1.212787224605194503e+00	-2.402486686899764912e-01	-5.429559280639968399e-01	1.774658480128949334e+00	2.803530398507290133e-01	-4.066303898872631883e-01	-1.532278677090637364e+00	-5.550584133964324707e-01
7.565212145265219901e-01	1.202677310599824745e+00	-2.684929939152995160e-01	-4.559422510196428080e-01	1.785694645350529353e+00	1.367371467429776555e-01	-4.699896733519155489e-01	-1.561857365354224036e+00	-5.321893926293752575e-01
7.983885405536386148e-01	1.191389512409265272e+00	-3.001468147540874987e-01	-3.685865774904762415e-01	1.788848387263998641e+00	1.399447937754671328e-02	-5.345252989542962352e-01	-1.589891958441309594e+00	-5.013215685778662500e-01
8.398378346256203386e-01	1.178784225303672439e+00	-3.354224239575127609e-01	-2.812588220417248097e-01	1.784500707308162015e+00	-1.011546197969840771e-01	-6.001692700390524049e-01	-1.615602738592132992e+00	-4.536598778257283637e-01
8.808203532480839426e-01	1.164720277686735583e+00	-3.743085894425432492e-01	-1.943428582787245507e-01	1.771876439957130067e+00	-2.350107534340766247e-01	-6.668059922920639426e-01	-1.638208975318659499e+00	-3.910262622092890439e-01
9.212831564668656492e-01	1.149091399144605452e+00	-4.153531416786983010e-01	-1.082016212463761395e-01	1.753220532103986651e+00	-3.086889943105379230e-01	-7.342926727370773232e-01	-1.656984990705864025e+00	-3.174376443903102474e-01
9.611705066879473458e-01	1.131853041513048774e+00	-4.575129647730241667e-01	-2.305845558785184560e-02	1.730994255904854562e+00	-3.686503400376359152e-01	-8.024525200701579930e-01	-1.671505737716901363e+00	-2.370220040434053987e-01
1.000424944692785756e+00	1.112937706642535440e+00	-5.016515171312827537e-01	6.088423261401225417e-02	1.703618665855172409e+00	-4.528919811146646657e-01	-8.711291419839761740e-01	-1.681566778057431266e+00	-1.535146149675195859e-01
1.038986428826048414e+00	1.092273871687317044e+00	-5.475868916587429691e-01	1.433682011156985903e-01	1.671884093140804328e+00	-5.098671061964609175e-01	-9.401117488469157291e-01	-1.686984708297408320e+00	-6.634384016430673603e-02
1.076792119792548741e+00	1.069765773455729319e+00	-5.960808676913320614e-01	2.242329209549937807e-01	1.636865439680540657e+00	-5.656322469610791659e-01	-1.009223549355042104e+00	-1.687497713275086131e+00	2.571293558321920830e-02
1.113775519844984130e+00	1.045308862014748374e+00	-6.469530219180151809e-01	3.032690065289827541e-01	1.597133985846930448e+00	-6.394039916031809545e-01	-1.078253753876729615e+00	-1.682820900905773298e+00	1.222773647833259869e-01
1.149868086806925982e+00	1.018865839797906014e+00	-7.002651068634735410e-01	3.802321746342562370e-01	1.551553594792227653e+00	-7.324040347585856203e-01	-1.146977973449305299e+00	-1.672787918119038375e+00	2.244756311127964199e-01
1.184994822409975557e+00	9.901173118290883535e-01	-7.621787656679811507e-01	4.548572035071682396e-01	1.501515930427529621e+00	-8.002691080867280204e-01	-1.215171819110067108e+00	-1.656709495411379018e+00	3.389959604056529963e-01
1.219071474653909526e+00	9.588777734078555159e-01	-8.280060076760098475e-01	5.269347075448531648e-01	1.446983793964218501e+00	-8.749993110225173787e-01	-1.282570103903113212e+00	-1.634139467871140949e+00	4.616332377671306664e-01
1.252007765852663379e+00	9.250105077543202547e-01	-8.948491868078942701e-01	5.964577072271328717e-01	1.411671813748476945e+00	1.485311748486706218e-02	-1.348900841207003376e+00	-1.603219246687773269e+00	6.566479543166454658e-01
1.283717722381487736e+00	8.888696881355698798e-01	-9.537843572532990200e-01	6.658690345879009209e-01	1.421578509289809888e+00	-4.870239521982630548e-02	-1.413674455103143046e+00	-1.558756590607271342e+00	8.795747538659455245e-01
1.314116446630960056e+00	8.500380057827939817e-01	-1.028249956596840820e+00	7.348057545820581016e-01	1.395332861058845797e+00	-5.288675674987921571e-01	-1.476455766997233798e+00	-1.506490282109048895e+00	1.008096438166535824e+00
1.343099995520345091e+00	8.080094242731789000e-01	-1.114043925366100973e+00	8.018789427104645595e-01	1.346843438890873212e+00	-8.111254226888847674e-01	-1.536959190936749264e+00	-1.447436104253113420e+00	1.135710936577573049e+00
1.370550652972701844e+00	7.624643950162511841e-01	-1.207556919833892461e+00	8.662650156016674652e-01	1.285132265290534814e+00	-1.030828074224873436e+00	-1.594892341303653982e+00	-1.380891306628457826e+00	1.277395973603970836e+00
1.396341018773129772e+00	7.131688404511211665e-01	-1.306378589227380260e+00	9.273707140474654054e-01	1.212944668086729516e+00	-1.164911870759034018e+00	-1.649935633817750213e+00	-1.306171135503551017e+00	1.431842997701339604e+00
1.420336806208629454e+00	6.599742154922260129e-01	-1.408196305087040079e+00	9.847074716410895157e-01	1.130649473268602767e+00	-1.325211964368133488e+00	-1.701742285536706811e+00	-1.222736470792952224e+00	1.593555811558539093e+00
1.442400285317148700e+00	6.028109328347467377e-01	-1.512054781941923443e+00	1.037863496696838306e+00	1.041697111703303591e+00	-1.428037434170334130e+00	-1.749945114521558320e+00	-1.130185674424817543e+00	1.763200213917929027e+00
1.462390928496779985e+00	5.415975768681888791e-01	-1.617465567772104373e+00	1.086475854169711930e+00	9.444448562710173745e-01	-1.547695302578918408e+00	-1.794170139167840627e+00	-1.028262542748159314e+00	1.935640775638915789e+00
1.480167239731821960e+00	4.763816144296141863e-01	-1.720396759590302471e+00	1.130216506615154826e+00	8.424352620696279326e-01	-1.624820444460364222e+00	-1.834022978874464638e+00	-9.169406452152601972e-01	2.106808407818645534e+00
1.495591381458688529e+00	4.072964749516183036e-01	-1.819810346995851758e+00	1.168820232269471404e+00	7.337986321398465295e-01	-1.724503123975275276e+00	-1.869129652036946476e+00	-7.964757206182283555e-01	2.271475985945992093e+00
1.508531864604234052e+00	3.346137486216622658e-01	-1.910152112793362722e+00	1.202035768409223104e+00	6.213465510759906829e-01	-1.778401072310871633e+00	-1.899122976716340450e+00	-6.675013052013416548e-01	2.422098849120916775e+00
1.518870219880786410e+00	2.587618751050404509e-01	-1.988941824784316692e+00	1.229702586072196402e+00	5.069988483586248540e-01	-1.794499587035833787e+00	-1.923676568966910194e+00	-5.309262976865395389e-01	2.554685318380537584e+00
1.526504118230602058e+00	1.802539693742487847e-01	-2.053576559408665236e+00	1.251757869577482030e+00	3.911340788908406196e-01	-1.825731051548314943e+00	-1.942498043170620692e+00	-3.879230223614835715e-01	2.663256941034539249e+00
1.531350706473384005e+00	9.967882297980976136e-02	-2.102600772724619649e+00	1.268145782764299456e+00	2.749527191174662155e-01	-1.815008869260062108e+00	-1.955363010364769893e+00	-2.399272456816604893e-01	2.745211418339917220e+00
1.533350265758398168e+00	1.780490773063393706e-02	-2.129345016565278748e+00	1.278866325632698198e+00	1.589278374791351645e-01	-1.809494247793289823e+00	-1.962094679245432349e+00	-8.883923271637397812e-02	2.788306563646736791e+00
1.532472022047248972e+00	-6.456498650201536460e-02	-2.136973180455759014e+00	1.283989293383567487e+00	4.576659155545648866e-02	-1.759236666547560946e+00	-1.962597854495103267e+00	6.359122462413936694e-02	2.801844786827107470e+00
1.528711456075555919e+00	-1.466706726388599946e-01	-2.124050860383274841e+00	1.283661255939061663e+00	-6.500723182256420984e-02	-1.727580993507501272e+00	-1.956872536113772210e+00	2.154921097485535952e-01	2.779262756697115311e+00
1.522092024977482083e+00	-2.277240973413648117e-01	-2.090962324415763351e+00	1.278007844660800973e+00	-1.719574475167447436e-01	-1.650804971087536321e+00	-1.944966321760197348e+00	3.649554293086941792e-01	2.723076448927906235e+00
1.512663333059672155e+00	-3.069869162632469228e-01	-2.038824718084345289e+00	1.267266363232115722e+00	-2.734201909109998940e-01	-1.560961953854869133e+00	-1.927022004410631872e+00	5.102386050080072177e-01	2.635006555840476938e+00
1.500500593793591353e+00	-3.837637110548205444e-01	-1.969718210402837011e+00	1.251736931017145782e+00	-3.680402886751437119e-01	-1.444556425317506054e+00	-1.903236774365634654e+00	6.497055660202725180e-01	2.519173477894891988e+00
1.485700863761872048e+00	-4.575046252611028597e-01	-1.887016494720037851e+00	1.231768524020783184e+00	-4.553819140788396003e-01	-1.327676204264375937e+00	-1.873882618246626830e+00	7.820341706818230154e-01	2.380194736325015104e+00
1.468378415792405800e+00	-5.277830410831024777e-01	-1.794902405138973034e+00	1.207724077287977815e+00	-5.347219226713576523e-01	-1.195261463355659526e+00	-1.839279120333815909e+00	9.062917460594557273e-01	2.227635983637931361e+00
1.448659681686295109e+00	-5.942887189605268183e-01	-1.694302827829742064e+00	1.180050280104925520e+00	-6.045696731494245579e-01	-1.045197372679767867e+00	-1.799759464238456230e+00	1.021643936872971281e+00	2.058680792254322434e+00
1.426682176202525687e+00	-6.567494235256055024e-01	-1.587799466650073654e+00	1.149172883197535411e+00	-6.656203822578539153e-01	-9.028236538566963842e-01	-1.755711230896108699e+00	1.127414506269594385e+00	1.880017124582430199e+00
1.402589762590523925e+00	-7.150546446081690322e-01	-1.479589116033465546e+00	1.115573473452447839e+00	-7.160398635732608819e-01	-7.372367312959234864e-01	-1.707535600573390377e+00	1.223359170908174143e+00	1.698872553802888818e+00
1.376528348528837542e+00	-7.691939364317764705e-01	-1.371669140290699307e+00	1.079768535356895987e+00	-7.563790454623012804e-01	-5.775442557279325539e-01	-1.655626953871399909e+00	1.309404765321506403e+00	1.517328174114148887e+00
1.348642658079155954e+00	-8.192435838873175502e-01	-1.266218388028706787e+00	1.042239655797421172e+00	-7.865342577625424880e-01	-4.188487886438131969e-01	-1.600400070387830720e+00	1.385685949165705422e+00	1.339348253546092327e+00
1.319074079655647047e+00	-8.653141585907055955e-01	-1.163862601145953191e+00	1.003482380700970289e+00	-8.069142150103094657e-01	-2.679916367510753461e-01	-1.542242531058243271e+00	1.452452550884269611e+00	1.166640664161518348e+00
1.287959267205034397e+00	-9.075643134523535549e-01	-1.066089791324242642e+00	9.639573583938968460e-01	-8.179647733016393030e-01	-1.236931907368785388e-01	-1.481535117152640524e+00	1.510072124431917073e+00	1.001323953627468066e+00
1.255428633785138137e+00	-9.461950989458751682e-01	-9.737254528477816695e-01	9.241112781623469496e-01	-8.201364385811460433e-01	1.279320561551550856e-02	-1.418651810275515679e+00	1.558981205500656664e+00	8.444254824918785429e-01
1.221605167948008219e+00	-9.814217902345666600e-01	-8.868862940793260652e-01	8.843629112121508262e-01	-8.142131180900443743e-01	1.353882923493920365e-01	-1.353939393369190780e+00	1.599669522919987319e+00	6.965344942410194307e-01
1.186604218536863709e+00	-1.013462919106144611e+00	-8.059513978212091700e-01	8.450891516285655714e-01	-8.005964299803688400e-01	2.537089138825249224e-01	-1.287710651048344257e+00	1.632653634517593932e+00	5.584990794790415380e-01
1.150533387084558434e+00	-1.042552348061395184e+00	-7.310132293251537794e-01	8.066529344565414039e-01	-7.802585932070984498e-01	3.532172794939951732e-01	-1.220285167593155196e+00	1.658446595077462726e+00	4.295858278638081118e-01
1.113491989805915683e+00	-1.068918962495860381e+00	-6.620470827948881087e-01	7.693473995401891585e-01	-7.540275240398273127e-01	4.418297970039257172e-01	-1.151941729290601568e+00	1.677574043777530388e+00	3.105645959000441492e-01
1.075571488003860043e+00	-1.092789435758305228e+00	-5.989017319533954664e-01	7.334517276833626420e-01	-7.225825009731695614e-01	5.198457276278261041e-01	-1.082945523096585649e+00	1.690558050343623941e+00	2.008433837459674409e-01
1.036855272866354483e+00	-1.114378612891820053e+00	-5.412199678418603277e-01	6.992102020893717906e-01	-6.866947550457568328e-01	5.853250693600834387e-01	-1.013527737639337900e+00	1.697900994407604891e+00	1.005314993649188277e-01
9.974198490832568709e-01	-1.133887882321609641e+00	-4.886625304977902373e-01	6.668112698009442951e-01	-6.468356235238290619e-01	6.441878799285238877e-01	-9.439195615470886702e-01	1.700114552778923871e+00	9.358456370796209081e-03
9.573348348463233126e-01	-1.151499307786462589e+00	-4.406922423592416482e-01	6.364363983404810465e-01	-6.038074699706459381e-01	6.906931979671383504e-01	-8.743181851203679633e-01	1.697652128886071310e+00	-7.386982316912873991e-02
9.166637150599374895e-01	-1.167382264479079668e+00	-3.970437853512393533e-01	6.082251781100078691e-01	-5.581758876599144381e-01	7.293384339243775827e-01	-8.049003996631297619e-01	1.690968620346794404e+00	-1.485792551134156037e-01
8.754641641457087120e-01	-1.181693531214689008e+00	-3.573739347774364528e-01	5.822962609511156407e-01	-5.103156830014117240e-01	7.624883123359684767e-01	-7.358429964792895239e-01	1.680509461580222075e+00	-2.152771306687872865e-01
8.337886916516691338e-01	-1.194582943439471912e+00	-3.215089443534298042e-01	5.587543396652866479e-01	-4.603515577803656833e-01	7.945469857120206481e-01	-6.672751692140437285e-01	1.666708631554525422e+00	-2.738833873228040949e-01
7.916846422522747506e-01	-1.206178984203650772e+00	-2.888975884361542068e-01	5.376901480136965228e-01	-4.087311278816597726e-01	8.179130046384053276e-01	-5.993397108436553378e-01	1.650015183947252329e+00	-3.239862017528718496e-01
7.491948413576013932e-01	-1.216641566055385759e+00	-2.611797671029614798e-01	5.191874402375905584e-01	-3.553552871480800124e-01	8.464006789189849611e-01	-5.321386163511487855e-01	1.630944414826271505e+00	-3.642042979737576402e-01
7.063546898719569311e-01	-1.226220742448946854e+00	-2.398889708036711366e-01	5.033439296183225276e-01	-2.995490349457038959e-01	8.910340444181376052e-01	-4.657534817229725954e-01	1.610021017049658720e+00	-3.963133061652739375e-01
6.631923793969497494e-01	-1.235049543419594498e+00	-2.208823717537294617e-01	4.902852475175621394e-01	-2.412724254984464634e-01	9.217304769867376013e-01	-4.002591032800177917e-01	1.587389213084762440e+00	-4.274358870618102380e-01
6.197331962928001037e-01	-1.243168799664064350e+00	-2.024818425022832935e-01	4.801091072167127383e-01	-1.818412944175302193e-01	9.349970165230064856e-01	-3.357302773431656284e-01	1.563048521470600694e+00	-4.587472920469325977e-01
5.760022117166627709e-01	-1.250570308175562362e+00	-1.836368322832354072e-01	4.728294677559323200e-01	-1.223015414431273679e-01	9.344152103483688299e-01	-2.722350005677979801e-01	1.536955411493533319e+00	-4.915643142595859105e-01
5.320251424348898528e-01	-1.257224052708257878e+00	-1.642450717042053254e-01	4.684463291352705117e-01	-6.338227857009574862e-02	9.190962363387678025e-01	-2.098412696092675778e-01	1.509056357974012608e+00	-5.237518923191947229e-01
4.878274900107674728e-01	-1.263165272396201910e+00	-1.460044002026743004e-01	4.669108347140255022e-01	-5.562500721457044016e-03	9.004531408864261399e-01	-1.486306804539939963e-01	1.479467691846620747e+00	-5.541954573976585197e-01
4.434334647891877146e-01	-1.268450558769406822e+00	-1.294431644343950194e-01	4.681601688113378179e-01	5.076772832371555244e-02	8.759176767993819279e-01	-8.865763042628266311e-02	1.448285174040524037e+00	-5.829049909817162201e-01
3.988654478889840371e-01	-1.273095457601046032e+00	-1.126356285499108545e-01	4.721105771860115152e-01	1.050640158828539950e-01	8.400881020373086594e-01	-3.000371551256273209e-02	1.415535782972833445e+00	-6.117375074711915994e-01
3.541459280305226942e-01	-1.277112688160080056e+00	-9.672009396400742254e-02	4.786434079964064225e-01	1.564809011638566560e-01	7.881869641614975830e-01	2.728346662841785869e-02	1.381075927056107711e+00	-6.433373987901688240e-01
3.092962103173090838e-01	-1.280531068500336378e+00	-8.123681907354296516e-02	4.875911527602796447e-01	2.041157670066938434e-01	7.248368891077043852e-01	8.311552034469175954e-02	1.344798174082885378e+00	-6.782251063725944773e-01
2.643371694467160915e-01	-1.283357388376501707e+00	-6.575265231739454985e-02	4.987514053947455506e-01	2.467434469859536572e-01	6.439968497687019733e-01	1.374244489808965075e-01	1.306363575521637177e+00	-7.202933184734168215e-01
2.192900029207161816e-01	-1.285544027337154782e+00	-4.837647946567897456e-02	5.118310260557924485e-01	2.827266650350767074e-01	5.279939863482869811e-01	1.901014578884598349e-01	1.265108910568212286e+00	-7.774026543083796259e-01
1.741798894979973422e-01	-1.286915680675321250e+00	-2.495964449530323898e-02	5.264321820978767885e-01	3.086288110676080887e-01	3.576615465498327318e-01	2.410241530877235416e-01	1.220436984981444040e+00	-8.413934163526596288e-01
1.290408312629406362e-01	-1.287156885942488449e+00	6.558324219438046651e-03	5.419825528731331277e-01	3.212049632162855550e-01	1.375467208499841498e-01	2.900497416024437891e-01	1.173116808164763825e+00	-8.776357368357110555e-01
8.391511561795805818e-02	-1.286169360671496786e+00	3.725581591297141143e-02	5.578400225326087813e-01	3.217663501654335900e-01	-3.111069865881696539e-02	3.371238261083151500e-01	1.125110400029400104e+00	-8.815837353474521576e-01
3.884137151334318694e-02	-1.284246723348949404e+00	5.854169897366836434e-02	5.735648813102860455e-01	3.169161288825969591e-01	-7.554487476659045575e-02	3.822328072742902649e-01	1.077360610597594803e+00	-8.748068552912882101e-01
-6.153608269222698469e-03	-1.281703268954226926e+00	7.293517861474262121e-02	5.890105592840600979e-01	3.100655284346119922e-01	-1.208976136320999151e-01	4.253970840969546474e-01	1.029997135496714566e+00	-8.681087282497625957e-01
-5.105099346149041123e-02	-1.278673379328953086e+00	8.566109358986634392e-02	6.041072612530418162e-01	3.032093052466552363e-01	-9.814050892713173380e-02	4.666234562418561937e-01	9.828084971408155290e-01	-8.658024858978339289e-01
-9.583346021667109305e-02	-1.275146332190840504e+00	9.833913978839736725e-02	6.188549872171319466e-01	2.957166823215799378e-01	-1.142426328438125582e-01	5.059187233745233714e-01	9.357887021707735897e-01	-8.618893768030432279e-01
-1.404835770864417688e-01	-1.271106888995433781e+00	1.121385275945220861e-01	6.332746757367658796e-01	2.893660908215237582e-01	-1.079646550371755609e-01	5.432964848260325441e-01	8.889545187104542778e-01	-8.584012897919043317e-01
-1.849827290056192119e-01	-1.266513819648664274e+00	1.268883586312540002e-01	6.473593472917159586e-01	2.825946379499363337e-01	-9.519396927759261884e-02	5.787567405963838230e-01	8.422855925817792633e-01	-8.552716510950667539e-01
-2.293103640814286304e-01	-1.261319810927828966e+00	1.425225407054673821e-01	6.611090018820315883e-01	2.750109352216530412e-01	-1.295602168117732933e-01	6.123130900166533497e-01	7.958542259426053533e-01	-8.498083285888741178e-01
-2.734457152180290729e-01	-1.255522343557433640e+00	1.584336079856193680e-01	6.744538443067246147e-01	2.661231001933354601e-01	-1.377105985861862558e-01	6.439723327523698693e-01	7.497640657209470039e-01	-8.427990966151032159e-01
-3.173670469057839894e-01	-1.249100679598955432e+00	1.745882551118669301e-01	6.873310588849850244e-01	2.558494242950619113e-01	-1.654750176638671577e-01	6.737548678001478164e-01	7.041466835817909997e-01	-8.333904922709304275e-01
-3.610524084319912119e-01	-1.242040809422815695e+00	1.915609616491777134e-01	6.996568913755675245e-01	2.434394791953740089e-01	-1.987479259345889537e-01	7.016742944910441260e-01	6.589731088556861627e-01	-8.252250561543431617e-01
-4.044785578655550329e-01	-1.234294067999948785e+00	2.096909636280493150e-01	7.113336284972172630e-01	2.294117015497926515e-01	-2.227584079447235410e-01	7.277578114872310655e-01	6.142790028595270790e-01	-8.157482602463326238e-01
-4.476208544554515223e-01	-1.225822205354857752e+00	2.288446008558659428e-01	7.222844955287681667e-01	2.132753821075436262e-01	-2.609594116234251748e-01	7.520190181197557999e-01	5.701248802581564412e-01	-8.053834172627910570e-01
-4.904530434276646589e-01	-1.216580642600438189e+00	2.491916389285127875e-01	7.323838611085503603e-01	1.945533033323397776e-01	-3.027490469193704903e-01	7.744783133852329859e-01	5.265194737576667228e-01	-7.955541558276379988e-01
-5.329472559851853308e-01	-1.206516290614073394e+00	2.709619925228850534e-01	7.414991143547159380e-01	1.730901745889281418e-01	-3.449484316280830298e-01	7.951696956113438741e-01	4.834976975803250698e-01	-7.833530550527821879e-01
-5.750737941049458568e-01	-1.195574923526886657e+00	2.942232455931362844e-01	7.495046239055457304e-01	1.490408429885435870e-01	-3.867262448657052820e-01	8.141135637947028991e-01	4.411902600817709796e-01	-7.695927666857869109e-01
-6.168009153347545626e-01	-1.183704097396570454e+00	3.186382282376789554e-01	7.562607993590633182e-01	1.213781240738564943e-01	-4.494434040144547060e-01	8.313371165974435817e-01	3.996427506363960380e-01	-7.552103295031497021e-01
-6.580954784024930504e-01	-1.170857850806785505e+00	3.444955443627172875e-01	7.615652346324820465e-01	8.977131202971887214e-02	-5.064345302186692432e-01	8.468743523472567203e-01	3.588916274620311819e-01	-7.399264755471476329e-01
-6.989217595992534005e-01	-1.156956765133709819e+00	3.724422433196844517e-01	7.652294826831734786e-01	5.378503509559332679e-02	-5.894105182691008471e-01	8.607660690373424295e-01	3.190143559705161946e-01	-7.226845102981120927e-01
-7.392418831854716821e-01	-1.141952052456789879e+00	4.015369919907733065e-01	7.670092603078275673e-01	1.290188530553649029e-02	-6.559104232101304888e-01	8.730394653298630958e-01	2.801083573013011807e-01	-7.048616957794832105e-01
-7.790161441955247845e-01	-1.125766168247389176e+00	4.328802233971946190e-01	7.666812228632722270e-01	-3.286300315637476210e-02	-7.322619689272813481e-01	8.837353392180284928e-01	2.421547050571514759e-01	-6.866295487312813473e-01
-8.182013944147382700e-01	-1.108302827025020587e+00	4.668384959305149629e-01	7.640010871461972997e-01	-8.313642485899656875e-02	-7.987072555118996942e-01	8.929080880261247577e-01	2.052487451146626229e-01	-6.663982350393915510e-01
-8.567510423793869290e-01	-1.089455205364141088e+00	5.036339064825644529e-01	7.587873856340037193e-01	-1.365144731976084824e-01	-8.356632109613083559e-01	9.005849104162851892e-01	1.695267973402329875e-01	-6.433294624398564476e-01
-8.946145153690298057e-01	-1.069101702137830623e+00	5.437689471770594807e-01	7.509633436057234768e-01	-1.896200618704346752e-01	-8.127941207473476926e-01	9.068270033783534245e-01	1.352082684841213467e-01	-6.156526617024090653e-01
-9.317365061957799677e-01	-1.047084309615986308e+00	5.884586374277346321e-01	7.406545924230262257e-01	-2.381184546693548565e-01	-7.229081507810376506e-01	9.116955639021442348e-01	1.025298514060608429e-01	-5.834758587645705319e-01
-9.680553591813125802e-01	-1.023219919482174278e+00	6.376059728811306337e-01	7.281333333697362908e-01	-2.799674352378067610e-01	-6.249823095855088217e-01	9.152721879740963740e-01	7.192755717160999318e-02	-5.427755071645106177e-01
-1.003503930969126934e+00	-9.973678824289069489e-01	6.901256295822746356e-01	7.137276038903099806e-01	-3.160226329429052239e-01	-5.367949168685464123e-01	9.176384715806292780e-01	4.367461156779574999e-02	-4.981799337822871432e-01
-1.038010774141408632e+00	-9.694332647820601556e-01	7.446693906100548821e-01	6.976118919872671409e-01	-3.503799348632236077e-01	-5.362239494430329767e-01	9.189032093703345394e-01	1.786473844576644959e-02	-4.528336121849369511e-01
-1.071502074046620123e+00	-9.393701665710380011e-01	8.000148415642520661e-01	6.797931771806374757e-01	-3.858107795158252085e-01	-5.472733502151547746e-01	9.191547969951602282e-01	-5.436922183784846131e-03	-4.055357420457729734e-01
-1.103902617213297077e+00	-9.071345311975578252e-01	8.572767906177986008e-01	6.602016642694326087e-01	-4.234612758852506209e-01	-5.980345869021456151e-01	9.185088287692457776e-01	-2.625794807388144927e-02	-3.608000005072630190e-01
-1.135134284928587700e+00	-8.726070924729630862e-01	9.176953458926219165e-01	6.387535990125560170e-01	-4.624780265317020023e-01	-6.325268388057838642e-01	9.170537003445293767e-01	-4.459172992738375668e-02	-3.144006167967330900e-01
-1.165114869621392435e+00	-8.356754046861556429e-01	9.809310160836099968e-01	6.153024114880017992e-01	-5.047490702787019723e-01	-6.608828613933933616e-01	9.149050060351505698e-01	-6.042693182847435479e-02	-2.686645501928692781e-01
-1.193757967260829389e+00	-7.962136269538955258e-01	1.047502726617779434e+00	5.897783064946825471e-01	-5.478420927963439935e-01	-6.830113409970945959e-01	9.121579411585956088e-01	-7.369312433649617688e-02	-2.195706259816079808e-01
-1.220973622965433547e+00	-7.541554593186553523e-01	1.115217828104358100e+00	5.620835707513437418e-01	-5.938648060621651847e-01	-7.386848552227248677e-01	9.089281000289843870e-01	-8.421824491785204203e-02	-1.691847768798614149e-01
-1.246670267830746637e+00	-7.094593644576470126e-01	1.184105118710779614e+00	5.320786138560584799e-01	-6.423598938917888246e-01	-7.592375594872589062e-01	9.053174776293606563e-01	-9.199135444698235131e-02	-1.182128222026608416e-01
-1.270754396124719188e+00	-6.620756327641609262e-01	1.253898873518151991e+00	4.996727020475024705e-01	-6.920696366275946865e-01	-7.798472286415197852e-01	9.014484679393635069e-01	-9.686258740178362026e-02	-6.392817385622510951e-02
-1.293131856506104072e+00	-6.119943407505784583e-01	1.324438189746107941e+00	4.648379172453100949e-01	-7.416858959461587464e-01	-7.736117074443388253e-01	8.974366652731128324e-01	-9.883523099861767081e-02	-1.166124917197320851e-02
-1.313707378577713358e+00	-5.591765625382216776e-01	1.395261100115961161e+00	4.275603004093730397e-01	-7.928498108651660381e-01	-8.068566092812412549e-01	8.934044636102476122e-01	-9.799293161221048210e-02	3.911944984100330230e-02
-1.332385939425883903e+00	-5.036792276086927700e-01	1.464269486617572502e+00	3.877421382581887066e-01	-8.454613881793668906e-01	-8.233825953324870328e-01	8.894674572648975097e-01	-9.446453152184244861e-02	8.629899815433701715e-02
-1.349074560566077441e+00	-4.455531515920893582e-01	1.531796083756105320e+00	3.452996765507597154e-01	-9.007099876186830389e-01	-8.700438796188083579e-01	8.857208415545488878e-01	-8.847556365371937737e-02	1.311557598777833289e-01
-1.363683932726025505e+00	-3.849717651002007024e-01	1.594050223054855442e+00	3.001421815257121484e-01	-9.564217405907434744e-01	-8.702097236543765435e-01	8.822734111277835689e-01	-8.005219790254393397e-02	1.741357731611100357e-01
-1.376131235005890741e+00	-3.221151348851432616e-01	1.651627731418417122e+00	2.522696531830955213e-01	-1.012106495826603281e+00	-8.694224952489150171e-01	8.792135616365689410e-01	-6.941616199255154496e-02	2.124198143877359668e-01
-1.386340533003938669e+00	-2.572060939366972998e-01	1.702934817746658114e+00	2.016820915228603184e-01	-1.067517768429990355e+00	-8.637076809684220979e-01	8.766296887328818288e-01	-5.686209012237811167e-02	2.447962012737187332e-01
-1.394245038448727270e+00	-1.905512165765389510e-01	1.745459101194313911e+00	1.484074146254711901e-01	-1.122191160139464294e+00	-8.445964185977242744e-01	8.745965887376134784e-01	-4.260370116185023537e-02	2.727659204914262836e-01
-1.399789497953136008e+00	-1.224783312091144577e-01	1.779886153647590508e+00	9.250843817173824701e-02	-1.175198103347766754e+00	-8.229588561115717127e-01	8.731754586405879870e-01	-2.720640462625192532e-02	2.901017422402330515e-01
-1.402930128453447223e+00	-5.333378291375499153e-02	1.804759553658213056e+00	3.405495736264967793e-02	-1.226806872856963659e+00	-7.992125200045778755e-01	8.723934971039485342e-01	-1.108955734770138320e-02	2.996575750400277127e-01
-1.403636231232337606e+00	1.648732756867083218e-02	1.819080220204205345e+00	-2.686927356059872624e-02	-1.276471376142919611e+00	-7.658721924795098834e-01	8.722847024553667117e-01	5.305402878888384674e-03	3.008995100808723455e-01
-1.401891623019266397e+00	8.655408277325114808e-02	1.822214832921988048e+00	-9.015258227654482370e-02	-1.323440583970667994e+00	-7.174661154114930772e-01	8.728422750293235444e-01	2.148054196673257130e-02	2.917374454067111489e-01
-1.397694130263269274e+00	1.565086641641494913e-01	1.816412201617493727e+00	-1.556623579032911653e-01	-1.367840929299829478e+00	-6.823716983632126531e-01	8.740526154947330095e-01	3.690071287962033014e-02	2.755139886225722035e-01
-1.391055395450201182e+00	2.258932318238213444e-01	1.797907903235307581e+00	-2.232659895590394794e-01	-1.408827756405932163e+00	-6.206490894253375856e-01	8.758681261928472628e-01	5.125775817604954349e-02	2.522132792376003407e-01
-1.382003330417684861e+00	2.942641413376765880e-01	1.768435970366829313e+00	-2.927540916408746807e-01	-1.445356365925097641e+00	-5.484822841793247639e-01	8.782480091304565306e-01	6.411336241858781038e-02	2.212399688806701570e-01
-1.370580308649357537e+00	3.612338881949201941e-01	1.729087063801938218e+00	-3.639102990257531145e-01	-1.477044583225957330e+00	-4.704015221921062917e-01	8.811106683211220592e-01	7.508340939472593623e-02	1.836014429164712358e-01
-1.356842067739236990e+00	4.264234904094177381e-01	1.680091010466880919e+00	-4.364903285103647890e-01	-1.503414518332583771e+00	-3.849672387964983566e-01	8.843813074439526023e-01	8.382296717507169148e-02	1.400077238732580498e-01
-1.340856859339612628e+00	4.895063024072906499e-01	1.623118582712684166e+00	-5.102149992908560083e-01	-1.524139680338723934e+00	-2.949260177164445551e-01	8.879647311814332644e-01	9.004581384649694431e-02	9.168306399289072317e-02
-1.322703555374065809e+00	5.501863093179293340e-01	1.558225701634557536e+00	-5.848051305632738783e-01	-1.538901161168112264e+00	-1.956039489718796875e-01	8.917385455539249550e-01	9.361508997426108702e-02	4.160103669575652280e-02
-1.302471023948579942e+00	6.082261462331522983e-01	1.488701101998707532e+00	-6.599606029635277649e-01	-1.546976016671187892e+00	-9.436032420835585577e-02	8.956075552439221044e-01	9.427255316914795458e-02	-1.349472771445699854e-02
-1.280253674648080819e+00	6.635076529876906548e-01	1.416297802445976473e+00	-7.353533790470622167e-01	-1.548961001260738879e+00	5.695647095131301570e-04	8.994357669406999323e-01	9.189525655859476228e-02	-6.976461471502679035e-02
-1.256149962875128923e+00	7.159444368658047786e-01	1.341856853057384669e+00	-8.106903189698655421e-01	-1.544796310730449207e+00	9.812874465441159821e-02	9.031075863301575302e-01	8.646008337461059956e-02	-1.260659446198015010e-01
-1.230260388461409837e+00	7.654800906747142308e-01	1.266252728933769944e+00	-8.856782828878270175e-01	-1.534319271916247285e+00	1.975169163598722577e-01	9.064938197670889819e-01	7.798631695964118593e-02	-1.816723066423758248e-01
-1.202687065261601074e+00	8.120955662338501524e-01	1.190411199418794475e+00	-9.599962128764701896e-01	-1.517472512840303933e+00	2.975930424679913977e-01	9.094720732718745149e-01	6.653254945502050377e-02	-2.359052130372172595e-01
-1.173531891927314774e+00	8.558166707555959762e-01	1.115654906108143107e+00	-1.033337010051625260e+00	-1.494298239820473828e+00	3.960370652634020994e-01	9.119267525303746957e-01	5.219206641638193811e-02	-2.881547644401468711e-01
-1.142895368290236080e+00	8.966950801104618396e-01	1.042268958836736648e+00	-1.105400555049102840e+00	-1.464838802246875682e+00	4.961361315281727635e-01	9.137286638974223552e-01	3.506965367599443328e-02	-3.389586150079615945e-01
-1.110875411745261498e+00	9.348385701330195197e-01	9.721616948935954960e-01	-1.175872769464504808e+00	-1.429532573536143714e+00	5.827143834370145381e-01	9.147758123899638605e-01	1.526148074077529268e-02	-3.863990952573541637e-01
-1.077566281235170731e+00	9.703196775237885596e-01	9.035675712271100668e-01	-1.244488431534284789e+00	-1.388396765281626699e+00	6.759686567162063175e-01	9.149662030249748890e-01	-6.998219131077738041e-03	-4.303412628134747342e-01
-1.043059760867487640e+00	1.003234288365921767e+00	8.378239874966082468e-01	-1.310954401414232695e+00	-1.341398055953059609e+00	7.663309729455723973e-01	9.141910411538736181e-01	-3.156380083802348691e-02	-4.714827839176299884e-01
-1.007443545891487435e+00	1.033704587520904106e+00	7.753040594603126667e-01	-1.374984518780514753e+00	-1.288884869434752778e+00	8.505363880177964075e-01	9.123687307902115240e-01	-5.827692796702771405e-02	-5.096930750827569634e-01
-9.708010274951320850e-01	1.061856415871976100e+00	7.161346426469000770e-01	-1.436327520909593147e+00	-1.231157943625455164e+00	9.305321446698646692e-01	9.094040766165120138e-01	-8.696836997119526680e-02	-5.447209508214687634e-01
-9.332110776020025034e-01	1.087826643813384342e+00	6.604064233631241621e-01	-1.494739124598108759e+00	-1.168580167015359716e+00	1.004216374793264865e+00	9.052358816429314503e-01	-1.174484544664492758e-01	-5.757944789681896935e-01
-8.947481564728335668e-01	1.111727409827507618e+00	6.077667716385647401e-01	-1.549975046642651844e+00	-1.101254079496013949e+00	1.077162586667020694e+00	8.997825498830408497e-01	-1.495909523444959865e-01	-6.060718996053062746e-01
-8.554819899009142858e-01	1.133720377666203705e+00	5.594262794678632744e-01	-1.601895696641296052e+00	-1.032661916898835130e+00	1.088505996889612470e+00	8.929624853504107840e-01	-1.839157020085407934e-01	-6.449967064939414740e-01
-8.154768160013580180e-01	1.153941926157769249e+00	5.143253657454393002e-01	-1.650382422752450173e+00	-9.605549838374249916e-01	1.149984968625524795e+00	8.847144910552171559e-01	-2.195478656108254545e-01	-6.668101621450281957e-01
-7.747926764294968960e-01	1.172507450409002949e+00	4.722846442133786238e-01	-1.695246777933436588e+00	-8.837294988976587273e-01	1.229110876551487985e+00	8.749841696731640583e-01	-2.560935267175357688e-01	-6.818925854252171348e-01
-7.334854163808818273e-01	1.189544358169611238e+00	4.334243252830528026e-01	-1.736258438021103023e+00	-8.028391020244565190e-01	1.282947390410089872e+00	8.637443225421279624e-01	-2.936572951786504682e-01	-7.009206568364777512e-01
-6.916066845912823835e-01	1.205159012022058773e+00	3.976293917860262983e-01	-1.773326669254174481e+00	-7.237323727582511967e-01	1.220347960189971825e+00	8.509133536756503524e-01	-3.335407592545239219e-01	-7.492084035305651701e-01
-6.492040409382200394e-01	1.219474242008141252e+00	3.642865624159478122e-01	-1.806563143954212691e+00	-6.441187098465437355e-01	1.266534373177035322e+00	8.364300660839266710e-01	-3.743560495563554857e-01	-7.560341837144229915e-01
-6.063218172532301997e-01	1.232553675195531273e+00	3.329748015830787944e-01	-1.835793374118796395e+00	-5.588436774517357986e-01	1.366805943162403114e+00	8.202740607703420395e-01	-4.149963702963830880e-01	-7.509866649157506124e-01
-5.630018705325928741e-01	1.244485086829204112e+00	3.035703649181052399e-01	-1.860731199423993232e+00	-4.689578838222050461e-01	1.423014757507150785e+00	8.024453377348870209e-01	-4.560360380180629725e-01	-7.610021558634260108e-01
-5.192832601327335151e-01	1.255320460008388705e+00	2.756838389741432249e-01	-1.881230049947697713e+00	-3.781118606934114612e-01	1.382831648310774320e+00	7.829166983154377535e-01	-4.985601163565431815e-01	-8.111898037734482925e-01
-4.752019249656259103e-01	1.265224254266283932e+00	2.525663773077654883e-01	-1.897436495612015328e+00	-2.915201485610239285e-01	1.374882643790708014e+00	7.615997468600075315e-01	-5.429648809044509417e-01	-8.168073356710949806e-01
-4.307898226865264912e-01	1.274212230436166715e+00	2.290344533729690712e-01	-1.909273761695878591e+00	-1.980142975882469292e-01	1.516893543867323224e+00	7.384808840375298722e-01	-5.860216045082653480e-01	-7.816527225227795084e-01
-3.860780501384309393e-01	1.282338737278400975e+00	2.067448791903076233e-01	-1.916357974593951408e+00	-9.749181223593481049e-02	1.600101771672184814e+00	7.136213068378385316e-01	-6.285337127305996585e-01	-7.863080329938990642e-01
-3.410967357505372832e-01	1.289606263345609793e+00	1.845809958458947408e-01	-1.918416933022409676e+00	7.891521520833054068e-03	1.667379921148268274e+00	6.870074159298474870e-01	-6.713975365015456553e-01	-7.915786242851978738e-01
-2.958754699443805758e-01	1.296041015247510808e+00	1.632452393051491701e-01	-1.915248230898565884e+00	1.163816543228463479e-01	1.708435493779301151e+00	6.586392113135665083e-01	-7.144226995078660769e-01	-7.936440899784185099e-01
-2.504429823292330659e-01	1.301682072477141183e+00	1.429374576817928344e-01	-1.906747175420888452e+00	2.264931275165197044e-01	1.727393136435607879e+00	6.285030936579192318e-01	-7.575607402113784250e-01	-7.955080639469777060e-01
-2.048261732883074893e-01	1.306564981397271508e+00	1.235928192011084142e-01	-1.892843971388438407e+00	3.378947863259409989e-01	1.747330736100359827e+00	5.966058626284437283e-01	-8.006689801402974149e-01	-7.977478241028278516e-01
-1.590466707297074067e-01	1.311050244186597435e+00	1.167713550013517454e-01	-1.873601434482125017e+00	4.439101893085432016e-01	1.621473863022571793e+00	5.629203195629873813e-01	-8.445655377182477164e-01	-8.064818081460242150e-01
-1.131171716343099681e-01	1.315062344026026731e+00	1.012950522987921542e-01	-1.849305725025831570e+00	5.464182043557319624e-01	1.606541418919882114e+00	5.274464644615695086e-01	-8.877731246305461399e-01	-7.831568440535207065e-01
-6.706145594087575823e-02	1.318238566690087543e+00	7.836961059054012302e-02	-1.819956843019607362e+00	6.512398123682306972e-01	1.645405418825939492e+00	4.902318949829185812e-01	-9.301519179670957316e-01	-7.824062789849397515e-01
-2.090825325867595036e-02	1.320643153703890960e+00	5.937402105607614972e-02	-1.785505931822751080e+00	7.550881426909977767e-01	1.611901839625918598e+00	4.512698114615159573e-01	-9.729442862874292386e-01	-7.893315687919451040e-01
2.531661204440409374e-02	1.322335707438893726e+00	4.085489760066081388e-02	-1.746057684236744789e+00	8.556664419641856201e-01	1.556958946483004480e+00	4.105466145662851063e-01	-1.015996759752917145e+00	-7.928419081083828424e-01
7.158839161580826671e-02	1.323323754998707136e+00	2.276561591144647678e-02	-1.701800547304118005e+00	9.526047253133111958e-01	1.497311745697017304e+00	3.680623042972164805e-01	-1.059137058342415560e+00	-7.934109444257803068e-01
1.178824447045126733e-01	1.323592119284620505e+00	3.131169194768431037e-03	-1.652922968067598308e+00	1.045065519241550556e+00	1.436081864059534530e+00	3.238032813232529228e-01	-1.102271629206434733e+00	-7.903066410010936016e-01
1.641711177165749713e-01	1.323013607607030684e+00	-1.877983776848425601e-02	-1.599599434529507480e+00	1.134329020059184678e+00	1.367589797029477694e+00	2.777967443065279540e-01	-1.144972619552750759e+00	-7.834379740011245818e-01
2.104261114488535922e-01	1.321687731347972461e+00	-3.734029975676352031e-02	-1.542067250373175824e+00	1.217608280215742411e+00	1.269192101506096737e+00	2.300426932470512054e-01	-1.187191219199021708e+00	-7.677427729035471993e-01
2.566218167365306169e-01	1.319613845327136215e+00	-5.727388868211752415e-02	-1.480598616882377927e+00	1.296133950096511445e+00	1.209327969302071537e+00	1.805819261380323670e-01	-1.228437782326261996e+00	-7.582117656180181742e-01
3.027318712040558135e-01	1.316803747127325952e+00	-7.612748410553982215e-02	-1.415444796780552572e+00	1.369126314477609796e+00	1.140828929715877349e+00	1.294416416416049043e-01	-1.269032762723440566e+00	-7.349718120471300242e-01
3.487303428820124340e-01	1.313246192177431659e+00	-9.513873154666248333e-02	-1.346815175670614595e+00	1.438431935533251549e+00	1.075912130237133724e+00	7.665583808546932998e-02	-1.308650393928680655e+00	-7.138798622127112692e-01
3.945920530117121294e-01	1.308993409359657578e+00	-1.131468718065010287e-01	-1.274772569233423747e+00	1.508952397489018216e+00	1.100599158028426006e+00	2.229251212497848286e-02	-1.346255285798523715e+00	-6.749798716810144761e-01
4.402930064513291830e-01	1.304069208899713894e+00	-1.306778399934355461e-01	-1.199219264187675993e+00	1.582868536556534256e+00	1.159882154495903928e+00	-3.355994058790029433e-02	-1.381628489800749593e+00	-6.466974053170354564e-01
4.858091004575040839e-01	1.298434757087539193e+00	-1.493558208413709731e-01	-1.120078485812254332e+00	1.655496596032026924e+00	1.118875032190852714e+00	-9.086072205995725237e-02	-1.416788041341560334e+00	-6.431138073823297052e-01
5.311149410684833372e-01	1.292055060572055769e+00	-1.690577161448608701e-01	-1.037510763069372066e+00	1.722676463697651927e+00	1.016094459392756333e+00	-1.495962329601063512e-01	-1.451697233171582058e+00	-6.371652686278082012e-01
5.761835202995209126e-01	1.284878719988600926e+00	-1.900713799409299298e-01	-9.518371538835556089e-01	1.782924337104351054e+00	9.104853976840354690e-01	-2.097528739572905865e-01	-1.486321499712706995e+00	-6.312359602605819298e-01
6.209861085413448389e-01	1.276849020915675093e+00	-2.128737689145262235e-01	-8.633996547394187093e-01	1.836230344265914249e+00	8.065173449406540795e-01	-2.713238453859717625e-01	-1.520545672177552321e+00	-6.240889105111940838e-01
6.654909633417636083e-01	1.267869677872791812e+00	-2.384462225019270409e-01	-7.725612006821102051e-01	1.880793062307392516e+00	6.530814870217479529e-01	-3.342819485839971239e-01	-1.554140110279669695e+00	-6.096053153864984253e-01
7.096626837964683521e-01	1.257796293362092754e+00	-2.680427772462062319e-01	-6.797894195580131971e-01	1.915292077305118079e+00	4.914844532751770911e-01	-3.985999848892236574e-01	-1.586766944624214304e+00	-5.889919885247646425e-01
7.534602737214419754e-01	1.246486313258032830e+00	-3.011943740207976838e-01	-5.855728777738963275e-01	1.940348465956745150e+00	3.539677678921162030e-01	-4.642167573118367585e-01	-1.617768715336719731e+00	-5.549965403884202786e-01
7.968383252698202357e-01	1.233828735824492151e+00	-3.368111178596648880e-01	-4.903303465355899338e-01	1.957431294268147326e+00	2.289481379013153794e-01	-5.310642691964642115e-01	-1.646328134098703044e+00	-5.052021691608006293e-01
8.397478797441548792e-01	1.219726845460777476e+00	-3.749072562772221562e-01	-3.944666380087163970e-01	1.965606300355963398e+00	9.226097439323677207e-02	-5.990133268979289660e-01	-1.671794614306272964e+00	-4.447103913471266434e-01
8.821375036117420354e-01	1.204124019914005528e+00	-4.142276678132845724e-01	-2.983795848387202354e-01	1.967211285012557154e+00	2.721467517928676709e-04	-6.679347367710442018e-01	-1.693750895308815840e+00	-3.777514342860170404e-01
9.239536113092207126e-01	1.186970795360441588e+00	-4.548717978848111354e-01	-2.023274292692182064e-01	1.963923770532327584e+00	-8.018041110516874181e-02	-7.376789061740184339e-01	-1.711876905165727880e+00	-3.052597727023302343e-01
9.651406804456386102e-01	1.168185817635335022e+00	-4.981276345585865517e-01	-1.065963316241429482e-01	1.954099856602895757e+00	-1.869776902410736630e-01	-8.080826431339833693e-01	-1.725902859705900294e+00	-2.278133957271045451e-01
1.005639530177926178e+00	1.147656671750459489e+00	-5.440728291813681228e-01	-1.150037030789191617e-02	1.938010522092116661e+00	-2.719902859563223529e-01	-8.789759560125427473e-01	-1.735533573540883445e+00	-1.447348870220996619e-01
1.045386998406298673e+00	1.125262371036332976e+00	-5.933934003699384840e-01	8.268127387573079301e-02	1.916772875236634199e+00	-3.478973982635085171e-01	-9.501616545091569055e-01	-1.740392843020379887e+00	-5.443349674047217451e-02
1.084315511368123763e+00	1.100867089676352606e+00	-6.467849714484451562e-01	1.756973382031874198e-01	1.889969574242610584e+00	-4.465616376235991836e-01	-1.021442548323266974e+00	-1.740059638816432219e+00	4.439263876080822707e-02
1.122352545630258991e+00	1.074355463286591705e+00	-7.012637411548741095e-01	2.672477033103873301e-01	1.856742757815613265e+00	-5.474627489756239695e-01	-1.092601048157737953e+00	-1.734191293526474498e+00	1.471614279471385178e-01
1.159423102924305615e+00	1.045625246149417320e+00	-7.619963719560164384e-01	3.569973522326465032e-01	1.816127260463274551e+00	-6.600095710850919506e-01	-1.163399165718791872e+00	-1.722403966532905173e+00	2.614437064123753540e-01
1.195442608445440369e+00	1.014300390312960598e+00	-8.311174063585488048e-01	4.446252270455381961e-01	1.769617901198974330e+00	-7.532470610640936703e-01	-1.233571714050536228e+00	-1.703893119932220923e+00	3.885283404996913714e-01
1.230316588047817072e+00	9.801847609631090252e-01	-9.051647542011149739e-01	5.298172493447145248e-01	1.716559265981719706e+00	-8.491875786391150926e-01	-1.302846706531530563e+00	-1.678122007739686339e+00	5.262655011120451753e-01
1.263946909133475183e+00	9.433809110462140213e-01	-9.689694474621887155e-01	6.134109615417863148e-01	1.719341592298066601e+00	3.830002178168206983e-01	-1.370843361891743051e+00	-1.639794841385899593e+00	8.170930277847153755e-01
1.296247382874598841e+00	9.041557608732101459e-01	-1.037236899395602263e+00	6.973606292637790638e-01	1.708931368231113135e+00	-4.004646387298262389e-01	-1.436963309564017299e+00	-1.588286385678001622e+00	1.002584490252467875e+00
1.327120629883954628e+00	8.617881831952186600e-01	-1.123461803623239552e+00	7.798027206448923110e-01	1.661890638578634061e+00	-8.479404520517426214e-01	-1.500818968612802173e+00	-1.529385727467003964e+00	1.133463606364501830e+00
1.356447320061609840e+00	8.157929102508201247e-01	-1.220435683675300975e+00	8.593832087864305969e-01	1.593237698883744446e+00	-1.127743900437581770e+00	-1.562117953420033345e+00	-1.463126901063723784e+00	1.273563021647335036e+00
1.384094350311422694e+00	7.658296862338906941e-01	-1.325708222347138809e+00	9.352785103169414249e-01	1.510308436406400778e+00	-1.358120216892032106e+00	-1.620533880039994434e+00	-1.388581267845947043e+00	1.430297149282609759e+00
1.409918502993166900e+00	7.116709161095085001e-01	-1.435975847035587449e+00	1.006867447947807914e+00	1.417020727714414452e+00	-1.522191703541751817e+00	-1.675713165864815668e+00	-1.304959680059501359e+00	1.600948857643186285e+00
1.433770104374643140e+00	6.531824023732805129e-01	-1.548808582731831418e+00	1.073633537191945653e+00	1.313553756511111947e+00	-1.638309837617801357e+00	-1.727268229958927037e+00	-1.211734074619435386e+00	1.779679251706550946e+00
1.455496898286864127e+00	5.903241438460133939e-01	-1.662940267348613999e+00	1.135185924923939327e+00	1.202643493699331767e+00	-1.785669291646256651e+00	-1.774804691721259431e+00	-1.108525973387363139e+00	1.964280988255437288e+00
1.474945014537849097e+00	5.230590580213417828e-01	-1.776861988595080488e+00	1.191112819458037819e+00	1.083581903259413393e+00	-1.899076956263485494e+00	-1.817907771554099439e+00	-9.951714305977651387e-01	2.149839848651996288e+00
1.491961981755544286e+00	4.515291460131170553e-01	-1.886019806897571982e+00	1.241100142389942818e+00	9.586896602337307005e-01	-1.989463184784733718e+00	-1.856162689859753634e+00	-8.718607063491583542e-01	2.329599556826452034e+00
1.506402322667533156e+00	3.759547522584967272e-01	-1.989222786406753540e+00	1.284840794835385713e+00	8.283904731318671999e-01	-2.052211608696420608e+00	-1.889168266371604732e+00	-7.390344204508494386e-01	2.500251997773211610e+00
1.518130566943951987e+00	2.967278237955504050e-01	-2.079937093594604658e+00	1.322146329751737959e+00	6.950364070508991965e-01	-2.088129725982267537e+00	-1.916557319150697047e+00	-5.975586548015598964e-01	2.651345578094933764e+00
1.527028568101729489e+00	2.144189642346447933e-01	-2.155344337171889890e+00	1.352926013377774295e+00	5.610866452918964464e-01	-2.101080064567282246e+00	-1.937996664585775797e+00	-4.486536473577403261e-01	2.778351785778951033e+00
1.532999484761295772e+00	1.296791850864432438e-01	-2.213189644560584757e+00	1.377158907153208212e+00	4.262392624563198229e-01	-2.122069313420253511e+00	-1.953207516389852794e+00	-2.938605547236895488e-01	2.874802403747403368e+00
1.535971223895640669e+00	4.325765743728096635e-02	-2.250642419153953799e+00	1.394810113477495950e+00	2.918500113170241494e-01	-2.094823379874388714e+00	-1.961985884596860297e+00	-1.349887520965173948e-01	2.937212214285033429e+00
1.535900529688555505e+00	-4.391033768549064409e-02	-2.262255419774690690e+00	1.405970366112011316e+00	1.601672581942008844e-01	-2.042511129361693989e+00	-1.964216174892677857e+00	2.571485516869803645e-02	2.955978813477925460e+00
1.532777825603617750e+00	-1.309212467643155464e-01	-2.252048902505794814e+00	1.410786234978661291e+00	3.168274818181494867e-02	-1.997913475864810273e+00	-1.959864388949624558e+00	1.862405327171735292e-01	2.939278870430801049e+00
1.526623017924405135e+00	-2.169322369656307148e-01	-2.219630223081043852e+00	1.409397310479422183e+00	-9.366432014012938956e-02	-1.931381725114497794e+00	-1.948978124426447911e+00	3.444733984360151546e-01	2.883670725781848798e+00
1.517486033762160735e+00	-3.011129274358479990e-01	-2.166068663041364584e+00	1.402026937257416561e+00	-2.134658302537215668e-01	-1.841996840576770822e+00	-1.931693374633883131e+00	4.984292304218698733e-01	2.793281373266778278e+00
1.505444453822072592e+00	-3.826978117376511612e-01	-2.093233470750452518e+00	1.388982214196863740e+00	-3.260756484885432571e-01	-1.725150029688467201e+00	-1.908220929203535920e+00	6.463381116954417527e-01	2.671441607538421970e+00
1.490601145169547559e+00	-4.610243910785789545e-01	-2.004131142979006963e+00	1.370660973943257810e+00	-4.296345865430902244e-01	-1.582834482543684862e+00	-1.878839574422385139e+00	7.866606454753327649e-01	2.523298579116296292e+00
1.473079526762769653e+00	-5.355816427137110036e-01	-1.903060903099537793e+00	1.347495946742636175e+00	-5.245814327435622815e-01	-1.438632613136374916e+00	-1.843889293567233079e+00	9.181563060354249739e-01	2.354808915727356844e+00
1.453018081774520631e+00	-6.060359469772506058e-01	-1.795067296585190375e+00	1.319933821881095648e+00	-6.097161112474699385e-01	-1.275929803499773030e+00	-1.803750867908102018e+00	1.040109791774966208e+00	2.176623046868694455e+00
1.430564009101744194e+00	-6.721688642500974753e-01	-1.680552141633639307e+00	1.288498063365998147e+00	-6.836107894753985503e-01	-1.100953037919378596e+00	-1.758818678046071282e+00	1.151893011939409739e+00	1.985373060187553218e+00
1.405872685357880236e+00	-7.337831536947513333e-01	-1.562774577110488394e+00	1.253698176164300016e+00	-7.468785463854484830e-01	-9.239032554162842636e-01	-1.709527902575449065e+00	1.253012037367238651e+00	1.788697814957294741e+00
1.379102607600821706e+00	-7.908862502462083999e-01	-1.445943283673466251e+00	1.216106480924015187e+00	-7.984669280970376759e-01	-7.489010578843365851e-01	-1.656320519756081522e+00	1.343462335684377562e+00	1.593157773065949190e+00
1.350410658865469404e+00	-8.435466966316435000e-01	-1.331472562459478537e+00	1.176274359732672803e+00	-8.387336152699526037e-01	-5.702349608855569185e-01	-1.599618108851191156e+00	1.423378433730118964e+00	1.401303402784096042e+00
1.319949956133073199e+00	-8.919113481786656861e-01	-1.221167683631995793e+00	1.134753194677951216e+00	-8.677724346948681999e-01	-3.963888221004022716e-01	-1.539855848455095932e+00	1.493066557291299778e+00	1.215808826825067079e+00
1.287867913503642381e+00	-9.361619921202170014e-01	-1.115839622731533032e+00	1.092080408807270864e+00	-8.861738742194130714e-01	-2.326223400858308810e-01	-1.477441718499960643e+00	1.552935184506132549e+00	1.038370409543708961e+00
1.254304843376017553e+00	-9.765181740987859405e-01	-1.016509478215554818e+00	1.048751548047529569e+00	-8.946001724315686410e-01	-8.034667751673389702e-02	-1.412763299921316884e+00	1.603466158205269165e+00	8.702876672548249815e-01
1.219392880432543125e+00	-1.013223004199596433e+00	-9.235501903409866209e-01	1.005241219765288241e+00	-8.938431055470645870e-01	6.007456244786692906e-02	-1.346201373989206029e+00	1.645214652707594594e+00	7.126375626958045828e-01
1.183255658834466706e+00	-1.046525890696608840e+00	-8.371173170759581561e-01	9.619751746864561026e-01	-8.845650123044671576e-01	1.899982615802900121e-01	-1.278102723645949457e+00	1.678757773709841583e+00	5.655907273983641348e-01
1.146007666612745446e+00	-1.076685182219502268e+00	-7.574077230121355475e-01	9.193652044966356129e-01	-8.672045951866176328e-01	3.102376836318312958e-01	-1.208786933171735800e+00	1.704670999902664796e+00	4.290664853091358810e-01
1.107754676074172995e+00	-1.103950379210852262e+00	-6.840973370265812648e-01	8.777672647208962786e-01	-8.430682756497729358e-01	4.126072555327255920e-01	-1.138553187850176895e+00	1.723522853695630630e+00	3.030048345673156951e-01
1.068593851402917183e+00	-1.128558047784171903e+00	-6.168680949271265757e-01	8.374954337634373802e-01	-8.130018253820643359e-01	5.017718564619635391e-01	-1.067680273968222515e+00	1.735861868566489052e+00	1.867687670675230727e-01
1.028614286668180222e+00	-1.150741896825888011e+00	-5.556474109726428079e-01	7.988149333880535385e-01	-7.778391983026234913e-01	5.773618068566330752e-01	-9.964265788162457449e-01	1.742243716897209138e+00	8.099519934186573400e-02
9.878967906211346683e-01	-1.170721072581154765e+00	-4.999700312237842503e-01	7.619630672779760250e-01	-7.382437489630901961e-01	6.434960548632915334e-01	-9.250300906880253304e-01	1.743219754523023468e+00	-1.505308901043128991e-02
9.465150703117847231e-01	-1.188697608655485904e+00	-4.494153269347290203e-01	7.271352619959122743e-01	-6.948381850849267849e-01	6.992338417538314088e-01	-8.536879998840813943e-01	1.739283395940261379e+00	-1.022450898877988179e-01
9.045361614950990781e-01	-1.204854152522236710e+00	-4.034701881532692380e-01	6.945129850643620983e-01	-6.480886217967403162e-01	7.490372682372884450e-01	-7.826042963705109878e-01	1.730939013033124807e+00	-1.801941644491378280e-01
8.620206438340737298e-01	-1.219355225160349887e+00	-3.616352738017096780e-01	6.642288473651736247e-01	-5.986746237376723290e-01	7.883397346543079554e-01	-7.119421721201724118e-01	1.718649472428722458e+00	-2.499404043692636523e-01
8.190240397196605349e-01	-1.232352413219704568e+00	-3.237880680198179095e-01	6.364224393003230507e-01	-5.469843745741759244e-01	8.222693549126869339e-01	-6.418580194403955552e-01	1.702885111700439325e+00	-3.105267010627156821e-01
7.755959534585052939e-01	-1.244015952133414205e+00	-2.904624058675555620e-01	6.111844946309861193e-01	-4.931007274542842378e-01	8.560310527774183109e-01	-5.724810319763671274e-01	1.684180684580669940e+00	-3.610825956272322723e-01
7.317799636714139577e-01	-1.254543144184722792e+00	-2.630319040901636374e-01	5.886406447189316271e-01	-4.366548420816251386e-01	8.986838324185673077e-01	-5.039132047111308799e-01	1.663182842974933795e+00	-3.993354073153789208e-01
6.876112560596291390e-01	-1.264180294637530011e+00	-2.410684113180282251e-01	5.689235004460074796e-01	-3.771141462610030914e-01	9.486590474886587021e-01	-4.362497329621731201e-01	1.640308996952770215e+00	-4.327727774026417507e-01
6.431190982400870615e-01	-1.273018619698462306e+00	-2.206791731606939921e-01	5.521726522141900961e-01	-3.150080645978076688e-01	9.830241619824670041e-01	-3.695586133848754451e-01	1.615621088959865670e+00	-4.658471815608102862e-01
5.983309286036654351e-01	-1.281088442842069464e+00	-2.006973293558930449e-01	5.384997723449416185e-01	-2.513309207117924715e-01	1.001124493104954327e+00	-3.039214419656575128e-01	1.589126008868897877e+00	-4.989111158414513136e-01
5.532737551351102345e-01	-1.288368780346854203e+00	-1.797707540899813883e-01	5.279397584387562903e-01	-1.874647211362405197e-01	9.969790179579631761e-01	-2.393994156943531904e-01	1.560731980255380957e+00	-5.343720110629762710e-01
5.079758770375621957e-01	-1.294842427404561125e+00	-1.591547283697778703e-01	5.204716719353968957e-01	-1.244589710323747017e-01	9.842687856009695313e-01	-1.760809302229105755e-01	1.530475826583408860e+00	-5.674197979231740963e-01
4.624645174988327723e-01	-1.300564377955863771e+00	-1.402569800108682541e-01	5.160606152343198971e-01	-6.242652007908028322e-02	9.670605617491807582e-01	-1.140407818722495997e-01	1.498482644697861854e+00	-5.983415891568072409e-01
4.167648552776102022e-01	-1.305600839789674339e+00	-1.225262993248506654e-01	5.146437726547152813e-01	-1.719009898805579735e-03	9.439483483357929972e-01	-5.334696729772309132e-02	1.464846767747062239e+00	-6.282061364311345431e-01
3.709009931172531083e-01	-1.309944869536946221e+00	-1.046206119360216652e-01	5.161443694754661582e-01	5.705549965413214686e-02	9.096916213332266743e-01	5.939316510844655679e-03	1.429489302538326179e+00	-6.612545032553935886e-01
3.248964957534570264e-01	-1.313632935246606959e+00	-8.782703638201065643e-02	5.204228152946952513e-01	1.122045351049901774e-01	8.463128515291744591e-01	6.374327323257232558e-02	1.392286845641262927e+00	-6.944358039473850219e-01
2.787739595081205612e-01	-1.316689338710317125e+00	-7.154021603777599436e-02	5.272976425898530106e-01	1.630210491063733280e-01	7.739445796370697517e-01	1.199765072154635598e-01	1.353000874644407103e+00	-7.352753469221542382e-01
2.325556578985444600e-01	-1.319097766083106249e+00	-5.424286161644549520e-02	5.365106091173724723e-01	2.079055366693955686e-01	6.744193636816003812e-01	1.745506228075800192e-01	1.311059613126035917e+00	-7.902302688915491258e-01
1.862659088711540178e-01	-1.320727768050951489e+00	-3.202907368039035335e-02	5.477127388724610801e-01	2.439394881433027129e-01	5.150523187625714039e-01	2.273296266981773839e-01	1.265390731263878132e+00	-8.628015381737538236e-01
1.399378536980677989e-01	-1.321229288211598130e+00	4.722540119210568289e-04	5.603386907271836748e-01	2.659902719035170948e-01	2.737050651404837609e-01	2.781639262454737582e-01	1.216158838907567263e+00	-9.183565398000372859e-01
9.361657742155103656e-02	-1.320339830347663002e+00	3.660454096893749065e-02	5.736835331519263281e-01	2.731550447358320755e-01	4.980388222184264219e-02	3.269447268008968122e-01	1.165588750654145356e+00	-9.298107384372256146e-01
4.734770309153421564e-02	-1.318303334061910581e+00	6.271620554013179749e-02	5.871121298177656156e-01	2.710778643794144460e-01	-4.587594667578963337e-02	3.736584290333606062e-01	1.115210798536861336e+00	-9.229231768186282325e-01
1.163618769405469835e-03	-1.315541378602343547e+00	7.906534400186542022e-02	6.003871770415201148e-01	2.670143259397121938e-01	-7.968498417406678913e-02	4.183254319394892895e-01	1.065330627268953112e+00	-9.141373928274315608e-01
-4.491447804286231860e-02	-1.312259960824949445e+00	9.221070627998641245e-02	6.134249205819939377e-01	2.620545256099433562e-01	-6.506177517087466389e-02	4.609457355192732031e-01	1.015648934140466864e+00	-9.100845123938700043e-01
-9.086894069388178063e-02	-1.308483536135748082e+00	1.050345940566375508e-01	6.262253604391870843e-01	2.566530182797909787e-01	-8.348814033660506562e-02	5.015397387693268927e-01	9.661735885481473884e-01	-9.074265981498302880e-01
-1.366819073291992426e-01	-1.304162947939724537e+00	1.197266931438641796e-01	6.387884966130501496e-01	2.523969188800860852e-01	-7.122560642307526613e-02	5.401074416896407548e-01	9.168356087547048228e-01	-9.049484117159417584e-01
-1.823329336575722215e-01	-1.299233186639969784e+00	1.360702355074110137e-01	6.511492267041762982e-01	2.485256266414057891e-01	-5.833718279568634452e-02	5.766556439457529715e-01	8.676485254739519926e-01	-9.006116541365912775e-01
-2.278001765678315527e-01	-1.293666140808709786e+00	1.526422965148057642e-01	6.632935916722587644e-01	2.439464557625553587e-01	-6.484661147460075992e-02	6.111979448687396843e-01	8.187886862422285583e-01	-8.932298105156540879e-01
-2.730611473396110656e-01	-1.287449183345599879e+00	1.696073448136855844e-01	6.752215915173470639e-01	2.389903896188746435e-01	-8.576774605240569671e-02	6.437547434552157721e-01	7.703986367144965985e-01	-8.848620279905256014e-01
-3.180926040418142753e-01	-1.280559364265342337e+00	1.873963397944224396e-01	6.868704105585817787e-01	2.327454283712665772e-01	-9.866830013963917567e-02	6.743328393707095358e-01	7.224439275273687455e-01	-8.761784702962369664e-01
-3.628704439310820873e-01	-1.272955054076532866e+00	2.061702161467108552e-01	6.981772331151031574e-01	2.243785337630884169e-01	-1.417641186795252639e-01	7.029526316118162033e-01	6.749819189461480073e-01	-8.667357701701452477e-01
-4.073690578425950837e-01	-1.264618925079428635e+00	2.253198248220195099e-01	7.089885097447271578e-01	2.130219152847925568e-01	-1.847704605518990795e-01	7.296413188407078199e-01	6.280432252484670075e-01	-8.565793784800008748e-01
-4.515622986038705378e-01	-1.255499762246598205e+00	2.462847471214080208e-01	7.191995476460706360e-01	1.993970863633002799e-01	-2.226166102886554810e-01	7.544193000539699545e-01	5.816079405130234470e-01	-8.467062839715840949e-01
-4.954214366056364227e-01	-1.245544906575630550e+00	2.681066263012237827e-01	7.286777359372857976e-01	1.828010328154144881e-01	-2.701971545883264381e-01	7.773137739137554458e-01	5.358298832226066066e-01	-8.339428927770963229e-01
-5.389169890278905362e-01	-1.234726369530239065e+00	2.909247864595889133e-01	7.372625456561094914e-01	1.630310641648473613e-01	-3.204459530950744539e-01	7.983383397511307766e-01	4.907627113735869018e-01	-8.203641942101329576e-01
-5.820175362230398663e-01	-1.222975946334839081e+00	3.157293580523128362e-01	7.448143864006150361e-01	1.402544032736622592e-01	-3.668600468575550222e-01	8.175405952248536723e-01	4.464636026081366671e-01	-8.055262715684137209e-01
-6.246891837082357846e-01	-1.210227244863288254e+00	3.420308440290166785e-01	7.511657496885100205e-01	1.138862250944366189e-01	-4.299749322293214826e-01	8.349409393315386785e-01	4.030015884698542328e-01	-7.895336099562437759e-01
-6.668963153761033880e-01	-1.196441492851267663e+00	3.693252365729611797e-01	7.561142294370077899e-01	8.275006643111770810e-02	-5.018985695800345370e-01	8.505801700643859098e-01	3.605029113487153714e-01	-7.712713963501276471e-01
-7.086010554870789679e-01	-1.181528979512874278e+00	3.994185078528068589e-01	7.594504400431935087e-01	4.733203533047232459e-02	-5.785242797801867232e-01	8.644990854166243466e-01	3.189338523738572961e-01	-7.535824619563837867e-01
-7.497626230602104647e-01	-1.165409702489719646e+00	4.313173923213863836e-01	7.609231187835787669e-01	6.540872278704466282e-03	-6.551757348030008421e-01	8.767384833814637624e-01	2.783502444171225276e-01	-7.346089071668844284e-01
-7.903373318731597985e-01	-1.148005164844138504e+00	4.653860631480882804e-01	7.602740234145966003e-01	-3.930920555823719242e-02	-7.306977921670738674e-01	8.873323622865854077e-01	2.388437144840708237e-01	-7.139120349559007206e-01
-8.302784828606684098e-01	-1.129207344958584214e+00	5.024809108227893395e-01	7.572937683333318404e-01	-8.907628879597469240e-02	-7.877692368544891854e-01	8.963351194562755309e-01	2.005409698235578464e-01	-6.906014783916566424e-01
-8.695348576930979068e-01	-1.108888927251965972e+00	5.430643094680918104e-01	7.518427631379073217e-01	-1.403320832921453321e-01	-7.967563253654172950e-01	9.037943525492915242e-01	1.635873037385655315e-01	-6.651489619269502773e-01
-9.080506111748979370e-01	-1.086892395560131286e+00	5.877183091367459422e-01	7.439140283081446814e-01	-1.898767048974446814e-01	-7.534746747957016266e-01	9.097712585554577069e-01	1.282372679708493335e-01	-6.323268421354425461e-01
-9.457645180338744018e-01	-1.063076117443690904e+00	6.362702484614596310e-01	7.336750723264356955e-01	-2.347577730333594015e-01	-6.688702596680893286e-01	9.143474334611937371e-01	9.489865831219544690e-02	-5.931695307070790069e-01
-9.826098653196586596e-01	-1.037271885179076092e+00	6.890753181361283231e-01	7.213911169564263259e-01	-2.743054934656506405e-01	-5.994740621775840328e-01	9.175976735874195045e-01	6.386831372049660283e-02	-5.491046549653593178e-01
-1.018514560005238545e+00	-1.009343442829478299e+00	7.450264320449043742e-01	7.072506092406957157e-01	-3.108560502701006034e-01	-5.678926736779140727e-01	9.196307735826879659e-01	3.531694863859956290e-02	-5.025550605629554024e-01
-1.053402635408419608e+00	-9.792188374289427788e-01	8.022839377246946402e-01	6.913582419807260404e-01	-3.470788285179222665e-01	-5.787846555864670783e-01	9.205419287645141280e-01	9.416642534246379148e-03	-4.529941401322168937e-01
-1.087196510824015139e+00	-9.468368075709318044e-01	8.617455322889127078e-01	6.736651585358156558e-01	-3.843363483000534209e-01	-5.963926393234799672e-01	9.204535331125468511e-01	-1.388797924636700661e-02	-4.050715571257716419e-01
-1.119814947094720070e+00	-9.120848460986034079e-01	9.241246763753853122e-01	6.540876046648183006e-01	-4.240628375261059069e-01	-6.164484372235264908e-01	9.194607819442817132e-01	-3.458550308958190794e-02	-3.562845224237626840e-01
-1.151173046611113415e+00	-8.748449771839200695e-01	9.896917217553895529e-01	6.325278670864299402e-01	-4.662635755626182155e-01	-6.780926049048532356e-01	9.176724699083105286e-01	-5.260174316295322672e-02	-3.077281302716012301e-01
-1.181181069694795527e+00	-8.349763671821620603e-01	1.058845136147287924e+00	6.088323963584170162e-01	-5.114636948470624445e-01	-7.146273464501530226e-01	9.152041913187338729e-01	-6.795658480117555689e-02	-2.568320959424658656e-01
-1.209745618215249729e+00	-7.924030691540302485e-01	1.129587395693664842e+00	5.829104587196037857e-01	-5.576421708866075022e-01	-7.339090341833686137e-01	9.121647408241337907e-01	-8.039278174120302600e-02	-2.025890432289942367e-01
-1.236770819206703287e+00	-7.470617325376985862e-01	1.201821974680963079e+00	5.546573613685574777e-01	-6.070640093057378950e-01	-7.914410474907850324e-01	9.086765124041586983e-01	-8.988654150945926680e-02	-1.485986930667960726e-01
-1.262158647672727119e+00	-6.989017874860443680e-01	1.275252914103151669e+00	5.239265343832228972e-01	-6.588162802956413211e-01	-8.142270257295026736e-01	9.048619000384475752e-01	-9.635728579982263953e-02	-9.136300748241779623e-02
-1.285810217804628897e+00	-6.479079340088693684e-01	1.349137364832425412e+00	4.906481825625620408e-01	-7.114521226658019337e-01	-8.257618013309612204e-01	9.008432977066587188e-01	-9.972691167970459958e-02	-3.590390138744723597e-02
-1.307625352575322308e+00	-5.940252088883714032e-01	1.424314302843561864e+00	4.548083468665161666e-01	-7.642767202737451582e-01	-8.382705446939263672e-01	8.967498990539691794e-01	-1.000639277264639276e-01	1.940357310369929256e-02
-1.327503100226683941e+00	-5.372841813820761203e-01	1.497897050887981418e+00	4.163232730538398707e-01	-8.194271578327895211e-01	-8.688940335983174057e-01	8.927040980600372544e-01	-9.746641750345408362e-02	7.218859464086870015e-02
-1.345344381267262746e+00	-4.777395074790663498e-01	1.570336966393210520e+00	3.751161864034660565e-01	-8.761548669509074960e-01	-8.975149909712203389e-01	8.888214890389734002e-01	-9.219080214920991057e-02	1.201371264603929984e-01
-1.361053042967300675e+00	-4.155354617857128785e-01	1.637551649862314607e+00	3.310544760335467074e-01	-9.358486787083709624e-01	-9.291823519819847332e-01	8.852108666393400105e-01	-8.427963285330383747e-02	1.665649650392352354e-01
-1.374539689973303336e+00	-3.508774881463089801e-01	1.699835464834984933e+00	2.840962648236080024e-01	-9.952262578409040161e-01	-9.277072094001499458e-01	8.819674261786620839e-01	-7.393422505453264848e-02	2.089847971406476324e-01
-1.385721996352484497e+00	-2.839813410009525696e-01	1.755944186886136738e+00	2.342415527735507708e-01	-1.054482683380354002e+00	-9.250940652040837708e-01	8.791999623055022361e-01	-6.144501427972458296e-02	2.454272998505590553e-01
-1.394526610139898093e+00	-2.151526023225579787e-01	1.803207643549500583e+00	1.815042989235825244e-01	-1.113304240773635989e+00	-9.117632083070323912e-01	8.769832713407609281e-01	-4.705931375379792531e-02	2.773798581578789668e-01
-1.400892123140744516e+00	-1.447404068272235556e-01	1.841881348759393244e+00	1.259333599144049354e-01	-1.170542317271589861e+00	-8.893529435740384903e-01	8.753785502742529312e-01	-3.130053465248872069e-02	2.981919234412044317e-01
-1.404769157011597658e+00	-7.310450091099647552e-02	1.870526032330691146e+00	6.760551046703566769e-02	-1.226466160567677655e+00	-8.676719813955167115e-01	8.744469960958218824e-01	-1.465657791377402222e-02	3.105322400103091018e-01
-1.406122095645082837e+00	-6.622916558773638863e-04	1.888090601038741712e+00	6.590545782512488571e-03	-1.280585104332803370e+00	-8.364977276000622464e-01	8.742022081365246056e-01	2.401120327816141931e-03	3.139965179705106468e-01
-1.404930580831184272e+00	7.212921514656099597e-02	1.893477214495136174e+00	-5.700684133778143037e-02	-1.332209855013879674e+00	-7.940811879939481122e-01	8.746577857274377976e-01	1.936998802204829839e-02	3.080682779581341846e-01
-1.401189867342303108e+00	1.448610396980760662e-01	1.889135312398035005e+00	-1.230470604918696559e-01	-1.380936462380969898e+00	-7.528331996310401175e-01	8.757933298719562387e-01	3.560462489593624325e-02	2.906877043508929170e-01
-1.394909563995323065e+00	2.170756969302935768e-01	1.871572498702958276e+00	-1.914044803180328935e-01	-1.426550260809296811e+00	-6.933553515066264161e-01	8.775816419079275343e-01	5.080119868780906545e-02	2.676152047191535099e-01
-1.386116624974224276e+00	2.882822353504953528e-01	1.841909428966973516e+00	-2.618697152133560579e-01	-1.467631715910752366e+00	-6.191722707482774091e-01	8.799547251799986203e-01	6.448664077836473163e-02	2.361226281186117326e-01
-1.374853864928928582e+00	3.580581878196814061e-01	1.801639300137488409e+00	-3.342194205348156810e-01	-1.503713682436429222e+00	-5.387255550888334632e-01	8.828513826983452883e-01	7.623728708592490688e-02	1.973074008606934826e-01
-1.361178517114760789e+00	4.259975485136076045e-01	1.750893817960852861e+00	-4.082023335588244595e-01	-1.534289226740825240e+00	-4.498216204890482239e-01	8.861832188110002617e-01	8.567626323523808152e-02	1.519447731158937720e-01
-1.345161383340339079e+00	4.917402853135181551e-01	1.691368883382944999e+00	-4.835322939614992710e-01	-1.558967761543453401e+00	-3.556632167494078178e-01	8.898482385349100188e-01	9.248543475110196366e-02	1.013195881082652600e-01
-1.326884811058755220e+00	5.549769574537898320e-01	1.623697258354125594e+00	-5.599161618987789080e-01	-1.577491184480211750e+00	-2.551473167760505700e-01	8.937376472215120549e-01	9.648663118628550417e-02	4.869666805244739216e-02
-1.306441843315468088e+00	6.154273108970900186e-01	1.550067284506048138e+00	-6.370258999261078081e-01	-1.588922229150196097e+00	-1.443975682105486380e-01	8.977290508911578426e-01	9.744795768877559383e-02	-9.375032368592524715e-03
-1.283932571056337624e+00	6.729620945213996563e-01	1.473573129484782251e+00	-7.145404501190097957e-01	-1.593857506893930021e+00	-4.414940992328896668e-02	9.016932558986606727e-01	9.520075681626702369e-02	-6.889633830910106560e-02
-1.259460539236428867e+00	7.274907987461460834e-01	1.394894222631126501e+00	-7.921387545530579333e-01	-1.592325202947404650e+00	5.857871003342726701e-02	9.055010685988335029e-01	8.971802192807409870e-02	-1.284807165622517955e-01
-1.233132488576332175e+00	7.789513633701223849e-01	1.314909267031720175e+00	-8.694997553038750215e-01	-1.584127591441890415e+00	1.637118255071524642e-01	9.090164956809516639e-01	8.101909613421276468e-02	-1.873394895685539241e-01
-1.205056128210433730e+00	8.273242486468096457e-01	1.234756548146684674e+00	-9.462954149268562043e-01	-1.569192420884109707e+00	2.695242802540776528e-01	9.121103434998476533e-01	6.916637013714617421e-02	-2.447168115340262462e-01
-1.175339382476185746e+00	8.726381804614203874e-01	1.155739561975627883e+00	-1.022197695977445919e+00	-1.547554887050986316e+00	3.739216815503952351e-01	9.146602180758534040e-01	5.426055063247608307e-02	-2.999602442568155003e-01
-1.144088238883448572e+00	9.149523925109478428e-01	1.078533908740133107e+00	-1.096885540531217673e+00	-1.519235306203995828e+00	4.788488406776180151e-01	9.165301260982634535e-01	3.639774387310801967e-02	-3.540156419671509624e-01
-1.111405887302228779e+00	9.543815425532665708e-01	1.004259605810732037e+00	-1.170037890663744307e+00	-1.484804965892948747e+00	5.720665974288327016e-01	9.176180725840243912e-01	1.572374288531940695e-02	-4.035392615514213355e-01
-1.077392181955014072e+00	9.909943576527822096e-01	9.318309383431985227e-01	-1.241361606530964723e+00	-1.444043534831417341e+00	6.720562258493535390e-01	9.178016635534972378e-01	-7.535488248073275372e-03	-4.498559851210054417e-01
-1.042143749018306753e+00	1.024902238942949184e+00	8.625764511586745398e-01	-1.310542609728531094e+00	-1.397050076254935602e+00	7.681128186057172291e-01	9.169857036891766455e-01	-3.322174161431174638e-02	-4.931073239068578529e-01
-1.005753233411893932e+00	1.056237939953181382e+00	7.968164660341996441e-01	-1.377280780892303103e+00	-1.344228783616288947e+00	8.572754529165574899e-01	9.150681980080186406e-01	-6.116764460782940505e-02	-5.332455377094070803e-01
-9.683082227835180245e-01	1.085136917825618497e+00	7.346556056750052077e-01	-1.441310898258585160e+00	-1.285849548434125467e+00	9.423885741190440868e-01	9.119607508580559463e-01	-9.118410209966504310e-02	-5.698951455856048343e-01
-9.298915703134760236e-01	1.111736135123122748e+00	6.757667835267713308e-01	-1.502367740063681456e+00	-1.222221907551424680e+00	1.024892149143215248e+00	9.075885659183881016e-01	-1.230407582527385940e-01	-6.023620526517851070e-01
-8.905817175192182189e-01	1.136174582118101073e+00	6.210891070317609008e-01	-1.560193064064074431e+00	-1.153999028774636004e+00	1.077271041202071622e+00	9.018768468681335193e-01	-1.567966269017961045e-01	-6.412399740247287649e-01
-8.504509726308220330e-01	1.158625412916495678e+00	5.706510233548124367e-01	-1.614668218418074064e+00	-1.084549791780476724e+00	1.107688996135957060e+00	8.947303983897771928e-01	-1.927576499377160191e-01	-6.748102779797238160e-01
-8.095668018093863383e-01	1.179224268997677738e+00	5.235125954111662372e-01	-1.665653612723803301e+00	-1.010789515637269487e+00	1.181885105741191433e+00	8.860880234934946920e-01	-2.299725086055987300e-01	-6.945002104826123457e-01
-7.679916139439663114e-01	1.198103043650648347e+00	4.799077504755621670e-01	-1.712904963777852840e+00	-9.317316026275117569e-01	1.260272280283547763e+00	8.759021245205285133e-01	-2.681318941081102802e-01	-7.130639443517502452e-01
-7.257835138623028870e-01	1.215380818726833123e+00	4.390492216372947620e-01	-1.756212885977307625e+00	-8.494579687995570394e-01	1.280389870227570226e+00	8.641251038121403605e-01	-3.077141628343064150e-01	-7.516896424068816307e-01
-6.829961947292896296e-01	1.231198212810848291e+00	4.023987592022150728e-01	-1.795598317882454387e+00	-7.709256174440632936e-01	1.239648196710348538e+00	8.506685657163531866e-01	-3.497968908709555014e-01	-7.806663562766479325e-01
-6.396790456485064169e-01	1.245648899939070242e+00	3.674372973210941473e-01	-1.831061259493292681e+00	-6.873083061423281848e-01	1.354177213729236495e+00	8.354917122399573293e-01	-3.917513842652879941e-01	-7.718075578625773758e-01
-5.958782276775472786e-01	1.258830394506861738e+00	3.351577266065093319e-01	-1.862266693845238130e+00	-5.975276992412273946e-01	1.423243555679384764e+00	8.185945433829430185e-01	-4.339582462248527950e-01	-7.838226733203049745e-01
-5.516369966326192253e-01	1.270802145271319405e+00	3.041505482752376865e-01	-1.889019194375533450e+00	-5.043446336030681376e-01	1.475138391437148311e+00	7.999566601487054784e-01	-4.767816272732866567e-01	-7.937030631661243785e-01
-5.069963486977394629e-01	1.281681083482836270e+00	2.776682401209139006e-01	-1.911325740604257861e+00	-4.165882846279630458e-01	1.361924952734637762e+00	7.794964665508153923e-01	-5.227840287793462659e-01	-8.507679859637621300e-01
-4.619914695741512145e-01	1.291592804241677772e+00	2.524191237419346479e-01	-1.929298004853021942e+00	-3.243609130983004518e-01	1.504054542701146913e+00	7.571663649305250265e-01	-5.675542388149122930e-01	-8.107286102470261380e-01
-4.166559309401044464e-01	1.300569259334603656e+00	2.281930203800279222e-01	-1.942517215915995576e+00	-2.225300161545403221e-01	1.615823343754924757e+00	7.330343519431773425e-01	-6.115600216274301726e-01	-8.140464014951158678e-01
-3.710225512631192268e-01	1.308600863225586108e+00	2.037458651567434775e-01	-1.950634397788386876e+00	-1.153730767769521881e-01	1.702616091156744060e+00	7.070868282577250641e-01	-6.559282449469926446e-01	-8.198005912402570594e-01
-3.251239338076507557e-01	1.315717140594506285e+00	1.802973681568546260e-01	-1.953412246786815354e+00	-3.705479692913889699e-03	1.763893126939901190e+00	6.793169942086106916e-01	-7.005110172415237590e-01	-8.222630575956422216e-01
-2.789902070028975611e-01	1.322104579273704728e+00	1.656562601738476026e-01	-1.950739090589819424e+00	1.064436502780012894e-01	1.694338527276628259e+00	6.496704524715577467e-01	-7.472548188539958058e-01	-8.394378996356898215e-01
-2.326393403048462594e-01	1.328081406770163175e+00	1.527048866593156695e-01	-1.942747540079197366e+00	2.157343221857645765e-01	1.723784145848359817e+00	6.181540027120947522e-01	-7.921784655239856310e-01	-8.256981542062337143e-01
-1.860915628016734935e-01	1.333326507626943158e+00	1.323643421346717697e-01	-1.929360820533881471e+00	3.273676436049163252e-01	1.756394410989120081e+00	5.848016432579125068e-01	-8.367553440720093549e-01	-8.196471144349853910e-01
-1.393740976811904675e-01	1.337762398761150440e+00	1.113509734998755912e-01	-1.910509136752983173e+00	4.399663308176054444e-01	1.763170863985375814e+00	5.496337731056064602e-01	-8.811554600311226615e-01	-8.173097676947171930e-01
-9.251492134193989303e-02	1.341436147612512952e+00	9.203881871386927760e-02	-1.886164570655987971e+00	5.522151205016649911e-01	1.752539101447548653e+00	5.126435925896478674e-01	-9.255654542414241126e-01	-8.179782220619893351e-01
-4.554039615947044067e-02	1.344336140935457946e+00	7.156418561389735200e-02	-1.856348060803281630e+00	6.640460390245093159e-01	1.746503147321870841e+00	4.738311017100368394e-01	-9.700317793866531924e-01	-8.185926481982888081e-01
1.521716670741478199e-03	1.346440227539356771e+00	5.090580823970415614e-02	-1.821115443355644903e+00	7.745339954348927636e-01	1.718553767783877362e+00	4.332031001323018993e-01	-1.014525713828901221e+00	-8.186641669243729380e-01
4.864354835168724356e-02	1.347749267664622108e+00	3.037456639853018669e-02	-1.780543493034045799e+00	8.824824763896977897e-01	1.678791447880819687e+00	3.907459885253859455e-01	-1.058899249821371624e+00	-8.121963466640277352e-01
9.579669207869341563e-02	1.348207253515807835e+00	7.552756052499569675e-03	-1.734743882160144413e+00	9.892671503209160555e-01	1.657684492447153657e+00	3.464937652169606253e-01	-1.102674363017065895e+00	-8.050520441128249383e-01
1.429510194225606656e-01	1.347842265797816852e+00	-1.297828340376919881e-02	-1.683828283055353925e+00	1.091474284397092376e+00	1.575316390613066719e+00	3.004396305414780421e-01	-1.146456249870717592e+00	-8.043862148460406702e-01
1.900793071954777758e-01	1.346717993024066695e+00	-3.275563947873207787e-02	-1.628089835563883980e+00	1.187214924132215188e+00	1.475496852336018350e+00	2.526039834955721153e-01	-1.189882785315236724e+00	-7.919626215426198712e-01
2.371541170065664672e-01	1.344775938846487939e+00	-5.445544554022478667e-02	-1.567807720489489132e+00	1.277216792289459946e+00	1.369017003287866352e+00	2.030004234102901484e-01	-1.232928335703841416e+00	-7.934215364010048788e-01
2.841463964419566057e-01	1.342008514715725465e+00	-7.582973658174212150e-02	-1.503323934316932453e+00	1.359411664836129630e+00	1.251165071614799951e+00	1.516289502856515148e-01	-1.275640117417002006e+00	-7.778647635675299821e-01
3.310273082908437581e-01	1.338424230867291786e+00	-9.646359084055959598e-02	-1.434987453051055795e+00	1.435177184601458489e+00	1.145896078453342737e+00	9.853036211485630136e-02	-1.317620427081246604e+00	-7.625029502319210506e-01
3.777688761546854623e-01	1.334045730057764834e+00	-1.174638447420427168e-01	-1.363084437015791739e+00	1.506311283497155040e+00	1.089286498566236272e+00	4.373185756005722180e-02	-1.358610404709134079e+00	-7.503018494570652397e-01
4.243438768456705978e-01	1.328905271302624591e+00	-1.373383455715026513e-01	-1.287747497093038040e+00	1.576831316236130043e+00	1.113429734022602702e+00	-1.269856672338325922e-02	-1.397367947374776431e+00	-7.090228463459601338e-01
4.707259479882492936e-01	1.323062979262149330e+00	-1.542405644059215708e-01	-1.208885899521469964e+00	1.652158433970371654e+00	1.222397176560471088e+00	-7.067251508350744227e-02	-1.433489956021280598e+00	-6.458422635708767068e-01
5.168912020421284614e-01	1.316507271413638103e+00	-1.734849278271502759e-01	-1.126227443017362662e+00	1.730330543672554899e+00	1.208319362239240302e+00	-1.300947922028001524e-01	-1.468644261297594511e+00	-6.450888902552621706e-01
5.628133842332919690e-01	1.309164382141696281e+00	-1.945604717852080223e-01	-1.039876820382148903e+00	1.803115410349297898e+00	1.106304720263274755e+00	-1.909585984157328442e-01	-1.504018212394447884e+00	-6.488010570650284414e-01
6.084630117417375583e-01	1.300928901272886629e+00	-2.187639833437433345e-01	-9.501550895402551822e-01	1.868069216660676046e+00	9.682645121235471386e-01	-2.532775330533721947e-01	-1.539424122539263751e+00	-6.469666917880193546e-01
6.538060824830841389e-01	1.291636737948473002e+00	-2.476238235282934019e-01	-8.575228988180849665e-01	1.922099455622174435e+00	7.853261154390550614e-01	-3.170379967846419511e-01	-1.574379584429893564e+00	-6.339041917600277687e-01
6.988026762886430099e-01	1.281117103723648176e+00	-2.805351430721126360e-01	-7.625386098233456478e-01	1.964761029420755589e+00	6.220514444594861247e-01	-3.821991916163419156e-01	-1.607859534430843729e+00	-5.993901947040423117e-01
7.434079233192139036e-01	1.269287231181554176e+00	-3.148672732555039544e-01	-6.656768299226480945e-01	1.999570225086648501e+00	5.094369974946576507e-01	-4.486931208930999837e-01	-1.639022577970312033e+00	-5.551844182198536481e-01
7.875752321110718324e-01	1.256099499870770186e+00	-3.505014635187967409e-01	-5.673284122413575492e-01	2.025408932877360346e+00	3.594134236273476835e-01	-5.164041903007960954e-01	-1.667485372493781481e+00	-5.026538681243446494e-01
8.312561819744320735e-01	1.241510774879169832e+00	-3.869925229118680865e-01	-4.679121279853042936e-01	2.043563229373218881e+00	2.549827015579493317e-01	-5.852168055253390566e-01	-1.692921122208999707e+00	-4.446801721670910479e-01
8.744012762041829534e-01	1.225487383939167563e+00	-4.247853950875583595e-01	-3.677560145989940965e-01	2.055964160920280115e+00	1.645235114941429599e-01	-6.550085725870612441e-01	-1.715043092197859886e+00	-3.816306917942831611e-01
9.169588660645541234e-01	1.207951598184894948e+00	-4.646141541088042448e-01	-2.671671709666957883e-01	2.061448836157445896e+00	5.724298505244056201e-02	-7.256366985097185696e-01	-1.733568714670069566e+00	-3.139448871422569343e-01
9.588739671722579239e-01	1.188788483352630987e+00	-5.077295259260246052e-01	-1.664875935731227330e-01	2.059381155799352214e+00	-5.641631062357932436e-02	-7.969379913204430732e-01	-1.748197823606327139e+00	-2.396558100971500072e-01
1.000087829090356317e+00	1.167879879277106792e+00	-5.541881655489453440e-01	-6.605927890308740946e-02	2.051227324406595720e+00	-1.544512589139001579e-01	-8.687560587119050881e-01	-1.758543590010519742e+00	-1.579060478956374747e-01
1.040536644109866904e+00	1.145087963155047905e+00	-6.039521327880063017e-01	3.382463319944805508e-02	2.037095504610695773e+00	-2.507196765848488940e-01	-9.409005100490933637e-01	-1.764153108517241275e+00	-6.790328416161019176e-02
1.080151762452830289e+00	1.120233712811981253e+00	-6.592064746368698769e-01	1.328430848100568828e-01	2.015769868312906166e+00	-3.626812285895466559e-01	-1.013174155031468349e+00	-1.764520679074062848e+00	3.220939172171283227e-02
1.118857647843181535e+00	1.093161363287451726e+00	-7.171274789260563276e-01	2.306470999237979491e-01	1.987118789030425159e+00	-4.858928211388137686e-01	-1.085339005365271392e+00	-1.759194724483805095e+00	1.390352859219247672e-01
1.156575858763472686e+00	1.063811342932874604e+00	-7.779259945097002360e-01	3.268667639755923893e-01	1.950824503265099041e+00	-5.939437748074384293e-01	-1.157170672087799890e+00	-1.747822450061172317e+00	2.543503002862143592e-01
1.193221067198149576e+00	1.031831997756657016e+00	-8.488348207419511571e-01	4.211461214405688436e-01	1.907811400914079636e+00	-7.024268034772326308e-01	-1.228397168577623821e+00	-1.729597657692377499e+00	3.849614699494901537e-01
1.228696108963045486e+00	9.969541646782167366e-01	-9.258877080754109867e-01	5.131501553540434024e-01	1.857495174851540254e+00	-8.098159453591277090e-01	-1.298719309551159773e+00	-1.703849290380730075e+00	5.278974284072400769e-01
1.262898655000418202e+00	9.592910882033209852e-01	-9.914263541545671465e-01	6.036884900472115900e-01	1.862893577513565546e+00	4.129584310043494799e-01	-1.367763113403923647e+00	-1.664900591103017247e+00	8.353853689975943020e-01
1.295741010060990961e+00	9.191753434201220818e-01	-1.060873174806352459e+00	6.946106983457158712e-01	1.850464746875040811e+00	-4.534737202454934279e-01	-1.434882611910000882e+00	-1.611995101645552486e+00	1.030517238287489645e+00
1.327123212320743484e+00	8.758137272222996650e-01	-1.150273376143437165e+00	7.838229242205542180e-01	1.797913302833363369e+00	-9.357127318512165060e-01	-1.499676624802745550e+00	-1.551480951468193537e+00	1.164596596089717107e+00
1.356921520016894700e+00	8.286772532017421256e-01	-1.251143624317213376e+00	8.698804070117068798e-01	1.722498624873606277e+00	-1.238397762947429426e+00	-1.561845966798593111e+00	-1.483423752081353575e+00	1.308089594766123076e+00
1.384997342375128282e+00	7.774055727941132643e-01	-1.361110583373928762e+00	9.518897681468319050e-01	1.631773068591028553e+00	-1.483145031604063302e+00	-1.621050654620731724e+00	-1.406833038631853050e+00	1.470033264844139875e+00
1.411201113264779483e+00	7.217480488105774139e-01	-1.476357738282174648e+00	1.029208891777076085e+00	1.530243839515732507e+00	-1.654012123431480852e+00	-1.676930305995763204e+00	-1.320846348479388199e+00	1.646836682527234919e+00
1.435376487658611477e+00	6.615621885713328654e-01	-1.594505131902888673e+00	1.101286395814711216e+00	1.418127835199812115e+00	-1.773878721565466998e+00	-1.729083740657041401e+00	-1.224884268234931683e+00	1.832719315492114864e+00
1.457364215288001308e+00	5.968246734166194889e-01	-1.712944894730368706e+00	1.167724447614293615e+00	1.298413549091915309e+00	-1.925430536711352447e+00	-1.777096179006891763e+00	-1.118578513451240264e+00	2.023445136759547847e+00
1.477004507876662709e+00	5.275112322776479568e-01	-1.831375962266296842e+00	1.228097296449963238e+00	1.169893994959205985e+00	-2.045781481669604052e+00	-1.820546041782072688e+00	-1.001780179867965082e+00	2.215459699220013512e+00
1.494139083569766546e+00	4.537704716857250409e-01	-1.944541512241020564e+00	1.282048986796749501e+00	1.035278432112850533e+00	-2.129206931415676074e+00	-1.858991350722738023e+00	-8.746958972570203494e-01	2.401109034010133758e+00
1.508617407822852918e+00	3.758674071337284039e-01	-2.050631886958634631e+00	1.329293358330670527e+00	8.954110012171705435e-01	-2.208082810629883763e+00	-1.892030925562270038e+00	-7.378295228374206483e-01	2.576384856880217455e+00
1.520300136650875045e+00	2.942011993900462974e-01	-2.143872934188809420e+00	1.369648943529226059e+00	7.527102101286052838e-01	-2.248811857563074668e+00	-1.919283985030647122e+00	-5.920474705499446655e-01	2.731384220434903476e+00
1.529066003126307915e+00	2.093989422095799691e-01	-2.220279498108020722e+00	1.403045947191527310e+00	6.104320402004173030e-01	-2.233389099737117522e+00	-1.940403746185528133e+00	-4.386941454781642102e-01	2.860397866881588591e+00
1.534817412658854074e+00	1.221635626119035450e-01	-2.277775398368302007e+00	1.429477389797346287e+00	4.668798546837490404e-01	-2.258257436335924240e+00	-1.955111422739944205e+00	-2.794381917740669241e-01	2.956223649885062255e+00
1.537483133033763716e+00	3.331404633742314492e-02	-2.313076846149100696e+00	1.448901394226209227e+00	3.239949009770728972e-01	-2.228468240590923966e+00	-1.963216624058874649e+00	-1.162650997416624088e-01	3.014992751290161976e+00
1.537022598473150925e+00	-5.621443618884858912e-02	-2.322547295022134861e+00	1.461422653279548678e+00	1.840991990020435509e-01	-2.165907047689881182e+00	-1.964596956162690367e+00	4.860052354829220295e-02	3.029874354383023327e+00
1.533429998494242330e+00	-1.454249277742516444e-01	-2.307935136775863594e+00	1.467208675439607646e+00	4.788129118236308240e-02	-2.112052633134272384e+00	-1.959225220389238409e+00	2.128968358287959550e-01	3.005761707522016213e+00
1.526731695472587136e+00	-2.334372857296061476e-01	-2.270003163867338802e+00	1.466419989668698465e+00	-8.538633635963828461e-02	-2.059244258434861585e+00	-1.947176213059400363e+00	3.744076705381744752e-01	2.940875328344984219e+00
1.516985041025195713e+00	-3.193915215696885856e-01	-2.210372529644419881e+00	1.459286920129973630e+00	-2.120528771897538245e-01	-1.949498750145430392e+00	-1.928606326480525324e+00	5.311598777154570294e-01	2.841259663347531550e+00
1.504275685972218835e+00	-4.025167677160388369e-01	-2.131386814613623226e+00	1.446158442828274548e+00	-3.309858456644129143e-01	-1.822084538775954332e+00	-1.903746749280833983e+00	6.813266283728208750e-01	2.709264116417516188e+00
1.488714782697095229e+00	-4.821507281471502093e-01	-2.036250752238364381e+00	1.427460308489461038e+00	-4.401976833240366371e-01	-1.668810658699629634e+00	-1.872896666743899985e+00	8.233644250094670491e-01	2.551167927922091572e+00
1.470434250679102606e+00	-5.577552303162175429e-01	-1.928185668831994048e+00	1.403653165439936457e+00	-5.402101604078950459e-01	-1.515043135057523305e+00	-1.836416461143150380e+00	9.559896594424143190e-01	2.371711815671508461e+00
1.449581719221315179e+00	-6.289957328712879603e-01	-1.813621134197226592e+00	1.375218600566340488e+00	-6.297936423437742182e-01	-1.344378783708569003e+00	-1.794714112410730866e+00	1.078475043352662199e+00	2.183346264986977037e+00
1.426312780140239989e+00	-6.957178841040123629e-01	-1.694586342198322493e+00	1.342707995956351708e+00	-7.074087574153116176e-01	-1.154296377518861494e+00	-1.748211199809873273e+00	1.190368584490461012e+00	1.984719929081268930e+00
1.400788943336689574e+00	-7.577502503892739050e-01	-1.572268479338718050e+00	1.306672733697548772e+00	-7.737019776470051013e-01	-9.674208331499259961e-01	-1.697349701600433969e+00	1.291197820213261682e+00	1.780693944618412905e+00
1.373174839155929305e+00	-8.150966413631862695e-01	-1.451020615979892847e+00	1.267713052518311345e+00	-8.278039530416305691e-01	-7.850114791623763466e-01	-1.642585195373316154e+00	1.380976646481139714e+00	1.578531201537933359e+00
1.343632945912567989e+00	-8.678496250387381927e-01	-1.332884550170191584e+00	1.226394293546376080e+00	-8.700413891138369937e-01	-5.975828457169982677e-01	-1.584373258719432798e+00	1.459901266945427656e+00	1.381238386155674736e+00
1.312321115055302023e+00	-9.161975326205831216e-01	-1.220029717265141533e+00	1.183309715990044086e+00	-9.004981262102782491e-01	-4.152692079407865333e-01	-1.523135470902025945e+00	1.528361482378647107e+00	1.191898373750480244e+00
1.279390096331657789e+00	-9.603495868662563772e-01	-1.112743620299173175e+00	1.139017681456972575e+00	-9.197328615215409897e-01	-2.430831185627317370e-01	-1.459307010515384029e+00	1.586809401245266926e+00	1.011113563835483564e+00
1.244982676975732838e+00	-1.000540571962700964e+00	-1.011772139786137226e+00	1.094041653954425097e+00	-9.286038712516221372e-01	-8.549031206631808877e-02	-1.393275458495077279e+00	1.635762212252880321e+00	8.404250430192272692e-01
1.209233036098994241e+00	-1.037031447983706167e+00	-9.176822246898778124e-01	1.048863220369090854e+00	-9.279375980257982270e-01	6.040853000851015980e-02	-1.325421596111117983e+00	1.675820197633781206e+00	6.809540039298802583e-01
1.172266206682618606e+00	-1.070085909338658547e+00	-8.304432420566710826e-01	1.003943029027323908e+00	-9.184459837365346324e-01	1.947040598307167025e-01	-1.256105805636913875e+00	1.707587325287093671e+00	5.324260014687558495e-01
1.134197752772889922e+00	-1.099971767301777703e+00	-7.501348854301892466e-01	9.596858920947466398e-01	-9.006605418442741318e-01	3.178811695142133575e-01	-1.185640871687124731e+00	1.731662034611696432e+00	3.949700929017029849e-01
1.095134307488866865e+00	-1.126941901831546522e+00	-6.763414401009372190e-01	9.164687036565666300e-01	-8.759852833964896224e-01	4.238430827897835540e-01	-1.114346378541938298e+00	1.748631375963922485e+00	2.682884758405768566e-01
1.055173573022378797e+00	-1.151249715175270971e+00	-6.090197646590868041e-01	8.746125216372105937e-01	-8.451377444111656256e-01	5.143305698105817836e-01	-1.042487513157256851e+00	1.759069616080919607e+00	1.517680122797825104e-01
1.014404535841096244e+00	-1.173126058992292720e+00	-5.475934889120579463e-01	8.343825678003743418e-01	-8.090692266782967268e-01	5.923445561640207080e-01	-9.703226628234636886e-01	1.763549195468523401e+00	4.597587654683667202e-02
9.729086503053891999e-01	-1.192792353020285079e+00	-4.918242262566909773e-01	7.960301048694963244e-01	-7.684416969485627913e-01	6.603838763517947408e-01	-8.980898158342983661e-01	1.762625620487675571e+00	-5.001480550147371223e-02
9.307594082621966081e-01	-1.210454317609388486e+00	-4.412160578905893749e-01	7.597575389274623392e-01	-7.239366227222157057e-01	7.167893748842577573e-01	-8.259929621558677049e-01	1.756804425169776307e+00	-1.366156007825788388e-01
8.880239530680187343e-01	-1.226294077944135585e+00	-3.951974239521872101e-01	7.257393579765941682e-01	-6.760764752926186061e-01	7.691583221114435265e-01	-7.542292920886918273e-01	1.746605919417752117e+00	-2.139538785616650896e-01
8.447631871904508483e-01	-1.240478674278963966e+00	-3.534555492202324234e-01	6.941360909791546296e-01	-6.252455324534196279e-01	8.100085842513342627e-01	-6.829619976056484631e-01	1.732502267036300392e+00	-2.827530005403965374e-01
8.010320950127806094e-01	-1.253170753497631296e+00	-3.159374801669073696e-01	6.650594102567053412e-01	-5.720215629279852276e-01	8.472058080214538434e-01	-6.123406713485293196e-01	1.715008963318523927e+00	-3.417910373856007378e-01
7.568800656385878955e-01	-1.264547770908143631e+00	-2.833818299568855448e-01	6.386489062111232462e-01	-5.164549710748924660e-01	8.829956034568443579e-01	-5.425013066280496288e-01	1.694707081863733977e+00	-3.891588695052107805e-01
7.123487408610871263e-01	-1.274869703452390368e+00	-2.581969071660876747e-01	6.150092716439405915e-01	-4.578159452759130166e-01	9.384935299466626857e-01	-4.735390987617149605e-01	1.672293910991104360e+00	-4.248620065578089244e-01
6.674712619523971435e-01	-1.284325773298308881e+00	-2.362492414200429158e-01	5.943219740775578241e-01	-3.957467905640339456e-01	9.869247260951240497e-01	-4.055288440704258868e-01	1.648018963704178663e+00	-4.587190264300508025e-01
6.222770041309868549e-01	-1.292962095476599016e+00	-2.152031178612908990e-01	5.767196243939222144e-01	-3.313821701426827304e-01	1.017246495511008320e+00	-3.385521385406213279e-01	1.621878554336127598e+00	-4.928170366319704621e-01
5.767942665999967744e-01	-1.300800483226298265e+00	-1.944557214426692049e-01	5.622929563542587994e-01	-2.655779709090493323e-01	1.036469519911335180e+00	-2.726837784931728792e-01	1.593867337009837071e+00	-5.274652190570836563e-01
5.310515637656325616e-01	-1.307803516089451223e+00	-1.723834577528186585e-01	5.510908265992198185e-01	-1.999327964967568816e-01	1.022631633034635001e+00	-2.080053599145387788e-01	1.563880320026963089e+00	-5.632944525063757757e-01
4.850780556432979229e-01	-1.313985234418509229e+00	-1.514997765994521850e-01	5.430573989680245184e-01	-1.351887641694532460e-01	1.011749618305688880e+00	-1.445916791256002809e-01	1.532038350094059531e+00	-5.965730955873909114e-01
4.389013958269364357e-01	-1.319421277924052616e+00	-1.328132600065989322e-01	5.381647553802577644e-01	-7.145701675391505359e-02	9.940913740598505965e-01	-8.251753244725806846e-02	1.498471620901577817e+00	-6.274262373908219281e-01
3.925465478721696932e-01	-1.324149865858705866e+00	-1.142374847323903569e-01	5.363431006350800612e-01	-9.233865638482456964e-03	9.669972723934698866e-01	-2.185091653487461830e-02	1.463202412471525937e+00	-6.587436556875271298e-01
3.460386905376852673e-01	-1.328170230150672149e+00	-9.618220641954276784e-02	5.375017009711176019e-01	5.059684567314123860e-02	9.210809342170577230e-01	3.732657262512090179e-02	1.426068804494929676e+00	-6.938240029115735341e-01
2.994017113637767458e-01	-1.331525044868999030e+00	-7.911847055021534181e-02	5.414870069462853763e-01	1.063427557174887184e-01	8.518848178005914429e-01	9.494693837737568087e-02	1.387005102450861616e+00	-7.301049062669128231e-01
2.526586370784750235e-01	-1.334229394943781788e+00	-6.208007786596228539e-02	5.480686943973819281e-01	1.570068348060066898e-01	7.669494297358052659e-01	1.509285847354412402e-01	1.345576414255494235e+00	-7.772732612738635360e-01
2.058329248159418701e-01	-1.336220912945095041e+00	-4.243852309944319556e-02	5.569606030004249364e-01	2.004460635878692887e-01	6.373119562676254901e-01	2.051423180541404323e-01	1.300778744341835047e+00	-8.457196735300582802e-01
1.589536269900476695e-01	-1.337235535789088825e+00	-1.376253727629183320e-02	5.677090639492389235e-01	2.320928471610993749e-01	4.244577851267115065e-01	2.574317460261434931e-01	1.251825435271136655e+00	-9.207981884980647180e-01
1.120622777924737551e-01	-1.336862037835585992e+00	2.462883181691214243e-02	5.796021661938332015e-01	2.475183120600887299e-01	1.696073027397998201e-01	3.076608753407350516e-01	1.200237272867516136e+00	-9.541102252992404997e-01
6.520923474059563130e-02	-1.335108622091379704e+00	5.716053487490693058e-02	5.918861215638424600e-01	2.491660467091403319e-01	-1.154869807835464876e-02	3.557617093425527455e-01	1.148508540459170835e+00	-9.477768651278414280e-01
1.843452560463501588e-02	-1.332445563556409640e+00	7.752421924560996824e-02	6.041281998133283260e-01	2.467344477405534475e-01	-4.204132908847394573e-02	4.017614466937395323e-01	1.097261352043625848e+00	-9.381101462519707557e-01
-2.823613284905646462e-02	-1.329192810218484011e+00	9.156863478353356733e-02	6.162027695804225269e-01	2.423170343632848611e-01	-7.129366482840067409e-02	4.456668870598335941e-01	1.046319642320290288e+00	-9.337638955766697224e-01
-7.478412555529515005e-02	-1.325441670452844001e+00	1.042895910492732114e-01	6.280749332647799221e-01	2.382282436690016381e-01	-7.462828309683953998e-02	4.874916297719017466e-01	9.956242912009598545e-01	-9.298539610220036833e-01
-1.211916982611603438e-01	-1.321162742471095886e+00	1.186952480871859283e-01	6.397516703863801446e-01	2.346730982118934716e-01	-5.475263414641173138e-02	5.272424744954820053e-01	9.450483590073391893e-01	-9.277603823340226930e-01
-1.674388370815410032e-01	-1.316271507652684747e+00	1.351356113255628155e-01	6.512608990256879560e-01	2.316212380575576602e-01	-3.886080207588299418e-02	5.649194212305841400e-01	8.945949835368648406e-01	-9.239822217189664899e-01
-2.135032684991365060e-01	-1.310726551566309794e+00	1.521994509002023155e-01	6.626165782228614631e-01	2.285810096782781575e-01	-3.769588460712542527e-02	6.005428689737937198e-01	8.444705123257033597e-01	-9.163757793841892374e-01
-2.593618581843836757e-01	-1.304512697113260344e+00	1.697443315536198427e-01	6.738466260583155787e-01	2.256720787155930552e-01	-5.290498051813068842e-02	6.341196173906682443e-01	7.947970040339158437e-01	-9.084635738914152991e-01
-3.049906109954556577e-01	-1.297598269012623096e+00	1.882209087081520293e-01	6.849021858913487693e-01	2.217385071204307778e-01	-6.452267590257991514e-02	6.656700654778124893e-01	7.455651448818104710e-01	-8.995655821165712274e-01
-3.503644557751985911e-01	-1.289956016077035805e+00	2.072389392744183045e-01	6.957204420411012835e-01	2.154156430251212007e-01	-1.110180334659683354e-01	6.952146122318313415e-01	6.968330422293183002e-01	-8.900614973732557944e-01
-3.954575681557266909e-01	-1.281560561214322380e+00	2.271283098501650499e-01	7.061618041055968131e-01	2.066910677571565380e-01	-1.417716476992777197e-01	7.227736566493201398e-01	6.486099434477199388e-01	-8.807692521344321346e-01
-4.402427249492284478e-01	-1.272361242408744264e+00	2.483233622144046526e-01	7.161145997633731053e-01	1.950941451043897157e-01	-1.949583684913126502e-01	7.483675977269127477e-01	6.009413382987899288e-01	-8.692312029037512211e-01
-4.846910889448992066e-01	-1.262326845222467187e+00	2.702444155819017646e-01	7.254183000521673419e-01	1.801762433688637310e-01	-2.447985461560785170e-01	7.720236341267326940e-01	5.539354392888228285e-01	-8.564773048052140014e-01
-5.287728545181386020e-01	-1.251416262452909045e+00	2.934573419767207980e-01	7.339263350499238836e-01	1.624872894113871535e-01	-2.849076389873014814e-01	7.937689645109232695e-01	5.076542718740195692e-01	-8.424345128915222691e-01
-5.724560640136888701e-01	-1.239558770048990732e+00	3.186002800707870564e-01	7.415060938748445629e-01	1.417037825360226433e-01	-3.407493437818156501e-01	8.136375872071849313e-01	4.621677973157368724e-01	-8.272158285813546730e-01
-6.157066077456359032e-01	-1.226700326479067682e+00	3.448151960438939900e-01	7.479621499641722071e-01	1.166339250614711193e-01	-4.071974685543489625e-01	8.316567008776413195e-01	4.175746653090353089e-01	-8.095379135047752195e-01
-6.584884392004735076e-01	-1.212788979366782316e+00	3.729161446865918994e-01	7.531060562753775223e-01	8.789040106638455752e-02	-4.665379215661531465e-01	8.478671035155120883e-01	3.739199505631183862e-01	-7.922880424298516244e-01
-7.007632522325062396e-01	-1.197730194435345341e+00	4.033148839518534423e-01	7.567214476854169369e-01	5.389872031649986517e-02	-5.536075822471432373e-01	8.623163927795642891e-01	3.312101112959898730e-01	-7.743317751282777772e-01
-7.424894050485194574e-01	-1.181440651256205454e+00	4.359075888676169352e-01	7.585570614708517789e-01	1.481527939566997139e-02	-6.344288940154938494e-01	8.750317673319216727e-01	2.895201060019609307e-01	-7.547167495625682898e-01
-7.836222430123791494e-01	-1.163843604095394557e+00	4.705411505065844047e-01	7.583616349081442332e-01	-2.940480918818568629e-02	-7.083430397079448770e-01	8.860608248313516233e-01	2.489403663351872353e-01	-7.333339324892008682e-01
-8.241143138480969688e-01	-1.144833366273628972e+00	5.081600849419108945e-01	7.558978643140137343e-01	-7.765095414004327679e-02	-7.644251412536527956e-01	8.954579626021305083e-01	2.095993427653222163e-01	-7.093481451354948231e-01
-8.639137536168376430e-01	-1.124267230051004374e+00	5.498332269839476538e-01	7.510401183267907399e-01	-1.276113237141614509e-01	-7.823340176055278983e-01	9.032639786374777602e-01	1.716012300897737930e-01	-6.834090082989426884e-01
-9.029634259046559475e-01	-1.102000060580736740e+00	5.949384006014987181e-01	7.437534993459312682e-01	-1.765267321021587177e-01	-7.474074782550226281e-01	9.095536692583036098e-01	1.352875285832776941e-01	-6.497984426283244241e-01
-9.412013522286285516e-01	-1.077890870603747331e+00	6.440488568504505462e-01	7.341636387332044489e-01	-2.214813823034046947e-01	-6.730183048277593727e-01	9.143950311199513514e-01	1.009975188194202483e-01	-6.104186691958199962e-01
-9.785601740291889339e-01	-1.051770561433182261e+00	6.974703349454967061e-01	7.225078401718412202e-01	-2.617698879965665304e-01	-6.092048229660499414e-01	9.178764598743882619e-01	6.902581839473449776e-02	-5.660812103452944610e-01
-1.014966614662464295e+00	-1.023495780148827583e+00	7.543463885554384518e-01	7.089675711844406480e-01	-2.989184439425003337e-01	-5.775393838778106748e-01	9.200999505046677518e-01	3.956962708672382562e-02	-5.187475961053004125e-01
-1.050343846633996936e+00	-9.929883984874799951e-01	8.126344458307566132e-01	6.936335655321783644e-01	-3.358019299050795659e-01	-5.820803504541851581e-01	9.211742976593619847e-01	1.282942624453843432e-02	-4.682055596294062427e-01
-1.084612352411008507e+00	-9.601669393929015417e-01	8.736002460601275388e-01	6.764848846548173755e-01	-3.730753593229580445e-01	-5.866726278923929394e-01	9.212014963215050534e-01	-1.126101224433469737e-02	-4.186932340821188370e-01
-1.117689171211668775e+00	-9.249185577566594318e-01	9.374352531816572132e-01	6.574377743112115313e-01	-4.136836029115161795e-01	-6.294023738262918277e-01	9.203039404707551441e-01	-3.267561710168374184e-02	-3.689266706050168265e-01
-1.149487145794366727e+00	-8.871218675119367791e-01	1.004810600111178065e+00	6.363805621797499201e-01	-4.559408258778219203e-01	-6.826088099677646293e-01	9.185836250901368016e-01	-5.134442939044602666e-02	-3.190447553285667981e-01
-1.179914384450045484e+00	-8.466307506800501148e-01	1.075412777712921431e+00	6.131596988182981267e-01	-5.020829472551062711e-01	-7.277547700827144972e-01	9.161561444937795784e-01	-6.724301479974949258e-02	-2.661046620849571442e-01
-1.208875337017531360e+00	-8.033767259795681070e-01	1.147783449979003612e+00	5.876635119053940093e-01	-5.491513327761999852e-01	-7.429546742875038357e-01	9.131370929957842719e-01	-8.014679004367065984e-02	-2.103078948086191668e-01
-1.236271870898862257e+00	-7.572822796047253835e-01	1.221944714118230468e+00	5.598152267199704157e-01	-5.990500596654106946e-01	-8.013005770884336076e-01	9.096488645758091796e-01	-9.000408771796906959e-02	-1.543976377228142016e-01
-1.262003486262352814e+00	-7.083066423045312199e-01	1.296804473421017123e+00	5.294473347796356810e-01	-6.519350909976313613e-01	-8.282331478709593631e-01	9.058206528790216927e-01	-9.672655309155403502e-02	-9.551296169006942560e-02
-1.285969145268653469e+00	-6.564243140953212041e-01	1.372825173805950705e+00	4.964830613633226530e-01	-7.056036861976331398e-01	-8.435639439388834537e-01	9.017884512161661315e-01	-1.002889642497948736e-01	-3.865052266088232075e-02
-1.308065873250823907e+00	-6.015791950130335852e-01	1.449908295226549626e+00	4.608805293505573997e-01	-7.598002609731588919e-01	-8.551747248718294392e-01	8.976678539013336344e-01	-1.007347157690881567e-01	1.831111586330164132e-02
-1.328190103733492888e+00	-5.437980754019521301e-01	1.525480430250051977e+00	4.225908821005886495e-01	-8.162352299320814186e-01	-8.899948210015542482e-01	8.935948542452586407e-01	-9.814541030530057886e-02	7.277824410198140137e-02
-1.346240217829033359e+00	-4.831415407654333638e-01	1.599739496475907963e+00	3.815024472918550624e-01	-8.744011586759744548e-01	-9.207367092726667090e-01	8.896850465620517179e-01	-9.279443468585660271e-02	1.222003577657564954e-01
-1.362117598732585533e+00	-4.197594265496591981e-01	1.668616017684535935e+00	3.375035526028449806e-01	-9.354993248543442830e-01	-9.574644699441224871e-01	8.860472255002752595e-01	-8.472044856742354246e-02	1.700005714077121588e-01
-1.375730688299844129e+00	-3.538667621349511072e-01	1.732295945477838162e+00	2.905174233124911964e-01	-9.965943291356818001e-01	-9.544865627311386325e-01	8.827969853740591510e-01	-7.415379948603006977e-02	2.135400882307342818e-01
-1.386995331371964735e+00	-2.856883314134538443e-01	1.789562337905140854e+00	2.405580184609515948e-01	-1.057563272445283920e+00	-9.521053230704575876e-01	8.800227218353611214e-01	-6.138790304596371955e-02	2.508756257071035889e-01
-1.395836723363307552e+00	-2.155413787602491471e-01	1.837652166359198258e+00	1.876253380482758304e-01	-1.118121455285187471e+00	-9.390642518639081837e-01	8.778128305361483363e-01	-4.668134197954885295e-02	2.835309295199300306e-01
-1.402192412344204442e+00	-1.437887812320294278e-01	1.876796215046060645e+00	1.317821977553235435e-01	-1.177093639157918314e+00	-9.165800378095698697e-01	8.762353081317930670e-01	-3.057472558085086445e-02	3.046712483570602759e-01
-1.406012514244024958e+00	-7.080499226361318399e-02	1.905512933922599794e+00	7.308443374287537653e-02	-1.234735551427997846e+00	-8.945842602518470077e-01	8.753377522810431577e-01	-1.357636126254945126e-02	3.169665749772210273e-01
-1.407261423715547410e+00	2.976248753582244697e-03	1.922704642147041953e+00	1.162975929228509536e-02	-1.290541732094242056e+00	-8.628519114422100733e-01	8.751473616460321292e-01	3.822616943871791524e-03	3.200315629434371534e-01
-1.405919417397800242e+00	7.708066986615345895e-02	1.927394834546118485e+00	-5.249807135535070057e-02	-1.343685209163998140e+00	-8.139606159804108065e-01	8.756641362267695294e-01	2.106981590379547811e-02	3.115365851423405053e-01
-1.401982524794220808e+00	1.511013250378080153e-01	1.922026090312729751e+00	-1.191455087578480038e-01	-1.394240752202387856e+00	-7.789917049426076101e-01	8.768812763577171765e-01	3.756549594164824285e-02	2.950267054754278084e-01
-1.395462162427445030e+00	2.245349275734888350e-01	1.902696935832872915e+00	-1.881799420334085426e-01	-1.441290395256908941e+00	-7.150526947224845609e-01	8.787443847145890441e-01	5.295969452485707607e-02	2.705866322725139494e-01
-1.386387694755788491e+00	2.968896442340545616e-01	1.871172595064890531e+00	-2.593989650991961882e-01	-1.483668972117466955e+00	-6.391172899278936281e-01	8.812126633041656998e-01	6.676310451733460938e-02	2.375526210849930042e-01
-1.374804540386268537e+00	3.677336189708572678e-01	1.828645758871091154e+00	-3.325652742718808175e-01	-1.520919982111589963e+00	-5.561552916856100648e-01	8.842045161400179376e-01	7.854338059782881021e-02	1.970174768264550125e-01
-1.360773053018662804e+00	4.366464645833235680e-01	1.775432249813436725e+00	-4.074066682678364471e-01	-1.552495744613012763e+00	-4.647953859260277598e-01	8.876315475701687108e-01	8.791334346585692738e-02	1.498103069615918104e-01
-1.344367359348954016e+00	5.032665544356468290e-01	1.713390626631146496e+00	-4.836439662830606112e-01	-1.578017404266889745e+00	-3.680571364154656133e-01	8.913849629460555146e-01	9.455272859642267769e-02	9.732033908816084544e-02
-1.325673379201125490e+00	5.672696393379553781e-01	1.642741542319013037e+00	-5.609770489534625648e-01	-1.597120556017030291e+00	-2.611739518122752068e-01	8.953559676190867567e-01	9.830510433575032070e-02	4.280609517963043786e-02
-1.304787792552446035e+00	6.283956194568731668e-01	1.566919557266700069e+00	-6.390569402742005689e-01	-1.609010147292860626e+00	-1.516292665483694180e-01	8.994085682785568636e-01	9.888923106177328892e-02	-1.714057716003608567e-02
-1.281813896874454795e+00	6.865146906586867548e-01	1.488024225404052103e+00	-7.175625823208476861e-01	-1.614309830092784948e+00	-4.888034289771561042e-02	9.034271706103457200e-01	9.617281325782096879e-02	-7.830158801904563148e-02
-1.256858411367435702e+00	7.415368963745180286e-01	1.407018011800546864e+00	-7.961589581287198403e-01	-1.612947209851262276e+00	5.689711498090342656e-02	9.072621819726617298e-01	9.013527095721604598e-02	-1.394035154971777213e-01
-1.230031089594899152e+00	7.934050306169172506e-01	1.324846389809142932e+00	-8.745250097734401651e-01	-1.604734146541245021e+00	1.648729147744152357e-01	9.107776090547895498e-01	8.080335346805023189e-02	-1.996340561305501027e-01
-1.201442545932618788e+00	8.421061590568212907e-01	1.242705081678194823e+00	-9.523257202903243623e-01	-1.589601822403790443e+00	2.735255665158126126e-01	9.138510578770708825e-01	6.824787872018701906e-02	-2.582255420156586156e-01
-1.171203394756367588e+00	8.876779172122886141e-01	1.161871577305971570e+00	-1.029219093194609691e+00	-1.567612187729173101e+00	3.803893531102610637e-01	9.163465351287906069e-01	5.257899668532210052e-02	-3.145075743794045198e-01
-1.139421990809729168e+00	9.301891857620850912e-01	1.083349425020200263e+00	-1.104870111521760956e+00	-1.538796432270926662e+00	4.853144562273407070e-01	9.181348471647617915e-01	3.388289053949503082e-02	-3.695789775518457110e-01
-1.106203460790300852e+00	9.697549604156751046e-01	1.007301123067588122e+00	-1.178964696867330852e+00	-1.503747018273921210e+00	5.834039290127402966e-01	9.191003996708742019e-01	1.235434644649865965e-02	-4.196374155738976097e-01
-1.071649703349695226e+00	1.006448515222504003e+00	9.335476601248111628e-01	-1.251188770827021735e+00	-1.462144465372835933e+00	6.858019498365935940e-01	9.191275983330171595e-01	-1.179839541777672959e-02	-4.666152676489271345e-01
-1.035859389093538363e+00	1.040392526610007362e+00	8.631913438860291388e-01	-1.321228254996435814e+00	-1.414197930910287226e+00	7.829635363052166452e-01	9.181144481681569047e-01	-3.840926621090035020e-02	-5.104446169329147631e-01
-9.989262389569458778e-01	1.071725585453257246e+00	7.964573265611132324e-01	-1.388783030011532027e+00	-1.360322911047909367e+00	8.743583271934234347e-01	9.159657538587684389e-01	-6.730259808662285292e-02	-5.508530024147518800e-01
-9.609393470091203149e-01	1.100589723588977220e+00	7.334963717418415685e-01	-1.453566935548229022e+00	-1.300833592477259160e+00	9.587677789244184456e-01	9.125931197529038030e-01	-9.826503011645476571e-02	-5.867588216445585036e-01
-9.219827500472200787e-01	1.127112809609951416e+00	6.737379167331106755e-01	-1.515314749842880504e+00	-1.235790451844293036e+00	1.046254742620658096e+00	9.079149498641240212e-01	-1.310917355168492171e-01	-6.208337859061479058e-01
-8.821357504009582629e-01	1.151467229550324767e+00	6.188057713342357546e-01	-1.573782189692176647e+00	-1.166996757656164174e+00	1.076655109728644977e+00	9.018428485404522688e-01	-1.660089362012796832e-01	-6.643705280590032070e-01
-8.414711943080762646e-01	1.173818794749659666e+00	5.679168966203116398e-01	-1.628871541814713941e+00	-1.096509130784965702e+00	1.126545156813350435e+00	8.943020194610070694e-01	-2.029875668683087109e-01	-6.932343015589395030e-01
-8.000568707342721186e-01	1.194302286446914607e+00	5.204552351735560745e-01	-1.680401338687943058e+00	-1.020994216397109744e+00	1.212841802376390055e+00	8.852176663048781924e-01	-2.410897249223395433e-01	-7.107657299234070303e-01
-7.579557265762649765e-01	1.213054974433670274e+00	4.764822204253822413e-01	-1.728113338068346216e+00	-9.404224557628719783e-01	1.282926003435013840e+00	8.745557907443940460e-01	-2.802597136287729995e-01	-7.317252648053061970e-01
-7.152264046694597477e-01	1.230191424299185154e+00	4.354377639172075654e-01	-1.771819092913295091e+00	-8.579666050995954363e-01	1.258323786062126359e+00	8.622619954552684929e-01	-3.212504549533908849e-01	-7.818272611808032568e-01
-6.719229209833489369e-01	1.245866387149142218e+00	3.985086293538887547e-01	-1.811609336984064234e+00	-7.785354737821901239e-01	1.262270588055067755e+00	8.482342854544577815e-01	-3.642975659396624488e-01	-7.975648607037032489e-01
-6.280945570199791828e-01	1.260172215936428142e+00	3.637635845044284721e-01	-1.847358438918885071e+00	-6.917915756826766849e-01	1.390216948484637394e+00	8.324522617453572471e-01	-4.068623692364028988e-01	-7.893938691418973530e-01
-5.837879042430762500e-01	1.273191708800771149e+00	3.307364819683307755e-01	-1.878745340793330332e+00	-6.002530541820837451e-01	1.450855637814220112e+00	8.149159243279568976e-01	-4.500720646157616578e-01	-8.017797953057586025e-01
-5.390468640780446963e-01	1.284980996429105016e+00	2.995067919239804977e-01	-1.905602534125058423e+00	-5.077376781851611343e-01	1.403129898972157674e+00	7.955844752090471816e-01	-4.949186111201743787e-01	-8.571288486414360142e-01
-4.939116794981704417e-01	1.295732895565378628e+00	2.737244866489072503e-01	-1.928097527396411381e+00	-4.196802622451005216e-01	1.410048842410507985e+00	7.743627190711226405e-01	-5.414961592748320784e-01	-8.431254027106390714e-01
-4.484171057985665287e-01	1.305506486292226320e+00	2.487417573073508748e-01	-1.946062812125096464e+00	-3.212035228421012412e-01	1.587372186002322216e+00	7.512778545763261207e-01	-5.861840726866327511e-01	-8.257365234075516591e-01
-4.025972526651466210e-01	1.314301399935185355e+00	2.231017915617818648e-01	-1.959037739984661020e+00	-2.158635640174398629e-01	1.674573520724219167e+00	7.263638800523389838e-01	-6.311805859859761503e-01	-8.318294426889100146e-01
-3.564865525884240438e-01	1.322123473839913688e+00	1.981752944313713294e-01	-1.966743130171350495e+00	-1.049558564762931578e-01	1.758840549056928548e+00	6.995935968370278202e-01	-6.764536903185917049e-01	-8.360324727654968591e-01
-3.101177164343861259e-01	1.329098057323701676e+00	1.796358319710563423e-01	-1.968969597082150802e+00	6.843116013030641452e-03	1.711508938420132298e+00	6.709262069371538795e-01	-7.239939280083824702e-01	-8.704999505988818553e-01
-2.635119417050054147e-01	1.335655270592934984e+00	1.683519840335496454e-01	-1.965814853998465006e+00	1.169056421822071423e-01	1.733269615687573761e+00	6.403481110216698857e-01	-7.696873643806367848e-01	-8.416420072639827499e-01
-2.166883814731292157e-01	1.341492278299446061e+00	1.474174473906024185e-01	-1.957223064759562314e+00	2.301992428265105251e-01	1.791047121075669102e+00	6.079001070837757315e-01	-8.150993785076934284e-01	-8.345908652556776053e-01
-1.696752273403654421e-01	1.346475435950536648e+00	1.251967415124979610e-01	-1.943026720883050951e+00	3.463003104453761249e-01	1.825822409593034878e+00	5.736025941200764144e-01	-8.602298043685236983e-01	-8.302459576550448306e-01
-1.225020697282486054e-01	1.350645604965812652e+00	1.047478488687190179e-01	-1.923156027168042126e+00	4.625152063574120564e-01	1.816556329444856566e+00	5.374555721305912526e-01	-9.052675074850068393e-01	-8.293397790714926998e-01
-7.519666983225513357e-02	1.354024721475800330e+00	8.383983685367078775e-02	-1.897624942654643876e+00	5.783425481209563124e-01	1.812111593082355920e+00	4.994658407808391098e-01	-9.503572581938856123e-01	-8.303592337935419287e-01
-2.778711165245954795e-02	1.356585503570265860e+00	6.272142909692826618e-02	-1.866454405903192448e+00	6.935669833643643978e-01	1.789719631309223402e+00	4.596266004052818044e-01	-9.953022551681243169e-01	-8.186042169550903358e-01
1.969970442792504106e-02	1.358473854167789874e+00	4.663230139139049046e-02	-1.829700253074468597e+00	8.070527043060975458e-01	1.763434547286234277e+00	4.179718493316199046e-01	-1.039386831560708879e+00	-8.132483404223576073e-01
6.724075168086728060e-02	1.359651123895541547e+00	2.677320798037389690e-02	-1.787481136010063087e+00	9.177802924513116523e-01	1.724866411709362835e+00	3.745015875598339816e-01	-1.084026449455355312e+00	-8.290588933192830634e-01
1.148075157001619273e-01	1.359911653849124269e+00	1.233036979119057821e-03	-1.739915706551715457e+00	1.026158777095312002e+00	1.687750489731643100e+00	3.291818167622429514e-01	-1.129152907413607521e+00	-8.233211867632522774e-01
1.623657791983608156e-01	1.359181432630167663e+00	-2.343360965968949161e-02	-1.687122616540966513e+00	1.132061510670081539e+00	1.636823632488447089e+00	2.820329359354709631e-01	-1.173646078159124917e+00	-8.159144352121040500e-01
2.098833693171413828e-01	1.357604734845042405e+00	-4.461643277443463201e-02	-1.629304272060702052e+00	1.231449076719613789e+00	1.522686844100237025e+00	2.330685444105749793e-01	-1.217838319188610408e+00	-8.080384316865242278e-01
2.573313412441657344e-01	1.355202421323758344e+00	-6.643822500133490794e-02	-1.566816628635744113e+00	1.323499610931077708e+00	1.405446441357138809e+00	1.823022415186411338e-01	-1.261505933768432008e+00	-8.010179056757703586e-01
3.046807501670963925e-01	1.351971389056255246e+00	-8.799643502063771161e-02	-1.500043559871527377e+00	1.406828803307741849e+00	1.264909231246496235e+00	1.297476265907263615e-01	-1.304960958421419903e+00	-7.924660608722431387e-01
3.519020056643983874e-01	1.347888472997131659e+00	-1.097064640327026219e-01	-1.429403836973783370e+00	1.481953516710223351e+00	1.131873329447250054e+00	7.543189828899311833e-02	-1.347703869077400585e+00	-7.752304752278817990e-01
3.989658401191362169e-01	1.342979633973130804e+00	-1.315019462219265967e-01	-1.355239456427224987e+00	1.552062788979499786e+00	1.064580720856355800e+00	1.939585460663179745e-02	-1.389174543990843835e+00	-7.581012672021304466e-01
4.458440619297019403e-01	1.337292369544185622e+00	-1.514308843629001422e-01	-1.277676049593621466e+00	1.622230148587925358e+00	1.103783291997942229e+00	-3.829930746650431206e-02	-1.428419790029439529e+00	-7.162675742530387746e-01
4.925107391266779211e-01	1.330908525440997803e+00	-1.690214910816159599e-01	-1.196532148950472552e+00	1.699807506889015496e+00	1.244000434964343871e+00	-9.753119395079561105e-02	-1.464289745550665156e+00	-6.527545499731395306e-01
5.389408005529092716e-01	1.323778084828138857e+00	-1.886077868714564898e-01	-1.111514614653717148e+00	1.779467568135910449e+00	1.231084623940972067e+00	-1.582182088597839376e-01	-1.499776723763636355e+00	-6.529942277525733196e-01
5.851068078175184484e-01	1.315811767039911429e+00	-2.113273153006958449e-01	-1.022742098544945799e+00	1.852981387997298501e+00	1.111155429237301595e+00	-2.203671518590268052e-01	-1.535677609002447985e+00	-6.592931563733864797e-01
6.309766956637149482e-01	1.306836141464526424e+00	-2.392493004840596793e-01	-9.306263923099595825e-01	1.916253809063152014e+00	9.343318301978896789e-01	-2.839984219451194281e-01	-1.571805577803870646e+00	-6.592723692404528490e-01
6.765110819304750445e-01	1.296616608252271430e+00	-2.733475353020379250e-01	-8.357467961166530346e-01	1.966294907162184025e+00	7.325757336344430604e-01	-3.490916201214472325e-01	-1.606852185239078024e+00	-6.288020037174726351e-01
7.216630523494740324e-01	1.284995528347506522e+00	-3.101590042227973520e-01	-7.386616715728823168e-01	2.007103981287599037e+00	6.030001639499209531e-01	-4.155651504016004139e-01	-1.639147857438323586e+00	-5.693138079252231254e-01
7.663834330201979572e-01	1.271982733069234373e+00	-3.455955082292586633e-01	-6.397548922838843799e-01	2.040724389512625692e+00	4.896328597057195697e-01	-4.832966188059110713e-01	-1.668199262915792458e+00	-5.148155923918812382e-01
8.106246640651260105e-01	1.257630389853915176e+00	-3.803343546919887852e-01	-5.393963728147381786e-01	2.067134241780884452e+00	3.852135127359176403e-01	-5.521568316892020434e-01	-1.694453330279868775e+00	-4.620135580668404129e-01
8.543394008098026404e-01	1.241916900522614275e+00	-4.160013876298861435e-01	-4.378862325296829505e-01	2.087536346615105121e+00	2.846175624545956850e-01	-6.220301947373629847e-01	-1.717686645032668880e+00	-4.041179130624665827e-01
8.974787921583121664e-01	1.224752154892093658e+00	-4.547106637618241742e-01	-3.355734474335607120e-01	2.100303543157787889e+00	1.602465835508148084e-01	-6.927943139707355424e-01	-1.737632577402623779e+00	-3.414199824840727926e-01
9.399898981564905887e-01	1.206024475323052236e+00	-4.959105506008211206e-01	-2.328209525712722217e-01	2.105485191339982354e+00	5.423003404048418880e-02	-7.642995967475378905e-01	-1.753921398559542322e+00	-2.716180995909299178e-01
9.818157975934590498e-01	1.185602214309463776e+00	-5.411992666661015194e-01	-1.299777239478081270e-01	2.104130726217503522e+00	-5.014586183669478281e-02	-8.363896507604401398e-01	-1.766148515257275786e+00	-1.937553725209895938e-01
1.022894727189358921e+00	1.163352771936273733e+00	-5.894938014288855221e-01	-2.735086044728851987e-02	2.096481653771836928e+00	-1.547062086412375748e-01	-9.088876847055075148e-01	-1.773854879352368741e+00	-1.078087797534610648e-01
1.063159758790756637e+00	1.139092118200892401e+00	-6.434894639276264039e-01	7.471066192539510542e-02	2.081070911008804813e+00	-2.722032841375650047e-01	-9.815965082821811460e-01	-1.776540103465299447e+00	-1.150330939062778508e-02
1.102536862543047613e+00	1.112634318282673451e+00	-7.014308183899767846e-01	1.758439081252428648e-01	2.058183068661331827e+00	-3.903799983694394293e-01	-1.054312131524402618e+00	-1.773668271716475786e+00	9.368583557108603466e-02
1.140947166522651379e+00	1.083869937311963350e+00	-7.616187649600469900e-01	2.756510455067111010e-01	2.026995747356436617e+00	-5.151410850847396583e-01	-1.126782966807317266e+00	-1.764821509177477488e+00	2.061077541595983109e-01
1.178307602346204019e+00	1.052630030216267887e+00	-8.290048493780345362e-01	3.737691390248000234e-01	1.988762975487331941e+00	-6.285156077123782437e-01	-1.198764226171647351e+00	-1.749428039426583315e+00	3.319825160613317228e-01
1.214524771883190635e+00	1.018546168315945133e+00	-9.048833139387761904e-01	4.698352536345096198e-01	1.942879271233129979e+00	-7.514494824567663489e-01	-1.269963523999328103e+00	-1.726677015761211242e+00	4.717145698979745561e-01
1.249494947255938460e+00	9.814463342513124466e-01	-9.809801978414347534e-01	5.637516760544365457e-01	1.916823236673532271e+00	1.943767027896423638e-01	-1.340054476344643142e+00	-1.694180723751277817e+00	7.044031108559237753e-01
1.283122578303275141e+00	9.419239095699517561e-01	-1.042427430038836755e+00	6.579263407179802847e-01	1.928663611090576380e+00	-1.175529119747851098e-01	-1.408459111637021088e+00	-1.644739445673980782e+00	9.852603837776993112e-01
1.315316096120742850e+00	8.994196151120731342e-01	-1.126694058881017479e+00	7.512285653694192877e-01	1.885958829468292519e+00	-8.137066763797958791e-01	-1.474633456633581252e+00	-1.586186053648034333e+00	1.128502258015567028e+00
1.345958107435997197e+00	8.532566567329276097e-01	-1.225518600113916667e+00	8.417250229420143448e-01	1.815022170296798354e+00	-1.212954324554886387e+00	-1.538264726719673847e+00	-1.520246419273907135e+00	1.267139309180071782e+00
1.374912711513044172e+00	8.030114581978400334e-01	-1.334377906664233615e+00	9.283269083007164024e-01	1.727098684302988074e+00	-1.459182121646012797e+00	-1.599026537949562954e+00	-1.446054991920167732e+00	1.425195632777388921e+00
1.402031203033481610e+00	7.483697552503014716e-01	-1.450176135646242592e+00	1.010280433275060785e+00	1.625872053065871237e+00	-1.624193137887341321e+00	-1.656565307715378799e+00	-1.362646774359389079e+00	1.599591955410739619e+00
1.427156053353212162e+00	6.891526178844549211e-01	-1.570053972059091363e+00	1.087020256737261326e+00	1.512964429913711495e+00	-1.809189533681313744e+00	-1.710486655416023183e+00	-1.269289481039616252e+00	1.785176395274844063e+00
1.450125752571422177e+00	6.252954666235989167e-01	-1.690435975835312910e+00	1.158064791800628157e+00	1.392682046767489190e+00	-1.918308696358984378e+00	-1.760369001788283594e+00	-1.165528729008290743e+00	1.977740244750199494e+00
1.470777391967371894e+00	5.567788846127020852e-01	-1.811707850962552158e+00	1.223009226299538454e+00	1.262749983094830331e+00	-2.077783011372438704e+00	-1.805783967903370479e+00	-1.051138547043691807e+00	2.172969425904693885e+00
1.488948600827985524e+00	4.836772212017257377e-01	-1.929276090301922597e+00	1.281427809508132842e+00	1.125868928178292538e+00	-2.166892971597329076e+00	-1.846303174832523597e+00	-9.261751166618215070e-01	2.364840309900081650e+00
1.504483034126027574e+00	4.062428647832027617e-01	-2.039665050205512031e+00	1.333027401582350224e+00	9.834277846342793783e-01	-2.242036186744590598e+00	-1.881491443981434530e+00	-7.910762353145036618e-01	2.546916913450539166e+00
1.517234138573750668e+00	3.248029524969622273e-01	-2.140135953154439274e+00	1.377591637399196323e+00	8.372492358761572939e-01	-2.304022657766815030e+00	-1.910947595083476447e+00	-6.465282837393475646e-01	2.712867982569942882e+00
1.527071501113338003e+00	2.399446936656242924e-01	-2.223910779497379586e+00	1.414980926556694607e+00	6.902894267137033024e-01	-2.287952033266403173e+00	-1.934311245865251383e+00	-4.938007085256138629e-01	2.853621078398697719e+00
1.533887412610402290e+00	1.523617769411876044e-01	-2.289128417748970357e+00	1.445223187135310061e+00	5.435234518544007631e-01	-2.300882996190612761e+00	-1.951283211043156607e+00	-3.344404770135944727e-01	2.963497314946356820e+00
1.537599988298441689e+00	6.285819223029126546e-02	-2.332186624007236198e+00	1.468262582974212416e+00	3.957462994626553265e-01	-2.303437141834745017e+00	-1.961618702657914382e+00	-1.704497031928701445e-01	3.034299388597386571e+00
1.538158009847819585e+00	-2.765255857636370745e-02	-2.351068888365318355e+00	1.484154950234181980e+00	2.504067979962604218e-01	-2.259948504678662040e+00	-1.965188527064328339e+00	-3.959793415310118407e-03	3.064645397615856748e+00
1.535544045810212532e+00	-1.181368483879217807e-01	-2.342876727123722080e+00	1.493053838357353724e+00	1.090773144970826475e-01	-2.197957787548533215e+00	-1.961924687607035978e+00	1.626110154209983449e-01	3.051833472586766405e+00
1.529775312430877277e+00	-2.076735492824226814e-01	-2.311310106497735273e+00	1.495140714866227016e+00	-2.923369762198910898e-02	-2.155833491905918109e+00	-1.951881581610332983e+00	3.270368905120456526e-01	2.997776121313277198e+00
1.520900876008795644e+00	-2.953718734028072390e-01	-2.256985754001002764e+00	1.490597047283351850e+00	-1.620018498756061465e-01	-2.044294829900554777e+00	-1.935181603053858224e+00	4.872120030376361766e-01	2.906771976368816013e+00
1.508999716069080677e+00	-3.804088041678780341e-01	-2.182103817716093630e+00	1.479750873053233606e+00	-2.871445552064975648e-01	-1.919008968944152960e+00	-1.912042341234775567e+00	6.412123950675067130e-01	2.781738745372455579e+00
1.494177712520061041e+00	-4.620710271550765857e-01	-2.089614793545177651e+00	1.463027942901732326e+00	-4.029058261985659084e-01	-1.762951005306708563e+00	-1.882749382105601610e+00	7.873578341818890935e-01	2.628113713496479154e+00
1.476563664396562281e+00	-5.397862827912418560e-01	-1.983360564434467843e+00	1.440888905155300437e+00	-5.091428338107454321e-01	-1.612965020668320371e+00	-1.847663107939724769e+00	9.242944520985939549e-01	2.451458675039801527e+00
1.456303586978666020e+00	-6.131217472572612071e-01	-1.867141052565437498e+00	1.413822326220657066e+00	-6.049440646496362373e-01	-1.443556154034929095e+00	-1.807171099672714609e+00	1.051003145337046751e+00	2.258815614683443940e+00
1.433555224113535420e+00	-6.818677983982651680e-01	-1.747131909272824579e+00	1.382344690584986546e+00	-6.893362696399591982e-01	-1.255408431041985740e+00	-1.761708535898879768e+00	1.167076896744084102e+00	2.061419840418094118e+00
1.408481376920377892e+00	-7.458919899135586506e-01	-1.623393124091004225e+00	1.347056236976519550e+00	-7.618134021842484227e-01	-1.074787895270718607e+00	-1.711710595212509123e+00	1.272019037811220610e+00	1.854791374065687837e+00
1.381248935376648168e+00	-8.051416628007310727e-01	-1.499679148410767660e+00	1.308536265563349232e+00	-8.215441265858017816e-01	-8.739454940844733066e-01	-1.657653254201139736e+00	1.365708738434004976e+00	1.648874950958423735e+00
1.352024036249072969e+00	-8.596931019506723892e-01	-1.378607504309172116e+00	1.267391994593835003e+00	-8.692953960225600074e-01	-6.842192916520656309e-01	-1.599985290790137071e+00	1.448302008572801336e+00	1.446931953208324018e+00
1.320968512243063664e+00	-9.097017958179910435e-01	-1.262152421835072147e+00	1.224216683276228013e+00	-9.050134582449700371e-01	-4.955615887518766138e-01	-1.539155482904885464e+00	1.520145865381117734e+00	1.252218879019528330e+00
1.288237739972059259e+00	-9.553888876345137948e-01	-1.151660554352566201e+00	1.179582652258443387e+00	-9.289720677228063828e-01	-3.142324222672505663e-01	-1.475599009139693552e+00	1.581701664694704856e+00	1.066381208531610447e+00
1.253979025934537583e+00	-9.969902061648278080e-01	-1.047403210912735583e+00	1.134055242668267294e+00	-9.420104863561918895e-01	-1.481899772505017032e-01	-1.409717049761178398e+00	1.633476235508984686e+00	8.903314694083727110e-01
1.218330960904812965e+00	-1.034763270521070977e+00	-9.500506469249254682e-01	1.088130000432597111e+00	-9.450710739186264364e-01	4.310248959156038479e-03	-1.341910785035976827e+00	1.676063252419321525e+00	7.255903884673639004e-01
1.181422881925375368e+00	-1.068980531131117351e+00	-8.597522778118569242e-01	1.042288512438073411e+00	-9.388696638681539586e-01	1.455163413413228246e-01	-1.272533797571938852e+00	1.710088598100585333e+00	5.722468223076585536e-01
1.143374657103823466e+00	-1.099914376977096930e+00	-7.765571482088151622e-01	9.969635089307333775e-01	-9.239943547455954365e-01	2.775363729984277605e-01	-1.201926070645896072e+00	1.736158548144194569e+00	4.300914344275552081e-01
1.104296470409799058e+00	-1.127827980179574530e+00	-7.000217424053339910e-01	9.525458430359426965e-01	-9.017040680155880006e-01	3.871694041242670914e-01	-1.130407188538017360e+00	1.754880407471942849e+00	2.988734361571829257e-01
1.064289682487249644e+00	-1.152975971900731089e+00	-6.301697770085542549e-01	9.093844907584937021e-01	-8.728363200966349211e-01	4.866652548913877330e-01	-1.058262737200829084e+00	1.766840728377078618e+00	1.783429148776472239e-01
1.023446830654429540e+00	-1.175606101379444990e+00	-5.664972920657270761e-01	8.677656124224183420e-01	-8.383365611231368142e-01	5.695190891217928320e-01	-9.857511039246948936e-01	1.772624402942565069e+00	6.860665112995882609e-02
9.818520593100303895e-01	-1.195941047991137207e+00	-5.085668186838140370e-01	8.279544297914122053e-01	-7.989569362937187780e-01	6.423601539550758410e-01	-9.131238763344504683e-01	1.772802045442925856e+00	-3.093708916656680991e-02
9.395820883469760965e-01	-1.214194704369868871e+00	-4.560305132914143633e-01	7.901742875084492024e-01	-7.553803724457245350e-01	7.035926503011104005e-01	-8.405918440617018428e-01	1.767890811381547911e+00	-1.211346170421446905e-01
8.967063207539576197e-01	-1.230555924009115953e+00	-4.082212156838821437e-01	7.545996735760494012e-01	-7.082754033467478783e-01	7.563332660575424748e-01	-7.683589970725461793e-01	1.758422134070258824e+00	-2.017059594248510612e-01
8.532881338338251798e-01	-1.245200257398827448e+00	-3.649873246496105894e-01	7.214050759965843218e-01	-6.579269001814689322e-01	8.054814510475534206e-01	-6.965953270053703017e-01	1.744888265858188348e+00	-2.733344696534484863e-01
8.093844487974580781e-01	-1.258297479129038887e+00	-3.260297301365477907e-01	6.907370646921093815e-01	-6.049606753394766168e-01	8.437688071522672084e-01	-6.254640258330519398e-01	1.727805698164610604e+00	-3.352115282568208232e-01
7.650466991775606296e-01	-1.270013984273878016e+00	-2.915434539727378982e-01	6.627073119841361271e-01	-5.495329923474185918e-01	8.810732563209390245e-01	-5.550874875352299620e-01	1.707726450908871429e+00	-3.864664931861608310e-01
7.203192168056680167e-01	-1.280597798578070101e+00	-2.646511907424053400e-01	6.374484287545126859e-01	-4.913496374017806700e-01	9.301722311551324784e-01	-4.855881060915530067e-01	1.685376534048052211e+00	-4.241170579832951315e-01
6.752369721799581503e-01	-1.290288038153494465e+00	-2.422082443805000651e-01	6.151209439654522493e-01	-4.292863772671748901e-01	9.879169744685555310e-01	-4.170474774884501690e-01	1.661136965842273439e+00	-4.582227603401329841e-01
6.298300937296297253e-01	-1.299141140915803128e+00	-2.206717462648822847e-01	5.958923660992968552e-01	-3.646505633695736326e-01	1.022966338077177406e+00	-3.495335983812936642e-01	1.635021808272637989e+00	-4.924745220671428170e-01
5.841274186654871192e-01	-1.307178889381162223e+00	-1.995214307768103101e-01	5.798534289173213896e-01	-2.984342874014133673e-01	1.045103019373514908e+00	-2.831212650909647466e-01	1.607027940143812561e+00	-5.268154761618940585e-01
5.381577841983350430e-01	-1.314374308868057950e+00	-1.771362402964053451e-01	5.670739276204146417e-01	-2.315640567293522634e-01	1.044217951702763214e+00	-2.179056729349883592e-01	1.577039511982197384e+00	-5.637262204877933058e-01
4.919513187573731350e-01	-1.320719411429798873e+00	-1.555533619742898721e-01	5.575259441282609529e-01	-1.657767257156343432e-01	1.029028819203289036e+00	-1.539548185686979154e-01	1.545143585215072113e+00	-5.978190415375856936e-01
4.455363215457410764e-01	-1.326289959668453644e+00	-1.361614976899477303e-01	5.511676013202374547e-01	-1.007998518631455231e-01	1.014091369162859690e+00	-9.134349831301341593e-02	1.511475101734299553e+00	-6.294301963691216750e-01
3.989387245328572251e-01	-1.331143374631574838e+00	-1.174533066868684167e-01	5.479430630356131315e-01	-3.721596104802722682e-02	9.878270687206655021e-01	-3.015330815435437670e-02	1.476083037743250337e+00	-6.608963907097596957e-01
3.521839216804742989e-01	-1.335274095479350942e+00	-9.889137208315752769e-02	5.477825340733997184e-01	2.424351124129675572e-02	9.493523475176893767e-01	2.955455491745491090e-02	1.438851626778838710e+00	-6.959199625046482707e-01
3.052965537396162277e-01	-1.338722061945232245e+00	-8.144040855583169203e-02	5.505254854713838020e-01	8.202025624361201916e-02	8.876076588187117311e-01	8.769849491597561664e-02	1.399691698946724738e+00	-7.325347725371686991e-01
2.582998626413787191e-01	-1.341510715580467084e+00	-6.423426375421423251e-02	5.559764906668084317e-01	1.347037803071675366e-01	7.986819349809965995e-01	1.441969158547785623e-01	1.358262496086169557e+00	-7.760649519388040929e-01
2.112176283245231767e-01	-1.343595108823487649e+00	-4.507409867586836816e-02	5.638424098157113207e-01	1.807959179583306097e-01	6.819326728348105160e-01	1.989274237542151824e-01	1.313524261700668383e+00	-8.451764303511760668e-01
1.640779347891237472e-01	-1.344740119535760225e+00	-1.744763534075826489e-02	5.736974921920843240e-01	2.156286347044108487e-01	4.779144287634307098e-01	2.517472256380319795e-01	1.264552972552597021e+00	-9.239638765399752485e-01
1.169212402115335780e-01	-1.344507332335489469e+00	2.107587187017334954e-02	5.848647243466787993e-01	2.337880674945441717e-01	2.062498306168539242e-01	3.024863298678228118e-01	1.212555352486696103e+00	-9.622638789880563204e-01
6.979854771832524896e-02	-1.342836192442190768e+00	5.601362033508595212e-02	5.965344819482001348e-01	2.374529636853012493e-01	5.893031091499333247e-03	3.510835394537730192e-01	1.160182392079845748e+00	-9.597843494794994212e-01
2.275311312570515998e-02	-1.340170645354598067e+00	7.800630296164098865e-02	6.082181985899288712e-01	2.353947404038522484e-01	-3.352296842910409969e-02	3.975456540614110690e-01	1.108302763158810711e+00	-9.495681299177692880e-01
-2.418751757391542773e-02	-1.336881669750720203e+00	9.260161946522973975e-02	6.197553453096023013e-01	2.316344722419697855e-01	-6.711192121552563006e-02	4.418862730218037771e-01	1.056772508889887385e+00	-9.445143841365442050e-01
-7.100408370615622633e-02	-1.333092218563839859e+00	1.052528777839157187e-01	6.311180040269043223e-01	2.278292364675389148e-01	-7.000319441849951752e-02	4.841257953315752371e-01	1.005497545156295303e+00	-9.404749954985136551e-01
-1.176789386196287063e-01	-1.328779372531531111e+00	1.196225012145442912e-01	6.422922157015777955e-01	2.246456210653641761e-01	-4.989218594172867977e-02	5.242710206562443132e-01	9.543274735084306126e-01	-9.388184349929261652e-01
-1.641922836322889379e-01	-1.323853052193427526e+00	1.360316252219881394e-01	6.533198574541958514e-01	2.219811862944827130e-01	-3.126078069488573419e-02	5.623219489958207751e-01	9.032959630108472471e-01	-9.345644291277943605e-01
-2.105215224222366233e-01	-1.318270306974634432e+00	1.532544849267143960e-01	6.642218678450946268e-01	2.195918651798826338e-01	-2.658080995448551878e-02	5.982853800158427493e-01	8.525955814543569877e-01	-9.269332620093515551e-01
-2.566435206599085861e-01	-1.312009784479192032e+00	1.710407436826785199e-01	6.750261649546396292e-01	2.174292992963607618e-01	-3.796135574289100784e-02	6.321817127129053526e-01	8.023472751581308682e-01	-9.189698670570628503e-01
-3.025337451958147184e-01	-1.305032190153959437e+00	1.899803171916856770e-01	6.857118102225443490e-01	2.145642342897918775e-01	-5.087106354484875748e-02	6.640313460836329007e-01	7.525525217093214092e-01	-9.098649196856113397e-01
-3.481668020682010534e-01	-1.297315895097130189e+00	2.092645752487407862e-01	6.961950494076625251e-01	2.090897887194958227e-01	-9.526990756527099757e-02	6.938478794590920984e-01	7.032609779975153019e-01	-9.002336396663277451e-01
-3.935161136984530184e-01	-1.288828640293224970e+00	2.297048603516166076e-01	7.063572306683043589e-01	2.014343638653121327e-01	-1.298759663347133220e-01	7.216585115014162444e-01	6.544763296895426130e-01	-8.908324832816789662e-01
-4.385540264926275911e-01	-1.279530885406128471e+00	2.508673173385343458e-01	7.160727226428000858e-01	1.904149094841573742e-01	-1.881741026565131591e-01	7.474836412072295433e-01	6.062719414778420246e-01	-8.790273758629865153e-01
-4.832518108414523561e-01	-1.269392737081496358e+00	2.730845610546814295e-01	7.251600578085505289e-01	1.762708140880134833e-01	-2.302200263211825471e-01	7.713504672386655159e-01	5.587365682041827153e-01	-8.660426215436318742e-01
-5.275789079095973833e-01	-1.258361659208406147e+00	2.967009410001745784e-01	7.335005843240147705e-01	1.594359013955222726e-01	-2.741094737154976535e-01	7.932793885923289379e-01	5.119444876766592323e-01	-8.516825892884151150e-01
-5.715031448387396518e-01	-1.246376236765959877e+00	3.219726013185350011e-01	7.409407527470085464e-01	1.390799745652023522e-01	-3.368214928388891805e-01	8.133112032614489006e-01	4.659554010570753912e-01	-8.363933325093158011e-01
-6.149901967398979652e-01	-1.233385531232572774e+00	3.483946885958634776e-01	7.472781569946959079e-01	1.146871622272248314e-01	-3.943602775710161601e-01	8.314799095736969958e-01	4.209069563800563740e-01	-8.183790688016130410e-01
-6.580035866934362820e-01	-1.219318941448654048e+00	3.770524390364842215e-01	7.523452885848340710e-01	8.653941116919559862e-02	-4.613430096766401589e-01	8.478195058567641329e-01	3.767755288532645963e-01	-8.009281943928161507e-01
-7.005041477413951334e-01	-1.204094160840423644e+00	4.077862661197598770e-01	7.559118233542213572e-01	5.295418584458850414e-02	-5.438500709788799403e-01	8.623707901038504264e-01	3.336028229590276006e-01	-7.826072823188129357e-01
-7.424499152859621587e-01	-1.187621509344850779e+00	4.407609655639272428e-01	7.577055600190334417e-01	1.412627627927799147e-02	-6.297927475782535423e-01	8.751745603081751979e-01	2.914696411318554725e-01	-7.626893323665648872e-01
-7.837958042848715001e-01	-1.169821752675344273e+00	4.759364672318624478e-01	7.574822153759603882e-01	-2.961981675567389866e-02	-7.021569744938810365e-01	8.862784141284960615e-01	2.504731222754501552e-01	-7.407633331631636731e-01
-8.244933940483394341e-01	-1.150587975237745475e+00	5.141538850232387770e-01	7.550254243019585143e-01	-7.732650487499623249e-02	-7.551147674956512068e-01	8.957299492235707428e-01	2.107449874737241102e-01	-7.162114398367908086e-01
-8.644900674268002350e-01	-1.129769604236946723e+00	5.565564982078219369e-01	7.501955963951010276e-01	-1.267450569242245806e-01	-7.745455606601177045e-01	9.035767632521374271e-01	1.723752201240562609e-01	-6.895064146706698649e-01
-9.037277195925136342e-01	-1.107229615664342637e+00	6.022001656470469255e-01	7.429648135750223092e-01	-1.751622089995260867e-01	-7.421544840789657815e-01	9.098868528695681634e-01	1.357519358855294456e-01	-6.552099346620922082e-01
-9.421437264533584210e-01	-1.082824472262487570e+00	6.519226667159367938e-01	7.334587072034416400e-01	-2.195688781227527753e-01	-6.633102495426134171e-01	9.147418140622826099e-01	1.011883832344808443e-01	-6.151087164617684566e-01
-9.796696534344401242e-01	-1.056383231972214398e+00	7.060246351368978379e-01	7.219076014435606981e-01	-2.593215209586489101e-01	-6.065537096261446326e-01	9.182300424822673612e-01	6.898390140549048866e-02	-5.700872968364372184e-01
-1.016231685884221303e+00	-1.027760944283971245e+00	7.635330598079465014e-01	7.084859842978004085e-01	-2.967674669123555597e-01	-5.871727300117768333e-01	9.204467334470086692e-01	3.933454297075565653e-02	-5.211653136546936516e-01
-1.051751920292916198e+00	-9.968860863520103699e-01	8.224849347859288784e-01	6.932496919268918978e-01	-3.338606109704752578e-01	-5.861851076611674927e-01	9.215074812706265384e-01	1.240481816729276793e-02	-4.714566855348719110e-01
-1.086149978315483100e+00	-9.636604678777879185e-01	8.843614272020511313e-01	6.761917448107560569e-01	-3.714835659290970926e-01	-5.925562584839871860e-01	9.215142809361647203e-01	-1.184419779714780338e-02	-4.212522797159209409e-01
-1.119341500350165219e+00	-9.279732100166722120e-01	9.491103174430118861e-01	6.572074501480099640e-01	-4.124956166753277476e-01	-6.357023017760005112e-01	9.205895264232620834e-01	-3.337606480102709577e-02	-3.706944926370990268e-01
-1.151238253140022483e+00	-8.897006532093268971e-01	1.017466237984966826e+00	6.361990946572003702e-01	-4.551683644177206833e-01	-6.893384216894545835e-01	9.188352127149721493e-01	-5.211661145572948212e-02	-3.199745598165104621e-01
-1.181746946156071232e+00	-8.486946824903954800e-01	1.089086163564861431e+00	6.130061493762133384e-01	-5.017672869192315588e-01	-7.350621206546286146e-01	9.163737337909336755e-01	-6.803922840889016499e-02	-2.661323141609109322e-01
-1.210770522815677985e+00	-8.048864786268563609e-01	1.162478572474944238e+00	5.875169419833882190e-01	-5.493186557888481980e-01	-7.507493216112798295e-01	9.133274836307953004e-01	-8.091794609899874424e-02	-2.094418497381081989e-01
-1.238209559302485774e+00	-7.581987428730474488e-01	1.237649687033940404e+00	5.596477182376284887e-01	-5.997554631554151694e-01	-8.101060439207383723e-01	9.098052568831389575e-01	-9.070124156010946070e-02	-1.526370560841708024e-01
-1.263962479769481284e+00	-7.086003222368776333e-01	1.313214323365645475e+00	5.292239901365130006e-01	-6.531746977066401616e-01	-8.342884553095062383e-01	9.059566461897466949e-01	-9.727577223615094248e-02	-9.289109068621764775e-02
-1.287926847557387733e+00	-6.560522601167969592e-01	1.390449412955109487e+00	4.961899215193109614e-01	-7.074204893409525852e-01	-8.536327396124062661e-01	9.019040455302765880e-01	-1.006762547843666061e-01	-3.532444097915866249e-02
-1.309998289179337805e+00	-6.005018975103949552e-01	1.468455192560008005e+00	4.604826967050633657e-01	-7.623250429072333523e-01	-8.662806659228877715e-01	8.977698488843772751e-01	-1.009165087951583717e-01	2.237798319855601251e-02
-1.330072022262638543e+00	-5.419864398155241902e-01	1.544787168427834700e+00	4.220464795330391983e-01	-8.193869688338559776e-01	-8.960740854278561596e-01	8.936968492283023924e-01	-9.811361893857713234e-02	7.577341965743046581e-02
-1.348045233542648935e+00	-4.805614954302959707e-01	1.619714176636843028e+00	3.807835567218846862e-01	-8.785470495107859934e-01	-9.347968240283174302e-01	8.897870415450856996e-01	-9.249037547343991195e-02	1.274713672416679378e-01
-1.363818714406077603e+00	-4.164053491802576223e-01	1.688781515619709905e+00	3.365613173898015509e-01	-9.404119685659269035e-01	-9.691690004700086458e-01	8.861764191454620798e-01	-8.412118570424366448e-02	1.754990031067096556e-01
-1.377300669985247694e+00	-3.497313406877765596e-01	1.752614687954948902e+00	2.893239253759595786e-01	-1.002244052536499730e+00	-9.661422406681888786e-01	8.829533776813890400e-01	-7.325175079172113746e-02	2.190987385139481214e-01
-1.388406783719015491e+00	-2.807715873945167417e-01	1.809806891197451639e+00	2.390644011602797159e-01	-1.063951005505052505e+00	-9.636641003555437290e-01	8.802199121359006728e-01	-6.018621959964429169e-02	2.562753749948515347e-01
-1.397062423184193714e+00	-2.098536135484924681e-01	1.857541967710856667e+00	1.858036833030981827e-01	-1.125228512766239364e+00	-9.502160955762057881e-01	8.780644181609836840e-01	-4.519229107500552511e-02	2.886271073033446766e-01
-1.403205717499391492e+00	-1.373511168018738959e-01	1.896058599259597077e+00	1.295976079650963952e-01	-1.184875024833252466e+00	-9.269878963732212096e-01	8.765548924119909158e-01	-2.882351751124230532e-02	3.091880054139378720e-01
-1.406787686446853813e+00	-6.364906702852572706e-02	1.923871406681328944e+00	7.050899082723320610e-02	-1.243137269825212998e+00	-9.040826471982646995e-01	8.757321328821320305e-01	-1.160085728941753422e-02	3.206937903281565916e-01
-1.407774005137601092e+00	1.080843297171343864e-02	1.939894834678460800e+00	8.621586130605218140e-03	-1.299498413495955296e+00	-8.712666246076354870e-01	8.756301378990882789e-01	5.972912172223239502e-03	3.227590118259829888e-01
-1.406146618034420204e+00	8.553742300285141487e-02	1.943173119140141569e+00	-5.594595428309768331e-02	-1.353120367137921054e+00	-8.210997089396318005e-01	8.762421077973312489e-01	2.333452037332558321e-02	3.130702543157833362e-01
-1.401903491468339924e+00	1.601232837762824879e-01	1.936209945620084749e+00	-1.230679990521561934e-01	-1.404072191732901320e+00	-7.848285389555089697e-01	8.775476435802462838e-01	3.987551087024235330e-02	2.952496589227995294e-01
-1.395058247793419914e+00	2.340557612333406534e-01	1.915110381916281579e+00	-1.925909987344359142e-01	-1.451426206721674328e+00	-7.193565496943069570e-01	8.795059472546237211e-01	5.524290369820981234e-02	2.694627962292024392e-01
-1.385642650982158219e+00	3.068381126199573594e-01	1.881709772732707675e+00	-2.643055677270713666e-01	-1.494001221800587142e+00	-6.416677034666575796e-01	8.820626214961676537e-01	6.894496615391605687e-02	2.350422893798968516e-01
-1.373704691318207827e+00	3.780361039372008292e-01	1.837262553479021898e+00	-3.379744023467819436e-01	-1.531334784490988810e+00	-5.568942038527077143e-01	8.851428699839872793e-01	8.054818412806930006e-02	1.931194559545849898e-01
-1.359307283417827472e+00	4.472291421412560308e-01	1.782137276879715682e+00	-4.133322808298222628e-01	-1.562878355733030800e+00	-4.637313783290132330e-01	8.886446977350386245e-01	8.966674467325032316e-02	1.445691686872791759e-01
-1.342527136413789179e+00	5.140572258362390290e-01	1.718243556596881660e+00	-4.900721042920227477e-01	-1.588256084689409597e+00	-3.652501685675351717e-01	8.924661097662782705e-01	9.598412205802178687e-02	9.082120992583317398e-02
-1.323452644965331215e+00	5.781985636620289304e-01	1.645787845974888697e+00	-5.678937533691935657e-01	-1.607102564798087441e+00	-2.564957465588457719e-01	8.964847120980671269e-01	9.934964057766176859e-02	3.516281596963392181e-02
-1.302182974645131441e+00	6.393960973495661504e-01	1.568335932509847597e+00	-6.464552315766213253e-01	-1.618627178728671678e+00	-1.455338713816183294e-01	9.005781107507566663e-01	9.948676066541693730e-02	-2.583700975124093163e-02
-1.278823219870327987e+00	6.975343703463078304e-01	1.488128090262772263e+00	-7.254215219496219502e-01	-1.623494926363838076e+00	-4.161352254314516774e-02	9.046035127480740456e-01	9.627400141440500825e-02	-8.781867921954616962e-02
-1.253482198071095288e+00	7.525263754790764148e-01	1.405865606463317485e+00	-8.044506280034823265e-01	-1.621603367962623166e+00	6.567078293459209515e-02	9.084317244448614215e-01	8.969902082137663768e-02	-1.496173633111413659e-01
-1.226271169232403757e+00	8.043204061544897421e-01	1.322609386454125291e+00	-8.832284713339041415e-01	-1.612776524640412434e+00	1.749055738348785916e-01	9.119267525303746957e-01	7.979606570406491683e-02	-2.104017299412933584e-01
-1.197302254151486833e+00	8.529107786412490899e-01	1.239571506013532831e+00	-9.613990964158672936e-01	-1.596951730745610920e+00	2.847063061097960257e-01	9.149458040283700022e-01	6.664380844718574559e-02	-2.694060037208031999e-01
-1.166687035617913093e+00	8.983417953206125350e-01	1.158007836470905438e+00	-1.038634465804965101e+00	-1.574208820601483261e+00	3.925032978298695352e-01	9.173596852936508617e-01	5.035941341088365220e-02	-3.259785004010972709e-01
-1.134535051992127341e+00	9.406886350600817126e-01	1.078917538621535277e+00	-1.114585603496206945e+00	-1.544575407154964886e+00	4.984995375356556790e-01	9.190460023465880646e-01	3.103560998034697940e-02	-3.812220613264685198e-01
-1.100951860377859193e+00	9.800720080232920850e-01	1.002442130329761705e+00	-1.188945410605472874e+00	-1.508661407467123627e+00	5.971273721074509266e-01	9.198823612075233136e-01	8.872690074732594162e-03	-4.313646857106802068e-01
-1.066040220238982927e+00	1.016569950304830661e+00	9.283809817033564782e-01	-1.261385849688157590e+00	-1.466158214664696091e+00	7.000545920638008290e-01	9.197531675623364933e-01	-1.591842555454510422e-02	-4.783827995013328338e-01
-1.029899017384191318e+00	1.050305967849674449e+00	8.575513703748761651e-01	-1.331599821859992705e+00	-1.417303357320232715e+00	7.982784876862767387e-01	9.185564264279937330e-01	-4.315189761691236303e-02	-5.218234812909839926e-01
-9.926225107562637318e-01	1.081421846711571044e+00	7.908710484696257481e-01	-1.399273248716729201e+00	-1.362381019871547139e+00	8.897499543440610115e-01	9.162037421525274228e-01	-7.268114979887983773e-02	-5.625190710808563033e-01
-9.542996868228698082e-01	1.110070494623891291e+00	7.277576867282458117e-01	-1.464140908494572235e+00	-1.301949570443019288e+00	9.751079642329456565e-01	9.125931197529038030e-01	-1.042524456879625472e-01	-5.977766125878387626e-01
-9.150150127872997974e-01	1.136377537409771765e+00	6.682205308781754560e-01	-1.525916640869638963e+00	-1.235918100918157680e+00	1.060474376945893527e+00	9.076565625737504917e-01	-1.377159048201644365e-01	-6.325130105991163543e-01
-8.748471453700690237e-01	1.160524332181948282e+00	6.134718481537126955e-01	-1.584384080718935106e+00	-1.167023111567177196e+00	1.078140197142150480e+00	9.013056749631099818e-01	-1.734243185603609461e-01	-6.778410175418995154e-01
-8.338689308089196617e-01	1.182671774620480898e+00	5.626175791046987840e-01	-1.639452494281136374e+00	-1.095716310141709338e+00	1.140555145147793770e+00	8.934452616034670447e-01	-2.109976332306072733e-01	-7.039568602705993383e-01
-7.921480504680161738e-01	1.202954738132943957e+00	5.153025011279110945e-01	-1.690912495953426742e+00	-1.019026486322586855e+00	1.229469672669403435e+00	8.840209251705450910e-01	-2.496253474520607474e-01	-7.212385377956210819e-01
-7.497473436425452498e-01	1.221510338896558912e+00	4.713678413905458831e-01	-1.738512823012268615e+00	-9.374936091410499550e-01	1.297341942033046980e+00	8.729986673366533223e-01	-2.893741684739223330e-01	-7.422365945009595789e-01
-7.067253455663787820e-01	1.238457228642544816e+00	4.307908644972610057e-01	-1.782078987455290697e+00	-8.557504014243320078e-01	1.240042168480060658e+00	8.603104914464292374e-01	-3.313496635283442182e-01	-7.968005291197727269e-01
-6.631354265998121722e-01	1.253949328959044207e+00	3.936690454640858761e-01	-1.821736620644212046e+00	-7.752424796342527458e-01	1.294319249555640594e+00	8.458544025168485136e-01	-3.747153356638610044e-01	-7.969462832457019363e-01
-6.190271910494911101e-01	1.268076534969192037e+00	3.590705282432717915e-01	-1.857283316496246117e+00	-6.868701044124104760e-01	1.409373711253720352e+00	8.296372002134396739e-01	-4.177381743757841992e-01	-7.988976181165458046e-01
-5.744467999730091812e-01	1.280912550842639330e+00	3.259476099761380863e-01	-1.888398017086916791e+00	-5.942087660918422554e-01	1.468259763675952900e+00	8.116452852051262434e-01	-4.614478586841960217e-01	-8.106097176144618777e-01
-5.294385852019021232e-01	1.292531203640525428e+00	2.957620090592089079e-01	-1.914969050094712300e+00	-5.026029863199830139e-01	1.381596924828069728e+00	7.918310598331603778e-01	-5.073892972686363523e-01	-8.722526019920978646e-01
-4.840414984910634821e-01	1.303137906484271635e+00	2.702590380309058959e-01	-1.937170903522003718e+00	-4.116586868531065257e-01	1.482735281872264332e+00	7.701061284455748002e-01	-5.535039123877742995e-01	-8.343751186248780094e-01
-4.382899723310053619e-01	1.312767068990388974e+00	2.446946973898428968e-01	-1.954668560404206668e+00	-3.101700330718564769e-01	1.628624308733452652e+00	7.465180887011075850e-01	-5.987179630405969899e-01	-8.358411761985443666e-01
-3.922188696183729895e-01	1.321389934550793566e+00	2.185373458422755766e-01	-1.967064188095777322e+00	-2.028812440187352240e-01	1.708928533950802242e+00	7.210737402653163430e-01	-6.442328437968344312e-01	-8.408734938339261777e-01
-3.458630532498103149e-01	1.329026503755081912e+00	1.929569627871660087e-01	-1.974078605792862096e+00	-8.993543774078181785e-02	1.791840673947114659e+00	6.937594838071150516e-01	-6.905046310235346541e-01	-8.773150777586667948e-01
-2.992524364514508317e-01	1.336045666125974529e+00	1.827878432492745508e-01	-1.975621079734235508e+00	2.072285335340520729e-02	1.727793119800195232e+00	6.645141223366890504e-01	-7.375734021969472254e-01	-8.540826331961509643e-01
-2.524035898593544602e-01	1.342554122197527011e+00	1.652304780717482047e-01	-1.971754425600708016e+00	1.323575740192980688e-01	1.760254704120495228e+00	6.333716541817100421e-01	-7.837393676201613868e-01	-8.485700137447489411e-01
-2.053414770291421831e-01	1.348211462549256057e+00	1.424434374843406570e-01	-1.962339052990352606e+00	2.482028985356936612e-01	1.828392221140541007e+00	6.003388790077159864e-01	-8.294899318282794587e-01	-8.409576801960857440e-01
-1.580964415930795619e-01	1.353001680564910103e+00	1.205253915708941054e-01	-1.947214432941005269e+00	3.662626683692291607e-01	1.847240314212915901e+00	5.654429954768501743e-01	-8.749854877368140604e-01	-8.369852316204978715e-01
-1.106978587696348382e-01	1.356986191265386665e+00	9.949697768851371860e-02	-1.926331708811964694e+00	4.839987944345634507e-01	1.842300347581153241e+00	5.286840035891220424e-01	-9.203947791190053573e-01	-8.362349412717353658e-01
-6.317348975428442592e-02	1.360218114496174691e+00	8.188453781067103754e-02	-1.899718798683596166e+00	6.014017624261462913e-01	1.841521544347691108e+00	4.900891020066651116e-01	-9.648014363066366172e-01	-8.128415414199997580e-01
-1.554679168119077123e-02	1.362804550188664088e+00	6.368368276711576514e-02	-1.867382682076028422e+00	7.184045143738808648e-01	1.824844977901396215e+00	4.496718900605460867e-01	-1.009345608712070685e+00	-8.226890259364469937e-01
3.215662628482745394e-02	1.364585985192029005e+00	4.218276913500745157e-02	-1.829372215629913256e+00	8.339218471559748380e-01	1.798622289316664347e+00	4.074187684197079218e-01	-1.054354872426393142e+00	-8.300627195361016675e-01
7.990771172989978577e-02	1.365530867116844460e+00	2.055909633404994982e-02	-1.785778133106525889e+00	9.470826796008107173e-01	1.758747201726842180e+00	3.633161377530742531e-01	-1.099623411180728372e+00	-8.331347281199019683e-01
1.276775198416883750e-01	1.365639226685982033e+00	-1.974066788865167215e-03	-1.736740024907743152e+00	1.057483862683129994e+00	1.718572473006592771e+00	3.173639980606354216e-01	-1.144529874674281356e+00	-8.198055056725659373e-01
1.754333397542061357e-01	1.364720151973549900e+00	-2.938091466094326296e-02	-1.682355604314968556e+00	1.165709131239704321e+00	1.671436965511167605e+00	2.695759486734773946e-01	-1.189633023280149970e+00	-8.285465103333462533e-01
2.231402009692757815e-01	1.362865565812227064e+00	-5.224035511765091205e-02	-1.622848215971324892e+00	1.266869248181327290e+00	1.546484602808746001e+00	2.199383902605238639e-01	-1.234488866962151432e+00	-8.197200983334348434e-01
2.707670066439024081e-01	1.360141245870718940e+00	-7.508081909771312235e-02	-1.558608713002127777e+00	1.359731588725469287e+00	1.413936467068024783e+00	1.684785214839082113e-01	-1.278708767094964172e+00	-8.102671725252099666e-01
3.182833055442885195e-01	1.356564089728562239e+00	-9.712767977250152951e-02	-1.490076805173543573e+00	1.442904374503221510e+00	1.262526896536934728e+00	1.152167413402546553e-01	-1.322573830483831703e+00	-8.014394479750547307e-01
3.656591844443011774e-01	1.352125925101835380e+00	-1.190238598197612824e-01	-1.417706161291846900e+00	1.516972456315014872e+00	1.123134325377616038e+00	6.017344882615839607e-02	-1.365664837430005552e+00	-7.811027334461316807e-01
4.128651605239380129e-01	1.346864786905931810e+00	-1.400981034727521168e-01	-1.341873675442195823e+00	1.585442835801149419e+00	1.052190019293130829e+00	3.389441934838853445e-03	-1.407180769675783649e+00	-7.465384931877840913e-01
4.598730421815922509e-01	1.340823349209899762e+00	-1.597373846997370006e-01	-1.262697999466329657e+00	1.655279841552196318e+00	1.114467952101082515e+00	-5.504008401619844837e-02	-1.446309369339843220e+00	-6.960758507394380068e-01
5.066567898463126829e-01	1.334055100533689808e+00	-1.790249134627886762e-01	-1.179962768241155091e+00	1.730911130919520202e+00	1.199121890255621103e+00	-1.150199337094383045e-01	-1.482958195913585797e+00	-6.658929642443115471e-01
5.531904715486817281e-01	1.326546830042392155e+00	-1.986240288246693686e-01	-1.093458596163806806e+00	1.809784437787149036e+00	1.221486900417529498e+00	-1.764753108240090518e-01	-1.518739230572013765e+00	-6.584934775061415113e-01
5.994463260932236803e-01	1.318160592041244028e+00	-2.229129456963735989e-01	-1.003234339874936820e+00	1.881984425049009424e+00	1.085797873964107430e+00	-2.394130150254198952e-01	-1.555148223168166144e+00	-6.702882066205793077e-01
6.453893829817604066e-01	1.308645011992484619e+00	-2.543624670703516499e-01	-9.097785657813634019e-01	1.941506635933133218e+00	8.673505283601913307e-01	-3.038466456447664887e-01	-1.591544863799807308e+00	-6.604985964125638098e-01
6.909759559919540495e-01	1.297782326180194623e+00	-2.905420036832476183e-01	-8.137333897319899423e-01	1.989056130556092761e+00	7.034884642219001449e-01	-3.697422043543483472e-01	-1.626032760668225441e+00	-6.124551672104004973e-01
7.361562256140935512e-01	1.285442023844607595e+00	-3.291059886729528206e-01	-7.155803986134069428e-01	2.028103126679135837e+00	5.782708091672034145e-01	-4.369704975089979127e-01	-1.656711587276336495e+00	-5.365133299505286946e-01
7.808796191277378451e-01	1.271708992280741191e+00	-3.639714034804184539e-01	-6.156546093902983685e-01	2.062177073980771436e+00	5.063789282340274145e-01	-5.053887321324425086e-01	-1.684166169298692672e+00	-4.849364239183247549e-01
8.250994374676278165e-01	1.256689225396597775e+00	-3.972820044304332110e-01	-5.142003052660238938e-01	2.090313808474479007e+00	4.089092978109136745e-01	-5.748677145795145771e-01	-1.708894337390977958e+00	-4.340516592066329671e-01
8.687697347792356917e-01	1.240309633479963924e+00	-4.335578673235938596e-01	-4.115664622453756860e-01	2.110609324472084047e+00	2.753810933220657287e-01	-6.453054498671608741e-01	-1.730673805998301562e+00	-3.770867344229310580e-01
9.118407991543834301e-01	1.222465236477608741e+00	-4.722533426716928329e-01	-3.081369539337890373e-01	2.123080218356199200e+00	1.668342031893905175e-01	-7.165727443502041272e-01	-1.749161243633985174e+00	-3.142906372960580508e-01
9.542595830373736820e-01	1.203028841699929963e+00	-5.148675466022587521e-01	-2.042607563359571665e-01	2.128731572780826031e+00	5.750204456527062413e-02	-7.885200053868529624e-01	-1.763955709514503756e+00	-2.431348954555690722e-01
9.959675511943346660e-01	1.181861551043136505e+00	-5.605460111623544739e-01	-1.002728864166135547e-01	2.127718335007782624e+00	-4.823643627758036206e-02	-8.609840410042294279e-01	-1.774564287206613633e+00	-1.633548682478553060e-01
1.036901649127014213e+00	1.158807937498362861e+00	-6.112349978758981894e-01	3.477679819449461425e-03	2.118881047410305918e+00	-1.708081358960786000e-01	-9.337948595639564697e-01	-1.780532079092567388e+00	-7.436194098978717026e-02
1.076991935839057613e+00	1.133653586142726377e+00	-6.670326518547816663e-01	1.066070687668958239e-01	2.102365357553061198e+00	-2.912098687744531511e-01	-1.006741671434389085e+00	-1.781289467024012474e+00	2.490187263193966230e-02
1.116162121843671695e+00	1.106241165149304484e+00	-7.269899817427671884e-01	2.087244273003601158e-01	2.077290369507125423e+00	-4.247152336723630794e-01	-1.079606887318402153e+00	-1.776344530693874324e+00	1.333317850357403078e-01
1.154330214772822494e+00	1.076420900517659485e+00	-7.898048317319725786e-01	3.094389022943777046e-01	2.044942302925091493e+00	-5.369713761738755808e-01	-1.152138919591141120e+00	-1.765161686264617114e+00	2.507115874510316145e-01
1.191409918197161577e+00	1.044032173073577541e+00	-8.594867124395991764e-01	4.083875587039983435e-01	2.004785638323127284e+00	-6.613177075386686976e-01	-1.224079380962251662e+00	-1.747204187751505433e+00	3.805824970913627148e-01
1.227304390737119721e+00	1.008697921010417442e+00	-9.383003564256499063e-01	5.051795434037077426e-01	1.956930112127654331e+00	-7.746979065421374377e-01	-1.295135885813679000e+00	-1.721599926692487292e+00	5.264799046681765127e-01
1.261909366507364183e+00	9.705191918538081941e-01	-1.004958700782069725e+00	6.006175012047216821e-01	1.964115201221445561e+00	4.324307466345328477e-01	-1.364893654547729707e+00	-1.682382107327778931e+00	8.453057763636426802e-01
1.295135536235624718e+00	9.298579932031675321e-01	-1.075547396693242064e+00	6.964463121311507132e-01	1.950162221755438408e+00	-4.918007886330807987e-01	-1.432720318269545823e+00	-1.628640469563008564e+00	1.047623644568304924e+00
1.326881108871823090e+00	8.858794310150274187e-01	-1.166796583971507539e+00	7.904395092721449023e-01	1.893790605194977550e+00	-1.001779086827278231e+00	-1.498173898719281194e+00	-1.567157553480877707e+00	1.183011798110316315e+00
1.357019760216389370e+00	8.380268682965802407e-01	-1.270721033359541119e+00	8.810476391663013551e-01	1.813382132935545288e+00	-1.318701474162242926e+00	-1.560962010278910128e+00	-1.498025168710078514e+00	1.329036889353886419e+00
1.385408703035227118e+00	7.859171908354229963e-01	-1.383929820472073136e+00	9.673563846809420941e-01	1.716983332171962529e+00	-1.574078091779579580e+00	-1.620744669671610350e+00	-1.420186890242856714e+00	1.494488304172277404e+00
1.411893851933289090e+00	7.292831403690304137e-01	-1.502817989114350938e+00	1.048688732366669818e+00	1.609439631266224691e+00	-1.750068850275462884e+00	-1.677141095627379341e+00	-1.332724273148141458e+00	1.675729789998902763e+00
1.436313804611296874e+00	6.679710718151068427e-01	-1.625050015884874632e+00	1.124472361575619361e+00	1.490989388610013400e+00	-1.874215703960497859e+00	-1.729743308214041875e+00	-1.235007682675822061e+00	1.867183588260950655e+00
1.458503930723984654e+00	6.019581580798418763e-01	-1.746722991249936685e+00	1.194316419182375411e+00	1.364912335552401323e+00	-2.026702109804061180e+00	-1.778129728168366563e+00	-1.126665713183321760e+00	2.062198945823375595e+00
1.478300137933749925e+00	5.312667961368394698e-01	-1.868069933068462474e+00	1.257760256860535053e+00	1.229050269913916082e+00	-2.169656919667807493e+00	-1.821865176896064087e+00	-1.007627822335684042e+00	2.258164223469343312e+00
1.495540378332116394e+00	4.560334569830117313e-01	-1.984091367791408267e+00	1.314433960044969485e+00	1.087554132980285360e+00	-2.247702952961955880e+00	-1.860500876471740339e+00	-8.780569929764644455e-01	2.448181176031759332e+00
1.510070674125570722e+00	3.765663217462345558e-01	-2.091462104246702314e+00	1.364072306972032633e+00	9.411495014307252882e-01	-2.313950058047123726e+00	-1.893628846963230306e+00	-7.385389140895625149e-01	2.625981551936210412e+00
1.521749098892278607e+00	2.932523726484809190e-01	-2.187328092472414554e+00	1.406500809639353200e+00	7.918225187401252141e-01	-2.346604415666280197e+00	-1.920847908103926027e+00	-5.898997063121708129e-01	2.785011268899340475e+00
1.530452018470992215e+00	2.067446427653844288e-01	-2.264787424855935427e+00	1.441642693325764890e+00	6.431803371335257369e-01	-2.328411184172433313e+00	-1.941818076617015221e+00	-4.335509468359413643e-01	2.915942001812829254e+00
1.536080331849953629e+00	1.177884751134433139e-01	-2.322354722234922342e+00	1.469511917071474993e+00	4.933641617581489003e-01	-2.357846098082658770e+00	-1.956253766549991058e+00	-2.712575056009077779e-01	3.011897360997364714e+00
1.538563237220545110e+00	2.725899656577357097e-02	-2.356080886325130130e+00	1.490087542316296476e+00	3.443710954242989453e-01	-2.324309443936856567e+00	-1.963964587267842399e+00	-1.051420959318724591e-01	3.067914258211828393e+00
1.537862213234005404e+00	-6.388911097113562920e-02	-2.364371886706476023e+00	1.503446343781197125e+00	1.984518079156165626e-01	-2.254858538698194526e+00	-1.964828144790920827e+00	6.255988539377342617e-02	3.080895380124693883e+00
1.533973709039750721e+00	-1.546284371795546564e-01	-2.346661492374968905e+00	1.509804686589220513e+00	5.647065743803791199e-02	-2.210810711479048507e+00	-1.958830839788149758e+00	2.294225191868966285e-01	3.051130037229271341e+00
1.526928175871576920e+00	-2.440434847182535449e-01	-2.305316019232466207e+00	1.509302161142244136e+00	-8.224282983592935692e-02	-2.144174148907308286e+00	-1.946061067911496467e+00	3.932435863124163489e-01	2.981106763739279852e+00
1.516787592212409663e+00	-3.312525471038734182e-01	-2.241620136775765992e+00	1.502190030163805812e+00	-2.139605026062062765e-01	-2.025547548369002637e+00	-1.926675221468300725e+00	5.519668117406651975e-01	2.874771421456761011e+00
1.503643419365172429e+00	-4.154683937563884988e-01	-2.158438425044642006e+00	1.488852167259191672e+00	-3.375351788462729319e-01	-1.891466634718629747e+00	-1.900924888083387998e+00	7.037323615033793667e-01	2.736053083750402681e+00
1.487612297391479377e+00	-4.960258529934834515e-01	-2.058919696407300659e+00	1.469735261714597563e+00	-4.509120361023934986e-01	-1.731316830981406873e+00	-1.869136451702484658e+00	8.469898814312881719e-01	2.570981636965429029e+00
1.468831848651849681e+00	-5.724044179196869919e-01	-1.947211126294071892e+00	1.445313920896584836e+00	-5.546140178064022930e-01	-1.569624840853333980e+00	-1.831670294599008209e+00	9.804902791132094064e-01	2.385554123166540030e+00
1.447455405330600131e+00	-6.442347688920726512e-01	-1.826902593742797398e+00	1.416097649772159128e+00	-6.473871098723142925e-01	-1.397165346822113241e+00	-1.788954795701718670e+00	1.103396659147209746e+00	2.187845259881366911e+00
1.423644800133140764e+00	-7.113981312879338326e-01	-1.705286496752749015e+00	1.382609912348632619e+00	-7.295815102805132124e-01	-1.219487810787269089e+00	-1.741425133604924458e+00	1.215320183682732980e+00	1.983388850511761392e+00
1.397565847021599916e+00	-7.737569588098427431e-01	-1.579953441830895144e+00	1.345430008793999876e+00	-7.984812782451082835e-01	-1.006944074830034008e+00	-1.689550485230615129e+00	1.315934986645284743e+00	1.775521336729047439e+00
1.369387372801023517e+00	-8.312981020686325273e-01	-1.455024039893007437e+00	1.305227973037578648e+00	-8.537512812951061347e-01	-7.986444131149157410e-01	-1.633779628504165693e+00	1.405326220220319611e+00	1.570260395108737050e+00
1.339276267448867630e+00	-8.841433465284543880e-01	-1.334655198714088886e+00	1.262624982367886561e+00	-8.970546629623818990e-01	-6.158614686755945478e-01	-1.574574940682027080e+00	1.483683148380183559e+00	1.369752625263782608e+00
1.307393502858281265e+00	-9.324976137447794633e-01	-1.219634041612873920e+00	1.218193357432888480e+00	-9.285335798483609349e-01	-4.296520492451022522e-01	-1.512385199689574300e+00	1.551403358283628409e+00	1.177345793426915366e+00
1.273892303612047527e+00	-9.766010951300030385e-01	-1.111162114289857561e+00	1.172512398400578082e+00	-9.483327638552194738e-01	-2.495978101806539118e-01	-1.447625185124501446e+00	1.608979367913430547e+00	9.943395685350598923e-01
1.238917070967255230e+00	-1.016706424859632918e+00	-1.009257445514679219e+00	1.126140466878712276e+00	-9.574051191823076401e-01	-8.721411343141090289e-02	-1.380709676584511492e+00	1.656959279092665938e+00	8.219280965904103287e-01
1.202603382855299108e+00	-1.053076529271258943e+00	-9.143253635109624966e-01	1.079559149753980929e+00	-9.566899438566779379e-01	6.241410085934026575e-02	-1.312012655674088535e+00	1.695958216333564916e+00	6.610345888052667762e-01
1.165077025468086447e+00	-1.085988098549075520e+00	-8.266191485601486200e-01	1.033236074872816879e+00	-9.468196029776059230e-01	2.053416484755472282e-01	-1.241887705001092135e+00	1.726603705919178555e+00	5.115477836531342470e-01
1.126454423664162929e+00	-1.115714412638497022e+00	-7.458573444452354373e-01	9.876039724811584986e-01	-9.286794420214218304e-01	3.247630824220505419e-01	-1.170674807842335019e+00	1.749510623330194470e+00	3.732415256745343912e-01
1.086842640968718854e+00	-1.142511239447964178e+00	-6.717306381069283461e-01	9.430327571442335133e-01	-9.034961911933820922e-01	4.313108691966719976e-01	-1.098666349815871746e+00	1.765278138458016732e+00	2.459241306423260720e-01
1.046339809979714985e+00	-1.166635913752383624e+00	-6.042666709995638818e-01	8.998504663065475251e-01	-8.720008496115057017e-01	5.252168529953685772e-01	-1.026147916874199373e+00	1.774489317154297030e+00	1.292736879780695680e-01
1.005035132367888551e+00	-1.188326998651940247e+00	-5.427245404642712101e-01	8.583293012518258269e-01	-8.351557928590138680e-01	6.050007512109475405e-01	-9.533778963076917634e-01	1.777741503079127483e+00	2.336918024007378705e-02
9.630100624936088760e-01	-1.207803210271581662e+00	-4.868468419391205337e-01	8.187275042236852318e-01	-7.936429319601765453e-01	6.745033919222332974e-01	-8.805874767445792672e-01	1.775581071436888481e+00	-7.284090282311077302e-02
9.203386302114787698e-01	-1.225269654504010708e+00	-4.360889231023663548e-01	7.812474813049120614e-01	-7.482183036791976161e-01	7.318521074558008710e-01	-8.079874478164779106e-01	1.768527834067421534e+00	-1.592029391099528679e-01
8.770877636749332407e-01	-1.240908272196528328e+00	-3.899661929626246915e-01	7.460707000180063497e-01	-6.994008168100687151e-01	7.824963303481230481e-01	-7.357682001583986109e-01	1.757106251399361607e+00	-2.364055907670854217e-01
8.333185805546327041e-01	-1.254896918054475785e+00	-3.484247486896058787e-01	7.133507098051025119e-01	-6.474643832020545720e-01	8.284781032821344482e-01	-6.640997254087283030e-01	1.741811066097264993e+00	-3.043519641145215893e-01
7.890859576323329128e-01	-1.267400973297208244e+00	-3.111317042088446172e-01	6.832201215480483425e-01	-5.930053995872829331e-01	8.673133190461876918e-01	-5.931248165437300601e-01	1.723186827134200572e+00	-3.622749712128185418e-01
7.444386384024163084e-01	-1.278601917928949394e+00	-2.791067140807681479e-01	6.558115461286918579e-01	-5.360860451716513708e-01	9.055313295044429278e-01	-5.229658675430621795e-01	1.701848974462353281e+00	-4.073895208566230552e-01
6.994174038458342846e-01	-1.288796043326155383e+00	-2.551068638005068445e-01	6.312645739489101127e-01	-4.756716213425292716e-01	9.685866799738036548e-01	-4.537316730552872768e-01	1.678482012781711274e+00	-4.422955736180398945e-01
6.540542116178441612e-01	-1.298134751801474307e+00	-2.331301446124146026e-01	6.097467134910948827e-01	-4.117941762870336864e-01	1.014130679182879247e+00	-3.854902297357774010e-01	1.653242466717826487e+00	-4.765832625924253940e-01
6.083785445384476409e-01	-1.306639518642353837e+00	-2.116077823285673343e-01	5.914045346772023315e-01	-3.458033106706708271e-01	1.042084595351949083e+00	-3.183163339054139174e-01	1.626116871965297417e+00	-5.109846855716720926e-01
5.624194550215156907e-01	-1.314321557697031517e+00	-1.900797002978919237e-01	5.763148122283492381e-01	-2.784372773752401553e-01	1.061744767734994266e+00	-2.522983812161835315e-01	1.597081902569637890e+00	-5.467706659117617107e-01
5.162064258870494582e-01	-1.321137580439022186e+00	-1.674164998077787569e-01	5.645124437449801080e-01	-2.114514586211624358e-01	1.046165909573712582e+00	-1.875043683234293157e-01	1.566047259693514215e+00	-5.825295405630921408e-01
4.697693703611827143e-01	-1.327123440459815118e+00	-1.463761757691718624e-01	5.559555521065219219e-01	-1.452052032908215384e-01	1.034161872005016969e+00	-1.240294905446665402e-01	1.533151554293517016e+00	-6.157886785369934834e-01
4.231358344363255752e-01	-1.332362642525192875e+00	-1.275469606668878653e-01	5.506092397125300630e-01	-7.999462089522821340e-02	1.016204411239541860e+00	-6.192814520418126606e-02	1.498506020458657106e+00	-6.475675040310906461e-01
3.763316424803630489e-01	-1.336871223974279266e+00	-1.084004073096199172e-01	5.483967318418877523e-01	-1.654156422871379956e-02	9.852352891517389688e-01	-1.288727953940872837e-03	1.462114426866278460e+00	-6.799145722075540244e-01
3.293821884550485746e-01	-1.340666973349896152e+00	-9.027882939302239729e-02	5.492272947334194688e-01	4.414825253374879410e-02	9.327877218845141982e-01	5.782756421623035797e-02	1.423810968315343262e+00	-7.146279242785015251e-01
2.823115751037408860e-01	-1.343791182191856226e+00	-7.303778456295523247e-02	5.529194608645260356e-01	1.006057267597849636e-01	8.594949382140201211e-01	1.153323356543650702e-01	1.383452252443644781e+00	-7.543696868585231252e-01
2.351431519590699015e-01	-1.346244526403340691e+00	-5.521680127983878000e-02	5.592289470318478894e-01	1.513981588377059928e-01	7.626005213243243208e-01	1.711303910429577413e-01	1.340406652248731678e+00	-8.095158748704462948e-01
1.879019901781897872e-01	-1.347914529550379825e+00	-3.302322710457558652e-02	5.678207362707505812e-01	1.936059789512820650e-01	6.116317191416391630e-01	2.250857370712930627e-01	1.293487648645015753e+00	-8.876768988242046410e-01
1.406214462362849749e-01	-1.348421549105093931e+00	1.188119974801621218e-03	5.781574055338629670e-01	2.216302586455529966e-01	3.539517891176341413e-01	2.770351817664933880e-01	1.242401633443817044e+00	-9.551692091507302251e-01
9.334940281547593477e-02	-1.347416327459896701e+00	4.075440954644873881e-02	5.894223509697616992e-01	2.325392326245128705e-01	1.046427792430053710e-01	3.268495314833912979e-01	1.189695286209887737e+00	-9.687577976311597672e-01
4.613600223007224138e-02	-1.345151406621681422e+00	6.937886100909175513e-02	6.009176205688619987e-01	2.322941784508799623e-01	-2.213438408799763696e-02	3.745083872253625046e-01	1.137273399405975383e+00	-9.600131605638902998e-01
-9.834622171506130807e-04	-1.342102223032864083e+00	8.687403092002728144e-02	6.123430949670235490e-01	2.298858573396320160e-01	-5.200905845469928207e-02	4.200321479890313237e-01	1.085335148459821264e+00	-9.525185291952444899e-01
-4.798639420429350738e-02	-1.338514897620113331e+00	9.999662190481363455e-02	6.236010608828432833e-01	2.262158820835060147e-01	-4.492690356768150317e-02	4.634344131054547455e-01	1.033675364584559775e+00	-9.466715452002971709e-01
-9.485503947843534900e-02	-1.334434070716278287e+00	1.130914358206242670e-01	6.346845387962419816e-01	2.225472946283399978e-01	-4.526917562146814261e-02	5.047219822401805001e-01	9.821907494963364460e-01	-9.440659192950461298e-01
-1.415711057789909855e-01	-1.329779309842763713e+00	1.287976611774108160e-01	6.456214467876348895e-01	2.199496173758010709e-01	-3.655794780190937954e-02	5.439084547242755141e-01	9.307841974956547748e-01	-9.420822590588916468e-01
-1.881129651978568629e-01	-1.324483854198964972e+00	1.457059507612526172e-01	6.564397029373874037e-01	2.176279122131269950e-01	-3.918253861096813312e-02	5.809870308922013837e-01	8.796390456041490724e-01	-9.358497821097325753e-01
-2.344576986085356862e-01	-1.318517011635868874e+00	1.633859355043234263e-01	6.671742048459442520e-01	2.163979199602532322e-01	-2.377785132633428861e-02	6.159849094061013997e-01	8.289264448999704715e-01	-9.276714036372513128e-01
-2.805812032676676115e-01	-1.311840409286491260e+00	1.821914020901396480e-01	6.778249525134044662e-01	2.145379376076843592e-01	-2.963506218758915622e-02	6.489088899315231806e-01	7.786371646139415015e-01	-9.191779825817928407e-01
-3.264577624089010643e-01	-1.304424338133719719e+00	2.013775708766245565e-01	6.883500688190461458e-01	2.107862394744103307e-01	-7.175570617740646695e-02	6.797861711305904775e-01	7.288400702686318455e-01	-9.097330236483044397e-01
-3.720615516643513976e-01	-1.296250671683142341e+00	2.214867887366624988e-01	6.986378814414567762e-01	2.047487043950256269e-01	-9.999070128098085097e-02	7.086371519999372648e-01	6.795435459259745459e-01	-9.006090290361034034e-01
-4.173650250416081064e-01	-1.287271297917387258e+00	2.425073369699877468e-01	7.085557794987390468e-01	1.956768927425402427e-01	-1.552236259416966691e-01	7.354754318706109295e-01	6.307913381269463216e-01	-8.892503413224820408e-01
-4.623396681344648651e-01	-1.277469964437227823e+00	2.641966169423036748e-01	7.179432340286794334e-01	1.832008053352446320e-01	-2.042015710570614373e-01	7.603350090703022701e-01	5.826867119511961457e-01	-8.767711325180260751e-01
-5.069558905213866762e-01	-1.266791216458911684e+00	2.873999466070888964e-01	7.266676341494300306e-01	1.682027402102473090e-01	-2.454212490542157510e-01	7.832362825956258323e-01	5.353022019860207426e-01	-8.627928997616831630e-01
-5.511819497501824205e-01	-1.255185067869882820e+00	3.119086150351039199e-01	7.345824099389850481e-01	1.498790032322344368e-01	-2.998500726175343245e-01	8.042132507742533187e-01	4.887006471906599758e-01	-8.478223790208987420e-01
-5.949843817441344829e-01	-1.242594742802897834e+00	3.378234796310184973e-01	7.414991143547159380e-01	1.275354320989773027e-01	-3.601954452826738873e-01	8.232931122683276870e-01	4.430000387099798376e-01	-8.302448893001952435e-01
-6.383276779974008663e-01	-1.228955784672742579e+00	3.657343922779841550e-01	7.472432593942514023e-01	1.017169518649379267e-01	-4.203932545241700347e-01	8.405302644021446223e-01	3.982153018344310458e-01	-8.131261206275470776e-01
-6.811737475673520503e-01	-1.214188897747082718e+00	3.955992964832841241e-01	7.516124389747056433e-01	7.073567751164241968e-02	-5.043977839966469201e-01	8.559451061723092335e-01	3.543727010907025687e-01	-7.952166777928162400e-01
-7.234815942699706071e-01	-1.198203664613961328e+00	4.279338469679380696e-01	7.543414313324822151e-01	3.466464599909650779e-02	-5.880412378617018154e-01	8.695852352375692540e-01	3.115444888303429694e-01	-7.757499093558268832e-01
-7.652069938752539269e-01	-1.180921987733047240e+00	4.622463529153499340e-01	7.551789737440929295e-01	-6.730428798533706278e-03	-6.657062164933416071e-01	8.814982492566726391e-01	2.698141404264190468e-01	-7.546114708232322110e-01
-8.063031397164105440e-01	-1.162249916562117180e+00	4.991713233115219195e-01	7.538877625262075943e-01	-5.258807859197077439e-02	-7.322774560471639882e-01	8.917181465573200683e-01	2.293018717055767541e-01	-7.310982931306282406e-01
-8.467189210653355280e-01	-1.142052977090931343e+00	5.400700579015519365e-01	7.502863301563758025e-01	-1.010786710910622777e-01	-7.638852151117134781e-01	9.003129237948449548e-01	1.900891989927481762e-01	-7.060545597558579578e-01
-8.863983851249446211e-01	-1.120181026644589073e+00	5.844751967305258367e-01	7.442979019134807750e-01	-1.502033813246628491e-01	-7.580662594478829730e-01	9.073301786280242309e-01	1.524839767410585689e-01	-6.740699996421245510e-01
-9.252805218261102027e-01	-1.096503247234605460e+00	6.324817976829680832e-01	7.359643549180955313e-01	-1.963938038982447065e-01	-6.938262225252795901e-01	9.128447073777391507e-01	1.168134971456353394e-01	-6.362781372850057071e-01
-9.632993714291934184e-01	-1.070854779930446199e+00	6.850094716024693886e-01	7.254950747731849781e-01	-2.382372618773095085e-01	-6.367531240905752732e-01	9.169449056959572131e-01	8.338473142773292213e-02	-5.932535033982688777e-01
-1.000382840907181992e+00	-1.043075220618001842e+00	7.414236775937008694e-01	7.130715290012488161e-01	-2.762491015564775831e-01	-5.731805753305316831e-01	9.197259689001934246e-01	5.243600277358304029e-02	-5.460244963602768342e-01
-1.036454425570217497e+00	-1.013057960931831758e+00	7.998786366028243222e-01	6.988193489639568101e-01	-3.134547147212605189e-01	-5.651071375009323328e-01	9.212966916390105121e-01	2.418627465729870571e-02	-4.951074978565470630e-01
-1.071434392682455439e+00	-9.807260093549928781e-01	8.608926757569785870e-01	6.827455141814871009e-01	-3.513474896623988708e-01	-5.830733139615794647e-01	9.217658685610000679e-01	-1.380109716824089042e-03	-4.456755736428088532e-01
-1.105239781462066029e+00	-9.459657834301273827e-01	9.247965272510703105e-01	6.647941884930095302e-01	-3.910238177527229353e-01	-6.382408709085050091e-01	9.212422943147244858e-01	-2.421374609339737097e-02	-3.950951374411724726e-01
-1.137783542268970827e+00	-9.086634549169022579e-01	9.917527451731287247e-01	6.448536995770123292e-01	-4.325954098158971695e-01	-6.579128206540005852e-01	9.198347635487656992e-01	-4.424248809209492539e-02	-3.423679490044621021e-01
-1.168973998597178543e+00	-8.686672221053350906e-01	1.062887569212410455e+00	6.227984160717267015e-01	-4.779844131031614762e-01	-7.239542129851723740e-01	9.176724699083105286e-01	-6.150846087592824057e-02	-2.911451018743477781e-01
-1.198715062277851517e+00	-8.258817519239672889e-01	1.135739753219840997e+00	5.984678090149886387e-01	-5.252851479808525736e-01	-7.350634838787453162e-01	9.148574083764026144e-01	-7.577357368810527793e-02	-2.348508811079875191e-01
-1.226907524697698593e+00	-7.802300835787275846e-01	1.210745816785985918e+00	5.717990627258394687e-01	-5.744767831273444036e-01	-7.797666643310193768e-01	9.115255722637477520e-01	-8.692986803450490629e-02	-1.775744789940643664e-01
-1.253450132814305062e+00	-7.316582369837146826e-01	1.286697353705089863e+00	5.426316482421154053e-01	-6.273699409641555480e-01	-8.364161799803628838e-01	9.077993555500040168e-01	-9.492139980919571396e-02	-1.181775695450617558e-01
-1.278240127163795536e+00	-6.801470103440004911e-01	1.363483319519903203e+00	5.108538932422549417e-01	-6.813556129154448859e-01	-8.472041098973238649e-01	9.038079518803678880e-01	-9.967305611831014933e-02	-5.985611187444704606e-02
-1.301173672266966896e+00	-6.256317320142675831e-01	1.441749080364870483e+00	4.764169410856061715e-01	-7.365126747203084578e-01	-8.559637187642618050e-01	8.996941542310734619e-01	-1.012583095679554512e-01	-1.839201238241170225e-03
-1.322144985056870503e+00	-5.681066568174735210e-01	1.519522958937280954e+00	4.392649556113387699e-01	-7.928606843572235663e-01	-8.925703983166352051e-01	8.955803565817791467e-01	-9.968948555927811817e-02	5.500476621031371444e-02
-1.341049864209091780e+00	-5.076317250766655409e-01	1.595786170205862442e+00	3.993072030582772158e-01	-8.513399556663160395e-01	-9.257961479720954179e-01	8.915889529121332480e-01	-9.522469034425101730e-02	1.063570735286774316e-01
-1.357786454112631214e+00	-4.443176312992442312e-01	1.667767788004987262e+00	3.564459701450181095e-01	-9.123210028894453982e-01	-9.732106918006437901e-01	8.878355375362464441e-01	-8.791821113894239537e-02	1.570852906780151603e-01
-1.372259236886775202e+00	-3.783861638973456953e-01	1.734125147636405906e+00	3.105486459897631168e-01	-9.748475310146067496e-01	-9.744370795030941057e-01	8.844357047682387396e-01	-7.800627096357504175e-02	2.027221437456469544e-01
-1.384380226758109345e+00	-3.100525365885226092e-01	1.794585424356014869e+00	2.616222101125417754e-01	-1.037066696995200266e+00	-9.720337600813107048e-01	8.814982492566726391e-01	-6.574516810112286669e-02	2.429662009893814589e-01
-1.394070121396920880e+00	-2.396112065937798519e-01	1.846339879445932475e+00	2.096527034731960060e-01	-1.099076963163251985e+00	-9.648629330524887138e-01	8.790979673224584845e-01	-5.140841721520216651e-02	2.786758275345811997e-01
-1.401261659085022870e+00	-1.674291831960783017e-01	1.889094468459736609e+00	1.547029417525854766e-01	-1.159648408802020247e+00	-9.417015094832835720e-01	8.773232546175636637e-01	-3.546604375966489614e-02	3.031070486544543141e-01
-1.405899973800813774e+00	-9.386787489883413604e-02	1.921644933404153877e+00	9.682178159146147267e-02	-1.218977371979275137e+00	-9.218387083614567601e-01	8.762285084662645440e-01	-1.846225802468190805e-02	3.184381574716815821e-01
-1.407944306083648067e+00	-1.936339471182368585e-02	1.942624677585839121e+00	3.607901819066341997e-02	-1.276653464213203693e+00	-8.930049762866747454e-01	8.758341278651660122e-01	-8.953812912803686382e-04	3.244280873455246961e-01
-1.407369767698977592e+00	5.561224898058149402e-02	1.950966094703522336e+00	-2.741367612814816362e-02	-1.331983300083970700e+00	-8.526441339525979712e-01	8.761673114764402248e-01	1.670793048341667753e-02	3.205470899450746924e-01
-1.404168234731071330e+00	1.305995470872074182e-01	1.948380801046528887e+00	-9.353764952343217309e-02	-1.384332454251699485e+00	-8.093360010783211544e-01	8.772144599689817301e-01	3.368531555446753478e-02	3.042240960658063043e-01
-1.398346690519411739e+00	2.051475511379020900e-01	1.932583689949696204e+00	-1.621463320730339719e-01	-1.433800419168715923e+00	-7.546580874165731423e-01	8.789347753496001836e-01	4.964792199273281720e-02	2.819705056886072647e-01
-1.389930023298547868e+00	2.787260673156889412e-01	1.903631480241404050e+00	-2.330652357746814118e-01	-1.478774469968948679e+00	-6.800943989544421253e-01	8.812806599595282009e-01	6.412608793041273125e-02	2.506651414870496031e-01
-1.378960337548284842e+00	3.508779147086253380e-01	1.863294102505696825e+00	-3.060500774249156897e-01	-1.518655005101558153e+00	-5.981237104722637588e-01	8.841773174778652100e-01	7.665814873264427398e-02	2.113661662056100787e-01
-1.365495092487166939e+00	4.211750714824745723e-01	1.811827070676891971e+00	-3.808495943002486173e-01	-1.552933688812855539e+00	-5.072390559268569188e-01	8.875431519182014339e-01	8.683738442390502577e-02	1.649838670153487286e-01
-1.349606295060979066e+00	4.892252802981608695e-01	1.750773759118783746e+00	-4.571776260767475009e-01	-1.581148969979452312e+00	-4.103032953549346495e-01	8.912693686319355102e-01	9.431385422037671939e-02	1.127882247981371461e-01
-1.331378433993317900e+00	5.547023871477557710e-01	1.681390118934053879e+00	-5.347200943500149961e-01	-1.603065208582681533e+00	-3.103850909389518353e-01	8.952471729705145931e-01	9.886291506856562106e-02	5.813023527079502067e-02
-1.310907328449189668e+00	6.172923121119817669e-01	1.604722058081750946e+00	-6.131629207158024730e-01	-1.617678037329862484e+00	-1.919390907785788469e-01	8.993405716231943625e-01	1.002856438926938709e-01	-2.021265937266158736e-03
-1.288296996830403218e+00	6.768454040818878692e-01	1.524999078055337742e+00	-6.921501496490897187e-01	-1.625413811567460565e+00	-8.682782935179915451e-02	9.034339702758839019e-01	9.836083095413454547e-02	-6.421629694943113698e-02
-1.263655707799316241e+00	7.332640257706246611e-01	1.442946078986296898e+00	-7.713467641852920220e-01	-1.626447937891035256e+00	1.955209737991684890e-02	9.073709766212435524e-01	9.305253270024455015e-02	-1.265552725080808794e-01
-1.237094269414460657e+00	7.864818464977927359e-01	1.359486915658683515e+00	-8.504317063999331516e-01	-1.620567381699617560e+00	1.287436474816612553e-01	9.110223970140867156e-01	8.437769489739008200e-02	-1.881855625082595462e-01
-1.208725555683799691e+00	8.364732741111122749e-01	1.275690231426887866e+00	-9.290560002882204405e-01	-1.607661977349993609e+00	2.392360327427012767e-01	9.142522381436979373e-01	7.239899546441339040e-02	-2.483098079389673141e-01
-1.178662117810697962e+00	8.832642387144540308e-01	1.193024174416783323e+00	-1.006884628885470256e+00	-1.587756333271556075e+00	3.482830115859986142e-01	9.169245066993523263e-01	5.722041337138553119e-02	-3.062093570172062518e-01
-1.147015000577060517e+00	9.269172306292313701e-01	1.112043408501397490e+00	-1.083568616186890043e+00	-1.560892226565368635e+00	4.592585726394398105e-01	9.189168087014012443e-01	3.896231386387806472e-02	-3.623832718701581745e-01
-1.113892235921871698e+00	9.675513009839977752e-01	1.034658823715895570e+00	-1.158779924747924683e+00	-1.527507172214481734e+00	5.559388516031397165e-01	9.200931508391392288e-01	1.773760286265773853e-02	-4.147577200599076863e-01
-1.079397874527400880e+00	1.005249862375920511e+00	9.590669049097799714e-01	-1.232204476164225904e+00	-1.487631215394317641e+00	6.597524130626127858e-01	9.203515381295030995e-01	-6.191874254701525485e-03	-4.631842613111890050e-01
-1.043633061834530418e+00	1.040123824372503281e+00	8.867537492052471881e-01	-1.303521212511367322e+00	-1.441204408826296079e+00	7.608622317921031053e-01	9.195695765928636467e-01	-3.265793420195155922e-02	-5.083699633879863455e-01
-1.006694208816696579e+00	1.072313098932309527e+00	8.181344171705932089e-01	-1.372430014425159106e+00	-1.388658573217363967e+00	8.540217721691559793e-01	9.176588705772438237e-01	-6.148591189985439659e-02	-5.503792633499515752e-01
-9.686727767768251729e-01	1.101960701023962264e+00	7.532663455940502573e-01	-1.438623783021381719e+00	-1.330353177630607231e+00	9.409610996854195220e-01	9.145242247651381717e-01	-9.246085195396405720e-02	-5.875831947710447034e-01
-9.296556001519284962e-01	1.129195513095018422e+00	6.916883729074342346e-01	-1.501837296536339572e+00	-1.266289609866984911e+00	1.032063601914254392e+00	9.100772435045791919e-01	-1.253601981951135147e-01	-6.227201037532787975e-01
-8.897242409039095579e-01	1.154195144067843293e+00	6.350182461379689780e-01	-1.561805333206386592e+00	-1.197735490184780982e+00	1.080621980168418705e+00	9.042431304746664233e-01	-1.602684885309511587e-01	-6.632417348491886910e-01
-8.489539125042329104e-01	1.177124022752764620e+00	5.825627192063528303e-01	-1.618409241189882275e+00	-1.128001854144412563e+00	1.112664183115389616e+00	8.969334900234420260e-01	-1.975167257265885434e-01	-6.989166368093293613e-01
-8.074144483477203593e-01	1.198135917123565042e+00	5.337467541343992039e-01	-1.671495471044692538e+00	-1.053367377854234288e+00	1.199792529477204495e+00	8.880667261644770161e-01	-2.359484355219430007e-01	-7.171934716146748379e-01
-7.651705169556165531e-01	1.217364717455918788e+00	4.884678422097767925e-01	-1.720812760047279344e+00	-9.735137684487156218e-01	1.272975249561231204e+00	8.776088405700706030e-01	-2.754766478013003783e-01	-7.385950612089734468e-01
-7.222826979909183764e-01	1.234928891143812990e+00	4.460117569708155205e-01	-1.766123804514461382e+00	-8.901444586092500666e-01	1.295210351169203689e+00	8.655054359159560784e-01	-3.164622092698329836e-01	-7.786629467379853065e-01
-6.788065138445779079e-01	1.250979994114255422e+00	4.080770318828546572e-01	-1.807484440606969667e+00	-8.110292308505683279e-01	1.250176130735946467e+00	8.516613168846183246e-01	-3.600668852777978435e-01	-8.086001116176706471e-01
-6.347930752447005220e-01	1.265631240150141057e+00	3.724600567013682251e-01	-1.844831852643894932e+00	-7.248899704455842308e-01	1.382846822559548272e+00	8.360424851483759801e-01	-4.031639187873016228e-01	-7.991888211241615636e-01
-5.902896192642087536e-01	1.278961863538061072e+00	3.385345630239989245e-01	-1.877844982700860088e+00	-6.336671951242244250e-01	1.446846663862384919e+00	8.186421410416909739e-01	-4.468947043684198261e-01	-8.115678792925602458e-01
-5.453416613514999733e-01	1.291023110028318932e+00	3.058443910695377577e-01	-1.906321424695028854e+00	-5.396206168372085221e-01	1.457923373812712420e+00	7.994398855679680782e-01	-4.916826952561246800e-01	-8.511770742979407611e-01
-4.999909509013205633e-01	1.302000330706995168e+00	2.799885986148538675e-01	-1.930344932867547714e+00	-4.504363494393302525e-01	1.432888209869138230e+00	7.783405234096920644e-01	-5.385866241504640994e-01	-8.458756533381208698e-01
-4.542725660133813403e-01	1.312013652003159336e+00	2.546842471911911487e-01	-1.949803834896855159e+00	-3.517911281383452327e-01	1.586426019073620797e+00	7.553644535634774781e-01	-5.840577085594162998e-01	-8.402240867074036723e-01
-4.082211543812611088e-01	1.321012872744152133e+00	2.281320416565211784e-01	-1.964272380057141110e+00	-2.463781595374082423e-01	1.677366096501147208e+00	7.305184756948528424e-01	-6.297734083515758030e-01	-8.446057457148674619e-01
-3.618723321123342163e-01	1.329006748948460048e+00	2.024269170656352868e-01	-1.973450448984166439e+00	-1.349892126986357299e-01	1.768171125349379924e+00	7.037889904727513413e-01	-6.756873206495116468e-01	-8.475435689295399699e-01
-3.152593480802518000e-01	1.336179802184623400e+00	1.864562990043506507e-01	-1.977121676554986385e+00	-2.212238946397636352e-02	1.743172522629655719e+00	6.751623985660968330e-01	-7.228604858455661697e-01	-8.635351927112847603e-01
-2.684012477563297305e-01	1.342963873139853881e+00	1.732034142609254479e-01	-1.975355857970539919e+00	8.910280115368737763e-02	1.749413988377902518e+00	6.446047016472177260e-01	-7.694914429650520082e-01	-8.578817640906863939e-01
-2.213191210410071497e-01	1.348940669913440527e+00	1.506632720896002031e-01	-1.968090177549967068e+00	2.037489583364696377e-01	1.818077642863166865e+00	6.121498980437853898e-01	-8.156867110997743087e-01	-8.484711756589355947e-01
-1.740433115665481756e-01	1.354034798577778531e+00	1.282720906330893085e-01	-1.955136188250689022e+00	3.217370775802366745e-01	1.853051939753627364e+00	5.778115870868762993e-01	-8.615108392255651504e-01	-8.425730022044731760e-01
-1.266034097544877224e-01	1.358307274756430871e+00	1.068253773857431449e-01	-1.936417115351589002e+00	4.398201681927902951e-01	1.849629465043060916e+00	5.416033681075669293e-01	-9.071474299977041467e-01	-8.397635647183158136e-01
-7.902782240949958459e-02	1.361821633348455185e+00	8.933172715649624618e-02	-1.911939938372795522e+00	5.579189538326952968e-01	1.848804446277250824e+00	5.035456401024522854e-01	-9.516735559173538084e-01	-8.148740102105754834e-01
-3.134000666574508764e-02	1.364685650188423249e+00	7.077191292755094509e-02	-1.881704657314259066e+00	6.759866212551989273e-01	1.845176214116815316e+00	4.636656017336852065e-01	-9.963354538340081223e-01	-8.251083307559026192e-01
1.643389030429229930e-02	1.366731916347434961e+00	4.895533388691593324e-02	-1.845725231216286177e+00	7.931508874816666221e-01	1.826952477689866461e+00	4.219428540046511467e-01	-1.041478762926640433e+00	-8.327183444483204910e-01
6.426460088367579038e-02	1.367930384856786974e+00	2.702228021934416011e-02	-1.804071455279716796e+00	9.083166630968697586e-01	1.789274572157040888e+00	3.783637975842930601e-01	-1.086914733888091344e+00	-8.365658565553372172e-01
1.121227498539372064e-01	1.368296939441244087e+00	5.592109006328857199e-03	-1.756868960866368790e+00	1.020603123708017979e+00	1.741962247789305307e+00	3.329284324725915734e-01	-1.132277954434908640e+00	-8.284301512279970137e-01
1.599775631766801598e-01	1.367719042221091863e+00	-2.024562221097539819e-02	-1.704243379337961883e+00	1.130859260129180699e+00	1.714752406160627185e+00	2.856435583350946383e-01	-1.177099830214504816e+00	-8.283350676463698825e-01
2.077949311659902654e-01	1.366160132978787800e+00	-4.534683008519135861e-02	-1.646348260136580643e+00	1.235663413325482018e+00	1.596821765055776554e+00	2.365159748373403259e-01	-1.222374030285907631e+00	-8.306947582652098871e-01
2.555417125497482789e-01	1.363697725520097270e+00	-6.855583322828086301e-02	-1.583539558787245394e+00	1.332143908351759887e+00	1.463365587965747672e+00	1.855456819793286916e-01	-1.267036227040413188e+00	-8.166942732035680219e-01
3.031865952818940668e-01	1.360354861998933629e+00	-9.073061759646036672e-02	-1.516256985055923989e+00	1.418998243931789194e+00	1.303913643236568554e+00	1.327462790921167812e-01	-1.311265507361328853e+00	-8.072019403635996015e-01
3.506994509332291843e-01	1.356150099029915346e+00	-1.135011929712412965e-01	-1.444968166789197594e+00	1.496463333427385800e+00	1.163340408252548475e+00	7.815856416893361691e-02	-1.354872789899439267e+00	-7.967747359812574759e-01
3.980502586760868433e-01	1.351104911900489647e+00	-1.350396136237985434e-01	-1.370098854712876513e+00	1.566588772862484324e+00	1.071837319264844934e+00	2.180293620638413393e-02	-1.397171146047741175e+00	-7.685459315551599335e-01
4.452100736981299267e-01	1.345253280106961435e+00	-1.556670549056632102e-01	-1.291879372990211605e+00	1.634959001763878872e+00	1.081584863353501236e+00	-3.623900880909286526e-02	-1.437484870220750333e+00	-7.306512324126471780e-01
4.921517804130789986e-01	1.338658185536693912e+00	-1.745468861775769931e-01	-1.210239926420215051e+00	1.707505653121204059e+00	1.163193515266995215e+00	-9.588567489107785446e-02	-1.475151970169925386e+00	-6.807313142279705076e-01
5.388499848591810082e-01	1.331347186605768229e+00	-1.930779405302812946e-01	-1.124859457078410063e+00	1.787248982425697408e+00	1.259259427112812135e+00	-1.570282673909793036e-01	-1.510932274335828662e+00	-6.570501606285626961e-01
5.852781094578208831e-01	1.323200955679783908e+00	-2.163351331386977605e-01	-1.035640251683492830e+00	1.863204616615315778e+00	1.135841719546694550e+00	-2.196463873122019850e-01	-1.547420923821395178e+00	-6.708720778081760372e-01
6.314027977338146913e-01	1.313990545917455455e+00	-2.458549140427063184e-01	-9.430010814412436160e-01	1.926956758982075080e+00	9.292264664892853077e-01	-2.837740329824270935e-01	-1.584158505236906489e+00	-6.687853671156577251e-01
6.771830535031443388e-01	1.303505874320835201e+00	-2.803777662723559438e-01	-8.475770826804371882e-01	1.978039566234669033e+00	7.582906771055629713e-01	-3.493772060739638308e-01	-1.619615549858461678e+00	-6.356942660974088666e-01
7.225709940836906320e-01	1.291557933782088385e+00	-3.197104469445713470e-01	-7.498986989284154303e-01	2.019550409814585556e+00	6.147559159458951816e-01	-4.163743106003829353e-01	-1.651522351002945310e+00	-5.550079259986760993e-01
7.675137871228229214e-01	1.278122146003707327e+00	-3.564401561927482698e-01	-6.503288652302278150e-01	2.056358754224156815e+00	5.601009312668304707e-01	-4.845885552577497424e-01	-1.679574857758992845e+00	-4.960509772865673850e-01
8.119633347353547581e-01	1.263395536763088023e+00	-3.896045486073848596e-01	-5.490839467088187709e-01	2.087994893220951553e+00	4.668281985922230204e-01	-5.538975460664253836e-01	-1.704981553794244986e+00	-4.471651960720179897e-01
8.558740138713573087e-01	1.247341668734176068e+00	-4.246941025035956829e-01	-4.464710422485066998e-01	2.111983104350191542e+00	3.404424392530469023e-01	-6.241856887122799735e-01	-1.727550286370461485e+00	-3.924591397337646725e-01
8.991977266456445683e-01	1.229860323908883002e+00	-4.626280298583866912e-01	-3.428949640148646338e-01	2.127610744665318965e+00	2.174381126393516717e-01	-6.953441885467414041e-01	-1.746966611659901192e+00	-3.323909798802259230e-01
9.418823939163157855e-01	1.210823142128474528e+00	-5.041206847707346839e-01	-2.387256265730210714e-01	2.136428145218111307e+00	1.066415093905222627e-01	-7.672234529280276272e-01	-1.762829588879038845e+00	-2.637862893268204112e-01
9.838709868709583084e-01	1.190100134922006392e+00	-5.487282164822424591e-01	-1.342840878474027833e-01	2.138510991236179937e+00	-6.875313870257742906e-05	-8.396670895488088648e-01	-1.774655598772219234e+00	-1.866466309240711607e-01
1.025102065034313004e+00	1.167538793953442289e+00	-5.980359521441092063e-01	-2.993328288300967088e-02	2.132719282920653381e+00	-1.236952512166089452e-01	-9.125051067706693164e-01	-1.781995056394604537e+00	-1.005752970442866240e-01
1.065507624237617135e+00	1.142929650682272369e+00	-6.526124122545232664e-01	7.394291471477262845e-02	2.119201100064683096e+00	-2.447872827961638798e-01	-9.855471139586171603e-01	-1.784284154333833472e+00	-4.119405065807678346e-03
1.105012881415536219e+00	1.116103145578564604e+00	-7.114050836237898467e-01	1.769536518205786779e-01	2.097074545233499343e+00	-3.792707274758666536e-01	-1.058568722149950458e+00	-1.781019682852903463e+00	1.013963845073072301e-01
1.143536920215366459e+00	1.086867905873348805e+00	-7.755349089929174378e-01	2.787010957889144991e-01	2.067473752263153663e+00	-4.929601772223881073e-01	-1.131331943050919886e+00	-1.771599815723956084e+00	2.187750330993608050e-01
1.180993013801625802e+00	1.055112468987427388e+00	-8.414613730526178115e-01	3.788223115747305636e-01	2.030237335639950125e+00	-6.173899557814693795e-01	-1.203571589705613842e+00	-1.755561852340911555e+00	3.430605622181374659e-01
1.217289055262193553e+00	1.020560728471171741e+00	-9.173427094527708547e-01	4.769194665325329208e-01	1.984897305988623240e+00	-7.349275190340615049e-01	-1.275008875827053689e+00	-1.732190076050447169e+00	4.840891715004286833e-01
1.252320886313266657e+00	9.829403875110677147e-01	-9.950033896883733187e-01	5.728948473810173692e-01	1.959246165935903727e+00	2.047134837417688424e-01	-1.345310617803984643e+00	-1.698898045251514111e+00	7.211800059766541038e-01
1.285991019966080895e+00	9.428510951205615331e-01	-1.057437417816934788e+00	6.691494090333058864e-01	1.970814989196038036e+00	-1.433706090223961782e-01	-1.413885244734758961e+00	-1.648300513722102068e+00	1.007817261782085749e+00
1.318206380894716867e+00	8.997323432249879627e-01	-1.143030916240600270e+00	7.644896535529660531e-01	1.927369951680260263e+00	-8.321065592409652156e-01	-1.480181983710967764e+00	-1.588417542290417428e+00	1.153780693688613912e+00
1.348847531397708410e+00	8.528869069697946337e-01	-1.243938498326727871e+00	8.569543357927943417e-01	1.854301372704174833e+00	-1.247367643547376836e+00	-1.543874450786884678e+00	-1.521041311355661785e+00	1.294548074947930782e+00
1.377775880700739863e+00	8.018671541116206836e-01	-1.355157898460177091e+00	9.454127734972177510e-01	1.764007465441827405e+00	-1.497683325153549960e+00	-1.604636262016773784e+00	-1.445257260878827887e+00	1.455490757580586880e+00
1.404839495439422103e+00	7.463727993006646910e-01	-1.472898607710878993e+00	1.029111178495722312e+00	1.660177205145992874e+00	-1.665999623527286033e+00	-1.662107035127236898e+00	-1.360117510400513208e+00	1.632400980224232079e+00
1.429878264532870036e+00	6.862199661486964031e-01	-1.594998370321834225e+00	1.107456291580106278e+00	1.544442187914352838e+00	-1.854215753553361434e+00	-1.715885589851627868e+00	-1.264866182780631343e+00	1.821051537458250991e+00
1.452727557635816957e+00	6.213432149386013403e-01	-1.717305703103596093e+00	1.179973505383858257e+00	1.421444822566407806e+00	-1.967258163499073120e+00	-1.765550346926733960e+00	-1.159041805968712202e+00	2.016150470894349400e+00
1.473222313996866539e+00	5.517670010763995325e-01	-1.839535336674610333e+00	1.246237069181019619e+00	1.288043585560027182e+00	-2.130491267317052184e+00	-1.810659328092699472e+00	-1.042525890756804907e+00	2.212459361984419282e+00
1.491198871684548122e+00	4.775655510205648602e-01	-1.958079762093980269e+00	1.305793314165414554e+00	1.147454197713408064e+00	-2.211247993549384727e+00	-1.850777354755225534e+00	-9.153690735585631177e-01	2.405597040111783436e+00
1.506499594453232449e+00	3.990185350738639225e-01	-2.068272479637776051e+00	1.358377018573248440e+00	1.001797719646310370e+00	-2.305561760142450733e+00	-1.885476047985542136e+00	-7.780535790530046514e-01	2.587079546792510953e+00
1.518978467022836565e+00	3.164797578289216262e-01	-2.168680361666281531e+00	1.403757858241369005e+00	8.525420727864979620e-01	-2.351621527374283982e+00	-1.914354227517031992e+00	-6.313042550500124195e-01	2.752973474189665648e+00
1.528505399140142051e+00	2.305442506515400503e-01	-2.251519686320886837e+00	1.441831140368343700e+00	7.028478235944289887e-01	-2.331274625255491451e+00	-1.937051511076268273e+00	-4.764317711601929184e-01	2.892254132840080150e+00
1.534974080490688175e+00	1.419461242762565800e-01	-2.314913786319416023e+00	1.472610823994380036e+00	5.527209095690559515e-01	-2.369082640473680001e+00	-1.953268713379677113e+00	-3.150936813308382045e-01	2.998185148598607519e+00
1.538305423947828876e+00	5.151659521877461484e-02	-2.355447167094966154e+00	1.496041072958697260e+00	4.022232666934273393e-01	-2.347485818275472536e+00	-1.962781445464576002e+00	-1.493440740946720691e-01	3.065014437905382749e+00
1.538451869634042568e+00	-3.979788772962437882e-02	-2.371225132595721430e+00	1.512177723422076348e+00	2.539796987213204238e-01	-2.306237561737328523e+00	-1.965446914354692209e+00	1.863422764996966810e-02	3.090595431671876447e+00
1.535400074959254901e+00	-1.309689440229166169e-01	-2.359532518204629170e+00	1.521188283866759638e+00	1.101114837423365078e-01	-2.241452458647428259e+00	-1.961237921387892325e+00	1.863469521963616871e-01	3.070376968762607905e+00
1.529172098237701061e+00	-2.210511110740080720e-01	-2.324376417407385986e+00	1.523261201335474935e+00	-3.083122106001986648e-02	-2.193713690958480012e+00	-1.950202064222933851e+00	3.516098953512120651e-01	3.010739142242545796e+00
1.519821955438874772e+00	-3.091402209079050500e-01	-2.266071695486148396e+00	1.518577943350623238e+00	-1.659366089705588965e-01	-2.078707657238445972e+00	-1.932482135836060655e+00	5.122516597833579599e-01	2.913098254873782711e+00
1.507434006164531493e+00	-3.944163138691626491e-01	-2.187340537109864869e+00	1.507494465437224651e+00	-2.931435036963044860e-01	-1.950343390399345678e+00	-1.908316124521041379e+00	6.663581226482571118e-01	2.781703611760111272e+00
1.492119295196576489e+00	-4.761837626925665146e-01	-2.091469602938499150e+00	1.490436518321138326e+00	-4.105400763576902978e-01	-1.792794506537011667e+00	-1.878003215561459438e+00	8.122986586094195216e-01	2.622490504055916993e+00
1.474010925631148661e+00	-5.538883574921876773e-01	-1.982393153419336862e+00	1.467878709368876322e+00	-5.191408809925875945e-01	-1.666444101633123287e+00	-1.841896991565184161e+00	9.486943302093713282e-01	2.438678037545596311e+00
1.453258571200447991e+00	-6.271134961252688989e-01	-1.863265585052773954e+00	1.440253768826525782e+00	-6.176024118139326058e-01	-1.479149354674349492e+00	-1.800425831460985338e+00	1.074519276911683363e+00	2.240998996622943107e+00
1.430023849406820036e+00	-6.956330582547385344e-01	-1.740657506865962212e+00	1.408113078781665362e+00	-7.038168566936037207e-01	-1.280221814065336083e+00	-1.754018114177633425e+00	1.189500327716267236e+00	2.040417815537599378e+00
1.404473112220056219e+00	-7.593582547808497285e-01	-1.615203036955650040e+00	1.372091775563069938e+00	-7.772477232563741456e-01	-1.078958355410536418e+00	-1.703136216971589123e+00	1.293225767074857702e+00	1.831893294046717635e+00
1.376775078843670341e+00	-8.182539387381659868e-01	-1.490061118901302661e+00	1.332797077419148657e+00	-8.377614964655584195e-01	-8.824507387400060132e-01	-1.648235717433746306e+00	1.385612750494294998e+00	1.624303155707421231e+00
1.347097822871979655e+00	-8.724026932063140283e-01	-1.367914609126591685e+00	1.290850161638567251e+00	-8.859202214027188660e-01	-6.876394645251893145e-01	-1.589778992820565895e+00	1.466831499334972255e+00	1.421278891276108958e+00
1.315604575830322087e+00	-9.219793006034456839e-01	-1.250598453468907634e+00	1.246872205509843790e+00	-9.210039584358373776e-01	-4.836600835151023681e-01	-1.528214821057432671e+00	1.537328361131674148e+00	1.227464181418249867e+00
1.282451682745934685e+00	-9.672170704186539014e-01	-1.140065742048103070e+00	1.201470427281386977e+00	-9.445683895193626167e-01	-3.086419966004179671e-01	-1.463978380738635288e+00	1.597535472019157243e+00	1.041628647640031602e+00
1.247786450117292611e+00	-1.008383230191592261e+00	-1.036250342784393874e+00	1.155189229520796168e+00	-9.572000823208915987e-01	-1.413748578547932289e-01	-1.397477651796338982e+00	1.647970402553379232e+00	8.658274994281170978e-01
1.211746715507981964e+00	-1.045737572526918235e+00	-9.392652944679540372e-01	1.108538117195076556e+00	-9.597996767417671382e-01	1.160188160170094566e-02	-1.329107014831642397e+00	1.689233202537194556e+00	7.013609246346437232e-01
1.174461385554360193e+00	-1.079553131587071446e+00	-8.494912753674570549e-01	1.061991697670839452e+00	-9.531217931307798263e-01	1.530644015355393239e-01	-1.259213252786876680e+00	1.721955449166746144e+00	5.484667390491644312e-01
1.136049467551763836e+00	-1.110109116831740517e+00	-7.668986337409778864e-01	1.015982701193973714e+00	-9.377376188871562324e-01	2.837696817499112401e-01	-1.188149948269910938e+00	1.746759986932084008e+00	4.070551092910280611e-01
1.096620499860637921e+00	-1.137665904600148936e+00	-6.909210986978673308e-01	9.709089604101218685e-01	-9.150334956337757841e-01	3.936296114733958684e-01	-1.116223086229876760e+00	1.764255448923229164e+00	2.766226723416719824e-01
1.056275197515731623e+00	-1.162478310391708236e+00	-6.215704846663709926e-01	9.270985127636907075e-01	-8.858233185583695990e-01	4.908420171492529627e-01	-1.043711452953742791e+00	1.775026893244173953e+00	1.567433835492305916e-01
1.015105021819971753e+00	-1.184794513565504026e+00	-5.585532178626365640e-01	8.848654366591272025e-01	-8.509182501684277034e-01	5.758861055763899728e-01	-9.708938347284872261e-01	1.779678802459230935e+00	4.815568978584656989e-02
9.731936867659179979e-01	-1.204837592894290932e+00	-5.011139087934274317e-01	8.444470357796624027e-01	-8.111244454422034122e-01	6.489481915000612222e-01	-8.979946205168024553e-01	1.778773489791504181e+00	-5.063388661247561484e-02
9.306169438326987731e-01	-1.222816064509550937e+00	-4.489862342399745243e-01	8.060806138086263894e-01	-7.671638470234096729e-01	7.096293419086874277e-01	-8.252449989468997327e-01	1.772826450534096931e+00	-1.397958337126579964e-01
8.874438732044063194e-01	-1.238915740340443161e+00	-4.015638372198410688e-01	7.699406587483906828e-01	-7.196595632358473438e-01	7.625792237409936281e-01	-7.528285609882712226e-01	1.762373434545574380e+00	-2.193885203188056243e-01
8.437370989731609594e-01	-1.253318100391190404e+00	-3.588360839498723753e-01	7.362016586014257236e-01	-6.689214742959289639e-01	8.124479285464957234e-01	-6.809220979448419309e-01	1.747913168995173683e+00	-2.898522734609038642e-01
7.995531119437109258e-01	-1.266192335517262180e+00	-3.203952131202769116e-01	7.050101832896878973e-01	-6.154455402065145408e-01	8.520708420226735802e-01	-6.096820021239416354e-01	1.729980573636318297e+00	-3.503917517923976765e-01
7.549424848364970630e-01	-1.277708496814540906e+00	-2.865631100651071517e-01	6.764848846548173755e-01	-5.594527646936729992e-01	8.901577594863669951e-01	-5.392374671707571565e-01	1.709147922953814680e+00	-3.994857401049499157e-01
7.099483658661941421e-01	-1.288134088328526605e+00	-2.608327372193940397e-01	6.507583735787612067e-01	-5.004005605037344928e-01	9.450296085396607815e-01	-4.696972877338704833e-01	1.686141226904745771e+00	-4.359768956947187579e-01
6.646045419141176636e-01	-1.297688164135757605e+00	-2.387108545263760817e-01	6.280121175839202818e-01	-4.374426265811916514e-01	1.002179271004260963e+00	-4.011294604686245768e-01	1.661252350456993820e+00	-4.701682495860816657e-01
6.189409262064008432e-01	-1.306403413371919564e+00	-2.170101031510770218e-01	6.083996661124289052e-01	-3.720409611620819068e-01	1.034022331490519031e+00	-3.336223810269965950e-01	1.634473507224327937e+00	-5.047423492334711659e-01
5.729864635553814090e-01	-1.314293907112335402e+00	-1.956203799613881189e-01	5.920187324456903655e-01	-3.052294902688105771e-01	1.053530157991544369e+00	-2.672576453954252917e-01	1.605795781877524808e+00	-5.399338053618908395e-01
5.267705291795281575e-01	-1.321322040561818456e+00	-1.727796678863100788e-01	5.789181732243569023e-01	-2.379694305992613723e-01	1.047545402988018237e+00	-2.021032502292731681e-01	1.575107541877105000e+00	-5.764334467416089014e-01
4.803235743126387236e-01	-1.327501239615381801e+00	-1.512495436587197595e-01	5.690700703680628969e-01	-1.716633195565891445e-01	1.036819779117569063e+00	-1.382407915149500843e-01	1.542522146381242631e+00	-6.104331682973521689e-01
4.336738981578537877e-01	-1.332912858437776737e+00	-1.320119051281132549e-01	5.624325467561857028e-01	-1.062254082101392882e-01	1.021123884813682325e+00	-7.575866490445234969e-02	1.508166037005148175e+00	-6.422940129194854020e-01
3.868473250830576915e-01	-1.337593918089624356e+00	-1.128148472838592931e-01	5.589567457480731916e-01	-4.233132098890513700e-02	9.928336768985899230e-01	-1.471126772204677663e-02	1.472067055475279940e+00	-6.742767720921863939e-01
3.398696794561353318e-01	-1.341548904110219764e+00	-9.434122971938742330e-02	5.585449540623715903e-01	1.915844399085748356e-02	9.466681145361304228e-01	4.481300438027997074e-02	1.434080829905362897e+00	-7.090905800434339490e-01
2.927656020281106386e-01	-1.344821811652101795e+00	-7.686452733133493365e-02	5.610436222569465947e-01	7.680980904541383214e-02	8.799050626447142420e-01	1.027461547471847370e-01	1.394112861126046932e+00	-7.470759672504777571e-01
2.455584423316119758e-01	-1.347428032874085080e+00	-5.938143908925744979e-02	5.662294056887250404e-01	1.291840681032915550e-01	7.959916904045623021e-01	1.589929880611619939e-01	1.351691167955765271e+00	-7.969433834253955018e-01
1.982726259145980718e-01	-1.349294662401186340e+00	-3.891703931038891645e-02	5.737952054734380969e-01	1.739092203781600343e-01	6.562853318711144857e-01	2.134311103425534928e-01	1.305634444369221603e+00	-8.709993912289248907e-01
1.509386040108652294e-01	-1.350114010671480846e+00	-7.864399761231327321e-03	5.832594347244456356e-01	2.059656055357511895e-01	4.264103019766740110e-01	2.658973296184912183e-01	1.255287139733775703e+00	-9.460884981721559006e-01
1.036011388580813514e-01	-1.349455988201453405e+00	3.218513191478282465e-02	5.938683052712832033e-01	2.207949169254612709e-01	1.584163523737032730e-01	3.162420532471932333e-01	1.202591318233045437e+00	-9.717278851622944691e-01
5.631187919201603026e-02	-1.347421796131092364e+00	6.443240719971764230e-02	6.048470903832491308e-01	2.225273217402975179e-01	-1.127866314179573788e-03	3.644244832354497365e-01	1.149909807744960988e+00	-9.655731844461966640e-01
9.110637579824262811e-03	-1.344491079936262601e+00	8.425496124062038794e-02	6.157979574148495505e-01	2.206261918046267811e-01	-3.463927019715079547e-02	4.104582189143081150e-01	1.097763731675487575e+00	-9.549931137470681897e-01
-3.797751482133818191e-02	-1.340989256275967101e+00	9.790628977041271330e-02	6.266092340444735509e-01	2.169539703139573006e-01	-4.679548827313723819e-02	4.543636592804021768e-01	1.045902730313835960e+00	-9.501225450359375158e-01
-8.493428575088693422e-02	-1.336992087752274072e+00	1.107465869183685420e-01	6.372530021918051402e-01	2.133086464089037904e-01	-6.095490608390826542e-02	4.961544036647890787e-01	9.942565103565927931e-01	-9.472469305979446252e-01
-1.317418133543679093e-01	-1.332445870785128550e+00	1.258705069477907279e-01	6.477432208970023142e-01	2.107328019838382305e-01	-4.734049857059352551e-02	5.358236524019401870e-01	9.426972688161150415e-01	-9.454403120226043677e-01
-1.783791153328749823e-01	-1.327269066872548864e+00	1.425997772309765543e-01	6.581217672806382035e-01	2.088366652701781345e-01	-3.407846884787769925e-02	5.733918044884604992e-01	8.913537716020100143e-01	-9.402093414340189081e-01
-2.248235953645085772e-01	-1.321427880855461146e+00	1.600686339133031155e-01	6.684165594231775698e-01	2.075352799576109797e-01	-1.197920313699630916e-02	6.088656595898880308e-01	8.404284813583807745e-01	-9.314982201846071508e-01
-2.710512583074426440e-01	-1.314885537456220055e+00	1.786676631094140932e-01	6.786415563646789328e-01	2.060061236008918217e-01	-1.972034659594612202e-02	6.422588170372895977e-01	7.899193892307838638e-01	-9.233371490606917531e-01
-3.170369254029895556e-01	-1.307601789712655949e+00	1.979569389081078379e-01	6.887688400248762610e-01	2.030710676428159056e-01	-5.865651469282145980e-02	6.735916758272797455e-01	7.398942317987960982e-01	-9.140002771135731230e-01
-3.627543418771332351e-01	-1.299562597272317932e+00	2.179226605255451810e-01	6.986937176022375295e-01	1.979505256245389921e-01	-8.390615178143666364e-02	7.028846349564633611e-01	6.903808839930815067e-01	-9.045425284463119997e-01
-4.081761769405283791e-01	-1.290719325829012387e+00	2.389859911887718680e-01	7.083114962953794835e-01	1.899183199633362185e-01	-1.398208583447942965e-01	7.301648930869834020e-01	6.413859700526723939e-01	-8.938259219973866410e-01
-4.532740237885019563e-01	-1.281058119367519010e+00	2.604795074411957456e-01	7.174476881018316821e-01	1.784336088871575909e-01	-1.903006384171565535e-01	7.554528492154447550e-01	5.930317146586580046e-01	-8.814867592515196471e-01
-4.980183996010523750e-01	-1.270527793583278164e+00	2.835082691564129731e-01	7.259627026196671107e-01	1.643841701008195988e-01	-2.302547550142526600e-01	7.787689023384620768e-01	5.453860370137465496e-01	-8.676953359717602954e-01
-5.423779923321192520e-01	-1.259078270195117755e+00	3.077450860747913963e-01	7.337099699269298281e-01	1.470534547849587648e-01	-2.837506863230550014e-01	8.001538504492450299e-01	4.985137849316210179e-01	-8.528946226032365630e-01
-5.863196607095833013e-01	-1.246652558275691325e+00	3.335118754397101704e-01	7.405150020210994333e-01	1.257422115569188925e-01	-3.446331245942825250e-01	8.196348922099560008e-01	4.525142887935580949e-01	-8.355451198074681507e-01
-6.298082190322019658e-01	-1.233187890997738290e+00	3.611060481315692683e-01	7.462033108998541442e-01	1.010426050712613655e-01	-4.029285657549599442e-01	8.372528256137855562e-01	4.074433648692971088e-01	-8.184911850119874765e-01
-6.728057915604108707e-01	-1.218610840697454289e+00	3.905380305228993154e-01	7.505655109602294983e-01	7.134385624470376830e-02	-4.846699197144321847e-01	8.530416489884243836e-01	3.633064752506717787e-01	-8.007386682424716406e-01
-7.152720277193895804e-01	-1.202830406228316606e+00	4.225542615407702485e-01	7.533573189988657104e-01	3.659614016133782427e-02	-5.673820680284509255e-01	8.670421603270919153e-01	3.201721368160922454e-01	-7.814841971763385464e-01
-7.571632412867999040e-01	-1.185763267161773715e+00	4.565859654123792799e-01	7.543274722922747033e-01	-3.453972516654408090e-03	-6.461231221427280458e-01	8.792951576230076949e-01	2.781251199026465448e-01	-7.605704794552812231e-01
-7.984328407989161880e-01	-1.167322201264545001e+00	4.930482745020077218e-01	7.532247081170178049e-01	-4.814085038562498226e-02	-7.139571541872963278e-01	8.898550382004482007e-01	2.372775053065904194e-01	-7.374288450549937313e-01
-8.390306839414289897e-01	-1.147376390548145331e+00	5.334004023240261905e-01	7.498605794304666894e-01	-9.580150500403279701e-02	-7.522644446512242178e-01	8.987693997181709360e-01	1.977030395687278674e-01	-7.129370848444493980e-01
-8.789013559249186924e-01	-1.125777996553064764e+00	5.771740715303751434e-01	7.441373729512673618e-01	-1.445036899356728355e-01	-7.529208705852962202e-01	9.060926395004715861e-01	1.596993718295700304e-01	-6.816756483418706658e-01
-9.179845998909871296e-01	-1.102395740447740469e+00	6.246256655845267014e-01	7.360760272396569270e-01	-1.910011670484550172e-01	-7.021538234348573271e-01	9.118927542026935562e-01	1.235782663374604406e-01	-6.449548269838315528e-01
-9.562154245137914899e-01	-1.077070508478680688e+00	6.764037495309368486e-01	7.258580098182344509e-01	-2.332143094502487357e-01	-6.387637232270815257e-01	9.162581394768232190e-01	8.964915806571460699e-02	-6.026589332023166712e-01
-9.935227051801150955e-01	-1.049638517015868411e+00	7.322688119626764580e-01	7.136857267697368501e-01	-2.713566596485597615e-01	-5.788575098589308077e-01	9.192839906403470485e-01	5.817439842400088518e-02	-5.560077535159143602e-01
-1.029830367606231034e+00	-1.019982312520087753e+00	7.904139393859446194e-01	6.996848094559330322e-01	-3.084112171171016215e-01	-5.663513365086445539e-01	9.210791023418564150e-01	2.937993705130631170e-02	-5.053966402678782277e-01
-1.065059324665491580e+00	-9.880218311872074333e-01	8.512105085006541616e-01	6.838761964371591340e-01	-3.455962278758808459e-01	-5.769602371075972513e-01	9.217454695643855223e-01	3.265758175633191700e-03	-4.558988748709715266e-01
-1.099126938380665885e+00	-9.536443815231542276e-01	9.147245077946183356e-01	6.662249901128217688e-01	-3.845201389302780881e-01	-6.305325760107410860e-01	9.214054862875924456e-01	-2.012037478326025169e-02	-4.053284812049227082e-01
-1.131946589517806689e+00	-9.167440925114128669e-01	9.811625980228303456e-01	6.466055591212513942e-01	-4.257957001721866530e-01	-6.466720545030117950e-01	9.201543478289635480e-01	-4.072465524018294147e-02	-3.529367867154559746e-01
-1.163427354781652712e+00	-8.771654449745029947e-01	1.051986066805902453e+00	6.249062311408866144e-01	-4.703405914095812324e-01	-7.174569527575942463e-01	9.181212478336854277e-01	-5.855985934337344656e-02	-3.017262042990167537e-01
-1.193473468807965121e+00	-8.348070534352051153e-01	1.124560400350258504e+00	6.009594976894350182e-01	-5.174729159254184419e-01	-7.308493335233856580e-01	9.154149809503497881e-01	-7.341380225730730069e-02	-2.457887163743130432e-01
-1.221986153389583718e+00	-7.895905131244692621e-01	1.199453664446180623e+00	5.746816045257504557e-01	-5.659500195714680659e-01	-7.698676906257331254e-01	9.121647408241337907e-01	-8.515711873646474028e-02	-1.883155660312611501e-01
-1.248864155484094240e+00	-7.414505686624121017e-01	1.275650264995076055e+00	5.459608793281723882e-01	-6.180637769433779960e-01	-8.327049475843659732e-01	9.084997211002142636e-01	-9.375228968864336709e-02	-1.294593234997317155e-01
-1.274004715627620854e+00	-6.903709369269347418e-01	1.352192842419754681e+00	5.146437726547152813e-01	-6.718225792057779255e-01	-8.418069491839469398e-01	9.045491154237879083e-01	-9.907862446705599513e-02	-7.028999194837892706e-02
-1.297303890739428089e+00	-6.362894655482145279e-01	1.430515401866418346e+00	4.806744483445487548e-01	-7.269206237017767913e-01	-8.685203761027368019e-01	9.004489171055698460e-01	-1.012315635802843033e-01	-1.232294695793137267e-02
-1.318655951553333594e+00	-5.791867376712200866e-01	1.508738563760113394e+00	4.440040497569711642e-01	-7.826087125213858631e-01	-8.839922099968934299e-01	8.963215201252088260e-01	-1.002062143886221085e-01	4.535068444609422628e-02
-1.337956018855265272e+00	-5.191165490446216779e-01	1.585471081452543896e+00	4.045627816910438712e-01	-8.406159455101448463e-01	-9.163509267662270918e-01	8.922961181278817877e-01	-9.622150882218703793e-02	9.734014333463265889e-02
-1.355101279380581891e+00	-4.561629881687678800e-01	1.658777734046863239e+00	3.622319923051266488e-01	-9.008711442167564032e-01	-9.481252896961804844e-01	8.884951050932470284e-01	-8.938097593406317543e-02	1.492491825749672485e-01
-1.369994590465423379e+00	-3.905495946594921275e-01	1.726167121080174116e+00	3.168930297575791033e-01	-9.635167513871736311e-01	-9.749647142800472732e-01	8.850340753354053458e-01	-7.988248124607770506e-02	1.955736654532029273e-01
-1.382546481435222185e+00	-3.224882641641835246e-01	1.787937355438066200e+00	2.685109964478575861e-01	-1.025739394023780449e+00	-9.721775020078401441e-01	8.820014245063433345e-01	-6.797581999752304316e-02	2.370641936672298333e-01
-1.392675734652980557e+00	-2.522520339175690074e-01	1.841683989573161373e+00	2.170998514162688076e-01	-1.087853630806019156e+00	-9.705643162232421295e-01	8.795127469201619030e-01	-5.394951017234975166e-02	2.740132797224651973e-01
-1.400312656605869233e+00	-1.802131453076912804e-01	1.885883911544179892e+00	1.626875127431287316e-01	-1.148677770677313248e+00	-9.449024714488625243e-01	8.776292395666851487e-01	-3.819886112080006502e-02	3.003143477101285486e-01
-1.405400132400249857e+00	-1.067222261822222823e-01	1.920419934348464475e+00	1.053367961092969984e-01	-1.208228581706993987e+00	-9.257211706456797140e-01	8.764120994357373906e-01	-2.129981971282890463e-02	3.172552749820459206e-01
-1.407894712537156146e+00	-3.220928614520964656e-02	1.943467721999783349e+00	4.511749671576184562e-02	-1.266237746171315903e+00	-8.988249152597040936e-01	8.759089241860666952e-01	-3.749043001470815303e-03	3.248924859364958895e-01
-1.407768635821111669e+00	4.286183010049225695e-02	1.954143944559113333e+00	-1.787965167620197970e-02	-1.322045586475821599e+00	-8.609322907545380321e-01	8.761265134832207924e-01	1.393065285690381350e-02	3.227376447289881378e-01
-1.405010787013773133e+00	1.180231087583143157e-01	1.953469860030552674e+00	-8.352901770487516919e-02	-1.374957014640734387e+00	-8.186429109061901244e-01	8.770580676616519522e-01	3.107268081577274632e-02	3.079507284002381828e-01
-1.399625523977220842e+00	1.928219619856607614e-01	1.939709521263094594e+00	-1.516979904884594721e-01	-1.425109465882771209e+00	-7.660128056949521147e-01	8.786763880592266540e-01	4.728260379937684887e-02	2.871763668857813534e-01
-1.391634969586609483e+00	2.667284233148069506e-01	1.912721968805617845e+00	-2.222120820244347095e-01	-1.470883462325003332e+00	-6.931753612273557907e-01	8.809338770171872834e-01	6.208408738876490529e-02	2.571957016490567516e-01
-1.381078731966182360e+00	3.392749612982723373e-01	1.874061984606247844e+00	-2.948409681497480839e-01	-1.511652762361050062e+00	-6.125876300896155868e-01	8.837557382146333795e-01	7.500476025295403637e-02	2.190041341657821827e-01
-1.368011935381220567e+00	4.100329918732645851e-01	1.824262454422472590e+00	-3.693194271006541851e-01	-1.546928659751832136e+00	-5.232819019423997631e-01	8.870603756651451732e-01	8.562952665554035558e-02	1.735838122066538647e-01
-1.352504477787465076e+00	4.785977166244048120e-01	1.764492934854675621e+00	-4.453752575933784263e-01	-1.576202818743660972e+00	-4.272153420064288554e-01	8.907457943856695870e-01	9.359532351062278821e-02	1.220796672446022302e-01
-1.334639180084753241e+00	5.446307231178824093e-01	1.696107976825336427e+00	-5.227083402637804355e-01	-1.599231158054298385e+00	-3.280937968250425274e-01	8.947031997276341242e-01	9.866420449970404738e-02	6.788464166029023472e-02
-1.314510570219697305e+00	6.078098205962421119e-01	1.620237090729708784e+00	-6.009976171873838702e-01	-1.615007450451632520e+00	-2.104831357074807840e-01	8.988033980458520755e-01	1.006257761541557855e-01	8.002076411248911988e-03
-1.292221762741230240e+00	6.679686754310998342e-01	1.540787892727203401e+00	-6.798801533192383451e-01	-1.623910265145982024e+00	-1.051280784083902381e-01	9.029171956951465017e-01	9.924590399829216758e-02	-5.421594611619775378e-02
-1.267880574385271020e+00	7.249993274506525420e-01	1.458870827390312597e+00	-7.590348907348676288e-01	-1.626127169875338563e+00	8.683655575340222706e-04	9.069085993647922894e-01	9.447509716355470544e-02	-1.167573749188738352e-01
-1.241597931572038460e+00	7.788293628458680118e-01	1.375363800072505471e+00	-8.381268124696372723e-01	-1.621442840882511005e+00	1.099390770153054614e-01	9.106280164129978427e-01	8.632253163218166214e-02	-1.787317484392880740e-01
-1.213486600707962992e+00	8.294263075411640873e-01	1.291320456744578404e+00	-9.168278810789421973e-01	-1.609736239032227179e+00	2.205190952391098136e-01	9.139462531945764523e-01	7.484377298215974528e-02	-2.393206519185734349e-01
-1.183659563402540194e+00	8.768080115251057904e-01	1.208230085461407199e+00	-9.947821410379609208e-01	-1.591007793541279192e+00	3.299514240182799818e-01	9.167341160643411868e-01	6.013676697938883514e-02	-2.977798052671078999e-01
-1.152228510046872101e+00	9.210314657250391335e-01	1.126644079390022535e+00	-1.071654575382009256e+00	-1.565356081199503757e+00	4.382251419163273320e-01	9.188488120460485131e-01	4.233410797839059353e-02	-3.536005708458135333e-01
-1.119302548595272118e+00	9.622021724830164269e-01	1.048546241377318111e+00	-1.147103187626324461e+00	-1.532950356495112354e+00	5.395048049619907138e-01	9.201747468255684348e-01	2.150997085422225868e-02	-4.077252895236852526e-01
-1.084986375339206610e+00	1.000421394384769957e+00	9.723904847667211859e-01	-1.220820878886687000e+00	-1.494189647972162582e+00	6.424044922607715646e-01	9.205895264232620834e-01	-2.055849153996456430e-03	-4.567643338725363433e-01
-1.049381888930287721e+00	1.035788550643718553e+00	8.993347192543338364e-01	-1.292486591238620752e+00	-1.448834166516333566e+00	7.444517175279184995e-01	9.199911558560954772e-01	-2.819328010479858065e-02	-5.026234657977632914e-01
-1.012586683958813127e+00	1.068441310448777992e+00	8.299325716600624014e-01	-1.361786246277827406e+00	-1.397268032541783223e+00	8.386674213763309904e-01	9.182640408099486118e-01	-5.672642603904178710e-02	-5.453157497529572684e-01
-9.746932977430371459e-01	1.098522043588261887e+00	7.643175745392157827e-01	-1.428426704160245864e+00	-1.339859385290790073e+00	9.289953888275446214e-01	9.153265852983825113e-01	-8.746320228710693923e-02	-5.841622309688940806e-01
-9.357892103291695074e-01	1.126167835516520332e+00	7.020226391661571475e-01	-1.492135763602051357e+00	-1.276807925029326052e+00	1.018010772585850265e+00	9.110903936694395577e-01	-1.201357189778190226e-01	-6.187116974058909369e-01
-8.959571672959741884e-01	1.151541578900285856e+00	6.445205963604676569e-01	-1.552634243799440261e+00	-1.208584631342972004e+00	1.092125222831703546e+00	9.054806696022287271e-01	-1.547287204388806958e-01	-6.526934706001584763e-01
-8.552737809348429643e-01	1.174813171221081420e+00	5.912208922338059169e-01	-1.609768595310277828e+00	-1.139352706810472737e+00	1.100300053248471022e+00	8.983954181136869499e-01	-1.918074949902252579e-01	-6.971028144698596662e-01
-8.138095302497949657e-01	1.196141941292501398e+00	5.417591063195009715e-01	-1.663441104853160990e+00	-1.065829644480835725e+00	1.182394012947492801e+00	8.897666425484808128e-01	-2.302125916147312601e-01	-7.165021544536182008e-01
-7.716303749804690471e-01	1.215661871558834761e+00	4.958629802639994977e-01	-1.713379571144414193e+00	-9.868468587168597317e-01	1.260238691335231032e+00	8.795467452478430426e-01	-2.696665924944052217e-01	-7.373417588725276195e-01
-7.287973251959931620e-01	1.233497512542702568e+00	4.529839847623504667e-01	-1.759360649540864907e+00	-9.033338041738391277e-01	1.329184823735814147e+00	8.676813288874779539e-01	-3.102544671915692387e-01	-7.570203668140088604e-01
-6.853671945057139281e-01	1.249785243072401242e+00	4.142041012675450884e-01	-1.801342462921940113e+00	-8.239569973950422455e-01	1.239241173745814439e+00	8.540955971465137297e-01	-3.538188498959475847e-01	-8.103340210143795685e-01
-6.413915240438677889e-01	1.264661534144843058e+00	3.782251307282240016e-01	-1.839345949847976280e+00	-7.387499243255937209e-01	1.369238985339517045e+00	8.387283530350970739e-01	-3.969853466037233103e-01	-8.005834210205918788e-01
-5.969183040941079543e-01	1.278206603178518197e+00	3.440052575565002435e-01	-1.873050052394496623e+00	-6.483709892168021405e-01	1.433857328128459230e+00	8.215863962187855973e-01	-4.407810464069359391e-01	-8.128695017926387267e-01
-5.519931577063641459e-01	1.290472525441272333e+00	3.112970967190580307e-01	-1.902259343998793817e+00	-5.542182656171881217e-01	1.492604778649520014e+00	8.026357283698980494e-01	-4.851328668488950613e-01	-8.216314156840498484e-01
-5.066592330953100243e-01	1.301595925544376309e+00	2.837527344863270962e-01	-1.926973824660867862e+00	-4.651552233485246046e-01	1.397858668880048727e+00	7.818015531675240881e-01	-5.325125123979390640e-01	-8.616884345180185756e-01
-4.609524691729190438e-01	1.311760587707444747e+00	2.587521518764284156e-01	-1.947193494380718759e+00	-3.682508195114940208e-01	1.562857147929091362e+00	7.590634716150684858e-01	-5.781243494347473311e-01	-8.420895563727522903e-01
-4.149070832266382736e-01	1.320920028225316400e+00	2.322885585422703736e-01	-1.962485622912407912e+00	-2.637164147615773668e-01	1.660348768721562340e+00	7.344554820402124928e-01	-6.239141112076647122e-01	-8.460172256179240291e-01
-3.685587989653754670e-01	1.329068348306589042e+00	2.063603478704234551e-01	-1.972536131851537977e+00	-1.532539824430761699e-01	1.755499800749551920e+00	7.079707847774082685e-01	-6.699028491830889553e-01	-8.489527289763513229e-01
-3.219417260750450094e-01	1.336321711129859091e+00	1.869703901683573422e-01	-1.977086778954492363e+00	-3.954701884459338457e-02	1.768325504893606626e+00	6.795957804955891080e-01	-7.164302423850748003e-01	-8.638921148043717801e-01
-2.750771696591519655e-01	1.343203235034707843e+00	1.764741521668190261e-01	-1.976158502781656390e+00	7.188049884580781368e-02	1.745918882874236022e+00	6.493032705326119425e-01	-7.633952836199587866e-01	-8.643926848381128236e-01
-2.279841751890107349e-01	1.349322063645017611e+00	1.543677774066238295e-01	-1.969751303332980763e+00	1.858124607479680057e-01	1.808438620353370441e+00	6.170864552229385902e-01	-8.099018411828835529e-01	-8.537516568637005809e-01
-1.806922254846239917e-01	1.354575951243156551e+00	1.324531537684761340e-01	-1.957683713085915933e+00	3.032117374751417960e-01	1.844552125646624852e+00	5.829861325597885946e-01	-8.559519737346007462e-01	-8.463580308149920572e-01
-1.332310185690584459e-01	1.358982317697482678e+00	1.100991945416725099e-01	-1.939871977799414893e+00	4.213938627087771005e-01	1.851490757616889304e+00	5.469955028776235517e-01	-9.017492396580006897e-01	-8.424392747017096506e-01
-8.562971445771830337e-02	1.362614529226056748e+00	9.234845086643206358e-02	-1.916288179392963142e+00	5.398472958764735097e-01	1.855507910913424707e+00	5.091553641696631161e-01	-9.463656644149832653e-01	-8.163633884443902700e-01
-3.791220069089632633e-02	1.365592036354766892e+00	7.369610198297853187e-02	-1.886911379306323910e+00	6.584789255488756599e-01	1.854566347659608816e+00	4.694929150980501342e-01	-9.910939043345760036e-01	-8.263665780490817570e-01
9.895483160456963745e-03	1.367747522323329079e+00	5.174992400929566416e-02	-1.851769495619912442e+00	7.764069830562515540e-01	1.839167300994106968e+00	4.279809570006417041e-01	-1.036299969375934049e+00	-8.338755864215624536e-01
5.776363907327369818e-02	1.369049219682213714e+00	2.965415590932736489e-02	-1.810911384974380534e+00	8.924215634915806383e-01	1.802239950903211652e+00	3.846194898774280557e-01	-1.081805254116731563e+00	-8.379867379810713723e-01
1.056625690244864108e-01	1.369510247097716515e+00	7.884779857181438423e-03	-1.764469658251575979e+00	1.005544596244290378e+00	1.754856247226810773e+00	3.393881147318140168e-01	-1.127357439798044592e+00	-8.364514815375659884e-01
1.535621445848961431e-01	1.369053858835868498e+00	-1.725246912301044502e-02	-1.712562967293089988e+00	1.116254171591477551e+00	1.720855158268021157e+00	2.923004308948662922e-01	-1.172184263004286464e+00	-8.238543568821226071e-01
2.014285788731873528e-01	1.367631021193141949e+00	-4.202398664183978894e-02	-1.655351841061234675e+00	1.222484125741046146e+00	1.620577286164605502e+00	2.433768373631897408e-01	-1.217428197442216531e+00	-8.335590176173713894e-01
2.492288382187737850e-01	1.365281335951396668e+00	-6.556440563716238457e-02	-1.593157337480337832e+00	1.320374211633090100e+00	1.488125872292357821e+00	1.926037348057177134e-01	-1.262342231494663514e+00	-8.199858439712024438e-01
2.969309649663975925e-01	1.362037092848982889e+00	-8.836684646341474991e-02	-1.526405207276407827e+00	1.408856194516317162e+00	1.329341080506693196e+00	1.400015222190550135e-01	-1.306775103402675109e+00	-8.133493762667191040e-01
3.445046154837946295e-01	1.357933377405593500e+00	-1.109775720656122483e-01	-1.455584016856114049e+00	1.487563094033786726e+00	1.184349971379651478e+00	8.559059859980656937e-02	-1.350517925508350370e+00	-7.998088637545281987e-01
3.919193385371671501e-01	1.352974183594573443e+00	-1.328451374240678939e-01	-1.381126496465544085e+00	1.558560845061972566e+00	1.084293544977414703e+00	2.941176194119178577e-02	-1.392958495269558172e+00	-7.697689536627216889e-01
4.391458665095794300e-01	1.347197423439828068e+00	-1.534398237819767363e-01	-1.303311826908452264e+00	1.626395697551798580e+00	1.076995513494953816e+00	-2.847379076695538691e-02	-1.433794621210450648e+00	-7.351624370767484429e-01
4.861566534086202984e-01	1.340665525817027692e+00	-1.724813077034378916e-01	-1.222140008184937843e+00	1.696928463722262137e+00	1.145504944871545527e+00	-8.799126320375361132e-02	-1.472216004497840069e+00	-6.838282002175576357e-01
5.329261976710040205e-01	1.333418922025572551e+00	-1.909226090971973544e-01	-1.137338839011176495e+00	1.774825731605465418e+00	1.239630452448895692e+00	-1.490250610550828414e-01	-1.508190852104792867e+00	-6.484163882702723702e-01
5.794284597257800540e-01	1.325377824767177470e+00	-2.133413522347281099e-01	-1.048671015703838139e+00	1.853118594298392763e+00	1.182840010713001044e+00	-2.115275866621950940e-01	-1.544524936012942495e+00	-6.714785065453146018e-01
6.256319123238224256e-01	1.316309385395828535e+00	-2.418997210770434392e-01	-9.564715552277055499e-01	1.919046007365709405e+00	9.666342972114593257e-01	-2.755328383527716474e-01	-1.581337193687016862e+00	-6.725534241462777230e-01
6.714958820857120925e-01	1.305958204677547752e+00	-2.772925731244480496e-01	-8.613825734315335714e-01	1.971949838393408427e+00	7.750334157913564281e-01	-3.410272167957264511e-01	-1.617080574776209589e+00	-6.407249964627282912e-01
7.169717331185997411e-01	1.294138501406047803e+00	-3.159378551014971892e-01	-7.639554524029998905e-01	2.015423061145177108e+00	6.391947028603388592e-01	-4.079291260046497003e-01	-1.649571902757394737e+00	-5.693919199269514841e-01
7.620073862805842868e-01	1.280839983419247652e+00	-3.532017025482403483e-01	-6.645810452674701940e-01	2.052552888931764574e+00	5.725841979823698136e-01	-4.760685743411158799e-01	-1.677903524066345575e+00	-5.005928284726443023e-01
8.065542056788158609e-01	1.266232363861438115e+00	-3.865305157465238062e-01	-5.634896761882451921e-01	2.085556226482527364e+00	4.887572005161663347e-01	-5.453163681599672019e-01	-1.703569710968947160e+00	-4.521006902335887867e-01
8.505665682633646307e-01	1.250308115629007899e+00	-4.211754849698208236e-01	-4.609605259690792711e-01	2.110962712963952992e+00	3.623382097956548420e-01	-6.155569131470641775e-01	-1.726444918363543302e+00	-3.984972676735432651e-01
8.939966989536438646e-01	1.232972089987729669e+00	-4.587762470435371442e-01	-3.573984067756447724e-01	2.127965563879827382e+00	2.388764097511413831e-01	-6.866746149883158346e-01	-1.746224995726151974e+00	-3.393867505828900843e-01
9.367930566154166749e-01	1.214095680995894266e+00	-4.997910757417818872e-01	-2.531802126930995378e-01	2.138154455154504863e+00	1.278791376775472999e-01	-7.585266807074591000e-01	-1.762509832378389429e+00	-2.719594389654228506e-01
9.788993656470009741e-01	1.193550774277741811e+00	-5.439939014615388091e-01	-1.486200221258409671e-01	2.141576171418285934e+00	2.075501304483085008e-02	-8.309703173282306787e-01	-1.774818465401055034e+00	-1.958877721717678932e-01
1.020254723580801492e+00	1.171187165712627820e+00	-5.926832104381083433e-01	-4.409472915902689499e-02	2.137086134559854411e+00	-1.036214788713653995e-01	-9.038287335467056760e-01	-1.782704962311934205e+00	-1.111336709826378777e-01
1.060791771857252153e+00	1.146794372905270532e+00	-6.468921867864789732e-01	6.003273116224357858e-02	2.124862755692311200e+00	-2.242318744313329115e-01	-9.769115387278631824e-01	-1.785602029257071122e+00	-1.568862583856167267e-02
1.100436373020217129e+00	1.120196200185409996e+00	-7.053180524668963836e-01	1.633505671523184655e-01	2.104031004849554520e+00	-3.592252543224085937e-01	-1.049994343909030459e+00	-1.782998819532157109e+00	8.877814000270554951e-02
1.139108041123120918e+00	1.091208156707378807e+00	-7.691219400174685861e-01	2.654679256857331859e-01	2.075620859259506013e+00	-4.756800377114617229e-01	-1.122852760127495797e+00	-1.774305792465434184e+00	2.052079582331627627e-01
1.176719188518222659e+00	1.059626304047606382e+00	-8.368668288606113670e-01	3.660079126773794211e-01	2.039636468017818949e+00	-5.956758069174847847e-01	-1.195221600427376352e+00	-1.758909500357057398e+00	3.309764005126921149e-01
1.213177923496464583e+00	1.025357490458537413e+00	-9.090408599003144685e-01	4.646006135620294741e-01	1.995287356866365158e+00	-7.293903038036508857e-01	-1.266815278856145977e+00	-1.736392732362721958e+00	4.669530649547905532e-01
1.248383961429228028e+00	9.880957775819438904e-01	-9.853378152819826097e-01	5.611134174579347489e-01	1.970670772354011779e+00	2.134517436251227029e-01	-1.337307411468088070e+00	-1.704104630722370395e+00	7.022387155036169393e-01
1.282241321749206131e+00	9.483891385607622349e-01	-1.047316816410436280e+00	6.579193611978517708e-01	1.982134580572432636e+00	-1.470130678791048695e-01	-1.406120026692621483e+00	-1.654523479928667662e+00	9.889791133386852673e-01
1.314657682341213052e+00	9.056744231533450096e-01	-1.132484086001427359e+00	7.537970287649328194e-01	1.937909942290584553e+00	-8.437065908165323203e-01	-1.472688752290280290e+00	-1.595706745347513555e+00	1.133809173371757240e+00
1.345514358714509306e+00	8.592533312046238825e-01	-1.232660864730614536e+00	8.467712159718659981e-01	1.864503426627132532e+00	-1.254761681764348102e+00	-1.536700803646385172e+00	-1.529459557018322258e+00	1.273278686635181733e+00
1.374673405703978446e+00	8.086812413126824861e-01	-1.343484030798577589e+00	9.357182200830085339e-01	1.773612192662942011e+00	-1.508102536468861166e+00	-1.597836596480758153e+00	-1.454878843557250168e+00	1.433221602799448213e+00
1.401983427952895322e+00	7.536305862174860204e-01	-1.461343283198325516e+00	1.019863314367708718e+00	1.669132241216671142e+00	-1.676151844047160555e+00	-1.655728948854443550e+00	-1.370957288976737187e+00	1.609869376443147981e+00
1.427284206778840270e+00	6.939166292903913291e-01	-1.583720098539185051e+00	1.098627198657923021e+00	1.552760838555139022e+00	-1.864196096094856481e+00	-1.709969880835285894e+00	-1.276934284537387665e+00	1.798621885254256370e+00
1.450410251024286890e+00	6.294495982997512229e-01	-1.706862338856558470e+00	1.171521306546882357e+00	1.428980295634525666e+00	-1.971969622481774431e+00	-1.760151412491129497e+00	-1.172298668094939433e+00	1.994668052624561705e+00
1.471195961930171325e+00	5.602753932161614880e-01	-1.829137044351671459e+00	1.238147805389093303e+00	1.295379315440494006e+00	-2.135857833705581577e+00	-1.805824765896590023e+00	-1.056940151880242817e+00	2.191493630644391732e+00
1.489477139557361163e+00	4.864510664127119632e-01	-1.948615854632938849e+00	1.298066985418438568e+00	1.154434307174688312e+00	-2.228208982181460129e+00	-1.846554762457358834e+00	-9.308733623458974593e-01	2.386157102643734707e+00
1.505095071644897420e+00	4.082346900132347023e-01	-2.060040511511002315e+00	1.350978727270827795e+00	1.008215869869387049e+00	-2.316085179884908474e+00	-1.881913023244666361e+00	-7.945544754715688773e-01	2.569080026381735049e+00
1.517902021288171976e+00	3.259857216187811990e-01	-2.161858386917296038e+00	1.396659686303138193e+00	8.584936929714019893e-01	-2.359587672761521482e+00	-1.911484768660828504e+00	-6.486803147175506101e-01	2.738430875352839688e+00
1.527765638601775056e+00	2.402516397340503929e-01	-2.246946042737931748e+00	1.435005169713887696e+00	7.080449665028057948e-01	-2.341793798890044798e+00	-1.934909616432417989e+00	-4.944815275587724490e-01	2.881326236326299473e+00
1.534576492826795091e+00	1.517714000904759053e-01	-2.312488757256254246e+00	1.466022157023204597e+00	5.578012912028519343e-01	-2.354912261000134510e+00	-1.951874781944794801e+00	-3.335885899127986054e-01	2.991671022786631884e+00
1.538252591595198115e+00	6.135994222623655792e-02	-2.355809497500732430e+00	1.489675750630594875e+00	4.064737433531604438e-01	-2.359020929095976271e+00	-1.962149076569728257e+00	-1.680366207496507835e-01	3.063161300107442475e+00
1.538742501374279037e+00	-3.003948331834938382e-02	-2.374131354306963537e+00	1.506007827656631548e+00	2.576274262404076865e-01	-2.318782352321608009e+00	-1.965582907665417212e+00	3.778554124327349165e-06	3.093915268056393053e+00
1.536029328723381493e+00	-1.214036175000013096e-01	-2.365045093728550096e+00	1.515192876103785613e+00	1.133073275309080391e-01	-2.246151782700697375e+00	-1.962128677573113711e+00	1.680591216430928903e-01	3.077603626210513532e+00
1.530131581106155103e+00	-2.117704995494231190e-01	-2.332715122232291272e+00	1.517398404454299188e+00	-2.827377286664845696e-02	-2.206229697400755363e+00	-1.951833983951575258e+00	3.338650365712424462e-01	3.022704838657366722e+00
1.521099938844574062e+00	-3.002443580525071543e-01	-2.276624588497412560e+00	1.512826818791058514e+00	-1.640463954486248710e-01	-2.091143523981011221e+00	-1.934828020445988672e+00	4.952900716131570236e-01	2.928771844678970560e+00
1.509015533494409977e+00	-3.859809807187427055e-01	-2.199618528101025650e+00	1.501820115598677230e+00	-2.919750325169139793e-01	-1.962190768934307883e+00	-1.911335176019036686e+00	6.503693346938170805e-01	2.800315757366154568e+00
1.493987365408443235e+00	-4.682662021020201903e-01	-2.105202180591645433e+00	1.484790086562956635e+00	-4.103033203753644331e-01	-1.801523230555929889e+00	-1.881647836288764308e+00	7.974233404880823883e-01	2.643599181274840060e+00
1.476146708456755441e+00	-5.465218730546380632e-01	-1.996827018302137269e+00	1.462239257130823145e+00	-5.188762545332510356e-01	-1.648100513223590857e+00	-1.846133183194117455e+00	9.350834780464438722e-01	2.463586975062753037e+00
1.455642267957748981e+00	-6.203267522801845235e-01	-1.878778064954588212e+00	1.434635255148759114e+00	-6.174783681611186736e-01	-1.503482078282930345e+00	-1.805185597336203873e+00	1.062302270894577516e+00	2.265791086643962782e+00
1.432635015804573086e+00	-6.894306327100302445e-01	-1.755713922714547959e+00	1.402466647023483670e+00	-7.052068323519868898e-01	-1.302809387325239987e+00	-1.759260656305908110e+00	1.178531467790482123e+00	2.063742230190465765e+00
1.407291411568551975e+00	-7.537278583877634608e-01	-1.630055153339425633e+00	1.366340651003455475e+00	-7.799200985379027840e-01	-1.105433084021294254e+00	-1.708793538697557457e+00	1.283521721751641698e+00	1.854995124597746070e+00
1.379780712460864311e+00	-8.131889660792466223e-01	-1.504722178190888826e+00	1.326899382937528404e+00	-8.411392752370916437e-01	-8.948390714219791597e-01	-1.654267020764198737e+00	1.377170979651914040e+00	1.647475314531987145e+00
1.350271314880424400e+00	-8.678736810474240171e-01	-1.381373484529146767e+00	1.284784958674605182e+00	-8.894770837269940778e-01	-6.831346122139380084e-01	-1.596129880431216064e+00	1.459634620571755415e+00	1.444267506737488826e+00
1.318928279578630347e+00	-9.179345423512029756e-01	-1.263072607046545226e+00	1.240618555503252951e+00	-9.253399636949384277e-01	-5.005810246452593315e-01	-1.534844494955051486e+00	1.531272063435493713e+00	1.247793753231891900e+00
1.285909135199579056e+00	-9.636195450124375173e-01	-1.151329175993792253e+00	1.194979473591565311e+00	-9.497604676695967640e-01	-3.202272561900654235e-01	-1.470832443598946604e+00	1.592530817925112752e+00	1.060435416975273881e+00
1.251362479460141675e+00	-1.005196838256937619e+00	-1.046729525250759796e+00	1.148433054067278469e+00	-9.629778553979131406e-01	-1.487898852535736172e-01	-1.404515305626123256e+00	1.643958338381678264e+00	8.837001908560166985e-01
1.215427656345362761e+00	-1.042937152031751635e+00	-9.491137093168845462e-01	1.101488801897497760e+00	-9.658541372699729344e-01	8.332365106609902761e-03	-1.336287461637680085e+00	1.686155172671129243e+00	7.181137665090425726e-01
1.178234002897732280e+00	-1.077109710863205727e+00	-8.585200193843212091e-01	1.054642263009070824e+00	-9.592961339089197681e-01	1.517374525891527770e-01	-1.266502494241495969e+00	1.719743384984682599e+00	5.639310839259245034e-01
1.139901925232513324e+00	-1.107994369391297917e+00	-7.752455312855383029e-01	1.008333147168114285e+00	-9.439116878279946166e-01	2.843418336160506987e-01	-1.195513986045421584e+00	1.745348144106786181e+00	4.213485983013180447e-01
1.100541607319347248e+00	-1.135854606965311708e+00	-6.986080076589789023e-01	9.629592870200727184e-01	-9.211025352256745347e-01	3.957262054689329456e-01	-1.123627921998606727e+00	1.763581569569056651e+00	2.897743128458837303e-01
1.060254732606780603e+00	-1.160944778241581155e+00	-6.285910869973284631e-01	9.188626790497088637e-01	-8.916966496004594678e-01	4.944104015361738824e-01	-1.051129888053539352e+00	1.775029217538571347e+00	1.687303585402160633e-01
1.019133838413067705e+00	-1.183514506554169676e+00	-5.649272016180727496e-01	8.763434426211630379e-01	-8.565166249337266002e-01	5.800610576514116934e-01	-9.782986704972170822e-01	1.780290589948791302e+00	5.894078693796790669e-02
9.772632843399652325e-01	-1.203786102604035291e+00	-5.068829794634643893e-01	8.356598199780521652e-01	-8.164144994787663201e-01	6.539132101684594911e-01	-9.053654579578415129e-01	1.779931984527501898e+00	-4.092211673881245015e-02
9.347196826788652935e-01	-1.221970601798154643e+00	-4.541574756951610170e-01	7.970421352835279638e-01	-7.720892241664807365e-01	7.153511287453179213e-01	-8.325546393981241300e-01	1.774468232483693564e+00	-1.313498750845099872e-01
8.915729744261218226e-01	-1.238256273895437021e+00	-4.062683329746540339e-01	7.606788355802192036e-01	-7.242035526450011362e-01	7.688593961149789990e-01	-7.600634051185949369e-01	1.764440894411923644e+00	-2.119566044322822862e-01
8.478863216815197834e-01	-1.252826995284112899e+00	-3.630712254168462771e-01	7.267234703102106730e-01	-6.730692536846241136e-01	8.186806115557616614e-01	-6.880685464231982573e-01	1.750348199418344519e+00	-2.835086448731775066e-01
8.037168608590049557e-01	-1.265851127302110246e+00	-3.241449259760384449e-01	6.953365684357653009e-01	-6.192242217687629058e-01	8.578037357836644228e-01	-6.167196559537257983e-01	1.732723241025066807e+00	-3.450837680813578778e-01
7.591157026866823809e-01	-1.277497522853308309e+00	-2.897406727367570767e-01	6.666367817985233701e-01	-5.628745524935864220e-01	8.954920331068870754e-01	-5.461595266864308629e-01	1.712129992665479605e+00	-3.955903351762405928e-01
7.141272865976208140e-01	-1.288015498043051377e+00	-2.629541809474208458e-01	6.407497417602042722e-01	-5.036181269541362138e-01	9.476883425258575411e-01	-4.764901536043477659e-01	1.689300773095743002e+00	-4.328995758610940658e-01
6.687862602853982263e-01	-1.297650159943236181e+00	-2.408674064912099677e-01	6.178569158433574460e-01	-4.403921042234701377e-01	1.007216182983860397e+00	-4.077931326939247536e-01	1.664585554643670751e+00	-4.669283566687504328e-01
6.231224293746159271e-01	-1.306448698885077642e+00	-2.191140765226831655e-01	5.981118534900181638e-01	-3.746006527285515308e-01	1.040379626592808915e+00	-3.401432602760433022e-01	1.637986495582631985e+00	-5.014905823150956898e-01
5.771650614822094738e-01	-1.314418764863675149e+00	-1.977280468375708644e-01	5.816122679816393415e-01	-3.073857180510409792e-01	1.058269663634350488e+00	-2.736289320026803473e-01	1.609500175879441830e+00	-5.358044307210877433e-01
5.309432090220493894e-01	-1.321540050060712179e+00	-1.751153189251169195e-01	5.684209749990807303e-01	-2.395091456890574566e-01	1.057539489510361141e+00	-2.083181445291984180e-01	1.579018715069862688e+00	-5.729148658306161268e-01
4.844871080248675521e-01	-1.327801524965183333e+00	-1.533143164223572386e-01	5.585100564618774577e-01	-1.725385069021810880e-01	1.046858829687825398e+00	-1.442992935075455008e-01	1.546616042317829454e+00	-6.071778605457603950e-01
4.378257033030014123e-01	-1.333277907601511325e+00	-1.336262697666967258e-01	5.518515942897137538e-01	-1.064764757110245458e-01	1.030656061839843929e+00	-8.164037559311307368e-02	1.512417951756541923e+00	-6.393601578799691376e-01
3.909852496304671021e-01	-1.338026772631608630e+00	-1.146183704116880975e-01	5.483827728017297565e-01	-4.189500638214855438e-02	1.003506514943407257e+00	-2.041618710677280124e-02	1.476480375870459438e+00	-6.711090389138490986e-01
3.439912485705510226e-01	-1.342045969454443100e+00	-9.596692216898339289e-02	5.480058787164727718e-01	2.041207321245256875e-02	9.615132452515450234e-01	3.929167596503648635e-02	1.438661383282424433e+00	-7.065776873391408364e-01
2.968687712804082279e-01	-1.345376851055571699e+00	-7.835866959254948749e-02	5.505883011522434423e-01	7.894970083655049320e-02	8.970602995394445500e-01	9.741521696695232269e-02	1.398870044275196012e+00	-7.443319436055487737e-01
2.496411672926678038e-01	-1.348040677662338815e+00	-6.089201305830547334e-02	5.558997159457411685e-01	1.321815736738435609e-01	8.079517472345435491e-01	1.538660402469976818e-01	1.356671499969152705e+00	-7.918965361640571965e-01
2.023327545537544070e-01	-1.349973699315583309e+00	-4.077361089628253610e-02	5.636400037328752610e-01	1.780834395212266275e-01	6.716232345827941597e-01	2.085149521600051237e-01	1.310944975605943252e+00	-8.640398835423033219e-01
1.549732310867354690e-01	-1.350897628241773285e+00	-1.083790308575544384e-02	5.733415366671634761e-01	2.118568206108304430e-01	4.557821947064246704e-01	2.611987607330969463e-01	1.260866176779687597e+00	-9.427675934327898188e-01
1.076062831139496662e-01	-1.350351375579662339e+00	2.947485022246338487e-02	5.842784446585562730e-01	2.282036136605242460e-01	1.782912325551210542e-01	3.117746729900294222e-01	1.208179602650237827e+00	-9.725851941425769365e-01
6.028420498036396458e-02	-1.348393837074653767e+00	6.279071142500042280e-02	5.956480828959372920e-01	2.307921199809462032e-01	3.709695480638849734e-03	3.601814919409686011e-01	1.155412392107306285e+00	-9.673490649262882490e-01
1.304820807306076962e-02	-1.345504197359533860e+00	8.339277920793029819e-02	6.070037620931106881e-01	2.289074147411729321e-01	-3.014194690565187920e-02	4.064396165825192586e-01	1.103167716149081157e+00	-9.567318765272374570e-01
-3.407588324007494729e-02	-1.342027597177055886e+00	9.721696056097531291e-02	6.182268304084362898e-01	2.255114657921225285e-01	-4.672595043442622637e-02	4.505694459113056549e-01	1.051226609641238818e+00	-9.516197985712162577e-01
-8.106956149539211454e-02	-1.338059093092831331e+00	1.099651993011253603e-01	6.292893697615981052e-01	2.218146358720597400e-01	-6.211461201391169085e-02	4.925709799273084721e-01	9.994997698726170166e-01	-9.487638418624584347e-01
-1.279150724399704120e-01	-1.333551955618723195e+00	1.247720363501779034e-01	6.401913801524968806e-01	2.192029661521099904e-01	-4.780213989153886400e-02	5.324578179616137330e-01	9.478573517969235418e-01	-9.470189131485851064e-01
-1.745919717825673012e-01	-1.328423202277771109e+00	1.413353940886891147e-01	6.509747387017552622e-01	2.172054913539191723e-01	-3.203073191076401954e-02	5.702367596797499605e-01	8.964209326132374089e-01	-9.418953580090351219e-01
-2.210776632012840526e-01	-1.322630005386567387e+00	1.588393031665008281e-01	6.616813225299464918e-01	2.159973176212923729e-01	-1.061335872480932349e-02	6.059078050817170435e-01	8.454014420381082973e-01	-9.332776414979150337e-01
-2.673483667573597344e-01	-1.316135251715875754e+00	1.774297647083671603e-01	6.723181111571495672e-01	2.145811740458393457e-01	-1.762769030679196824e-02	6.395049524952061137e-01	7.947934677860114538e-01	-9.251908057738446045e-01
-3.133785808875078627e-01	-1.308898110568960993e+00	1.967492985261949934e-01	6.828711455432063815e-01	2.117949418566874020e-01	-5.633722351167084336e-02	6.710418012512739949e-01	7.446653441122256245e-01	-9.159244757712334817e-01
-3.591422660207783113e-01	-1.300907583157688396e+00	2.166456971311685187e-01	6.932287533666052770e-01	2.068376882132162142e-01	-8.132040168573430317e-02	7.005319506809971619e-01	6.950466227598017799e-01	-9.065177028925173186e-01
-4.046119837662930929e-01	-1.292112915297704667e+00	2.377277346372292099e-01	7.032792623056858261e-01	1.989504433698116859e-01	-1.377410610582093242e-01	7.279957997809900494e-01	6.459420187259455881e-01	-8.958784453347132803e-01
-4.497595425224452104e-01	-1.282503722658312251e+00	2.590860271400243220e-01	7.128621433983336475e-01	1.875913783558028625e-01	-1.883683486843741595e-01	7.534673468789243600e-01	5.974748690326364686e-01	-8.836018271341926633e-01
-4.945555670707652007e-01	-1.272029189609414024e+00	2.820515924335225133e-01	7.218238472024145480e-01	1.736269244942301448e-01	-2.271002320603852653e-01	7.769669909714145284e-01	5.497103867398200894e-01	-8.699110428812791840e-01
-5.389687453651931248e-01	-1.260636995100190338e+00	3.062118189902593435e-01	7.300247833159022592e-01	1.564656353532969668e-01	-2.815970603939820238e-01	7.985219307206036232e-01	5.027179520352542674e-01	-8.551348711498752975e-01
-5.829661513366751757e-01	-1.248274848802693571e+00	3.318261296370845770e-01	7.372974432565539971e-01	1.353446582061465508e-01	-3.420947789411414308e-01	8.181729641197111880e-01	4.565961814097934113e-01	-8.378323149186471808e-01
-6.265125992839688518e-01	-1.234877003771089887e+00	3.593529896040679739e-01	7.434603595018700606e-01	1.108797946760616132e-01	-3.997755177648908975e-01	8.359540894964085922e-01	4.114006088974287989e-01	-8.208233731245525577e-01
-6.695705362721083853e-01	-1.220369325715521702e+00	3.886852234398343597e-01	7.483111259690141681e-01	8.147274873478629886e-02	-4.820283489433434543e-01	8.518993051783773085e-01	3.671383568002777875e-01	-8.030913687681519031e-01
-7.120997193278064685e-01	-1.204664930354298669e+00	4.205720860695436603e-01	7.516054594546266454e-01	4.705150781972441965e-02	-5.609433146982071294e-01	8.660562088243747292e-01	3.238750532308568020e-01	-7.838762436849135984e-01
-7.540565698302572617e-01	-1.187678623163684444e+00	4.544287034650242307e-01	7.530851177150910125e-01	7.156564594777552538e-03	-6.429092207220091781e-01	8.784655984276106278e-01	2.816921647077893498e-01	-7.631294640402347396e-01
-7.953948191203340512e-01	-1.169322936127423551e+00	4.907681616464889540e-01	7.525058175470970001e-01	-3.737473120073853128e-02	-7.123826303325639930e-01	8.891614723157761357e-01	2.407019214462566004e-01	-7.401167648080990702e-01
-8.360644324852598563e-01	-1.149475530769670684e+00	5.307551191326566054e-01	7.496651528677591436e-01	-8.511345319995133885e-02	-7.522839543996476808e-01	8.982118271442141033e-01	2.009921817744743933e-01	-7.158957867653281681e-01
-8.760103179402141116e-01	-1.127981410201767121e+00	5.744348791902454954e-01	7.444514513556151902e-01	-1.341768297847343305e-01	-7.601642390154730311e-01	9.056642605717015737e-01	1.628081338481978113e-01	-6.851440776237741614e-01
-9.151727566344628473e-01	-1.104713197396878677e+00	6.215784604901691823e-01	7.368856515708525068e-01	-1.812098735951959416e-01	-7.139628752589990413e-01	9.115935689191102531e-01	1.264884970899373129e-01	-6.487646414268642969e-01
-9.534868648436954919e-01	-1.079511932215874159e+00	6.731306343801969350e-01	7.271352619959122743e-01	-2.240047764365191707e-01	-6.497674671652637901e-01	9.160745485073503724e-01	9.234187802807673762e-02	-6.067873921103913437e-01
-9.908819483608275469e-01	-1.052213001511194568e+00	7.287186839686907724e-01	7.153817501532447887e-01	-2.631732981405311977e-01	-6.014934440530713688e-01	9.192091943194560244e-01	6.062495513374496076e-02	-5.605970701817440949e-01
-1.027282148105197246e+00	-1.022689919219290644e+00	7.870135060212896105e-01	7.017786654849349492e-01	-3.004352960845228515e-01	-5.756298197614909684e-01	9.210927016729327788e-01	3.157110084610759843e-02	-5.097844957334706217e-01
-1.062608376950157307e+00	-9.908670763524538572e-01	8.475813012175367200e-01	6.863609055915265156e-01	-3.381065665466685966e-01	-5.990243099587707620e-01	9.218474645474291629e-01	5.225377422791252328e-03	-4.604119720493782264e-01
-1.096778104520009345e+00	-9.566354681612374566e-01	9.109210755871960385e-01	6.690726343122387343e-01	-3.770704090699243949e-01	-6.305435264995470357e-01	9.215754779259889284e-01	-1.839791325471476155e-02	-4.096288231461090446e-01
-1.129705141986937944e+00	-9.198837549579308437e-01	9.772611244088281746e-01	6.498091588455892076e-01	-4.185922119852563683e-01	-6.453374804407465692e-01	9.203991357882607138e-01	-3.924028446842947604e-02	-3.572989711402302926e-01
-1.161298781258747415e+00	-8.804674470760600613e-01	1.047822138979005002e+00	6.284727659102739006e-01	-4.627540129287932569e-01	-7.165611133815272815e-01	9.184204331172783897e-01	-5.727774202922707170e-02	-3.059288070336637078e-01
-1.191463256971198259e+00	-8.382654042317836396e-01	1.120496667809499858e+00	6.048819879837432634e-01	-5.103971769629375155e-01	-7.507802064592996594e-01	9.157617638926907055e-01	-7.237140436624132922e-02	-2.503887623752765745e-01
-1.220099898518664183e+00	-7.932081927346420480e-01	1.195310876548285384e+00	5.789600503449300328e-01	-5.588000117967890645e-01	-7.696349145208308817e-01	9.125523217596843706e-01	-8.435201470125461287e-02	-1.926031579204263988e-01
-1.247107345257197020e+00	-7.452278535920260349e-01	1.271509311883471494e+00	5.505813216321644443e-01	-6.109823866264724179e-01	-8.341190579520602055e-01	9.089145006979176822e-01	-9.317923988563357740e-02	-1.336913975660194431e-01
-1.272382945324454839e+00	-6.943068747669615126e-01	1.348089063673867161e+00	5.196062114434206736e-01	-6.648616986567675857e-01	-8.437859930343430959e-01	9.049842940180961026e-01	-9.873460233289924060e-02	-7.444667373914151676e-02
-1.295822755639701285e+00	-6.403811376258250476e-01	1.426507829740820243e+00	4.859719040978389137e-01	-7.200977077368593271e-01	-8.707172005927522607e-01	9.008908953654066742e-01	-1.011106919705761636e-01	-1.634269801284661192e-02
-1.317320724132155840e+00	-5.834283680865001154e-01	1.504902185172774631e+00	4.496365224748956613e-01	-7.759416308663241724e-01	-8.864709090079470055e-01	8.967634983850455432e-01	-1.002990483670583438e-01	4.153167299402633905e-02
-1.336771928547133559e+00	-5.235077998459803927e-01	1.581463908193530665e+00	4.105093328133658237e-01	-8.340895181977376893e-01	-9.150294932905289613e-01	8.927312967221803230e-01	-9.648671911396405898e-02	9.396036003327605524e-02
-1.354073437258306534e+00	-4.606904027383198486e-01	1.655453739474547437e+00	3.684996013518753721e-01	-8.944259247213470765e-01	-9.509717016517483801e-01	8.889166843564788589e-01	-8.983992612511224052e-02	1.458783185103847968e-01
-1.369127343630931692e+00	-3.951903151805550851e-01	1.723376650451883707e+00	3.234677376885470856e-01	-9.573305928400345222e-01	-9.791549299955881747e-01	8.854284559364941076e-01	-8.051081771174653512e-02	1.926763328873357939e-01
-1.381843445300018125e+00	-3.272222593242885558e-01	1.785681046940337025e+00	2.753858237430154010e-01	-1.019828992958110137e+00	-9.765190132523930977e-01	8.823754061108273206e-01	-6.874713045240753162e-02	2.346767929760299742e-01
-1.392139760657684633e+00	-2.570509004216586790e-01	1.840469600368630942e+00	2.242538595152803182e-01	-1.082208600175457613e+00	-9.775323580777280918e-01	8.798459305314263457e-01	-5.486577690752868913e-02	2.714553421252644538e-01
-1.399945391053934118e+00	-1.850476687768904116e-01	1.885017334001723777e+00	1.700997630857074006e-01	-1.143533349898189000e+00	-9.508984004205580653e-01	8.779216251847302699e-01	-3.918814722467872658e-02	2.992500648185840717e-01
-1.405202554465624365e+00	-1.115738315681893134e-01	1.920189469235681790e+00	1.129933296552848715e-01	-1.203390950783381985e+00	-9.305267144403661650e-01	8.766636870605630794e-01	-2.233083188176894843e-02	3.167610540285547560e-01
-1.407866919061220079e+00	-3.704929364704017541e-02	1.943999810024102937e+00	5.300435442495133459e-02	-1.261739697266105020e+00	-9.043673822551542285e-01	8.761197138176826105e-01	-4.789098335826426009e-03	3.250120806308186006e-01
-1.407909733711142364e+00	3.806164865748592335e-02	1.955394949716141806e+00	-9.790387884225988657e-03	-1.317923731781347696e+00	-8.669349017591987394e-01	8.762965051216173862e-01	1.291526442888101846e-02	3.234663543097858751e-01
-1.405319011604631685e+00	1.132811563743911509e-01	1.955163288003604283e+00	-7.524432735019166707e-02	-1.371152394077038261e+00	-8.210466996346369450e-01	8.771872613068386615e-01	3.014375663739053343e-02	3.092133101616647006e-01
-1.400098163710279175e+00	1.881799818268505842e-01	1.942605691536395840e+00	-1.432388121313550033e-01	-1.421729412262241699e+00	-7.738857154917856418e-01	8.787715833767321127e-01	4.643490042849605925e-02	2.889476687022313195e-01
-1.392267935603619611e+00	2.622194209623754935e-01	1.916396088466200354e+00	-2.135993542252454247e-01	-1.468046625476104650e+00	-7.017470016017504086e-01	8.809882743414734207e-01	6.134982286615192626e-02	2.595127404898525114e-01
-1.381866870153720228e+00	3.349260466143706982e-01	1.878414895421093300e+00	-2.860956294687109214e-01	-1.509367039872750560e+00	-6.212807314980102191e-01	8.837829368767764482e-01	7.441063242018179646e-02	2.217746377487726794e-01
-1.368949230813599538e+00	4.058676770717462579e-01	1.829195716118416248e+00	-3.604833546583423032e-01	-1.545205211260716860e+00	-5.321646255906268275e-01	8.870739749962118781e-01	8.519744032709257453e-02	1.767166742826954129e-01
-1.353584130047809087e+00	4.746354800060446077e-01	1.769898055720611874e+00	-4.364693899500782792e-01	-1.575052803886315411e+00	-4.362615408089724478e-01	8.907457943856695870e-01	9.334202522763164478e-02	1.254784397903024040e-01
-1.335853786187602310e+00	5.408925176813058622e-01	1.702314659980382228e+00	-5.137605954999071578e-01	-1.598649426229221460e+00	-3.393853374873925244e-01	8.946964000620959423e-01	9.857684755499389329e-02	7.090580571056991077e-02
-1.315851909407941056e+00	6.043091644050783140e-01	1.626324353229221753e+00	-5.920359133833525966e-01	-1.615148233559324575e+00	-2.201107875872679032e-01	8.987965983803138936e-01	1.007436809680868767e-01	1.180325457892064493e-02
-1.293681592737452091e+00	6.647036636672920551e-01	1.546930278588755758e+00	-6.709393880754936923e-01	-1.624584421653547661e+00	-1.134140093558710510e-01	9.029171956951465017e-01	9.956870034397122260e-02	-5.046994298211888302e-02
-1.269450588351134890e+00	7.219715577035389353e-01	1.465030683608285811e+00	-7.501429821317749935e-01	-1.627339421167486977e+00	-7.643391063168422130e-03	9.069221986958589943e-01	9.499788908085494976e-02	-1.131255209218263724e-01
-1.243269844189514250e+00	7.760374833090855073e-01	1.381468612701755916e+00	-8.293116785876119001e-01	-1.623202200511868698e+00	1.013543966200573243e-01	9.106688144062076162e-01	8.703772365905496078e-02	-1.752611213988365668e-01
-1.215252234260554065e+00	8.268664471328550647e-01	1.297305928491612637e+00	-9.081034809581916001e-01	-1.612041705492947008e+00	2.119861994819453865e-01	9.140210495154674764e-01	7.574137729353908055e-02	-2.360520110984568321e-01
-1.185510955376815279e+00	8.744720594070927167e-01	1.213968259925774174e+00	-9.861833722789296042e-01	-1.593843628884330288e+00	3.217740459367700590e-01	9.168497103784516433e-01	6.120455944695499251e-02	-2.947553415265637411e-01
-1.154157913132465962e+00	9.189131237085857995e-01	1.132250388561405918e+00	-1.063209356065112354e+00	-1.568718565546024735e+00	4.300364557790300468e-01	9.190120040189068140e-01	4.355905263099559693e-02	-3.508150034594416655e-01
-1.121302323083352315e+00	9.602934526214327304e-01	1.053912113771295456e+00	-1.138832456311848373e+00	-1.536823322679280679e+00	5.316529692691243092e-01	9.203923361227225319e-01	2.287779652426701754e-02	-4.052118473797550746e-01
-1.087049527130137250e+00	9.987116665643837043e-01	9.774710080058272021e-01	-1.212752553654997456e+00	-1.498547486058737332e+00	6.349376668151457404e-01	9.208683127102404997e-01	-5.593175909461013369e-04	-4.545069305994532960e-01
-1.051501639127499166e+00	1.034266355233316892e+00	9.041139386751707585e-01	-1.284641610650054000e+00	-1.453654557232143985e+00	7.373260109825642283e-01	9.203243394673600308e-01	-2.658235648374601343e-02	-5.006394697929416049e-01
-1.014756684071867365e+00	1.067089504085849017e+00	8.341394973048171790e-01	-1.354192528412748731e+00	-1.402505278605735262e+00	8.341873976223517229e-01	9.186720207421040785e-01	-5.500077358633093799e-02	-5.435073912854332390e-01
-9.769077372891596944e-01	1.097332669048987741e+00	7.684914660534052366e-01	-1.421098208058813261e+00	-1.345468361710844940e+00	9.225386230606120730e-01	9.158093615514386610e-01	-8.565863837939934056e-02	-5.828135092821539187e-01
-9.380426016301848247e-01	1.125131030759025652e+00	7.058953385447213069e-01	-1.485086448304472562e+00	-1.282839379537494384e+00	1.011689010702338853e+00	9.116479662433962794e-01	-1.182633105768661347e-01	-6.175418793698463915e-01
-8.982444530798383564e-01	1.150646498750795610e+00	6.481206464962252500e-01	-1.545885047866051298e+00	-1.214998131717471397e+00	1.086297171557783381e+00	9.061130384970764728e-01	-1.528003529901038882e-01	-6.517726708173769978e-01
-8.575899039295119541e-01	1.174054070502553060e+00	5.946400723279533507e-01	-1.603319518741029182e+00	-1.145434808900066770e+00	1.094505076920331721e+00	8.991161826605117424e-01	-1.897072957770807311e-01	-6.970446349171850464e-01
-8.161501863939543133e-01	1.195504779652483363e+00	5.448369682995773955e-01	-1.657292147648052660e+00	-1.072433545424152701e+00	1.174199672782301862e+00	8.905690030817251523e-01	-2.281348052404172932e-01	-7.170001909601442236e-01
-7.739913678143377496e-01	1.215136233943758581e+00	4.986833738634926516e-01	-1.707572610424018977e+00	-9.939601970702972578e-01	1.252519423600724879e+00	8.804307017675262470e-01	-2.676117004199040639e-01	-7.377553953459238256e-01
-7.311748886659212854e-01	1.233074274259618353e+00	4.555785321241148655e-01	-1.753909644345390539e+00	-9.109634474060653853e-01	1.323242082852604362e+00	8.686536810591284352e-01	-3.082208922171114085e-01	-7.574171232807791476e-01
-6.877579929641830514e-01	1.249446062566793803e+00	4.162891204990345484e-01	-1.796205536130863312e+00	-8.300319172569877724e-01	1.239937356658632917e+00	8.551631446356697808e-01	-3.514248764730941166e-01	-8.121367019389876818e-01
-6.437927598510236882e-01	1.264406134910865065e+00	3.803956111142042240e-01	-1.834523101461197570e+00	-7.455017333753456432e-01	1.357703874519013310e+00	8.398910958417586947e-01	-3.947390156814034046e-01	-8.031247319638881166e-01
-5.993270720085637215e-01	1.278031728591750182e+00	3.460531024222726626e-01	-1.868576180012559984e+00	-6.558045089896543667e-01	1.423793426652994576e+00	8.228375346774144949e-01	-4.386456175315703310e-01	-8.147495316083683825e-01
-5.544067676897980190e-01	1.290372399601799724e+00	3.131913061536404363e-01	-1.898155386181985760e+00	-5.622069343884816828e-01	1.484542559483962743e+00	8.039752624804943348e-01	-4.830808635402876750e-01	-8.230627975117357220e-01
-5.090754255155326424e-01	1.301539241845748984e+00	2.847495260141051365e-01	-1.923190924768486632e+00	-4.712135182134034039e-01	1.401659024846163559e+00	7.832430822611640142e-01	-5.299951521467977100e-01	-8.657253506776825258e-01
-4.633696300069372054e-01	1.311763291320170888e+00	2.603940622413683514e-01	-1.943724672892734873e+00	-3.750035299165085934e-01	1.550471519347415228e+00	7.606069956917521635e-01	-5.758568010250011415e-01	-8.463274758662893138e-01
-4.173230604437953573e-01	1.320986727580178099e+00	2.339297190380305591e-01	-1.959365777429216360e+00	-2.712339322605737957e-01	1.649064558182331108e+00	7.360874017688538995e-01	-6.218286214576340676e-01	-8.490478736068269860e-01
-3.709713329334811127e-01	1.329194097021213272e+00	2.078550206241959741e-01	-1.969793180453554005e+00	-1.613647920060736485e-01	1.746999986642549185e+00	7.096843004924787701e-01	-6.679475531235098407e-01	-8.511373009731061368e-01
-3.243489875680408141e-01	1.336474188743022928e+00	1.863503680167203913e-01	-1.974748639722130772e+00	-4.706270788005698091e-02	1.796973860836460490e+00	6.813976918626269974e-01	-7.140272540203805862e-01	-8.608008147844274927e-01
-2.774791586770378737e-01	1.343367633122163118e+00	1.774120470546638184e-01	-1.974176319074215868e+00	6.451623034085822439e-02	1.741793342086458418e+00	6.511935775516268787e-01	-7.612547412969191685e-01	-8.694261318771929758e-01
-2.303793853103267841e-01	1.349552608075640814e+00	1.566397134971511951e-01	-1.968139034190668601e+00	1.777373906364964062e-01	1.793181751258854373e+00	6.190651578939209143e-01	-8.080049513210865175e-01	-8.577295693112344521e-01
-1.830776438664502570e-01	1.354895592002245408e+00	1.343097660387614078e-01	-1.956497194669512885e+00	2.942407345398106444e-01	1.834689802556933813e+00	5.850328318861333088e-01	-8.542188470151924617e-01	-8.491398436971777652e-01
-1.356042779776727991e-01	1.359353019869643964e+00	1.113118446878922779e-01	-1.939125169149078953e+00	4.122315149276865598e-01	1.850430839692224882e+00	5.491169985248690599e-01	-9.001357808958446727e-01	-8.444632577023361009e-01
-8.798855526092999590e-02	1.363069166284207157e+00	9.451007641422645711e-02	-1.915988060028822826e+00	5.307081114949108169e-01	1.858842401798626476e+00	5.113516561377995373e-01	-9.445456422893236947e-01	-8.185847728968248527e-01
-4.025404045191728619e-02	1.366102742654107027e+00	7.492319109957339129e-02	-1.887057949228379439e+00	6.495576545324813766e-01	1.860673636398079589e+00	4.717572037215490011e-01	-9.894084920587226106e-01	-8.285469071508618777e-01
7.572043261554108756e-03	1.368294481611493252e+00	5.262708906638270678e-02	-1.852334836747748348e+00	7.680985620823352900e-01	1.849043256324964579e+00	4.303132422794933576e-01	-1.034702930093484463e+00	-8.353414913731073144e-01
5.545989025488299445e-02	1.369627608468316105e+00	3.044985964603749012e-02	-1.811867579227631531e+00	8.847536627359836592e-01	1.812230171232568354e+00	3.870129721461136874e-01	-1.080276565691663526e+00	-8.391911401898233258e-01
1.033796949034693075e-01	1.370118037672212408e+00	8.644393347552374249e-03	-1.765781808029748046e+00	9.984998324269469538e-01	1.764560324579288464e+00	3.418427939903143087e-01	-1.125888601953705992e+00	-8.376002682452828862e-01
1.513010059735155899e-01	1.369690989753014287e+00	-1.653305978893584299e-02	-1.714210134035896171e+00	1.109820827093973117e+00	1.728860412543851366e+00	2.948231068087290296e-01	-1.170786531966400368e+00	-8.250606210807555074e-01
1.991902517867714661e-01	1.368294573780108880e+00	-4.135864845975379539e-02	-1.657292147648052660e+00	1.216518756311579796e+00	1.627596460097434194e+00	2.459471109358004337e-01	-1.216110970000989555e+00	-8.346312185445736720e-01
2.470141834695855076e-01	1.365966486717298478e+00	-6.504220152681784717e-02	-1.595376824871059140e+00	1.314883770583688216e+00	1.495566997611194271e+00	1.952284057026144881e-01	-1.261074943178771557e+00	-8.208734637047934157e-01
2.947406281636343328e-01	1.362740370109296606e+00	-8.790921087584145643e-02	-1.528882936910696211e+00	1.403805114082170569e+00	1.335808752066559135e+00	1.426737907747094025e-01	-1.305552491345518762e+00	-8.141691096807148753e-01
3.423392422366534071e-01	1.358657853447507557e+00	-1.104114128576065418e-01	-1.458306029693811734e+00	1.482935278585205241e+00	1.191507791909524050e+00	8.831726447974706795e-02	-1.349279524851395573e+00	-8.006361061768964005e-01
3.897796820563779185e-01	1.353723729499945572e+00	-1.320090572206967239e-01	-1.384071853946314823e+00	1.553752329344067151e+00	1.078242014340109023e+00	3.217922581435170293e-02	-1.391952457643916619e+00	-7.716823466741874471e-01
4.370330028104703612e-01	1.347973421737893140e+00	-1.528269971835321817e-01	-1.306487508552424570e+00	1.621858589918539151e+00	1.078860247650978321e+00	-2.566552890057605119e-02	-1.432798013579220653e+00	-7.363006012848164472e-01
4.840713357019220675e-01	1.341463275908386876e+00	-1.719476002807834858e-01	-1.225532054951854688e+00	1.692468472039252658e+00	1.148464035122132465e+00	-8.513540367862634795e-02	-1.471274781481676008e+00	-6.851478626523846982e-01
5.308691791674462479e-01	1.334240144391051652e+00	-1.902550420486346650e-01	-1.140940271381008397e+00	1.770809693157382902e+00	1.254187674700460997e+00	-1.461352032022743275e-01	-1.507311455319595428e+00	-6.493500998845235239e-01
5.774008164406913002e-01	1.326226789885968760e+00	-2.125747705451181135e-01	-1.052467874636426881e+00	1.849249347993086268e+00	1.181813145386181318e+00	-2.086037304817053573e-01	-1.543668400323352285e+00	-6.706855125269866047e-01
6.236343974679322555e-01	1.317190394469995418e+00	-2.410551689474079995e-01	-9.604429021626659235e-01	1.915840759437230867e+00	9.784468353136698271e-01	-2.725681841790624782e-01	-1.580507337576686266e+00	-6.737603904066690186e-01
6.695301096820137632e-01	1.306904008288519714e+00	-2.749059708680801073e-01	-8.655004902884996243e-01	1.969170802739131254e+00	7.806863486361279580e-01	-3.380353639598839277e-01	-1.616413801122051463e+00	-6.458790149777079437e-01
7.150405008069472546e-01	1.295154783285123345e+00	-3.145595157758903637e-01	-7.681990006217349620e-01	2.012925591706284045e+00	6.472551788868619038e-01	-4.049100745066544493e-01	-1.649080795953359768e+00	-5.718755702327859014e-01
7.601125232870362680e-01	1.281894453828075653e+00	-3.522708995082758920e-01	-6.689292862876875523e-01	2.050774214546778218e+00	5.838597822181740282e-01	-4.730359235120539241e-01	-1.677514536796863798e+00	-5.024359542594212247e-01
8.046968956202336098e-01	1.267323179427706226e+00	-3.855652426562882207e-01	-5.679077124094010776e-01	2.084422378791004338e+00	4.983070994558444489e-01	-5.422701179998288268e-01	-1.703285648989398160e+00	-4.541137760147477276e-01
8.487481023581425754e-01	1.251438870928725855e+00	-4.201148987204462726e-01	-4.654204393108083426e-01	2.110392713064517256e+00	3.709306337508442852e-01	-6.124970636558592085e-01	-1.726279727440310552e+00	-4.007753054574386131e-01
8.922185836232416900e-01	1.234147209114449417e+00	-4.575766717439719300e-01	-3.618792586776604092e-01	2.127932084970070914e+00	2.471389334701011853e-01	-6.836079658315726837e-01	-1.746194613877959156e+00	-3.419681400952638839e-01
9.350570134843606551e-01	1.215321154909632995e+00	-4.984427311833631302e-01	-2.576401260348286093e-01	2.138647052959163020e+00	1.360700586084784003e-01	-7.554668312162443611e-01	-1.762631525792188070e+00	-2.748716033490468669e-01
9.772072239413487349e-01	1.194831948758207529e+00	-5.425169942254598476e-01	-1.530520173871549039e-01	2.142585832384731326e+00	2.872439240193641954e-02	-8.279172675025637806e-01	-1.775109998326880545e+00	-1.991155407877757688e-01
1.018608420128144898e+00	1.172528987142194223e+00	-5.910296292368928395e-01	-4.845692921940219361e-02	2.138610283387336608e+00	-9.561959689912839788e-02	-9.007960827176436647e-01	-1.783184763083936808e+00	-1.147593407313265146e-01
1.059193781492846709e+00	1.148206918385915376e+00	-6.449949698978461043e-01	5.575428534301446470e-02	2.126886942082174770e+00	-2.164420296790760256e-01	-9.738992868954061688e-01	-1.786295001029506890e+00	-1.975079027576747207e-02
1.098889062977785214e+00	1.121683648027710145e+00	-7.033609736811945456e-01	1.591837936546506849e-01	2.106543639948422530e+00	-3.516059712550811955e-01	-1.047022890069783108e+00	-1.783921564407863425e+00	8.445934299460050587e-02
1.137614209042517421e+00	1.092773487029906843e+00	-7.670502269752529356e-01	2.614337630699132276e-01	2.078617937043989006e+00	-4.682914076950844273e-01	-1.119922104281477537e+00	-1.775474912547248207e+00	2.005502607520645852e-01
1.175281524437769232e+00	1.061244078312441497e+00	-8.366896523235777261e-01	3.621342790237728759e-01	2.043007536700174320e+00	-5.906099543603269275e-01	-1.192338542240106047e+00	-1.760290795313134371e+00	3.284347232763044633e-01
1.211796427416160116e+00	1.026968628583045273e+00	-9.080720129654777928e-01	4.609014679108439094e-01	1.999313267300658170e+00	-7.201764507826955430e-01	-1.263993417658699991e+00	-1.737910662625151259e+00	4.630809501618055601e-01
1.247060570176663719e+00	9.898156132271801466e-01	-9.820575364873770363e-01	5.576236574096147258e-01	1.975074679709567071e+00	2.173455608957992058e-01	-1.334553546925994816e+00	-1.705943977695732583e+00	6.958401856863835055e-01
1.280980662190296160e+00	9.502540783299101568e-01	-1.043507002337654921e+00	6.546459662725753192e-01	1.986514881004441957e+00	-1.477424866428459216e-01	-1.403447758136967094e+00	-1.656721017270748275e+00	9.823936824715954197e-01
1.313464919349533355e+00	9.076872628277461441e-01	-1.128614362167587037e+00	7.507330194425219094e-01	1.942159903890167794e+00	-8.454906712703110783e-01	-1.470111679052121589e+00	-1.598261626351067610e+00	1.127002989868286065e+00
1.344394764765170169e+00	8.614172966858261171e-01	-1.228656164444427823e+00	8.439096127322415208e-01	1.868542928926497204e+00	-1.258487350927219861e+00	-1.534239324722346920e+00	-1.532398710294152089e+00	1.266020466932572308e+00
1.373632576076687872e+00	8.110136910233007868e-01	-1.339079347101006068e+00	9.330450638860126045e-01	1.777363690495046500e+00	-1.513094350312929492e+00	-1.595504311201896952e+00	-1.458247543039793870e+00	1.425235009284707921e+00
1.401027173130427128e+00	7.561266044980186063e-01	-1.457086658777086097e+00	1.017364646173133824e+00	1.672588437896056046e+00	-1.680358619583528057e+00	-1.653539456551845310e+00	-1.374757858960391710e+00	1.601832051335256857e+00
1.426418122040903569e+00	6.965759396349913146e-01	-1.579634348562937385e+00	1.096289059425561430e+00	1.555891259689590189e+00	-1.869188155766224435e+00	-1.707950380171093796e+00	-1.281175839576610853e+00	1.790701438166927506e+00
1.449639824049056003e+00	6.322456868699819488e-01	-1.703522469394161742e+00	1.169329737236526778e+00	1.431770061708596220e+00	-1.977040212801436159e+00	-1.758315502796400587e+00	-1.176935319977488348e+00	1.987696731985744591e+00
1.470525604380495288e+00	5.631943118281874661e-01	-1.825934624314447641e+00	1.236088846960585297e+00	1.297887973130425143e+00	-2.141007513371945503e+00	-1.804186046502400664e+00	-1.061954750633886446e+00	2.184618461942050782e+00
1.488911263096085680e+00	4.894907259112450948e-01	-1.945642224468840942e+00	1.296119699311492068e+00	1.156648107235918044e+00	-2.232777213240167757e+00	-1.845126832694795382e+00	-9.362601802451573363e-01	2.379605706509715368e+00
1.504637334724138853e+00	4.113679313795287062e-01	-2.057803189062716420e+00	1.349136133965313844e+00	1.010556446263671360e+00	-2.298375557733427943e+00	-1.880709482444795189e+00	-8.002414427880271131e-01	2.564175758706200625e+00
1.517555329149318233e+00	3.291919605286733885e-01	-2.160114861301174916e+00	1.394914806278978237e+00	8.603167054509752720e-01	-2.366475977179151702e+00	-1.910519216154706434e+00	-6.546262914403760957e-01	2.734059380978660414e+00
1.527532143275483367e+00	2.435083901176083310e-01	-2.245826424233985374e+00	1.433337064410794781e+00	7.095723773779051280e-01	-2.345975097778986829e+00	-1.934195651551140926e+00	-5.006284395322397884e-01	2.877986070675213615e+00
1.534457593132991793e+00	1.550543447946027831e-01	-2.311889579872346445e+00	1.464430826441178946e+00	5.590082917429146647e-01	-2.360400243726791025e+00	-1.951412404688343427e+00	-3.398737974029019671e-01	2.989593286274851103e+00
1.538248717940015275e+00	6.463977163115429414e-02	-2.356269869313078136e+00	1.488133276689221240e+00	4.074262898718510328e-01	-2.362259368550794658e+00	-1.961945086603640753e+00	-1.743810479405753511e-01	3.062637806231068183e+00
1.538852792945454295e+00	-2.680842616531996236e-02	-2.375678557789973500e+00	1.504507230835880893e+00	2.582669592601058994e-01	-2.322410763265533973e+00	-1.965644104655241531e+00	-6.289706794260062177e-03	3.095368841140528904e+00
1.536251418287190695e+00	-1.182502495803355730e-01	-2.367219794122998877e+00	1.513706238323192732e+00	1.136478709949228366e-01	-2.252769900567994199e+00	-1.962441462187773267e+00	1.618804133222713215e-01	3.080249788551205903e+00
1.530462563421212119e+00	-2.087097549439154986e-01	-2.335230933330187053e+00	1.515925725713913819e+00	-2.824955931670355275e-02	-2.210456563731891588e+00	-1.952398356191070272e+00	3.278525352223473077e-01	3.025942167523058224e+00
1.521535725052630239e+00	-2.973275501017795808e-01	-2.280849303591856447e+00	1.511347160530544409e+00	-1.643816852991087096e-01	-2.094481523492218056e+00	-1.935630380979242782e+00	4.895642055697505546e-01	2.934730090200412977e+00
1.509550420714224517e+00	-3.832461842779219530e-01	-2.204716920563137172e+00	1.500312539257847577e+00	-2.926690760691636473e-01	-1.968837961466781472e+00	-1.912368725180511486e+00	6.450143264235939089e-01	2.807881785363187443e+00
1.494614467141912817e+00	-4.657364808310301418e-01	-2.110618629268594226e+00	1.483247612621632738e+00	-4.113110355590204881e-01	-1.807808319475909808e+00	-1.882892175081855024e+00	7.924917688507285840e-01	2.651644747977285999e+00
1.476858492596579975e+00	-5.442097004394639281e-01	-2.002384266883571851e+00	1.460633967508589981e+00	-5.202171850195642655e-01	-1.653936609754592890e+00	-1.847567912622219088e+00	9.306057248901521417e-01	2.471832385170949831e+00
1.456431417599695743e+00	-6.182172277279620598e-01	-1.883701035892640263e+00	1.432960170325587423e+00	-6.184426036837711305e-01	-1.480677640648797144e+00	-1.806797118068240504e+00	1.058302691504210413e+00	2.275440162402600386e+00
1.433494214044407133e+00	-6.875455080140540076e-01	-1.761732819481400591e+00	1.400735726039531226e+00	-7.068288569152130218e-01	-1.313269919974841216e+00	-1.761021769679736337e+00	1.175019160118394357e+00	2.072503442020118491e+00
1.408212695892842481e+00	-7.520616341539659855e-01	-1.635216247628691333e+00	1.364518996258228256e+00	-7.820736651760245017e-01	-1.113952318484974890e+00	-1.710690645382110686e+00	1.280463597806878129e+00	1.862721405822240550e+00
1.380757088769975605e+00	-8.117053585959321804e-01	-1.509474912870485186e+00	1.324959076350660681e+00	-8.436558162087646195e-01	-8.967940241970023818e-01	-1.656279721762862200e+00	1.374512252495111442e+00	1.654912956800504986e+00
1.351296542285450819e+00	-8.665651939338525622e-01	-1.385771148174823386e+00	1.282726000246097176e+00	-8.919393573889642379e-01	-6.894602626383723454e-01	-1.598244576412913620e+00	1.457399778304598881e+00	1.451571970942880263e+00
1.319996439995265503e+00	-9.167870738091796756e-01	-1.267195371841876250e+00	1.238426986192946888e+00	-9.283356966001407029e-01	-5.072180712146350245e-01	-1.537040786923187907e+00	1.529393153651069648e+00	1.254172350600071484e+00
1.287014848551180979e+00	-9.626200685442829474e-01	-1.155005928173835184e+00	1.192634354839124722e+00	-9.530980002132909412e-01	-3.262223582881163542e-01	-1.473096732222435756e+00	1.590980895410516016e+00	1.066341587828897097e+00
1.252501226482329422e+00	-1.004313094847172794e+00	-1.049514651066812077e+00	1.145913447312417066e+00	-9.667146597085135573e-01	-1.546410197109380491e-01	-1.406840791239446276e+00	1.642700762295946193e+00	8.888654423591308973e-01
1.216595455781420920e+00	-1.042153411569971766e+00	-9.516844842301861451e-01	1.098780748100007809e+00	-9.698775439396469800e-01	5.307244458876566977e-03	-1.338653745244222648e+00	1.685178803003257952e+00	7.232402825177474126e-01
1.179427626701675003e+00	-1.076425266723357366e+00	-8.611058714545336557e-01	1.051731803128794329e+00	-9.633423749119146562e-01	1.521338647535131483e-01	-1.268909575841248305e+00	1.719040285929516410e+00	5.688714925198041783e-01
1.141117714952223805e+00	-1.107405104708548249e+00	-7.776500586062338183e-01	1.005227260725130245e+00	-9.478861923978628701e-01	2.856259460380635717e-01	-1.197941466641788466e+00	1.744900551414288126e+00	4.259008277916495611e-01
1.101776550111905451e+00	-1.135354622948259395e+00	-7.009081436170619961e-01	9.596649535344601301e-01	-9.249617092436011045e-01	3.977610297684301965e-01	-1.126069001926040203e+00	1.763371718989191095e+00	2.940496858080103859e-01
1.061505708027733919e+00	-1.160531217663140602e+00	-6.308093037361951483e-01	9.153798985215173545e-01	-8.953997747001344321e-01	4.970253559150835110e-01	-1.053577767646511010e+00	1.775043661368040038e+00	1.727425224442326601e-01
1.020397833619496319e+00	-1.183183006766533207e+00	-5.670190334908330465e-01	8.726861740905506037e-01	-8.600452304858785535e-01	5.828252292012536806e-01	-9.807397504246506692e-01	1.780511729958586420e+00	6.263181863636384239e-02
9.785373940904821266e-01	-1.203530979875904405e+00	-5.088174026271411465e-01	8.318420224852262068e-01	-8.197515741912159148e-01	6.569372882179188577e-01	-9.077929385542083951e-01	1.780341890446559105e+00	-3.757211611822425246e-02
9.360015397397475345e-01	-1.221785373603561320e+00	-4.559205457739444745e-01	7.930638088284390763e-01	-7.752148237656381058e-01	7.186569248802610055e-01	-8.349617209978764665e-01	1.775045819641408729e+00	-1.284224057545527986e-01
8.928602115636464776e-01	-1.238135625177545496e+00	-4.079113761206952238e-01	7.565469596829959009e-01	-7.271144007760227401e-01	7.723599768630488027e-01	-7.624432880562042048e-01	1.765167236411062435e+00	-2.093649800804479599e-01
8.491766792634977135e-01	-1.252765610986086964e+00	-3.645665921984766467e-01	7.224589835311890917e-01	-6.757623887516469585e-01	8.221405414076317086e-01	-6.904144310331262746e-01	1.751203041693445206e+00	-2.812949800476429174e-01
8.050084020578439636e-01	-1.265843231524035772e+00	-3.254938129930127766e-01	6.909464502950244391e-01	-6.217073267523589575e-01	8.610547571266415900e-01	-6.190315422359725650e-01	1.733685498905525924e+00	-3.432367962171218312e-01
7.604068134793903200e-01	-1.277537063189424060e+00	-2.908982713169224188e-01	6.621280118160925987e-01	-5.651521055556163464e-01	8.986856872972833754e-01	-5.484306149754583082e-01	1.713175925144239775e+00	-3.942577609099437441e-01
7.154163529612039829e-01	-1.288090492573322310e+00	-2.637604259302379628e-01	6.361362789763407299e-01	-5.057465557954881064e-01	9.498571203557681919e-01	-4.787136442346272003e-01	1.690408133355001619e+00	-4.318521607664059236e-01
6.700724214075948204e-01	-1.297741345426990156e+00	-2.412193823204307197e-01	6.131387602580116170e-01	-4.423795353487341431e-01	1.009750506008460613e+00	-4.099690256654562881e-01	1.665739400790874569e+00	-4.660925063587356143e-01
6.244049320446952711e-01	-1.306562957245616996e+00	-2.198252556436439686e-01	5.933029641434968138e-01	-3.763422713971838474e-01	1.044561931138886068e+00	-3.422783552543554042e-01	1.639196091591163862e+00	-5.004037296642397381e-01
5.784431524894418919e-01	-1.314555450920690260e+00	-1.982591297180963108e-01	5.767266039140507283e-01	-3.088856161297896530e-01	1.061997612286728732e+00	-2.757096296567063676e-01	1.610764675042057226e+00	-5.348355549700677392e-01
5.322160275541718555e-01	-1.321703127064676631e+00	-1.758771700570294083e-01	5.634655157305038520e-01	-2.407358902015403757e-01	1.062042755118132620e+00	-2.103444448589286420e-01	1.580343396855263594e+00	-5.717354326009238541e-01
4.857536856680845783e-01	-1.327997014598985892e+00	-1.541679308008027105e-01	5.535057405525990459e-01	-1.734649570399336704e-01	1.051567025871821270e+00	-1.462711965129992742e-01	1.548007149116683134e+00	-6.059764802550120510e-01
4.390848564404515875e-01	-1.333502461072117118e+00	-1.343033697266396431e-01	5.468054012598621005e-01	-1.071096906595482984e-01	1.035195642844165542e+00	-8.355108160873288281e-02	1.513871233430521990e+00	-6.382751977434184543e-01
3.922361174498874004e-01	-1.338275167050796632e+00	-1.152407618308396720e-01	5.433156412115915934e-01	-4.220961513688355204e-02	1.008579496492257199e+00	-2.227249579810649388e-02	1.477989955275161194e+00	-6.700627532228592420e-01
3.452330778612119344e-01	-1.342316576510003800e+00	-9.650543194532056057e-02	5.429317676062556108e-01	2.047519526456904881e-02	9.681867860009616411e-01	3.750336392906526706e-02	1.440239396555022200e+00	-7.055391548519175382e-01
2.981007012300467829e-01	-1.345664570750772171e+00	-7.875122610812278212e-02	5.455281490821842771e-01	7.942921897484137017e-02	9.052758032003479505e-01	9.569490158633391086e-02	1.400521588261260941e+00	-7.431154537247826042e-01
2.508628750966851451e-01	-1.348344342528047690e+00	-6.133102476729441338e-02	5.508674819560971381e-01	1.331248004652627326e-01	8.147618562229249628e-01	1.522069218562132342e-01	1.358391677048347734e+00	-7.904309669811795391e-01
2.035434870014204700e-01	-1.350296412361860598e+00	-4.129897402997985412e-02	5.586705854240908709e-01	1.795291847480836034e-01	6.801042093794632537e-01	2.069306300901116447e-01	1.312764748700060213e+00	-8.621766726843512751e-01
1.561721273657877274e-01	-1.351247285246693464e+00	-1.164176683506041622e-02	5.684628521196538609e-01	2.138611342632363854e-01	4.625441885878691650e-01	2.596960346496423599e-01	1.262732037311281585e+00	-9.417321133879944517e-01
1.087922672090596149e-01	-1.350740419306339035e+00	2.846113877415185414e-02	5.795044529124794286e-01	2.307529897167655553e-01	1.866873946985917465e-01	3.103467432274658044e-01	1.210054395113158154e+00	-9.728916593623316844e-01
6.145609327467017186e-02	-1.348809609699870293e+00	6.228880962382969677e-02	5.910067020317083530e-01	2.336239493006077306e-01	5.062585196393233795e-03	3.588283584992959518e-01	1.157229923917540315e+00	-9.681152890245241505e-01
1.420524735583323338e-02	-1.345929586243650222e+00	8.325416509232944073e-02	6.025019716308085416e-01	2.318284210029323833e-01	-2.885455380658454375e-02	4.051612794617472368e-01	1.104950532962281962e+00	-9.573791469440603441e-01
-3.293369296883622011e-02	-1.342451880037784484e+00	9.725826718451244246e-02	6.138785893882685585e-01	2.285213056225465778e-01	-4.530676261559593576e-02	4.493591054458961342e-01	1.052971889099924230e+00	-9.522934420906157271e-01
-7.994222023568750557e-02	-1.338483191616328449e+00	1.099843448972028237e-01	6.250876986634361643e-01	2.248675118394693195e-01	-6.190168981565256218e-02	4.914354357827899200e-01	1.001210417344783332e+00	-9.494096471069159993e-01
-1.268025801917995465e-01	-1.333980447512900014e+00	1.245685505732012782e-01	6.361362789763407299e-01	2.222801357899322761e-01	-4.722308027827717275e-02	5.313902704724576820e-01	9.495338819477590064e-01	-9.476409703909540738e-01
-1.734947589520616507e-01	-1.328864659223883082e+00	1.409544685227328842e-01	6.470731869677336379e-01	2.203123627937301210e-01	-3.144592887786331475e-02	5.692372088459562995e-01	8.980635446679757772e-01	-9.425223907325614991e-01
-2.199961601945747136e-01	-1.323086885214365571e+00	1.584607309133957975e-01	6.579263407179802847e-01	2.191493712820475614e-01	-9.783186524879560961e-03	6.049762509032859947e-01	8.470081603465121622e-01	-9.339604728690223956e-01
-2.662831115821111538e-01	-1.316606632739203420e+00	1.770490146437082857e-01	6.687236583073967733e-01	2.178128044997838242e-01	-1.600605454398507446e-02	6.386413949721277961e-01	7.963630139861621604e-01	-9.258819397883555347e-01
-3.123301115513844595e-01	-1.309381780741042611e+00	1.964594900429040836e-01	6.794372216557166277e-01	2.151288403648780323e-01	-5.483403426973124106e-02	6.702326410524818145e-01	7.461960745959425045e-01	-9.166491866524506538e-01
-3.581109053283785815e-01	-1.301403081635445602e+00	2.163272819364051858e-01	6.899553584412793095e-01	2.102746559803309045e-01	-7.965373505468460735e-02	6.997839874720388487e-01	6.965381556787193507e-01	-9.072476334502861395e-01
-4.035981621237485495e-01	-1.292619811960930898e+00	2.374415398851978942e-01	7.001803553828304105e-01	2.024810090119793238e-01	-1.363711347954500996e-01	7.273158332273845783e-01	6.473930093097340910e-01	-8.966341995554214517e-01
-4.487636903358872553e-01	-1.283023062084651889e+00	2.587640141686647355e-01	7.099307449577706430e-01	1.911709319411348529e-01	-1.860671928535622965e-01	7.528417776496146852e-01	5.988822790964766218e-01	-8.843806883440797906e-01
-4.935781147463250140e-01	-1.272559558546760616e+00	2.817769488577913095e-01	7.190669367642228416e-01	1.773538854330733439e-01	-2.263901487311642813e-01	7.763958190663909908e-01	5.510769556306800432e-01	-8.706707652771437100e-01
-5.380101233090021084e-01	-1.261179837523521918e+00	3.058705327855151812e-01	7.274563199203389896e-01	1.602296949301731943e-01	-2.807848469956938930e-01	7.980119558054044049e-01	5.040412392440170031e-01	-8.559445315038592961e-01
-5.820267899548652313e-01	-1.248832868324736278e+00	3.314254521978416967e-01	7.349104473835403883e-01	1.391934880993922208e-01	-3.408054147540890422e-01	8.177105868632599250e-01	4.578754066376254372e-01	-8.386551923483435145e-01
-6.255930365842039542e-01	-1.235449370874302844e+00	3.589968416303686571e-01	7.412618106714353727e-01	1.148204626555140440e-01	-3.985254412499216192e-01	8.355461095642434666e-01	4.126347926202628136e-01	-8.216588266170518073e-01
-6.686713102620527316e-01	-1.220956900640317366e+00	3.882664773442934814e-01	7.463149832213659129e-01	8.551524124446673036e-02	-4.803733948657287756e-01	8.515457225704982092e-01	3.683273828033939434e-01	-8.039249907951945273e-01
-7.112213680151241446e-01	-1.205269986593196840e+00	4.201090498284101860e-01	7.498047432696860470e-01	5.121095618226448321e-02	-5.591582062393568586e-01	8.657502238752532442e-01	3.250188717079465217e-01	-7.847113614087457556e-01
-7.531997388241458147e-01	-1.188301836619866769e+00	4.539669276422992339e-01	7.514937871330653607e-01	1.142703631875401950e-02	-6.413358589599664761e-01	8.782004114717085752e-01	2.827902277894590588e-01	-7.639804544646915385e-01
-7.945600464284575670e-01	-1.169965013426943035e+00	4.902517171696310072e-01	7.511238725679368899e-01	-3.302117955919081638e-02	-7.110327479339069168e-01	8.889438830186219276e-01	2.417532662105416341e-01	-7.409853678253646159e-01
-8.352524713183483440e-01	-1.150140189380025157e+00	5.301334376960262773e-01	7.484925934915140910e-01	-8.071181497050193554e-02	-7.516754200931490271e-01	8.980350358402793276e-01	2.019941352828180381e-01	-7.168106648097996025e-01
-8.752221367120631701e-01	-1.128670647109629499e+00	5.737948578680392986e-01	7.435022366224431911e-01	-1.298241237002663584e-01	-7.616411917801512166e-01	9.055282672609765715e-01	1.637573408156165478e-01	-6.861508647097479541e-01
-9.144092161573352806e-01	-1.105427411999583498e+00	6.209322407812328803e-01	7.361458224406450812e-01	-1.770110889444151958e-01	-7.170101951622503966e-01	9.114915739360665015e-01	1.273785623864181482e-01	-6.498914505491005800e-01
-9.527487183283214200e-01	-1.080254012463378377e+00	6.723592742688994095e-01	7.265838799082837696e-01	-2.201391641667163335e-01	-6.521927322605317601e-01	9.160065518519878713e-01	9.316282711023493590e-02	-6.080851380085866564e-01
-9.901703794240682699e-01	-1.052987525111408917e+00	7.278661784393514189e-01	7.150188151081953158e-01	-2.593893085972916457e-01	-6.029890796925284624e-01	9.191751959917747739e-01	6.137749857158197181e-02	-5.618598350897162641e-01
-1.026598340363914064e+00	-1.023497439183909341e+00	7.861577377632854580e-01	7.015971979624350263e-01	-2.967477658616144987e-01	-5.770942576818195446e-01	9.210927016729327788e-01	3.225452474920140894e-02	-5.110591651669113000e-01
-1.061953406419678947e+00	-9.917077155729644433e-01	8.467188718875641174e-01	6.863539260714475176e-01	-3.344955656777282016e-01	-6.001204315403038114e-01	9.218746632095722315e-01	5.839848310233326789e-03	-4.616772094357169398e-01
-1.096153154817196995e+00	-9.575096260349741373e-01	9.100475577661617521e-01	6.692471223146596593e-01	-3.735168517149456968e-01	-6.313598072222487145e-01	9.216230755847368838e-01	-1.785155963306759089e-02	-4.108754711580622776e-01
-1.129111396728653016e+00	-9.207918923279720946e-01	9.763751619503434620e-01	6.501511553303521707e-01	-4.150831357971287439e-01	-6.460283221967799694e-01	9.204671324436134450e-01	-3.876100500245593938e-02	-3.585259308985239146e-01
-1.160737424061851319e+00	-8.814101169540997649e-01	1.046921258910243235e+00	6.289892503974082727e-01	-4.592900617327042578e-01	-7.172798230141749221e-01	9.185088287692457776e-01	-5.686475808030409113e-02	-3.071410540194551841e-01
-1.190935471452552630e+00	-8.392431289066437650e-01	1.119585576756163547e+00	6.055659809532195625e-01	-5.069815841920516375e-01	-7.515235658657286599e-01	9.158637588757344572e-01	-7.202357038927310884e-02	-2.515764524617360998e-01
-1.219606975896663004e+00	-7.942210336520664216e-01	1.194399705721632232e+00	5.798045722766197452e-01	-5.554315899513159183e-01	-7.703680832682896495e-01	9.126679160738044860e-01	-8.406824823913613964e-02	-1.937683362439806267e-01
-1.246650576750234496e+00	-7.462748583429863469e-01	1.270646005047011862e+00	5.516003315662255657e-01	-6.074326636081667230e-01	-8.372498027016634925e-01	9.090368946775662096e-01	-9.295059572535604997e-02	-1.347053792587955823e-01
-1.271963406947859587e+00	-6.953872445567886862e-01	1.347221528851607175e+00	5.207927298598237220e-01	-6.615147805725607455e-01	-8.460064169451321225e-01	9.051134876632829229e-01	-9.856753205162531450e-02	-7.556745734002526249e-02
-1.295441631010334715e+00	-6.414941965513376587e-01	1.425670927872284111e+00	4.873189514765049468e-01	-7.168396089140905980e-01	-8.719046358421645992e-01	9.010268886761315654e-01	-1.010031003829277019e-01	-1.740440494822622156e-02
-1.316979153826266291e+00	-5.845720884381535587e-01	1.504127346944856169e+00	4.511440988157751075e-01	-7.727488874537117303e-01	-8.874574586576120527e-01	8.969062913612990684e-01	-1.002469808521394973e-01	4.054983352001534369e-02
-1.336470891738669842e+00	-5.246792015052020863e-01	1.580771635348696247e+00	4.121704585963300582e-01	-8.309605850148310546e-01	-9.160286024804163985e-01	8.928740896984435071e-01	-9.648551214108777585e-02	9.307025561154885773e-02
-1.353813859320451174e+00	-4.618857682376116269e-01	1.654864294435312244e+00	3.703072970568950795e-01	-8.913648077915360401e-01	-9.520486263559665430e-01	8.890594773327323841e-01	-8.988408771865989688e-02	1.450968657768764714e-01
-1.368909988534567912e+00	-3.964050668120060461e-01	1.722911970880420363e+00	3.254289828357011527e-01	-9.543425858370839787e-01	-9.803228331486405489e-01	8.855644492472191098e-01	-8.059390293539661632e-02	1.920203843766904728e-01
-1.381668904853576629e+00	-3.284510205853189979e-01	1.785362192992330232e+00	2.774866592920963160e-01	-1.016920090609877869e+00	-9.777768891971445608e-01	8.825045997560043709e-01	-6.886182774007042207e-02	2.341616597394656774e-01
-1.392008400706377103e+00	-2.582875605330507418e-01	1.840315717640158333e+00	2.264942854662881366e-01	-1.079385612721706078e+00	-9.789052811987503100e-01	8.799751241766035070e-01	-5.500404586080020336e-02	2.710921655776427630e-01
-1.399857383760213292e+00	-1.862853796105008730e-01	1.885045653529255016e+00	1.724797794386420668e-01	-1.140803259265397163e+00	-9.523828173959733023e-01	8.780440191643787973e-01	-3.934161042246708123e-02	2.990430237535887104e-01
-1.405157792227957447e+00	-1.128052380684890360e-01	1.920411957016765481e+00	1.154989773699884176e-01	-1.200762155313441548e+00	-9.321476549588735283e-01	8.767860810402117178e-01	-2.249058229590185365e-02	3.167191745184448348e-01
-1.407865068314855028e+00	-3.826669666233484257e-02	1.944423964750535916e+00	5.563563350137416125e-02	-1.259220681144266329e+00	-9.061259413656342909e-01	8.762285084662645440e-01	-4.946359430659881887e-03	3.251310648366557143e-01
-1.407950148846881966e+00	3.686608038723974967e-02	1.956022446627580402e+00	-7.033477446083872750e-03	-1.315523265337388503e+00	-8.688319957270416172e-01	8.763985001046610268e-01	1.276918435224550646e-02	3.237426308739294600e-01
-1.405400799529753497e+00	1.121151557960468476e-01	1.955990058660883157e+00	-7.237574459048823350e-02	-1.368879104568472949e+00	-8.230834235087228778e-01	8.772892562898824131e-01	3.001709919484353908e-02	3.096353713761617610e-01
-1.400220162328228657e+00	1.870509746585427013e-01	1.943621764274890085e+00	-1.402655365701692414e-01	-1.419592256012791154e+00	-7.760580689915103081e-01	8.788667786942376825e-01	4.633523302453193549e-02	2.895021418168056138e-01
-1.392428724574162224e+00	2.611342921996934185e-01	1.917585907489097741e+00	-2.105213858626269197e-01	-1.466053485767510489e+00	-7.040418217926103228e-01	8.810834696589789905e-01	6.128371329265315526e-02	2.601789970985766143e-01
-1.382064803173403966e+00	3.338909316148298001e-01	1.879757799439293331e+00	-2.829269273448176691e-01	-1.507525270619378022e+00	-6.236893920765786969e-01	8.838781321942819069e-01	7.438349794330424702e-02	2.225305506964872226e-01
-1.369182457136059350e+00	4.048878325187260097e-01	1.830666736083701451e+00	-3.572239187732238475e-01	-1.543521536858970089e+00	-5.346761313722253606e-01	8.871623706481792659e-01	8.521342483170447901e-02	1.775380071765234047e-01
-1.353850648284533831e+00	4.737150842101214288e-01	1.771469749611937372e+00	-4.331331793438926159e-01	-1.573532947226750744e+00	-4.388580581404027958e-01	8.908341900376368638e-01	9.340389960469658304e-02	1.263396009529288433e-01
-1.336151444307934533e+00	5.400348579897712442e-01	1.703976338173272209e+00	-5.103545896927829117e-01	-1.597298251768812127e+00	-3.420410991980562532e-01	8.947915953796014010e-01	9.868592171042572803e-02	7.177788240731829139e-02
-1.316178447779691174e+00	6.035178046710710786e-01	1.628038841357958511e+00	-5.885670918953687103e-01	-1.613976185573336108e+00	-2.228338769257388052e-01	8.988985933633576453e-01	1.009005874420037252e-01	1.267690328351936228e-02
-1.294034740968276642e+00	6.639774364216803892e-01	1.548618521296203143e+00	-6.674217099468080505e-01	-1.623583345022937330e+00	-1.161281215283147539e-01	9.030259903437187763e-01	9.977170919725741882e-02	-4.963620190982172276e-02
-1.269828054528384431e+00	7.213102478862196687e-01	1.466714538783298716e+00	-7.465764473624373343e-01	-1.626516040288658482e+00	-1.044943482393118420e-02	9.070377930099694508e-01	9.524470092226750007e-02	-1.123395810979491566e-01
-1.243669368680998977e+00	7.754404764626210422e-01	1.383129572934792995e+00	-8.257102462177801083e-01	-1.622559519902364356e+00	9.851961229576639001e-02	9.107980080513944365e-01	8.732530860482604074e-02	-1.745371400513596183e-01
-1.215671449832550710e+00	8.263322992822669244e-01	1.298923890906792389e+00	-9.044811100280732985e-01	-1.611581012803141810e+00	2.091328440225571073e-01	9.141638424917208905e-01	7.606599821031996556e-02	-2.354015691939513044e-01
-1.185947817600200072e+00	8.739986506742206673e-01	1.215527987819551514e+00	-9.825400627885246818e-01	-1.593564924114224457e+00	3.189291759888094879e-01	9.169993030202432394e-01	6.156197947810156113e-02	-2.941859328111900429e-01
-1.154610269976581671e+00	9.184979348179352909e-01	1.133740474349451688e+00	-1.059552087534450182e+00	-1.568621276406562792e+00	4.272042571109734843e-01	9.191819956573129557e-01	4.394480083021373024e-02	-3.503289020028085288e-01
-1.121768560525205904e+00	9.599227504492713337e-01	1.055109511259306743e+00	-1.135182167301314937e+00	-1.536825039546447558e+00	5.306829794402860845e-01	9.205759270921953785e-01	2.330199353344642940e-02	-4.048955838198068369e-01
-1.087527815943670539e+00	9.983922101425261042e-01	9.788104817713969563e-01	-1.209102264644464020e+00	-1.498743638132564282e+00	6.315313720104881456e-01	9.210655030107897101e-01	-1.209674335360498288e-04	-4.542677717352321953e-01
-1.051990257688186325e+00	1.033997099984118817e+00	9.053978104387986336e-01	-1.281012260199807073e+00	-1.454063600834675896e+00	7.341032597790553282e-01	9.205487284300523099e-01	-2.613269516923450234e-02	-5.004610850574587877e-01
-1.015253803153649770e+00	1.066873675910858577e+00	8.356539937278615326e-01	-1.350584116522788536e+00	-1.403107870366890664e+00	8.289972458432789404e-01	9.189100090358727213e-01	-5.455607131993697734e-02	-5.435087648845258190e-01
-9.774115276659792739e-01	1.097164645662649818e+00	7.696356228296578061e-01	-1.417524693769347088e+00	-1.346320972253191028e+00	9.195405356611144887e-01	9.160677488418121905e-01	-8.520858193484030785e-02	-5.827500490040792291e-01
-9.385516644821141341e-01	1.125002916383266216e+00	7.068981050939419086e-01	-1.481554811135628924e+00	-1.283859212941903971e+00	1.009029650973924497e+00	9.119267525303746957e-01	-1.178140228096684894e-01	-6.176104982756241979e-01
-8.987572819854175998e-01	1.150554391580885127e+00	6.490287540275061495e-01	-1.542409246857938898e+00	-1.216197663885357771e+00	1.083450647862533867e+00	9.064054241151215940e-01	-1.523576878017280645e-01	-6.519265139157400801e-01
-8.581054228734124045e-01	1.173993054878990083e+00	5.954006151774672295e-01	-1.599885594853489801e+00	-1.146042207889289566e+00	1.096234762497062531e+00	8.994289672751617504e-01	-1.891211585364041547e-01	-6.972474391920906456e-01
-8.166673193608476877e-01	1.195469479072687857e+00	5.454137373587427673e-01	-1.653893121361007301e+00	-1.073167520445261092e+00	1.172842169737353224e+00	8.909089863585278879e-01	-2.275592601413510274e-01	-7.177374473797397680e-01
-7.745092539919610219e-01	1.215126894190705631e+00	4.993806644499655389e-01	-1.704215461257546860e+00	-9.950556584734122634e-01	1.246155424117533439e+00	8.807910840409338693e-01	-2.671136373347802184e-01	-7.391225843093524039e-01
-7.316926672420116518e-01	1.233090956779051783e+00	4.562410176123853356e-01	-1.750615310859827689e+00	-9.123783319455959218e-01	1.316618959047567650e+00	8.690344623291506032e-01	-3.077840908914578066e-01	-7.584826088346402484e-01
-6.882748031264778188e-01	1.249486954709272402e+00	4.169051140981635539e-01	-1.792994956886396984e+00	-8.319158069848567871e-01	1.232535049705216323e+00	8.555575252367585426e-01	-3.510623695576381986e-01	-8.135853605908153208e-01
-6.443076331857273686e-01	1.264474063180602181e+00	3.810533261581186548e-01	-1.831410235498134531e+00	-7.478304776934042719e-01	1.350675537932286119e+00	8.403058754394620022e-01	-3.944528286326912658e-01	-8.042208029908761713e-01
-5.998392553049458620e-01	1.278119104439390696e+00	3.465143756731006164e-01	-1.865588945411216226e+00	-6.584567540036503352e-01	1.419365317155129702e+00	8.232591139406560954e-01	-4.384048040299129423e-01	-8.154918856068182897e-01
-5.549155077371287215e-01	1.290476519414617496e+00	3.136184444021286599e-01	-1.895300762462440280e+00	-5.650946048127490906e-01	1.481089110533630793e+00	8.044036414092643472e-01	-4.828719426781810653e-01	-8.236099172925013256e-01
-5.095802919076805049e-01	1.301659552612049575e+00	2.853050913256146570e-01	-1.920468911930838463e+00	-4.734134259578069437e-01	1.425633086424447304e+00	7.836850605210008425e-01	-5.293907193887942286e-01	-8.547083533694334045e-01
-4.638697619316396459e-01	1.311912235803067928e+00	2.610598184356354157e-01	-1.941100373336390961e+00	-3.768447554952782941e-01	1.550484123583510288e+00	7.610693729481937675e-01	-5.754048751836626785e-01	-8.495375464211005756e-01
-4.178175970887894053e-01	1.321154320846309460e+00	2.343500286905844943e-01	-1.956832211634147223e+00	-2.732251691080579414e-01	1.646480868566359446e+00	7.365701780219100492e-01	-6.215174980504600821e-01	-8.513340919364288384e-01
-3.714598438926353108e-01	1.329374348110561099e+00	2.081527745298590304e-01	-1.967364307459917638e+00	-1.635291176784416378e-01	1.744221266586150954e+00	7.101806760766113946e-01	-6.677298497490021800e-01	-8.526526554919819922e-01
-3.248310424352239822e-01	1.336650937424975760e+00	1.851179261105555252e-01	-1.972417480009848179e+00	-4.884199747577803313e-02	1.819753089998403794e+00	6.819008671122976928e-01	-7.133442767138530316e-01	-8.468813415448205317e-01
-2.779561562721767354e-01	1.343496423401103979e+00	1.772737600096626343e-01	-1.971900995522713806e+00	6.355163999899132721e-02	1.741219961083820600e+00	6.517239514634309838e-01	-7.607640993517637007e-01	-8.739155421023595549e-01
-2.308507876257576696e-01	1.349747237469030692e+00	1.582815919527643111e-01	-1.965940485360234025e+00	1.756183044139781879e-01	1.774910950077976501e+00	6.196091311368013832e-01	-8.077025274157993984e-01	-8.608402218161710362e-01
-1.835417292776468368e-01	1.355115782825043302e+00	1.347094144022150664e-01	-1.954417297680718590e+00	2.915480143823532821e-01	1.829152408543032848e+00	5.855904044600901415e-01	-8.540487418695199562e-01	-8.513501477835991871e-01
-1.360605084769710149e-01	1.359579631772665831e+00	1.114280584560824877e-01	-1.937177883042082716e+00	4.094197872611050060e-01	1.849413941545012152e+00	5.496745710988161226e-01	-9.000602745321399922e-01	-8.460276039221785727e-01
-8.843660804373137951e-02	1.363308620347676969e+00	9.481845612571250526e-02	-1.914180364323803341e+00	5.278722904590860132e-01	1.856612323579339252e+00	5.119092287117563700e-01	-9.445518182715793021e-01	-8.194779175512103553e-01
-4.069370031515589375e-02	1.366345791293587464e+00	7.496890200794151249e-02	-1.885389843925286524e+00	6.467118756670880986e-01	1.861097353271058408e+00	4.723147762955058337e-01	-9.894430908410358771e-01	-8.289181451989354743e-01
7.141099122476027294e-03	1.368538574828617627e+00	5.264242229564124881e-02	-1.850806321846582447e+00	7.652354285513290888e-01	1.849205792865954878e+00	4.308776145189883722e-01	-1.034743937287492921e+00	-8.354298901058173632e-01
5.503744663690065403e-02	1.369871947468415563e+00	3.045761441018203161e-02	-1.810478654728392423e+00	8.819188002843271201e-01	1.812673800116824552e+00	3.875705447200608611e-01	-1.080322935364888659e+00	-8.392804851796862309e-01
1.029657518065823230e-01	1.370358597759069985e+00	8.392315967957806808e-03	-1.764525494412356732e+00	9.957905588085546045e-01	1.768151704992701578e+00	3.424003665642710859e-01	-1.125917024753763762e+00	-8.374869005335129346e-01
1.508953481946584130e-01	1.369926111891548226e+00	-1.661243184614082102e-02	-1.713079451780273876e+00	1.107226082822844626e+00	1.729724651937935898e+00	2.953738797171476804e-01	-1.170830477732611286e+00	-8.254374145740478452e-01
1.987930945290096729e-01	1.368545641089150999e+00	-4.074079454687259960e-02	-1.656294076274278160e+00	1.213874938253928670e+00	1.627135600954260575e+00	2.465046835097572664e-01	-1.216077965020548435e+00	-8.350970823079102434e-01
2.466259571390505279e-01	1.366229413054888209e+00	-6.487038655441919321e-02	-1.594511364379082918e+00	1.312208963073672852e+00	1.495937213524578757e+00	1.957859782765713208e-01	-1.261110704108283409e+00	-8.228038893450065894e-01
2.943617631664576795e-01	1.363008672949466149e+00	-8.782458734117908061e-02	-1.528150087300567783e+00	1.401080131129200490e+00	1.335807277102760704e+00	1.432245636831280533e-01	-1.305623880387719815e+00	-8.146426350745453737e-01
3.419697385728346917e-01	1.358928183997221595e+00	-1.103339130801513218e-01	-1.457698811445402587e+00	1.480192726358226407e+00	1.190707132394323020e+00	8.886803738816571874e-02	-1.349397848038318193e+00	-8.009993163013847672e-01
3.894197549289834526e-01	1.353995012458687697e+00	-1.320215018581470945e-01	-1.383604226099832468e+00	1.551141260527625576e+00	1.080885261206423031e+00	3.272999872277034678e-02	-1.392053813481739066e+00	-7.718291081061179337e-01
4.366825446179671277e-01	1.348244581805147835e+00	-1.528315681945957016e-01	-1.306138532547582720e+00	1.619321632534805433e+00	1.079295965365770993e+00	-2.512155565769558577e-02	-1.432933104890009135e+00	-7.370799203610676198e-01
4.837303464443097889e-01	1.341733852241075997e+00	-1.719738377247413408e-01	-1.225308710308781635e+00	1.689893600505581572e+00	1.147203365685338650e+00	-8.460502976681257004e-02	-1.471459048221068988e+00	-6.861446682516193496e-01
5.305376588447248132e-01	1.334511058675331485e+00	-1.902272011610053604e-01	-1.140849537619733622e+00	1.768249414994631286e+00	1.255616691141693053e+00	-1.456048292904702224e-01	-1.507503906895687251e+00	-6.492433864972464441e-01
5.770788726543937264e-01	1.326499977662767948e+00	-2.125044264341968414e-01	-1.052495792716792611e+00	1.846842443297251224e+00	1.184380990315289317e+00	-2.080801562354297751e-01	-1.543855622237050307e+00	-6.706302633190427409e-01
6.233221378195917817e-01	1.317466961762701949e+00	-2.409602546548539337e-01	-9.605824925645927159e-01	1.913606256819412543e+00	9.810529622577255360e-01	-2.720582092638632599e-01	-1.580698427780345305e+00	-6.738537646205365883e-01
6.692275341716301673e-01	1.307184446663083754e+00	-2.748049459394446559e-01	-8.657447734919088145e-01	1.967103980814621345e+00	7.832856818075368821e-01	-3.375321887102132323e-01	-1.616613125968718201e+00	-6.460541946486414444e-01
7.147482550437175286e-01	1.295461121040686336e+00	-3.139065791536635452e-01	-7.685409971064482981e-01	2.010701962580523361e+00	6.427561817349313200e-01	-4.044204985880601178e-01	-1.649396700766150969e+00	-5.728222547273555953e-01
7.598311452786248310e-01	1.282207120495246988e+00	-3.522376260577596563e-01	-6.693829550939621731e-01	2.048671195339497597e+00	5.874698008104937141e-01	-4.725599469245359008e-01	-1.677836285549853645e+00	-5.021802206328169760e-01
8.044263853666404618e-01	1.267631944290147805e+00	-3.856794700688854216e-01	-5.684521149769009574e-01	2.082632115552640606e+00	5.026156698422343805e-01	-5.418009410778393820e-01	-1.703593784018061497e+00	-4.537682395319165840e-01
8.484883522578343662e-01	1.251748649645939793e+00	-4.200448019068077077e-01	-4.660485961195039439e-01	2.108842954301794137e+00	3.749110023441662998e-01	-6.120482857304841984e-01	-1.726574746807732597e+00	-4.007102273848770491e-01
8.919697012777521028e-01	1.234458124577922922e+00	-4.575638521719316842e-01	-3.625772106872946487e-01	2.126624404477891250e+00	2.508587251257157758e-01	-6.831727872372643784e-01	-1.746488803140239021e+00	-3.419574565467664584e-01
9.348189988936889128e-01	1.215632807722031750e+00	-4.984013766958358405e-01	-2.584008937253721161e-01	2.137571006462261280e+00	1.396215121988292895e-01	-7.550384522874840076e-01	-1.762928703432978361e+00	-2.749784907255424793e-01
9.769801847070282985e-01	1.195145537111535150e+00	-5.424781685520810859e-01	-1.538546621982714857e-01	2.141720245188048377e+00	3.197235654722257320e-02	-8.275024879048604731e-01	-1.775416307124231929e+00	-1.992935012337611334e-01
1.018392463851708118e+00	1.172844050193372345e+00	-5.909770586209968091e-01	-4.930145115109188514e-02	2.137948717238995489e+00	-9.240986336853659888e-02	-9.003881027854784280e-01	-1.783503689479444487e+00	-1.150380684067396631e-01
1.058988800572761013e+00	1.148525698904591552e+00	-6.448985718215960450e-01	5.488184533090965239e-02	2.126416091261631891e+00	-2.133656060583309089e-01	-9.735117059598554778e-01	-1.786633185864305862e+00	-2.012391473326149982e-02
1.098695380218648765e+00	1.122006176736756178e+00	-7.032758475746352378e-01	1.582973946023382983e-01	2.106256493914746120e+00	-3.487920978948222395e-01	-1.046642108799770599e+00	-1.784282162081493261e+00	8.404723579486056417e-02
1.137431824444331330e+00	1.093098043448497370e+00	-7.669938272401415347e-01	2.605334049774428729e-01	2.078514925013970505e+00	-4.654209940558889369e-01	-1.119561722008060256e+00	-1.775859085206907162e+00	2.000945951988794269e-01
1.175110545602064960e+00	1.061573304607558388e+00	-8.365735023740410448e-01	3.612339209313025212e-01	2.043068342412338367e+00	-5.879662381873496102e-01	-1.191998558963303312e+00	-1.760705017778928738e+00	3.278692888409718287e-01
1.211636208733741560e+00	1.027236040459930111e+00	-9.101516235660752629e-01	4.600080893385021796e-01	1.999534600092933934e+00	-7.152456691527677712e-01	-1.263667033712973620e+00	-1.738248017354808272e+00	4.649665354227537906e-01
1.246909282421472254e+00	9.900683702941759368e-01	-9.819021380658815579e-01	5.567442378774308809e-01	1.975456682654219254e+00	2.180895885055247896e-01	-1.334240762311335260e+00	-1.706288139287553296e+00	6.951354072542200724e-01
1.280838628166929727e+00	9.505261908061933829e-01	-1.043023177170113946e+00	6.537874853006780951e-01	1.986899602322107938e+00	-1.482685146031762491e-01	-1.403148572853383902e+00	-1.657118621031602457e+00	9.815109466458890042e-01
1.313332677065656373e+00	9.079793144478824907e-01	-1.128059937614510400e+00	7.498954770309608220e-01	1.942551492676501734e+00	-8.458914591606065958e-01	-1.469832892765143173e+00	-1.598708339132115075e+00	1.126070285560035966e+00
1.344273175033046108e+00	8.617357392529113591e-01	-1.228043106503364124e+00	8.430860293608383182e-01	1.868881008686127387e+00	-1.259254846104894465e+00	-1.533980937431973279e+00	-1.532905489483265660e+00	1.264986787828809245e+00
1.373522607310111887e+00	8.113583709229755803e-01	-1.338326606081893688e+00	9.322354395548170247e-01	1.777647975083444853e+00	-1.513864236719792311e+00	-1.595259523242599675e+00	-1.458819219848898951e+00	1.423910768186239073e+00
1.400929686141662023e+00	7.564950639005323385e-01	-1.456566616523632174e+00	1.016568980882096129e+00	1.672786163764785838e+00	-1.681645793672819522e+00	-1.653321867254691213e+00	-1.375393171629672784e+00	1.600771693884674551e+00
1.426334085243745387e+00	6.969691002265003821e-01	-1.578950691236337800e+00	1.095507353174731469e+00	1.556005288283930144e+00	-1.871246601834431589e+00	-1.707759989536082657e+00	-1.281881229721969051e+00	1.789382111500767314e+00
1.449569775451168718e+00	6.326511980559886839e-01	-1.703362045253695944e+00	1.168548030985696595e+00	1.431790091825544398e+00	-1.978768691589604556e+00	-1.758152310823542397e+00	-1.177689321079954610e+00	1.987018631900400401e+00
1.470469759184944047e+00	5.635974880759310190e-01	-1.826018864937188457e+00	1.235307140709755336e+00	1.297823261545456575e+00	-2.141826609934625925e+00	-1.804056852857223614e+00	-1.062732824785467045e+00	2.184154734888414051e+00
1.488869406099805781e+00	4.898905226430813054e-01	-1.945722795519000403e+00	1.295324034020503889e+00	1.156484332415415039e+00	-2.233777730350044788e+00	-1.845031637377289702e+00	-9.370606008271570309e-01	2.379156020691246098e+00
1.504609358325597279e+00	4.117610919710378292e-01	-2.058037403521397302e+00	1.348333489154197373e+00	1.010300318296811550e+00	-2.300308430747348698e+00	-1.880648285454970869e+00	-8.010585982896869517e-01	2.564060254284731499e+00
1.517541018145448950e+00	3.295729241400442433e-01	-2.160438661194835408e+00	1.394105181947733030e+00	8.600140360766639347e-01	-2.367309108245852833e+00	-1.910492017492563255e+00	-6.554473982425113032e-01	2.733976171398077692e+00
1.527530852057089161e+00	2.438748525334495931e-01	-2.246225929005468025e+00	1.432506501519263065e+00	7.091847946149605342e-01	-2.346826777632848859e+00	-1.934202451216679108e+00	-5.014430881163710607e-01	2.878176024167498070e+00
1.534468891293941928e+00	1.554034180649572772e-01	-2.312345245058990528e+00	1.463579324989360719e+00	5.585637232972527899e-01	-2.361340421408554047e+00	-1.951453202681562749e+00	-3.406799125061749089e-01	2.989731470343559572e+00
1.538271959871111871e+00	6.497165852697646404e-02	-2.356788794740094506e+00	1.487260836677166020e+00	4.068715700902013621e-01	-2.363591752515298960e+00	-1.962019882924541436e+00	-1.751731176648478050e-01	3.062979985027228569e+00
1.538887117834434104e+00	-2.650385743272027153e-02	-2.376460017203202213e+00	1.503599893223331430e+00	2.575733878463271620e-01	-2.325628419139557757e+00	-1.965746099638275624e+00	-7.044460636068862296e-03	3.096339212588338885e+00
1.536295857720259228e+00	-1.179770095746541930e-01	-2.367999578296570817e+00	1.512770982630277761e+00	1.129150004916919942e-01	-2.253203227053598656e+00	-1.962577455498488721e+00	1.611726590374691903e-01	3.080995194992084407e+00
1.530516041383039649e+00	-2.084684974478661634e-01	-2.336034330405587500e+00	1.514948592900425828e+00	-2.911456850144062553e-02	-2.211339486000754917e+00	-1.952554748498400050e+00	3.271989104336364695e-01	3.026888577297809579e+00
1.521597273129422057e+00	-2.971109415658433339e-01	-2.281662353238612440e+00	1.510321171076354885e+00	-1.653718312087560371e-01	-2.098181425484491047e+00	-1.935820771614244151e+00	4.889491972722396773e-01	2.935854487893131193e+00
1.509618855289119210e+00	-3.830699578847910902e-01	-2.205651784064936560e+00	1.499237693162956075e+00	-2.936610533037891102e-01	-1.968921989707414166e+00	-1.912579514812127623e+00	6.444650624533192484e-01	2.808851271602692989e+00
1.494688389394982941e+00	-4.655978592330862198e-01	-2.111571521540033025e+00	1.482123909886089219e+00	-4.124035782879514334e-01	-1.808863253810770955e+00	-1.883123363710075937e+00	7.920050450018427668e-01	2.652720825506371671e+00
1.476936611309431546e+00	-5.441088065281943775e-01	-2.003342025327347287e+00	1.459454428612265930e+00	-5.214173896270909436e-01	-1.655191826294920121e+00	-1.847819500247054547e+00	9.301842307033146851e-01	2.472988223020675225e+00
1.456512441553934556e+00	-6.181584241511747235e-01	-1.884996155693963837e+00	1.431717815748354106e+00	-6.197455770984676704e-01	-1.481335049892068323e+00	-1.807062305024142557e+00	1.057959210598606203e+00	2.277117479516697518e+00
1.433576744420105964e+00	-6.875134947815501052e-01	-1.762332475505209883e+00	1.399430555781487895e+00	-7.081963845353878018e-01	-1.318456250256800244e+00	-1.761300555966714754e+00	1.174704102012847917e+00	2.073302998789666507e+00
1.408295764276205730e+00	-7.520654130672078663e-01	-1.636368652965920489e+00	1.363144030799196660e+00	-7.835465655185723799e-01	-1.114506904873152182e+00	-1.710983031000155696e+00	1.280219895539327135e+00	1.864297595518702888e+00
1.380839511544141196e+00	-8.117362350821764050e-01	-1.509996949456863913e+00	1.323514315690690557e+00	-8.451911389800585983e-01	-8.976567215834793112e-01	-1.656578907046445392e+00	1.374325761073938335e+00	1.655731621859651392e+00
1.351377566239689854e+00	-8.666164396841563589e-01	-1.386325572727899802e+00	1.281204464865059789e+00	-8.935142682556832527e-01	-6.893363880272477262e-01	-1.598550561362035216e+00	1.457259457331416819e+00	1.452398969169854448e+00
1.320075204317314954e+00	-9.168565074996390951e-01	-1.267434213152942579e+00	1.236821696570713724e+00	-9.299725005282291068e-01	-5.080224851831409705e-01	-1.537353571537837915e+00	1.529298239429147888e+00	1.254736380911887439e+00
1.287091030436440686e+00	-9.627000094569271305e-01	-1.155207595119184694e+00	1.190952290495824295e+00	-9.547481384763761847e-01	-3.262151175567427064e-01	-1.473416316502633494e+00	1.590917741011322439e+00	1.066847469112462754e+00
1.252574287923136520e+00	-1.004401914669791562e+00	-1.049629285323325778e+00	1.144147628727970378e+00	-9.683922249245913161e-01	-1.559241734064819307e-01	-1.407160375519634465e+00	1.642667641100785447e+00	8.893876236852611417e-01
1.216665396777775632e+00	-1.042244412716494484e+00	-9.517366559794971925e-01	1.096938154794543596e+00	-9.715591151791145297e-01	4.156342051434987715e-03	-1.338973329524410838e+00	1.685166517447158396e+00	7.237192412590993662e-01
1.179494339652043866e+00	-1.076516636544342598e+00	-8.610920706706944872e-01	1.049812435102262853e+00	-9.650562518685740221e-01	1.523544031284764788e-01	-1.269229160121436495e+00	1.719057718137495527e+00	5.693882710228370669e-01
1.141181307458140060e+00	-1.107499024527900167e+00	-7.777522482252973157e-01	1.003224138457402992e+00	-9.495151702731152721e-01	2.872812129867869380e-01	-1.198261050921976656e+00	1.744948697512516800e+00	4.264765489579640523e-01
1.101836806970303284e+00	-1.135452628909571660e+00	-7.010202251274321172e-01	9.575780770255867269e-01	-9.264759717776468451e-01	3.996023879830446490e-01	-1.126381786540690211e+00	1.763449250809442148e+00	2.945855664957567344e-01
1.061562306434014724e+00	-1.160634938078623613e+00	-6.309731182426329132e-01	9.132302063317346841e-01	-8.967881479491617291e-01	4.990151491228586034e-01	-1.053890552261170788e+00	1.775150412889284990e+00	1.732758329754547355e-01
1.020450665972127302e+00	-1.183293916334037243e+00	-5.672130342204196873e-01	8.704666866998294061e-01	-8.613068989379830676e-01	5.847838917337091491e-01	-9.810457353737624953e-01	1.780647037096711571e+00	6.315470507669486422e-02
9.785863527879306023e-01	-1.203649570161379634e+00	-5.090153760679139161e-01	8.295597194135957420e-01	-8.208866809186614599e-01	6.589152593673708314e-01	-9.080921238377916982e-01	1.780504259012309465e+00	-3.709834652899955676e-02
9.360461943758816572e-01	-1.221910292800644893e+00	-4.561008254930088990e-01	7.907326491162061100e-01	-7.762261872920238615e-01	7.205931277366962595e-01	-8.352541066159312466e-01	1.775230601045989731e+00	-1.280103809707583973e-01
8.929003469354007683e-01	-1.238268870272909661e+00	-4.081266284619277651e-01	7.541739228501899150e-01	-7.279975429394883735e-01	7.743606535158208404e-01	-7.627288740087208030e-01	1.765374596675502339e+00	-2.089790842038358465e-01
8.492119725662736762e-01	-1.252906352462191064e+00	-3.647529985082857973e-01	7.200440695777603484e-01	-6.765234902739932776e-01	8.240429988801957206e-01	-6.906864176545665091e-01	1.751428664271006408e+00	-2.809907888974967349e-01
8.050386380885758975e-01	-1.265990701309082755e+00	-3.256670407508553411e-01	6.884966387411015631e-01	-6.223502076630328395e-01	8.629027303304123153e-01	-6.192967291918746175e-01	1.733926063375640814e+00	-3.429707758595357259e-01
7.604317770350119687e-01	-1.277691046223310201e+00	-2.910612721355269605e-01	6.596502821818042150e-01	-5.656748200718283437e-01	9.005159832834102041e-01	-5.486822026002936559e-01	1.713428111086340966e+00	-3.940691199679033918e-01
7.154358288386505338e-01	-1.288249944278403891e+00	-2.638940542135269629e-01	6.336376107817658365e-01	-5.061585753011093036e-01	9.515601895403197341e-01	-4.789584321939243661e-01	1.690669450453663236e+00	-4.316929453693698626e-01
6.700861944038001283e-01	-1.297904944719776577e+00	-2.413158282606709670e-01	6.106191535031501028e-01	-4.426806452353688193e-01	1.011503008828193106e+00	-4.102070139592152720e-01	1.666008520877869881e+00	-4.659590230513663278e-01
6.244130021596591140e-01	-1.306729260151129113e+00	-2.198847665381180871e-01	5.907693983484276767e-01	-3.765277788945755044e-01	1.046389143109798026e+00	-3.425027442170476832e-01	1.639471586885648646e+00	-5.002966805082954549e-01
5.784453045200987908e-01	-1.314723259246924680e+00	-1.982907039969607488e-01	5.741930381189817023e-01	-3.089505137087013020e-01	1.063897924357404268e+00	-2.759204192883222828e-01	1.611045067956878851e+00	-5.347528032558490629e-01
5.322123691020549385e-01	-1.321871273342501985e+00	-1.758769786010686287e-01	5.609319499354348260e-01	-2.406778887057494098e-01	1.064034112681451205e+00	-2.105484348250064031e-01	1.580629600506078480e+00	-5.716348546229267358e-01
4.857441091316603288e-01	-1.328164362082142169e+00	-1.541395873412763629e-01	5.509791542776585338e-01	-1.732746852361536360e-01	1.053653786775369250e+00	-1.464547874824721485e-01	1.548298034560498415e+00	-6.058970862274639657e-01
4.390694694212534110e-01	-1.333668210965935241e+00	-1.342562157189672034e-01	5.442927740250795843e-01	-1.067835889098530527e-01	1.037322518293441131e+00	-8.372787291266758913e-02	1.514165522305418898e+00	-6.382215358055370880e-01
3.922149199479152970e-01	-1.338438735620711029e+00	-1.151802777018982871e-01	5.408169730169670730e-01	-4.174927011267987043e-02	1.010640780748379264e+00	-2.243568777097449882e-02	1.478286369219221186e+00	-6.700195611625053838e-01
3.452062850795314386e-01	-1.342477656527295560e+00	-9.644043264663756942e-02	5.404610174920462251e-01	2.106796797625207218e-02	9.703558767019808684e-01	3.735377128726396351e-02	1.440538765673387234e+00	-7.054853708163389969e-01
2.980683131686578946e-01	-1.345822977878210258e+00	-7.868274869281906281e-02	5.430853170483900261e-01	8.017238209673822891e-02	9.076549198070770208e-01	9.555210861008044121e-02	1.400823646920285714e+00	-7.430686597823638051e-01
2.508248917555878088e-01	-1.348499677368296679e+00	-6.125353057397137091e-02	5.484665270428760175e-01	1.340094849477333483e-01	8.169139401443905601e-01	1.520845278765646236e-01	1.358694034545223639e+00	-7.904387201849462086e-01
2.035001235836806921e-01	-1.350449197203743568e+00	-4.123920068129283828e-02	5.563184871515713947e-01	1.805501913450573148e-01	6.821844223376641869e-01	2.068150357760012437e-01	1.313060664581035208e+00	-8.623650083821486900e-01
1.561233838714051192e-01	-1.351406061048593843e+00	-1.188173135442999358e-02	5.661596104877864022e-01	2.150082161391716207e-01	4.646006456897420756e-01	2.595872400010604819e-01	1.263016696966532626e+00	-9.419419077560596820e-01
1.087379284349686143e-01	-1.350896153543922562e+00	2.862994549476685288e-02	5.772640269614716102e-01	2.318496529268973261e-01	1.841282922821794732e-01	3.102515479099602902e-01	1.210293481996120413e+00	-9.730534082865829326e-01
6.139637442393632016e-02	-1.348964852371503875e+00	6.220306686952994935e-02	5.888151327213525521e-01	2.347038444414087099e-01	6.027333026240094468e-03	3.587467625128667459e-01	1.157469010800502351e+00	-9.681007593985676563e-01
1.414014842845692267e-02	-1.346081019279170121e+00	8.346975248149339499e-02	6.003662384812334940e-01	2.329661745672604312e-01	-2.813834937760046132e-02	4.050864831408562683e-01	1.105180256259243876e+00	-9.576229149963476628e-01
-3.300384916825687548e-02	-1.342589334166596871e+00	9.765093538272953677e-02	6.117986923994741533e-01	2.296979748426593859e-01	-4.494218955613707434e-02	4.492979084560718150e-01	1.053183001439605304e+00	-9.526509136233397568e-01
-8.001700330102064218e-02	-1.338607404187358352e+00	1.103082883828335053e-01	6.230636378354224014e-01	2.260778030416020490e-01	-6.141223648793390361e-02	4.913810384585038382e-01	1.001402686297744093e+00	-9.497355869093606628e-01
-1.268815597169136722e-01	-1.334092217320816509e+00	1.248588536510575192e-01	6.341750338291867184e-01	2.235141054517428560e-01	-4.668457769988267059e-02	5.313426728137097266e-01	9.497085194675063402e-01	-9.479487481609529809e-01
-1.735775045308257103e-01	-1.328970960360604359e+00	1.410363558326225286e-01	6.451747575014391556e-01	2.215899265743555002e-01	-3.116246318375793731e-02	5.691896111871987962e-01	8.982239043792829003e-01	-9.427682954945481031e-01
-2.200826718269890681e-01	-1.323193339965446080e+00	1.584347407667206498e-01	6.560907269325455538e-01	2.204719742113532555e-01	-9.022513278251589539e-03	6.049422525756047442e-01	8.471569151879358994e-01	-9.341633381927765267e-01
-2.663732816666424252e-01	-1.316715084476956621e+00	1.769863846125398765e-01	6.669508602028711985e-01	2.191920783528260863e-01	-1.502485364940324072e-02	6.386073966444465455e-01	7.965019735869117712e-01	-9.260560816288638808e-01
-3.124240476895656649e-01	-1.309491246333568171e+00	1.964559640622931536e-01	6.777342187521296912e-01	2.165593483956280985e-01	-5.413749378993144845e-02	6.702122420558769278e-01	7.463251393434008341e-01	-9.168362403244284531e-01
-3.582087151217422938e-01	-1.301511103252992463e+00	2.163794536857162887e-01	6.883221507386806381e-01	2.117405887036262202e-01	-7.915413129428097716e-02	6.997635884754243030e-01	6.966565784782590143e-01	-9.074461032569441921e-01
-4.036997379707621958e-01	-1.292724239002467135e+00	2.375599075329468401e-01	6.986169428811702664e-01	2.039721367609499958e-01	-1.360859728929766366e-01	7.273022338963179845e-01	6.474999932604186270e-01	-8.968464358774291822e-01
-4.488688170334849126e-01	-1.283122849972533563e+00	2.588790393144318469e-01	7.084441071771777620e-01	1.926808307711311286e-01	-1.857584382346962049e-01	7.528281783185383214e-01	5.989779072088203815e-01	-8.845862398171703278e-01
-4.936866846929739983e-01	-1.272654768726731112e+00	2.819052961474955987e-01	7.176570737046971127e-01	1.788793076037043517e-01	-2.261445002149309602e-01	7.763890194008528089e-01	5.511612113025802229e-01	-8.708834594655154859e-01
-5.381219213016369407e-01	-1.261269056743475225e+00	3.060212564906350519e-01	7.261162520618015259e-01	1.617594808048536115e-01	-2.806815548339371413e-01	7.980051561398662230e-01	5.041141888838847063e-01	-8.561456874598536437e-01
-5.821416007904196555e-01	-1.248919814052170008e+00	3.314625786995685774e-01	7.336471542460205608e-01	1.407887638721568579e-01	-3.385496587559489456e-01	8.177105868632599250e-01	4.579564415015751067e-01	-8.387986266180276207e-01
-6.257108602626784144e-01	-1.235531247327875448e+00	3.591519847772496887e-01	7.400822717751113222e-01	1.164443299894994122e-01	-3.985222678429615195e-01	8.355461095642434666e-01	4.127023797809141747e-01	-8.219025946693387930e-01
-6.687918239788485097e-01	-1.221032079507819335e+00	3.884463023554510230e-01	7.452052395260301276e-01	8.712323184932548037e-02	-4.806256360231819791e-01	8.515457225704982092e-01	3.683824353764029724e-01	-8.041458960536971290e-01
-7.113443565671756508e-01	-1.205338990163449919e+00	4.202763105421419287e-01	7.487787538154964118e-01	5.280855544859511946e-02	-5.592874443552026120e-01	8.657570235407914261e-01	3.250628340762601876e-01	-7.849105332771620924e-01
-7.533250946099200318e-01	-1.188362698629070291e+00	4.541919282828679738e-01	7.505445723999429886e-01	1.300882323847681390e-02	-6.415800325124014769e-01	8.782072111372467571e-01	2.828240462729389448e-01	-7.641569161614448769e-01
-7.946873390418230931e-01	-1.170016627851709234e+00	4.904961505902183938e-01	7.502444530357531560e-01	-3.144791259278414269e-02	-7.111496052930210698e-01	8.889574823496886324e-01	2.417783851921347094e-01	-7.411342964914188203e-01
-8.353813779547067941e-01	-1.150177824898084067e+00	5.305283315697872926e-01	7.476969282005260231e-01	-7.913843926917467353e-02	-7.533416598786146778e-01	8.980486351713556914e-01	2.019928569208995495e-01	-7.169216516164759190e-01
-8.753522269652828092e-01	-1.128696730827859485e+00	5.740765294729972545e-01	7.427763665323937614e-01	-1.282902874497945378e-01	-7.618578326750170548e-01	9.055418665920529353e-01	1.637559611808707682e-01	-6.861491553419882816e-01
-9.145399520197521337e-01	-1.105442650544038452e+00	6.212184116012691160e-01	7.354967270716629146e-01	-1.754793572869455809e-01	-7.170004067661340796e-01	9.115051732671428653e-01	1.273769436813914913e-01	-6.498900769500079999e-01
-9.528798845968695641e-01	-1.080257791376620036e+00	6.726615912082941628e-01	7.260115592603688661e-01	-2.186177766339277018e-01	-6.524668296997240269e-01	9.160201511830545762e-01	9.316148233990510785e-02	-6.080740271181492851e-01
-9.903014380910836190e-01	-1.052979229936000127e+00	7.281845776794514391e-01	7.145232691813475645e-01	-2.578957343126079826e-01	-6.034850697916263051e-01	9.191819956573129557e-01	6.137695568281918701e-02	-5.618376438332658429e-01
-1.026728753421732199e+00	-1.023476363293796432e+00	7.864950273248485502e-01	7.011714472365259132e-01	-2.952909468415305660e-01	-5.776856734690827277e-01	9.210995013384709607e-01	3.225553913768479386e-02	-5.110219558937161288e-01
-1.062082958665234278e+00	-9.916728451133752786e-01	8.470989119697016623e-01	6.859979705465265587e-01	-3.330764461991857495e-01	-6.006881585150481984e-01	9.218814628751104134e-01	5.843259046240254634e-03	-4.616300797246311038e-01
-1.096281200641292752e+00	-9.574581037788233440e-01	9.104690799731340878e-01	6.689609619906773386e-01	-3.721413120479916126e-01	-6.318821678862258651e-01	9.216366749158132476e-01	-1.784385127672015806e-02	-4.107843557515913346e-01
-1.129237290522091541e+00	-9.207250086358789165e-01	9.767746667218265566e-01	6.499278106872294902e-01	-4.137304447707217947e-01	-6.464046837926574751e-01	9.204739321091516269e-01	-3.874772498039626145e-02	-3.584117695517228253e-01
-1.160860735418501433e+00	-8.813262435138543571e-01	1.047393596720137765e+00	6.288287214351948595e-01	-4.579710642244492202e-01	-7.179286953457646447e-01	9.185156284347743005e-01	-5.684434247444487137e-02	-3.069929800372807605e-01
-1.191055554763216895e+00	-8.391410675262426233e-01	1.120050495647578082e+00	6.054752471919447876e-01	-5.056934902928021947e-01	-7.519283316886924418e-01	9.158773582068011621e-01	-7.199406347190008548e-02	-2.514000060271949777e-01
-1.219723185552144651e+00	-7.941004463799188340e-01	1.194908579710707741e+00	5.797766541962541265e-01	-5.541680472525540857e-01	-7.707053136276383887e-01	9.126815154048711909e-01	-8.402842809548050074e-02	-1.935738590320182362e-01
-1.246762051938270499e+00	-7.461319969887222348e-01	1.271208008065202399e+00	5.516352291667196983e-01	-6.062074356616812265e-01	-8.376761119352573726e-01	9.090572936741710963e-01	-9.289767818277192002e-02	-1.344559916599988025e-01
-1.272069609660785749e+00	-6.952242904443119986e-01	1.347738699265649709e+00	5.208834636210984970e-01	-6.603079087975356476e-01	-8.463303279344229768e-01	9.051338866598878097e-01	-9.850105225123326202e-02	-7.531315530891966037e-02
-1.295541700435888233e+00	-6.413108424519294859e-01	1.426207722522305987e+00	4.874655213985107927e-01	-7.156591625862105399e-01	-8.723386327658591011e-01	9.010472876727364522e-01	-1.009221701122259424e-01	-1.713284288141242798e-02
-1.317072465875556597e+00	-5.843675048342730216e-01	1.504684244470759324e+00	4.513465048986112227e-01	-7.715953387114474760e-01	-8.878744264538166453e-01	8.969266903579136141e-01	-1.001507417824113039e-01	4.083540171890927273e-02
-1.336556671680660280e+00	-5.244528046622833894e-01	1.581340179778880195e+00	4.124287008398972443e-01	-8.298319594609407934e-01	-9.164069306946915905e-01	8.929012883605865758e-01	-9.637328524632710058e-02	9.336583276916367302e-02
-1.353891310903798884e+00	-4.616360834578042693e-01	1.655522105207207328e+00	3.706213754612428524e-01	-8.902593742516262676e-01	-9.525372863319452321e-01	8.890934756604136346e-01	-8.975541810124899877e-02	1.454086758233225363e-01
-1.368978229426703441e+00	-3.961302814458689259e-01	1.723515456023445358e+00	3.257919178807506810e-01	-9.532615318109450842e-01	-9.804462608010383606e-01	8.856052472404385423e-01	-8.044740764016913848e-02	1.923299264584126256e-01
-1.381727160323463544e+00	-3.281556816178909375e-01	1.785881995925833410e+00	2.779054304979264867e-01	-1.015844373179183080e+00	-9.779174800646502907e-01	8.825521974147619853e-01	-6.869985596457785226e-02	2.344340535968410522e-01
-1.392055971344051679e+00	-2.579728292888889829e-01	1.840812306538417653e+00	2.269688928328493505e-01	-1.078322328270745478e+00	-9.791043789635904826e-01	8.800295215008993033e-01	-5.482785106380679008e-02	2.713419622037248624e-01
-1.399893613196325104e+00	-1.859522883781008218e-01	1.885512646526910974e+00	1.730032434459049528e-01	-1.139750447704155345e+00	-9.525285929847094879e-01	8.781052161542031165e-01	-3.915251081093811675e-02	2.992654460759779922e-01
-1.405182056373615929e+00	-1.124552185336804982e-01	1.920838664489342040e+00	1.160782775379823606e-01	-1.199715452937868632e+00	-9.322282192693740477e-01	8.768540776955742189e-01	-2.229053857818243112e-02	3.169021379175693820e-01
-1.407876796881935899e+00	-3.790157376370775766e-02	1.944800415033409058e+00	5.626379031006979725e-02	-1.258176096238199593e+00	-9.061397523902915419e-01	8.763101044526937500e-01	-4.737588153499833546e-03	3.252704088334864574e-01
-1.407948857628487760e+00	3.724414375950468870e-02	1.956340423069100387e+00	-6.356463996686568044e-03	-1.314476591576268616e+00	-8.687812882594894148e-01	8.764868957566284147e-01	1.298407914901612663e-02	3.238318842905194561e-01
-1.405386079640059238e+00	1.125037417519323124e-01	1.956243817582226097e+00	-7.164987450043885930e-02	-1.367826436079494945e+00	-8.229728906155924228e-01	8.773844516073879829e-01	3.023521264129125710e-02	3.096695587313536002e-01
-1.400191690962635516e+00	1.874475024768103848e-01	1.943807476556841607e+00	-1.394838303193887963e-01	-1.418530130447168469e+00	-7.758948843603663548e-01	8.789687736772814342e-01	4.655347098675092360e-02	2.894787845273478211e-01
-1.392386265009298407e+00	2.615360828459149523e-01	1.917701658572049439e+00	-2.096908229711448024e-01	-1.464978869993248001e+00	-7.038328238919722146e-01	8.811922643075511541e-01	6.149890310879119193e-02	2.600971153304498795e-01
-1.382008226287429808e+00	3.342953060545768573e-01	1.879804147736464204e+00	-2.820405282925548818e-01	-1.506435775329668436e+00	-6.234445927819262101e-01	8.839937265083923634e-01	7.459241216456971579e-02	2.223896743735576942e-01
-1.369111698368054908e+00	4.052921762356012092e-01	1.830646393887869205e+00	-3.562886630802593602e-01	-1.542415588258910120e+00	-5.344121575481943776e-01	8.872915642933659752e-01	8.541287087372176345e-02	1.773396564151200894e-01
-1.353765772195419048e+00	4.741169700972457934e-01	1.771387423548804518e+00	-4.321420874901970577e-01	-1.572410116099549171e+00	-4.385913355202021857e-01	8.909769830138903890e-01	9.359082102033328132e-02	1.260866969404552118e-01
-1.336052569259395639e+00	5.404320432774971650e-01	1.703838091014929779e+00	-5.093076616782571397e-01	-1.596158824258996134e+00	-3.417838967987359422e-01	8.949343883558549262e-01	9.885748286051720957e-02	7.147500685985851143e-02
-1.316065767454487112e+00	6.039083230955980541e-01	1.627852012249569436e+00	-5.874643277200622959e-01	-1.612821592403545612e+00	-2.226025757846348541e-01	8.990481860051493523e-01	1.010541768157736525e-01	1.232783634577609526e-02
-1.293908524370239732e+00	6.643596289479266614e-01	1.548391007796149355e+00	-6.662561300906916228e-01	-1.622416304566185907e+00	-1.159455813495078869e-01	9.031823826510485542e-01	9.990497925736456508e-02	-5.002496097743113629e-02
-1.269688602941806410e+00	7.216827627078222784e-01	1.466453919356694113e+00	-7.453620108656191512e-01	-1.625339986279280557e+00	-1.032080032584587782e-02	9.072009849828374106e-01	9.535570092162848344e-02	-1.127616880990826992e-01
-1.243517004910478452e+00	7.758022690019358292e-01	1.382843745140019731e+00	-8.244329940401022849e-01	-1.621378172219221536e+00	9.858378886454978451e-02	9.109612000242623964e-01	8.741238663420852761e-02	-1.749872440544412711e-01
-1.215506711885752100e+00	8.266825707446248117e-01	1.298620114115696556e+00	-9.031480216896148328e-01	-1.610398949758679699e+00	2.091252166718847727e-01	9.143338341301270322e-01	7.612779289729128263e-02	-2.358743681064839615e-01
-1.185771028281721984e+00	8.743369402165435122e-01	1.215212883217443363e+00	-9.811511382892855737e-01	-1.592387296309943689e+00	3.188356051793599932e-01	9.171692946586494921e-01	6.159741002576698404e-02	-2.946766068265800897e-01
-1.154421859692555286e+00	9.188239044886323814e-01	1.133419785615154218e+00	-1.058107326874480059e+00	-1.567453663660755891e+00	4.270194396774537049e-01	9.193519872957095496e-01	4.395296574438919968e-02	-3.508350885306168454e-01
-1.121568852080230050e+00	9.602363388025990654e-01	1.054788503431741242e+00	-1.133674590960435546e+00	-1.535673307821934896e+00	5.304039207592267102e-01	9.207459187305918613e-01	2.328225861380353937e-02	-4.054108361016258155e-01
-1.087317347345409413e+00	9.986935093470997726e-01	9.784926648765108759e-01	-1.207545831662932612e+00	-1.497614511825750228e+00	6.311512112654331652e-01	9.212422943147244858e-01	-1.689392993362500448e-04	-4.547872974364501331e-01
-1.051769459342771329e+00	1.034286355822913839e+00	9.050866945025398680e-01	-1.279393011537415914e+00	-1.452962087474797270e+00	7.336499542383642103e-01	9.207187200684489037e-01	-2.620902001660916497e-02	-5.009817096379508561e-01
-1.015023105467212305e+00	1.067151195612593639e+00	8.353524505896414709e-01	-1.348916011219695621e+00	-1.402043384108913271e+00	8.283116111564123862e-01	9.190800006742693151e-01	-5.466164907251125360e-02	-5.440678502396085747e-01
-9.771713610446504106e-01	1.097429599709784043e+00	7.692828652219305674e-01	-1.415800752305473420e+00	-1.345358754049460037e+00	9.160302559086737073e-01	9.162241411491419685e-01	-8.532905343387005292e-02	-5.823579627742234699e-01
-9.383025669335586239e-01	1.125249098755678689e+00	7.065300310093526326e-01	-1.479788992551182458e+00	-1.282835688273085362e+00	1.008717852566129114e+00	9.120763451721664028e-01	-1.179681401303086380e-01	-6.183247392793139730e-01
-8.984996839157667337e-01	1.150790619742807053e+00	6.487878705195249118e-01	-1.540594571632790455e+00	-1.215283789799603165e+00	1.081541128442086830e+00	9.065550167569131901e-01	-1.525505643916525711e-01	-6.526245464501380100e-01
-8.578397546887974734e-01	1.174220772805399715e+00	5.951879076050465844e-01	-1.598029042507768560e+00	-1.145286614649104084e+00	1.093278085823600199e+00	8.995717602514249345e-01	-1.893608762992742556e-01	-6.982175053956574118e-01
-8.163937962643343926e-01	1.195693602423087309e+00	5.454275700519087833e-01	-1.652008650934920331e+00	-1.072625090571081685e+00	1.167973336586956012e+00	8.910381800037145972e-01	-2.278643071788865326e-01	-7.188130059936126415e-01
-7.742279835850823799e-01	1.215346132604475216e+00	4.992053226992228532e-01	-1.702310052271173380e+00	-9.947448339800577521e-01	1.243241767221523020e+00	8.809066783550442148e-01	-2.674630285889946224e-01	-7.398888999808610478e-01
-7.314038647278333638e-01	1.233302299414746894e+00	4.560315568139661768e-01	-1.748695942833246697e+00	-9.122145285106401102e-01	1.314461198750272120e+00	8.691296576466560619e-01	-3.081706874581309763e-01	-7.591332064137096269e-01
-6.879787913095980478e-01	1.249681983499996596e+00	4.163142889805447333e-01	-1.791019752699084977e+00	-8.299445001037359937e-01	1.247477751510685184e+00	8.556527205542544534e-01	-3.510644116162872086e-01	-8.136453105600980340e-01
