theta1	omega1	alpha1	theta2	omega2	alpha2
3.583929787276596723e+00	6.517407073582374144e-01	1.480434918435690683e+01	1.498606027713682343e+00	-2.499058525494288308e+00	-3.059414121796003982e+01
2.933087477972686319e+00	2.936499011361939221e-02	9.197203556895981791e+00	1.303246691800757251e+00	-2.333645233047756395e+00	-1.227826030265816115e+01
2.728906861070717671e+00	1.092072437384755901e+00	-2.815751847494021298e+00	3.306370089707241000e+00	4.174031550374038169e+00	-1.435233099116118538e+01
2.640860483568963968e+00	1.044584753926325327e+00	-9.616569427152755756e-01	1.871967807897930269e+00	-1.191216062186103430e+00	-2.241959738552624870e+00
4.446791125838588599e+00	5.819711919490022645e-01	-2.352148843601231665e+00	-5.804793962238039562e-01	-4.238997891730784673e-01	6.899452361833073866e-01
3.240370585596001440e+00	-3.503303477307208036e-01	6.312406322935799174e+00	-1.706540873161156657e+00	-1.681309115455027481e+00	-3.036427119391106189e+01
2.605753690035438552e+00	8.689404894823145320e-02	-1.389757242959907835e+01	2.460121886369497357e+00	-3.041965922257590105e-01	2.087294927677336176e+01
2.054392964288353163e+00	8.428555141678951979e-02	5.800426194215110520e+00	2.277102796207054691e+00	-4.964504540896378382e-01	8.191883099344700270e+00
3.799206478594379544e+00	-1.253623579729159054e+00	2.935869751337472966e+00	-1.626977313371466671e+00	4.574821885645926067e-01	-1.911739356755165176e+01
2.500535864921264118e+00	3.050238573818829790e-01	-1.181028351745422356e+01	3.791986701359544742e+00	2.996965312910654378e-02	1.042337027219803147e+01
3.430173012367038421e+00	9.684332949976565130e-02	4.855248275252843193e+00	-1.185799449578173181e-01	-8.635392527174452493e-01	-1.328235976584618783e+01
3.970885702307136000e+00	-3.975729404222761582e-02	5.458787970802028156e+00	-3.467932203841017191e+00	4.329179581529656318e-01	4.267682760247666351e-01
2.714823446789149219e+00	-3.151416236073765198e-01	1.665685441958148827e+00	3.103645713203308176e+00	-2.892985531961082546e-01	-3.657005838817719123e+00
4.349289007348442482e+00	-2.238219736256454040e-01	-4.299387724369311492e+00	1.458974125060274574e+00	7.766654318318038097e-01	-1.167874488733349558e+01
3.463329030163941447e+00	1.301378197461976693e+00	1.298766724396427930e-01	2.980965707791138897e+00	5.160385690919175872e-01	-1.632291676993261120e+01
3.873392137677816649e+00	1.174356347786727206e-01	6.823457104558993791e+00	3.288274578235474976e+00	3.976304788316256111e-01	-5.584168303412480050e+00
2.945805242152067738e+00	-3.184305911300310266e-01	-1.308083496029706083e+01	-1.107966462532222529e+00	8.369376770751926209e-01	-1.441312515590396615e+01
2.694555977925289447e+00	1.120629385081544971e+00	-3.818060668802484070e+00	2.636935858165759150e+00	7.174725692837455870e-01	-1.859502615223069100e+01
3.227780445828378308e+00	9.820155882162628913e-01	-1.117087808115471859e+01	4.517642871974681285e+00	-2.825633607215395138e+00	-9.654650745038217963e-01
1.837968055963427494e+00	-3.998991065984140447e-01	-1.859977334065241017e+00	2.726992862602226619e+00	6.960708564184833191e-01	-1.210862791868913213e+01
1.880767541507861296e+00	-5.083643444623467955e-01	-6.018198961146115522e+00	-8.641265065988787963e-01	-5.524571504277371314e-01	-4.071785582908577616e+00
3.500924523711990588e+00	6.870169089598651690e-02	8.947498529770316011e+00	3.698686198548612136e+00	4.260003048695004679e-05	1.559229648937728641e+01
1.432290341339039763e+00	1.748228109563373378e+00	6.079123239611319285e+00	2.898846474983877819e+00	-1.246455196285229272e+00	-3.198301970065679001e+01
3.409428883834085156e+00	-1.142980459061124360e-01	-1.859831781506198434e+00	-2.947852588077338520e+00	-8.343817001830586833e-01	-2.923768590592173666e+01
3.845197942673883595e+00	2.015835126878101624e-01	4.711238873489489443e-01	1.466641934813728509e+00	-4.274504646178553635e+00	9.062363994023819203e+00
5.091274548181055515e+00	-3.674911368721758276e-01	8.861197833417728376e+00	4.682189218067713377e+00	-1.571507193584250395e+00	-1.823828892295387760e+01
1.759542611300754622e+00	-1.615602245641465928e-01	-3.792857346214084213e+00	-2.243548849025529535e-01	2.207702648866920470e-01	-1.413773480594691634e+01
4.520520733450661410e+00	7.508111027118258285e-01	6.567054020799717229e+00	-3.353659136755428705e+00	1.338552372841397275e-01	-1.725537162404436486e+01
3.342613604830436902e+00	-1.987376773813271866e-02	1.366926613715052419e+00	1.128554015196346239e+00	-1.236493473165736212e+00	-7.389220627430995947e+00
3.836056317420299955e+00	6.973325824607776724e-01	-5.781021452175734154e+00	2.578983856364349680e-01	-2.696181973485869854e+00	-7.900560662189064054e+00
3.362635225381650272e+00	-1.109806153544437457e+00	6.597929124860617556e-01	-4.097587694160098604e-01	-1.172457832825447355e+00	-7.684706174739769580e+00
2.503130968573488602e+00	2.943666584203323833e-01	-2.759462789977673580e+00	4.325940408067886267e+00	4.765334128029108385e-02	-3.495634822596504421e+01
2.270986038011463926e+00	1.185313253350365859e+00	-1.104519644675282919e+01	1.920208576540362033e+00	-1.165602432429944990e+00	8.504794800353529638e+00
3.506213322605288507e+00	-2.140859491411939430e-01	3.807638268355250766e+00	7.743106585765874295e-01	-2.561501520955067335e-01	-4.281273622455953998e+00
2.346106724205292871e+00	-1.082518635666438911e+00	-4.006642756141008732e+00	-6.008139416514134190e+00	1.519456098559223367e+00	-1.619631950141619114e+01
3.874458402253433853e+00	1.973695030220844471e+00	-3.326710125590293554e+00	3.421647651961484016e+00	-5.581570851383080623e+00	-6.994180364543259643e+00
3.694552707438726546e+00	-6.851744419632428418e-01	-4.171970076508396019e+00	1.621142841076040675e+00	-2.254543123898896440e+00	-4.729105133702078945e+01
3.772725782077215761e+00	2.976800576271557142e-01	4.733785395400047946e+00	-1.203841743506658624e+00	-1.400793047531403879e+00	-3.867852647079892847e+01
2.738724256514061040e+00	9.545308481213873875e-02	6.372741258024565703e-01	2.725875559179455898e-01	-2.389958548772549651e+00	-2.816964861210923843e+01
3.478917139635406386e+00	7.260657692386350837e-01	-7.371204376551957260e+00	6.317856386920742695e-01	-3.117675920990801153e+00	2.495019781735287268e+01
3.453778451440241870e+00	-3.492711229617101454e-01	7.815038508862640398e+00	1.035028393498114152e-01	-4.170394043271653750e+00	-2.176533440945103592e+00
2.299329644854956278e+00	-8.217405650395896988e-01	-7.052925518747927836e-01	2.445829061931292792e-01	-4.696619020713912462e+00	-5.337414777096080698e+00
3.642157590823388080e+00	7.802999018162806166e-01	-2.815340587525748006e+00	-2.824338670418267583e+00	-4.711072973562869137e+00	-1.324726417362760422e+01
3.808869014659409302e+00	4.924138870276223434e-01	-2.036986189417353543e+00	6.905612355430511551e-01	-4.044942973627974503e+00	-1.680646142590396508e+01
5.193416876862446685e+00	5.023772914914674814e-01	-1.339396112002062900e+01	-2.957065024555786348e+00	-4.028260234515954608e+00	-4.410931638215565442e+00
4.100996667730532508e+00	-8.179878781646154895e-02	-1.461353547551769161e+01	1.320475947656263083e+00	-1.374914849681519113e+00	8.681403717706817957e+00
2.479888788470880012e+00	9.934797493317736317e-01	-2.675714900724269985e+00	-7.984129897431064826e-01	-3.860180942967740947e+00	-7.192821897371727502e+00
3.693797877830978127e+00	-5.791641373035942841e-01	-6.901296076770601751e+00	-2.303998336189436724e-01	-4.800323377328814534e-01	-1.634365236118276599e+01
2.422422966371539310e+00	-6.203597328157790525e-01	-1.877849465727433165e+00	-6.679043350416713487e-02	-5.773939323559307724e+00	-2.306782788604346379e+00
2.829136887098980147e+00	-1.196124599668322075e+00	-7.600926702259638290e-01	6.983306722975938241e-01	-2.918111523977482413e+00	-1.539556258566240921e+01
2.002928476185910522e+00	-2.275039267578132240e-01	-5.079335765075111198e+00	6.165784943063560286e-01	-3.470126197056271344e+00	-2.087311117010432326e+01
2.693237001714457790e+00	1.117875800966255939e-02	-1.231994201906388930e+01	-4.422082346065664638e+00	-3.336057754095978822e+00	-1.948248801128046281e+01
2.297603062652152417e+00	-5.483877629736861881e-01	-8.568153416132510358e+00	3.072998008713449636e+00	-2.573530594800205407e+00	-1.118519999429783063e+01
2.010388353785078852e+00	9.714294395442035768e-02	-4.085430894968112625e+00	2.185710619830328216e+00	-1.991705027432715269e+00	8.622070214543423816e+00
4.403488170049317141e+00	-8.042551493138808127e-02	-1.011955091040897337e+01	8.895942312474296454e-01	-2.785144191427064708e+00	-2.376773382778112875e+01
3.529841905959979265e+00	-1.218106499786746899e-01	-8.110691912014328153e+00	2.422834064994727754e+00	-4.152466038431192885e+00	-3.144469484530143788e+01
3.217650038911548105e+00	-1.069550480621245914e+00	-1.753734900984681655e+00	-1.207786299670230212e+00	-3.779705537336663479e+00	-6.969811356176789374e+00
1.376306087862478211e+00	-5.760636744460227998e-01	3.895712445531154700e+00	-1.813955769356076386e+00	-3.629710881604371053e+00	-1.033840730797888163e+01
2.927380745723337618e+00	9.427048716088917146e-01	-1.497759904719823076e+01	1.186887085417712040e+00	-4.416129286281730515e+00	-1.027003923223414716e+01
2.493582421380489578e+00	-1.328584780989226832e+00	-1.277520704739835722e+01	4.408725032493666651e-01	-4.294013365387147729e+00	1.321666344125205228e-02
2.370198703595769452e+00	-3.812844311693575072e-01	-1.187432621927325371e+01	-4.438115888229355654e+00	-4.619607090157449747e+00	-9.781955105778838089e+00
3.210609703559455408e+00	1.717356730174601775e-01	-1.272546872329801015e+00	4.772235563456909802e+00	-1.981179137029299264e+00	-4.045307413670140306e+01
2.909838738124696178e+00	-3.222713340739591370e-01	-1.350862407178905578e+01	-3.186695963939205622e+00	-2.919017542008414345e+00	-7.493351222148575630e+00
3.119829754710610636e+00	-1.455446193274505973e+00	-8.944413562465086898e+00	6.598235080019332344e-02	-5.482261201302271125e+00	-2.178326638133707149e+01
3.184806166209608325e+00	-1.101095648552438133e+00	-2.328488113001598236e+01	1.215430712131427171e+00	-4.342309314471303416e+00	-2.501037969102231173e+01
2.014327721885196265e+00	-6.287072147625312191e-01	-3.312692333951239299e+00	-1.784236310058131547e+00	-3.269101227011419919e+00	-3.743232136689260869e+01
3.081712758158817955e+00	-9.289759783810384031e-01	-1.103324916188822158e+01	3.278003240454600675e+00	-2.199825132322668964e+00	-8.987638628511049887e-01
2.958536764721954260e+00	-1.116449131302857056e+00	-1.786254176839383589e+01	1.316849869119603333e+00	-4.565682798598525771e+00	5.267218585266224551e-01
2.354009751272712059e+00	-5.717840119838049073e-01	-1.358263016019559011e+01	2.537493068179946576e+00	-4.093446031196277701e+00	-1.141931342753250256e+01
3.289430658154339326e+00	1.114941950875835364e+00	-7.631539475416111884e+00	3.067508894731112434e+00	-3.970117551967684122e+00	-3.921139910317582888e+01
3.356056658917088154e+00	-6.754541525525672441e-01	-5.987043722797062095e+00	1.245204606718288254e+00	-2.683171327889285251e+00	-2.222331728296367004e+01
2.182637612248713221e+00	-3.152574451291960678e-01	-6.598790361520854297e+00	4.011644443942050664e+00	-3.716940882906108801e+00	-2.196008003367880690e+01
3.533964126511945469e+00	-1.354921395816773400e+00	-1.506488467543814025e+01	-4.797438883555545930e-01	-6.013665782733353282e+00	-5.180017361718918778e+01
2.710048648842307450e+00	-4.378482339447971605e-01	-1.057726463800761785e+01	3.958290534421552209e+00	-4.514241502367874581e+00	-1.025376132448000632e+01
3.084858902402525693e+00	7.777893387495899979e-01	-8.352492258597855823e+00	3.373074925299934357e+00	-3.759912301706450855e+00	-3.195977690257260306e+01
2.375179986938771748e+00	-1.018090880726690850e+00	1.176183858246915293e-02	3.555338108498459881e+00	-3.887268791752891417e+00	2.991386757485869907e-01
2.306019262485742516e+00	-2.724367839117220136e+00	-1.189121391110362858e+01	-6.292807787888071713e-01	-1.638351551264730865e+00	-2.683497150193219483e+01
3.182826417885781023e+00	-1.613061251865698598e+00	-1.617645301901220733e+01	3.283228516479035797e+00	-1.075048980527026909e+00	-7.159714777146593434e+00
2.243703197793570858e+00	-1.093882957041446113e+00	-2.367966966068952850e+00	-2.811543176952639556e+00	-3.537004402759947652e+00	3.921351400504644147e+00
2.620599171362464119e+00	-3.553583722333039097e-01	-6.826164269761727965e+00	-2.727733766640901170e+00	-3.692677606924859912e+00	-2.611249076797040303e+01
1.612951271587006685e+00	-1.138496670792200627e+00	-1.630185652327046597e+01	1.382549642684927971e+00	-3.205146162637283247e+00	-2.360477199595006326e+01
3.581679122465575738e+00	-1.326057334614869854e+00	5.912980144270051142e+00	-3.886909078367208892e-01	-3.148962216557130489e+00	-1.176550988326400926e+01
3.654667133145927060e+00	-4.910780485759849157e-01	-1.511627576093356495e+01	-2.856210496758675443e+00	-3.794762723199920806e+00	-2.602107724514141296e+01
2.348098298514705196e+00	-9.302864716170390347e-01	-1.018610640958916491e+01	3.651276423761531942e-01	-4.289825387683688263e+00	-2.223363455659710297e+01
4.843228604482946231e+00	-1.639662330936213275e+00	-1.156086862118350922e+01	-4.653459468107199459e-01	-1.408633628464578624e+00	4.517597673449358808e+00
4.220047774851909850e+00	-1.268028771148998812e+00	-9.921657365506849402e+00	-2.395557234724118523e+00	-3.829948378447478152e+00	-2.187802382663076273e+01
1.940416172058170741e+00	-1.675279856734657624e+00	-8.230292392390703426e+00	6.312044518784689195e+00	-6.412174198956291704e+00	-8.655478960771286978e+00
3.052736260515460209e+00	-1.367717924725041057e+00	-1.318672575700539085e+00	3.426238026818316129e+00	-4.928099898203989859e+00	-3.433121669097996431e+00
3.321098706040035431e+00	-1.243569987590738446e+00	-1.050364076864149432e+01	-1.113390702508063601e-01	-6.305403061159297273e+00	-1.731496275099798865e+01
3.567468814468179428e+00	-1.972692792408373474e+00	-1.871331057771783790e+01	1.588912136753205528e+00	-6.504869630832823546e+00	-1.900903138247790380e+01
2.907016108762147333e+00	-2.582615313830311621e+00	-4.005096410215303493e+00	-7.570463593003829983e-01	-2.689404759037859360e+00	-9.291491392749007261e+00
2.248174025844459578e+00	-2.251265126084816881e+00	-1.256286745064807242e+01	2.618771477468452957e+00	-4.818972623723502657e+00	-1.828640653266920069e+01
4.694984563392413435e+00	-1.444255485824151863e+00	-1.987653246177970345e+01	1.442200636349361353e+00	-7.178578281396955418e+00	-2.620813660756823538e+01
2.739336145268509881e+00	-2.710245394830163690e+00	-1.528790701465348079e+01	3.042946906984450806e+00	-1.005082313565086949e+01	4.496872101698489388e+00
2.681612743281185374e+00	-1.165649411236695965e+00	-8.201350660794425096e+00	-4.591917602282643007e-01	-8.079368386812280534e+00	6.413174278581596610e+00
2.694879263392087498e+00	-1.965722894919307739e+00	-1.677828093496308881e+01	-5.378960069370328778e-01	-6.500973678166049652e+00	-3.758052125186024028e+01
2.792491804065620364e+00	-2.798813495958426767e+00	-2.143437169287904709e+01	1.909590803784627200e+00	-5.670332981076453116e+00	-8.884754672216770288e+00
1.629253128299798625e+00	-2.341272959450306779e+00	-1.400076659980891414e+01	4.532769549297768208e+00	-5.417847805458789523e+00	-2.010296589112001442e+01
2.877753277331451809e+00	-1.139325385791648770e+00	-8.859259749998656730e+00	7.459025681645125028e-01	-5.086626517853461316e+00	-4.333024753552133745e+01
3.353450848462606881e+00	-1.761718090186386032e+00	-1.424755113595843703e+01	-5.691132764091421770e+00	-4.460268131164260907e+00	-6.521628085141639275e+00
3.686641659812538219e+00	-3.055272639658430656e+00	-1.992446399928343581e+01	-3.416696040296627768e+00	-6.877481561978702196e+00	-3.667018365284465631e+01
2.416008469936062664e+00	-1.766078666796058627e+00	-2.378671101694801138e+01	-1.543351378915017724e+00	-6.350441279753161972e+00	-3.262952515388214181e+01
3.078235788943759932e+00	-2.814062666695675397e+00	-1.525199789271171724e+01	-1.127111202307383431e-01	-6.960827561319631762e+00	-2.210353344284028054e+01
3.497291731225590450e+00	-2.658577135745589626e+00	-1.965189573963805003e+01	2.044925165742133899e+00	-7.917272721689394110e+00	-2.882964270432167808e+01
1.324784115081738545e+00	-1.582611545029244171e+00	-1.185417695200752775e+01	5.690676049901796318e+00	-8.311455397921008625e+00	-2.668350775739736491e+01
1.190607131414960662e+00	-3.603296651477339907e+00	-1.289308009229525354e+01	-1.937083886535295285e+00	-6.571515920999494220e+00	-1.092733511652403422e+01
3.352688687862218408e+00	-3.803649823899215132e+00	-1.488802691277749268e+01	4.561331234584217187e-01	-9.713325922896395070e+00	-2.096930808769607069e+01
2.811956321364041944e+00	-2.573036956919338980e+00	-1.459652730139512400e+01	-5.987852564234303898e-01	-7.901645527479811193e+00	-1.752654720964277146e+01
3.499339353281109233e+00	-3.447525937350057745e+00	-7.177938619232201667e+00	-7.081049958540535094e-01	-7.041294973659343093e+00	-1.359469098214784388e+01
2.030517759006665202e+00	-4.099192053418707182e+00	-1.489623230687059241e+01	-4.362651522220774292e-02	-8.568832753032243232e+00	-1.541764992591849825e+01
2.801989938702828642e+00	-3.404397421348439590e+00	-7.054193691753272155e+00	-1.341805261265884841e+00	-7.166917163483166320e+00	-1.686886743660595656e+01
2.342474527348049396e+00	-4.176606617983654957e+00	-1.147142347123406658e+01	3.426836006664325751e+00	-8.137776385877527829e+00	-2.905106906345132955e+01
2.951388442478898533e+00	-4.524223828884601950e+00	-1.263586336653325581e+01	-2.418891183975771408e+00	-4.298437007570269586e+00	-9.556114381873122454e+00
2.313717370457561540e+00	-2.968086051344412279e+00	-1.784770843323022049e+00	-8.164825376298391335e-01	-7.481809772033377826e+00	-2.046847650721345957e+01
2.677032069468488817e+00	-4.096315652211308667e+00	-1.753975786383289304e+01	-2.957338859012795140e+00	-8.140508028330938117e+00	1.503838241768951178e+01
6.748145122763433701e-01	-4.270743875408102852e+00	-1.615658437931222480e+01	3.716669919352696638e+00	-7.560168362666713548e+00	-3.047553266953250528e+01
2.928359492036439971e+00	-3.615793755762686690e+00	-1.829705227417210267e+01	-9.945149042928761451e-01	-6.896558212653700615e+00	-2.459643937180304718e+01
2.830792116978802397e+00	-3.103216269466610999e+00	-9.013140583849081011e+00	-3.814707058973813236e+00	-8.599237290918496868e+00	-4.905369159317423566e+00
2.656123303517391232e+00	-2.649572681505385052e+00	-6.608887377519810258e+00	1.753154573398533422e+00	-5.162313340112851812e+00	-6.453908706370893533e+00
2.120702643619643446e+00	-4.828226662882239673e+00	-8.220928173836590247e+00	2.506963191928324175e-02	-6.100908549287606064e+00	-7.656357683218457666e-01
3.231373176436021399e+00	-3.683801314217252099e+00	-5.848139592936661302e+00	-7.677961805316348975e-01	-1.079152312255628487e+01	-6.439798903951188258e-01
4.210862608039886545e+00	-3.348694169562381973e+00	-3.776244503009396070e-02	5.503219835033527296e+00	-1.165755032292147853e+01	-1.837911838782900276e+01
3.104457575975604122e+00	-3.865797025146601840e+00	7.452428556154210071e+00	1.702781990814811852e+00	-9.439001447002574707e+00	4.888166803300896923e+00
2.618961177104784266e+00	-3.775831635570072731e+00	2.133731808150863607e+00	3.277700174180796289e+00	-6.866178219741003730e+00	4.973962914321914397e+00
1.782090157898748695e+00	-2.715791354389208045e+00	-9.824602980034459421e+00	-2.349661143791934137e+00	-7.730299872984342180e+00	4.576598437978671718e+00
2.012928884752388736e+00	-4.358782803807533135e+00	5.140485490758187836e+00	3.219080845911688193e-01	-6.767589438441946825e+00	9.358210266175458258e+00
9.431797725084234418e-01	-3.368060983481498294e+00	1.187952082795859177e+01	-3.600705456303895602e+00	-7.342563001864795602e+00	1.065035534147256513e+01
9.589106063262313739e-01	-3.388263109265080342e+00	-7.718422686391724241e+00	-1.828876098562221886e+00	-6.193105412960923317e+00	-5.880731346206507837e+00
2.115895421600471504e+00	-3.686119565870919157e+00	1.166027208628196377e+01	-4.869079247699420243e+00	-8.989955859574722652e+00	3.777825940069792665e+01
2.154464436085349988e+00	-2.481939887045523818e+00	1.414317907685352971e+01	5.093299191127320213e+00	-6.941854680529669253e+00	5.001105651279261544e+00
4.026400078145529804e+00	-2.493408883824430600e+00	1.782495454389533052e+01	-3.794848692597468265e+00	-1.013003428585742505e+01	3.255048043870610286e+01
2.415242096922364912e+00	-3.464714785565206512e+00	1.179490690836300359e+01	1.587541878994523259e+00	-8.646097778654816324e+00	1.934229183979152467e+01
1.834436675878776013e+00	-2.878776053917400546e+00	2.690907748751171447e+00	3.044183758324933819e+00	-9.218711876269779282e+00	-1.849193660651708626e+01
2.423020157561560417e+00	-3.759273163464238010e+00	-3.600459836085981635e+00	3.504217883601510763e+00	-5.986590766491320714e+00	1.952057127049823393e+01
3.421017987924033221e+00	-3.953841996139561665e+00	7.478482857801781236e+00	1.381748135229216690e+00	-7.956209669333232704e+00	3.599783005402633407e+00
1.601954060211943309e+00	-3.931728151888027156e+00	-1.092452706516349181e+00	5.329282746303310780e+00	-9.803562125586903875e+00	2.784789811528601078e+01
2.920739044942485485e+00	-3.655916913388519873e+00	1.572682143888022388e+01	2.865367034958083536e+00	-6.946909866268032197e+00	1.252299960867971507e+01
2.896646584591218598e+00	-4.019533624825937679e+00	-4.162076186334710215e+00	-2.615436329947637972e+00	-8.874380088624024054e+00	1.454540368906825165e+01
1.924069296202090218e+00	-3.615482993841104609e+00	-8.803364182205502431e+00	2.685178046235694005e+00	-6.407315311529053758e+00	8.564159847993511931e+00
1.953864388187992240e+00	-3.682486608886251567e+00	1.187032473541081856e+01	-1.885260440572617213e+00	-8.113033291498684463e+00	3.345411041476057079e+01
1.748218963259203118e+00	-2.314540654422880372e+00	1.328618621221951734e+01	1.357002952738986856e+00	-8.834026212829259705e+00	5.774716185204081143e+00
2.737769976316982934e+00	-4.180275979358148319e+00	1.426323321796141741e+01	-1.135710834643214984e+00	-9.362879421908154143e+00	4.575296852493394795e+01
2.370593500478609172e+00	-3.205325495798890145e+00	2.290275273671527501e+00	-3.810749721075472607e-01	-4.823815765221961982e+00	3.222773498184656660e+01
3.149961147666524575e+00	-3.531713348083042270e+00	6.301338827814012333e+00	-5.859715024132963190e-01	-4.238092898562431543e+00	3.188857886761991622e+01
2.426500628312420638e+00	-4.103334559770911660e+00	-3.795496415509909127e+00	2.747253440847565731e-01	-8.665798106336366047e+00	-2.928844158930790087e-01
1.973693497324018331e+00	-5.241149134574049739e+00	-1.052807953999669976e+00	-4.436392223750355690e+00	-8.278994445878437247e+00	3.163795539219687569e+01
2.297266576003808680e+00	-2.232058607055613653e+00	1.441570983272596074e+01	2.153864926768156884e+00	-5.638000310105672597e+00	1.824179730922367426e+01
2.529230136952801189e+00	-2.934404229434565359e+00	1.100370542215415881e+01	-3.515897233220202089e-01	-9.727047083792779603e+00	1.897621560100555627e+01
4.547106299527903239e-01	-2.616956321867671242e+00	4.221439699759176101e+00	-1.118198043099894567e+00	-6.583393543096374145e+00	1.956066231508775388e+01
1.433629531972290483e+00	-2.814330004948574881e+00	6.007740587478318517e+00	6.398567503102221554e-01	-7.909130031768388136e+00	3.291347446141347888e+01
1.243799838312406703e+00	-2.116937837550818102e+00	1.607182108683970156e+01	-2.025611548034002229e+00	-6.584597124850303906e+00	7.019662215026474250e+00
4.396380577378084631e+00	-2.083895210513427187e+00	-1.238740462724040370e+00	9.568646110576310981e-01	-4.472241822082720475e+00	1.297013283792298566e+01
1.525932532563639477e+00	-1.835316925770215768e+00	1.316549960853707901e+01	-5.562869918658520874e+00	-6.618526714056359062e+00	1.489493184898888600e+00
1.398899373359565601e+00	-2.524415107104081013e+00	2.895255003911981539e+00	-2.400784745335312387e+00	-4.609343063171242427e+00	-1.748922929762364475e+01
2.642073108540423654e+00	-3.526784263731527869e+00	4.349175978091610162e+00	4.009753928554569136e-01	-6.215809204862721593e+00	2.017555647960412202e+01
6.003369733777770278e-01	-1.966327438563603147e+00	1.059137239779082584e+00	1.234199668673618966e-01	-4.758846546889133222e+00	2.549081400838121958e+00
2.143928373926666797e+00	-2.766571052109640494e+00	-2.341979672890074582e+00	-7.694343191594908760e+00	-4.438550246127918264e+00	1.487976655479184274e+01
2.935313386087011089e+00	-2.750270931577134093e+00	1.029883651657000776e+01	8.988305350115217696e-01	-4.258609335999304690e+00	3.493757343092224410e+00
2.342752640938819741e+00	-2.925709622634037999e+00	-1.158202439767892145e+01	-1.412652396660076581e+00	-3.399018666586343773e+00	1.483588859073797295e+01
2.885488585438836573e+00	-2.962747020014398380e+00	6.396079585264371481e+00	-2.272326880979749220e+00	-8.072862908896599521e+00	8.443768059191279818e+00
2.770798468954978500e+00	-2.971627146890643001e+00	2.876453675425927337e+00	1.760433855570087136e+00	-8.260404215824840080e+00	3.461746235842083408e+00
1.647648729748686147e+00	-2.679618483364083481e+00	4.888952248798627664e+00	-3.922188080664535725e+00	-6.119292112818612850e+00	2.492818321379338187e+01
1.744439604443698277e+00	-3.113304134930734879e+00	9.728148989358846421e+00	-2.983000383540141964e-01	-4.789483922289283768e+00	1.057210799158704440e+01
5.759353073373745246e-01	-2.583231398301193860e+00	4.740995143808169665e+00	-5.324802045373367321e+00	-8.415045500672919232e+00	7.456947520205373436e+00
1.426350399006161673e+00	-1.345521964052382335e+00	6.952897061360734376e+00	-4.180899397160666275e+00	-4.941909329869979217e+00	1.852126037464086217e+00
3.169558421490677347e+00	-2.501385616056711836e+00	1.036093994953838404e+01	-1.824464676174952782e+00	-4.457135294858173502e+00	1.054053291414804505e+01
6.664094318421889263e-01	-3.214804986586796254e+00	-4.021739973919142841e+00	-2.332607817900939295e+00	-6.473306636439993156e+00	2.398074705911854920e+01
2.060773553590378615e+00	-2.432131354434801551e+00	5.150093878722072915e-01	-3.307678429703271306e+00	-8.851232870139517317e+00	1.462073704009703334e+01
1.796792557049944561e+00	-2.872688447541623891e+00	4.593239150074170496e+00	-2.363305707693069913e+00	-4.813113887298179350e+00	7.193771605354005949e+00
2.268143710019173920e+00	-2.782011110874630155e+00	-6.133089121232732310e+00	-3.031225083578743540e-01	-6.188289008078176501e+00	6.267472721198241281e+00
1.263558494362624351e+00	-2.320380405894831632e+00	-7.928966705226665468e-01	-4.270446855267737263e+00	-7.488119829956763951e+00	7.284715882233790296e+00
1.299211422468377286e+00	-1.151239913104421309e+00	4.388551561635050113e+00	4.309446019603342393e-01	-7.364132632382281329e+00	2.658303376190972855e+01
1.977292887849909198e+00	-1.250898566977684645e+00	3.798431201300981108e+00	4.058711034579079779e+00	-3.389617649748743133e+00	-7.529470793645671733e-01
1.440546845384392594e+00	-3.524836872987719527e+00	7.665773887340665560e+00	-3.505011431349804418e+00	-3.293924318510467852e+00	-7.404581594323335736e+00
1.617560998936902417e+00	-2.725970997458916134e+00	-1.934641631604437251e+00	-2.544976110124488322e+00	-6.927665111434517797e+00	1.352128416938345090e+01
3.362680165391528142e+00	-1.338269988088821583e+00	-1.320284212616034480e+01	-4.279332523563967428e+00	-4.567859091552881168e+00	3.657902140031916360e+01
4.004429318764893608e+00	-2.022466545264451465e+00	4.809972511454266630e+00	-3.698097262435970034e+00	-2.931293898395275654e+00	2.019978367159943744e+01
3.388328585830394868e+00	-1.869573955980334823e+00	-9.633440974294416037e-02	-3.764264495089824969e+00	-4.811358800726380558e+00	1.537970867698141042e+01
2.464212353230498032e+00	-2.693290856069257888e+00	4.538258248037355003e+00	-1.375472723085858551e+00	-7.225225806514531612e+00	8.340277767477683568e+00
2.301115033486464068e+00	-3.222621685568876515e+00	-2.394626248232817112e+00	8.947517138861531549e-01	-4.675880461192800652e+00	-1.019428728561402231e+01
2.041710856096058180e+00	-2.048859395949225171e+00	9.357901964812398887e+00	-3.472756192312537848e+00	-4.650357720316775634e+00	5.908618093297779872e+00
1.744831173498444077e+00	-1.987847267768303450e+00	3.015395499916740274e+00	-4.258755876978931099e+00	-6.406699606647295653e+00	1.154402747034243326e+01
1.419578735461969554e+00	-8.052890022840286655e-01	2.788076563234549887e+00	-5.088581513212756313e+00	-6.300483891392893554e+00	6.436149454202358733e+00
1.932429016298723878e+00	-2.701636654254491177e+00	5.123548021749583015e+00	-1.822222079456291111e+00	-4.353458351030520923e+00	-1.085641627053438363e+01
2.630444231904888852e+00	-2.200284196889229271e+00	6.827243016159776801e+00	-5.204007439767293519e+00	-4.945298921290472549e+00	-1.970176074346925787e+01
3.084062766230888375e-01	-2.648312875665058019e+00	6.266225879997637804e+00	-5.041923314492802177e+00	-3.492832305877575649e+00	-1.302602805398616148e+01
1.161027089759097075e+00	-2.660345339214706506e+00	1.698353519854910232e+01	-6.646161883058592679e+00	-6.628443343700824109e+00	-1.229636340323039612e+01
1.199061457495226302e+00	-9.942562831453035654e-01	8.220558203629579452e+00	-4.355584874571597709e+00	-6.030450250322274108e+00	-1.039613095423569433e+01
4.968212166665690876e-01	-2.318528077972232815e+00	9.656018138850344101e-01	-6.106356768750599073e+00	-6.766360639614515726e+00	-1.758808040334785261e+01
6.749452496190546658e-01	-1.914465742030643458e+00	7.992725066510065979e+00	-1.295058135665697163e+00	-6.438545088890277768e+00	-5.070405141891328960e+00
1.404081260871305581e+00	-3.887975091302468655e+00	-1.369997680014564523e+01	-8.316977081984592957e+00	-5.534914603189191595e+00	-1.674481008437595175e+00
2.605021391895371075e+00	-1.884854818872306659e+00	9.143775161552854414e+00	-5.681894917679586321e-01	-4.413610835135673760e+00	1.163335907089122223e+01
2.173641059467998904e+00	-1.475862676459674061e+00	2.119037950001597537e+01	-1.731010830781578136e+00	-6.314486586576878224e+00	3.248832795830553977e+01
2.875090798247082802e+00	-1.545247296083434918e+00	4.986562757574072968e+00	-1.060627776825540103e-01	-6.633095546242031126e+00	6.496716379202862157e+00
1.698167864091449042e+00	-3.354495290078107317e+00	-4.164245090623413859e+00	-6.615986191716482168e+00	-6.225680633437063349e+00	7.240177059063993781e+00
-1.070275717326945042e-01	-1.538040377362845268e+00	1.592528722349110470e+00	-4.513448228909660465e+00	-2.805250172538065634e+00	-1.494299449386685019e+01
2.267118916820103358e+00	-1.721975409897891218e+00	2.140359788983350242e+01	-7.120606891635025804e+00	-4.899212033520294440e+00	-1.560286976257614633e+01
5.275879435358568070e-01	-1.459310148249731931e+00	7.264510533365512224e+00	-2.874190890047167990e+00	-5.381146032216773456e+00	7.040696735707145493e+00
1.736629037782402740e+00	-2.439290314877307075e+00	6.258697120104061540e+00	-5.973473555127310597e+00	-8.017460135202750138e+00	4.454634940393447984e+00
1.292766237836197929e+00	-1.732227392297032154e+00	1.069027397118748723e+01	-3.566470994961406404e+00	-6.046824779920428661e+00	-2.234859127164631420e+00
2.781412347168820798e+00	-1.411929807851993290e+00	-3.148613549106924481e-01	2.019171592745045540e+00	-4.749512228442255513e+00	2.113053675897278438e-01
1.877937114897316739e+00	-1.479075498292006907e+00	4.968009712813974410e+00	2.050072605861840369e+00	-2.944741525844633667e+00	-8.704460962630085064e+00
2.693106506950831314e+00	-1.115713685998286353e+00	6.119667359256411032e+00	-6.429997301624700512e+00	-8.593359983859681250e+00	3.051633505823513559e+00
1.688709165528605061e+00	-3.521580780919650877e-01	1.186898156975713903e+01	8.106629902540118948e-02	-2.592690553703469902e+00	4.175895681228089629e+00
1.970726239170353722e+00	-1.881925130154348702e+00	4.792193128847749506e+00	-2.930902554830724149e+00	-4.912924568236537226e+00	-1.197980829950388681e+01
1.886481869612619322e+00	-2.124654510488584336e+00	1.001629638146470569e+01	1.209485958322639387e+00	-5.533327275439821946e+00	7.745978050062257481e+00
1.261656933797628444e+00	-1.758428786715207304e+00	1.856280483709975826e+01	-6.641430864289057823e+00	-4.858399103622535797e+00	9.749263882948431714e+00
2.885608159805697959e+00	-7.647290517944804744e-01	1.774348680112843724e+01	-2.932678443218905251e+00	-7.854462254386824327e+00	6.148856575840156324e+00
2.976730691383970395e+00	-3.221157386569684089e-01	1.811814636526548128e+01	1.012278123512643013e+00	-3.629018211063395505e+00	-2.494898128681131055e+01
2.257435559801318270e+00	-1.839927246511030567e+00	1.522636230781267130e+01	-5.999748699329355617e+00	-5.063691494753261857e+00	-2.006151793618835910e+01
9.069485483705846951e-01	-2.117615973472988244e+00	-3.382728937343788544e-01	-3.516371724189744530e+00	-8.857542509492560612e+00	-9.891139093560896711e+00
8.596015286755875895e-01	-1.482263157274444687e+00	1.451236755146197055e+01	1.487860969486614060e+00	-5.134163447501750355e+00	-1.240939446338358820e+01
2.138749214692468925e+00	-1.711698193083417419e+00	1.778756608136777828e+01	-1.455092231543428927e+00	-4.714692101711388972e+00	-1.840719104206303669e+01
4.484308962225305173e-01	-1.047335635252940378e+00	6.561959282182116659e+00	1.040402097947760396e+00	-7.716039011417310967e+00	-4.590421033610621038e+00
1.397907744072001579e+00	-5.222666186045865633e-01	-1.284797293740572499e+00	-5.932008656881484931e+00	-5.613787635197685866e+00	-3.715713781743112065e+00
9.943283142427445931e-01	-1.138557211892415877e+00	1.118652817665500798e+01	-1.184287241348160880e+00	-7.168818284538998498e+00	-2.209180462769773534e+00
1.118067929758519874e+00	-7.313895644754608849e-01	2.884934210312110281e+00	-4.745653284035831199e+00	-5.454221501063962307e+00	-3.566732362087949326e+01
1.806221959850371483e+00	-6.047044635137316382e-01	1.299395940950025619e+01	-3.462970694929332183e+00	-7.525279326586507445e+00	-4.156246904553765553e+00
1.354394807179880811e+00	-7.391892417029835016e-01	9.797098298028169339e+00	1.569594268655901459e+00	-6.462711829337054681e+00	-7.288411316402976681e+00
1.341375864568865151e+00	-2.286155038926901639e+00	-4.137179836321067228e+00	7.204002613387063825e-01	-8.384543080199168941e+00	-8.382052756381209946e+00
2.297315573072062911e+00	-1.520715890208458099e+00	1.600563542583306997e+01	2.478506582953251769e+00	-6.261678263924369325e+00	2.193700466294814078e+00
4.780163269955423067e-01	-5.291953193122680421e-01	1.776971093372243615e+01	-5.290638332963902180e+00	-7.138194515774888949e+00	-1.862224594784244402e+01
1.230013701777400659e+00	-5.374721666141704102e-01	2.714745577028332413e+00	-3.371463108805145659e+00	-3.517685345591635482e+00	-1.960334427126977275e+01
1.720801106988159912e+00	-1.466369672369234323e-01	1.000572612473717271e+01	-2.145027884747466196e+00	-4.748819480276900151e+00	-3.029906158444112663e+01
2.376506260119539249e+00	-1.847832300911205650e+00	1.010955909689966958e+00	-4.147012766311561016e+00	-6.988664380653965225e+00	-3.809715759159235660e+01
3.676177063738472750e-01	-1.631921632716555770e+00	4.095237053498968827e+00	4.294854902383100637e-01	-6.578548655905102294e+00	-1.839706008268835546e+01
1.671369313991194927e+00	-1.452910046313441672e+00	7.467455509962860560e+00	-7.691838352459727801e-01	-7.625223190623549030e+00	-1.350232431122822518e+01
2.240733232156044696e+00	6.172858925252444617e-02	1.602420668367821222e+01	-6.040010541955074252e+00	-6.485443747054179475e+00	-4.418246101451355656e+01
1.114480362669207691e+00	-5.673204028711448244e-01	-7.247121996162686486e-01	-6.296886947135642565e-01	-1.014192165989047822e+01	-5.802058660917500887e+00
1.390920616284466726e+00	3.326905177699053251e-01	4.592668641040076771e+00	1.903383015300273318e+00	-7.305781200385736973e+00	-3.677933955924004295e+01
4.920766355669801140e-01	5.467168792757453044e-01	1.646938339130580431e+01	-2.423626883309159652e+00	-5.626081380063677528e+00	9.018608895772644019e+00
2.272425170266449079e+00	-1.895321809794484058e-01	1.526220137074727745e+01	-1.791852220812373275e+00	-8.102719632054663279e+00	-3.390502618585172456e+01
-8.540682048591592412e-01	3.802074748630503431e-01	2.259190347109507968e+01	-8.951957942407524627e+00	-8.516457056530873260e+00	-3.972964895733025514e+01
3.543307839867376963e+00	1.829391478108254032e-01	2.638754542209582254e+01	-1.872319515043633142e+00	-8.902847397474388913e+00	-2.470696160770091154e+01
2.045795415471013623e+00	-2.485768943271490894e+00	1.503844255769869598e+01	-3.851102308904292393e+00	-9.575403521887912106e+00	-3.179560583929762885e+01
1.119708026883804219e+00	-7.532247745046936060e-01	7.376863029130475979e+00	-2.928679088070569314e+00	-8.363694686861967043e+00	-3.624603434956475922e+01
1.529987477387256822e+00	-4.349530761433770265e-02	3.066704305483596826e+01	-9.806361413591933029e+00	-8.381625674722018360e+00	-3.139949437058877990e+01
2.208144717430120529e+00	7.621136116514223291e-01	2.231718462341248710e+01	-6.482072117536029410e+00	-1.035498124271053300e+01	-3.018071328626774630e+01
1.465247837408022002e+00	8.988080659677558648e-01	1.257732041360726072e+01	-2.373549920420522596e+00	-1.018280211912216338e+01	-2.867459733370109731e+01
1.765200359354130777e+00	3.258096315036146384e-01	2.677072034244672238e+01	-3.836077726556254675e+00	-7.474848466657152635e+00	-4.454632487794530249e+01
1.486514785408719064e+00	1.167764635453646171e+00	2.544843086150478229e+01	1.661723085022428492e+00	-6.599405022889982320e+00	-3.620626005036429973e+01
1.413735994952866060e+00	1.359135022583264796e+00	1.515987170048561694e+01	-8.543312866494252589e+00	-8.314337981112343456e+00	-4.784773948484919970e+01
2.730356660795938417e-01	3.216373638028269255e-02	2.853012033806038161e+01	-2.641493715543815846e+00	-8.664669716113372999e+00	-4.611588135912294462e+01
2.495577533992568320e+00	-1.159272931367237636e+00	1.903276214089703089e+01	-3.665413829760800546e+00	-6.125935167559369177e+00	-5.307859177117826022e+01
3.311004240731854065e-01	1.121312747067414017e+00	1.813664964719846751e+01	-2.699634718517064602e+00	-7.642545780744639750e+00	-6.217226275612928532e+01
1.277874182037621820e+00	1.139278208288616590e+00	1.682650857578898851e+01	-2.672886151010346101e+00	-9.945664127694364254e+00	-5.641692084781851690e+01
9.023088416238309595e-01	9.507466513660056684e-01	2.143358930094288439e+01	-6.384469398455773437e+00	-7.034637663959884435e+00	-4.857554407110360728e+01
2.864153572898226585e+00	1.121680514587418687e+00	1.078139266256916784e+01	-6.904087906670998365e+00	-9.727155396777607876e+00	-2.043694215596395480e+01
1.072873222711732577e+00	2.134976095428970488e+00	-2.079495598962193270e-01	-7.401456694533717240e+00	-8.512592668955731412e+00	-1.647953431355926313e+01
3.267408414628376612e-01	1.685901868011969729e+00	4.966161176441798553e+00	-7.605239942955340560e+00	-1.071870932036882706e+01	-2.135504311334116068e+01
1.717558268416228939e+00	8.414134445291994169e-01	-9.107740381314162192e-01	-8.668896777170116863e+00	-1.283615488618073819e+01	1.023266278839205867e+01
3.517303083909335548e-01	2.148599496904201711e+00	-1.287469119722545230e+01	-4.282751722009691342e+00	-8.987283134491175218e+00	1.823137340614656310e+01
1.931868649831229412e+00	2.422674374017945276e+00	-1.647534677466565967e+01	-6.198816415502899524e+00	-9.728648598399718850e+00	2.862509789869226395e+01
1.809482577538066295e-01	1.539493256959854506e+00	-2.462645124143593023e+01	-7.924671209744058586e+00	-1.217789348816528694e+01	1.845185411614925997e+01
2.416372132755177038e+00	2.370300313984292195e+00	-3.514703037268201058e+01	-3.256323640806532360e+00	-9.346489160390643036e+00	4.260786662505153544e+01
1.574677403810183840e+00	2.003708955996923446e-01	-2.656245551885393041e+01	-1.654989926388936716e+00	-1.008680153480946196e+01	6.289519559551358441e+01
1.570592652980250747e+00	1.082619104453113490e+00	-3.249878940612006062e+01	-3.609939272088354301e+00	-1.093747480401718697e+01	6.504050661700580349e+01
2.685901305648517035e-01	-4.645353242706249941e-01	-4.004821006244851134e+01	-3.995232408306973682e+00	-9.484711473562809303e+00	4.299064129957257308e+01
1.801754403764341816e+00	4.013619552568379878e-01	-4.135496707977029018e+01	-5.386476377066284016e+00	-1.122606581896759081e+01	3.360213677240108865e+01
1.368487860664526101e+00	-2.991834421587890036e-01	-2.839241141369790355e+01	-4.624711288373228868e+00	-7.767159219551736271e+00	5.772989068821190273e+01
8.616572774437161186e-01	-1.543330909751971514e-01	-2.891682102378789665e+01	-7.470524294258702902e+00	-1.054828213063516884e+01	4.633094544777560486e+01
6.557948638315949097e-01	-8.287793123551070451e-01	-3.095509025379971746e+01	-7.811362773449338270e+00	-1.028313699564699313e+01	5.773077728229762329e+01
1.432168395932863936e+00	-9.411698608977275837e-02	-1.691256034713638456e+01	-4.997137865772122822e+00	-1.002703840896421106e+01	3.771584227196943573e+01
2.840585385823222175e-01	1.400656885800557472e-01	-3.720019879555433562e+01	-5.724764851723099568e+00	-6.112938929650395536e+00	2.488493260949881147e+01
1.499857452421905268e+00	-3.973151719544432137e-01	-2.901682322744262521e+01	-9.501504269419365656e+00	-7.488386809168406266e+00	3.865645721967350568e+01
-3.133522308675722456e-01	-1.467603942503113323e+00	-3.533390210632359896e+01	-3.513894851840024813e-01	-5.528737707873164986e+00	4.038625431270655497e+01
2.804809516108384582e+00	-9.646764980430739822e-01	-2.536141975945382754e+01	-9.279486013806838685e+00	-7.934560357664920183e+00	3.041645086906519779e+01
1.136590463535485096e+00	-1.359027477338720757e+00	-2.110150343749948476e+01	-3.285338351119023503e+00	-7.658038420955239900e+00	3.389763088715756112e+01
1.574284055559392437e+00	-2.107725514310797799e+00	-3.674715436093175924e+01	-4.497518748579178549e+00	-9.581642855057689090e+00	3.696703799955618308e+01
1.028538035834150044e-01	-2.740840533926711675e-01	-2.503382728856461981e+01	-5.464468807555769025e+00	-8.677674045628949173e+00	5.296260907625565295e+01
3.764923554796841820e-01	-4.567032187580432057e-01	-8.456489788846663913e+00	-7.230712536249164657e+00	-5.184849772791239708e+00	4.127668497692899763e+01
-8.961454328056515095e-01	-1.051677342842896490e+00	-1.798923955185424006e+01	-3.794099369276460187e+00	-7.766725578622003745e+00	4.208184480068053546e+01
1.389787737628302544e+00	-2.162440088791490744e+00	-2.283741244947093207e+01	-1.108384701503548619e+01	-5.393997939629293192e+00	1.397589671723553018e+01
1.253873276772601741e+00	-2.918833759526380689e+00	-1.805791343631911516e+01	-4.143907168897912108e+00	-5.234585569714782061e+00	3.746348116773238957e+01
1.232126127433095242e+00	-1.497603251489587173e+00	-1.373728769078934775e+01	-7.572450714493996315e+00	-5.470615521844211848e+00	1.529591659724029462e+01
1.190299318227710845e+00	-2.053073003264704433e+00	-1.945135547869154635e+01	-1.083132365198626346e+01	-4.405330384394043897e+00	-2.834615497132549677e+00
1.970476603260766790e+00	-3.016489124621640983e+00	-1.916415312394017789e+01	-6.287371878106578826e+00	-3.791925912915801611e+00	7.040039999697906836e+00
1.622853166211505771e+00	-2.627601307189476376e+00	-1.825818921811464790e+01	-3.889397362761645383e+00	-3.230931317999299335e+00	3.362676295505598034e+01
1.755015334330102261e+00	-2.347880700564667578e+00	-1.224297528920894607e+01	9.105785590285249143e-01	-1.088098902034727544e+01	2.734431378683370895e+01
1.498458034658968652e+00	-1.925674170009443298e+00	-2.465576350151946627e+01	-1.007488340457409848e+01	-4.014545012509509903e+00	1.735799784382512101e+01
3.898265807602891986e-01	-2.875128926849249478e+00	-1.648253122620885947e+01	-7.304124759052440297e+00	-4.002133602994732087e+00	2.769629695443012096e+01
6.358627387737105785e-01	-2.964784456198577001e+00	-1.715091519917481833e+01	-1.094506791543126312e+01	-4.802499081571334649e+00	2.403487012399013878e+01
2.479839202215833982e+00	-2.467938234649339257e+00	-1.105382960355028743e+01	-7.991722862609410782e+00	-6.717159439936304821e+00	3.142829986322703206e+01
2.110120416215524930e+00	-2.944976719668476406e+00	-8.064422685326286810e+00	-9.612820170735815850e+00	-5.987705387937834800e+00	1.536644141463809277e+01
1.749607850248851904e+00	-2.956391669328855887e+00	-2.061117570744143279e+01	-4.946159244719244619e+00	-4.996654875583900868e+00	1.958276494849699390e+01
-4.948746857964303469e-01	-3.701567361751683993e+00	-1.183471786738124187e+01	-2.635157937416332086e+00	-6.259410205382507364e+00	3.408824177124781585e+01
1.515550002535586138e+00	-2.940001598553542816e+00	-2.419599902950408676e+01	-1.634595262689578554e+00	-6.100596640959928152e+00	1.882601986088031865e+01
1.478630841555322872e+00	-2.583656292481503414e+00	-2.522105229539545945e+01	-6.686263160172440045e+00	-4.883069628767592540e+00	5.083990611584970765e+01
1.802110990642225019e+00	-3.488662634848247013e+00	-1.543233690026273663e+01	-1.723180854079443769e+00	-7.666225065799212146e+00	9.569020508253558432e-01
6.161911104835734454e-01	-2.719223170468619166e+00	-1.018652689080091989e+01	-4.464951498860929568e+00	-4.802868324250051835e+00	4.112904520287281684e+01
1.455352300120979603e+00	-2.804673139450101438e+00	-4.410874513263093988e+00	-2.940065569942780677e+00	-5.093608057962850211e+00	2.801580506481160882e+01
-4.039385288104413441e-01	-3.389006394909677589e+00	-6.783532792715992521e+00	-6.362060997769489745e+00	-2.052762176746129263e+00	2.673805009545413824e+01
1.024170140777094895e+00	-2.446081491403309993e+00	-2.037205339026307627e+01	-1.210382926006105286e+01	-4.328408696496170549e+00	1.696865146192970997e+01
1.654686849396732828e+00	-2.414018542266628486e+00	-1.980866868177789186e+01	-5.186701071970916566e+00	-5.471118679882393643e+00	5.904460974264090112e+01
2.178928651926361315e+00	-3.472851289648702267e+00	-1.583527018408281961e+01	-7.945006708654559269e+00	-2.347389543523511257e+00	3.560965272474000898e+01
1.673051899960712019e+00	-3.561266608348143681e+00	-1.719406029255598511e+01	-5.533850794656760108e+00	-3.500757404724398558e+00	1.715958907767842945e+01
1.721183683919303764e+00	-4.179558079747934585e+00	-4.807000415857767273e+00	-1.660075205806629484e+00	-4.271124756205650463e+00	4.557714298038263223e+01
1.890230355277917385e+00	-3.702856584369969006e+00	-7.362320311722392319e+00	-6.987238926455648702e+00	-2.176087562289309218e+00	4.083455286691990693e+01
5.498528996339018260e-01	-3.327323026363250502e+00	-1.889569600913586811e+01	-8.572473709715932699e+00	-4.040131854825858682e+00	1.918203696178883888e+01
2.809061137063842750e+00	-3.685712831704611503e+00	-4.087402754569828822e+00	-1.031899517484897721e+01	2.106807848818577078e-01	2.201975996329974095e+01
1.696745968594411957e+00	-3.114892993921420050e+00	-1.431284637083702371e+01	-3.685621057612899598e+00	-4.899251101203926595e+00	3.550784560185228145e+01
5.807291065571753563e-01	-2.796896718125170267e+00	-8.775443454975022206e+00	-7.822796191321420345e+00	-3.146661955713639269e+00	4.060867720506468714e+01
-5.187948407497555703e-02	-3.002003076357941058e+00	-1.733422908600730139e+01	-6.234989309527644963e+00	-2.494865035185182656e+00	1.609792380476644169e+01
8.366323133941434564e-01	-3.746041603217395988e+00	-2.196874252204811739e+01	-1.433721623887629271e+01	-1.845039015664768911e-01	3.981608190734484509e+01
2.012387080247278082e+00	-4.895549182961069334e+00	-8.955076780521903146e+00	-8.353490430271158118e+00	-6.053653669150588890e+00	1.996171852573480976e+01
1.874304218133052480e+00	-3.098432888695262566e+00	-9.750410069413971925e+00	-6.282945332898727031e+00	-4.166263178727848349e+00	5.661654716703075962e+01
1.009677408576235447e+00	-4.588239761642524783e+00	-1.194640219459608943e+01	-1.199536628965189600e+01	1.690930170212859407e+00	5.540557434721931429e+01
-5.566917631139686184e-01	-3.268687735377673320e+00	-2.985850668063850577e+00	-9.970089352173623354e+00	2.741907254893223289e-01	5.311488116159193851e+01
8.178983029513460234e-01	-3.349820143050690202e+00	-3.715876698631591424e+00	-3.222846333882392944e+00	-1.045534865852836059e+00	4.770176576628838205e+01
1.238570187471709438e+00	-3.927369745930202605e+00	-1.162416195437270972e+01	-1.577864428148907372e+00	-1.820617111200868887e+00	3.297149390993620699e+01
7.103795220639510521e-01	-4.218010226462470591e+00	-1.016556843895592266e+01	-9.739689119590064337e+00	1.761316854357302120e+00	4.624715670915134780e+01
1.104909657315731319e+00	-4.395374761893931392e+00	-1.086125311356939349e+01	-4.137745144595375457e+00	2.410188586980315795e-01	5.424133516766741536e+01
7.366535909094528156e-01	-3.744978147471491159e+00	-1.486134260163029097e+01	-7.547468998814350627e+00	3.587369930031566234e+00	3.993478515407315399e+01
4.827931461090518850e-01	-4.272156374454496586e+00	-1.536854020741172278e+00	-8.564167616689156048e+00	5.722740059704140014e-01	6.088195103418529897e+01
1.417986878489764235e+00	-4.656269343034937336e+00	-1.012812130944844746e+01	-6.867109826542112216e+00	-6.687679165708034779e-01	4.637201614557069718e+01
6.559797363875098375e-01	-3.860509492630227690e+00	-3.230641851495981598e+00	-1.195680822965927526e+01	-9.423165625808127555e-02	6.558145503680289323e+01
8.430583051906158643e-01	-4.292957717644942051e+00	-1.082479410701821188e+01	-7.524404472419549350e+00	8.752198215761525235e-01	5.555532424117632218e+01
1.258063820593804616e+00	-4.148497916207526615e+00	-1.070030978648701492e+01	-1.181586664019526367e+01	1.932438890868554804e+00	5.886150391913105295e+01
-3.379037121629930862e-01	-6.147912337165713836e+00	-2.555547115591192764e+01	-7.822859957501192341e+00	3.702274739808446125e+00	6.203034857596705365e+01
-3.066813776506778222e-01	-5.677247196969895882e+00	-2.117819433193256273e+01	-4.745669078446081990e+00	1.730854058353559877e+00	7.213727474098629955e+01
4.048710239633019348e-01	-4.531910004976562156e+00	6.401682900713080215e+00	-1.022083304787259905e+01	1.834764730790956477e+00	5.543667845317925469e+01
-3.064280966681456331e-01	-5.070684207576135805e+00	-2.107046473009223675e+01	-9.668700668363188200e+00	3.980076594129794643e+00	4.418003317493392501e+01
2.569823646701233089e-01	-5.415187573369752094e+00	-1.868931799297203966e+01	-1.828329539933951864e+00	2.303993088704527459e+00	6.186189891215541792e+01
3.334186742079646493e+00	-6.591499147985568463e+00	-3.175999288448865343e+01	-9.564268324748734784e+00	4.211820297548857006e+00	6.030396189004653706e+01
5.647363783746863763e-01	-4.363295713910829043e+00	-1.707325059247959942e+01	-5.082489664093714055e+00	2.271131108496032169e+00	6.148733974038466954e+01
1.398288588231705543e+00	-5.420825916488548835e+00	-2.441629065084305950e+01	-5.968632170974709439e+00	6.333047532474404662e+00	9.031980193944852431e+01
8.400861572509263908e-01	-5.427937134958201959e+00	-3.433760034078132861e+01	-7.072946172252991381e+00	9.992623126272611955e+00	8.222711090036830228e+01
2.017405932604432461e-02	-5.331387429603319461e+00	-3.829552137813521995e+01	-1.191660788200217347e+01	1.812494442608968193e+00	8.177050911440217362e+01
3.716326506602981583e-01	-4.947189751601959173e+00	-4.019808535832327578e+01	-9.970260546557746295e+00	5.755733746427279307e+00	9.018814270036456548e+01
7.010767323370459270e-01	-6.661498412608767516e+00	-4.366742092287337584e+01	-5.109337454799468325e+00	4.941782837216821100e+00	1.033071366290794657e+02
8.045508896815745103e-01	-6.975871536864822531e+00	-3.269077094978999298e+01	-4.273992753170528403e+00	5.837595854925287320e+00	1.185058132427301274e+02
-6.873139180691267835e-03	-7.064233183966365459e+00	-3.669907471856056702e+01	-5.680536780118718987e+00	5.321995870361592829e+00	9.068448855132831454e+01
1.396058715092133751e+00	-7.841088059744106609e+00	-4.477132768475743774e+01	-4.122561143890031587e+00	9.171018094210969807e+00	9.636110943864689204e+01
1.689187445881612515e-01	-7.411842579367108108e+00	-2.286175466914504995e+01	-6.644527073429322250e+00	6.931137507873763148e+00	5.368925439141543166e+01
-5.797695704770666758e-02	-7.652624700030963290e+00	-9.666278441481754413e+00	-8.409186947409763135e+00	5.144499002281829547e+00	3.150184764346922606e+01
-1.671219347212796746e-01	-6.646108208628264791e+00	-1.753305231132409148e+01	-5.832410539883164269e+00	8.083996971299512779e+00	3.087542561771785543e+01
4.444522820231164850e-01	-7.399034911566388928e+00	4.454040976023791565e+00	-1.093592063945464332e+01	7.528367950795180619e+00	-1.329383525108374364e+01
1.107787619760939313e+00	-7.641833105241935264e+00	1.529656349069991883e+01	-6.976979066204613389e+00	7.185123910602526642e+00	-5.800408185068697264e+01
5.382776173338361669e-01	-6.379888375414749291e+00	4.324196404938291494e+01	-9.202249056098178670e+00	9.645876545712868122e+00	-6.450942257591655959e+01
1.708845430690699274e+00	-6.124619481739874693e+00	3.288848873576022669e+01	-6.636411908096454759e+00	8.971218846203907304e+00	-8.168512576859956198e+01
2.616003217135958181e-01	-5.069261649331094688e+00	3.241252573425636996e+01	-8.205318857965817614e+00	4.102505624676770601e+00	-9.347929446373515816e+01
-2.974458029758724753e-01	-7.490162407935622824e+00	2.777931945530114888e+01	-9.813355632443027332e+00	5.946082710959876394e+00	-1.117225889175948197e+02
8.722049848245309045e-01	-6.286738880134747909e+00	3.567275015612644751e+01	-3.436198178139483694e+00	4.098068397170401056e+00	-1.001611452337504033e+02
-2.245359964612098636e-01	-6.462238915514462612e+00	2.521140571400708907e+01	-8.685446448953172194e+00	5.698670324228283235e+00	-1.225339649637505204e+02
2.835863495886619123e-01	-6.543916687244161423e+00	3.515579708035960493e+01	-7.635599846500563892e+00	7.537258123384940944e+00	-9.021522735251913616e+01
7.650581885853940944e-01	-5.753006780374430029e+00	2.296986846373080482e+01	-5.212870951770972816e+00	4.259746510969583788e+00	-5.459403542994697034e+01
-4.290425812090181146e-01	-5.553487859876273802e+00	2.398366293851346853e+01	-5.094975052236810242e+00	6.623283502870653372e+00	-8.621673004889322556e+01
-1.696778693693189233e+00	-4.988972799778263578e+00	1.893628740819218237e+01	-3.261767674000094264e+00	4.869821091479066943e+00	-8.891967761571119411e+01
-3.772177571087129144e-01	-4.851558694860644394e+00	2.259096291608121376e+01	-1.082507976199665478e+01	6.931171487162520961e+00	-8.358950466239721777e+01
-9.818929680233545731e-02	-4.333168758661089193e+00	2.633516456998802013e+01	-5.473827861157539054e+00	3.943886116350324489e+00	-7.855262637502217160e+01
-2.743535050567619926e+00	-5.064516022973407416e+00	2.940982854415444336e+01	-2.880436269126267934e+00	2.054478415215944320e+00	-7.515836747123647399e+01
8.617228081472287915e-01	-4.513340153867286375e+00	1.330456865400594957e+01	-8.797407541316720980e+00	3.702762531431442294e+00	-6.268925402644338618e+01
1.073970006305898117e+00	-6.306956000851249300e+00	2.221231064042582304e+01	-3.458224241364324936e+00	2.114986079276452990e+00	-7.533843538723264999e+01
-1.161914208962989026e+00	-5.341406990419125478e+00	6.011561941047235180e+00	-4.636392175603756272e+00	6.131530223005082769e-01	-4.120145409364069167e+01
-3.963098121675605046e-01	-4.857896211632716899e+00	1.958637224288867884e+01	-6.290185214780925627e+00	1.894020355082359330e+00	-6.507649376576249267e+01
-1.634474056017115817e+00	-4.572023880853166133e+00	4.758801023090839522e-01	-1.167952105470883595e+01	8.026959024181024027e-02	-6.541830095988309779e+01
-1.734823118219428695e+00	-5.770130675345932048e+00	8.836539925405642038e+00	-7.625246948763670041e+00	5.307278764819067796e-01	-6.001862682208144406e+01
-1.803646937836583142e+00	-5.004551622215212880e+00	3.943164240729158720e+00	-4.829784939090963292e+00	1.467108881056239156e+00	-4.793452765565901075e+01
-2.198459177494639150e+00	-4.558276626411456256e+00	6.156677094524331650e+00	-8.790854032105325899e+00	-5.099408021664596724e+00	-3.950983016498486222e+01
-1.220849063665723211e+00	-4.900751294127719149e+00	1.042236715350079379e+01	-1.385945523387333012e-01	-4.638046768155758004e-01	-5.773049960694711302e+01
1.119496813336050112e+00	-5.022770262879604708e+00	1.439890719005767039e+01	-1.536269268723235548e+00	4.636280176591426327e-01	-4.189415152815816157e+01
-2.006380967517385816e+00	-3.900901013260437811e+00	1.971223315470348325e+01	-5.659775403477292244e+00	-7.391432037691195722e-01	-5.141187463615642628e+01
-1.047689982557441946e+00	-4.733690831494722140e+00	2.555082552687389352e+01	-4.515350387288231460e+00	1.425274815671993878e+00	-5.249107172045604841e+01
-1.432733849502228818e+00	-3.716090169188113634e+00	4.575816335166286386e+00	-1.877811372373792587e+00	-8.558861211715145245e-01	-4.346581724980822514e+01
-7.773320475828850995e-01	-4.636030894651297807e+00	1.357433291488379901e+01	-9.896388555351080640e+00	6.768369596328367432e-01	-3.194817388576137063e+01
-2.879737148150554593e-01	-4.182810545823573811e+00	1.588046810134790832e+01	-8.263433252021815889e+00	-1.146562228791376592e+00	-3.932480107003041780e+01
-7.168659900565277354e-02	-3.722802157293585879e+00	1.080295041369515907e+01	-4.132041054460461105e+00	-7.952951540989960932e-02	-2.917083872679534196e+01
-4.010234199955519108e-01	-4.171191357747863648e+00	1.905474151603305444e+01	-2.408649461883690890e+00	-2.418674895871149033e-01	-4.701941284591764258e+01
-8.577405597980024554e-01	-3.710728336290645579e+00	1.555341566012881671e+01	-6.380983572001202475e+00	-5.246929396328372519e-01	-4.108912405760180775e+01
-1.678505166518383440e+00	-5.632451228474693927e+00	2.649365672962315443e+01	-2.159137307034480369e+00	-2.785952192635447577e+00	-2.361590282892349180e+01
-1.358604548653426836e+00	-3.635988460117421717e+00	1.351474327282345200e+01	-5.058880266591456731e+00	-4.235361483745962552e+00	-3.705738655154691941e+01
-1.399839014996470787e+00	-4.675844582234115698e+00	2.393137829515737991e+01	-7.411300254400794429e+00	-1.523769121501656443e+00	-1.995506220420470811e+01
-9.414666439835218670e-01	-2.635289975772212134e+00	1.161633004469496200e+01	-6.177313101494562808e+00	-6.063962827407660683e+00	-3.734529846276180365e+01
-2.321288183604813149e+00	-4.838376165248257976e+00	1.578390121719193218e+01	-4.129511753679311781e+00	-4.752695019684698430e+00	-4.676600210002524705e+01
-1.844085241893118621e+00	-3.639642794526657621e+00	1.362058009220707611e+01	-9.723143678410949065e+00	-2.416773323167463516e+00	-2.806051464903269022e+01
3.651496444451569623e-01	-3.096751219902355245e+00	6.873058469041020579e+00	-6.434260127803042018e+00	-4.413849319115868752e+00	-2.366835388999601975e+01
-3.651198789584497728e-02	-3.823343416639236381e+00	1.504460420502971552e+01	-3.884912606705465343e+00	-4.517639187435955606e+00	-3.810155332427552111e+01
-6.639060477594609377e-01	-3.675390537357924092e+00	1.319199898941705129e+01	-4.356867425886332690e+00	-5.734278032578036921e+00	-4.559769610970046472e+01
-4.442284303070808682e-01	-2.982796118194237955e+00	1.558383248741165339e+01	-4.463349630106842270e+00	-5.513694490041758378e+00	-2.403865210707788691e+01
-1.277166473452403750e+00	-1.532732055875897004e+00	2.157647966497498260e+01	-7.738045034588203031e+00	-5.735524980150005447e+00	-1.111423099462772512e+01
-3.435862471389315997e-01	-3.101712310802842598e+00	1.803036839327854679e+01	-7.140037587974189748e+00	-4.671862024866279661e+00	-2.618501382056017235e+01
-5.817345926951775770e-01	-3.019123794518641546e+00	9.567695194230203981e+00	-1.175258031880727927e+01	-2.647919673009412111e+00	-1.976754884277008983e+01
5.466148667757519952e-01	-2.616385111086257265e+00	1.414370016799208507e+01	-8.642010367451739228e+00	-5.697820496684223635e+00	-1.495739867422726732e+01
-1.494886327887683386e+00	-2.985400489059336415e+00	2.365398660304714440e+01	-3.927371277727959686e+00	-7.359670207559712907e+00	-3.159184987458004201e+01
-2.789199041202845564e+00	-3.298573134761829451e+00	2.075029015207888605e+01	-1.012022301156374127e+01	-6.106774406100582198e+00	-4.612490860008417570e+01
-1.859835285078044187e+00	-2.676725280218713809e+00	6.266500130290836523e+00	-7.322367079889270158e+00	-4.755352404124255195e+00	-3.496685789523171906e+01
-2.150109635814935416e+00	-2.072850473116103487e+00	1.756619842863393188e+01	-8.478268319557798804e+00	-3.636513876121103550e+00	-6.284023838177350996e+01
-2.407192891375662835e+00	-2.642406933208794939e+00	1.113427179599355554e+01	-7.631787863808284555e+00	-3.731916883242650140e+00	-3.745895555208301175e+01
-8.075413338652475126e-01	-1.674330882728686465e+00	1.884004180015761420e+01	-1.341652217799524038e+01	-7.412749185118645556e+00	-1.744706124006355807e+01
-1.423627481088540980e+00	-2.820551553888816176e+00	2.621037660973701477e+01	-9.031932936524098565e+00	-3.682601084117069323e+00	-3.227915058771472445e+01
-2.685508395557775430e+00	-2.356240792393738737e+00	1.189859265362375851e+01	7.672884481940833723e-02	-5.149714010557548072e+00	-9.755573658702299866e+00
1.058320838127839725e-01	-2.228161747089659972e+00	1.991209339448434790e+01	-1.359909259649461966e+00	-7.111769164242585539e+00	-5.164540156152534678e+01
-1.178044762988130989e+00	-1.964212288164144393e+00	2.439312251125726405e+01	-7.257493674451158228e+00	-7.460595143814321872e+00	-4.809056695038690066e+01
-1.059841375131750585e+00	-3.007498357120427901e+00	3.107248671119598882e+01	-1.685414290297837958e+00	-8.316285088317366458e+00	-3.611014022633404608e+01
-6.209117500906312648e-01	-2.857113634013876080e+00	2.006958603086943072e+01	-4.424085361018880391e+00	-7.181815137522797876e+00	-3.245836666062573528e+01
-1.504751590366323555e+00	-1.286260552085011888e+00	3.208864573506846085e+01	-1.021314825235767998e+01	-6.699898119389062323e+00	-4.140728224883922337e+01
-2.032710379230500131e+00	-2.039623181295632026e+00	1.642637538602012626e+01	-1.006545630642112421e+01	-4.533734227853298826e+00	-1.645642006006923452e+01
-7.185301522606464264e-01	-2.375806678105239822e+00	2.236593812759340238e+01	-7.601001449619364081e+00	-6.910805791006565002e+00	-1.425340341665711463e+01
-4.700254057878410219e-01	-5.766324312459819579e-01	2.183401640635554486e+01	-8.645677688447138465e+00	-6.923010454778613543e+00	-2.099538541838239425e+01
-2.365004938425488978e-01	-1.141449995966428155e+00	2.808374922575099575e+01	-7.585702523014011156e+00	-8.218039139725002329e+00	-5.090933262714715113e+01
-1.796746733305163435e+00	-1.558551850031915986e+00	2.422828120466240875e+01	-8.168792627362845948e+00	-7.737549817368591931e+00	-4.799862293471480257e+01
-1.010798115322199653e+00	-1.346977264309284106e+00	2.774158337979899613e+01	-8.847066463615202991e+00	-6.335520417898466761e+00	-2.836037138039400674e+01
-2.636824626253191806e+00	-1.247029979136616173e+00	1.962324237338155442e+01	-3.472400322676953532e+00	-8.489115010852874121e+00	-2.931445530450680437e+01
-1.381587286305610007e+00	-3.196642001766683561e-01	3.328162946271412892e+01	-6.767120420069328901e+00	-8.599933255275406196e+00	-4.457179773170840065e+01
-1.158532438877754700e+00	-1.978810448862363680e-01	3.200881093586033899e+01	-1.014818929556295224e+01	-1.104901454788554815e+01	-4.309338950511374122e+01
-1.050270677383681850e+00	-8.371130017990112693e-01	4.459722289573313958e+01	-7.488716095314873478e+00	-1.024257169014664726e+01	-4.143218506702398685e+01
-4.964562949069032394e-01	7.367604637963170999e-02	4.401316463044847183e+01	-1.221941945405275476e+01	-9.736169626037764147e+00	-4.913128259874064696e+01
1.241992286538708745e+00	2.007011381051716503e-01	2.473074133533275187e+01	-6.314814095733628285e+00	-1.022839985308846344e+01	-5.125277506363270419e+01
-1.833645774060871814e+00	9.671406404424285341e-01	3.302663236496052690e+01	-1.057792912773693672e+01	-9.117725999866566511e+00	-7.631076092316494908e+01
-2.151807926280709937e-01	5.616829530462690290e-01	4.384130083710803660e+01	-9.985878700182652778e+00	-8.414709118082789985e+00	-5.492311382434675693e+01
-4.762962663015506415e-01	1.679277737479241139e-01	2.964407731514486954e+01	-5.345789603779076415e-01	-1.006194562059519093e+01	-3.856127616356390320e+01
-1.937318122983036739e+00	8.663565556458666661e-01	3.553705364649363219e+01	-1.037456677845589148e+01	-1.160853044292247382e+01	-8.131000396530866681e+01
-4.458317886258968965e-01	1.411962185922000179e+00	2.873106771578447649e+01	-9.341191887701679519e+00	-1.032417559200090018e+01	-5.991113277018234129e+01
-1.717618822799583445e+00	1.373843327951753013e+00	9.933490487484560205e+00	-9.558450540916602733e+00	-1.023161608942190881e+01	-5.241552707873849926e+01
-3.334079586523491789e-01	2.048158368387789530e+00	1.545061591322795813e+01	-1.118830264351518444e+00	-1.214131299901618810e+01	-1.932255475052071958e+01
-1.468624404456247534e+00	2.324952734348178840e+00	1.937945789451399392e+01	-7.082059866969050432e+00	-1.238836271612342266e+01	-1.268278174390066937e+01
-1.180503513939543225e+00	1.658683044994309741e+00	-6.546463883524369365e+00	-7.618445445399102844e+00	-1.091367641869573291e+01	1.529366521322917194e+01
-2.261887881617817619e+00	1.378379311230068849e+00	-2.015451245958413296e+01	-1.021002122530597234e+01	-1.056250398971339166e+01	2.831049138102078189e+01
-8.779064074258366990e-01	-5.139059735735695966e-03	-8.849570440427910967e+00	-5.137602786115983200e+00	-1.099722720116749564e+01	4.617571158942777032e+01
-1.230835865155481601e+00	2.274417060457727402e-01	-2.460907027832077532e+01	-1.375977962245620922e+01	-1.368396381805825435e+01	6.678090964063670754e+01
-8.231975801353486055e-01	1.279876404118650779e+00	-1.525396613170394389e+01	-9.379779138016376194e+00	-1.134732709069894696e+01	5.387805893415376346e+01
3.087696933150361200e-01	1.306637588902220148e+00	-2.349876011094833217e+01	-8.767539415594514551e+00	-1.311214927841383826e+01	5.822582277095801828e+01
-1.634984809707248576e+00	1.325912110628411966e+00	-2.417102442178215682e+01	-1.091379187610543688e+01	-8.628001213058116292e+00	6.548138262599427151e+01
-1.604537271493287953e+00	8.593655745950445901e-02	-3.261064606801866006e+01	-1.121827121358751889e+01	-1.167492056493187569e+01	7.272444093979210322e+01
1.003216416932106281e+00	1.761253315308275447e+00	-3.358251041773769430e+01	-8.470909271961764020e+00	-1.251788960366305403e+01	3.398650688071633397e+01
-6.565199567590920271e-01	5.473893840941445044e-01	-3.416442686311914656e+01	-4.664140312039158687e+00	-1.175756257479343958e+01	6.994949521940712600e+01
-7.523948942661004002e-01	-7.065806851086319229e-01	-3.888580216048949012e+01	-5.334552244457532844e+00	-9.611610867234196220e+00	6.933003898689455013e+01
-1.653435286570391849e+00	4.825427964243897971e-01	-2.319915894224450170e+01	-1.013140596292230455e+01	-1.022853806877267857e+01	7.161471267783623773e+01
-9.962646375402561816e-01	-1.691008299425987405e+00	-1.531164281528718973e+01	-7.861986370411357505e+00	-5.064626744828732541e+00	7.210425210253482931e+01
1.828423361731639218e-01	-9.133959411369494408e-01	-1.505686494188639735e+01	-9.121334440333663807e+00	-1.286404689023222758e+01	5.229310157023310524e+01
-1.301996581641772233e+00	-6.404876354774436953e-01	-2.875359408594350441e+01	-1.117799070288354990e+01	-1.133285699017504555e+01	3.727263742091215448e+01
-1.696264785797401364e+00	2.143290201497111136e-02	-2.180671762029141192e+01	-1.408498762305516117e+01	-1.047967325645070424e+01	4.725798549753741895e+01
-2.139631250022222986e+00	1.243430992781474842e+00	-2.701677843443065541e+01	-9.648050682139498235e+00	-4.273386439638754197e+00	8.024382420413655126e+00
-2.056745933623546740e+00	-8.638634824126609768e-01	-1.214983574976665182e+01	-4.249529841002631869e+00	-9.139159405704015526e+00	1.970222983289369267e+01
-2.768947448039724701e-01	-7.152551559339226372e-01	-2.396458010269188676e+01	-1.378356245837409588e+01	-8.530153238286874995e+00	3.747988529597514429e+01
7.008692497096085106e-01	5.625953549886987259e-01	-1.835004615301186703e+01	-4.914055155080317761e+00	-8.266438702601393018e+00	3.805685359857020700e+01
-1.333326093023576409e+00	-5.526649270936929703e-01	-1.664310768050374278e+01	-5.063297094737449378e+00	-8.596868974178795142e+00	3.328190187547713919e+01
1.969276997437499066e-01	-5.877903024686881306e-01	-1.708271204240787355e+01	-5.659777572337243434e+00	-1.012477729801380022e+01	3.370925246091147898e+01
-2.596707879682371711e+00	-7.814513316274782628e-01	-7.721257536637867069e+00	-1.096369818614207503e+01	-9.092056819368897536e+00	1.178464362807546095e+01
-1.768287338279438181e+00	-5.451283299196956200e-01	-4.126064168898208706e+00	-8.625397623123184587e+00	-7.741253213158556967e+00	3.494186089239614290e+01
4.224831497835950245e-01	-2.124511963018565375e+00	-2.492433978605114575e+01	-5.130045704061167555e+00	-5.982965061926969419e+00	3.817631313591553521e+01
-7.695169053393214886e-01	-1.511437113847819536e+00	-1.015829759571114721e+01	-1.192602685634337512e+01	-4.850786342044248300e+00	2.246016267359467022e+01
-2.309893565772725310e+00	-8.680906492347238990e-01	-1.597035697288596623e+01	-7.350763449694228235e+00	-7.735593741063605755e+00	7.425897027732887068e+00
-9.660472096332715086e-01	-3.739741635970733613e-01	-1.451453711744666641e+01	-1.087495513487492715e+01	-4.661013339580641457e+00	1.465156599285567296e+01
-1.528645843252313785e+00	-1.151633152356829504e+00	-1.460010291700666230e+01	-7.629769862948341697e+00	-6.978262157135130650e+00	3.030992805248629907e+01
-3.985104723922927583e-02	-1.810877146866650245e+00	-1.931449795095807787e+01	-1.006121445123741864e+01	-6.805691140254012339e+00	7.588089013612876244e+00
-1.833407440245835573e+00	-2.237201325258784124e+00	-8.084570802606442896e+00	-8.714492760224933576e+00	-7.956075910172898169e+00	2.396273897179779411e+01
-5.804161347114787928e-01	5.669325237539479811e-01	-8.396277212964793790e+00	-6.581703998149748713e+00	-8.038607094447961288e+00	1.338517775127282761e+01
-1.144559038488372593e+00	-9.046662847700915888e-01	-5.382887906609902018e+00	-6.960635526095959591e+00	-5.743047650342600008e+00	-8.655783560400479359e+00
-1.153824603791299142e+00	-2.102696612635457374e+00	-9.154197989665570745e+00	-4.605171794633201365e+00	-6.232734126132614350e+00	2.348047653551480707e+00
-1.368443943793880235e+00	-3.018470046289503550e+00	-1.624711382867575793e+01	-5.863464086018491450e+00	-6.143882689175383049e+00	-2.538940329317739497e+00
-9.393332502036042531e-01	-1.577101253819151783e+00	-6.263989895511337558e+00	-3.409813632074633283e+00	-7.842052337798042672e+00	-4.047991599743017588e+00
-8.827175078228396421e-01	-3.146087519036106173e+00	-1.632602227317097920e+00	-9.495179737505129225e+00	-7.636635210482875635e+00	2.366623226251530809e+01
-2.183532294263152984e-01	-1.026615939493711105e+00	-2.896470425062399379e+00	-1.323043006298115820e+01	-8.038714629104445564e+00	5.727334294710065166e+00
-9.795380405843985283e-01	-3.325365141142129222e-01	-4.498795288796094027e+00	-8.215127537337167496e+00	-5.732996528521015378e+00	9.012152173676696520e+00
-2.265114202414112654e+00	-1.389617394857693755e+00	-2.108087466616011341e+01	-9.854272639524245037e+00	-4.013634583420891744e+00	6.707708609319715798e+00
-2.844196816170204922e+00	-2.175706063842736349e+00	-1.642666030446691394e+01	-7.191768466146417182e+00	-5.461916010752131179e+00	-8.788437234577116897e+00
-9.051544823166263187e-01	-9.803968460753038627e-01	-3.617263641000864283e+00	-9.807301987775254304e+00	-4.721787914722860968e+00	2.370399051695414272e+01
2.224496938197746410e-01	-1.745944773321131072e+00	7.106581232894262357e-01	-7.551055117080017531e+00	-4.134145926340202060e+00	1.552581731049625802e+01
-8.703645276775511253e-01	-2.414364423621993438e+00	-5.667488133608813428e+00	-1.718627379385089782e+01	-2.322290266173038020e+00	1.718038771550930477e+01
-4.086099021192591829e-01	-8.024302647003076494e-01	-1.678779477784048879e+01	-6.976730458780546762e+00	-4.413387500486188664e+00	1.805771154807394652e+01
1.414224917415527250e+00	-1.449774184289139400e+00	8.870532298049980113e+00	-9.016479439467458334e+00	-4.375074200805534552e+00	1.017146920960422385e+01
-1.650762731432869668e+00	-1.564740742923755423e+00	-1.027857127794641201e+01	-9.039211907144721891e+00	-3.995165880450328721e+00	7.126844292218230237e+00
-9.998359232939882935e-01	-1.832522130498506874e+00	-1.091485443633449570e+01	-1.331300513902738558e+01	-5.170337646511399043e+00	5.173073065973067486e+00
-9.940575501181219131e-01	-2.671818247948826830e+00	-3.568840428928391706e+00	-1.165750269824615160e+00	-4.337916565317470052e+00	-1.166418734345552366e+01
-8.001870189547065637e-01	-2.995325833386699887e+00	7.427558645575253138e+00	-9.865069860921808598e+00	-4.344063388520912561e+00	-1.399081924893386386e+01
-1.667872262250278625e+00	-2.355451775126844005e+00	-1.308947993295805468e+01	-1.075055300904389277e+01	-4.256638396552876458e+00	1.809480286183008246e+01
-9.043074049072485909e-01	-1.500609355597603667e+00	-7.367410942825911135e+00	-8.435674766014010117e+00	-4.812599840646253568e+00	2.366710127000751385e+01
-8.047562514305093284e-01	-2.575452457444831200e+00	-3.612051770593803113e+00	-1.990400412476915015e+00	-3.917342968102461853e+00	-1.047112738113339958e+01
-4.606545248438395079e-01	-1.731716717360210822e+00	-1.046149644943428569e+01	-1.175926128561274275e+01	-4.021014785564095639e+00	1.968979164266908199e+01
-5.044862127531690721e-01	-1.058073398951259847e+00	9.870395575849237879e-01	-9.554032764039112280e+00	-5.448037635311088422e+00	3.974527485190635367e+00
-1.226494882632407801e+00	-3.352489825438246918e+00	1.779440336290352143e+00	-1.026686326221942203e+01	-5.298101894830170799e+00	-1.546199190517845778e+01
-2.386649319304597228e+00	-1.963835358959555855e+00	-1.188936220467934790e+00	-8.296419937503051401e+00	-6.523959568587777369e+00	1.329148170374506321e+01
-1.150217754303581863e-01	-2.140000485250039386e+00	-9.424319162492054147e+00	-8.709394537622767274e+00	-4.014628799222547784e+00	1.455441762613530798e+01
-1.630613507061912104e+00	-2.248806796927630636e+00	-4.251671017101680050e+00	-7.497931333205333004e+00	-3.908642325623788771e+00	1.110030461021778692e+01
-2.128406122911354892e-01	-2.257734613442949456e+00	-1.306508197684867767e+01	-1.205696130053878434e+01	-5.012279349059068245e+00	8.121099496267417450e+00
-2.372052550973092977e+00	-1.344272107856826048e+00	6.851444899180146209e+00	-5.074111150863164887e+00	-5.057718690028201181e+00	1.155023280449432121e+01
-2.200334471195885655e+00	-2.333550810947341514e+00	-6.725765601434416929e+00	-9.278855564773436981e+00	-7.362668878677072648e+00	1.258200174277461691e+01
-3.180066900191706125e+00	-1.693127892756077779e+00	1.814845990407082166e+00	-7.585569351256454596e+00	-4.842896342389628295e+00	-6.872643781877597391e+00
-2.838083659523710445e+00	-2.161588420588645754e+00	-1.105543049825148927e+01	-7.434897572995212478e+00	-3.397462516668954269e+00	1.516939644541653820e+01
-2.201042699390383106e+00	-1.117038750193984242e+00	-2.050799015772672540e+00	-1.009615566117895114e+01	-5.920942108560573125e+00	8.982221264105707093e+00
-3.758085074822610228e-01	-2.355098895572237616e+00	-3.573694494935603316e+00	-8.055418636905937291e+00	-5.779341471800528041e+00	-6.669942793065430919e-01
-8.516148281055935243e-01	-2.926018573452812355e+00	-1.171995576992634192e+01	-9.682368485464188268e+00	-4.085249344337205102e+00	1.088413122904137253e+01
-1.350239579509137755e+00	-2.684552680250134493e+00	9.258752930832856443e-01	-7.722623046159920790e+00	-1.587865062573450281e+00	1.612628568923091876e+01
-6.706233942098981382e-01	-1.304709234652202676e+00	6.276531222491132489e+00	-1.243068966898161065e+01	-5.290600312649289982e+00	1.645392853736347050e+01
-1.156620428625688701e+00	-2.437020502498426833e+00	-3.908917553573268755e+00	-7.480187422949330589e+00	-3.331718290615143019e+00	3.413865633498608165e+00
-1.123085077659338626e+00	-2.055694366285720776e+00	-3.664234379890268123e+00	-1.060410080205573635e+01	-5.310441413933700616e+00	2.442678639123779405e+01
-1.966269654580237614e+00	-8.788086785513848920e-01	1.442816838922242262e+01	-8.417770409720317204e+00	-3.595604575248836365e+00	-6.120106101730998560e+00
-9.046802625098293582e-02	-2.405542341472996615e+00	9.522072875551593540e+00	-6.602589563416963792e+00	-3.401278649381458408e+00	-1.259395655395367797e-01
-1.425205340505499407e+00	-2.623535054485028439e+00	1.645704640001345309e+00	-6.507045926238882672e+00	-3.566657736229555287e+00	-6.188458569607501403e+00
-2.487073453663356304e+00	-3.355347435746375062e+00	-1.643772018408282065e+01	-5.458734291712852738e+00	-3.752159538867761768e+00	1.016172484572400414e+01
-3.580822935840939358e-01	-2.472977692206582478e+00	-5.145126310860499430e+00	-1.318890582174635107e+01	-3.888735230754233108e+00	3.021242580598404714e+01
-1.626208199048799985e+00	-1.223469468926304815e+00	7.583424079626903236e+00	-1.069222565471091357e+01	-3.582153519959986099e+00	1.008010687970702435e+01
-9.150241200040314382e-01	-1.295168176009299232e+00	-6.593371843679956434e+00	-8.751582221241157811e+00	-3.220818583390144596e+00	-2.415675888928397796e+00
-7.609926275655993777e-01	-2.434557120632604210e+00	3.143578061770889720e-01	-7.287306248475521997e+00	-2.248006137787623260e+00	2.132016250247080791e+01
-1.085259895527040941e+00	-2.361918895073982227e+00	-2.972864119828232177e+00	-1.559362958185800352e+01	-7.522913713244832934e+00	-4.814421455733262079e-01
-2.278681000526901812e+00	-1.769055506892699858e+00	2.084297589829283925e+00	-9.316154826260326871e+00	-2.720814970890505169e+00	5.907485805552132874e-01
-9.849670725034753715e-01	-2.646162922967334907e+00	8.994286358109281565e+00	-8.114310730599305188e+00	-5.882600473276012210e+00	5.547814746313289191e+00
-1.774073157739485485e+00	-1.899412636756896644e+00	-8.098966154915288040e-02	-1.105981887255688534e+01	-2.979560165579077768e+00	-3.798560328422620813e+00
-1.048856051669131428e+00	-1.430952510219646534e+00	-6.894794740965870083e+00	-9.543058716377704087e+00	-4.473782110698565795e+00	-6.483830372311080836e+00
-1.276165542457194046e+00	-2.807407339612662867e+00	-5.531581047830721687e+00	-1.239174807819343549e+01	-1.599201754844639556e+00	1.348631098603933154e+01
-2.530623439818557863e+00	-2.294724852635207757e+00	1.623450874828491663e+01	-4.704738558342151045e+00	-6.759176924643372608e+00	1.074775882715969999e+01
-1.377707205553306169e+00	-2.247999747397218417e+00	-9.891198132527964759e+00	-1.003271349034411664e+01	3.530265058951598256e-01	7.908852160062867398e+00
-1.526070187931866329e+00	-1.785433550821298399e+00	1.487070041456241754e+01	-9.626973970240808143e+00	-3.745510267914262226e+00	8.672325235585777392e+00
-1.673244067964049453e+00	-2.244031901906605064e+00	7.097618623816089212e+00	-1.154961104152969575e+01	-2.064461551325697197e+00	4.012969418909801078e+00
-1.410631465300626886e+00	-3.325096984424360524e+00	-2.516425122998490416e+00	-1.218467922886694943e+01	-4.134479172340164155e+00	-1.302802197994834899e+01
-1.429883300136266522e+00	-2.845195376811442856e+00	-1.134554193576357672e+00	-8.885849164622118934e+00	-5.514849575660950798e+00	1.468743344354971470e+01
-2.125621743648070439e+00	-2.770552174690283920e+00	1.143940356247725720e+00	-1.266879311862209612e+01	1.229102488677691341e-01	2.660851366634641124e+01
-2.505890633616646657e+00	-1.872084040617915779e+00	1.423502956265311203e-01	-1.541037554904348639e+01	-3.380420122898940782e+00	-8.110946871279811177e+00
-1.499566683511126097e+00	-3.284918900859524982e+00	-1.827135289829598275e+00	-1.169451632215730363e+01	-7.024599353892869047e+00	4.302920495502559284e+00
-3.308610387163295030e+00	-2.286480927901965998e+00	1.006326856345206444e+01	-1.138865709300174878e+01	-3.689883281434695128e+00	1.272457246984976109e+01
-1.431253409465110815e+00	-2.528655031387631702e+00	1.397283091470842820e+01	-1.041505398104973068e+01	-3.931969227006727241e+00	-2.477792595412944010e+01
-2.821344193475355588e+00	-2.974511990915046589e+00	-3.742240699986632002e+00	-1.020164753958830239e+01	-5.884296363981160738e-01	-1.946184807811451023e+01
-2.292939465410908095e+00	-3.000998814329017605e+00	7.757333369037321624e+00	-8.182713228153797758e+00	-2.722651248002414537e+00	1.305018259524459090e+01
-1.906518857655187027e+00	-1.965537922371392243e+00	-1.393315203968393812e-01	-7.757233381760998192e+00	-4.938634251702927358e+00	-7.103406896856767627e-01
-2.941847401886361180e+00	-2.166167328109290136e+00	6.469090198313304008e+00	-1.495316349816916635e+01	-2.196266369295660326e+00	2.037279462628403337e+01
-1.631266896906522712e+00	-3.027762865853584007e+00	3.092227387000512362e+00	-9.376839096637610282e+00	-3.144167492596281921e+00	1.796191405233282268e+01
-2.530829922091249351e+00	-2.765926630983426282e+00	-7.991165343110839814e-03	-1.020403771790000746e+01	-6.780567362425728994e-01	2.702008004614866721e+01
-8.826734340682220736e-01	-1.314913263507628383e+00	5.257229444087542225e-01	-1.267832689307005900e+01	-4.169099299479587017e+00	-4.375222090973474032e-01
-3.996543718257199451e+00	-1.939415548332742434e+00	6.147482066493703101e+00	-9.174343876346211957e+00	-3.975972351728282561e+00	-5.234563477900224804e+00
-3.677721153063326476e+00	-2.040708428251597706e+00	1.031070396785442611e+01	-9.188832794010412641e+00	-4.770008979933524351e+00	6.478885108492417721e+00
-2.181886654076090171e+00	-1.847380368272635076e+00	-4.061435319903624830e+00	-8.539399603333132305e+00	-1.861323678868990861e+00	-2.385896074616487450e+00
-1.448314772594395006e+00	-2.532888331423158057e+00	1.807939623021387776e+00	-7.460944736060415750e+00	-4.633924953123650603e+00	-1.065322581145281156e+01
-1.444278704723897189e+00	-1.886072920324789237e+00	5.544348065675823278e+00	-1.299023907858588522e+01	-5.070008358771096013e+00	-4.721805419591526665e+00
-1.423005055105088346e+00	-8.240250928024432930e-01	-5.070596283016850947e+00	-1.184465136375830241e+01	-1.081199406601305757e+00	-1.915834052079127936e+00
-2.828134784461802553e+00	-1.206154136538803767e+00	-3.885079572076758581e+00	-9.851485249537134337e+00	-5.990783907439663381e+00	1.023586944031864299e+01
-1.808125533000242369e+00	-3.210812885993916233e+00	8.580726775675271867e+00	-1.122020602064165828e+01	-4.236735336674160024e+00	-9.412956909159795771e+00
-1.128912906152133022e+00	-1.045174887287770638e+00	-6.236636083568076749e+00	-9.399614562654672767e+00	-4.024989637259414721e+00	1.703430387323806627e+01
-4.828290537989130549e-01	-1.223576014783853028e+00	7.228349602400293561e-01	-1.099034385114923040e+01	-2.869442833506410384e+00	-2.532112118022147307e-01
-2.803828299817296976e+00	-1.042940148878682916e+00	1.079772247761298054e+01	-1.927693483981450484e+01	-3.973580172032860958e+00	2.383427108924773208e+01
-2.924270954685122437e+00	-2.467519678346870027e+00	-3.339819947582129966e-01	-1.157331561393514896e+01	-2.510821841620758388e+00	-7.856135200340140123e+00
-1.365827612659634260e+00	-2.634397841072327218e+00	4.159334291324752186e+00	-1.141355906003830789e+01	-1.099050504738192657e+00	-7.461580058958438677e+00
-3.184621956431757717e+00	-2.266345444576501222e+00	-6.442172619418638391e+00	-1.021394721425513730e+01	-6.251417489722115306e+00	-9.817264986353422263e-01
-3.366120567790699347e+00	-1.935503426104901559e+00	-2.460556751929150909e+00	-1.030124100820723498e+01	-1.159854806758729762e+00	-2.356188908613301436e+00
-2.780073584104188811e+00	-1.850788324285310482e+00	1.404190570699415108e+00	-1.343377368410599892e+01	-1.981837004292760884e+00	-1.666759020951881221e+00
-3.918291104133273528e+00	-1.069427192829654372e+00	1.554210726823652777e+01	-6.818841731273371565e+00	-3.343148989275298355e+00	-2.076453775704081295e+01
-1.576678576190219117e+00	-2.480033893620505303e+00	4.532998884365444070e+00	-9.925033437144183068e+00	-3.998182423177419675e+00	-1.195562663110388613e+01
-1.910893759415270177e+00	-1.412862917307809552e+00	7.210827737007450722e+00	-8.605828012997953635e+00	-7.901008840351986251e-01	-1.203679803902092171e+00
-3.108803645345934896e+00	-2.330004242975125983e+00	-1.334229650232755837e+01	-1.035724097066647076e+01	-4.438741164635984227e+00	1.474521581815968219e+01
-9.397492642233327143e-01	-1.539967508811967534e+00	4.665020378345323238e+00	-1.150006083746089836e+01	-2.996926552084962392e+00	1.787634624041526266e+01
-1.880975097998566437e+00	-2.396683491535355870e+00	2.365082247445529529e+00	-6.370344208607148673e+00	-4.746644152368974190e+00	-9.494691689754574782e+00
-1.305800588372204807e+00	-2.148102843791095840e+00	-1.368695598318095108e+01	-1.581160374207982855e+01	-3.055912388446159866e+00	-5.606170109554330594e+00
-2.976377949456208594e+00	-3.179235239693451121e+00	8.286404513050309006e+00	-1.312198734036323877e+01	-3.635550657609521785e+00	1.802968893130620387e+01
-4.128767805298104498e+00	-1.519859797473506191e+00	-2.991254230879206499e+00	-1.241547874183882172e+01	-4.096407034571387662e+00	-7.141954003839427578e+00
-5.295319522568837645e-01	-3.472259517914883187e+00	-3.854237861704897128e+00	-6.869808201127630909e+00	-9.927118262993621656e-01	-6.842733640366091663e+00
-2.277624527797484699e+00	-2.367009814165300430e+00	-1.233162038997601018e+00	-8.345090676856646184e+00	-4.393196541206248362e+00	-6.669440209641631867e+00
-1.195978515286691302e+00	-3.338695166311729690e+00	-3.665981901128755993e+00	-1.211331345960948269e+01	-5.313835485515561174e+00	4.149548951725581247e+00
-2.776175247868308826e+00	-2.261829724284209586e+00	-9.496913434529130171e+00	-1.177203540185516140e+01	-7.325853780033308560e+00	-4.161826680960425406e+00
-1.945149509626169282e+00	-3.272604460313047525e+00	5.150151722681805211e+00	-9.063227537540136325e+00	-4.772471723084149353e+00	-2.387599421943815514e+01
-2.590044501691906476e+00	-2.550503459334745759e+00	-1.022855206290579133e+01	-1.373702497270777023e+01	-5.290994423396073287e+00	-2.630415476865648472e+01
-7.739649963157566592e-01	-1.457698915131698580e+00	8.161447308287645086e+00	-1.796664638595472141e+01	9.306968763467944328e-01	1.038120739601230014e+01
-2.750880819092169638e+00	-1.849928536694682268e+00	4.186432640823354312e+00	-1.247991991614425800e+01	-3.747796165505709709e+00	-5.436933540660072950e+00
-1.799507905381256823e+00	-1.380764000606026887e+00	1.085924867291249107e+01	-1.094061193001012278e+01	-3.165550183298359244e+00	-2.162067565966579252e+01
-1.641091381651484937e+00	-2.084057824185507002e+00	-7.142952063799476115e+00	-1.025329953248784065e+01	-3.684429657527423796e+00	-4.326374103616593914e+01
-2.566518655466821119e+00	-1.514639816256555527e+00	8.213565542308783662e+00	-5.816083318648498590e+00	-5.842310055987168127e+00	-2.013337412243762614e+01
-2.648510484616581895e+00	-1.664777993258807820e+00	1.033162195438484687e+01	-5.529971632612753041e+00	-4.929184555590809147e+00	5.579535440983057981e+00
-1.627729606448288457e+00	-2.029038198690987560e+00	-2.596742769875139967e+00	-8.889764987386797657e+00	-3.938827774356801203e+00	-1.372748901950050282e+01
-2.731660549713461172e+00	-2.342624426464925413e+00	-1.172930445126642018e+00	-1.481554218197947037e+01	-4.313366719581127384e+00	-1.014458136487542816e+01
-1.900199821887963214e+00	-1.246678558967059036e+00	3.738713854296911165e+00	-1.160356806401338758e+00	-3.096194778988722085e+00	6.971672708256328121e+00
-3.197533721670785312e+00	-3.629517464738832633e+00	-9.337803811807223298e+00	-1.158928972546143044e+01	-7.427603026706792733e+00	1.091422486311239837e+01
-2.290247266930615311e+00	-1.393564449748719181e+00	6.237832277863223140e+00	-1.271649074658975564e+01	-4.696587286970991926e+00	4.394040452261643637e+00
-4.047800678661767293e+00	-2.854422581366319545e+00	-3.328640351666424912e+00	-8.798193707790909812e+00	-4.045946444703414357e+00	2.255637433576041317e+01
-2.582119871744555262e+00	-1.424584584856916081e+00	-2.125028992012935092e+01	-8.568033630694337432e+00	-4.266505520009356900e+00	8.892858360726378919e-01
-1.765327634661852274e+00	-2.113281618903616987e+00	-7.540362475066044290e+00	-1.022727126670463704e+01	-4.953106806848104782e+00	1.214893966220983756e+01
-2.751006169150604919e+00	-1.807521460118369561e+00	-1.578515483187133839e+01	-9.510851977093578213e+00	-5.377232922107870294e+00	-6.364814059021206560e+00
-9.974936208586302477e-01	-3.252874297082093413e+00	-5.228061688123734285e+00	-1.475046341774773140e+01	-4.886985092097944516e+00	1.303358729258005866e+01
-4.044872180587266719e+00	-3.104639489097367644e+00	2.655249251280336509e+00	-8.558225594658773971e+00	-5.146561362193422084e+00	3.752168944762885872e-01
-2.807123314897302713e+00	-2.502164767072147633e+00	-1.707005895964073261e+01	-1.294617373229591806e+01	-6.034816712373176628e+00	-5.367877131767642140e-01
-2.289526430086846531e+00	-1.707358734807552070e+00	-1.155802840273728815e+00	-1.569113543500019681e+01	-5.584940558024799273e+00	5.537279069319220426e+00
-3.542744257781541783e+00	-3.849136920842907372e+00	-8.810246120746709764e+00	-9.934363891935053203e+00	-4.084840632862428933e+00	-3.365460082049261814e+01
-3.066697927794526990e+00	-1.430058460542757537e+00	-3.187404396569082365e-02	-1.149082039932861221e+01	-4.833138016084403965e+00	-3.244723640599374903e+01
-3.048453567266396824e+00	-2.404811577625175723e+00	3.950470415694784521e+00	-1.021722014872253226e+01	-6.748617827861481011e+00	1.453600573370618676e+01
-3.077595599755608369e+00	-2.493099151845034722e+00	8.656114461430293616e+00	-9.839103447464514929e+00	-7.494270828026579956e+00	-1.677230101138859553e+01
-2.891853453289947140e+00	-3.586443762711140515e+00	-4.982272965066756321e+00	-1.601075270588146537e+01	-4.911543645723598139e+00	1.465246694623695589e+01
-3.198599924893974489e+00	-2.460564721851053793e+00	2.502274826622004511e+00	-1.501155608780859296e+01	-6.406061415298094808e+00	-2.964170568290070662e+01
-3.454589932932326857e+00	-2.857806124801992365e+00	2.918353994451080347e+00	-1.345373647125073191e+01	-3.952888865644351490e+00	6.643768231280535730e+00
-4.651244323956715832e+00	-2.029290791067440036e+00	-2.095796542382333261e+00	-9.113972135648749529e+00	-4.854156282069782335e+00	3.756244145083945440e+00
-3.116726551250220911e+00	-2.044182953855504969e+00	-9.473180542848247399e-02	-1.512640188193540425e+01	-3.006549128152791628e+00	-4.654436976712617025e+01
-2.559691031142727002e+00	-3.231270980245145807e+00	-1.403679733571835797e+01	-1.209273486452054769e+01	-6.440252823323459275e+00	-1.930753391605833258e+01
7.970361683737361425e-01	-4.044907596727018273e+00	3.114836451012808816e+00	-1.012897014586756406e+01	-7.490856522800354078e+00	-1.528910031522541324e+01
-2.753928979075691341e+00	-2.700702214002403956e+00	-1.259122450404048266e+01	-1.035457224562423839e+01	-8.009344461868234788e+00	2.079744444675539583e+01
-2.059122763358946617e+00	-2.591607067856379842e+00	-1.051890463849261792e+01	-8.478552658828158783e+00	-9.018863914442954766e+00	3.272924267767345796e+00
-3.218515232158603467e+00	-3.667384849832049376e+00	-7.699854234412342180e+00	-1.192124607552680082e+01	-4.612340932726534781e+00	-1.742226496187389984e+01
-1.109918089989461176e+00	-2.914844171439014531e+00	-5.584902251043883936e+00	-1.015899819698743478e+01	-5.493567348010529372e+00	-1.198280079749702232e+01
-3.410775912002580679e+00	-3.419284619325166474e+00	-9.911120718675117125e-01	-7.881936070284305096e+00	-7.424097069039270025e+00	-1.848044785405919299e+01
-2.560606386467007223e+00	-3.869686919199746278e+00	3.513257633914199651e+00	-1.106930493582884623e+01	-5.954771475203454401e+00	-2.183343860853755558e+01
-2.025935410095697886e+00	-2.888996972188071055e+00	-5.306648759119140024e+00	-1.355776022903959621e+01	-6.780943475447561042e+00	-2.397380947481150315e+01
-1.503303874738726176e+00	-2.388147812493325084e+00	1.880005600894931739e+00	-8.880861194252878121e+00	-2.928196249102954063e+00	1.525459564428922477e+01
-1.942203914601976722e+00	-2.534693710180131454e+00	7.491940399664382966e-01	-1.936527866633549877e+01	-4.507233923398564102e+00	2.568053621867981917e+00
-3.866746933820188747e+00	-3.719897594733625912e+00	5.162696220052893636e-01	-1.024035958467231389e+01	-5.736841782207719120e+00	-2.546080499913410122e+01
-1.785844221168654267e+00	-2.264537305427149150e+00	-2.274332519245454876e+00	-1.312051715046175815e+01	-9.148626527124216423e+00	8.936803139097229121e+00
-1.318949105510790920e+00	-3.494756089277389233e+00	4.748267013976454898e-01	-1.421229631478438904e+01	-8.650160398945265783e+00	9.423285675543656481e+00
-3.624567506703991970e+00	-3.201801983518352657e+00	-5.789770934403957625e+00	-9.650762299746912021e+00	-7.342823589655843364e+00	-3.263309213450523316e+01
-3.136204861322555715e+00	-2.525746915041030771e+00	-7.649209092869193150e+00	-1.396118089064061607e+01	-5.925976971622275435e+00	-1.578899983524667761e+00
-4.624046481768255390e+00	-4.004288620173415580e+00	3.207856065140677337e-01	-1.366978762427515548e+01	-4.520775984269429060e+00	-5.122747722289933137e-01
-2.842465402637718519e+00	-4.455621416657129075e+00	-1.069822922475231586e+01	-1.456763918657094692e+01	-5.292020196616546990e+00	-1.165554241211155428e+01
-2.717091152310769697e+00	-3.292428869863968544e+00	1.276776003925539449e+01	-1.284253743482731025e+01	-3.036284228683415520e+00	-1.487159147217722577e+01
-3.822769201130514549e+00	-3.514731202324106185e+00	-1.843251113085496229e+01	-1.281417519630597468e+01	-1.012345395448602758e+01	-7.592589013096499251e+00
-1.633087322193112367e+00	-3.128656021467423276e+00	-1.782482049143218727e+00	-9.295906017472436389e+00	-3.025683247418958555e+00	-8.373418357682172797e+00
-2.930162212935351729e+00	-3.768861049496887716e+00	-1.017233514060347233e+01	-1.631481330453481604e+01	-5.283228761273297103e+00	1.232715818744497582e+01
-4.713818760880820413e+00	-2.382836194512859329e+00	-4.029746400130244766e+00	-1.008514839567844845e+01	-6.645014656488670290e+00	1.246892154958755938e+01
-4.219862867352230040e+00	-4.073069439547908566e+00	-8.871570401887538537e+00	-1.458869126279881812e+01	-6.471436327164013846e+00	-1.949591124414603271e+01
-3.129682854543910597e+00	-3.258009193246663493e+00	1.404762907994838272e+01	-1.304659802431638482e+01	-4.056757979548420323e+00	7.960791194367420331e+00
-2.137300122479591558e+00	-2.391922588562579666e+00	1.229921548210213267e+01	-1.749460519270775549e+01	-4.490271730267535233e+00	-3.241168900461088853e-01
-2.008825981434761765e+00	-2.776927701123410586e+00	-7.723381431221363336e-01	-1.578395866617075249e+01	-4.756303494547568178e+00	1.788874773415790642e+01
-3.439335782607058967e+00	-2.526513861832575536e+00	5.743843676325950831e+00	-1.525223203875924938e+01	-5.792122609237884134e+00	-1.384426786349861871e+01
-5.324885844033767412e+00	-3.755074623264119449e+00	8.859315458332879700e+00	-1.242904897887627591e+01	-7.049185930597793970e+00	7.057735948630291745e+00
-2.726578880618714340e+00	-2.030233656144917465e+00	1.714055909516664533e+00	-1.506275722403264794e+01	-4.011488692380326349e+00	-1.049955834032860835e+01
-2.596623487678326736e+00	-2.898139422689644640e+00	2.520768299311775262e+00	-9.110386222310498994e+00	-6.345169331754861197e+00	-9.197727291510066294e+00
-4.981001438325644237e+00	-3.096574717724969172e+00	4.791459585915003316e+00	-4.284206468545542990e+00	-1.012819454498976235e+01	-1.175375297435914490e+01
-4.392344961132823578e+00	-2.695509273190668242e+00	7.010385960849387921e+00	-1.144583996090702271e+01	-7.292474793461277471e+00	1.680736185482461309e+01
-3.949083270040343763e+00	-1.861604841719092240e+00	6.579528651658304028e+00	-1.700097249699969026e+01	-7.636600953682073367e+00	1.821154523785617840e+01
-2.918581212547007642e+00	-2.828749440450504693e+00	7.983910526684752540e+00	-1.018270765907351993e+01	-4.907505500445721758e+00	1.198705867391408653e+01
-2.929968587218211518e+00	-3.456524617156191859e+00	1.383909194276301324e+00	-1.288005293446889610e+01	-5.247461575538304501e+00	8.149903805856958172e+00
-4.361692757385721819e+00	-2.256321293534127470e+00	4.237695441481204028e-01	-1.496491615851108925e+01	-8.650194090812544090e+00	-3.845200056882333683e+00
-1.627136085489700790e+00	-3.258607922584104255e+00	3.562171664571084584e+00	-1.658524583181020873e+01	-8.269655337983335741e+00	1.646292354958896453e+01
-2.191789300256329565e+00	-3.254384168697776136e+00	1.071646511490925313e+01	-1.131587923499275661e+01	-8.076538276812597061e+00	2.140267881707391595e+01
-2.999431048133208488e+00	-2.458915958450800243e+00	-8.179251942452969715e-01	-1.170284120506499725e+01	-4.847824758990100236e+00	5.362457801621314246e+00
-4.908918836901998262e+00	-2.695901055732203400e+00	1.039062862814399679e+01	-1.620114361180930018e+01	-6.459776363888914297e+00	9.818904974420460618e+00
-2.164893219961931514e+00	-4.359627142130449329e+00	4.589932394974014507e+00	-1.021741361993294284e+01	-6.240908555836237603e+00	-7.997943294092081601e+00
-3.947988243484291004e+00	-1.928171860157958051e+00	-3.707717465725503203e+00	-1.334188590959671572e+01	-5.377934022853768425e+00	4.947565922187082244e+00
-3.010678336795046484e+00	-3.225116443351581541e+00	-7.923290853765600161e+00	-1.109404366702413114e+01	-4.555285537375590721e+00	2.300012935867538388e+01
-4.381032834080930805e+00	-2.546037602445439418e+00	2.058727306045840066e+01	-1.068977513388531619e+01	-5.081856256295100849e+00	3.899618845212714291e+00
-3.136246215267441961e+00	-4.485589470349506946e+00	6.405645640547098729e+00	-1.570217303674643539e+01	-1.247506622982871960e+00	1.953033963733130562e+01
-3.804422965909008081e+00	-2.725951151267433925e+00	1.414547312268334522e+01	-1.534960166693691619e+01	-6.262454507360093459e+00	1.594360720961593181e+01
-2.728577355098051438e+00	-2.338126485081414074e+00	-4.359933719354094350e+00	-1.464587883320954909e+01	-5.858582774437447682e+00	1.078080494553856639e+01
-3.480033542754786602e+00	-2.625712111721085318e+00	-4.128693332204772304e+00	-1.615773252905306379e+01	-2.996627736253856700e+00	-9.139153394405266084e-01
-3.019223626739085287e+00	-2.315055355803480097e+00	-1.804890427477722881e+00	-1.270416665294392899e+01	-6.102412039760354290e+00	1.395519635120694701e+01
-2.672668522752065456e+00	-2.029805928181306118e+00	7.644956113060658254e+00	-1.295749656283823192e+01	-3.893228270287813597e+00	7.250883445984547038e+00
-3.021016866667980860e+00	-2.005776300870945050e+00	1.121002113769838715e+01	-1.015873749378697966e+01	-6.121792324271177144e+00	3.502310353516050156e+01
-2.702511018215905558e+00	-2.588587941455612995e+00	1.429226907941301228e+01	-1.558523101268802158e+01	-5.291052506221242346e+00	1.568620286200077274e+01
-4.917584634055258697e+00	-3.078561892206580275e+00	2.042295730372315266e+00	-8.948485047954136462e+00	-4.238139452031203902e+00	-5.429930499004850475e+00
-4.017423917620250862e+00	-3.157520501320786099e+00	2.805401542249674751e+00	-1.828263626857965107e+01	-4.929213443580984233e+00	1.370427023177132497e+01
-5.049650792425954826e+00	-1.646878429407904854e+00	-2.620011985279935729e+00	-1.202999298430215092e+01	-3.345666138419912450e+00	-1.306175149435015825e+01
-4.343956968449276701e+00	-2.243792133373335940e+00	1.382793287886727818e+01	-9.288287622667979804e+00	-4.548697972346465335e+00	-8.480087169690975202e+00
-4.183815239659669061e+00	-6.643467813621586338e-01	-1.746660718519546407e+00	-1.455187022432737010e+01	-2.852773969655570063e+00	2.764450806663599636e+01
-2.654312539732393006e+00	-2.974784231227737052e+00	2.957739007689053068e-01	-1.665522706387962870e+01	-4.261566658781790196e-01	1.010725755986144137e+01
-2.352450579082791648e+00	-3.384956014676691716e+00	1.938325962094147314e-01	-1.302416916469018737e+01	-4.843048741513212185e+00	2.212015865356669053e-01
-3.913809694035447428e+00	-2.193321058290644832e+00	5.845649465458689242e+00	-1.380241397302609663e+01	-3.851293908175186242e+00	1.518826827595072615e+01
-5.234655447217623880e+00	-3.220365900754626587e+00	1.014418503999919619e+00	-1.331130521781418885e+01	-8.330567143940880825e+00	4.092805553002573760e+00
-3.406913370024867049e+00	-1.615212176408494127e+00	1.191204149704182669e+01	-1.178832048415022982e+01	-6.069317326951311209e+00	3.212157115992618373e+01
-4.185939685203265981e+00	-1.872689895196880450e+00	6.799737224292902837e+00	-1.435818140604354021e+01	-4.659737510641170033e+00	4.430255747612517503e+00
-2.540248761079783257e+00	-1.468257781282994667e+00	1.672919438338323772e+01	-1.698238304545246535e+01	-1.181442482370652858e+00	1.374579066442097286e+01
-2.018452432523273998e+00	2.310494305532997394e-01	-5.848453424234438813e+00	-1.090344951102154880e+01	-2.420061298789304871e+00	1.974694506534469340e+01
-4.551270261890906887e+00	-3.305751845344863327e+00	-2.958957091722616006e+00	-1.093874278531991706e+01	-3.211406113388709738e+00	1.923400516185980536e+01
-4.506613443399759333e+00	-1.539112049839916896e+00	3.310892279362064983e+00	-1.394241670075084016e+01	-4.669135968760346422e+00	4.517104903380156600e+01
-4.009736537599066786e+00	-3.353186934693844989e+00	-1.925916387945629360e+00	-1.299434621341188745e+01	-2.781632070544831858e+00	1.236248783299886611e+01
-3.479431717053708351e+00	-2.674495340953820577e+00	8.914002130454143469e+00	-1.262531865025280453e+01	-4.545476309665094306e+00	1.152445807781448295e+01
-3.647533167067096294e+00	-2.466384390947411465e+00	1.660142857938200223e+01	-1.205198294388769220e+01	-3.660922018887722285e+00	2.179373529153109779e+00
-2.981652024282317459e+00	-2.238873127710466981e+00	1.652299413642265336e+01	-1.309607728644901314e+01	-3.828269908602059957e+00	1.703729039035827597e+01
-3.142173952305898688e+00	-1.623014075541643564e+00	1.033798014774661933e+00	-7.318589063977833931e+00	-5.983079367614781319e+00	1.059241435964814748e+01
-3.557733495764557663e+00	-1.243216016565194870e+00	3.679666628128570594e+00	-8.002608408865576450e+00	-5.342095926818064555e+00	1.552036226872478508e+01
-3.911802189630678495e+00	-2.358123274671399372e+00	-1.188234451015846815e+01	-1.762172861013344516e+01	-4.881694341875600252e+00	8.120943320494852458e+00
-1.981122166499512893e+00	-3.031150933311294260e+00	6.022721566196558740e+00	-1.386904654763761080e+01	-4.698237027158016055e+00	1.521756858207684360e+00
-3.911880141313302417e+00	-2.296872370124814378e+00	1.502490309851936878e+01	-1.507803716986039966e+01	-2.695805121604085919e+00	2.331299701991852302e+01
-2.522687976154402989e+00	-1.924865684072686767e+00	-7.069880569899320122e+00	-8.365182957349944104e+00	-6.245393265978446351e+00	2.612875740153918969e+01
-4.506970818476025542e+00	-7.592327751296197302e-01	9.303022472689207234e+00	-1.605121664918969415e+01	-5.441502122738341996e+00	2.652316901863140330e+01
-2.410557393800316195e+00	-1.193416805588428886e+00	9.661216501370237353e+00	-1.014241671717413595e+01	-2.130429534416388826e+00	1.769249718017495532e+00
-2.495883172216943890e+00	-1.830885429569328426e+00	4.317513747238030941e-01	-3.483416927152889642e+00	-3.103440346844021480e+00	1.933305385490531592e+01
-4.726389939491594916e+00	-2.308792246770903223e+00	-7.615848086834169806e+00	-1.320295832995173591e+01	-2.234782340681255697e+00	8.892063890188586228e-01
-3.476923872992604636e+00	-2.336126465866116941e+00	1.072645661885985291e+01	-1.485072904600700383e+01	-3.510798559367227956e+00	-7.696892714722112672e+00
-2.842802666874651774e+00	-1.705475611585251627e+00	7.814742871069213059e+00	-1.716837187090059658e+01	1.126571032324322541e+00	1.510342736427594801e+01
-4.849991674620499182e+00	-2.427218850907554959e+00	1.565585535901434966e+01	-1.714638660372223100e+01	-2.625190735804959985e+00	3.215484059028368335e+01
-3.436120330013112678e+00	-8.220307341528663159e-01	-3.331813522659034632e+00	-1.908406265558734205e+01	-3.667933176585605803e+00	8.324692093673656146e+00
-3.641750077320145884e+00	-2.470135628451070708e+00	4.167008965019460831e+00	-1.430520055104756771e+01	-4.831771764652180501e+00	9.600609481264845257e+00
-3.402656332261155825e+00	-9.825270575836504428e-01	4.244804683479687313e+00	-1.397889529974661116e+01	-6.173595685952688150e+00	6.710605591823196825e+00
-3.021428183737204787e+00	-3.321573740258768836e+00	1.314642309510598217e+01	-1.369495213406419509e+01	-2.547291898950410527e+00	1.458013124898807611e+01
-5.039694458390418852e+00	-1.608032804809271354e+00	2.215268466301499828e+01	-1.614694415262185601e+01	-4.262516354362646531e+00	1.932753143551930464e+01
-3.225010856746203025e+00	-2.546149351960893981e+00	3.463835835561436927e+00	-1.498748415744821116e+01	-4.537868005422131645e+00	-5.356699359507848257e-01
-2.412870866209530618e+00	-1.948112348279460448e+00	-1.212544664096384395e+00	-1.840312071389403314e+01	-4.989126067240810869e+00	7.351921909788767806e+00
-4.334850594571339144e+00	-1.972819247721309344e+00	9.760237610091188287e+00	-1.454009298671738648e+01	-2.177475511875889502e+00	-2.957901673702082235e+00
-4.029041912830265915e+00	-1.090844465437406541e+00	5.792185869644820961e+00	-1.803948668125211796e+01	-3.776106779332003782e+00	3.061305428689652608e+00
-4.917826428536979932e+00	-2.001172932678417116e+00	-4.488248043951220900e+00	-1.510395021366960222e+01	-3.829579532279367982e+00	-2.401324920763928716e+01
-2.160519703394419011e+00	-1.547712676480022864e+00	-1.383424512973044029e+00	-1.421743826574502023e+01	-2.197152809887657376e+00	6.755200546376832094e+00
-3.978097319201967519e+00	-1.252611682869726017e+00	1.101840872907250457e+01	-1.589953896052114501e+01	-6.148197962149405171e+00	-4.987518912183874775e+00
-4.830229793153143270e+00	-1.691185027065402080e+00	3.283788671894773414e-01	-1.474334097391185239e+01	-4.353274183403131659e+00	1.505398977526196891e+00
-1.999431401998208679e+00	-1.570788465564456615e+00	2.444704822895546581e+00	-9.727443851016181142e+00	-3.736872055815075200e+00	8.210418281366221649e+00
-4.438842971905536672e+00	-1.994936799549617445e+00	-5.942343947481915301e+00	-1.167199610206977667e+01	-5.145772902776360347e+00	1.172059242917776700e+01
-5.350149337623578916e+00	-2.576836638713283278e+00	4.881530234669964052e+00	-1.463667646101019493e+01	-4.757490510474656986e+00	1.190170857737719246e+01
-5.189210836520947723e+00	-1.759495199459816472e+00	-9.628559126828657000e+00	-1.660766863558513151e+01	-3.097222672329471127e+00	1.660037873512279560e+01
-3.526483221887882102e+00	-2.362323413919177995e+00	1.315968745870019418e+01	-1.893517026157887528e+01	-2.971787343991179053e+00	8.584975635392051885e+00
-6.228313995120998925e+00	-1.145496549751920501e+00	1.065968760440921370e+00	-1.516547474262980089e+01	-3.905521812050714026e+00	1.160658070278732978e+01
-4.583503178919934307e+00	-2.482078269624075517e+00	7.572179756174103993e+00	-1.210130846924265491e+01	-5.362948726872575733e+00	-7.178966483583131719e+00
-4.122571085301662386e+00	-1.197120796104077511e+00	5.005031547656169977e+00	-1.539062759418116855e+01	-3.907844358213797609e+00	9.905293087508471928e+00
-4.541702677016272283e+00	-2.307353880848943106e+00	7.048280570809548173e+00	-1.365215683474677633e+01	-6.769403636747517439e-01	-2.025753552028748850e+00
-3.062580198217298211e+00	-1.020106971045998900e+00	2.218030033193801875e-01	-1.719119979590002245e+01	-3.331867560152983021e+00	-6.748151494967965291e+00
-3.603803517131320966e+00	-9.488897875071826693e-01	2.265205388769759409e+00	-1.137236934181747294e+01	-2.420963282425112162e+00	3.327075935203092527e+00
-3.236808223895208059e+00	-9.021880748123218829e-01	-2.403614362785488900e-01	-1.883602913721636796e+01	-7.459181854465946060e-01	1.797255250532565185e+01
-3.908194053973906623e+00	-1.275695201142862611e+00	-6.790551247809715640e+00	-1.388310818861720008e+01	-2.961954019611029665e+00	-4.491600710830161880e+00
-5.063170352940169039e+00	-1.754625548310302818e+00	-7.269327018753386938e+00	-1.490554860079429389e+01	-5.263465965785149692e+00	1.821238718004752855e+01
-4.481739752337546179e+00	-2.142895899185591535e+00	5.391927880149306240e+00	-1.404053541481004608e+01	1.719357628369388991e-02	-2.700801935440711787e+01
-2.237495444780599918e+00	-9.405818174253181008e-01	2.805405301530333073e+00	-1.706006648288176919e+01	-5.263318653266908065e+00	-1.277450520508078569e+01
-2.565001101148185469e+00	-1.345031109935011182e+00	-1.658065701529084723e+00	-1.101902424354218368e+01	-1.391387149332047324e+00	2.286286805980536485e+01
-5.274872405729198022e+00	-1.600056852580866273e+00	4.215471882369720369e+00	-1.285529920812585836e+01	-1.301900287407060652e+00	-1.942342913341176480e+00
-4.175303841203183985e+00	-3.985515739137954760e-01	-1.583348743660048186e+00	-1.597398823564501846e+01	-2.370399346483438752e+00	-4.928976918929410367e+00
-5.247326949289724318e+00	-1.332231769604859117e+00	-6.418378443623253382e+00	-1.750482587193870998e+01	-4.987447024469542356e-01	-9.487571545797512940e+00
-4.381965829635651843e+00	-2.488173093413541981e+00	-1.327840529927405644e+00	-1.464493539064952898e+01	-2.652587854828241554e+00	1.877654730514167269e+01
-4.581213663681797499e+00	-1.724348045603853796e+00	1.007476365896518899e+00	-1.302671377702512068e+01	-7.296575449802951141e-01	7.409214814952640005e+00
-4.423185797963634869e+00	-1.615107749276620819e+00	-2.707881915342465806e+00	-2.109489746346363148e+01	-4.375969898100900757e+00	-1.187947630090742734e+01
-2.418272072294848307e+00	-9.727309984175676050e-01	-3.366218527649831316e-01	-1.246866878299983483e+01	-2.533854493172117639e+00	8.262864597092029584e+00
-3.099837128021651012e+00	-2.104229582034474522e+00	4.130418401027269759e+00	-1.427045117728488322e+01	-2.390752933225329446e+00	-1.067773157273438756e+01
-5.383139914324129194e+00	-3.015928026407400431e+00	2.229810616437137405e+00	-1.391933720084922577e+01	-4.761823308611231376e+00	-2.859138418933238057e+01
-3.083486936973061532e+00	-2.261455224148604781e+00	-1.077385806024702042e+01	-1.712463927712479972e+01	-1.268640739691840436e+00	7.480360286438513917e+00
-3.757060216996264579e+00	-1.463257529734534268e+00	-7.283964423936763133e+00	-1.161745841406718682e+01	-2.309846280738580226e+00	1.452037524151700332e+01
-3.742566103272939593e+00	-1.521547027394559493e+00	8.203096266012890325e-01	-1.031350669174059220e+01	-5.112131060166538177e+00	1.551016406279985382e+01
-5.245522722864516929e+00	-1.343226168116626429e+00	-6.130326005470129402e+00	-1.325537181409075949e+01	-2.005815887286076293e+00	-1.275771401230772462e+01
-2.876575717442374724e+00	-4.171304893797995739e+00	-5.082630189138019006e+00	-1.224686347799321950e+01	-1.882070455746572168e+00	-3.855273958864750217e+00
-2.800162285566814901e+00	-1.207685355214475731e+00	-5.742381968258005287e+00	-1.793320833124118963e+01	-2.752288223876830919e+00	4.974803889966597836e+00
-3.935452230140053853e+00	-1.454009804294374542e+00	-1.078759453115338829e+01	-2.200968224311902333e+01	-2.092116026338360246e+00	-1.333952448117885714e+00
-3.961312584739188125e+00	-2.318643467774977651e+00	-2.866800063816654198e+00	-1.348128879850003514e+01	-4.206096905471108371e+00	-2.371136434668865700e+00
-4.723573818789351897e+00	-1.998115421413336534e+00	-7.527047586730197359e+00	-1.639902680510025235e+01	-2.131653285353072746e+00	-1.531655454149490936e+01
-4.289234892940168464e+00	-2.510981476543557633e+00	-2.896688160819055113e+00	-1.653826839663358683e+01	-3.587312981208976126e+00	-1.177495375833844982e+01
-4.063429311746332928e+00	-2.264135893689441126e+00	1.150122582063661092e+01	-1.457527968214658465e+01	-5.813854310640755862e-01	5.484723912333982376e+00
-4.235026581693166037e+00	-2.169790563431570174e+00	2.384523957479010470e+00	-1.623554880901982145e+01	-2.562355054654113840e+00	-2.607991796374194848e+01
-4.556304614424143473e+00	-2.039922764727696958e+00	-2.952135660110856819e+00	-1.216418803310797614e+01	-4.411171988378440822e+00	-4.312721497986734320e+00
-4.046261286743744634e+00	-1.722235178036012559e+00	3.640968129064662939e+00	-1.415002951809582754e+01	-1.797272953222665004e+00	1.274845499360908718e+01
-2.420110181908428082e+00	-2.753009499760628032e+00	-7.788470042124792769e+00	-1.551552056494643139e+01	-1.339796441447630659e+00	3.805831625652552397e+00
-5.474709484884757060e+00	-2.460049188736966652e+00	4.128446649833248827e+00	-2.310461546637459662e+01	-3.435576874239491207e+00	-2.054340059294364096e+01
-3.381976823966118317e+00	-2.755590889077542460e+00	-5.644312072788275181e+00	-1.868813996845009484e+01	-2.685212518398850889e+00	2.171888632159790333e+00
-3.323110972446304157e+00	-1.575427395904522854e+00	-6.236408238936965276e+00	-1.696526536446236122e+01	-4.594446006999230114e+00	-5.629847222390026218e+00
-5.088493465078473221e+00	-2.101191163598598255e+00	-5.613778093355994869e+00	-1.474182099703095439e+01	-1.042725837909314279e+00	-1.129603885148329212e+01
-5.069844346155748305e+00	-2.065847420480520391e+00	-3.278462919245286322e-01	-1.205947392712491251e+01	-4.192926186771329000e+00	3.807098639376740756e+00
-4.346056135529799747e+00	-1.157524402492747351e+00	1.819346187481700738e-01	-1.330283388348988538e+01	-1.003445897701791267e+01	5.856282283981506964e+00
-3.733035941907553834e+00	-1.205201453213564200e+00	-3.279105912307712423e+00	-1.510206926774783653e+01	-3.000553702493848007e+00	2.415576126674479518e+00
-5.620770474735381939e+00	-2.727353513973543198e+00	-5.904067349209300986e-01	-1.492403951185005262e+01	-1.260772364388244249e+00	-1.302051787580804287e+01
-5.253339666328674440e+00	-1.945108590690344919e+00	2.510146570360928031e+00	-1.326861947762877669e+01	-2.505579087141528216e+00	-7.513034141209658401e+00
-3.889143461864670304e+00	-2.430310552682557024e+00	3.522557213167210932e+00	-1.157501830126235731e+01	-4.173516188880093125e-01	-4.611697236059885796e+00
-4.193815891831882858e+00	-2.569976622907693908e+00	-3.767960917532439780e+00	-2.087261620906561888e+01	-3.401565531800291531e+00	-8.354702324113272738e+00
-4.885150845375558326e+00	-1.980002642728781126e+00	-3.549361559654057974e+00	-1.640349917199873531e+01	-2.464051917788930623e+00	-3.908302746458476751e+00
-5.445962513175055975e+00	-2.482794213383479942e+00	-1.291002665686405848e+01	-9.176656006551951350e+00	-5.454583180222604355e+00	1.237780003196173340e+01
-4.101807119797396872e+00	-1.249442180720086171e+00	-5.968898226769766779e+00	-1.631326818216327013e+01	2.699453557830397976e-01	4.457514382646659001e+00
-4.152285821849189595e+00	-2.646967504434976526e+00	-9.602634207950288214e+00	-1.284110720553688623e+01	-2.534498822998653811e+00	2.142902587080781629e+00
-4.808618711328337625e+00	-1.033676202424270718e+00	7.836776352067747808e+00	-1.417704923387351634e+01	-2.893338790140828287e+00	-2.320884239538548499e+00
-5.619648559377644403e+00	-1.693554418456381550e+00	1.204010572391100808e+01	-1.394926122655103740e+01	-2.881606069573620310e+00	-1.319851518151034497e+01
-3.594270578416736583e+00	-3.515192543868526087e+00	-9.820032702866903662e+00	-1.243062901314936575e+01	7.035463517520041954e-01	8.291707017961158499e+00
-4.457735510737232509e+00	-1.287848464895034795e+00	-5.187722432439703546e+00	-1.108665338242416887e+01	-4.017297023520438159e+00	-1.914772528751460534e+00
-5.531274210185678442e+00	-9.473274679383354435e-01	1.003005997848391928e+01	-1.458907440097224395e+01	-4.617928686800733651e+00	-1.437882523927662248e+00
-5.303423392884779375e+00	-2.140097445660803732e+00	-6.779107740285474470e+00	-1.750707245928058597e+01	-5.772232001730387196e+00	-2.562733422133722172e+01
-4.082791435248246614e+00	-2.844469844926603042e+00	-1.517614287692936603e+00	-2.176364388298798147e+01	2.513176236915799500e-01	-1.336229059347805403e+01
-4.850168882988132424e+00	-1.555355878379564682e+00	-1.011342644605828234e+00	-2.024146135232131272e+01	-5.059925547828491688e+00	-1.995331240854175192e+01
-3.632875113847497950e+00	-2.819844834049330728e+00	3.452569107288457673e+00	-1.665014740749372990e+01	-3.648388327464409997e+00	-2.317808469913540748e+01
-4.319412782335527723e+00	-3.958380629068354750e+00	4.796661079046313780e-01	-1.192764995888500756e+01	-5.189505059432163669e+00	-9.627507416125084205e+00
-5.884022581098516724e+00	-1.543102288504665243e+00	-4.575498442995810322e+00	-1.443936099723896049e+01	-3.450287928906371704e+00	-3.148411910094137056e+01
-4.758148367628297848e+00	-1.881977933910653711e+00	-4.461491597972312206e+00	-1.175240293989353368e+01	-1.674195975918616019e+00	-3.642319047636917162e-01
-3.742759602520058682e+00	-2.222629847504876466e+00	-1.279509684979608863e+01	-1.531479749823680869e+01	-6.576876254459659066e+00	-1.641138302622588796e+01
-4.122491146081600277e+00	-1.841292726191961382e+00	-1.422655020422118666e+00	-1.702352584276507486e+01	-5.239983114225511329e+00	-8.407755102723683649e+00
-3.889470648456936352e+00	-2.481010830631701136e+00	4.374318074532083322e+00	-1.759574011567716312e+01	-1.674208854889978948e+00	-1.752141423682955690e+01
-4.774405900809159498e+00	-2.858443893251116030e+00	-5.180335318759387242e+00	-1.248706211222332563e+01	-3.675219430211241534e+00	-1.224245029064170609e+01
-5.314341111883591040e+00	-2.586360086369066114e+00	-9.764816845670571510e+00	-1.695955534740553361e+01	-5.801759700341096782e+00	-5.193552211635621418e+00
-4.851750337610862829e+00	-3.043132334289107899e+00	1.147157626676826858e-01	-1.392244324614453177e+01	-3.858581711401419589e+00	-2.628057417572594545e+01
-5.224145868395307701e+00	-1.109893892627181300e+00	-2.333097013114082685e+00	-1.575168702094112483e+01	-2.211955113407769513e+00	-7.079134149242515051e+00
-6.468008561549330793e+00	-3.265948336704702193e+00	6.256055290550460946e+00	-1.205216950893011685e+01	-5.497223718797656034e+00	-7.953421594481399737e+00
-4.440096480827820713e+00	-2.249656895444052562e+00	-2.121708299830329381e+00	-1.215819733563964888e+01	-2.154570012603329587e+00	-1.706518516071929170e+01
-4.723540483652963751e+00	-2.912986026454872590e+00	-1.238485929199700131e+01	-1.225999067420079847e+01	-3.543728542450426566e+00	-5.969536757217356993e+00
-3.859393782119416194e+00	-8.359410001754377095e-01	-7.445542846051254493e+00	-1.908820959290447661e+01	-3.243382540608738651e+00	3.392034956078394003e+00
-4.343954158633138718e+00	-1.692537786895857987e+00	2.734292660739985337e+00	-1.743028907991822862e+01	-5.375970694927229232e+00	-1.769417632186466349e+01
-4.910075331615059824e+00	-3.049994196853789585e+00	-1.397523946454685584e+00	-1.119983147870416573e+01	-2.948406616255279111e+00	-1.463281709608659220e+01
-5.278829904203718115e+00	-2.147208404987498209e+00	6.305567959140335743e-01	-1.535353265035860026e+01	-2.936595153723462026e+00	-1.155347111672100979e+01
-4.278888241079669363e+00	-2.390324286037933454e+00	-1.153191865437015018e+01	-1.462834621522148915e+01	-6.751885975206420198e+00	1.793577546410402590e+01
-5.103178804847095407e+00	-2.492045460410021285e+00	1.637684505000976287e+01	-2.191581288954445483e+01	-6.624725970335752834e+00	-2.873104397474420324e+01
-6.062065494358197526e+00	-1.090421022079999913e+00	4.424343117103869183e+00	-1.427912093592232345e+01	-3.710643348537554953e+00	-1.282043405724682117e+01
-4.380446363582061409e+00	-3.197278821841357477e+00	2.755353400838899347e+00	-2.033581406513718903e+01	-1.505882133942561651e+00	-1.851591412061532793e+01
-5.735176224364083808e+00	-2.252727489267566163e+00	2.515438745661131570e+00	-1.155772419194523515e+01	-4.147892760203354179e+00	-1.024351463365532489e+01
-6.459179722480454799e+00	-1.526740934397262883e+00	6.513580068737464757e+00	-1.396102446057527047e+01	-6.867797372819477886e+00	-3.123865538702302658e+00
-5.230716282137312767e+00	-2.090986495926934641e+00	-2.222943587688333444e+00	-1.836816772518227125e+01	-5.906426952855361456e+00	-1.320369245952038284e+01
-3.843337965114454580e+00	-1.280114250996199798e+00	1.840119418911641214e+00	-1.630361084993966614e+01	-4.142035545457743773e+00	-6.289341020457682951e+00
-5.079283371398904734e+00	-1.351735494736223231e+00	-1.167765498450604333e+01	-1.489444537519142919e+01	-3.968538033594450454e+00	-6.518915857264526714e+00
-5.265064473564766701e+00	-2.677490175042305243e+00	1.393275659851381398e+01	-1.327193558642060722e+01	-2.478911176447315512e+00	-2.868306834689448692e+00
-5.470144665609389278e+00	-3.049570806167386294e+00	-5.715750841782773151e+00	-1.444184671440829248e+01	-6.315514982128024535e+00	2.607523231888038140e+00
-4.197498153574142243e+00	-2.211310233234188960e+00	6.570667756826786388e+00	-1.408195392897356157e+01	-3.386550826747753540e+00	-2.953094043192901097e+01
-5.414203433701964663e+00	-1.473780585865031689e+00	7.319219934877374101e+00	-1.843753142037833470e+01	-4.842956882101742799e+00	1.655093755190332416e+01
-5.093560008101690073e+00	-1.291763014459245573e+00	1.663830860952220192e+01	-1.125705941186356540e+01	-4.123332116100262290e+00	-3.155714264780698386e+00
-5.373064127401507406e+00	-3.002998173126731896e+00	-2.045948369100242026e+00	-1.415473208547222761e+01	-5.338082991680114020e+00	-2.032763004536430884e+01
-5.630986757637140627e+00	-2.500693390727545484e+00	-4.286008101477568388e+00	-1.238557914643127589e+01	-6.467840079768132355e+00	-2.775071735544303664e+01
-6.231889943792823239e+00	-3.126152567175375818e+00	5.969001725611708054e+00	-1.862197185375358188e+01	-7.910334097308114210e+00	1.552753244190997606e+01
-3.943930267760452857e+00	-3.239461760237076771e+00	3.312288867187715091e+00	-2.091304694425771160e+01	-6.650877952171712515e+00	1.496547625646922342e-01
-4.748056578823504736e+00	-1.767674706284645847e+00	8.339101858180426596e-01	-1.409025461710568905e+01	-5.132723880298616592e+00	-1.932839228449820723e+01
-4.550412146145541570e+00	-1.841450715560919438e+00	4.734633479359246166e+00	-1.522760412792572460e+01	-5.258807438842720394e+00	-3.289804320918418767e+01
-4.422127397942811733e+00	-2.253589607348247092e+00	-2.875369895656387342e+00	-1.676453048336984608e+01	-6.020746342714025090e+00	-7.202310437313854230e+00
-4.158166859026153794e+00	-3.671173476651174550e+00	-1.472876694953931143e+00	-1.943226921176657029e+01	-6.190859673374058403e+00	-1.030090361540708344e+01
-5.556257124879748766e+00	-2.769451527580167216e+00	1.400586832429606510e+01	-1.740272362703775499e+01	-4.034871107548037017e+00	-1.127965738717367827e+00
-5.358517855563939669e+00	-2.414084082354333027e+00	2.653440059611193558e+00	-1.440619713120032230e+01	-3.078468154247074207e+00	-2.247453975441645824e+00
-6.342644832766495711e+00	-1.461298552821848951e+00	8.707298671015051283e+00	-1.855115217698723029e+01	-2.634587820489653343e+00	1.455588380536481097e+01
-5.174505838842716976e+00	-2.480391460175294771e+00	1.512237020210426941e+00	-1.773533214222830168e+01	-7.889565429502564342e+00	-1.779612131301760058e+01
-3.450570652050957143e+00	-1.900277914865394546e+00	-1.908504137677480728e+00	-1.595541331636200511e+01	-5.363545544713372415e+00	-1.959506638435934534e+01
-5.412553915381841385e+00	-2.273986906566479504e+00	-3.305130830917894613e+00	-1.340093925595825120e+01	-8.231427513469176560e+00	-7.077651288820749009e+00
-4.524830240668164194e+00	-1.519920129465538894e+00	-4.409858635531991311e+00	-1.906943558168495656e+01	-5.995499816164034712e+00	-2.021040603598780194e+01
-4.786696084209791202e+00	-1.664406056714694992e+00	1.060054604453349469e+01	-1.507704660953337950e+01	-6.460638603338697550e+00	9.754794633381624891e+00
-4.804291362248950037e+00	-2.312819354302273034e+00	1.063345799510636347e+01	-1.791010455408477497e+01	-5.070589731681513612e+00	-3.087970646946192943e+00
-4.337680664356039273e+00	-1.642834050971223148e+00	1.319585167621956501e+01	-2.203500606579405385e+01	-4.315808035768007755e+00	-3.279166168052020680e+01
-4.701252128154862042e+00	-2.245689032374759808e+00	1.393822512727679097e+01	-1.616462242793428317e+01	-6.141917233604799797e+00	-7.986018071408285124e+00
-5.713327283505078569e+00	-1.846576219665514218e+00	1.805307090328443209e+01	-1.522198527274093749e+01	-6.108244624199983264e+00	-2.543999686971459440e+01
-5.828890454062524817e+00	-1.850964599365081398e+00	1.507890333167491193e+01	-2.141682026043666909e+01	-5.493829797025965078e+00	-7.971358496848221620e+00
-4.862200677196982568e+00	-1.849976163242337490e+00	4.996463959198835347e+00	-1.765633910034005183e+01	-5.805010081091023899e+00	-4.540423440924357124e-01
-5.547208313053686446e+00	-6.288843853150629659e-01	2.417583039513451837e+01	-1.044057855472184926e+01	-6.330460240478497980e+00	-1.693847148623785515e+01
-5.030526794830464610e+00	-1.960975984490878732e+00	2.013509075172677143e+01	-1.871230523466147133e+01	-6.502577980912660038e+00	-2.800041330503361436e+01
-3.995061272519586204e+00	-2.348112562929426606e+00	8.432112029982107515e+00	-1.597474394355620930e+01	-3.936030314790474716e+00	-3.681905177717034405e+01
-7.069629341721126004e+00	-9.320002391604633729e-01	9.057705548688726793e+00	-1.799618352016055667e+01	-7.758247719714780999e+00	-1.497317457172592370e+01
-6.726395292675101167e+00	-1.458411529624700886e+00	1.256685130952859097e+01	-1.625443350880395244e+01	-5.556917816490209105e+00	-2.599617939857335713e+01
-5.203104655619442021e+00	-1.578695314918468151e+00	2.313960733372500300e+01	-1.294765953489588028e+01	-5.347266821246580371e+00	-2.475009425481034953e+01
-6.003353833716720267e+00	-1.520385993579857598e+00	2.011584616744048049e+01	-2.147671548497362082e+01	-6.738054647847087963e+00	-3.215624396823646691e+01
-4.712246866600042772e+00	-1.116626057134888939e+00	2.772248121913820285e+01	-1.402235987072260315e+01	-9.239289742886246160e+00	-2.000200005914251022e+01
-5.224935768450055917e+00	-1.213312696131335411e+00	5.343806632797909018e+00	-1.421325661322518386e+01	-1.130330513190383535e+01	-3.396275966304341409e+01
-5.765530675111299352e+00	2.436992578073930993e-01	1.914597666075592031e+01	-1.554571396666760386e+01	-7.638036490425326619e+00	-8.837004049007646245e-02
-3.321683772299100390e+00	-1.683630867872187853e-02	2.520142850743399165e+01	-2.166008473378233745e+01	-8.095128574168754199e+00	-2.575908535059775772e+01
-5.541257889083734511e+00	-1.353328026721574151e+00	1.874512614641805897e+01	-1.956663447590253924e+01	-8.460319412909633741e+00	-3.099723378162102705e+01
-4.493313613758175507e+00	-1.215682445230005460e+00	3.095788435376276837e+01	-1.952449644084846625e+01	-9.026525250865432781e+00	-5.493629112639180789e+01
-4.411935186086148875e+00	-1.050383076371244062e+00	1.626513832059809417e+01	-1.572145880089374970e+01	-1.013508028868675659e+01	-5.308632052582511562e+01
-5.083760263880973795e+00	-1.796404265163560610e-01	4.101961717970816323e+01	-1.061349727494490836e+01	-8.995469101314988336e+00	-6.580018852547947006e+01
-5.637368104394660406e+00	4.070004458051982854e-01	2.075249384393799801e+01	-1.794184070544082843e+01	-8.150646257981398080e+00	-4.878121349846452404e+01
-5.925949910387954489e+00	6.349040491342508030e-01	2.409862604586318113e+01	-1.896564579118597749e+01	-1.078902043883221928e+01	-4.987984245224139102e+01
-5.085236791991621708e+00	4.154706089428420457e-01	3.089748577820016351e+01	-1.436472341077259429e+01	-1.166758425768885665e+01	-4.166322776810416428e+01
-4.600816889136303267e+00	7.102391220739048827e-02	2.687936108766167465e+01	-2.131904555864938544e+01	-1.098497030400076824e+01	-5.492542642989647561e+01
-5.831095332621552885e+00	-5.518222366400943324e-02	3.155127146358561063e+01	-2.424357621324628553e+01	-1.094466352784825247e+01	-6.405892269215857482e+01
-4.756211119721518443e+00	-4.751352577460737914e-02	1.757749587327206342e+01	-1.706661722099341816e+01	-7.119580408586358544e+00	-6.198442565409231264e+01
-5.162134641750999897e+00	2.615016951411183732e-01	3.580328603712885638e+01	-1.773476572901126502e+01	-8.611132901575999199e+00	-6.041769922559519301e+01
-4.695059900449100709e+00	7.805151084477288670e-01	3.178836204735688042e+01	-1.940434968784641967e+01	-1.063773456516697458e+01	-7.061383261943487355e+01
-5.454745704809965012e+00	5.123323710726371827e-01	3.624717465979921371e+01	-1.732172431933022239e+01	-1.181832227338212071e+01	-6.297508937507403459e+01
-6.228163017849668748e+00	-4.159703522061912739e-01	3.183827904683140986e+01	-1.942606885820061891e+01	-1.189597330982148726e+01	-8.075068474005351504e+01
-6.162891887146415115e+00	2.857974202534562913e+00	2.614808873324681926e+01	-1.332903773932349623e+01	-1.090886181166546542e+01	-5.649118220214361941e+01
-6.573385056480653965e+00	7.957638938064617307e-01	1.511903654090475868e+01	-1.452121629696653216e+01	-1.128181059034127820e+01	-4.693661304354796471e+01
-5.013960568009436791e+00	1.686349590032842460e+00	5.426427577013337000e+00	-1.631410578386876864e+01	-1.388309775000902135e+01	-2.959988844022913312e+01
-4.202794510922745808e+00	-4.733558456484090460e-01	1.189942151264952841e+00	-1.811766090565376430e+01	-1.172263747421686375e+01	-9.995677956768947325e+00
-5.548241697977651654e+00	1.190794372153338054e+00	-1.414503533715287631e+01	-2.178000449676646255e+01	-1.088640642273227144e+01	2.907262684391043450e+01
-5.750869032104375833e+00	1.760560734954577100e+00	-2.536861698615066629e+01	-1.547081862227689619e+01	-1.177285137743167631e+01	5.568132797582255478e+01
-6.179335506005178225e+00	1.523289354288556607e+00	-2.864826084791988592e+01	-1.882407838913065845e+01	-1.149191201677793472e+01	6.833711580461860535e+01
-5.415011108859494549e+00	8.403029959503638402e-01	-3.776879183511522342e+01	-1.911221653803664111e+01	-9.682340720382756061e+00	5.866480327852586640e+01
-5.540046470464948136e+00	-6.131078541286285599e-01	-4.124196151422329848e+01	-1.620005135652511186e+01	-1.246108282723494121e+01	6.041205050413557842e+01
-4.639923511732932937e+00	4.185715273124215319e-01	-4.030723240526186402e+01	-1.821300792413800806e+01	-1.128169047324731444e+01	8.938707262583842805e+01
-7.531579621396680579e+00	9.296013440345715639e-02	-4.281721203374392815e+01	-1.966990495372744974e+01	-9.567903234444230520e+00	7.185992466386774424e+01
-5.241455881165087760e+00	8.817655578466594424e-01	-5.069757417328556670e+01	-2.227952215256756219e+01	-1.150710700816376075e+01	5.425116191086650730e+01
-5.380861094361562458e+00	7.683509415214949401e-02	-3.845667224656241956e+01	-1.453369144166046034e+01	-1.112401425742992522e+01	6.623242199462040958e+01
-5.176897649299030846e+00	-1.176444300929684772e+00	-3.922094070370966534e+01	-2.202357701749085805e+01	-8.688191360964356846e+00	5.286705244251056257e+01
-4.483179829120475191e+00	-1.062354882121196997e+00	-4.269067567367286387e+01	-1.942305451693838592e+01	-9.907427018199312485e+00	5.975796916862755381e+01
-6.566694662842745167e+00	-4.923872518416158028e-01	-2.858218818706941633e+01	-2.380339954870692054e+01	-9.677915253250098715e+00	6.651324743513136184e+01
-4.758661204958005264e+00	-4.690840235660860280e-01	-4.375113022127017359e+01	-1.593041926906115791e+01	-8.034497572662194997e+00	5.663785437149444135e+01
-4.952902776777925453e+00	3.673887573822909314e-02	-3.950482367748927715e+01	-2.419264899084969755e+01	-8.636520297352408448e+00	3.145506159462586737e+01
-4.885890917191728633e+00	-1.286490257239703672e+00	-2.888828005049624892e+01	-2.053990585023703730e+01	-9.878625665703802738e+00	3.241910591358735871e+01
-4.859562061586100157e+00	-2.270366707537071260e+00	-3.584684473572242069e+01	-1.999946845050914135e+01	-7.566264263226351261e+00	3.338899617201818160e+01
-5.660396866316478537e+00	-1.628168560730856029e+00	-3.133050454905075455e+01	-1.534812658880736791e+01	-6.419874989611425775e+00	3.396508032890802298e+01
-5.009321704497988748e+00	-1.677258016090145354e+00	-4.089060755524228341e+01	-1.938449463956181518e+01	-6.630454368993588865e+00	2.926352139534502328e+01
-5.792258628878155235e+00	-1.988834309400135503e+00	-2.344225494405440458e+01	-2.204671242359582450e+01	-8.803691598613271552e+00	4.140375881523441848e+01
-5.471668410707229313e+00	-1.279801730786612524e+00	-3.206997873828011336e+01	-2.134218867237927242e+01	-8.601422584181111830e+00	3.057482436823607941e+01
-4.755714761622427567e+00	-7.710358034124096260e-01	-2.126228129296661962e+01	-1.997557810494800634e+01	-6.280543692378111942e+00	3.905376581811066217e+01
-7.393200876841781621e+00	-1.708987994357255680e+00	-3.276251084200311681e+01	-2.030206284760864577e+01	-6.043451447935044740e+00	4.212119999294397132e+01
-4.810899589118982078e+00	-1.706077467098410683e+00	-3.332468104323444891e+01	-1.705157626002760907e+01	-7.840157947746891232e+00	2.186302183311219238e+01
-6.684177325723489993e+00	-2.664725024994841540e+00	-2.672931547315253908e+01	-2.208955771643777055e+01	-8.000836036409760155e+00	3.393614867108172461e+01
-6.347559608209948578e+00	-2.208926824061654415e+00	-2.499870054640372885e+01	-1.808964726612884988e+01	-7.255949078819208253e+00	3.229218277912880808e+01
-6.949987626480328196e+00	-9.022594057419632829e-01	-2.767056952373841838e+01	-1.862360543264533419e+01	-8.055300316932024529e+00	2.560445957553984897e+01
-6.696963018279978641e+00	-2.892232448528424538e+00	-2.423980335618952608e+01	-1.926410587620047465e+01	-5.303040824264300568e+00	5.543483372585289715e+01
-4.378719214679710703e+00	-3.260154671647133018e+00	-2.083089245446950244e+01	-2.140257854725767572e+01	-5.090713421821249085e+00	3.050728499581242659e+01
-4.428318611004755212e+00	-3.133628039213057992e+00	-1.930381986834120767e+01	-2.039104665523263549e+01	-5.238709637807044572e+00	1.940280692267006657e+01
-4.476542335823872065e+00	-3.088538806012982363e+00	-1.903792030289984183e+01	-1.775137299004529368e+01	-7.143943998678118135e+00	2.924810427563822657e+01
-4.940450715842374940e+00	-2.690616776448548464e+00	-2.527827615410507178e+01	-2.040412514483865891e+01	-5.673423352310508427e+00	3.582035936078179361e+01
-5.513119811050563257e+00	-4.260669763657448428e+00	-1.973152495075532897e+01	-1.909642698258197058e+01	-7.715335206419712932e+00	3.028179696423301692e+01
-5.501545316266500230e+00	-4.650518912304193897e+00	-1.257727280015166293e+01	-2.270033417902832085e+01	-2.588750376412939147e+00	4.244769420738317223e+01
-3.563625061236126434e+00	-4.286208970792545259e+00	-2.163177007739857416e+01	-2.824055750293924660e+01	-9.262579149361997111e+00	5.091654488807056111e+01
-5.263409364386126832e+00	-3.082792996885403092e+00	-2.056151384021709561e+01	-1.953820365068001408e+01	-4.502130680024891696e+00	2.312583502369012578e+01
-5.008576318793522830e+00	-3.361255324883729578e+00	-1.615974062921587873e+01	-1.674581526717838642e+01	-5.497896295030597180e+00	6.119612623627146064e+01
-6.838969207858761834e+00	-4.027407219899330038e+00	-1.241629193911680318e+01	-1.539600262415464726e+01	-4.474588824950981092e+00	5.506031687459385182e+01
-5.874047729192056977e+00	-3.585922752137807645e+00	-2.089653001708694546e+01	-1.777525623510782182e+01	-5.334650589066205484e+00	2.394576300932581603e+01
-6.937947468761167080e+00	-3.777067743504009201e+00	-2.015751326108462393e+01	-2.213140732115171971e+01	-7.266056645565803329e+00	4.538390179655015544e+01
-5.494003112108723386e+00	-4.527752338435107049e+00	6.572738434773000904e+00	-2.081706213509330539e+01	-2.863246780347511233e+00	5.649861279316606044e+01
-4.656523801601082369e+00	-3.941600560747402060e+00	-5.881271544921842676e+00	-2.184989408975322789e+01	-2.936586028587872654e+00	8.097037038787675556e+00
-5.589146716575341678e+00	-3.625077072978711623e+00	-1.497386165309007566e+01	-1.606660488038676604e+01	-2.426844780807183355e+00	9.406703473099785384e+00
-4.668005978895501507e+00	-3.146773879275355235e+00	-8.292722557261008376e+00	-1.457726514111327276e+01	-2.527827632784355849e+00	3.512402751348366792e+01
-5.003781339835350117e+00	-2.933946801576419183e+00	-1.186398469009558809e+01	-2.167518928975594505e+01	-4.570606712260232740e+00	5.344150707132271805e+01
-6.205411570129075294e+00	-4.195594106634774612e+00	5.002237221525826172e+00	-1.588103558053045106e+01	-1.006465612979177582e+00	5.000318354103440299e+01
-4.812584190311739007e+00	-3.227380369395962401e+00	-1.584717626672651036e+01	-2.060282629819093358e+01	-8.029807601861866928e-01	3.248435001168036251e+01
-5.646878193201610330e+00	-2.808884941716760952e+00	-4.093162608341146758e+00	-2.169135404531557754e+01	-2.223495297491584921e+00	4.233416334611843723e+01
-7.505223148619529994e+00	-3.832899689578720182e+00	-8.129711964643647093e+00	-2.084334859435229959e+01	-4.763986811421778711e-01	5.209442190200907419e+01
-5.075361563565504497e+00	-3.371676587135064018e+00	-5.721920178113688138e+00	-2.013097015491160846e+01	-3.902038894496988153e+00	6.335998713103535351e+01
-5.460296895877440271e+00	-4.777256614111837330e+00	-9.172107083072020828e-01	-2.533164170155094297e+01	-5.068655379707767139e-01	5.198407602437863773e+01
-3.887188500184469930e+00	-3.754998474439405154e+00	-6.608033553790800596e+00	-1.944192572882624148e+01	-4.029665852731980635e+00	4.023299245553135961e+01
-7.328591242550053231e+00	-4.428544206927405469e+00	-8.792975307663848383e+00	-2.112917183809421928e+01	-1.204059630145109638e+00	4.578118883570063957e+01
-5.223673789430106851e+00	-4.218589766115139916e+00	-1.521501718329056985e+01	-2.239176566410594305e+01	-4.648754413959930165e-01	3.386075764742911076e+01
-5.681121859776335548e+00	-5.227438044493544211e+00	-1.486528612933524585e+01	-2.480197995785719201e+01	9.292263412608868789e-01	5.501388560779506065e+01
-6.203461111588994825e+00	-4.906445231739962942e+00	-8.308111593677413254e+00	-2.501836957580030685e+01	1.398655007402197503e-01	4.089434304832143852e+01
-5.407398923426452342e+00	-4.576172776478732551e+00	-3.324456031731122252e+00	-2.211404435141531266e+01	-6.170701719938431751e-01	6.504421613909725863e+01
-7.097611188549224792e+00	-4.086265633037984735e+00	-2.392455139150299459e+01	-2.303094024517249494e+01	-1.624311502769115734e+00	6.316952290405404113e+01
-5.477784110903050063e+00	-4.418123435100026697e+00	-3.375857193120011424e+00	-1.991956054933115894e+01	6.492491874461856494e-01	4.153125961829762502e+01
-5.180865568328522741e+00	-5.287669390848455109e+00	-1.076351616279748846e+01	-1.930282038731020933e+01	4.343302049314731184e-01	5.784036124921022548e+01
-6.553780390913861886e+00	-4.648883574131503771e+00	-7.787801308071843565e+00	-1.962709451569115160e+01	6.665676569193849099e-01	6.435685664014978613e+01
-5.440205588067074771e+00	-3.388299044836775131e+00	-7.517650954558220633e+00	-1.832317761907791365e+01	3.191113113471445217e+00	2.388169331249537919e+01
-4.786851843747319535e+00	-6.035115661048978453e+00	-1.754197591396775735e+01	-1.589875338917774172e+01	1.128629021275201039e+00	5.237092146191176312e+01
-7.039862991622245048e+00	-3.427535990593867155e+00	-8.345744637533353938e+00	-1.859623851474550094e+01	-1.602909573965045631e-01	6.518381600626061356e+01
-7.642088458247477512e+00	-4.119913552170543447e+00	-7.059119185283321940e+00	-2.477811271704696239e+01	2.526724397050550408e+00	6.116637334012806093e+01
-5.461445610600468292e+00	-5.754752751866471172e+00	-1.772656505864303611e+01	-2.248669699779491538e+01	3.866412430765095110e+00	6.116085877137383164e+01
-7.315141529206420579e+00	-5.291880315386598532e+00	-1.228000136359966277e+01	-1.965755931366657450e+01	5.325584085071739082e+00	6.890828279630106579e+01
-6.810834819371227589e+00	-6.819843484181761006e+00	-1.908139366541877990e+01	-1.826584102110671282e+01	3.352670922399790143e+00	6.525925939707083501e+01
-6.600173059871159431e+00	-6.172563576103655691e+00	-2.459336704476431024e+01	-2.036974872401719594e+01	3.269685262610775300e+00	7.341851207201872853e+01
-5.929378144377902338e+00	-6.152610136046803291e+00	-1.930135028168392353e+01	-2.393328502572063599e+01	-3.804941266066594885e-01	6.387531121022860248e+01
-5.155718187652333917e+00	-4.929151616668513647e+00	-2.314420531200999420e+01	-1.841674147516611626e+01	7.392855698007354093e+00	1.175950738558549347e+02
-7.272361008409466976e+00	-5.395874768401902166e+00	-2.695769556402241918e+01	-1.476173217230554258e+01	3.790875237065009173e+00	9.458194134022686228e+01
-5.983794720408566192e+00	-6.499330161945144901e+00	-1.964228331744956080e+01	-2.336431747880355658e+01	4.477982036605723692e+00	7.435441326585930710e+01
-5.843645419038744571e+00	-6.536851926852900618e+00	-2.892968680771725687e+01	-1.553395613756787164e+01	6.206520056824511578e+00	9.991031071256037421e+01
-7.395851444840531030e+00	-5.903840305163770452e+00	-3.504005354506333703e+01	-1.807729236118080607e+01	7.031131369472889858e+00	1.050080595751865644e+02
-7.783817041336658527e+00	-7.966788908351795762e+00	-2.757369709088158771e+01	-2.146173335656417080e+01	7.265184398475054373e+00	8.602825681084262044e+01
-6.043966428084282860e+00	-5.758270945556961173e+00	-2.876971689918891073e+01	-2.133270044535738208e+01	4.834476862255689511e+00	1.176131404401572809e+02
-4.935696230520641770e+00	-6.987930669221182889e+00	-3.349340318209233658e+01	-2.665956323807657213e+01	5.975587412226931683e+00	8.035803369789884698e+01
-7.317419839948285265e+00	-7.468391643560636339e+00	-3.517826541081677760e+01	-1.860967824391476810e+01	6.220466023576300074e+00	4.626151815165047765e+01
-6.160538096663202623e+00	-6.732877974328434156e+00	-1.487698255746555454e+01	-2.609556742904368321e+01	8.906158102324267745e+00	4.150443831084106705e+01
-7.590663986782775652e+00	-6.710844123117458260e+00	-2.444618108843398918e+00	-2.235179636923108148e+01	8.307072697359954461e+00	2.454124633554594226e+01
-7.381787261476095097e+00	-6.106453106039836598e+00	5.777041112222801367e+00	-1.335813113659311213e+01	9.236744953468850383e+00	-3.643689782036847191e+01
-7.038258975494168901e+00	-7.193304484896386519e+00	2.826481553912821454e+01	-1.155053407243499564e+01	1.032717876889658370e+01	-5.652226968431911303e+01
-5.619413252546507920e+00	-7.900211316438785047e+00	3.379543487357229026e+01	-1.937483708685575223e+01	8.165148461331041219e+00	-7.397837477256726402e+01
-6.522540039218197805e+00	-6.433587250301713745e+00	4.359162507714027157e+01	-1.998388187218911582e+01	9.168128819623786896e+00	-6.665503811561873704e+01
-7.272778967423713326e+00	-7.568873756966205235e+00	3.914746059174522230e+01	-1.585635384713679485e+01	7.067061682030757908e+00	-1.030024808286098477e+02
-7.663187448429202853e+00	-6.863566934594732771e+00	4.135091962983695169e+01	-1.438458209839161484e+01	4.414715385387564694e+00	-8.014239050769319306e+01
-6.247447626444254887e+00	-7.046045516272260834e+00	3.582336657815326930e+01	-1.783273333756712020e+01	5.602067145209729482e+00	-1.218524901060760754e+02
-5.557144490332323272e+00	-4.986382815656012824e+00	4.237336216097184405e+01	-1.467907515799058160e+01	2.329836957921570306e+00	-9.795256701564180446e+01
-7.094538496711257025e+00	-5.929572370140787640e+00	3.011961443797348537e+01	-2.042892465879426211e+01	3.295215074611318684e+00	-7.813761961076079388e+01
-7.808360104469904250e+00	-5.757763726989143294e+00	3.474438820846681608e+01	-1.665614189717858551e+01	5.299245558020746927e+00	-7.926889985696469410e+01
-7.391125075702020375e+00	-5.332479371593314532e+00	2.177773603995836993e+01	-1.864289090973852936e+01	4.135736517255898193e+00	-6.619898796853567546e+01
-7.441032501530490784e+00	-5.378647654543658341e+00	2.347777870109772280e+01	-1.939606037057058785e+01	5.103746321300682176e+00	-6.978474569346080614e+01
-7.133540262709887614e+00	-4.992389541409272269e+00	2.237108942827719815e+01	-2.277875098929309416e+01	2.040024813894771860e+00	-5.222354315418392900e+01
-6.775498943872182878e+00	-6.052057565525190697e+00	1.833371485336126483e+01	-2.137637518558151939e+01	3.607301937522679580e+00	-7.303842185995975456e+01
-5.924804880642827065e+00	-6.279341959420587926e+00	1.654745792892175515e+01	-1.909393471601193326e+01	2.182633070082456772e+00	-5.781037623501308076e+01
-7.558511691381217368e+00	-3.977510175118690317e+00	7.494078228682251819e+00	-2.001269259318080174e+01	-7.185841275236097836e-01	-5.651829239471132382e+01
-6.895667951311838628e+00	-3.349502500299979424e+00	7.483426900719869934e+00	-2.186696693223156629e+01	2.701727104024590709e+00	-7.301134239855608143e+01
-7.252719674642118086e+00	-3.194982429686594738e+00	8.044043964170437988e+00	-1.849871250831368386e+01	1.480970835058886603e+00	-4.475214721482701208e+01
-7.309881159387520810e+00	-3.639383992702770243e+00	1.780562793409045952e+01	-1.776827199577912353e+01	3.589537949268971850e+00	-4.426101918496927112e+01
-7.046788178725088336e+00	-3.322532162364398634e+00	4.443105945249870459e+00	-1.330240000491718355e+01	2.591939475575591345e+00	-4.619301557914772616e+01
-7.405847350581924893e+00	-2.964932897467468020e+00	1.961719128121339750e+00	-1.556023989981060396e+01	-1.935253948541792557e+00	-3.934431389920447941e+01
-7.556658024614033131e+00	-4.986549267348382664e+00	6.604882234576177957e+00	-1.324052336843203292e+01	-2.117034136942582023e+00	-6.849690199062979445e+01
-6.051560643109167970e+00	-4.470909822316340154e+00	5.434143233876376655e+00	-1.854920563699322145e+01	1.053358154905462474e+00	-5.166477715173250118e+01
-8.572800806899786963e+00	-2.934573195195869566e+00	9.553359932960656664e+00	-1.946389351699024317e+01	-2.418902563254631932e+00	-4.316212545146269264e+01
-9.813965602503479602e+00	-3.023503633880260999e+00	2.795667508681490609e+00	-1.503896548177278270e+01	-2.926382077395623504e+00	-4.146000417433092622e+01
-6.515366420151980975e+00	-3.396761715929846659e+00	7.372250022632018229e+00	-1.498567343151450260e+01	-1.085420775309111630e+00	-6.892830015014365586e+01
-5.822127602193985396e+00	-2.736048137279610604e+00	4.421953471960421211e+00	-2.203955408891223655e+01	7.132712365250603037e-01	-4.394772770406549967e+01
-7.503892425300772828e+00	-3.742746198771717658e+00	3.903161855286554349e+00	-1.874141527040593758e+01	8.248217509255986180e-01	-4.403065155598040548e+01
-5.384245515003609484e+00	-3.568036232722942458e+00	2.116453285175767718e+01	-1.671086290636228355e+01	-5.935048541871468242e-02	-3.929803542172702180e+01
-6.004084270852739991e+00	-3.793896795186829429e+00	4.996389770552037923e+00	-1.356455242697814079e+01	4.048451643237489517e-01	-1.361197606912423197e+01
-7.484603122800968400e+00	-2.707467116933981899e+00	1.696765255555477125e+01	-1.747166041359539079e+01	-1.202977023654895561e+00	-3.033193086664839555e+01
-6.783319272293247160e+00	-4.488948020677228534e+00	6.393004752992666795e+00	-2.320368944514966358e+01	-2.730872089977865791e+00	-1.518742004162641024e+01
-8.241346505873050177e+00	-3.532729564280620238e+00	9.814567320209389933e+00	-1.963105124290638415e+01	-2.024524202204363021e+00	-2.831985093157747002e+01
-7.609699664139560227e+00	-3.712217082297417203e+00	1.308690470318341426e+01	-2.213949356297619886e+01	-1.876553427417167796e+00	-2.280928186820703729e+01
-6.830604722266313544e+00	-5.267545073857448301e+00	6.521790100912264521e+00	-2.151914806887197074e+01	-2.714489555286818234e+00	-3.988461807080505395e+01
-7.515978257978611410e+00	-4.069398733337721730e+00	-1.123106638035986649e+00	-2.044274465679942665e+01	-3.325064964211290164e+00	-3.863606255571939130e+01
-7.637770500671793528e+00	-2.602992068382230073e+00	-2.405663421943973646e+00	-2.041484407271312662e+01	-3.588495846117499610e+00	-1.171374602549305521e+01
-8.364164397673597762e+00	-4.631214412306752237e+00	-1.109495723519870580e+00	-1.857492328503596468e+01	-4.691766496876793369e+00	-2.396032499040020625e+01
-7.613045491077064852e+00	-5.667430392996772426e+00	8.783448936051922118e+00	-2.076128652204956992e+01	-3.967617060395670414e+00	-2.692160704714374475e+01
-8.058459640390330136e+00	-3.006394476420680917e+00	5.825199024219701371e+00	-1.461229219868084250e+01	-2.896540390795563358e+00	-3.321818498953916077e+01
-7.568439312999521995e+00	-1.946601893543859374e+00	1.441519604377617370e+01	-1.782538445507208635e+01	8.712872690868822545e-02	-3.475102998019314526e+01
-6.655527020026505980e+00	-5.208524940761789956e+00	9.371433664010822895e+00	-1.816434898633957928e+01	-2.324262043285523660e+00	-1.324833430782150501e+01
-1.039324737272446342e+01	-4.634950174335210171e+00	7.288758859468760676e+00	-1.821782259614534283e+01	-2.662621727609153943e+00	-4.237526488486503240e+01
-8.645907150227241544e+00	-3.033285682040470999e+00	1.747539830818141127e+01	-1.534764779396894951e+01	-4.004766461020037305e+00	-2.599487914084838636e+01
-6.751052424204436520e+00	-3.289573103846206159e+00	1.855871017610753171e+01	-2.195030281216675050e+01	-1.996581660835522687e+00	-1.738801166576283563e+01
-7.158614521969043132e+00	-2.482076260730169626e+00	5.909931217181502383e+00	-2.019057594335660255e+01	-2.722406932633239407e+00	-2.547195555490596774e+01
-7.890927460837510843e+00	-2.802154836560111217e+00	7.012948000631658019e+00	-1.813480809028368412e+01	-4.050063589255238128e+00	-3.247452093723075706e+01
-6.670025529855523772e+00	-3.676530833102247708e+00	2.010145183617455800e+01	-2.103116770978022387e+01	-4.852443755612386056e+00	-1.626528572033992504e+01
-7.406188044303259943e+00	-2.813280319006128849e+00	5.766114469290585909e+00	-1.355892507214332987e+01	-5.535892260551975141e+00	-1.503979378345770179e+01
-8.815284036045470728e+00	-3.344387361580896112e+00	1.404656867740876791e+01	-1.745314487935194592e+01	-2.245637356492632630e+00	-4.190076323101716582e+01
-7.477216389165775468e+00	-3.281143656186833013e+00	1.352490733016862201e+01	-2.563667473055841128e+01	-2.942054992088717569e+00	-2.427509388349747610e+01
-7.700726488509471501e+00	-2.183149706811222668e+00	1.981952741102570315e+01	-1.897538328309160605e+01	-6.392720943605608497e+00	-1.110760145163134816e+01
-7.031760906520462484e+00	-2.234741472525086703e+00	1.372872716052694386e+01	-2.366706567455407395e+01	-4.843965849508594879e+00	-3.974686939249622242e+01
-7.494304860040053029e+00	-2.615788785000597194e+00	1.568663531081307738e+01	-2.716022762587417105e+01	-3.124702908301433268e+00	-1.772215048062539466e+01
-8.028762481108783433e+00	-2.593101635272555328e+00	5.387229635040805320e+00	-1.980865524944340805e+01	-4.758962668980051269e+00	-1.503192745795074714e+01
-8.006548615897330023e+00	-2.789803974775631801e+00	2.179832883312322878e+01	-1.590574913680543290e+01	-6.622183199255982089e+00	-2.095120621942170303e+01
-8.908697429151450464e+00	-3.041868144594071399e+00	2.115487052053738637e+01	-1.992959505549789512e+01	-3.657226873998303596e+00	-3.442723354497646682e+01
-7.344222435145793426e+00	-3.000884955387986608e+00	-8.679657995067984189e-01	-1.727326343499848349e+01	-5.783864489232090733e+00	-2.138203190314232671e+01
-9.229212091934854811e+00	-1.742009260073380306e+00	2.359211345440651186e+01	-2.203059955753919041e+01	-8.130844812995835724e+00	-4.288217977654487356e+01
-7.146252003379089501e+00	-3.396034842826915146e+00	6.600613888565954213e+00	-1.793221966528791356e+01	-6.185871925779508729e+00	-2.436608194267325089e+01
-8.052056366784341890e+00	-1.942311071756952501e+00	1.412986813357003690e+01	-1.650411592430556595e+01	-5.356013674224633370e+00	-2.665715825180595999e+01
-7.983497819158097641e+00	-1.732607594111846616e+00	1.688540776399667109e+01	-2.219141548786044993e+01	-7.573902710395431725e+00	-3.202610989403586927e+01
-7.638375631761596729e+00	-2.183057706352862226e+00	1.556662489998332433e+01	-1.883069613991468572e+01	-2.896514255478969790e+00	-2.375347125065317755e+01
-7.089805509372325787e+00	-2.033751763792782885e+00	1.353128631221641243e+01	-1.967111457256113738e+01	-6.182801098489662195e+00	-1.605162539709843017e+01
-7.790506656550983067e+00	-2.603125504586270900e+00	1.697833793456739926e+01	-2.159855104856057295e+01	-9.200146152506341934e+00	-3.272585331314166623e+00
-8.600809050945381173e+00	-3.122006469550046681e+00	1.059657772546299626e+01	-2.072779579232308933e+01	-5.693087899520986817e+00	-6.721326846779597020e+00
-7.418820573003746865e+00	-1.667971923494041109e+00	9.245550471213368482e+00	-1.735722780087046502e+01	-7.693384975558242189e+00	-2.191691442583172389e+00
-1.023764719662910316e+01	-2.071057803476548553e+00	1.050448328039755097e+01	-2.170880926755620166e+01	-4.493679038621653632e+00	-2.699866885799895400e+01
-5.821143466690117840e+00	-1.657172502152017612e+00	1.776876339653196268e+01	-1.806095316012957852e+01	-6.101993622990194766e+00	-2.072351978205193390e+01
-8.339523838610000794e+00	-1.240300851288205664e+00	2.743606751983790559e+01	-1.676848965133318003e+01	-8.763862812836755722e+00	-3.368249977221664437e+01
-9.423168202919438130e+00	-1.629967907990724996e+00	1.919016447848807871e+01	-2.260319322356907534e+01	-5.733186536091108287e+00	-3.360848871944772753e+01
-5.189530144720674087e+00	-1.160707485813902373e+00	1.492957032816994989e+01	-1.494393619706606913e+01	-4.968421665655252895e+00	-5.864476554085461757e+00
-8.839114285967925255e+00	-2.797169471480515091e-01	2.333441212832902423e+01	-1.887844578643367655e+01	-6.889710984216752543e+00	-2.561330196584338026e+01
-7.056339813179550724e+00	-1.565432440502342759e+00	2.406221244616878607e+01	-2.074586501830037477e+01	-8.673732352114697619e+00	-9.364907132877874574e+00
-8.368722457792364011e+00	-5.582241763839839166e-01	9.996311709154500846e+00	-2.211164480222555540e+01	-9.290361030350922533e+00	-2.012255974126759028e+01
-8.683137999616830527e+00	-1.256209033444276368e+00	2.662607593309585852e+01	-2.330031618620244060e+01	-7.074639103416430430e+00	-9.973788438340978502e+00
-7.963894930625945889e+00	4.023509009294334859e-02	1.706705627244103596e+01	-2.631444135211608426e+01	-6.129129642328690508e+00	-2.446798826973470042e+01
-8.307630006216580654e+00	-9.037132901881089753e-01	2.003617419043635905e+01	-1.607833268823796757e+01	-6.616280390040604864e+00	-1.848868090115394125e+01
-7.134993764015733930e+00	-1.412683323709190697e+00	2.391052905067523326e+01	-1.877065433226679403e+01	-5.456404175497985953e+00	-2.327782459543784910e+01
-8.425535540878975382e+00	-5.197599335516047692e-01	2.308790338565085776e+01	-2.704677117191980074e+01	-7.867952501633174833e+00	-3.416368057408824654e+00
-7.777574646543665260e+00	-5.038082947450930327e-01	3.379934162119766228e+01	-1.859226027334516118e+01	-8.758059480142010855e+00	-2.481182052751388056e+01
-6.485441171449528142e+00	1.540884582307948225e+00	3.216126330449488790e+01	-2.259539326380395607e+01	-8.784443196122271758e+00	-1.462752687980557909e+01
-8.413996075862883117e+00	-4.192044120712942190e-01	2.728719263694184960e+01	-2.171900114327128151e+01	-5.621816801036116473e+00	-1.109829417815567254e+01
-6.991092098899041041e+00	-1.261594241845812592e-01	2.209813756248912142e+01	-2.223896607888762489e+01	-3.903739546908988167e+00	-3.992178873669278971e+01
-7.483007993923648904e+00	1.415206339163630700e+00	1.707568836366280607e+01	-2.256792532733217627e+01	-1.035291094324261429e+01	-2.411269601958246511e+01
-7.442593692307640119e+00	1.656881867887534110e+00	2.664860447636922558e+01	-2.544498638937059454e+01	-1.061698996184053811e+01	-6.345060874221366021e+01
-7.037345926109719763e+00	6.662659519130763597e-01	2.476980481023497305e+01	-2.433119917784612696e+01	-8.759059807029748512e+00	-4.932391730596935986e+01
-7.746941753893592519e+00	1.052652014848005635e+00	2.375577839695625570e+01	-1.548773586598130336e+01	-8.924542039040279207e+00	-3.478947490309391100e+01
-9.194682574927934837e+00	6.016364540777385805e-01	2.888259793192251834e+01	-2.270633875816877989e+01	-1.006723212406843437e+01	-3.601873209760439920e+01
-8.237284190196206168e+00	1.184890575471852614e+00	2.977489888040230070e+01	-2.580396291493546457e+01	-7.384702421307379971e+00	-4.078980685754024904e+01
-8.158648843650878391e+00	7.642099848553206565e-01	3.199205597189670058e+01	-1.666729366504198850e+01	-1.054414540792943100e+01	-2.850755864074820423e+01
-6.582062036293164553e+00	2.707437216468371322e-01	1.928112292897966284e+01	-1.775323831781143369e+01	-7.681235828892974737e+00	-2.850180308706777765e+01
-9.161064600506755085e+00	1.220858563193373714e+00	1.388834037855643899e+01	-2.067474679840062279e+01	-1.013650842686859477e+01	-2.325970461918754495e+01
-8.998178879585010392e+00	2.247809651107836704e+00	1.458923759558263811e+01	-1.799673976341824400e+01	-9.814507797058881877e+00	-3.737781301184385541e+01
-6.468032170163676930e+00	7.040930611184735843e-01	7.418897505313228891e+00	-1.865960314616826921e+01	-7.092291815504463415e+00	5.948559993714683358e+00
-9.787475927648724650e+00	1.273349890764926551e+00	-1.012882620791363042e+00	-1.666266500818971608e+01	-1.084619445246486613e+01	-2.723332161831549136e+00
-7.954668734498821614e+00	7.767259025142215778e-01	-5.196201288090346537e+00	-2.202074602145460247e+01	-8.090319367709602361e+00	2.568059419599983073e+01
