theta1	omega1	alpha1	theta2	omega2	alpha2
3.141592653589793116e+00	0.000000000000000000e+00	-2.160111125070688764e-05	1.570796326794896558e+00	0.000000000000000000e+00	-9.810000000143620724e+00
3.141592651016766879e+00	-2.013076542296155409e-06	-1.216803942017305983e-03	1.570673922221935914e+00	-4.900589491784148460e-02	-9.810000239078963347e+00
3.141592613420884028e+00	-1.600981229314210759e-05	-4.819233828710094494e-03	1.570306708492245296e+00	-9.801179648560963409e-02	-9.810003609414408743e+00
3.141592448793764092e+00	-5.400153651749465687e-05	-1.082349136014581700e-02	1.569694685485719665e+00	-1.470177402691070501e-01	-9.810019765713121842e+00
3.141592005769039186e+00	-1.279870871672199816e-04	-1.922976338757534376e-02	1.568837852773036001e+00	-1.960238142871958689e-01	-9.810057728263885224e+00
3.141591076101594382e+00	-2.499669504556507188e-04	-3.003852510287921551e-02	1.567736209277855064e+00	-2.450301854886231812e-01	-9.810140213845897961e+00
3.141589394656340684e+00	-4.319437209148724571e-04	-4.325033470921013645e-02	1.566389752976871330e+00	-2.940371156732752289e-01	-9.810290431563231550e+00
3.141586629969357780e+00	-6.859233718399710984e-04	-5.886575881704864122e-02	1.564798480130471958e+00	-3.430450070897024806e-01	-9.810530790747407082e+00
3.141582393718989064e+00	-1.023916020617719703e-03	-7.688594768323736561e-02	1.562962384661404691e+00	-3.920544150358133417e-01	-9.810902962949000994e+00
3.141576233737090718e+00	-1.457937478218874518e-03	-9.731205734423920006e-02	1.560881457125696592e+00	-4.410660857904298848e-01	-9.811442784227182301e+00
3.141567637974387317e+00	-2.000010754778048638e-03	-1.201457419014057004e-01	1.558555683688609861e+00	-4.900809773399721347e-01	-9.812197158808032782e+00
3.141556044490744437e+00	-2.662165913913717465e-03	-1.453886749258668232e-01	1.555985046205283773e+00	-5.391002385709593447e-01	-9.813208401633062294e+00
3.141540820594785455e+00	-3.456445393636521646e-03	-1.730434393690123418e-01	1.553169519000521248e+00	-5.881253180001142500e-01	-9.814535061491142187e+00
3.141521273748631327e+00	-4.394904281665171913e-03	-2.031129109839877600e-01	1.550109068793126710e+00	-6.371579406351635111e-01	-9.816237846646231446e+00
3.141496653738815592e+00	-5.489613567555451379e-03	-2.356004992437550349e-01	1.546803652896956205e+00	-6.862001296435231712e-01	-9.818378076498675000e+00
3.141466148149749671e+00	-6.752663215458472139e-03	-2.705104210240274476e-01	1.543253217645591757e+00	-7.352542410149822683e-01	-9.821022771522166295e+00
3.141428887318096663e+00	-8.196164936213726909e-03	-3.078473923711850802e-01	1.539457697133447933e+00	-7.843229679265748544e-01	-9.824243975843671706e+00
3.141383939481942278e+00	-9.832257389102452144e-03	-3.476171711012332466e-01	1.535417010756036316e+00	-8.334093841774987688e-01	-9.828119040151079844e+00
3.141330312157674776e+00	-1.167311021220786629e-02	-3.898263604634015778e-01	1.531131061509247937e+00	-8.825169580966959471e-01	-9.832728835968566727e+00
3.141266951998533674e+00	-1.373092814442714374e-02	-4.344830437198119455e-01	1.526599734281852916e+00	-9.316495703616297641e-01	-9.838160000122229576e+00
3.141192744509046175e+00	-1.601795903604664312e-02	-4.815953994706463348e-01	1.521822892659186577e+00	-9.808115453037288267e-01	-9.844499718407917044e+00
3.141106514131340788e+00	-1.854649161232160143e-02	-5.311727489063926555e-01	1.516800379741832128e+00	-1.030007644289337110e+00	-9.851839322759929019e+00
3.141007023621554151e+00	-2.132887133124081874e-02	-5.832278249996907249e-01	1.511532012552980309e+00	-1.079243110278275353e+00	-9.860279023231896645e+00
3.140892973854271908e+00	-2.437750640922699275e-02	-6.377732483499176652e-01	1.506017579413316820e+00	-1.128523697235222611e+00	-9.869923433584403938e+00
3.140763003607832893e+00	-2.770487237366295666e-02	-6.948231033991483230e-01	1.500256838456229369e+00	-1.177855679912516829e+00	-9.880872618129387774e+00
3.140615689126945664e+00	-3.132351827979205222e-02	-7.543931183839447385e-01	1.494249516911185349e+00	-1.227245834522574741e+00	-9.893234182170544955e+00
3.140449543894693107e+00	-3.524607658281723316e-02	-8.165009564907670381e-01	1.487995306204435542e+00	-1.276701502265751964e+00	-9.907121658042797208e+00
3.140263017897878317e+00	-3.948527541620266978e-02	-8.811669459308610897e-01	1.481493859428924642e+00	-1.326230587794434257e+00	-9.922648856685327701e+00
3.140054497361028485e+00	-4.405394527271144778e-02	-9.484119449113848077e-01	1.474744788911479088e+00	-1.375841579120994806e+00	-9.939935164265875756e+00
3.139822304243428785e+00	-4.896502866943734655e-02	-1.018260394762815935e+00	1.467747663281451453e+00	-1.425543565926095546e+00	-9.959101788406087508e+00
3.139564695260220972e+00	-5.423159585937065846e-02	-1.090738112249695746e+00	1.460502003687378592e+00	-1.475346251246467677e+00	-9.980273734528168461e+00
3.139279861813785377e+00	-5.986684934385162749e-02	-1.165873049562744512e+00	1.453007281766002246e+00	-1.525259972227980931e+00	-1.000357928961443577e+01
3.138965928762976088e+00	-6.588414182055565838e-02	-1.243696966320847253e+00	1.445262915574127227e+00	-1.575295711629333351e+00	-1.002914892381261325e+01
3.138620953926509305e+00	-7.229698596049662085e-02	-1.324242264193010499e+00	1.437268266708499054e+00	-1.625465114635847197e+00	-1.005711730440589236e+01
3.138242927267556048e+00	-7.911906696855955379e-02	-1.407546114034943230e+00	1.429022637044658373e+00	-1.675780504454908115e+00	-1.008762098323563805e+01
3.137829769479086650e+00	-8.636426118976041344e-02	-1.493646867370955533e+00	1.420525264625524864e+00	-1.726254894482534885e+00	-1.012080021086080706e+01
3.137379332019446299e+00	-9.404664129547311846e-02	-1.582585522089473784e+00	1.411775321411881334e+00	-1.776902007079738555e+00	-1.015679821548803830e+01
3.136889395912243028e+00	-1.021804928127986595e-01	-1.674406376142464126e+00	1.402771909460036159e+00	-1.827736286842990054e+00	-1.019576095524257653e+01
3.136357669712094509e+00	-1.107803357721553472e-01	-1.769158811076280813e+00	1.393514056354793196e+00	-1.878772913571099323e+00	-1.023783683820317947e+01
3.135781788496923461e+00	-1.198609397794082737e-01	-1.866893425645550053e+00	1.384000711585999355e+00	-1.930027815967528593e+00	-1.028317726628188211e+01
3.135159313075871257e+00	-1.294373379299768867e-01	-1.967665187847806862e+00	1.374230743092653473e+00	-1.981517685193539435e+00	-1.033193607119983426e+01
3.134487728313847477e+00	-1.395248456893071753e-01	-2.071531233990313581e+00	1.364202933066889889e+00	-2.033259988450324851e+00	-1.038427089948413595e+01
3.133764442333213385e+00	-1.501390643064803021e-01	-2.178550872962262019e+00	1.353915975726083687e+00	-2.085272994256111900e+00	-1.044034326748032981e+01
3.132986784378148037e+00	-1.612959111878942975e-01	-2.288789859171600938e+00	1.343368471671771092e+00	-2.137575775926672250e+00	-1.050031511967586084e+01
3.132152003214259572e+00	-1.730116377623769353e-01	-2.402316604850241788e+00	1.332558923809980644e+00	-2.190188225621431783e+00	-1.056435199631027899e+01
3.131257265563375913e+00	-1.853028434206817898e-01	-2.519201357767258287e+00	1.321485733563466436e+00	-2.243131071318735348e+00	-1.063262341103518338e+01
3.130299654470379167e+00	-1.981864868395658841e-01	-2.639519082751746737e+00	1.310147197127867535e+00	-2.296425895381702276e+00	-1.070530103872511063e+01
3.129276167262065034e+00	-2.116799139604462199e-01	-2.763348873972205411e+00	1.298541500503938018e+00	-2.350095142617898869e+00	-1.078255913443899772e+01
3.128183713675516842e+00	-2.258008737376525077e-01	-2.890773110161262593e+00	1.286666715344131795e+00	-2.404162136393980465e+00	-1.086457500792971587e+01
3.127019113686618113e+00	-2.405675307878896718e-01	-3.021875844123826482e+00	1.274520794591796236e+00	-2.458651092609705824e+00	-1.095152868336185747e+01
3.125779095382247075e+00	-2.559984835408430359e-01	-3.156746946519263020e+00	1.262101567984353245e+00	-2.513587133783253602e+00	-1.104360312227845498e+01
3.124460292870207656e+00	-2.721127872813418613e-01	-3.295479288645566385e+00	1.249406737439643589e+00	-2.568996303366177347e+00	-1.114098405723416363e+01
3.123059243916901373e+00	-2.889299693110778389e-01	-3.438168281145095762e+00	1.236433872444396398e+00	-2.624905579083622875e+00	-1.124385940172464871e+01
3.121572387553589678e+00	-3.064700342598196126e-01	-3.584911058928156535e+00	1.223180405414405314e+00	-2.681342879648298982e+00	-1.135241876453505938e+01
3.119996061600294190e+00	-3.247534894791829219e-01	-3.735810676557122179e+00	1.209643626878957212e+00	-2.738337082392050092e+00	-1.146685573155264137e+01
3.118326500100975451e+00	-3.438013620851493868e-01	-3.890972450225604007e+00	1.195820680638833622e+00	-2.795918036186777034e+00	-1.158736583106588114e+01
3.116559830755073701e+00	-3.636352075527207739e-01	-4.050501128913111870e+00	1.181708558953061816e+00	-2.854116567673592897e+00	-1.171414369388025989e+01
3.114692072459612326e+00	-3.842771063188226144e-01	-4.214505148082537289e+00	1.167304097846890043e+00	-2.912964476247374535e+00	-1.184738679960537411e+01
3.112719132240789222e+00	-4.057496962602549218e-01	-4.383096917523516822e+00	1.152603971819557094e+00	-2.972494560683621501e+00	-1.198729571749731804e+01
3.110636802483960572e+00	-4.280761785014393084e-01	-4.556389876887664059e+00	1.137604688873129932e+00	-3.032740622123476282e+00	-1.213407143778658792e+01
3.108440758405182969e+00	-4.512803103719659759e-01	-4.734492259332995445e+00	1.122302585804002772e+00	-3.093737452027625068e+00	-1.228790835011750460e+01
3.106126555412465073e+00	-4.753863993222816609e-01	-4.917517839588498418e+00	1.106693823401251553e+00	-3.155520821089364603e+00	-1.244900604474605643e+01
3.103689625821962395e+00	-5.004193207469878057e-01	-5.105578943002484493e+00	1.090774381011052174e+00	-3.218127494432074798e+00	-1.261756159837841551e+01
3.101125276394616215e+00	-5.264045028951380711e-01	-5.298784510557538852e+00	1.074540052004162805e+00	-3.281595207860486418e+00	-1.279376639642259761e+01
3.098428685572179653e+00	-5.533679184328864631e-01	-5.497243910542579215e+00	1.057986438939463980e+00	-3.345962652458330577e+00	-1.297781207361322231e+01
3.095594900361458013e+00	-5.813360804457771147e-01	-5.701063064597349239e+00	1.041108948336677109e+00	-3.411269466987309595e+00	-1.316988496732096792e+01
3.092618834350077783e+00	-6.103360004261643157e-01	-5.910335480858407209e+00	1.023902786798441600e+00	-3.477556179412127246e+00	-1.337015461712871911e+01
3.089495265152828463e+00	-6.403951613051194203e-01	-6.125157117475055202e+00	1.006362956494437189e+00	-3.544864168902718937e+00	-1.357879322594249061e+01
3.086218831341869251e+00	-6.715415051203269536e-01	-6.345614042686520406e+00	9.884842500734787318e-01	-3.613235647239898540e+00	-1.379595948138080530e+01
3.082784031436098804e+00	-7.038033573930785325e-01	-6.571774315976767866e+00	9.702612481095141961e-01	-3.682713553579794130e+00	-1.402178679285316321e+01
3.079185221744543455e+00	-7.372093793667631179e-01	-6.803704229427466998e+00	9.516883151570705301e-01	-3.753341489267383313e+00	-1.425640681690833844e+01
3.075416613818077405e+00	-7.717885266542241496e-01	-7.041453235942185529e+00	9.327595953434948406e-01	-3.825163662792377295e+00	-1.449992789322459430e+01
3.071472274594696295e+00	-8.075699310612984849e-01	-7.285043085890549719e+00	9.134690114908238234e-01	-3.898224722928536501e+00	-1.475241898883041358e+01
3.067346125538998436e+00	-8.445828064892024756e-01	-7.534484467301922450e+00	8.938102629333214422e-01	-3.972569628678999099e+00	-1.501393474880615031e+01
3.063031941841529715e+00	-8.828563519836107876e-01	-7.789758797592980955e+00	8.737768234632361519e-01	-4.048243515344310595e+00	-1.528448806164215057e+01
3.058523353443930226e+00	-9.224196050824360338e-01	-8.050821577684871500e+00	8.533619417999011025e-01	-4.125291485875932196e+00	-1.556405578161047742e+01
3.053813845170096020e+00	-9.633013089072997026e-01	-8.317594432109274294e+00	8.325586407715800386e-01	-4.203758426950015448e+00	-1.585256651918280113e+01
3.048896760293184904e+00	-1.005529687950681872e+00	-8.589952179706926927e+00	8.113597213912743245e-01	-4.283688681164966816e+00	-1.614988046132066302e+01
3.043765302280087237e+00	-1.049132269057178712e+00	-8.867736594916664217e+00	7.897577643234282574e-01	-4.365125794120540803e+00	-1.645581184906404815e+01
3.038412539251216238e+00	-1.094135632323622209e+00	-9.150723797106252277e+00	7.677451353245006160e-01	-4.448112149427849715e+00	-1.677007619988717124e+01
3.032831410267315508e+00	-1.140565112431833672e+00	-9.438642613380579860e+00	7.453139933271403228e-01	-4.532688525882714536e+00	-1.709232158641771093e+01
3.027014730236385898e+00	-1.188444526053686223e+00	-9.731147394423715014e+00	7.224562964461134218e-01	-4.618893700917562128e+00	-1.742208328599599554e+01
3.020955201334703855e+00	-1.237795739723834165e+00	-1.002781134121812556e+01	6.991638178958649030e-01	-4.706763785997289951e+00	-1.775877328655178644e+01
3.014645420589766811e+00	-1.288638325273821383e+00	-1.032813203416139913e+01	6.754281558463808288e-01	-4.796331719036744268e+00	-1.810169081858566642e+01
3.008077894930458296e+00	-1.340989038165015579e+00	-1.063148525183021320e+01	6.512407549327481338e-01	-4.887626449540447560e+00	-1.844994169393294214e+01
3.001245055899638636e+00	-1.394861296189569000e+00	-1.093715845689780508e+01	6.265929270711969590e-01	-4.980672132418072273e+00	-1.880249994595806129e+01
2.994139275638135089e+00	-1.450264624627731092e+00	-1.124429470872132697e+01	6.014758742528473201e-01	-5.075487266300138245e+00	-1.915810662643934847e+01
2.986752892428714112e+00	-1.507203887059269887e+00	-1.155189373450832591e+01	5.758807267418573073e-01	-5.172083444609135938e+00	-1.951527377620732295e+01
2.979078232489915212e+00	-1.565678591362833716e+00	-1.185879985305848550e+01	5.497985749359137753e-01	-5.270464256257588076e+00	-1.987226229342286388e+01
2.971107639811824352e+00	-1.625682027487374670e+00	-1.216368112243674204e+01	5.232205146004016427e-01	-5.370623872570710944e+00	-2.022704549880700142e+01
2.962833508088927204e+00	-1.687200345785155209e+00	-1.246499965154066558e+01	4.961376951073154240e-01	-5.472545537369553514e+00	-2.057725200417917222e+01
2.954248322046629571e+00	-1.750211454463679095e+00	-1.276099998748429698e+01	4.685413836588991354e-01	-5.576199702528472635e+00	-2.092014628479228122e+01
2.945344698073322220e+00	-1.814683921141503120e+00	-1.304968464045930432e+01	4.404230280010224541e-01	-5.681542191623085714e+00	-2.125257894035712525e+01
2.936115437134663608e+00	-1.880575668738438955e+00	-1.332879270067485322e+01	4.117743405898126041e-01	-5.788511941767477964e+00	-2.157094827354421795e+01
2.926553578158096247e+00	-1.947832633745500086e+00	-1.359577629912439534e+01	3.825873828512471042e-01	-5.897028697349550264e+00	-2.187114781369928096e+01
2.916652464848641824e+00	-2.016387252152064935e+00	-1.384777872478503014e+01	3.528546737966725133e-01	-6.006990313771910728e+00	-2.214852650018701752e+01
2.906405813603500921e+00	-2.086156892442717403e+00	-1.408161987659195802e+01	3.225692996096231613e-01	-6.118269992796133927e+00	-2.239784852465481890e+01
2.895807796543028445e+00	-2.157042178552125211e+00	-1.429377042586656898e+01	2.917250514497311542e-01	-6.230713208197512287e+00	-2.261324449756511967e+01
2.884853125979867094e+00	-2.228925229275340758e+00	-1.448035876389849363e+01	2.603165647337457589e-01	-6.344134508431764630e+00	-2.278820619153657390e+01
2.873537154452943110e+00	-2.301667934660338588e+00	-1.463714121154134773e+01	2.283394887009388141e-01	-6.458314247575619227e+00	-2.291552851085680231e+01
2.861855977390167283e+00	-2.375110082243710785e+00	-1.475953995663962814e+01	1.957906590790122747e-01	-6.572995075992560388e+00	-2.298736053990023720e+01
2.849806550168512143e+00	-2.449067819840657467e+00	-1.484264802115012571e+01	1.626683006945938981e-01	-6.687878880811885196e+00	-2.299520031753172589e+01
2.837386808949466044e+00	-2.523332015139213791e+00	-1.488127248251930723e+01	1.289722357587835266e-01	-6.802623552936907458e+00	-2.292996933341237309e+01
2.824595800138702817e+00	-2.597666912423417074e+00	-1.486996973283498846e+01	9.470411006574530610e-02	-6.916840209011089868e+00	-2.278205854563293542e+01
2.811433815993605201e+00	-2.671809311479274029e+00	-1.480318119220737572e+01	5.986763295356403725e-02	-7.030091302958680011e+00	-2.254156598546842361e+01
2.797902535040204253e+00	-2.745467968755769483e+00	-1.467530837266212984e+01	2.446882701587887662e-02	-7.141889108436634714e+00	-2.219843409892791897e+01
2.784005158115474998e+00	-2.818324023308640847e+00	-1.448088507979514361e+01	-1.148372699055892621e-02	-7.251696085313388274e+00	-2.174276062292437928e+01
2.769746546821556965e+00	-2.890031898626592266e+00	-1.421472615277571094e+01	-4.797863988111503164e-02	-7.358926100322024766e+00	-2.116507611096085384e+01
2.755133352194591989e+00	-2.960221362815318003e+00	-1.387219929787897854e+01	-8.500147905402075099e-02	-7.462947831775633922e+00	-2.045686179583344710e+01
2.740174129811650872e+00	-3.028500806509567322e+00	-1.344942337359861995e+01	-1.225345564479911609e-01	-7.563090502349421484e+00	-1.961092856618688529e+01
2.724879435277237860e+00	-3.094461758486754199e+00	-1.294356736894837923e+01	-1.605567520292558448e-01	-7.658652013708965534e+00	-1.862199991701527324e+01
2.709261894935115045e+00	-3.157684801569842659e+00	-1.235313768054356842e+01	-1.990433820408064325e-01	-7.748909820816689553e+00	-1.748728028503364840e+01
2.693336243166662758e+00	-3.217746917183797795e+00	-1.167823962218176348e+01	-2.379661291780380827e-01	-7.833134635601287421e+00	-1.620697494926434956e+01
2.677119318512068080e+00	-3.274230173339569561e+00	-1.092083448749576746e+01	-2.772930500780256269e-01	-7.910606823900413254e+00	-1.478480440078328684e+01
2.660630014064042204e+00	-3.326731481768411047e+00	-1.008494222333297330e+01	-3.169886696426765793e-01	-7.980634969085626196e+00	-1.322842165399288206e+01
2.643889177958588910e+00	-3.374873156993058565e+00	-9.176731865484043738e+00	-3.570141703973448433e-01	-8.042576077751363073e+00	-1.154960161469944069e+01
2.626919459078544072e+00	-3.418313829858220299e+00	-8.204530594071684391e+00	-3.973276869896419372e-01	-8.095856551758064512e+00	-9.764267775511143554e+00
2.609745098285003451e+00	-3.456758983596653234e+00	-7.178756138970584288e+00	-4.378847055628303231e-01	-8.139992453406408757e+00	-7.892367198181545973e+00
2.592391670246092072e+00	-3.489970608118835305e+00	-6.111571710120415446e+00	-4.786385579106906540e-01	-8.174608033997387224e+00	-5.957184593520196358e+00
2.574885780208410413e+00	-3.517775322676049310e+00	-5.016615974587239180e+00	-5.195410019331860862e-01	-8.199451218851825374e+00	-3.984802818887146714e+00
2.557254726437131698e+00	-3.540070351519764014e+00	-3.908369184391631279e+00	-5.605428670910509448e-01	-8.214404791875439926e+00	-2.002833136728440877e+00
2.539526135725684419e+00	-3.556826571486005228e+00	-2.801781696909984021e+00	-6.015947494053401901e-01	-8.219491711789933319e+00	-3.967079078847746132e-02
2.521727595241207265e+00	-3.568089153251637224e+00	-1.711526090792858668e+00	-6.426477104597537737e-01	-8.214875608913949634e+00	1.877002590455958853e+00
2.503886285640497089e+00	-3.573974863999645368e+00	-6.514966342244861153e-01	-6.836539695552172891e-01	-8.200854614639757401e+00	3.721213031230945489e+00
2.486028635903842154e+00	-3.574666815311564605e+00	3.657224720539034024e-01	-7.245675488154089683e-01	-8.177850135145575905e+00	5.469743028574157506e+00
2.468180009846094869e+00	-3.570406856883075797e+00	1.329267785086130971e+00	-7.653448515414928988e-01	-8.146391017599389883e+00	7.102926669732823939e+00
2.450364435228152615e+00	-3.561486218591367603e+00	2.230275256377808546e+00	-8.059451526215478667e-01	-8.107094369120172672e+00	8.605170861450460507e+00
2.432604384645115303e+00	-3.548234974830968724e+00	3.062049632348362138e+00	-8.463309834242749297e-01	-8.060644233345236387e+00	9.965247492335493007e+00
2.414920606446617324e+00	-3.531011312541676439e+00	3.820049060808742070e+00	-8.864684163349542123e-01	-8.007770105127626437e+00	1.117621303414216527e+01
2.397332011731597934e+00	-3.510190803261043158e+00	4.501820119899321071e+00	-9.263272373496105327e-01	-7.949225726822033877e+00	1.223522403155129723e+01
2.379855613099101763e+00	-3.486156440830494141e+00	5.106803169378508755e+00	-9.658810171421999824e-01	-7.885769672465631430e+00	1.314309791699633934e+01
2.362506510056980424e+00	-3.459289791158478344e+00	5.636081631359957100e+00	-1.005107092046620743e+00	-7.818148394313884531e+00	1.390376732083950628e+01
2.345297915265858180e+00	-3.429963482269406061e+00	6.092098040684504667e+00	-1.043986467582632471e+00	-7.747082147402291064e+00	1.452367774366393860e+01
2.328241215650068696e+00	-3.398535124239649985e+00	6.478369428310543299e+00	-1.082503657256320473e+00	-7.673253929772189785e+00	1.501119090577549287e+01
2.311346058832643546e+00	-3.365342707854926285e+00	6.799186121398861360e+00	-1.120646476675425607e+00	-7.597301464277606442e+00	1.537597356131482229e+01
2.294620460065726508e+00	-3.330701341937107873e+00	7.059370826050781034e+00	-1.158405802563869935e+00	-7.519811905529692808e+00	1.562850971426769320e+01
2.278070922169053603e+00	-3.294901208774058787e+00	7.264046248204067524e+00	-1.195775311919903272e+00	-7.441318972330281944e+00	1.577964339586787901e+01
2.261702562936750649e+00	-3.258206562560194364e+00	7.418443252828865297e+00	-1.232751212280547293e+00	-7.362302113162580319e+00	1.584020727610050017e+01
2.245519245188578150e+00	-3.220855561013087343e+00	7.527749932766937491e+00	-1.269331972307501832e+00	-7.283187254843329406e+00	1.582074112441796387e+01
2.229523706286806739e+00	-3.183060776926553093e+00	7.597001619380762349e+00	-1.305518058600573239e+00	-7.204348807860258219e+00	1.573129517569077507e+01
2.213717683613304565e+00	-3.145010201915876102e+00	7.630994375363115978e+00	-1.341311685226418415e+00	-7.126112535269286674e+00	1.558128091998605669e+01
2.198102034022921369e+00	-3.106868588972819367e+00	7.634229318740153758e+00	-1.376716579250283123e+00	-7.048758974030728375e+00	1.537938487574638202e+01
2.182676846535099635e+00	-3.068779063879740754e+00	7.610862456179575020e+00	-1.411737763363511977e+00	-6.972527270831123225e+00	1.513349226063792230e+01
2.167441545348271603e+00	-3.030864756509568547e+00	7.564737136341136647e+00	-1.446381360121856474e+00	-6.897618938883156581e+00	1.485077721843890686e+01
2.152394985519587856e+00	-2.993230564117856041e+00	7.499309736082523159e+00	-1.480654413510739342e+00	-6.824201766184774698e+00	1.453757065767103995e+01
2.137535540388450173e+00	-2.955964894290134648e+00	7.417724788936766345e+00	-1.514564728593940535e+00	-6.752413587703335551e+00	1.419953469147412761e+01
2.122861179538066523e+00	-2.919141343616964424e+00	7.322783546547725564e+00	-1.548120731348753054e+00	-6.682365845786878644e+00	1.384161019076918819e+01
2.108369538375378216e+00	-2.882820247845067740e+00	7.216985128302667363e+00	-1.581331345819920520e+00	-6.614146810329683213e+00	1.346811699722275080e+01
2.094057980997010571e+00	-2.847050179102653900e+00	7.102548059473747344e+00	-1.614205885182948164e+00	-6.547824635887301348e+00	1.308280688121249113e+01
2.079923655373230762e+00	-2.811869302924636660e+00	6.981426469231109877e+00	-1.646753958691935305e+00	-6.483450084971515537e+00	1.268890515806515396e+01
2.065963542191860292e+00	-2.777306620969192341e+00	6.855336817409352079e+00	-1.678985390928072752e+00	-6.421058981437989033e+00	1.228917199910983982e+01
2.052174497745017590e+00	-2.743383102724795908e+00	6.725783009370843502e+00	-1.710910152754808067e+00	-6.360674409304898802e+00	1.188595796900881396e+01
2.038553291517454014e+00	-2.710112700821545761e+00	6.594075113767303264e+00	-1.742538302618194868e+00	-6.302308652903714226e+00	1.148124614345078953e+01
2.025096638890842904e+00	-2.677503261275196778e+00	6.461351121774441708e+00	-1.773879937044308797e+00	-6.245964908319527886e+00	1.107669888129839819e+01
2.011801229648373823e+00	-2.645557319041091038e+00	6.328602508863014009e+00	-1.804945148764617535e+00	-6.191638758833112988e+00	1.067370830417121397e+01
1.998663752733310428e+00	-2.614272827415799583e+00	6.196674753295610572e+00	-1.835743992063815444e+00	-6.139319501694505021e+00	1.027340470428725894e+01
1.985680917256524625e+00	-2.583643786350474425e+00	6.066309075029948872e+00	-1.866286454859976240e+00	-6.088991268946204016e+00	9.876733120996505022e+00
1.972849471202418936e+00	-2.553660795068349643e+00	5.938126224501502293e+00	-1.896582434488721658e+00	-6.040634006611368179e+00	9.484425721365823847e+00
1.960166216777800008e+00	-2.524311550558433481e+00	5.812672308635910667e+00	-1.926641719959721000e+00	-5.994224331374850223e+00	9.097092849849559570e+00
1.947628023879962589e+00	-2.495581259667936536e+00	5.690396758259794296e+00	-1.956473976878393195e+00	-5.949736231578736323e+00	8.715172844023072685e+00
1.935231842145409553e+00	-2.467453032474480334e+00	5.571695219465482296e+00	-1.986088734832822666e+00	-5.907141733389290827e+00	8.339025013080572535e+00
1.922974709654653891e+00	-2.439908184254933055e+00	5.456887929080721733e+00	-2.015495380836240358e+00	-5.866411380980197876e+00	7.968876582987377333e+00
1.910853762253706511e+00	-2.412926543125771150e+00	5.346255850753323102e+00	-2.044703150981640682e+00	-5.827514749670239524e+00	7.604900704688589030e+00
1.898866239230939668e+00	-2.386486669101937519e+00	5.240022326124517349e+00	-2.073721128771245592e+00	-5.790420774111440849e+00	7.247172656211205322e+00
1.887009490194798023e+00	-2.360566092792152570e+00	5.138381817182107625e+00	-2.102558240679765600e+00	-5.755098137535211045e+00	6.895729683797526377e+00
1.875280978708410817e+00	-2.335141471934309543e+00	5.041485672557655562e+00	-2.131223257576349006e+00	-5.721515493600777269e+00	6.550538128753942146e+00
1.863678287238004216e+00	-2.310188774723104910e+00	4.949463865600819190e+00	-2.159724793365215945e+00	-5.689641759012454614e+00	6.211537035312630906e+00
1.852199119321977339e+00	-2.285683390119240599e+00	4.862414772136162355e+00	-2.188071308479722976e+00	-5.659446261806385436e+00	5.878614925908095756e+00
1.840841303026946596e+00	-2.261600266692294081e+00	4.780420976714594872e+00	-2.216271110871451899e+00	-5.630898959809538695e+00	5.551640348157434346e+00
1.829602792106407971e+00	-2.237913988985366309e+00	4.703542424087345353e+00	-2.244332360869686127e+00	-5.603970539277653096e+00	5.230446283610490354e+00
1.818481668328603362e+00	-2.214598880749204746e+00	4.631827525329299533e+00	-2.272263073935390398e+00	-5.578632577266234627e+00	4.914850740090059844e+00
1.807476141943363812e+00	-2.191629056351642735e+00	4.565308946387176547e+00	-2.300071126428502311e+00	-5.554857607757793581e+00	4.604646830072397279e+00
1.796584553170342380e+00	-2.168978495597725153e+00	4.504011135540849864e+00	-2.327764259696874394e+00	-5.532619242558083350e+00	4.299616048375810351e+00
1.785805372262138979e+00	-2.146621077905344066e+00	4.447947483262623791e+00	-2.355350086379940144e+00	-5.511892219471221210e+00	3.999521196811656409e+00
1.775137200357872480e+00	-2.124530633865282958e+00	4.397127183295424402e+00	-2.382836095559320633e+00	-5.492652492343565562e+00	3.704118294897853048e+00
1.764578768901580830e+00	-2.102680955858119205e+00	4.351553406121865919e+00	-2.410229659970756000e+00	-5.474877248425578991e+00	3.413151508904320508e+00
1.754128940760761424e+00	-2.081045848503944473e+00	4.311221761251999851e+00	-2.437538041034289282e+00	-5.458545011149124271e+00	3.126348641036202025e+00
1.743786709436494720e+00	-2.059599127230667737e+00	4.276130173464707696e+00	-2.464768396426656683e+00	-5.443635649027924295e+00	2.843438888276978105e+00
1.733551199180934699e+00	-2.038314635961858023e+00	4.246269944552523157e+00	-2.491927786769214670e+00	-5.430130430723494328e+00	2.564133440756450000e+00
1.723421664913972196e+00	-2.017166256110372480e+00	4.221635538800455834e+00	-2.519023182608120859e+00	-5.418012070383609213e+00	2.288143677171774470e+00
1.713397491709235831e+00	-1.996127900331219784e+00	4.202218882699526148e+00	-2.546061472013493088e+00	-5.407264750786167085e+00	2.015167589320753905e+00
1.703478195160346376e+00	-1.975173522608284049e+00	4.188013431160470645e+00	-2.573049467607170904e+00	-5.397874189295103875e+00	1.744896587304538116e+00
1.693663420657592011e+00	-1.954277100157631342e+00	4.179015013677940260e+00	-2.599993914633929037e+00	-5.389827653193762558e+00	1.477015184729225439e+00
1.683952943696501503e+00	-1.933412631642081436e+00	4.175220313926047311e+00	-2.626901498732436835e+00	-5.383114022859065706e+00	1.211195351093010686e+00
1.674346669576361135e+00	-1.912554119673426589e+00	4.176630728642976464e+00	-2.653778854067664561e+00	-5.377723826759305048e+00	9.471039508457579359e-01
1.664844633466310730e+00	-1.891675554350200184e+00	4.183249919689615126e+00	-2.680632571744003378e+00	-5.373649293893925538e+00	6.843928206694727123e-01
1.655447000633240684e+00	-1.870750895121520596e+00	4.195086950158611216e+00	-2.707469208425413498e+00	-5.370884413931347190e+00	4.227062539562211896e-01
1.646154066411613215e+00	-1.849754043976510332e+00	4.212155556594552763e+00	-2.734295295160029671e+00	-5.369424985144487295e+00	1.616739744818005420e-01
1.636966256870171277e+00	-1.828658821182489236e+00	4.234475149686431905e+00	-2.761117346851365006e+00	-5.369268694761138327e+00	-9.908809049466071883e-02
1.627884128990827461e+00	-1.807438933192277108e+00	4.262071831426624158e+00	-2.787941871507955138e+00	-5.370415177264507456e+00	-3.599779846749697754e-01
1.618908371649564026e+00	-1.786067938599991356e+00	4.294978843497005982e+00	-2.814775380694045204e+00	-5.372866110092201275e+00	-6.214138330233254237e-01
1.610039806150763253e+00	-1.764519210868365606e+00	4.333237204400802511e+00	-2.841624399418170022e+00	-5.376625288403757530e+00	-8.838265644276361854e-01
1.601279387001919741e+00	-1.742765897241571826e+00	4.376896826646316185e+00	-2.868495476536978117e+00	-5.381698711292874471e+00	-1.147670007003853243e+00
1.592628204030373862e+00	-1.720780868960583021e+00	4.426018058561226098e+00	-2.895395197643847673e+00	-5.388094731974093499e+00	-1.413429360819009162e+00
1.584087483331728441e+00	-1.698536673865711277e+00	4.480670390337195386e+00	-2.922330195951889031e+00	-5.395824152234457216e+00	-1.681602318303248467e+00
1.575658588595040044e+00	-1.676005483944895458e+00	4.540935541850217305e+00	-2.949307163977526791e+00	-5.404900334980283105e+00	-1.952718921936138941e+00
1.567343024144091101e+00	-1.653159022847701110e+00	4.606910485630919538e+00	-2.976332869092384037e+00	-5.415339401514494888e+00	-2.227350039971042861e+00
1.559142436749275218e+00	-1.629968506048518728e+00	4.678702423720096704e+00	-3.003414166216369363e+00	-5.427160367079384429e+00	-2.506086045885695057e+00
1.551058617816850393e+00	-1.606404574455851497e+00	4.756435256594613747e+00	-3.030558011417231690e+00	-5.440385295075745198e+00	-2.789560165837883687e+00
1.543093507715464829e+00	-1.582437193928477370e+00	4.840254103555139409e+00	-3.057771480832251143e+00	-5.455039562336100545e+00	-3.078461605244683597e+00
1.535249198653702685e+00	-1.558035577222223855e+00	4.930316350567181871e+00	-3.085061785899191111e+00	-5.471152046901481825e+00	-3.373505982306141959e+00
1.527527937949286763e+00	-1.533168098608062691e+00	5.026801852505855095e+00	-3.112436289550172486e+00	-5.488755335635358001e+00	-3.675466881666579866e+00
1.519932134133001433e+00	-1.507802156080433997e+00	5.129919910112562320e+00	-3.139902529763398231e+00	-5.507886084885302402e+00	-3.985195020049104642e+00
1.512464361244565403e+00	-1.481904067598361241e+00	5.239894880180145265e+00	-3.167468238289358418e+00	-5.528585280490372789e+00	-4.303576591324599576e+00
1.505127363508491856e+00	-1.455438960013851313e+00	5.356981438064622125e+00	-3.195141360317393708e+00	-5.550898517291424028e+00	-4.631576675968062773e+00
1.497924063813688367e+00	-1.428370580700723869e+00	5.481475048596280431e+00	-3.222930084317904065e+00	-5.574876495752045358e+00	-4.970268227837095765e+00
1.490857569921846704e+00	-1.400661157086966924e+00	5.613690230903330303e+00	-3.250842865632228129e+00	-5.600575382949382508e+00	-5.320770963493941963e+00
1.483931180976109321e+00	-1.372271250661972086e+00	5.753981830010843623e+00	-3.278888450779226638e+00	-5.628057188189576898e+00	-5.684310853757779114e+00
1.477148398711779276e+00	-1.343159510708061832e+00	5.902759911021007611e+00	-3.307075914431501396e+00	-5.657390419643046897e+00	-6.062261914923965378e+00
1.470512937339067738e+00	-1.313282457922845925e+00	6.060467055157005234e+00	-3.335414692689894434e+00	-5.688650655913314758e+00	-6.456082069228614273e+00
1.464028733522549253e+00	-1.282594266460933330e+00	6.227602724063331152e+00	-3.363914616622136755e+00	-5.721921120859850163e+00	-6.867381438283246098e+00
1.457699959513085730e+00	-1.251046476520484063e+00	6.404720038874415877e+00	-3.392585954505622503e+00	-5.757293452532841194e+00	-7.297913148921907123e+00
1.451531035648008672e+00	-1.218587724893372526e+00	6.592434434458482428e+00	-3.421439451861393088e+00	-5.794868421931038682e+00	-7.749598401179355278e+00
1.445526648098829137e+00	-1.185163357041113530e+00	6.791444078287213415e+00	-3.450486385888750895e+00	-5.834756997335871276e+00	-8.224586212074427749e+00
1.439691764612834657e+00	-1.150715086749281246e+00	7.002508646554360894e+00	-3.479738614370687433e+00	-5.877081262763052649e+00	-8.725189242926717270e+00
1.434031653498362369e+00	-1.115180585139692537e+00	7.226492994564182482e+00	-3.509208633555235046e+00	-5.921975542362055478e+00	-9.254012990091268875e+00
1.428551907017511002e+00	-1.078492972788467341e+00	7.464347073791714138e+00	-3.538909648206905345e+00	-5.969587808995112432e+00	-9.813895274888636777e+00
1.423258461767505922e+00	-1.040580379467559879e+00	7.717130625479967421e+00	-3.568855632906553055e+00	-6.020080890183399980e+00	-1.040798115192092155e+01
1.418157628644857393e+00	-1.001365291121717682e+00	7.986037909002163815e+00	-3.599061420962961222e+00	-6.073634329658117892e+00	-1.103979983822773647e+01
1.413256120989551778e+00	-9.607639407265706755e-01	8.272385480336652108e+00	-3.629542787560173789e+00	-6.130446098916158881e+00	-1.171322408756986988e+01
1.408561087802166600e+00	-9.186856029154993886e-01	8.577642157505863452e+00	-3.660316547426803790e+00	-6.190734623282010851e+00	-1.243256712618949678e+01
1.404080149256357268e+00	-8.750318306600083362e-01	8.903437321388992132e+00	-3.691400658977713967e+00	-6.254740976718894174e+00	-1.320260883983382882e+01
1.399821439460827710e+00	-8.296955619527675019e-01	9.251588721227392398e+00	-3.722814350259335825e+00	-6.322731556788516727e+00	-1.402869745295220127e+01
1.395793649963431360e+00	-7.825602065981659416e-01	9.624099331182378592e+00	-3.754578246289178800e+00	-6.395000785083735373e+00	-1.491673318513539925e+01
1.392006081422183961e+00	-7.334986385482725746e-01	1.002318543107116966e+01	-3.786714522082132106e+00	-6.471874258922789558e+00	-1.587329350873142175e+01
1.388468697409514174e+00	-6.823721201555643656e-01	1.045127858269984245e+01	-3.819247061113894226e+00	-6.553712077943563585e+00	-1.690563243506949220e+01
1.385192186341216658e+00	-6.290292419509305732e-01	1.091102719508972996e+01	-3.852201642190697495e+00	-6.640912478395427421e+00	-1.802177026450772246e+01
1.382188026508853751e+00	-5.733047526590615561e-01	1.140531154814368620e+01	-3.885606133792177896e+00	-6.733915722294745443e+00	-1.923050766160031344e+01
1.379468558330880112e+00	-5.150186443090217780e-01	1.193716161246152296e+01	-3.919490717538070879e+00	-6.833207859649577109e+00	-2.054138396534426647e+01
1.377047061019370799e+00	-4.539753525183090055e-01	1.250975605766848275e+01	-3.953888129038272137e+00	-6.939324474851249924e+00	-2.196465609012057030e+01
1.374937829593823047e+00	-3.899632340889682136e-01	1.312633187772269139e+01	-3.988833905524625134e+00	-7.052853987182737150e+00	-2.351119397269258116e+01
1.373156256465898784e+00	-3.227549099777934360e-01	1.378991114526425577e+01	-4.024366661748823404e+00	-7.174439640656741446e+00	-2.519199865787231829e+01
1.371718906571488983e+00	-2.521086512973942928e-01	1.450316661102706917e+01	-4.060528363910298921e+00	-7.304779512932737973e+00	-2.701792316993169152e+01
1.370643582601506427e+00	-1.777713657281164983e-01	1.526785173324009293e+01	-4.097364596020269367e+00	-7.444623358929582047e+00	-2.899855441941917888e+01
1.369949367912038252e+00	-9.948463670380293389e-02	1.608421810182016287e+01	-4.134924798853830019e+00	-7.594763255824571679e+00	-3.114097742540297986e+01
1.369656630614780601e+00	-1.699470520544647117e-02	1.694991274531351877e+01	-4.173262441165328518e+00	-7.756015804464376551e+00	-3.344741224852941741e+01
1.369786962250232332e+00	6.993098425147706299e-02	1.785845897248265857e+01	-4.212435069786134356e+00	-7.929190061422287883e+00	-3.591185981350417933e+01
1.370363010935387482e+00	1.614777056454503035e-01	1.879691675478396462e+01	-4.252504148017441921e+00	-8.115034211491060745e+00	-3.851484617261394305e+01
1.371408153020478471e+00	2.577435173587285799e-01	1.974258042751928599e+01	-4.293534557259692797e+00	-8.314150844756252212e+00	-4.121587982931305305e+01
1.372945917096588087e+00	3.586792691446105130e-01	2.065823508195168756e+01	-4.335593564890330320e+00	-8.526866047759032341e+00	-4.394245428141221055e+01
1.374999042938263916e+00	4.640010290886820155e-01	2.148579237715992463e+01	-4.378748985776456770e+00	-8.753034072608311789e+00	-4.657507953791537147e+01
1.377588016825455730e+00	5.730663878661033106e-01	2.213823994321586497e+01	-4.423066164393764765e+00	-8.991756379830665225e+00	-4.892804939862162428e+01
1.380728883407614127e+00	6.847075245077185457e-01	2.249061155938915135e+01	-4.468603299683018726e+00	-9.240996346804445594e+00	-5.072739963744697889e+01
1.384430109138641285e+00	7.970210943821397498e-01	2.237246158660542505e+01	-4.515404562885846573e+00	-9.497086641148031916e+00	-5.159166472419474303e+01
1.388688329430524115e+00	9.071340814764625726e-01	2.156683784867641407e+01	-4.563490574689163637e+00	-9.754170095900464688e+00	-5.102697437952156179e+01
1.393482959973933788e+00	1.010998681965518786e+00	1.982505242077257890e+01	-4.612846133882142041e+00	-1.000369395907022430e+01	-4.845835553287724906e+01
1.398770069352786471e+00	1.103323003241405864e+00	1.690822959715399065e+01	-4.663406046132987370e+00	-1.023420481784925506e+01	-4.332351040660887520e+01
1.404476563289033919e+00	1.177793564119104852e+00	1.266259530427441860e+01	-4.715041426996690710e+00	-1.043181084569001627e+01	-3.524646056923029391e+01
1.410496536307480842e+00	1.227739500859603705e+00	7.116254482224690037e+00	-4.767550761086821076e+00	-1.058166982894226926e+01	-2.426359292497818387e+01
1.416692126565912258e+00	1.247253709047610570e+00	5.551161675934963569e-01	-4.820661173302245750e+00	-1.067055068886494240e+01	-1.100338014457884128e+01
1.422900641642189434e+00	1.232513839827487523e+00	-6.483490502636868769e+00	-4.874044098013691872e+00	-1.068987730887382170e+01	3.325028431873761292e+00
1.428947733652727869e+00	1.182786874955633394e+00	-1.333065337950756657e+01	-4.927344912750085903e+00	-1.063805003200257282e+01	1.720870860633476696e+01
1.434663718890845097e+00	1.100624888183145966e+00	-1.937473726809196251e+01	-4.980219826390499982e+00	-1.052089121915962444e+01	2.926961746511187812e+01
1.439898530504116536e+00	9.911482946487291112e-01	-2.421930143188058082e+01	-5.032369548823740324e+00	-1.034997324008830333e+01	3.863013924424285506e+01
1.444531512187732458e+00	8.607864983079792642e-01	-2.773563147000481877e+01	-5.083560968426051652e+00	-1.013969908699718836e+01	4.503120997064252151e+01
1.448474731721236530e+00	7.160288406920211068e-01	-3.001329513639490187e+01	-5.133633862356061783e+00	-9.904430086970107183e+00	4.871258445945113635e+01
1.451670933731390667e+00	5.625654270782194377e-01	-3.126499388754319853e+01	-5.182495356159360078e+00	-9.656540333468980108e+00	5.018866541608986154e+01
1.454088400296757122e+00	4.049009086905396848e-01	-3.173958391663938983e+01	-5.230107478716866432e+00	-9.405578186931492723e+00	5.004625807688535133e+01
1.455714845402175106e+00	2.463268036083688939e-01	-3.166707480727696122e+01	-5.276472757444604866e+00	-9.158255309318132475e+00	4.881891549428928556e+01
1.456551720892126589e+00	8.908758928918168729e-02	-3.123449438045031101e+01	-5.321621004059573501e+00	-8.918872335067895563e+00	4.693391390404485719e+01
1.456609554354778124e+00	-6.538813215420154201e-02	-3.058191706316823044e+01	-5.365598658287058953e+00	-8.689880547405484990e+00	4.470591621333824150e+01
1.455904442681922761e+00	-2.162649394022718163e-01	-2.980822715149359681e+01	-5.408460905952019893e+00	-8.472411019748996353e+00	4.235256687186756608e+01
1.454455566791823751e+00	-3.631166468765291699e-01	-2.898001657257361785e+01	-5.450266203970209666e+00	-8.266704640366848267e+00	4.001661166218491417e+01
1.452283513382150337e+00	-5.057869195057296263e-01	-2.814016780834023734e+01	-5.491072678398195350e+00	-8.072433035151172831e+00	3.778665365326241954e+01
1.449409191081559634e+00	-6.442893177885199441e-01	-2.731492414488894838e+01	-5.530935880692257278e+00	-7.888924998471298800e+00	3.571395470036713959e+01
1.445853165954133823e+00	-7.787381944793119182e-01	-2.651921074850389459e+01	-5.569907486173277356e+00	-7.715320136545086527e+00	3.382488749385584015e+01
1.441635281062402685e+00	-9.093023918601307320e-01	-2.576049155647734779e+01	-5.608034617388971910e+00	-7.550669548836757450e+00	3.212982571943666699e+01
1.436774465473948714e+00	-1.036175021667432361e+00	-2.504141355961041882e+01	-5.645359574560999683e+00	-7.393999716377357423e+00	3.062913682825137585e+01
1.431288664565027124e+00	-1.159554269273793903e+00	-2.436162607515518630e+01	-5.681919818323985183e+00	-7.244351631987293594e+00	2.931722487999195437e+01
1.425194846615129407e+00	-1.279631686781443900e+00	-2.371899879648799470e+01	-5.717748104715506763e+00	-7.100803472140738037e+00	2.818517121890727140e+01
1.418509054417965931e+00	-1.396585415938454533e+00	-2.311041137721633731e+01	-5.752872704497914214e+00	-6.962482742475687658e+00	2.722238885984825174e+01
1.411246482283884607e+00	-1.510576682323053532e+00	-2.253228054177952799e+01	-5.787317665619508666e+00	-6.828571684164188582e+00	2.641768340299859119e+01
1.403421564567409296e+00	-1.621748356725130069e+00	-2.198089230168318409e+01	-5.821103090843794625e+00	-6.698308650256935337e+00	2.575987847749229331e+01
1.395048068173717626e+00	-1.730224880559629197e+00	-2.145261081054479746e+01	-5.854245416433522031e+00	-6.570986999236454906e+00	2.523817343130804147e+01
1.386139182960472338e+00	-1.836113005015251654e+00	-2.094400728510061072e+01	-5.886757681146014498e+00	-6.445952692721214738e+00	2.484233149523834072e+01
1.376707607185896576e+00	-1.939503033586400083e+00	-2.045193494805198497e+01	-5.918649781599257587e+00	-6.322601240596437577e+00	2.456275841433534879e+01
1.366765625906030790e+00	-2.040470341299660095e+00	-1.997357054513497587e+01	-5.949928711639772771e+00	-6.200374443444107264e+00	2.439051674266420378e+01
1.356325181558447168e+00	-2.139077066808560357e+00	-1.950643511474436309e+01	-5.980598785512198923e+00	-6.078757123078111668e+00	2.431730421145039145e+01
1.345397935570650461e+00	-2.235373816543185121e+00	-1.904839611885108752e+01	-6.010661844927891906e+00	-5.957274121864221783e+00	2.433540143246045773e+01
1.333995321749641860e+00	-2.329401411944148848e+00	-1.859766603491698334e+01	-6.040117452029829082e+00	-5.835487481875213156e+00	2.443762114984974687e+01
1.322128590874931175e+00	-2.421192594071742477e+00	-1.815279476267733116e+01	-6.068963068768197466e+00	-5.712993929150782968e+00	2.461725309202438439e+01
1.309808846885704980e+00	-2.510773680862774526e+00	-1.771265866675435063e+01	-6.097194224424223208e+00	-5.589422631815362585e+00	2.486801009724149480e+01
1.297047074946148237e+00	-2.598166166148236922e+00	-1.727644778036983553e+01	-6.124804672633872293e+00	-5.464433212311475607e+00	2.518397929419143111e+01
1.283854161696761365e+00	-2.683388252853849743e+00	-1.684365227469129422e+01	-6.151786539038580415e+00	-5.337713984620513052e+00	2.555957989840044320e+01
1.270240908038378747e+00	-2.766456317902492579e+00	-1.641404833237675120e+01	-6.178130460706841021e+00	-5.208980376869972062e+00	2.598953224131446404e+01
1.256218034791038329e+00	-2.847386306762710984e+00	-1.598768473786094546e+01	-6.203825718067808026e+00	-5.077973504436054775e+00	2.646882097353000063e+01
1.241796181025434764e+00	-2.926195060326057806e+00	-1.556486787778749203e+01	-6.228860358715660794e+00	-4.944458914064252752e+00	2.699269427357330642e+01
1.226985897318095375e+00	-3.002901563037397192e+00	-1.514614789680013018e+01	-6.253221318557754316e+00	-4.808225253856274861e+00	2.755663012907007214e+01
1.211797631178951340e+00	-3.077528128114942696e+00	-1.473230407775577078e+01	-6.276894532300836715e+00	-4.669083175136231390e+00	2.815636421658518884e+01
1.196241708318062535e+00	-3.150101504782551132e+00	-1.432433093039094274e+01	-6.299865041598772919e+00	-4.526864067419093196e+00	2.878784357332142463e+01
1.180328307442846780e+00	-3.220653918051972209e+00	-1.392342353222807105e+01	-6.322117094847813590e+00	-4.381418885355225612e+00	2.944729608924262720e+01
1.164067430483895826e+00	-3.289224035204023622e+00	-1.353096364100201754e+01	-6.343634242345110863e+00	-4.232616861957889220e+00	3.013118173670818578e+01
1.147468868477699688e+00	-3.355857864908499355e+00	-1.314850600188856333e+01	-6.364399423661175170e+00	-4.080344128270849247e+00	3.083626890368782369e+01
1.130542162189728250e+00	-3.420609585537337072e+00	-1.277776495560442527e+01	-6.384395049225942920e+00	-3.924502289648962083e+00	3.155961372873889559e+01
1.113296560162215343e+00	-3.483542315014228397e+00	-1.242060188242908225e+01	-6.403603072559210574e+00	-3.765006762062820478e+00	3.229861848471637131e+01
1.095740971344499659e+00	-3.544728811856969752e+00	-1.207901501098285735e+01	-6.422005056410581503e+00	-3.601785087562619836e+00	3.305105091431983055e+01
1.077883916209460446e+00	-3.604252135323902539e+00	-1.175512615372622349e+01	-6.439582226951728217e+00	-3.434774942723067159e+00	3.381507644134649126e+01
1.059733472971433832e+00	-3.662206246177881930e+00	-1.145117907091548659e+01	-6.456315520750893988e+00	-3.263922080640165646e+00	3.458931539366744801e+01
1.041297222240627596e+00	-3.718696583145778778e+00	-1.116952315086518865e+01	-6.472185618332958690e+00	-3.089177976164714678e+00	3.537285828485983075e+01
1.022582187997696845e+00	-3.773840613772072139e+00	-1.091262406327496137e+01	-6.487172966858757661e+00	-2.910497304372789529e+00	3.616534275235608220e+01
1.003594776268429634e+00	-3.827768364977185644e+00	-1.068304773876729996e+01	-6.501257789870609649e+00	-2.727835167685532358e+00	3.696697262931752448e+01
9.843407109991259007e-01	-3.880622995239574102e+00	-1.048348035876438189e+01	-6.514420080385040279e+00	-2.541144046124192979e+00	3.777859659486080091e+01
9.648249670579486237e-01	-3.932561340461115496e+00	-1.031672324430860499e+01	-6.526639582182474086e+00	-2.350370527239869833e+00	3.860174631110385235e+01
9.450517002090665919e-01	-3.983754593931439825e+00	-1.018571283110190961e+01	-6.537895748206232760e+00	-2.155451657523827169e+00	3.943870809667669164e+01
9.250241739572375721e-01	-4.034388965828040519e+00	-1.009354461766406530e+01	-6.548167686980918667e+00	-1.956311068266858300e+00	4.029259531569834962e+01
9.047446820782732990e-01	-4.084666564977338155e+00	-1.004347835111002496e+01	-6.557434081326181996e+00	-1.752854633448889921e+00	4.116740302648122452e+01
8.842144672511390580e-01	-4.134806324506625330e+00	-1.003900837897845122e+01	-6.565673091123916727e+00	-1.544965824568959922e+00	4.206813332566264307e+01
8.634336341190681496e-01	-4.185045181598376018e+00	-1.008385061914941616e+01	-6.572862227251004441e+00	-1.332500554371330859e+00	4.300082979440628606e+01
8.424010560136042658e-01	-4.235639450962486841e+00	-1.018205921836397465e+01	-6.578978200859832981e+00	-1.115281533825820626e+00	4.397276407267452214e+01
8.211142733985290487e-01	-4.286866535007131773e+00	-1.033803362240860224e+01	-6.583996739650343599e+00	-8.930919888878278146e-01	4.499249729783275598e+01
7.995693847820150024e-01	-4.339026852790358824e+00	-1.055660395790982875e+01	-6.587892377401587396e+00	-6.656688326229907027e-01	4.607003619915923309e+01
7.777609253632650210e-01	-4.392446261287816789e+00	-1.084313741533514985e+01	-6.590638201786117811e+00	-4.326949667653786080e-01	4.721702460590000783e+01
7.556817335130635582e-01	-4.447478881037915777e+00	-1.120360884860201622e+01	-6.592205564280588348e+00	-1.937907813676560398e-01	4.844689422837039672e+01
7.333228008176563284e-01	-4.504510441467171944e+00	-1.164470982138618638e+01	-6.592563743865222925e+00	5.149533746998166683e-02	4.977506304958300376e+01
7.106731052809679428e-01	-4.563962169859830276e+00	-1.217398677438086452e+01	-6.591679562509924040e+00	3.036974903879005039e-01	5.121918447588437573e+01
6.877194221287802334e-01	-4.626295302993768566e+00	-1.279992994475605883e+01	-6.589516942962324819e+00	5.634438758632269728e-01	5.279931078255816601e+01
6.644461129042564806e-01	-4.692016120789253897e+00	-1.353210532827142742e+01	-6.586036410300720512e+00	8.314693063623905811e-01	5.453810845761734072e+01
6.408348856008904137e-01	-4.761681552205097034e+00	-1.438123009402625030e+01	-6.581194524122905953e+00	1.108628597995341858e+00	5.646095352089173502e+01
6.168645274784296806e-01	-4.835905020548148414e+00	-1.535920221844935440e+01	-6.574943245915287449e+00	1.395910088204268984e+00	5.859589945178981907e+01
5.925106083422192471e-01	-4.915362091600131045e+00	-1.647897120614697997e+01	-6.567229239926263062e+00	1.694448113524920529e+00	6.097324743484375631e+01
5.677451579685046656e-01	-5.000795139557539848e+00	-1.775423756953932752e+01	-6.557993118296802315e+00	2.005532543087996000e+00	6.362470643103961265e+01
5.425363257916515636e-01	-5.093015294303744334e+00	-1.919865215502977662e+01	-6.547168654105480101e+00	2.330611115168304437e+00	6.658132516626756114e+01
5.168480429220813077e-01	-5.192899112688912133e+00	-2.082438764754624572e+01	-6.534682013061048345e+00	2.671278383998593409e+00	6.986991417688636830e+01
4.906397230314580860e-01	-5.301375104623810230e+00	-2.263945255756425468e+01	-6.520451096051611550e+00	3.029239508636294431e+00	7.350642834656719060e+01
4.638660721330415959e-01	-5.419392217211733254e+00	-2.464292294830192986e+01	-6.504385164452526347e+00	3.406229856223375485e+00	7.748433743364353177e+01
4.364771263759157360e-01	-5.547857236203107334e+00	-2.681699975302990424e+01	-6.486385038808990089e+00	3.803859038838973472e+00	8.175536318990998552e+01
4.084187209475395042e-01	-5.687520184618160890e+00	-2.911374313086298571e+01	-6.466344363403802475e+00	4.223329105920865523e+00	8.619742662235830721e+01
3.796337267527347681e-01	-5.838775513569830267e+00	-3.143410173579741240e+01	-6.444152749971585159e+00	4.664949543633431617e+00	9.056409844120980779e+01
3.500645818240609164e-01	-6.001333909808042044e+00	-3.359673613592394759e+01	-6.419702070727166365e+00	5.127340691408153184e+00	9.440957799273928686e+01
3.196578970411205201e-01	-6.173710631784764757e+00	-3.529612360744295074e+01	-6.392897776453305703e+00	5.606196059201754345e+00	9.698806011273745753e+01
2.883721682283094112e-01	-6.352491197396768818e+00	-3.605803946437254126e+01	-6.363677718250689175e+00	6.092510604826438581e+00	9.714717389014140281e+01
2.561896550960469088e-01	-6.531417725848660538e+00	-3.521994197464528042e+01	-6.332041009835676526e+00	6.570382099337261472e+00	9.328219836680455046e+01
2.231327976588081963e-01	-6.700556261046786588e+00	-3.199690265807203104e+01	-6.298087785107878034e+00	7.015018305537509491e+00	8.349787856644479689e+01
1.892833608748850649e-01	-6.846177933083215095e+00	-2.571544741919160515e+01	-6.262065416106064042e+00	7.392484459332410829e+00	6.617717415753713794e+01
1.547984173840012689e-01	-6.952305670845912999e+00	-1.623553895642044154e+01	-6.224406866630035395e+00	7.663496524360012607e+00	4.100552187733273968e+01
1.199129959631004133e-01	-7.004502920157044343e+00	-4.364755599132422503e+00	-6.185736490667440357e+00	7.792653212373847005e+00	9.974918915527723584e+00
8.491992350267868472e-02	-6.994860048279221587e+00	8.153297761023623025e+00	-6.146820314398762974e+00	7.760566438245179555e+00	-2.264637014490381262e+01
5.012760897581587660e-02	-6.925288878940578208e+00	1.929160540175234928e+01	-6.108462671749954609e+00	7.571872761762046267e+00	-5.190063230875284717e+01
1.581121905804777628e-02	-6.806682883597272138e+00	2.761574160978352666e+01	-6.071386762013603722e+00	7.253195083034955637e+00	-7.427002975900813908e+01
-1.782229292109347579e-02	-6.654600433199318488e+00	3.270611946481631094e+01	-6.036148870471707895e+00	6.842649770451427749e+00	-8.870444157669271590e+01
-5.064508574407775021e-02	-6.484472493366244983e+00	3.495892357710454235e+01	-6.003111128312438538e+00	6.378186124969991155e+00	-9.614058984462099033e+01
-8.259945970778843904e-02	-6.308654333926274838e+00	3.512837403825733418e+01	-5.972462666903146200e+00	5.890392904953969833e+00	-9.839213225132834850e+01
-1.136797278290937047e-01	-6.135619154297060618e+00	3.396829263591507697e+01	-5.944263195474541739e+00	5.400501762749785328e+00	-9.727934723892622060e+01
-1.439137062467913397e-01	-5.970444176621055199e+00	3.207065989182365229e+01	-5.918487690269779833e+00	4.921532408464893926e+00	-9.423584520364511263e+01
-1.733479790737134374e-01	-5.815722171789513339e+00	2.984117495238751872e+01	-5.895062075068201679e+00	4.460478996415324637e+00	-9.024735600146777870e+01
-2.020377026668329357e-01	-5.672419664217175139e+00	2.753328951481125841e+01	-5.873887990152813821e+00	4.020376452753165353e+00	-8.593255620339482448e+01
-2.300401941829421093e-01	-5.540524205545521497e+00	2.529329193576086254e+01	-5.854858438870104820e+00	3.601862803722717832e+00	-8.165111358292574550e+01
-2.574112076871162280e-01	-5.419479680073928662e+00	2.319841227741244438e+01	-5.837866939172339009e+00	3.204232789426420869e+00	-7.759523959273860783e+01
-2.842029564157942945e-01	-5.308459160392067666e+00	2.128375385937624742e+01	-5.822812441692349239e+00	2.826100870643297736e+00	-7.385450088632137522e+01
-3.104632011063258035e-01	-5.206527483440607895e+00	1.956005173796347663e+01	-5.809601650889032243e+00	2.465798619132050895e+00	-7.045863625310471434e+01
-3.362349627284723641e-01	-5.112733164416799703e+00	1.802461714875516918e+01	-5.798149814030180593e+00	2.121601534418247503e+00	-6.740401867413675063e+01
-3.615565766824334060e-01	-5.026157513959437217e+00	1.666790749123174464e+01	-5.788380662016326283e+00	1.791852189930963624e+00	-6.466961109519513684e+01
-3.864619239551372321e-01	-4.945938270979778117e+00	1.547737793481928747e+01	-5.780225901470077865e+00	1.475021304277264189e+00	-6.222638726890556882e+01
-4.109807400813699774e-01	-4.871278720245926230e+00	1.443961517270963668e+01	-5.773624500550206484e+00	1.169733120222961276e+00	-6.004261834846397505e+01
-4.351389476637008702e-01	-4.801448776627974091e+00	1.354150024839464095e+01	-5.768521902746018171e+00	8.747707059438787347e-01	-5.808681754816643661e+01
-4.589589826581744747e-01	-4.735781903262633818e+00	1.277077796184039471e+01	-5.764869244036275653e+00	5.890705171312546895e-01	-5.632924942195688800e+01
-4.824600998453033029e-01	-4.673670089680005191e+00	1.211629256633568730e+01	-5.762622611943267081e+00	3.117116171191638974e-01	-5.474262747434968901e+01
-5.056586510811620361e-01	-4.614558176594256267e+00	1.156803822621259314e+01	-5.761742365179205905e+00	4.190269470136126495e-02	-5.330235747319638762e+01
-5.285683351196562851e-01	-4.557938208208166309e+00	1.111710809669466471e+01	-5.762192519802615820e+00	-2.210314383256789805e-01	-5.198652782324977295e+01
-5.512004200640410190e-01	-4.503344172418854541e+00	1.075559644957957062e+01	-5.763940202181567329e+00	-4.776629588095974710e-01	-5.077577833271539021e+01
-5.735639408821133767e-01	-4.450347285677886511e+00	1.047648229037122292e+01	-5.766955165490065482e+00	-7.284733319495956261e-01	-4.965311556310746255e+01
-5.956658748402422487e-01	-4.398551878714513919e+00	1.027350808446999508e+01	-5.771209365268109792e+00	-9.738646195654835358e-01	-4.860370748094368309e+01
-6.175112978913871453e-01	-4.347591864592686761e+00	1.014106751779172555e+01	-5.776676588872557083e+00	-1.214169796148473424e+00	-4.761469056682540213e+01
-6.391035247684631049e-01	-4.297127756077047778e+00	1.007410012290893064e+01	-5.783332134143400083e+00	-1.449662104353759418e+00	-4.667498369805798575e+01
-6.604442354517896518e-01	-4.246844171555207659e+00	1.006799997994903606e+01	-5.791152532552493959e+00	-1.680563547405614200e+00	-4.577512593584094702e+01
-6.815335902587410510e-01	-4.196447768868885042e+00	1.011853612830554994e+01	-5.800115312828392433e+00	-1.907052611810326814e+00	-4.490713163461839486e+01
-7.023703355567914031e-01	-4.145665545354813020e+00	1.022178533901978881e+01	-5.810198801435809912e+00	-2.129271314877231980e+00	-4.406436436998001227e+01
-7.229519017751440124e-01	-4.094243445082939026e+00	1.037407625538708089e+01	-5.821381956749831943e+00	-2.347331662300073507e+00	-4.324142657511197285e+01
-7.432744950876506440e-01	-4.041945218582133847e+00	1.057194388323591738e+01	-5.833644234203441137e+00	-2.561321589089243567e+00	-4.243406228819048920e+01
-7.633331839151606957e-01	-3.988551484070014475e+00	1.081209518208765985e+01	-5.846965479964550738e+00	-2.771310447287448575e+00	-4.163907497484342457e+01
-7.831219814394068113e-01	-3.933858938759313695e+00	1.109138009193884500e+01	-5.861325850628778866e+00	-2.977354105862939360e+00	-4.085424585836994993e+01
-8.026339237441185714e-01	-3.877679695272767901e+00	1.140677665079033432e+01	-5.876705758420452064e+00	-3.179499659083199425e+00	-4.007827511900518402e+01
-8.218611457890290239e-01	-3.819840677401017626e+00	1.175537321473802876e+01	-5.893085837895129409e+00	-3.377789853251353946e+00	-3.931070530476199565e+01
-8.407949536316661199e-01	-3.760183071825827561e+00	1.213437193780850976e+01	-5.910446935062905638e+00	-3.572267175911169268e+00	-3.855188353805465340e+01
-8.594258944653319077e-01	-3.698561782100307838e+00	1.254107999720372391e+01	-5.928770115556640796e+00	-3.762977699366071072e+00	-3.780288906398618565e+01
-8.777438238711028351e-01	-3.634844865481598131e+00	1.297292373982941172e+01	-5.948036691530243836e+00	-3.949974662467550690e+00	-3.706550106435224734e+01
-8.957379697407985564e-01	-3.568912941497185631e+00	1.342745226384340640e+01	-5.968228266145574779e+00	-4.133321809173795103e+00	-3.634214153649054424e+01
-9.133969938324949522e-01	-3.500658521954459701e+00	1.390235482143179979e+01	-5.989326793639750512e+00	-4.313096528024110476e+00	-3.563584111792670228e+01
-9.307090489391474097e-01	-3.429985285620771318e+00	1.439547776501603948e+01	-6.011314655210907354e+00	-4.489392776113490413e+00	-3.495019817637285087e+01
-9.476618330101141963e-01	-3.356807238675074689e+00	1.490484151369832944e+01	-6.034174748471921035e+00	-4.662323843048817196e+00	-3.428934801199466165e+01
-9.642426382095927728e-01	-3.281047786728739535e+00	1.542866783825411403e+01	-6.057890590758415073e+00	-4.832024953556220304e+00	-3.365793322545141564e+01
-9.804383954062450002e-01	-3.202638681708934953e+00	1.596539795212061108e+01	-6.082446434937610391e+00	-4.998655756338949985e+00	-3.306108575883399681e+01
-9.962357129706624903e-01	-3.121518847087981108e+00	1.651372304669848745e+01	-6.107827397343770670e+00	-5.162402715221985794e+00	-3.250440956291822658e+01
-1.011620909243883926e+00	-3.037633078165340894e+00	1.707260851620617359e+01	-6.134019598128502615e+00	-5.323481468862860666e+00	-3.199397604477417190e+01
-1.026580038863564415e+00	-2.950930577603649851e+00	1.764132608923637235e+01	-6.161010311179476062e+00	-5.482139122030015521e+00	-3.153632033298526949e+01
-1.041098910177620240e+00	-2.861363398146647086e+00	1.821947163717072726e+01	-6.188788129680299122e+00	-5.638656686800483264e+00	-3.113847746162900876e+01
-1.055163095558904418e+00	-2.768884695310533495e+00	1.880701098250074210e+01	-6.217343139405042685e+00	-5.793351500825890454e+00	-3.080796760272141910e+01
-1.068757932258257215e+00	-2.673446849201870812e+00	1.940429487465962666e+01	-6.246667108169293492e+00	-5.946579883689906865e+00	-3.055288295292893963e+01
-1.081868513489293138e+00	-2.574999433127644455e+00	2.001210218885057657e+01	-6.276753687015864891e+00	-6.098739974509173933e+00	-3.038188247634161598e+01
-1.094479669141938061e+00	-2.473487023832505738e+00	2.063165860408253138e+01	-6.307598626017783872e+00	-6.250274831304769130e+00	-3.030430985558496104e+01
-1.106575934773765812e+00	-2.368846875045702571e+00	2.126467785617319350e+01	-6.339200009474053488e+00	-6.401675957259576499e+00	-3.033022277079180640e+01
-1.118141509203372186e+00	-2.261006424610374488e+00	2.191337660626481920e+01	-6.371558503354681768e+00	-6.553487106841970444e+00	-3.047050672316936470e+01
-1.129160198813732086e+00	-2.149880712841552022e+00	2.258051236588244137e+01	-6.404677632663955400e+00	-6.706308670848081022e+00	-3.073696517619782753e+01
-1.139615348834613684e+00	-2.035369630159408860e+00	2.326938102770282057e+01	-6.438564069690138503e+00	-6.860802461633674909e+00	-3.114239046086868257e+01
-1.149489761453060144e+00	-1.917355279673714108e+00	2.398382936641689867e+01	-6.473227959591553393e+00	-7.017696825904617519e+00	-3.170067192838450865e+01
-1.158765598459460699e+00	-1.795699092095634386e+00	2.472824673589877875e+01	-6.508683262574422201e+00	-7.177792515028430742e+00	-3.242685629721609075e+01
-1.167424273974803084e+00	-1.670239600967807103e+00	2.550742839876818380e+01	-6.544948131506216349e+00	-7.341967846336842740e+00	-3.333700025019516033e+01
-1.175446333703122237e+00	-1.540790367567159258e+00	2.632652388513417918e+01	-6.582045311834675339e+00	-7.511184065695268863e+00	-3.444816508686244561e+01
-1.182811327063617135e+00	-1.407138920815237393e+00	2.719075256974747390e+01	-6.620002566499453067e+00	-7.686489251572526271e+00	-3.577796561204468162e+01
-1.189497677758976524e+00	-1.269047333559206070e+00	2.810499217981453057e+01	-6.658853114266856998e+00	-7.869019470493577195e+00	-3.734383829004218569e+01
-1.195482563421494726e+00	-1.126255488928867621e+00	2.907309425308903883e+01	-6.698636062264528235e+00	-8.059994907017992816e+00	-3.916171632593204777e+01
-1.200741821537963494e+00	-9.784887388120413476e-01	3.009677467607008339e+01	-6.739396799398178040e+00	-8.260707216743600867e+00	-4.124375754738866817e+01
-1.205249910042441197e+00	-8.254726092844216767e-01	3.117385805205356064e+01	-6.781187292497016905e+00	-8.472492120906297330e+00	-4.359460357069383463e+01
-1.208979966504912351e+00	-6.669585313395370862e-01	3.229553708490720965e+01	-6.824066191377819557e+00	-8.696678118583488271e+00	-4.620536317571168183e+01
-1.211904036456773470e+00	-5.027667469745799034e-01	3.344215499401497027e+01	-6.868098587860233195e+00	-8.934496997796653517e+00	-4.904413348245452653e+01
-1.213993575479025644e+00	-3.328550488590901191e-01	3.457693051081514568e+01	-6.913355193081016203e+00	-9.186935684676583946e+00	-5.204162424353489769e+01
-1.215220384405928167e+00	-1.574257118162818436e-01	3.563683270030821859e+01	-6.959910568047717128e+00	-9.454499795440169052e+00	-5.506989445621820778e+01
-1.215558206358831272e+00	2.291374815714357360e-02	3.652008991349826772e+01	-7.007839873822304888e+00	-9.736850676048467434e+00	-5.791275709959973028e+01
-1.214985296444947238e+00	2.069192007196862249e-01	3.707060159011099643e+01	-7.057213404249593758e+00	-1.003227355638933638e+01	-6.022813587469136110e+01
-1.213488348700663355e+00	3.923975355492513306e-01	3.706193680760941334e+01	-7.108087971164898100e+00	-1.033694739514913685e+01	-6.150818242188051954e+01
-1.211068165170282374e+00	5.758271588544567887e-01	3.618843929592333097e+01	-7.160494179954852711e+00	-1.064404142117387053e+01	-6.105436109121819754e+01
-1.207747259695399089e+00	7.519819245624572712e-01	3.407915555714765787e+01	-7.214419042253382486e+00	-1.094279478763391467e+01	-5.800422808468374569e+01
-1.203579002719898261e+00	9.137282722690038828e-01	3.035767813555946759e+01	-7.269784703699222028e+00	-1.121796991906622587e+01	-5.146490857834578492e+01
-1.198656774554408333e+00	1.052279841406753569e+00	2.476708237247396482e+01	-7.326426713914697686e+00	-1.145034615746351747e+01	-4.080043851750633621e+01
-1.193120035736755735e+00	1.158219099490022330e+00	1.734371607683578986e+01	-7.384078953201703932e+00	-1.161899318129088421e+01	-2.603789044451877999e+01
-1.187153139094406118e+00	1.223353663494225918e+00	8.556120892063177052e+00	-7.442374975550499094e+00	-1.170550938251160744e+01	-8.197630565075087361e+00
-1.180973675310859283e+00	1.242913092125476515e+00	-7.190435436409643444e-01	-7.500873399942033615e+00	-1.169909320320019219e+01	1.075436663618074817e+01
-1.174811074441512337e+00	1.217067805723619500e+00	-9.439879867648528489e+00	-7.559105867544053226e+00	-1.160007213021134120e+01	2.846647652335741441e+01
-1.168881290555633834e+00	1.150889992567992515e+00	-1.674458889578886556e+01	-7.616634136495268770e+00	-1.141982422010390863e+01	4.300240164502156404e+01
-1.163365757571969361e+00	1.052778281267729543e+00	-2.218607569462369611e+01	-7.673097334972797334e+00	-1.117714014735823191e+01	5.338291849954111967e+01
-1.158400251243087986e+00	9.322529140952459104e-01	-2.574670569323808422e+01	-7.728236366103869770e+00	-1.089314837533256863e+01	5.961357590919033100e+01
-1.154074160283892647e+00	7.981262737811353203e-01	-2.769518639548346073e+01	-7.781894452004060270e+00	-1.058714558356956559e+01	6.234640727229816548e+01
-1.150436852627788165e+00	6.575155739002236377e-01	-2.841347164389588897e+01	-7.834001652752902167e+00	-1.027440185207169598e+01	6.247665468779814546e+01
-1.147506972304109807e+00	5.156131769893745886e-01	-2.827441608610621415e+01	-7.884553064081658569e+00	-9.965719252989446275e+00	6.086204136085052596e+01
-1.145281635348483817e+00	3.759019450123280426e-01	-2.758408016057333612e+01	-7.933587654353862817e+00	-9.668000239149090902e+00	5.819436814178789064e+01
-1.143744046760791111e+00	2.405351264391260846e-01	-2.656907246240623977e+01	-7.981171038465392442e+00	-9.385169914195159890e+00	5.497551160965394956e+01
-1.142869174736043547e+00	1.107156989342647779e-01	-2.538588359704672826e+01	-8.027382901218150124e+00	-9.119073279475250260e+00	5.154311650216550333e+01
-1.142627687143793036e+00	-1.299269640964488548e-02	-2.413697549793828045e+01	-8.072308494102072629e+00	-8.870197438696514780e+00	4.811044870916339278e+01
-1.142988538630183903e+00	-1.304357411689170410e-01	-2.288629553733317579e+01	-8.116033240729574771e+00	-8.638196674380498763e+00	4.480369806668750243e+01
-1.143920589789018338e+00	-2.417085049903414662e-01	-2.167166077230469057e+01	-8.158639532748306777e+00	-8.422250581309535633e+00	4.169121066795923980e+01
-1.145393568155818276e+00	-3.470488170632222702e-01	-2.051376180537769756e+01	-8.200204984152332344e+00	-8.221297367398884504e+00	3.880439627865143848e+01
-1.147378596639067938e+00	-4.467684663350437457e-01	-1.942242435560240210e+01	-8.240801619767303521e+00	-8.034179958672103439e+00	3.615204186414530341e+01
-1.149848446563833226e+00	-5.412100094797548389e-01	-1.840074847024322935e+01	-8.280495638430711125e+00	-7.859734074209956844e+00	3.372959517471872459e+01
-1.152777620030703165e+00	-6.307205514469911289e-01	-1.744783802057702360e+01	-8.319347515631685397e+00	-7.696838583935154077e+00	3.152516118176936288e+01
-1.156142330986991595e+00	-7.156364453478707421e-01	-1.656053456993748796e+01	-8.357412293013272375e+00	-7.544442179283540106e+00	2.952320723719640228e+01
-1.159920428375428969e+00	-7.962749797721234701e-01	-1.573451443511578418e+01	-8.394739961944750917e+00	-7.401575328870075410e+00	2.770682837577260216e+01
-1.164091289622944725e+00	-8.729303958169233324e-01	-1.496497119862772252e+01	-8.431375882648159958e+00	-7.267353485954554770e+00	2.605909093149148248e+01
-1.168635701295124507e+00	-9.458725849539171282e-01	-1.424701565792020119e+01	-8.467361205720006723e+00	-7.140975171715719050e+00	2.456376205825790748e+01
-1.173535737713323313e+00	-1.015347332393392144e+00	-1.357591802734742714e+01	-8.502733276147006691e+00	-7.021717376961555956e+00	2.320570648494458510e+01
-1.178774643094208985e+00	-1.081577472705239629e+00	-1.294723537581046457e+01	-8.537526010824537437e+00	-6.908929592348206583e+00	2.197104834227093306e+01
-1.184336720795412079e+00	-1.144764501943079216e+00	-1.235687404777331722e+01	-8.571770244779692405e+00	-6.802027385450275965e+00	2.084720648197435366e+01
-1.190207231206747096e+00	-1.205090380990576193e+00	-1.180110762878098285e+01	-8.605494045206198095e+00	-6.700486023654605994e+00	1.982284877108895671e+01
-1.196372298800757017e+00	-1.262719385973799291e+00	-1.127658049557726372e+01	-8.638722994166089464e+00	-6.603834393824026705e+00	1.888782354043951273e+01
-1.202818828281611685e+00	-1.317799893088351881e+00	-1.078028012774598210e+01	-8.671480442332711647e+00	-6.511649386108864235e+00	1.803305081404732846e+01
-1.209534429234730091e+00	-1.370466057754009981e+00	-1.030951949146879087e+01	-8.703787736384821727e+00	-6.423550779283563550e+00	1.725041877404919433e+01
-1.216507349100720559e+00	-1.420839367246111040e+00	-9.861907932083568085e+00	-8.735664421238737987e+00	-6.339196644449500262e+00	1.653268447524123985e+01
-1.223726413588381856e+00	-1.469030055224246345e+00	-9.435324443182366849e+00	-8.767128420517485310e+00	-6.258279240885193495e+00	1.587338447592856028e+01
-1.231180973743030815e+00	-1.515138371956675334e+00	-9.027890455113947610e+00	-8.798196197963561005e+00	-6.180521378064453231e+00	1.526674384992293199e+01
-1.238860858922438357e+00	-1.559255728093561277e+00	-8.637941903074079164e+00	-8.828882901992786358e+00	-6.105673181948801265e+00	1.470758963922935436e+01
-1.246756335265786220e+00	-1.601465714977596599e+00	-8.264010995670673765e+00	-8.859202494778172010e+00	-6.033509241810397050e+00	1.419129616995678589e+01
-1.254858067550898015e+00	-1.641845046613987114e+00	-7.904798147075666748e+00	-8.889167871975347524e+00	-5.963825986084994035e+00	1.371370427765123168e+01
-1.263157090741176214e+00	-1.680464280911422303e+00	-7.559147813912886704e+00	-8.918790955405667020e+00	-5.896439721250161803e+00	1.327104441277515434e+01
-1.271644777104731228e+00	-1.717388626573441490e+00	-7.226058582858854606e+00	-8.948082798382801073e+00	-5.831184386947397158e+00	1.285997865418266883e+01
-1.280312812763492625e+00	-1.752678540141972441e+00	-6.904637658404794820e+00	-8.977053664607879568e+00	-5.767909936922754888e+00	1.247746331292682953e+01
-1.289153174854947626e+00	-1.786390304358962400e+00	-6.594098260637224485e+00	-9.005713105611089730e+00	-5.706480733186054977e+00	1.212074541894935464e+01
-1.298158112509190110e+00	-1.818576516427965917e+00	-6.293750449895355814e+00	-9.034070028096747862e+00	-5.646774219661551797e+00	1.178733882390361032e+01
-1.307320129482825388e+00	-1.849286533119329778e+00	-6.002986695372214854e+00	-9.062132756469683414e+00	-5.588679689670308370e+00	1.147498601144070562e+01
-1.316631968655104012e+00	-1.878566866282631365e+00	-5.721272443321822720e+00	-9.089909089544086385e+00	-5.532097183401393004e+00	1.118163309363217195e+01
-1.326086598915522830e+00	-1.906461527406591916e+00	-5.448139748709991181e+00	-9.117406351559116828e+00	-5.476936520955931975e+00	1.090541493409773466e+01
-1.335677203454988193e+00	-1.933012334114033504e+00	-5.183178124934556763e+00	-9.144631438783514810e+00	-5.423116428993102645e+00	1.064463110486849473e+01
-1.345397169386223002e+00	-1.958259183212489596e+00	-4.926026109482563697e+00	-9.171590862236486785e+00	-5.370563750210112453e+00	1.039772473008633824e+01
-1.355240079149018007e+00	-1.982240280723991610e+00	-4.676369393051686529e+00	-9.198290785473208331e+00	-5.319212763269897337e+00	1.016327929989301992e+01
-1.365199701881115057e+00	-2.004992369694166943e+00	-4.433934352109417887e+00	-9.224737061889838330e+00	-5.269004496425764295e+00	9.940003376095774001e+00
-1.375269986948936651e+00	-2.026550906759394532e+00	-4.198477856382510254e+00	-9.250935266119856948e+00	-5.219886173959042530e+00	9.726702956728331628e+00
-1.385445058256987938e+00	-2.046950217666431371e+00	-3.969791775059093197e+00	-9.276890722747207718e+00	-5.171810712842808577e+00	9.522297930935110344e+00
-1.395719208481567497e+00	-2.066223652640798214e+00	-3.747690939394487941e+00	-9.302608534926948280e+00	-5.124736207975990609e+00	9.325787350155223976e+00
-1.406086894871200865e+00	-2.084403699930263976e+00	-3.532016345035117411e+00	-9.328093608117944413e+00	-5.078625532542917931e+00	9.136262627246196644e+00
-1.416542734954501004e+00	-2.101522102612039866e+00	-3.322627228740202554e+00	-9.353350673691545936e+00	-5.033445912096929042e+00	8.952885871168291487e+00
-1.427081503202177748e+00	-2.117609947231124945e+00	-3.119401526832007221e+00	-9.378384309157988596e+00	-4.989168574924881305e+00	8.774892746513160091e+00
-1.437698127873324294e+00	-2.132697747865415216e+00	-2.922231471721033813e+00	-9.403198957694419491e+00	-4.945768408320931897e+00	8.601581060021089797e+00
-1.448387688415239127e+00	-2.146815514349810883e+00	-2.731022663748035484e+00	-9.427798945527209540e+00	-4.903223653264180193e+00	8.432309740954679000e+00
-1.459145413042249650e+00	-2.159992811826427328e+00	-2.545691091592971134e+00	-9.452188497968910141e+00	-4.861515617779186726e+00	8.266491016644977208e+00
-1.469966676646289550e+00	-2.172258810425591324e+00	-2.366162341288145399e+00	-9.476371754049907281e+00	-4.820628414433310915e+00	8.103589183266194595e+00
-1.480846998947087378e+00	-2.183642327208501932e+00	-2.192369217296118222e+00	-9.500352779935152370e+00	-4.780548715788222935e+00	7.943114399144633353e+00
-1.491782042813416309e+00	-2.194171860573902677e+00	-2.024251030741424984e+00	-9.524135581128440720e+00	-4.741265528637055304e+00	7.784621186568983831e+00
-1.502767612788522333e+00	-2.203875617465320236e+00	-1.861751754441684170e+00	-9.547724113517075395e+00	-4.702769986483854581e+00	7.627703519069200411e+00
-1.513799653606118234e+00	-2.212781537470692061e+00	-1.704820156167215828e+00	-9.571122293664176439e+00	-4.665055149950728008e+00	7.471995270073875872e+00
-1.524874248788141262e+00	-2.220917312274976130e+00	-1.553407539050795094e+00	-9.594334008195678720e+00	-4.628115819952913768e+00	7.317163970347792201e+00
-1.535987619826810757e+00	-2.228310391142652502e+00	-1.407466404689557748e+00	-9.617363121335385401e+00	-4.591948389375128059e+00	7.162906970133462892e+00
-1.547136124695316584e+00	-2.234987996415033429e+00	-1.266952645931269217e+00	-9.640213483023401864e+00	-4.556550669600946790e+00	7.008956903554008022e+00
-1.558316256662853894e+00	-2.240977130656835126e+00	-1.131821895497751029e+00	-9.662888935769300858e+00	-4.521921741609027379e+00	6.855071491831495223e+00
-1.569524643560090693e+00	-2.246304572589760351e+00	-1.002029884146168115e+00	-9.685393320017045227e+00	-4.488061839310162782e+00	6.701033827689116151e+00
-1.580758046332293887e+00	-2.250996884851025559e+00	-8.775335845982681349e-01	-9.707730480171626652e+00	-4.454972205975737509e+00	6.546654526322981837e+00
-1.592013357993177003e+00	-2.255080411868321644e+00	-7.582883200609558116e-01	-9.729904269282592111e+00	-4.422654979540628695e+00	6.391763959257332317e+00
-1.603287602785190780e+00	-2.258581271969186677e+00	-6.442490796998754377e-01	-9.751918552761654979e+00	-4.391113095106957687e+00	6.236214195811953687e+00
-1.614577934734018783e+00	-2.261525359438823379e+00	-5.353705683812677307e-01	-9.773777212634872313e+00	-4.360350171273322140e+00	6.079878019865191163e+00
-1.625881636622520166e+00	-2.263938337274669532e+00	-4.316052981932898547e-01	-9.795484150559909509e+00	-4.330370421344383658e+00	5.922644032275002246e+00
-1.637196118967615410e+00	-2.265845628793520028e+00	-3.329053103198020835e-01	-9.817043290393060673e+00	-4.301178572196374894e+00	5.764418767680581368e+00
-1.648518918578369297e+00	-2.267272415717286549e+00	-2.392214855060501577e-01	-9.838458580866387138e+00	-4.272779776860894607e+00	5.605124214032457530e+00
-1.659847697454855053e+00	-2.268243628855985961e+00	-1.505024464242978866e-01	-9.859733997342249978e+00	-4.245179545956470513e+00	5.444694969539796148e+00
-1.671180241553029466e+00	-2.268783940586361236e+00	-6.669633384103690332e-02	-9.880873543363106748e+00	-4.218383681941407559e+00	5.283079723010814632e+00
-1.682514459347520086e+00	-2.268917761051273629e+00	1.225017164688324556e-02	-9.901881252174906223e+00	-4.192398213738979251e+00	5.120238653918022464e+00
-1.693848380619498162e+00	-2.268669228960647377e+00	8.639231261417990027e-02	-9.922761187536924155e+00	-4.167229344364264065e+00	4.956141815243427118e+00
-1.705180155067238523e+00	-2.268062205822318322e+00	1.557858042367570306e-01	-9.943517444494240465e+00	-4.142883399837869796e+00	4.790769737252503546e+00
-1.716508050833490229e+00	-2.267120271717134816e+00	2.204877150327320123e-01	-9.964154149990337217e+00	-4.119366781715139147e+00	4.624111360067672649e+00
-1.727830453177630066e+00	-2.265866717544212428e+00	2.805565344788192306e-01	-9.984675462977140370e+00	-4.096685928387642228e+00	4.456163017257267711e+00
-1.739145862977554025e+00	-2.264324541378665234e+00	3.360510974298449582e-01	-1.000508557458879544e+01	-4.074847277441975280e+00	4.286928443793385668e+00
-1.750452895231669803e+00	-2.262516444841843999e+00	3.870313961176634621e-01	-1.002538870809964067e+01	-4.053857232716448600e+00	4.116417158071726590e+00
-1.761750277654624552e+00	-2.260464826815170358e+00	4.335581962861851935e-01	-1.004558911848457647e+01	-4.033722137895611404e+00	3.944643904114172983e+00
-1.773036849064706377e+00	-2.258191783715408185e+00	4.756920993311268830e-01	-1.006569109228724024e+01	-4.014448249420824233e+00	3.771628518106354022e+00
-1.784311557835208673e+00	-2.255719108161459374e+00	5.134940003415522369e-01	-1.008569894720222138e+01	-3.996041714649215759e+00	3.597394795802756562e+00
-1.795573460404059407e+00	-2.253068286200665238e+00	5.470263585066277301e-01	-1.010561703138934497e+01	-3.978508554770745498e+00	3.421968907508471602e+00
-1.806821719946226645e+00	-2.250260489803584285e+00	5.763511078159808676e-01	-1.012544972227421169e+01	-3.961854654494068040e+00	3.245380118880120790e+00
-1.818055604558324712e+00	-2.247316586113697667e+00	6.015293030725388235e-01	-1.014520142655828572e+01	-3.946085743746605701e+00	3.067660374853858229e+00
-1.829274485779497583e+00	-2.244257136604540293e+00	6.226219856782790885e-01	-1.016487657932469268e+01	-3.931207389397601837e+00	2.888843096660139054e+00
-1.840477837100372938e+00	-2.241102395937515812e+00	6.396912724478625023e-01	-1.018447964298638553e+01	-3.917224990101033644e+00	2.708961897011477049e+00
-1.851665232478687750e+00	-2.237872311337072428e+00	6.527974286118478631e-01	-1.020401510619243446e+01	-3.904143773548306662e+00	2.528051982495071570e+00
-1.862836344736901628e+00	-2.234586531288560884e+00	6.620002018319155468e-01	-1.022348748353041969e+01	-3.891968790116301591e+00	2.346148780595740391e+00
-1.873990944089278576e+00	-2.231264407393612981e+00	6.673586972481189150e-01	-1.024290131453812513e+01	-3.880704913390429223e+00	2.163287574704327199e+00
-1.885128896688608169e+00	-2.227924994951152371e+00	6.689323365840209590e-01	-1.026226116243906006e+01	-3.870356843570819105e+00	1.979502492498795618e+00
-1.896250163164248326e+00	-2.224587057936011192e+00	6.667782577569596469e-01	-1.028157161336202563e+01	-3.860929110016246391e+00	1.794827789652799765e+00
-1.907354797169369398e+00	-2.221269076604358794e+00	6.609529432546423777e-01	-1.030083727584579378e+01	-3.852426073847603050e+00	1.609296491777058691e+00
-1.918442943984300042e+00	-2.217989251787809923e+00	6.515119105652047438e-01	-1.032006277991962051e+01	-3.844851934237067503e+00	1.422940224731746639e+00
-1.929514839084166322e+00	-2.214765507996201421e+00	6.385099729361627396e-01	-1.033925277594844339e+01	-3.838210737853160470e+00	1.235788666728694807e+00
-1.940570806821545702e+00	-2.211615501160328900e+00	6.220000313401214953e-01	-1.035841193417185657e+01	-3.832506385023624951e+00	1.047870503334479508e+00
-1.951611259120240804e+00	-2.208556625486053804e+00	6.020339066624273983e-01	-1.037754494412001627e+01	-3.827742637904581802e+00	8.592123962378082069e-01
-1.962636694171733698e+00	-2.205606019380636607e+00	5.786623275241709052e-01	-1.039665651388708056e+01	-3.823923130564316875e+00	6.698387700228067843e-01
-1.973647695077576758e+00	-2.202780570143735073e+00	5.519347948807080684e-01	-1.041575136909262866e+01	-3.821051381440164096e+00	4.797718412810354494e-01
-1.984644928724926372e+00	-2.200096922537253530e+00	5.218991362387441768e-01	-1.043483425278539833e+01	-3.819130801669901931e+00	2.890320656222229445e-01
-1.995629144591476445e+00	-2.197571485334609331e+00	4.886019396963092731e-01	-1.045390992492574966e+01	-3.818164706222532345e+00	9.763756273105173022e-02
-2.006601173552683637e+00	-2.195220437582335649e+00	4.520886841080482554e-01	-1.047298316184006595e+01	-3.818156325741261625e+00	-9.439618508781677519e-02
-2.017561926658518523e+00	-2.193059734230485613e+00	4.124034319022484851e-01	-1.049205875555798784e+01	-3.819108819495239615e+00	-2.870557675394138641e-01
-2.028512394175993716e+00	-2.191105113827991779e+00	3.695888993606786244e-01	-1.051114151388777351e+01	-3.821025284476060602e+00	-4.803298839394756214e-01
-2.039453644504016339e+00	-2.189372104434906152e+00	3.236866207796538220e-01	-1.053023626007737867e+01	-3.823908767030861799e+00	-6.742094935059412819e-01
-2.050386823070594389e+00	-2.187876029024629077e+00	2.747372285557503346e-01	-1.054934783243077412e+01	-3.827762274399685083e+00	-8.686880282107267703e-01
-2.061313151276078948e+00	-2.186632010638640100e+00	2.227800580340044689e-01	-1.056848108402053477e+01	-3.832588785674817533e+00	-1.063760639098290994e+00
-2.072233925651979725e+00	-2.185654978338868126e+00	1.678535108476353344e-01	-1.058764088290927852e+01	-3.838391260522475257e+00	-1.259424453982319392e+00
-2.083150516874255676e+00	-2.184959671513974300e+00	1.099951850451361679e-01	-1.060683211200356979e+01	-3.845172648820078809e+00	-1.455678393590460473e+00
-2.094064368618257177e+00	-2.184560642459995261e+00	4.924231843256166030e-02	-1.062605966862038009e+01	-3.852935899412549325e+00	-1.652523065127070367e+00
-2.104976996782359944e+00	-2.184472260484647599e+00	-1.436899334498775715e-02	-1.064532846478533834e+01	-3.861683967339230250e+00	-1.849960314744976131e+00
-2.115889988734288796e+00	-2.184708715288891323e+00	-8.080291739111089555e-02	-1.066464342758121653e+01	-3.871419819980731702e+00	-2.047993191679552183e+00
-2.126805002396229938e+00	-2.185284018402136930e+00	-1.500239252532082901e-01	-1.068400949918512310e+01	-3.882146442302274902e+00	-2.246625637922761598e+00
-2.137723765435364687e+00	-2.186212004291179678e+00	-2.219965521733229252e-01	-1.070343163712222712e+01	-3.893866840614533587e+00	-2.445862175663251037e+00
-2.148648073805182079e+00	-2.187506325541842767e+00	-2.966832368672385201e-01	-1.072291481329546592e+01	-3.906584042898904041e+00	-2.645706833238136824e+00
-2.159579790783767272e+00	-2.189180450595289429e+00	-3.740482748041813466e-01	-1.074246401397482131e+01	-3.920301098862120970e+00	-2.846164407953438058e+00
-2.170520846950976246e+00	-2.191247667271055022e+00	-4.540546455682488158e-01	-1.076208424158902943e+01	-3.935021080859956832e+00	-3.047238958653451846e+00
-2.181473238935893733e+00	-2.193721075847070434e+00	-5.366643201684837550e-01	-1.078178051419254224e+01	-3.950747079322415090e+00	-3.248933619266836104e+00
-2.192439028561397052e+00	-2.196613583762103250e+00	-6.218380718376010918e-01	-1.080155786570642462e+01	-3.967482197227610641e+00	-3.451250198954767257e+00
-2.203420341415616157e+00	-2.199937893125104793e+00	-7.095319816141909541e-01	-1.082142134521454935e+01	-3.985229534951889363e+00	-3.654184630142708556e+00
-2.214419365108080573e+00	-2.203706483578079300e+00	-7.997027307071675750e-01	-1.084137601574992260e+01	-4.003992168707256383e+00	-3.857733621201532515e+00
-2.225438349730041399e+00	-2.207931615904391354e+00	-8.923045092581105564e-01	-1.086142695681189352e+01	-4.023773154928714568e+00	-4.061890603343726980e+00
-2.236479606220345584e+00	-2.212625312903570673e+00	-9.872881493181466794e-01	-1.088157926338185000e+01	-4.044575505090775458e+00	-4.266644507944192810e+00
-2.247545505232070084e+00	-2.217799343689330183e+00	-1.084601176480191498e+00	-1.090183804580554749e+01	-4.066402164291683441e+00	-4.471979708300978018e+00
-2.258638475522551925e+00	-2.223465200081084170e+00	-1.184183208672493492e+00	-1.092220842889617316e+01	-4.089255976811307924e+00	-4.677868424203097675e+00
-2.269761001052104987e+00	-2.229634054386470776e+00	-1.285970609079640781e+00	-1.094269554888426654e+01	-4.113139620982690481e+00	-4.884278472344249167e+00
-2.280915621643540003e+00	-2.236316762418960824e+00	-1.389896941451297607e+00	-1.096330455640522139e+01	-4.138055619248522277e+00	-5.091174055607098126e+00
-2.292104930804174767e+00	-2.243523827456694875e+00	-1.495888305559446962e+00	-1.098404061472610849e+01	-4.164006283616991766e+00	-5.298508061858228757e+00
-2.303331573925436970e+00	-2.251265367431563469e+00	-1.603864207466585867e+00	-1.100490889863951338e+01	-4.190993666643554327e+00	-5.506223540869086719e+00
-2.314598246254938374e+00	-2.259551076958151050e+00	-1.713733644340209139e+00	-1.102591459300754018e+01	-4.219019503311690400e+00	-5.714246561786239909e+00
-2.325907688839518261e+00	-2.268390157661798856e+00	-1.825393915325548733e+00	-1.104706288794126756e+01	-4.248085094558788022e+00	-5.922484169844210555e+00
-2.337262687638342662e+00	-2.277791293803784090e+00	-1.938737436215205889e+00	-1.106835897931508228e+01	-4.278191276345702398e+00	-6.130837303743192024e+00
-2.348666070678482320e+00	-2.287762597197609438e+00	-2.053643214564544905e+00	-1.108980806603813640e+01	-4.309338332280920447e+00	-6.339185056704991439e+00
-2.360120704850701134e+00	-2.298311545124642308e+00	-2.169978284976878058e+00	-1.111141534673020814e+01	-4.341525893740665332e+00	-6.547387165880991233e+00
-2.371629492909850700e+00	-2.309444920154662739e+00	-2.287596670887978689e+00	-1.113318601652245476e+01	-4.374752840918173291e+00	-6.755282142479700269e+00
-2.383195369738042579e+00	-2.321168736155564183e+00	-2.406336822334196768e+00	-1.115512526308114793e+01	-4.409017185146383966e+00	-6.962683720560107759e+00
-2.394821298530707132e+00	-2.333488161891707158e+00	-2.526021587456853013e+00	-1.117723826231615192e+01	-4.444315944560944587e+00	-7.169379992415542802e+00
-2.406510266485575755e+00	-2.346407435547391174e+00	-2.646453273027873365e+00	-1.119953017324114342e+01	-4.480645002503509389e+00	-7.375123807652926189e+00
-2.418265277880494057e+00	-2.359929739202078824e+00	-2.767410496378943208e+00	-1.122200612839392697e+01	-4.517998884238018320e+00	-7.579626622326941288e+00
-2.430089350465461706e+00	-2.374057119571910679e+00	-2.888656679686164352e+00	-1.124467123002209412e+01	-4.556370634231359240e+00	-7.782577012858382659e+00
-2.441985509664658327e+00	-2.388790374851621490e+00	-3.009929028890155678e+00	-1.126753054252535158e+01	-4.595751624342381270e+00	-7.983617886119645846e+00
-2.453956781809201182e+00	-2.404128926490235685e+00	-3.130938233481401767e+00	-1.129058908321331955e+01	-4.636131332085845713e+00	-8.182345529666235961e+00
-2.466006185583417665e+00	-2.420070675970663832e+00	-3.251365761908573404e+00	-1.131385180941193802e+01	-4.677497080610840463e+00	-8.378303788753783010e+00
-2.478136725317044320e+00	-2.436611865683816269e+00	-3.370864687113908076e+00	-1.133732360975687570e+01	-4.719833805031727003e+00	-8.570989412750350311e+00
-2.490351382542276504e+00	-2.453746922095814575e+00	-3.489054701651411960e+00	-1.136100929208217991e+01	-4.763123777308660323e+00	-8.759839296090376592e+00
-2.502653106420976936e+00	-2.471468284971872986e+00	-3.605519999780199214e+00	-1.138491356917836939e+01	-4.807346300602411304e+00	-8.944225162095335691e+00
-2.515044801936570096e+00	-2.489766220753999004e+00	-3.719806330037499720e+00	-1.140904103980017936e+01	-4.852477350113033161e+00	-9.123445716661535698e+00
-2.527529319873022651e+00	-2.508628630296220852e+00	-3.831419975629614783e+00	-1.143339617425237797e+01	-4.898489240843137971e+00	-9.296733073535961012e+00
-2.540109444835394914e+00	-2.528040840073924933e+00	-3.939823568381598307e+00	-1.145798329593812248e+01	-4.945350247046918390e+00	-9.463237062350344786e+00
-2.552787881783511903e+00	-2.547985380411968759e+00	-4.044436390953933369e+00	-1.148280655997777444e+01	-4.993024187419403681e+00	-9.622024855835206836e+00
-2.565567239736274541e+00	-2.568441784383553639e+00	-4.144635057322830107e+00	-1.150786992586158952e+01	-5.041470019871117536e+00	-9.772078512719417631e+00
-2.578450017468540967e+00	-2.589386320195833147e+00	-4.239737988277283876e+00	-1.153317713516429244e+01	-5.090641353707280103e+00	-9.912276163642218307e+00
-2.591438586877444106e+00	-2.610791728474031181e+00	-4.329013263358319819e+00	-1.155873168446260735e+01	-5.140485950012716465e+00	-1.004139646014709797e+01
-2.604535174507631723e+00	-2.632626959349903206e+00	-4.411679080994417745e+00	-1.158453679451223728e+01	-5.190945206955149160e+00	-1.015811890399481854e+01
-2.617741841968471039e+00	-2.654856981796723581e+00	-4.486916996146419478e+00	-1.161059537583687273e+01	-5.241953750398482548e+00	-1.026104237634172023e+01
-2.631060465049477770e+00	-2.677442493370534748e+00	-4.553839201389564550e+00	-1.163690999341355692e+01	-5.293438859049291345e+00	-1.034863208216984276e+01
-2.644492711440306731e+00	-2.700339642878136104e+00	-4.611512061770554283e+00	-1.166348282829460636e+01	-5.345319899957909016e+00	-1.041925575270352056e+01
-2.658040018673193394e+00	-2.723499795067885199e+00	-4.658953143678445485e+00	-1.169031563980891164e+01	-5.397507846937001474e+00	-1.047118206345157887e+01
-2.671703568925988925e+00	-2.746869273498941499e+00	-4.695127265093105962e+00	-1.171740972091265753e+01	-5.449904727114746272e+00	-1.050256231937419216e+01
-2.685484262683022649e+00	-2.770389114464796521e+00	-4.718958603038117872e+00	-1.174476585123922945e+01	-5.502403080739643570e+00	-1.051145694830074717e+01
-2.699382692875865519e+00	-2.793994973439173801e+00	-4.729365595548415513e+00	-1.177238424973027264e+01	-5.554885695266154499e+00	-1.049589490269909220e+01
-2.713399116956487944e+00	-2.817616991335337051e+00	-4.725225882939412259e+00	-1.180026452348347554e+01	-5.607225253478949512e+00	-1.045380842055419635e+01
-2.727533428836998564e+00	-2.841179657653148283e+00	-4.705395425879260074e+00	-1.182840561656647616e+01	-5.659283977295440415e+00	-1.038307166473805410e+01
-2.741785131924522112e+00	-2.864601726437855156e+00	-4.668731288715434857e+00	-1.185680576072762449e+01	-5.710913374089604311e+00	-1.028153515042322397e+01
-2.756153309322841416e+00	-2.887796279748795936e+00	-4.614113104612215466e+00	-1.188546241863897635e+01	-5.761954219820984768e+00	-1.014706769013400844e+01
-2.770636596445577027e+00	-2.910670953698392793e+00	-4.540471893312769680e+00	-1.191437223156829717e+01	-5.812236868622669306e+00	-9.977610184597779153e+00
-2.785233152744948093e+00	-2.933128113785001378e+00	-4.446779742405624347e+00	-1.194353096524537783e+01	-5.861581452211523491e+00	-9.771154564670268883e+00
-2.799940637941711774e+00	-2.955065200956817684e+00	-4.332094994133967703e+00	-1.197293346334634023e+01	-5.909798414724335203e+00	-9.525834333122475073e+00
-2.814756189167879175e+00	-2.976375214707514427e+00	-4.195586322381132049e+00	-1.200257360187592504e+01	-5.956689302647841799e+00	-9.239963145977071690e+00
-2.829676398512734892e+00	-2.996947334747314784e+00	-4.036561922682267323e+00	-1.203244424381857058e+01	-6.002047815891081051e+00	-8.912099766570918291e+00
-2.844697296920460694e+00	-3.016667698863939595e+00	-3.854500556374659936e+00	-1.206253720612965274e+01	-6.045661192338951828e+00	-8.541105259207142808e+00
-2.859814339510052594e+00	-3.035420329211904189e+00	-3.649079840067543046e+00	-1.209284322746790252e+01	-6.087311852824456970e+00	-8.126199160909436614e+00
-2.875022399960075692e+00	-3.053088166467479159e+00	-3.420199675681260487e+00	-1.212335195352663852e+01	-6.126779294172083112e+00	-7.667010903109712672e+00
-2.890315767180713813e+00	-3.069554336157427787e+00	-3.168036272335712056e+00	-1.215405192591984296e+01	-6.163842431255688759e+00	-7.163683298296746216e+00
-2.905688149029040268e+00	-3.084703478762163886e+00	-2.893018523418277255e+00	-1.218493058468651213e+01	-6.198282084321456331e+00	-6.616834520926659025e+00
-2.921132684008229230e+00	-3.098423177327127576e+00	-2.595911722750997797e+00	-1.221597428602790281e+01	-6.229883680297887416e+00	-6.027722402373001387e+00
-2.936641959967425386e+00	-3.110605644690352278e+00	-2.277783542919678439e+00	-1.224716833226204393e+01	-6.258440472545574451e+00	-5.398182588249710534e+00
-2.952208040575178494e+00	-3.121149137055811096e+00	-1.940017301463740296e+00	-1.227849701780610125e+01	-6.283756243980606726e+00	-4.730658340131867590e+00
-2.967822500123286744e+00	-3.129959708704800114e+00	-1.584329933606341001e+00	-1.230994369041143344e+01	-6.305648706261091974e+00	-4.028240244965218153e+00
-2.983476466279782802e+00	-3.136952765241567853e+00	-1.212748604565149435e+00	-1.234149082824260368e+01	-6.323952517742393198e+00	-3.294623611110182537e+00
-2.999160670640715232e+00	-3.142054568399081926e+00	-8.275888698990456760e-01	-1.237312013200473793e+01	-6.338522224619113743e+00	-2.534068853909047903e+00
-3.014865506455589372e+00	-3.145203606826470821e+00	-4.314238342167300289e-01	-1.240481263115006705e+01	-6.349234953978139195e+00	-1.751343712106063322e+00
-3.030581092742031135e+00	-3.146351784019451259e+00	-2.704297548007161822e-02	-1.243654880267345852e+01	-6.355992760023648103e+00	-9.516445296608253557e-01
-3.046297343812742309e+00	-3.145465379381384707e+00	3.825972407994413516e-01	-1.246830870062265895e+01	-6.358724534054786659e+00	-1.405008504839315719e-01
-3.062004042946488536e+00	-3.142525744688283940e+00	7.944295150757625379e-01	-1.250007209387893781e+01	-6.357387401325371279e+00	6.763338163923435786e-01
-3.077690918813292598e+00	-3.137529707758646147e+00	1.205336379451182438e+00	-1.253181860950294890e+01	-6.351967546992328018e+00	1.493000516593838256e+00
-3.093347722813761802e+00	-3.130489665882156380e+00	1.612213045354792484e+00	-1.256352787804999416e+01	-6.342480434984268278e+00	2.303657949557873508e+00
-3.108964307450771791e+00	-3.121433371660194744e+00	2.012027671445594024e+00	-1.259517968108561448e+01	-6.328970425230868280e+00	3.102600242507378425e+00
-3.124530700453510335e+00	-3.110403411227453674e+00	2.401884462628004258e+00	-1.262675409056621589e+01	-6.311509787142427719e+00	3.884381151786783448e+00
-3.140037178931318174e+00	-3.097456385159750525e+00	2.779074027243495948e+00	-1.265823160845730300e+01	-6.290197131908453088e+00	4.643911606338406273e+00
-3.155474334064297448e+00	-3.082661882682089516e+00	3.141121915533631181e+00	-1.268959328800325892e+01	-6.265155443855536355e+00	5.376554708047478925e+00
-3.170833136055466017e+00	-3.066101167003160377e+00	3.485819394901227497e+00	-1.272082085571223331e+01	-6.236529547506514781e+00	6.078184083224186907e+00
-3.186104985832657110e+00	-3.047865813857877804e+00	3.811270316296486271e+00	-1.275189680765108768e+01	-6.204483495689069983e+00	6.745275199336902006e+00
-3.201281765389428990e+00	-3.028056102583285725e+00	4.115869578474757873e+00	-1.278280450331766183e+01	-6.169197475244825313e+00	7.374859147023471451e+00
-3.216355875469521841e+00	-3.006779459051737824e+00	4.398371850300009100e+00	-1.281352823508013117e+01	-6.130864831830455053e+00	7.964657752268522017e+00
-3.231320268218864644e+00	-2.984148821779618821e+00	4.657816563708820468e+00	-1.284405328815573455e+01	-6.089688952076670603e+00	8.512930924755437445e+00
-3.246168470240697879e+00	-2.960281022603321599e+00	4.893590263354553827e+00	-1.287436598217256822e+01	-6.045880188751459272e+00	9.018599132231884141e+00
-3.260894598525510446e+00	-2.935295325469038374e+00	5.105350865976106434e+00	-1.290445369944143117e+01	-5.999653108129640700e+00	9.481090489323833026e+00
-3.275493368540201899e+00	-2.909311911983273102e+00	5.293042821881499549e+00	-1.293430489821399831e+01	-5.951223643486478032e+00	9.900369936146489636e+00
-3.289960096175872373e+00	-2.882450668128518245e+00	5.456858699694066672e+00	-1.296390911481500474e+01	-5.900806847742794403e+00	1.027686102129973733e+01
-3.304290692514869399e+00	-2.854829935701383103e+00	5.597201113660958072e+00	-1.299325695209216569e+01	-5.848614585361612939e+00	1.061137192647720440e+01
-3.318481654126132163e+00	-2.826565549549888701e+00	5.714675067113603291e+00	-1.302234006003756583e+01	-5.794853786502016213e+00	1.090507728806642262e+01
-3.332530048122754884e+00	-2.797769936057295403e+00	5.810032194498489844e+00	-1.305115110669731671e+01	-5.739724823239573226e+00	1.115941236930802916e+01
-3.346433492861413228e+00	-2.768551410714955807e+00	5.884161345592929138e+00	-1.307968374133929323e+01	-5.683420276522663350e+00	1.137605153115873691e+01
-3.360190136942061034e+00	-2.739013595875723794e+00	5.938047773800235518e+00	-1.310793255494748522e+01	-5.626123928200582824e+00	1.155683267198082831e+01
-3.373798633122626178e+00	-2.709254989818829173e+00	5.972754802976623978e+00	-1.313589303144852316e+01	-5.568010052582434533e+00	1.170372065345600276e+01
-3.387258113584316721e+00	-2.679368639660008711e+00	5.989393907778776338e+00	-1.316356150216972409e+01	-5.509242890532969561e+00	1.181875134209985845e+01
-3.400568160570700993e+00	-2.649441951673952023e+00	5.989112954442362025e+00	-1.319093509188003921e+01	-5.449976394639061361e+00	1.190401162044418015e+01
-3.413728779071251829e+00	-2.619556572977983055e+00	5.973063675325647637e+00	-1.321801166929161830e+01	-5.390354092100999139e+00	1.196157612823526506e+01
-3.426740367349870198e+00	-2.589788375082557881e+00	5.942404373170347753e+00	-1.324478979384235799e+01	-5.330509141679860008e+00	1.199351755378438611e+01
-3.439603688255670644e+00	-2.560207508984283287e+00	5.898267631099088248e+00	-1.327126866444024245e+01	-5.270564514240353660e+00	1.200184381708004366e+01
-3.452319841257221356e+00	-2.530878497715639774e+00	5.841766682740399119e+00	-1.329744806984052019e+01	-5.210633234628993193e+00	1.198851473862305284e+01
-3.464890234088604082e+00	-2.501860417203995990e+00	5.773975248224132883e+00	-1.332332833874214728e+01	-5.150818784142817464e+00	1.195540402175493000e+01
-3.477316556699898253e+00	-2.473207061344833591e+00	5.695925507515312347e+00	-1.334891029433159026e+01	-5.091215459280726385e+00	1.190429831450046549e+01
-3.489600754812057115e+00	-2.444967189887320203e+00	5.608606790846806689e+00	-1.337419520848967380e+01	-5.031908881399278499e+00	1.183689625628903741e+01
-3.501745005798114097e+00	-2.417184750386265346e+00	5.512950769551252961e+00	-1.339918476040124951e+01	-4.972976445063062023e+00	1.175478248490526312e+01
-3.513751694745609111e+00	-2.389899161985513221e+00	5.409843005345010170e+00	-1.342388099583759775e+01	-4.914487876328813343e+00	1.165945071099440611e+01
-3.525623393160969510e+00	-2.363145538773672616e+00	5.300119455262802148e+00	-1.344828629117455598e+01	-4.856505668408702903e+00	1.155229972195593291e+01
-3.537362838256757680e+00	-2.336954964047693650e+00	5.184553386964353194e+00	-1.347240331887084430e+01	-4.799085603248515852e+00	1.143460865610859400e+01
-3.548972912165962779e+00	-2.311354796337623529e+00	5.063872362422671358e+00	-1.349623501284774640e+01	-4.742277332966352787e+00	1.130757168294894655e+01
-3.560456625501374539e+00	-2.286368870288134847e+00	4.938750213646244447e+00	-1.351978454174618882e+01	-4.686124747510551636e+00	1.117228305225125951e+01
-3.571817099249604777e+00	-2.262017802221806484e+00	4.809810113974663182e+00	-1.354305527936406683e+01	-4.630666545472107209e+00	1.102974394030479743e+01
-3.583057550176049766e+00	-2.238319194759634811e+00	4.677629723059681055e+00	-1.356605078133746822e+01	-4.575936601082045918e+00	1.088087349795387127e+01
-3.594181275736230141e+00	-2.215287896234186427e+00	4.542738462153238288e+00	-1.358877476097130454e+01	-4.521964435636093071e+00	1.072650383478185177e+01
-3.605191641249307466e+00	-2.192936208493348360e+00	4.405624294457766155e+00	-1.361123106912870817e+01	-4.468775587273855265e+00	1.056739358922732208e+01
-3.616092067536439636e+00	-2.171274107286010668e+00	4.266732611956058463e+00	-1.363342367508492181e+01	-4.416392002144002404e+00	1.040422616845125958e+01
-3.626886019869384636e+00	-2.150309435244333933e+00	4.126471307193924076e+00	-1.365535664952717454e+01	-4.364832372559657614e+00	1.023761959243529418e+01
-3.637576997763571462e+00	-2.130048094226465238e+00	3.985210846301697529e+00	-1.367703414906953796e+01	-4.314112472032920031e+00	1.006812691655204617e+01
-3.648168525744008406e+00	-2.110494216604141382e+00	3.843288928933816351e+00	-1.369846040245909613e+01	-4.264245450679334581e+00	9.896244994456083077e+00
-3.658664144898035708e+00	-2.091650331214718328e+00	3.701010757712310806e+00	-1.371963969818316365e+01	-4.215242118993882237e+00	9.722415277700747538e+00
-3.669067405252561365e+00	-2.073517513671190748e+00	3.558652808684428237e+00	-1.374057637341402227e+01	-4.167111203168930800e+00	9.547030682620061270e+00
-3.679381858883194134e+00	-2.056095531091611583e+00	3.416463629054078410e+00	-1.376127480427108729e+01	-4.119859588222853475e+00	9.370437333442168892e+00
-3.689611053683528485e+00	-2.039382965928510316e+00	3.274668965779369501e+00	-1.378173939704800333e+01	-4.073492525817390408e+00	9.192943134122288029e+00
-3.699758527776721984e+00	-2.023377330150000208e+00	3.133471266809237932e+00	-1.380197458051704729e+01	-4.028013824315900493e+00	9.014817494147109755e+00
-3.709827804345112057e+00	-2.008075196574060417e+00	2.993045430902157023e+00	-1.382198479926382717e+01	-3.983426063553689556e+00	8.836285071565725957e+00
-3.719822387284161813e+00	-1.993472291669195817e+00	2.853555667763430392e+00	-1.384177450803894516e+01	-3.939730746435873954e+00	8.657552869175106025e+00
-3.729745757541716777e+00	-1.979563568851743893e+00	2.715147208898656572e+00	-1.386134816713086515e+01	-3.896928417396801958e+00	8.478797532469570797e+00
-3.739601368913246571e+00	-1.966343317161124871e+00	2.577939579181588670e+00	-1.388071023714620900e+01	-3.855018840248684242e+00	8.300152727500744732e+00
-3.749392644625453741e+00	-1.953805249204818351e+00	2.442047587300521627e+00	-1.389986517499601248e+01	-3.814001140277030633e+00	8.121746804441727363e+00
-3.759122976143929762e+00	-1.941942535176661933e+00	2.307571967807461988e+00	-1.391881743342527855e+01	-3.773873849612395137e+00	7.943685981969565546e+00
-3.768795719806573796e+00	-1.930747886278389780e+00	2.174593500699302240e+00	-1.393757145696270427e+01	-3.734635044537131243e+00	7.766041926329535272e+00
-3.778414192907744606e+00	-1.920213639055274646e+00	2.043187121789287630e+00	-1.395613167678118671e+01	-3.696282488854407688e+00	7.588879394868399686e+00
-3.787981674829679957e+00	-1.910331766095934469e+00	1.913420134231159864e+00	-1.397450251431142831e+01	-3.658813632533262972e+00	7.412252286598913997e+00
-3.797501404617235288e+00	-1.901093936003402041e+00	1.785345429900871750e+00	-1.399268837861478687e+01	-3.622225710023052603e+00	7.236190047954323745e+00
-3.806976577438895504e+00	-1.892491587492686866e+00	1.659007655686764338e+00	-1.401069366184967180e+01	-3.586515867013631897e+00	7.060709394304012676e+00
-3.816410345976682272e+00	-1.884515932125792048e+00	1.534449386080382283e+00	-1.402852274310387948e+01	-3.551681150137929066e+00	6.885825985850260622e+00
-3.825805819206480773e+00	-1.877157992709380441e+00	1.411702942697161234e+00	-1.404617998774643084e+01	-3.517718567204105362e+00	6.711538513113964655e+00
-3.835166059732259658e+00	-1.870408663186531761e+00	1.290791424482677030e+00	-1.406366974434389405e+01	-3.484625187918266587e+00	6.537830565981948894e+00
-3.844494084679698886e+00	-1.864258712730556766e+00	1.171739197886722650e+00	-1.408099634750401208e+01	-3.452398141999971415e+00	6.364689879540264883e+00
-3.853792865473492313e+00	-1.858698805919134944e+00	1.054563597658216167e+00	-1.409816411882757414e+01	-3.421034648065317096e+00	6.192092843398768309e+00
-3.863065326041624115e+00	-1.853719547051245309e+00	9.392730813881371432e-01	-1.411517736527355815e+01	-3.390532086512762611e+00	6.020001229119998243e+00
-3.872314343151705085e+00	-1.849311489311940448e+00	8.258789610226813238e-01	-1.413204038098304416e+01	-3.360888010193784137e+00	5.848382960548633491e+00
-3.881542746872843619e+00	-1.845465140936165094e+00	7.143878727738410817e-01	-1.414875744929053880e+01	-3.332100150398867200e+00	5.677198583786093877e+00
-3.890753319527731513e+00	-1.842170995119680299e+00	6.047990749005975886e-01	-1.416533284230315637e+01	-3.304166464928123492e+00	5.506396632936457536e+00
-3.899948795565911563e+00	-1.839419543903235255e+00	4.971147225455752050e-01	-1.418177082194068461e+01	-3.277085158725294711e+00	5.335931250468092912e+00
-3.909131862444491290e+00	-1.837201274475488200e+00	3.913341695046028690e-01	-1.419807564256164945e+01	-3.250854674656383114e+00	5.165752276897819684e+00
-3.918305160122253827e+00	-1.835506687560194417e+00	2.874518006291282290e-01	-1.421425155139872132e+01	-3.225473722414913258e+00	4.995801628150957185e+00
-3.927471280666891218e+00	-1.834326313050106183e+00	1.854634631689577873e-01	-1.423030278917386404e+01	-3.200941302869524829e+00	4.826023998249638680e+00
-3.936632769306547708e+00	-1.833650700728792327e+00	8.536423411669602501e-02	-1.424623359294750102e+01	-3.177256691037392056e+00	4.656363063301569127e+00
-3.945792124249062116e+00	-1.833470430543350238e+00	-1.285358359632482461e-02	-1.426204819705699478e+01	-3.154419451925010609e+00	4.486758164732691512e+00
-3.954951796289051469e+00	-1.833776125384058764e+00	-1.091977042974576761e-01	-1.427775083373711240e+01	-3.132429460467837323e+00	4.317148773726103173e+00
-3.964114189734719407e+00	-1.834558441299658282e+00	-2.036748917278146109e-01	-1.429334573574454659e+01	-3.111286884898496918e+00	4.147476026827007445e+00
-3.973281662469959841e+00	-1.835808070937646752e+00	-2.962932437237668637e-01	-1.430883713766590226e+01	-3.090992191831650526e+00	3.977679001908654755e+00
-3.982456525649362700e+00	-1.837515751756966020e+00	-3.870613937747293676e-01	-1.432422927667873225e+01	-3.071546159007535248e+00	3.807695979189929858e+00
-3.991641044381285752e+00	-1.839672257677608780e+00	-4.759861240164582341e-01	-1.433952639478738611e+01	-3.052949861793453401e+00	3.637468212712064997e+00
-4.000837437943876473e+00	-1.842268397141004765e+00	-5.630745198790236827e-01	-1.435473274035939006e+01	-3.035204670026003360e+00	3.466936486449185395e+00
-4.010047879571917662e+00	-1.845295016542695565e+00	-6.483341010596177512e-01	-1.436985256902831232e+01	-3.018312253332393169e+00	3.296040908200666308e+00
-4.019274496870445468e+00	-1.848742993414097979e+00	-7.317701415215651650e-01	-1.438489014551838352e+01	-3.002274570554911648e+00	3.124725065180200545e+00
-4.028519372100721085e+00	-1.852603230513204524e+00	-8.133874603712456519e-01	-1.439984974527971495e+01	-2.987093860690678060e+00	2.952933218138014126e+00
-4.037784542026737533e+00	-1.856866654961505381e+00	-8.931908853675167848e-01	-1.441473565548044178e+01	-2.972772641660426540e+00	2.780609597667535127e+00
-4.047071998068319409e+00	-1.861524212263184097e+00	-9.711828736250254224e-01	-1.442955217644424160e+01	-2.959313701309973066e+00	2.607702017664905725e+00
-4.056383686587510695e+00	-1.866566857592155682e+00	-1.047364874567051629e+00	-1.444430362328010808e+01	-2.946720084312508980e+00	2.434159785803331033e+00
-4.065721508709009946e+00	-1.871985551829925098e+00	-1.121737854325715489e+00	-1.445899432683520125e+01	-2.934995086284818644e+00	2.259932931823868785e+00
-4.075087320255845746e+00	-1.877771255205330281e+00	-1.194300209170137350e+00	-1.447362863481322570e+01	-2.924142244334650975e+00	2.084975300418591360e+00
-4.084482932077050599e+00	-1.883914915586092587e+00	-1.265048799331452756e+00	-1.448821091345725165e+01	-2.914165319696672363e+00	1.909243009192778118e+00
-4.093910109931932162e+00	-1.890407460778679383e+00	-1.333978806697132313e+00	-1.450274554859061560e+01	-2.905068286352647799e+00	1.732694660996685343e+00
-4.103370573929423060e+00	-1.897239794021432502e+00	-1.401085071237957891e+00	-1.451723694601672499e+01	-2.896855324190788394e+00	1.555289420981580406e+00
-4.112865998492596376e+00	-1.904402783466784266e+00	-1.466358620792902911e+00	-1.453168953267259056e+01	-2.889530803503110423e+00	1.376992016729218449e+00
-4.122398012550747559e+00	-1.911887248533393313e+00	-1.529788968810180450e+00	-1.454610775810797385e+01	-2.883099264971598519e+00	1.197769427966932199e+00
-4.131968199148442267e+00	-1.919683950921504456e+00	-1.591363608106576066e+00	-1.456049609512385778e+01	-2.877565406358713496e+00	1.017591636920315068e+00
-4.141578094749421624e+00	-1.927783586382856518e+00	-1.651068354315270881e+00	-1.457485903996432697e+01	-2.872934069959955927e+00	8.364311838358844398e-01
-4.151229189152721766e+00	-1.936176771453706147e+00	-1.708885836209105946e+00	-1.458920111339583237e+01	-2.869210223260552972e+00	6.542651972963540175e-01
-4.160922925227760416e+00	-1.944854030591921745e+00	-1.764796499144040354e+00	-1.460352686152233836e+01	-2.866398940065906231e+00	4.710740667469508480e-01
-4.170660698354796025e+00	-1.953805784414884839e+00	-1.818778458981455515e+00	-1.461784085616995021e+01	-2.864505382981503701e+00	2.868417072688771441e-01
-4.180443855454481827e+00	-1.963022339136878402e+00	-1.870807458486865471e+00	-1.463214769465919396e+01	-2.863534786904235130e+00	1.015556457000457158e-01
-4.190273694798687387e+00	-1.972493871210757588e+00	-1.920856031714038181e+00	-1.464645200073616493e+01	-2.863492436981532219e+00	-8.479201056525198510e-02
-4.200151465369283521e+00	-1.982210413535640203e+00	-1.968894087066132670e+00	-1.466075842483318326e+01	-2.864383648128335125e+00	-2.722051858606846508e-01
-4.210078366026062113e+00	-1.992161841817241319e+00	-2.014888895272974878e+00	-1.467507164404571540e+01	-2.866213744448641076e+00	-4.606837259482290392e-01
-4.220055544334342379e+00	-2.002337861642935035e+00	-2.058804780693094472e+00	-1.468939636160174800e+01	-2.868988038940524898e+00	-6.502230615051303175e-01
-4.230084096119690606e+00	-2.012727991657991655e+00	-2.100602777299741319e+00	-1.470373730741594365e+01	-2.872711809399735472e+00	-8.408138398397113633e-01
-4.240165064458045308e+00	-2.023321548482871712e+00	-2.140240891896041830e+00	-1.471809923780226903e+01	-2.877390275596170000e+00	-1.032442102942695783e+00
-4.250299438528789331e+00	-2.034107631650469372e+00	-2.177674338622409778e+00	-1.473248693496788952e+01	-2.883028576156742240e+00	-1.225089428723777019e+00
-4.260488152226786340e+00	-2.045075109104719679e+00	-2.212854857395768704e+00	-1.474690520612438149e+01	-2.889631745630998338e+00	-1.418732273901468943e+00
-4.270732083387128064e+00	-2.056212598545060111e+00	-2.245730740631870503e+00	-1.476135888358979820e+01	-2.897204687618704977e+00	-1.613341936305459967e+00
-4.281032052415580047e+00	-2.067508451237814793e+00	-2.276246957886542077e+00	-1.477585282394434607e+01	-2.905752149749845081e+00	-1.808884604231479898e+00
-4.291388820783761382e+00	-2.078950736386936615e+00	-2.304345763493529375e+00	-1.479039190696751049e+01	-2.915278699135578133e+00	-2.005321967339796174e+00
-4.301803089442479688e+00	-2.090527225238433484e+00	-2.329965271287846917e+00	-1.480498103445014380e+01	-2.925788697317860620e+00	-2.202609665491308988e+00
-4.312275497618602849e+00	-2.102225370724082776e+00	-2.353040138546475646e+00	-1.481962512965238332e+01	-2.937286270278155254e+00	-2.400697964726305145e+00
-4.322806621102526670e+00	-2.114032290627252841e+00	-2.373501571389851961e+00	-1.483432913592925573e+01	-2.949775281936910520e+00	-2.599531741819191666e+00
-4.333396970324906228e+00	-2.125934753906300045e+00	-2.391278648630986936e+00	-1.484909801497608228e+01	-2.963259311779264937e+00	-2.799052161761665047e+00
-4.344046988624192807e+00	-2.137919161823372605e+00	-2.406294922439201400e+00	-1.486393674544571475e+01	-2.977741625677219783e+00	-2.999192293306123247e+00
-4.354757050602292345e+00	-2.149971525729178268e+00	-2.418470861792457072e+00	-1.487885032175050348e+01	-2.993225142275468986e+00	-3.199880207742126004e+00
-4.365527460074228649e+00	-2.162077450467187134e+00	-2.427723209875466637e+00	-1.489384375214775424e+01	-3.009712406420989694e+00	-3.401038125160994241e+00
-4.376358448015213121e+00	-2.174222116546612238e+00	-2.433966269987877240e+00	-1.490892205684014904e+01	-3.027205561002977330e+00	-3.602584211153498472e+00
-4.387250169924206133e+00	-2.186390278241377771e+00	-2.437113037485232780e+00	-1.492409026497097102e+01	-3.045706341170317799e+00	-3.804434152296835236e+00
-4.398202704033590038e+00	-2.198566231535191484e+00	-2.437068616358146755e+00	-1.493935341330626265e+01	-3.065216025843978009e+00	-4.006491834578810085e+00
-4.409216049037912200e+00	-2.210733794686361886e+00	-2.433736211401082983e+00	-1.495471654401212191e+01	-3.085735406937237801e+00	-4.208657783411808850e+00
-4.420290121591200716e+00	-2.222876293370557033e+00	-2.427015403544601213e+00	-1.497018470201439655e+01	-3.107264764925621758e+00	-4.410826704488727046e+00
-4.431424753823678842e+00	-2.234976546843286282e+00	-2.416805316700219919e+00	-1.498576293239150203e+01	-3.129803846723813177e+00	-4.612892658842156379e+00
-4.442619690796409060e+00	-2.247016870159647350e+00	-2.403001838850286731e+00	-1.500145627753383692e+01	-3.153351869803702634e+00	-4.814744487317284438e+00
-4.453874587813543506e+00	-2.258979038332433298e+00	-2.385495339026192596e+00	-1.501726977440371336e+01	-3.177907463802657428e+00	-5.016262048249245709e+00
-4.465189007686604761e+00	-2.270844276036559251e+00	-2.364174450158770924e+00	-1.503320845150334506e+01	-3.203468653934268939e+00	-5.217322402736272124e+00
-4.476562418036777125e+00	-2.282593246820241450e+00	-2.338926471187278366e+00	-1.504927732592871870e+01	-3.230032844817427584e+00	-5.417801298781569130e+00
-4.487994188771085469e+00	-2.294206046221213047e+00	-2.309635499103706024e+00	-1.506548140070757213e+01	-3.257596813305470462e+00	-5.617569029721153129e+00
-4.499483588704742409e+00	-2.305662180800700067e+00	-2.276182580525755839e+00	-1.508182566078837006e+01	-3.286156670224990695e+00	-5.816490713992834571e+00
-4.511029782683571909e+00	-2.316940558448552956e+00	-2.238446752764730263e+00	-1.509831506981720217e+01	-3.315707846530493885e+00	-6.014428522166326729e+00
-4.522631828751881855e+00	-2.328019486016497996e+00	-2.196309844892766705e+00	-1.511495456703504559e+01	-3.346245093406087001e+00	-6.211251097929789466e+00
-4.534288675432915916e+00	-2.338876674945883583e+00	-2.149648697213933701e+00	-1.513174906439486378e+01	-3.377762498010491665e+00	-6.406818083496318650e+00
-4.545999158001007068e+00	-2.349489211814010936e+00	-2.098338492930452048e+00	-1.514870344188790696e+01	-3.410253429433112604e+00	-6.600986699019358639e+00
-4.557761995475130057e+00	-2.359833559810145864e+00	-2.042254016612332634e+00	-1.516582254417690478e+01	-3.443710545871174755e+00	-6.793614239658154474e+00
-4.569575787957086632e+00	-2.369885563626452640e+00	-1.981273836248419684e+00	-1.518311117793397536e+01	-3.478125813936361777e+00	-6.984568985752048320e+00
-4.581439013912139480e+00	-2.379620455189170425e+00	-1.915272201008519914e+00	-1.520057410909243423e+01	-3.513490529617373515e+00	-7.173709410386209129e+00
-4.593350025934627823e+00	-2.389012836706865262e+00	-1.844124087940372192e+00	-1.521821605722496429e+01	-3.549795280732375602e+00	-7.360896908901167990e+00
-4.605307047886753935e+00	-2.398036688043715614e+00	-1.767705343080251623e+00	-1.523604169256989316e+01	-3.587029970714544991e+00	-7.545996117389222491e+00
-4.617308172564198010e+00	-2.406665382480105642e+00	-1.685897695236462823e+00	-1.525405563425145061e+01	-3.625183868619846983e+00	-7.728889639847920989e+00
-4.629351358735362965e+00	-2.414871695561707110e+00	-1.598579057503229706e+00	-1.527226244722620407e+01	-3.664245637493865893e+00	-7.909449101564177909e+00
-4.641434426980772798e+00	-2.422627799004107185e+00	-1.505630578346881521e+00	-1.529066663676061744e+01	-3.704203317297207310e+00	-8.087555775522332624e+00
-4.653555056987888072e+00	-2.429905276817945214e+00	-1.406936085918232493e+00	-1.530927264597431758e+01	-3.745044372537622124e+00	-8.263099285759608392e+00
-4.665710785839611852e+00	-2.436675149095708370e+00	-1.302385734700010289e+00	-1.532808485602091508e+01	-3.786755779467901650e+00	-8.435993297444383643e+00
-4.677899004798828919e+00	-2.442907884973822608e+00	-1.191868768838048709e+00	-1.534710758261330277e+01	-3.829324061420906755e+00	-8.606142588609145605e+00
-4.690116955498703000e+00	-2.448573412408935557e+00	-1.075279497011251806e+00	-1.536634507112585979e+01	-3.872735306253484389e+00	-8.773468876324386656e+00
-4.702361727573186378e+00	-2.453641141648041479e+00	-9.525165847571770428e-01	-1.538580149527846608e+01	-3.916975241825886744e+00	-8.937908612990895563e+00
-4.714630257375563183e+00	-2.458079991679691378e+00	-8.234845016947929253e-01	-1.540548095902015824e+01	-3.962029354795318259e+00	-9.099426056561014775e+00
-4.726919325097910907e+00	-2.461858413486733621e+00	-6.880916107013490546e-01	-1.542538749400027420e+01	-4.007882955702416261e+00	-9.257988114858108020e+00
-4.739225551871789399e+00	-2.464944415158967672e+00	-5.462522317254752124e-01	-1.544552505701537903e+01	-4.054521247698890996e+00	-9.413585046932212208e+00
-4.751545397988207853e+00	-2.467305586478978352e+00	-3.978842666426771757e-01	-1.546589753117805621e+01	-4.101929440803321114e+00	-9.566230058060682495e+00
-4.763875160886771987e+00	-2.468909124993319271e+00	-2.429135848321948288e-01	-1.548650872644313026e+01	-4.150092862073654132e+00	-9.715956227630158537e+00
-4.776210972953152556e+00	-2.469721873914962895e+00	-8.127206433232458949e-02	-1.550736237860642674e+01	-4.198997062112435508e+00	-9.862820790386194858e+00
-4.788548799988517679e+00	-2.469710348739496020e+00	8.710410427465831162e-02	-1.552846215175393496e+01	-4.248627954306188670e+00	-1.000691524546027722e+01
-4.800884440380862372e+00	-2.468840759920273076e+00	2.622714799108507577e-01	-1.554981164361988988e+01	-4.298971990335134663e+00	-1.014835754898194864e+01
-4.813213522740756645e+00	-2.467079057518108520e+00	4.442789506038025138e-01	-1.557141438393527899e+01	-4.350016268159243360e+00	-1.028729350706726109e+01
-4.825531504858682652e+00	-2.464390959848528073e+00	6.331717444800233352e-01	-1.559327383896306252e+01	-4.401748706532722544e+00	-1.042390704102854215e+01
-4.837833672864003454e+00	-2.460741960341686685e+00	8.289913517808145116e-01	-1.561539341962585681e+01	-4.454158249187325502e+00	-1.055842115315726915e+01
-4.850115140036963979e+00	-2.456097378027861655e+00	1.031768548837135313e+00	-1.563777648344245108e+01	-4.507235028839093438e+00	-1.069109209952785022e+01
-4.862370845984599121e+00	-2.450422387155455350e+00	1.241531309690117268e+00	-1.566042634042881687e+01	-4.560970566508848023e+00	-1.082222058626302896e+01
-4.874595555891109377e+00	-2.443682009795758781e+00	1.458310587800951907e+00	-1.568334626434505097e+01	-4.615358020697419406e+00	-1.095215981866567745e+01
-4.886783859987725798e+00	-2.435841149799781391e+00	1.682123826276438194e+00	-1.570653949946194672e+01	-4.670392404552889509e+00	-1.108130062866166554e+01
-4.898930173168278834e+00	-2.426864626655243384e+00	1.912987678874060293e+00	-1.573000926805215549e+01	-4.726070814358047656e+00	-1.121008686780123753e+01
-4.911028734102835358e+00	-2.416717154066348794e+00	2.150930087022743464e+00	-1.575375878464191715e+01	-4.782392722019485731e+00	-1.133902823137532323e+01
-4.923073604578287465e+00	-2.405363328238272036e+00	2.395965944053614294e+00	-1.577779126986239255e+01	-4.839360269207976906e+00	-1.146868048944634211e+01
-4.935058669958886313e+00	-2.392767672099067600e+00	2.648112479391329543e+00	-1.580210995938607610e+01	-4.896978522196167027e+00	-1.159966169847166384e+01
-4.946977638164987923e+00	-2.378894595501225506e+00	2.907402807699554614e+00	-1.582671812176598891e+01	-4.955255816568223892e+00	-1.173266826038343424e+01
-4.958824037723191580e+00	-2.363708317340736720e+00	3.173869947171851891e+00	-1.585161908016695342e+01	-5.014204152887533184e+00	-1.186846109362295465e+01
-4.970591219127983074e+00	-2.347172908495764432e+00	3.447548017460803749e+00	-1.587681622433372297e+01	-5.073839481762192349e+00	-1.200786904794540533e+01
-4.982272353625309513e+00	-2.329252230436556381e+00	3.728490209149640577e+00	-1.590231303239443861e+01	-5.134182106990542671e+00	-1.215181109616651156e+01
-4.993860429568318438e+00	-2.309909798412570048e+00	4.016773738046140352e+00	-1.592811309953553511e+01	-5.195257193580295585e+00	-1.230130488109261933e+01
-5.005348252393128305e+00	-2.289108745622389751e+00	4.312480909212808911e+00	-1.595422015925164594e+01	-5.257095163255404380e+00	-1.245744568920099482e+01
-5.016728442433275426e+00	-2.266811723022746250e+00	4.615722588616563371e+00	-1.598063811071817497e+01	-5.319732187472030915e+00	-1.262144211535087379e+01
-5.027993431679715464e+00	-2.242980768822455229e+00	4.926631834851150415e+00	-1.600737104951976519e+01	-5.383210738119743155e+00	-1.279460444098913285e+01
-5.039135461849982178e+00	-2.217577190674795418e+00	5.245373193489285768e+00	-1.603442329800578392e+01	-5.447580107519266690e+00	-1.297836292639203748e+01
-5.050146577917345780e+00	-2.190561334923179171e+00	5.572163492602840051e+00	-1.606179944571363194e+01	-5.512897142188262656e+00	-1.317430549896334924e+01
-5.061018624143696520e+00	-2.161892410536594866e+00	5.907243943323692292e+00	-1.608950438620622947e+01	-5.579226881012371742e+00	-1.338412898607066381e+01
-5.071743238893721362e+00	-2.131528279285781480e+00	6.250919112643941844e+00	-1.611754335767321322e+01	-5.646643265247552890e+00	-1.360971489541225310e+01
-5.082311843900443549e+00	-2.099425114777263790e+00	6.603551083561342239e+00	-1.614592199572891218e+01	-5.715230118275121285e+00	-1.385311737111123875e+01
-5.092715639079383294e+00	-2.065537168507527888e+00	6.965556818950290108e+00	-1.617464637720352982e+01	-5.785081886056847367e+00	-1.411655637455805845e+01
-5.102945590104909890e+00	-2.029816368048173114e+00	7.337453132227096830e+00	-1.620372307982582072e+01	-5.856304762187180657e+00	-1.440252353914229388e+01
-5.112992414384191164e+00	-1.992211869171361949e+00	7.719828928675497082e+00	-1.623315924671292620e+01	-5.929017915431556318e+00	-1.471371163118419645e+01
-5.122846568335100770e+00	-1.952669633549078965e+00	8.113381160600624753e+00	-1.626296264942823200e+01	-6.003354649064529980e+00	-1.505310497582649987e+01
-5.132498228992444567e+00	-1.911131870185620141e+00	8.518912925667450509e+00	-1.629314176446373352e+01	-6.079463895615923263e+00	-1.542396870414313526e+01
-5.141937275394359297e+00	-1.867536456454121918e+00	8.937368209807345920e+00	-1.632370585169264032e+01	-6.157511743176665497e+00	-1.582994161715805603e+01
-5.151153261964164010e+00	-1.821816163905344288e+00	9.369836228850772386e+00	-1.635466505211327970e+01	-6.237683487485953471e+00	-1.627504280280436433e+01
-5.160135395021023363e+00	-1.773897956500015471e+00	9.817572406952081110e+00	-1.638603047945080959e+01	-6.320185452425020500e+00	-1.676372716625019166e+01
-5.168872497449953585e+00	-1.723701999386793249e+00	1.028203178287719766e+01	-1.641781434098684400e+01	-6.405247616639534236e+00	-1.730097527541147429e+01
-5.177352976539165930e+00	-1.671140734680395923e+00	1.076487089780118822e+01	-1.645003005136835483e+01	-6.493126010062984399e+00	-1.789229423818596842e+01
-5.185564779064570473e+00	-1.616117637710535293e+00	1.126801852009668892e+01	-1.648269237960865752e+01	-6.584106046105730137e+00	-1.854392495905221949e+01
-5.193495344351812371e+00	-1.558525923461743901e+00	1.179366596285171909e+01	-1.651581760146146394e+01	-6.678505959408448156e+00	-1.926280419568638536e+01
-5.201131549693888800e+00	-1.498247071494259508e+00	1.234432047330403748e+01	-1.654942367248505164e+01	-6.776680775599469797e+00	-2.005672252131580535e+01
-5.208459648795187746e+00	-1.435149170662121998e+00	1.292285512046555596e+01	-1.658353041967406583e+01	-6.879026808010406668e+00	-2.093448343896625374e+01
-5.215465197538183162e+00	-1.369084963773015140e+00	1.353253518967221680e+01	-1.661815976800057371e+01	-6.985987114675724641e+00	-2.190597516937850742e+01
-5.222132974484403611e+00	-1.299889789433150922e+00	1.417708206882196009e+01	-1.665333598181249286e+01	-7.098057259354816573e+00	-2.298239705858304660e+01
-5.228446886791851433e+00	-1.227379202975332095e+00	1.486069761261603617e+01	-1.668908594733025907e+01	-7.215792153581879198e+00	-2.417632331457161854e+01
-5.234389865483593418e+00	-1.151346431368428513e+00	1.558812878210017061e+01	-1.672543948723907192e+01	-7.339813609560986940e+00	-2.550199439646530664e+01
-5.239943747877158664e+00	-1.071559586128495445e+00	1.636468255869738186e+01	-1.676242971227765111e+01	-7.470818767201067523e+00	-2.697536284904890636e+01
-5.245089143273962584e+00	-9.877588531626322332e-01	1.719624877976519883e+01	-1.680009342698630803e+01	-7.609589274100904355e+00	-2.861433208356129398e+01
-5.249805288282216154e+00	-8.996535013090596333e-01	1.808927013919725368e+01	-1.683847156573470016e+01	-7.757001149792356998e+00	-3.043875842080842631e+01
-5.254069883777513716e+00	-8.069196326838186106e-01	1.905058988718639057e+01	-1.687760970186275600e+01	-7.914034301783292591e+00	-3.247038223064510021e+01
-5.257858926119089560e+00	-7.091983084349466893e-01	2.008733967930953668e+01	-1.691755858050817807e+01	-8.081781612057852726e+00	-3.473262774068598446e+01
-5.261146530403154387e+00	-6.060953349461448703e-01	2.120634964158909952e+01	-1.695837470039521833e+01	-8.261455560930167863e+00	-3.724967740897955082e+01
-5.263904759913239140e+00	-4.971843701984753894e-01	2.241355034906243304e+01	-1.700012092203608205e+01	-8.454388951528361673e+00	-4.004529310957877897e+01
-5.266103481986277757e+00	-3.820144638792594138e-01	2.371250946191761955e+01	-1.704286704892727755e+01	-8.662026761820285969e+00	-4.313990973855561606e+01
-5.267710282286119039e+00	-2.601266851016547643e-01	2.510238147208085024e+01	-1.708669033277541516e+01	-8.885899445659745766e+00	-4.654629581982135278e+01
-5.268690492864092079e+00	-1.310844701351830399e-01	2.657426155665090306e+01	-1.713167577614467518e+01	-9.127566727541536196e+00	-5.026165247158223792e+01
-5.269007425216496010e+00	5.473257700004965920e-03	2.810554825424491909e+01	-1.717791603886079699e+01	-9.388511274768454484e+00	-5.425503974651201133e+01
-5.268622951127515996e+00	1.497432237666392330e-01	2.965110143152333677e+01	-1.722551062746882522e+01	-9.669951822018452603e+00	-5.844727599335965351e+01
-5.267498654205335917e+00	3.016142104044197692e-01	3.112988625534831044e+01	-1.727456386136958599e+01	-9.972530658106837365e+00	-6.268002322462689335e+01
-5.265597888873163157e+00	4.604429267035107798e-01	3.240594505004435177e+01	-1.732518083500844952e+01	-1.029581304792700891e+01	-6.667099780286935129e+01
-5.262889220966134651e+00	6.247200497461208313e-01	3.326369636924840734e+01	-1.737746025892302626e+01	-1.063752568370943408e+01	-6.995471976301269024e+01
-5.259351857359097160e+00	7.916053385276777821e-01	3.338145172960850005e+01	-1.743148272098028784e+01	-1.099247696408049180e+01	-7.181708572765819554e+01
-5.254983708884814142e+00	9.563510008719415811e-01	3.231701348807212071e+01	-1.748729277135517890e+01	-1.135119176777986816e+01	-7.125543916375954723e+01
-5.249812377069877023e+00	1.111736112091217032e+00	2.953302736310627097e+01	-1.754487399662390246e+01	-1.169853349362811379e+01	-6.702873361159527121e+01
-5.243908360879143693e+00	1.247816899704758731e+00	2.450638366774603583e+01	-1.760411850418007873e+01	-1.201301507429332460e+01	-5.790316055784660421e+01
-5.237397680111871345e+00	1.352504407838018397e+00	1.695073286726938022e+01	-1.766479712569029914e+01	-1.226799922797835585e+01	-4.316537059798793052e+01
-5.230468459154997696e+00	1.413458787525934346e+00	7.099831333084694052e+00	-1.772654293095017053e+01	-1.243595968451266387e+01	-2.328562934473484347e+01
-5.223364764468574784e+00	1.421194609521020169e+00	-4.134480348501710978e+00	-1.778886375008105958e+01	-1.249559857060920187e+01	-2.958356211911450373e-01
-5.216364201431575864e+00	1.372187908379059351e+00	-1.534623201011902438e+01	-1.785119207894370774e+01	-1.243902040806365861e+01	2.262936656577585381e+01
-5.209743837506417563e+00	1.270167681075652588e+00	-2.514197171554474153e+01	-1.791296196116406847e+01	-1.227471381408030560e+01	4.234742891061250702e+01
-5.203746420366004877e+00	1.124712823412353346e+00	-3.263888969955758057e+01	-1.797368511187267259e+01	-1.202428230441547896e+01	5.690183436876941414e+01
-5.198558661568327466e+00	9.481089688835518947e-01	-3.763032511872177110e+01	-1.803299903432790430e+01	-1.171516775290703372e+01	6.589566894179279188e+01
-5.194305729180602071e+00	7.522858011739703699e-01	-4.041669365203205189e+01	-1.809067776459175292e+01	-1.137362540944163314e+01	7.008571197207129444e+01
-5.191058182420297484e+00	5.469923424659499656e-01	-4.152193561649625053e+01	-1.814661430395835495e+01	-1.102062578670473236e+01	7.071769469439732347e+01
-5.188844627489338279e+00	3.392728781061991050e-01	-4.147639801552907102e+01	-1.820079049835209517e+01	-1.067078377053254989e+01	6.902528430692291295e+01
-5.187664757487663536e+00	1.337417300242479956e-01	-4.071272693891148720e+01	-1.825324668804998751e+01	-1.033311132238209495e+01	6.599676828447627486e+01
-5.187500110496329420e+00	-6.684599201586395589e-02	-3.954324153138202291e+01	-1.830405711749592612e+01	-1.001241265559780658e+01	6.233132286326144822e+01
-5.188321896785844878e+00	-2.610234074009289973e-01	-3.817581666289248687e+01	-1.835331239736369824e+01	-9.710640808040192695e+00	5.848252523182873119e+01
-5.190096238277246421e+00	-4.481553972108929251e-01	-3.674039712160521276e+01	-1.840110805726308740e+01	-9.427961785846296294e+00	5.472395326504101831e+01
-5.192787458340546003e+00	-6.281126344059545508e-01	-3.531345531732836207e+01	-1.844753760570003465e+01	-9.163500984881510547e+00	5.120796289846930449e+01
-5.196360026052605718e+00	-8.010539419856681498e-01	-3.393670770824161309e+01	-1.849268864346815988e+01	-8.915831741878944783e+00	4.800982029134502227e+01
-5.200779621977409839e+00	-9.672875449927468283e-01	-3.263015780719422310e+01	-1.853664092808819319e+01	-8.683279369839960182e+00	4.515793135179501405e+01
-5.206013653684758324e+00	-1.127185824123212665e+00	-3.140071966062350839e+01	-1.857946562780161059e+01	-8.464102243936791226e+00	4.265346118970319367e+01
-5.212031438980400111e+00	-1.281134858619549455e+00	-3.024774288410594636e+01	-1.862122526867189976e+01	-8.256594509178620811e+00	4.048263548502291087e+01
-5.218804195894097830e+00	-1.429505982980554979e+00	-2.916645449991358419e+01	-1.866197406494418232e+01	-8.059140364859002759e+00	3.862419424684367186e+01
-5.226304927708674164e+00	-1.572640936981019033e+00	-2.815007145821959966e+01	-1.870175844093306239e+01	-7.870239384669850402e+00	3.705380190443975152e+01
-5.234508256009707594e+00	-1.710845305407618477e+00	-2.719107134954981575e+01	-1.874061763374117362e+01	-7.688514903351831187e+00	3.574656706190671684e+01
-5.243390234554566653e+00	-1.844386836550650166e+00	-2.628193356803501501e+01	-1.877858431144956342e+01	-7.512713064079486358e+00	3.467839790765128782e+01
-5.252928162084610442e+00	-1.973496632278375795e+00	-2.541555679536577372e+01	-1.881568517372318894e+01	-7.341696863484886038e+00	3.382666921558757167e+01
-5.263100405764078005e+00	-2.098371855747231063e+00	-2.458548274180202498e+01	-1.885194151543927887e+01	-7.174438046675873260e+00	3.317049257589724220e+01
-5.273886240098472733e+00	-2.219179238243041308e+00	-2.378599699469236839e+01	-1.888736974811309466e+01	-7.010008267622366063e+00	3.269075013592100731e+01
-5.285265704433101952e+00	-2.336058902822706784e+00	-2.301216286986664272e+01	-1.892198187707361967e+01	-6.847570413145711576e+00	3.237001238842640305e+01
-5.297219479718034307e+00	-2.449128244116165032e+00	-2.225981406736536883e+01	-1.895578593672709644e+01	-6.686370507491731452e+00	3.219239625378259007e+01
-5.309728784458041417e+00	-2.558485714026138780e+00	-2.152552472529760053e+01	-1.898878638725684098e+01	-6.525730382395829920e+00	3.214340143020490359e+01
-5.322775289281096889e+00	-2.664214410000771860e+00	-2.080656952059098330e+01	-1.902098447662511305e+01	-6.365041202152228017e+00	3.220975023376922763e+01
-5.336341048619831717e+00	-2.766385478774215034e+00	-2.010087655185316180e+01	-1.905237857251161060e+01	-6.203757699879631993e+00	3.237923612883514579e+01
-5.350408449065771954e+00	-2.865061256568822490e+00	-1.940698241191330453e+01	-1.908296446689943338e+01	-6.041393174455910398e+00	3.264059801768917168e+01
-5.364960172730030230e+00	-2.960298180948226054e+00	-1.872398179721926681e+01	-1.911273565740682656e+01	-5.877515072360951720e+00	3.298340300570635009e+01
-5.379979174541571041e+00	-3.052149467871426047e+00	-1.805148161816578067e+01	-1.914168360789546242e+01	-5.711741071425740834e+00	3.339795803061406332e+01
-5.395448672357360032e+00	-3.140667558618581712e+00	-1.738955640202402719e+01	-1.916979799037326870e+01	-5.543735566764556921e+00	3.387524082167283268e+01
-5.411352148754395408e+00	-3.225906345254083263e+00	-1.673870484650410617e+01	-1.919706691028170908e+01	-5.373206460418923136e+00	3.440684796656387334e+01
-5.427673363382960581e+00	-3.307923182923376615e+00	-1.609980743201731457e+01	-1.922347711629241829e+01	-5.199902164374837987e+00	3.498495957396289668e+01
-5.444396374860244414e+00	-3.386780695893528481e+00	-1.547408602099267227e+01	-1.924901419548682568e+01	-5.023608739798702594e+00	3.560231954741948357e+01
-5.461505571204217091e+00	-3.462548384920272948e+00	-1.486306496587280890e+01	-1.927366275429823972e+01	-4.844147106322043150e+00	3.625222738009551904e+01
-5.478985707796890203e+00	-3.535304044158475545e+00	-1.426853362672704861e+01	-1.929740658573943435e+01	-4.661370252312714513e+00	3.692855008595051913e+01
-5.496821951872199463e+00	-3.605134995960014965e+00	-1.369251138288382208e+01	-1.932022882349208004e+01	-4.475160375446166405e+00	3.762572061104947352e+01
-5.514999933069592686e+00	-3.672139154991871379e+00	-1.313721327241205472e+01	-1.934211207847664227e+01	-4.285426013890473840e+00	3.833877811841102812e+01
-5.533505798367802875e+00	-3.736425928957064269e+00	-1.260502141986512470e+01	-1.936303856526919631e+01	-4.092098927747178649e+00	3.906337671882556606e+01
-5.552326271806238722e+00	-3.798116981305177831e+00	-1.209845401467964621e+01	-1.938299020793518324e+01	-3.895130971401626230e+00	3.979583889731634372e+01
-5.571448716928134814e+00	-3.857346850169744990e+00	-1.162014565160143320e+01	-1.940194873407149601e+01	-3.694490642548201365e+00	4.053317168213470723e+01
-5.590861202834166654e+00	-3.914263475010199667e+00	-1.117282102621175000e+01	-1.941989574738152058e+01	-3.490159577120104384e+00	4.127312805084920910e+01
-5.610552571764947594e+00	-3.969028609641779948e+00	-1.075928705851310951e+01	-1.943681278534690904e+01	-3.282128709222450702e+00	4.201422988127546887e+01
-5.630512509570336555e+00	-4.021818198289475177e+00	-1.038241321199416234e+01	-1.945268135471613746e+01	-3.070394318986352289e+00	4.275583173489462752e+01
-5.650731616847400218e+00	-4.072822683317549597e+00	-1.004513791890713037e+01	-1.946748294852641692e+01	-2.854953756843583879e+00	4.349815310047438288e+01
-5.671201482726463183e+00	-4.122247339222441020e+00	-9.750458305601114262e+00	-1.948119903977200806e+01	-2.635800994956915222e+00	4.424234067758266065e+01
-5.691914759222321152e+00	-4.170312602032584692e+00	-9.501453176698305469e+00	-1.949381105323077179e+01	-2.412921860459677159e+00	4.499051662677061358e+01
-5.712865238569391657e+00	-4.217254496270953723e+00	-9.301285320147144375e+00	-1.950530031202425718e+01	-2.186289025592225599e+00	4.574583713117885964e+01
-5.734047931740965609e+00	-4.263325139813620268e+00	-9.153243593676052114e+00	-1.951564795894926618e+01	-1.955856661559818743e+00	4.651256665831374448e+01
-5.755459151010159147e+00	-4.308793428660968594e+00	-9.060760759037293610e+00	-1.952483484982936091e+01	-1.721554757308442873e+00	4.729613386409937448e+01
-5.777096594983947675e+00	-4.353945894203110178e+00	-9.027477180696678261e+00	-1.953284141808227048e+01	-1.483283050690360927e+00	4.810324281421901560e+01
-5.798959440986183544e+00	-4.399087864716284102e+00	-9.057286347608624055e+00	-1.953964750661088701e+01	-1.240904444976838938e+00	4.894195134063613750e+01
-5.821048441065138412e+00	-4.444544887168757619e+00	-9.154403623953839997e+00	-1.954523216708188116e+01	-9.942379681069101194e-01	4.982178916075565667e+01
-5.843366027255160411e+00	-4.490664551993080345e+00	-9.323457878277622513e+00	-1.954957342198997239e+01	-7.430510760949671223e-01	5.075390767765441069e+01
-5.865916428293333595e+00	-4.537818792308440763e+00	-9.569581599275352346e+00	-1.955264798553367100e+01	-4.870511616734184424e-01	5.175122627427671773e+01
-5.888705797263416919e+00	-4.586406666486951167e+00	-9.898524762886609096e+00	-1.955443094102855994e+01	-2.258762664708818535e-01	5.282862880774895586e+01
-5.911742355254055781e+00	-4.636857751461823440e+00	-1.031678067699431267e+01	-1.955489536931363403e+01	4.091522992601773212e-02	5.400316896691745683e+01
-5.935036554059688996e+00	-4.689636209343870377e+00	-1.083172732794628246e+01	-1.955401192233884800e+01	3.138560702950738968e-01	5.529431437428712570e+01
-5.958601260201238148e+00	-4.745245559959172965e+00	-1.145177265268875999e+01	-1.955174833735141249e+01	5.935827653354107669e-01	5.672419268179828578e+01
-5.982451965262864491e+00	-4.804234222704561574e+00	-1.218650624212023104e+01	-1.954806888375972207e+01	8.808495542728695948e-01	5.831784121982241231e+01
-6.006607025463856608e+00	-4.867201726887188329e+00	-1.304683449630965697e+01	-1.954293373805114342e+01	1.176543401556486401e+00	6.010341868344937666e+01
-6.031087933795397760e+00	-4.934805554170994313e+00	-1.404503798538826231e+01	-1.953629828123416701e+01	1.481699912641191608e+00	6.211221962124068341e+01
-6.055919626696097957e+00	-5.007767979420922444e+00	-1.519477423002217620e+01	-1.952811231774655099e+01	1.797518628527634998e+00	6.437855248270352604e+01
-6.081130824228917930e+00	-5.086882488001148950e+00	-1.651082057698249628e+01	-1.951831922099534822e+01	2.125376646610330322e+00	6.693899100285534587e+01
-6.106754397775103094e+00	-5.173018044122428272e+00	-1.800845642358808618e+01	-1.950685502354335554e+01	2.466836409376765626e+00	6.983075205121349427e+01
-6.132827748859963179e+00	-5.267118725309297034e+00	-1.970215299221445093e+01	-1.949364749457220469e+01	2.823641663356807996e+00	7.308840706537171172e+01
-6.159393165574541307e+00	-5.370194122659836644e+00	-2.160306945155616631e+01	-1.947861528873061943e+01	3.197690524428843162e+00	7.673772415751091103e+01
-6.186498092525620329e+00	-5.483292623658232223e+00	-2.371451054607678088e+01	-1.946166732384440223e+01	3.590966711024725200e+00	8.078461501818424040e+01
-6.214195198315765722e+00	-5.607444247903861978e+00	-2.602397018632700565e+01	-1.944270266966325522e+01	4.005396945786480423e+00	8.519588766697961546e+01
-6.242542037825405288e+00	-5.743551108440398956e+00	-2.848967166300008103e+01	-1.942161143795740941e+01	4.442581903961944079e+00	8.986679342262277714e+01
-6.271599968342616016e+00	-5.892190894202188112e+00	-3.101857744320295751e+01	-1.939827749599109552e+01	4.903317680221780606e+00	9.456810745976326871e+01
-6.301431762747286669e+00	-6.053282068520281278e+00	-3.343244511885541215e+01	-1.937258434323099365e+01	5.386784692204349412e+00	9.886453668542253581e+01
-6.332097070023484875e+00	-6.225545017871181308e+00	-3.542014340126661409e+01	-1.934442619369806593e+01	5.889246351634729315e+00	1.020002134000092155e+02
-6.363644543356782535e+00	-6.405699973092958466e+00	-3.648249688773285015e+01	-1.931372709666715082e+01	6.402116113297505073e+00	1.027664908012598062e+02
-6.396099308163906372e+00	-6.587420293653727832e+00	-3.589749931232108793e+01	-1.928047127691782592e+01	6.909439762998881740e+00	9.941937845802794982e+01
-6.429445036818535186e+00	-6.760292065826932983e+00	-3.277431936179482364e+01	-1.924474642891803811e+01	7.385401701093171845e+00	8.981208001650520600e+01
-6.463602183295514614e+00	-6.909479063887627781e+00	-2.630070292636764862e+01	-1.920679616030874826e+01	7.793547660109100050e+00	7.199562081633575872e+01
-6.498408670844629142e+00	-7.017247645933884392e+00	-1.623327258018889552e+01	-1.916706630805852285e+01	8.090517790764373274e+00	4.540711939032462396e+01
-6.533614877339589455e+00	-7.067201110913154949e+00	-3.420100736598669755e+00	-1.912621642127740174e+01	8.236343369903593725e+00	1.213508424661540630e+01
-6.568904916183821996e+00	-7.050161528656317955e+00	1.016359667314191029e+01	-1.908506736318854280e+01	8.208726991238405546e+00	-2.299663665776461130e+01
-6.603944399503171248e+00	-6.968207362765647339e+00	2.218154389288292805e+01	-1.904448464346307190e+01	8.012836979951924121e+00	-5.428935082397083534e+01
-6.638436594192732798e+00	-6.833736214274377829e+00	3.100223245320103160e+01	-1.900524141531336042e+01	7.679024697303521663e+00	-7.775653742306985805e+01
-6.672162158290150913e+00	-6.664314439287635672e+00	3.619980660764304048e+01	-1.896792136661196793e+01	7.250314707199497555e+00	-9.234022896800297531e+01
-6.704990342665283265e+00	-6.477058574334696672e+00	3.828612350980029078e+01	-1.893289092757807524e+01	6.768752287757286545e+00	-9.926247552807171814e+01
-6.736867339140967026e+00	-6.285345876229215811e+00	3.815007991811580723e+01	-1.890032704869942393e+01	6.267394191408157234e+00	-1.006663878287122316e+02
-6.767794896572763008e+00	-6.098077647636064746e+00	3.664378340311714055e+01	-1.887026874530240406e+01	5.768488617586578826e+00	-9.861239015498313165e+01
-6.797809368925315177e+00	-5.920381185196713858e+00	3.441355341150529057e+01	-1.884266775560840657e+01	5.285147319295742996e+00	-9.466726489247957943e+01
-6.826965596438780537e+00	-5.754713592386368148e+00	3.188781841359468672e+01	-1.881742761217020643e+01	4.823999356608434042e+00	-8.987318158897187459e+01
-6.855326119920294836e+00	-5.601842357986332566e+00	2.932486400298921581e+01	-1.879442987480138427e+01	4.387554236029549415e+00	-8.486189260177934557e+01
-6.882954630526857187e+00	-5.461555420128038740e+00	2.686759933242501575e+01	-1.877355014743203654e+01	3.975916274285422158e+00	-7.998627493104413588e+01
-6.909912316813106692e+00	-5.333123364928815668e+00	2.458679665327599650e+01	-1.875466709260774323e+01	3.587903195866748884e+00	-7.542432332189446242e+01
-6.936256044034319501e+00	-5.215579779393970661e+00	2.251078119137218891e+01	-1.873766700473079894e+01	3.221727174845467445e+00	-7.125063019086564964e+01
-6.962037611699905426e+00	-5.107882615455821451e+00	2.064410368668131923e+01	-1.872244575733654770e+01	2.875389224287460799e+00	-6.748140650052164347e+01
-6.987303618464029142e+00	-5.009002014872868003e+00	1.897887079144675226e+01	-1.870890925970155294e+01	2.546896102429079711e+00	-6.410186418700573086e+01
-7.012095647109995333e+00	-4.917964461643898666e+00	1.750129521884309725e+01	-1.869697311693126096e+01	2.234371499481599965e+00	-6.108211005841189944e+01
-7.036450601398000160e+00	-4.833871968251336249e+00	1.619541134799283100e+01	-1.868656190159335750e+01	1.936106475328485343e+00	-5.838622218284490373e+01
-7.060401100705546718e+00	-4.755907377691741544e+00	1.504507727067493761e+01	-1.867760826664114759e+01	1.650575815730331852e+00	-5.597719998374657280e+01
-7.083975880979900275e+00	-4.683332346998438922e+00	1.403500260947521383e+01	-1.867005202679580478e+01	1.376436132160868020e+00	-5.381956293251516854e+01
-7.107200175479511550e+00	-4.615481795133661080e+00	1.315119590638232694e+01	-1.866383927535411758e+01	1.112514848680974611e+00	-5.188054390685408634e+01
-7.130096063645432025e+00	-4.551756929848271405e+00	1.238111634177812448e+01	-1.865892156737814034e+01	8.577952091950717950e-01	-5.013056155740849817e+01
-7.152682784112273318e+00	-4.491618005920326340e+00	1.171365181032797409e+01	-1.865525518154815998e+01	6.114001253411955883e-01	-4.854326576190436526e+01
-7.174977012210814742e+00	-4.434577416955062468e+00	1.113901741644667709e+01	-1.865280046228248523e+01	3.725763590253264312e-01	-4.709538264614815262e+01
-7.196993104397621188e+00	-4.380193403407280250e+00	1.064861702860298465e+01	-1.865152123850246468e+01	1.406797625908111360e-01	-4.576646248678701312e+01
-7.218743313083283653e+00	-4.328064471598773721e+00	1.023489890889823073e+01	-1.865138431269374308e+01	-8.483815558349036556e-02	-4.453860558761973465e+01
-7.240237975337253218e+00	-4.277824544177342148e+00	9.891211284166729456e+00	-1.865235901373961980e+01	-3.044422522807416764e-01	-4.339618056334782636e+01
-7.261485679150779582e+00	-4.229138794058338924e+00	9.611671973286320281e+00	-1.865441680631744248e+01	-5.185244378059846726e-01	-4.232556947793526092e+01
-7.282493410439679238e+00	-4.181700100725754154e+00	9.391050752391947753e+00	-1.865753095063852385e+01	-7.274131427371417491e-01	-4.131493663547178130e+01
-7.303266683767444256e+00	-4.135226056954827811e+00	9.224666338338920468e+00	-1.866167620669520488e+01	-9.313817027005432125e-01	-4.035402578145721009e+01
-7.323809659333236688e+00	-4.089456455488374331e+00	9.108297102364986131e+00	-1.866682857798114981e+01	-1.130655796164560245e+00	-3.943398349268545644e+01
-7.344125248378941428e+00	-4.044151189994488860e+00	9.038104702562577586e+00	-1.867296509043407937e+01	-1.325420059355475910e+00	-3.854720680791263021e+01
-7.364215209403808693e+00	-3.999088501356448333e+00	9.010570478241106684e+00	-1.868006360187691328e+01	-1.515824009994621635e+00	-3.768721467778493661e+01
-7.384080235581550689e+00	-3.954063534161575522e+00	9.022438652277514848e+00	-1.868810264098380003e+01	-1.701987328692022849e+00	-3.684852864612253143e+01
-7.403720036834146256e+00	-3.908887117807750666e+00	9.070674374652298866e+00	-1.869706126902789833e+01	-1.884004670839279472e+00	-3.602658256899167100e+01
-7.423133414638821037e+00	-3.863384787659522868e+00	9.152424118941553388e+00	-1.870691896758760819e+01	-2.061949934274713847e+00	-3.521763061901754099e+01
-7.442318334335600305e+00	-3.817395930070944132e+00	9.264985323178734689e+00	-1.871765554306577073e+01	-2.235880231043916311e+00	-3.441867115681020550e+01
-7.461271991685398675e+00	-3.770773104132035147e+00	9.405787820255227416e+00	-1.872925105328876327e+01	-2.405839398924962236e+00	-3.362739164319145857e+01
-7.479990877767216162e+00	-3.723381431275920139e+00	9.572366540754501330e+00	-1.874168574839521639e+01	-2.571861284770257328e+00	-3.284208724505424470e+01
-7.498470840091002287e+00	-3.675098088017496600e+00	9.762358976900713969e+00	-1.875494002898710377e+01	-2.733972680452258608e+00	-3.206163095158831311e+01
-7.516707141708562467e+00	-3.625811846063262234e+00	9.973485060919074385e+00	-1.876899441757020526e+01	-2.892196021953242990e+00	-3.128539901820636260e+01
-7.534694518228587157e+00	-3.575422646438405572e+00	1.020355024037644398e+01	-1.878382954288057149e+01	-3.046551847374402655e+00	-3.051324316133968750e+01
-7.552427232317982408e+00	-3.523841208060508379e+00	1.045043659487578225e+01	-1.879942613634453963e+01	-3.197061005989598748e+00	-2.974543348489487471e+01
-7.569899126910616616e+00	-3.470988624085507457e+00	1.071210569312643202e+01	-1.881576503837839809e+01	-3.343746685636086458e+00	-2.898262393125219205e+01
-7.587103675699180982e+00	-3.416795974963814153e+00	1.098660062205090071e+01	-1.883282721502179768e+01	-3.486636204931059968e+00	-2.822581130215030498e+01
-7.604034032212846128e+00	-3.361203909937588552e+00	1.127204638190960395e+01	-1.885059378248490702e+01	-3.625762641795689412e+00	-2.747629584079732012e+01
-7.620683076523359745e+00	-3.304162212969674162e+00	1.156666341686673150e+01	-1.886904603958939930e+01	-3.761166268068014240e+00	-2.673565285484869491e+01
-7.637043459896467823e+00	-3.245629335024459827e+00	1.186875983383424682e+01	-1.888816550680000717e+01	-3.892895823306552927e+00	-2.600568938499668548e+01
-7.653107646337487857e+00	-3.185571916682857996e+00	1.217675353241111225e+01	-1.890793397188160085e+01	-4.021009607055123780e+00	-2.528842264360741865e+01
-7.668867952750953343e+00	-3.123964235211802443e+00	1.248916718696796124e+01	-1.892833353952364206e+01	-4.145576455225929102e+00	-2.458604792769756386e+01
-7.684316585345984940e+00	-3.060787654524287138e+00	1.280464556721085501e+01	-1.894934668655068677e+01	-4.266676561197212614e+00	-2.390091254617846062e+01
-7.699445673824487635e+00	-2.996029999743067940e+00	1.312195505669933482e+01	-1.897095631992736742e+01	-4.384402178829825303e+00	-2.323549439728367361e+01
-7.714247301724783235e+00	-2.929684931772629231e+00	1.343999759151301987e+01	-1.899314583924209643e+01	-4.498858221030809013e+00	-2.259237933380200047e+01
-7.728713534127232165e+00	-2.861751246276548422e+00	1.375781370580921248e+01	-1.901589920044453663e+01	-4.610162756646045246e+00	-2.197424767644997701e+01
-7.742836441454185703e+00	-2.792232171755283598e+00	1.407459202362360884e+01	-1.903920098352570633e+01	-4.718447449556679274e+00	-2.138385754651062598e+01
-7.756608119753189534e+00	-2.721134603802506824e+00	1.438967461985794216e+01	-1.906303646044331757e+01	-4.823857914175162520e+00	-2.082403718788236802e+01
-7.770020707081244815e+00	-2.648468333159157417e+00	1.470256327462902846e+01	-1.908739166664242859e+01	-4.926554058999858654e+00	-2.029767773549974663e+01
-7.783066395884650213e+00	-2.574245223374750147e+00	1.501292589142644829e+01	-1.911225347213567716e+01	-5.026710380826861169e+00	-1.980773128958617235e+01
-7.795737441387995403e+00	-2.498478376221134223e+00	1.532060073223351537e+01	-1.913760965635711742e+01	-5.124516287722080676e+00	-1.935721376290985063e+01
-7.808026165486796621e+00	-2.421181261341764035e+00	1.562560259422798481e+01	-1.916344898220464188e+01	-5.220176414687442090e+00	-1.894920945464173201e+01
-7.819924956499196611e+00	-2.342366826464354457e+00	1.592812660378785949e+01	-1.918976127427895051e+01	-5.313911007436847633e+00	-1.858688410630156795e+01
-7.831426264171484242e+00	-2.262046583578557701e+00	1.622855357945468313e+01	-1.921653749676484324e+01	-5.405956348554722624e+00	-1.827349780645909050e+01
-7.842522590316308495e+00	-2.180229668137490862e+00	1.652745418175663872e+01	-1.924376983653487372e+01	-5.496565292078915199e+00	-1.801242648722291051e+01
-7.853206474336182907e+00	-2.096921887440968746e+00	1.682559146694120500e+01	-1.927145178442793139e+01	-5.586007877860941662e+00	-1.780718084484715291e+01
-7.863470474237034047e+00	-2.012124734208487808e+00	1.712393161912757478e+01	-1.929957822457478400e+01	-5.674572103677930635e+00	-1.766144708068713953e+01
-7.873307142812238979e+00	-1.925834373128560761e+00	1.742364036149433559e+01	-1.932814552945594855e+01	-5.762564861674575489e+00	-1.757910658644277646e+01
-7.882708998158725500e+00	-1.838040632225617754e+00	1.772609149587253796e+01	-1.935715165037397512e+01	-5.850313005851853099e+00	-1.756427815690722127e+01
-7.891668489550505150e+00	-1.748725938963373805e+00	1.803287362213313827e+01	-1.938659622664800608e+01	-5.938164634870990000e+00	-1.762135681228528483e+01
-7.900177957771917114e+00	-1.657864255176712875e+00	1.834578885453174735e+01	-1.941648069210906868e+01	-6.026490595733562827e+00	-1.775506312490597338e+01
-7.908229590147432653e+00	-1.565420002898993967e+00	1.866685161093198531e+01	-1.944680839131286021e+01	-6.115686177034297621e+00	-1.797045983393445567e+01
-7.915815370376342308e+00	-1.471347006399882362e+00	1.899829595865719511e+01	-1.947758471167548322e+01	-6.206172917799719357e+00	-1.827302033631622180e+01
-7.922927022337333369e+00	-1.375587364994962591e+00	1.934257506550727612e+01	-1.950881721429380633e+01	-6.298400871374651544e+00	-1.866867597540476709e+01
-7.929555949601219567e+00	-1.278070509911514607e+00	1.970230104649942859e+01	-1.954051578343228357e+01	-6.392850640269960749e+00	-1.916372112302224195e+01
-7.935693169869826313e+00	-1.178712350977604517e+00	2.008027410442548444e+01	-1.957269278754319686e+01	-6.490035470456279931e+00	-1.976493957764796505e+01
-7.941329245470556408e+00	-1.077414538663136412e+00	2.047939195998355899e+01	-1.960536324446461975e+01	-6.590503409084402797e+00	-2.047946744283490261e+01
-7.946454210429612530e+00	-9.740640040518093734e-01	2.090263170387447644e+01	-1.963854499883227689e+01	-6.694839137789831085e+00	-2.131480501982514397e+01
-7.951057497098068083e+00	-8.685331385268370008e-01	2.135279112329362761e+01	-1.967225890994525273e+01	-6.803664658134676024e+00	-2.227830082948958079e+01
-7.955127867288398491e+00	-7.606809707879166327e-01	2.183241218086959634e+01	-1.970652903708690928e+01	-6.917638086450216939e+00	-2.337706007102451622e+01
-7.958653348094736124e+00	-6.503549463219510107e-01	2.234350194311957694e+01	-1.974138281110687387e+01	-7.037451523934686648e+00	-2.461739255817337835e+01
-7.961621183381995870e+00	-5.373951375801367947e-01	2.288689758552715148e+01	-1.977685119225762378e+01	-7.163823705175119905e+00	-2.600342015357728087e+01
-7.964017814013837793e+00	-4.216411623555799126e-01	2.346183926981569812e+01	-1.981296877261105394e+01	-7.297486891288937016e+00	-2.753621627972324859e+01
-7.965828899335382296e+00	-3.029426832138033543e-01	2.406480761103796340e+01	-1.984977379267686715e+01	-7.439165992771363811e+00	-2.921117581117277950e+01
-7.967039406026769299e+00	-1.811764035166012199e-01	2.468823562708409725e+01	-1.988730802789864072e+01	-7.589542989330447575e+00	-3.101513135255345333e+01
-7.967633802507302576e+00	-5.627099945613740772e-02	2.531843150705532253e+01	-1.992561644547945576e+01	-7.749203337341596942e+00	-3.292155725530165000e+01
-7.967596404826330136e+00	7.175588731012377819e-02	2.593291067108897963e+01	-1.996474653320140291e+01	-7.918554390576327151e+00	-3.488436630321348275e+01
-7.966911945150664032e+00	2.027448424879860212e-01	2.649664862367482954e+01	-2.000474713164171803e+01	-8.097706724901037489e+00	-3.682904854866183086e+01
-7.965566454647802885e+00	3.363210039021136133e-01	2.695749211367194675e+01	-2.004566655374175710e+01	-8.286305823769831491e+00	-3.864168660143059242e+01
-7.963548575025146015e+00	4.717952470685409239e-01	2.724079534139980296e+01	-2.008754971742973439e+01	-8.483303044699427531e+00	-4.015587869218052219e+01
-7.960851431847925319e+00	6.080386662298720157e-01	2.724432293390697168e+01	-2.013043396670276408e+01	-8.686660622394406062e+00	-4.113993178076179902e+01
-7.957475190296902312e+00	7.433362046383841237e-01	2.683557521148884462e+01	-2.017434327689158380e+01	-8.893002413601861278e+00	-4.128927092719732173e+01
-7.953430357405812501e+00	8.752403423472183697e-01	2.585531562298655217e+01	-2.021928066050764272e+01	-9.097257074170304492e+00	-4.023298715114924562e+01
-7.948741725451068163e+00	1.000469569052030661e+00	2.413305768230679860e+01	-2.026521897862914301e+01	-9.292396868005008415e+00	-3.756816439314479794e+01
-7.943452562894155911e+00	1.114925409000199208e+00	2.151990396684175266e+01	-2.031209103186625597e+01	-9.469444948647041116e+00	-3.293516379839456931e+01
-7.937628233894825414e+00	1.213920975893038490e+00	1.793958908239937955e+01	-2.035978080946395252e+01	-9.617971990648497282e+00	-2.613651038076659461e+01
-7.931357986037821384e+00	1.292689876473779975e+00	1.344628349279889790e+01	-2.040811883350636080e+01	-9.727249813412031543e+00	-1.727312574253119237e+01
-7.924753522818420493e+00	1.347149641711912427e+00	8.262782008604631301e+00	-2.045688485904086562e+01	-9.788009060241982695e+00	-6.836006949984948733e+00
-7.917943467256867152e+00	1.374739477699919776e+00	2.767218514466208035e+00	-2.050582007733446233e+01	-9.794383918760095398e+00	4.322137530995860288e+00
-7.911064075220424208e+00	1.375030514499518519e+00	-2.583639471230640083e+00	-2.055464804909725984e+01	-9.745336889705574990e+00	1.516425975647143787e+01
